年月日,開盤價(元),最高價(元),最低價(元),收盤價(元),成交量(千股),成交值(千元),報酬率％,週轉率％,成交筆數(筆),外資買賣超(千股),投信買賣超(千股),自營買賣超(千股),合計買賣超(千股),融資餘額(張),融資買進(張),融資賣出(張),融券買進(張),融券餘額(張),融券賣出(張),本益比-TSE,股價淨值比-TSE,股利殖利率-TSE
2011/09/29,14.25,14.25,13.7,13.7,4006.0,55599.0,-6.8027,13.3533,1505.0,345.0,0.0,0.0,345.0,,,,,,,0.0,,
2011/09/30,13.7,14.0,13.3,14.0,1931.0,26275.0,2.1898,6.4367,379.0,70.0,0.0,0.0,70.0,,,,,,,0.0,,
2011/10/03,14.65,14.65,13.8,13.8,374.0,5236.0,-1.4286,1.2467,78.0,0.0,0.0,0.0,0.0,,,,,,,0.0,,
2011/10/04,13.8,13.8,13.65,13.8,235.0,3233.0,0.0,0.7833,45.0,0.0,0.0,0.0,0.0,,,,,,,0.0,,
2011/10/05,13.8,13.85,13.35,13.4,569.0,7720.0,-2.8986,1.8967,101.0,0.0,0.0,-5.0,-5.0,,,,,,,0.0,,
2011/10/06,13.4,13.5,13.25,13.3,240.0,3204.0,-0.7463,0.8,80.0,0.0,0.0,0.0,0.0,,,,,,,0.0,,
2011/10/07,13.6,13.6,13.2,13.3,327.0,4349.0,0.0,1.09,88.0,0.0,0.0,0.0,0.0,,,,,,,0.0,,
2011/10/11,13.5,13.5,13.15,13.3,275.0,3645.0,0.0,0.9167,80.0,0.0,0.0,0.0,0.0,,,,,,,0.0,,
2011/10/12,13.95,13.95,13.45,13.5,223.0,3068.0,1.5038,0.7433,71.0,0.0,0.0,0.0,0.0,,,,,,,0.0,,
2011/10/13,13.5,13.5,13.25,13.3,70.0,934.0,-1.4815,0.2333,25.0,0.0,0.0,0.0,0.0,,,,,,,0.0,,
2011/10/14,13.3,13.5,13.2,13.4,244.0,3252.0,0.7519,0.8133,85.0,0.0,0.0,0.0,0.0,,,,,,,0.0,,
2011/10/17,13.6,13.8,13.45,13.5,128.0,1735.0,0.7463,0.4267,56.0,0.0,0.0,0.0,0.0,,,,,,,0.0,,
2011/10/18,13.3,13.35,13.25,13.3,50.0,665.0,-1.4815,0.1667,34.0,0.0,0.0,0.0,0.0,,,,,,,0.0,,
2011/10/19,13.3,13.3,13.0,13.0,106.0,1394.0,-2.2556,0.3533,37.0,0.0,0.0,0.0,0.0,,,,,,,0.0,,
2011/10/20,13.05,13.05,12.9,13.0,56.0,728.0,0.0,0.1867,28.0,0.0,0.0,0.0,0.0,,,,,,,0.0,,
2011/10/21,13.0,13.5,12.9,13.5,96.0,1250.0,3.8462,0.32,32.0,0.0,0.0,0.0,0.0,,,,,,,0.0,,
2011/10/24,13.5,13.65,13.25,13.25,99.0,1330.0,-1.8519,0.33,28.0,0.0,0.0,0.0,0.0,,,,,,,0.0,,
2011/10/25,13.3,13.3,13.2,13.2,34.0,450.0,-0.3774,0.1133,25.0,0.0,0.0,0.0,0.0,,,,,,,0.0,,
2011/10/26,13.2,13.7,13.1,13.7,160.0,2146.0,3.7879,0.5333,56.0,0.0,0.0,0.0,0.0,,,,,,,0.0,,
2011/10/27,14.5,14.5,13.7,14.1,169.0,2405.0,2.9197,0.5633,45.0,0.0,0.0,0.0,0.0,,,,,,,0.0,,
2011/10/28,14.1,14.1,13.8,13.8,189.0,2660.0,-2.1277,0.63,19.0,0.0,0.0,0.0,0.0,,,,,,,0.0,,
2011/10/31,13.8,13.85,13.7,13.75,34.0,469.0,-0.3623,0.1147,13.0,0.0,0.0,0.0,0.0,,,,,,,0.0,,
2011/11/01,13.7,13.7,13.5,13.5,39.0,531.0,-1.8182,0.1316,21.0,0.0,0.0,0.0,0.0,,,,,,,0.0,,
2011/11/02,13.5,13.6,13.45,13.6,27.0,365.0,0.7407,0.0911,17.0,0.0,0.0,0.0,0.0,,,,,,,0.0,,
2011/11/03,13.6,13.6,13.3,13.5,77.0,1035.0,-0.7353,0.2597,17.0,0.0,0.0,0.0,0.0,,,,,,,0.0,,
2011/11/04,13.5,13.6,13.45,13.5,16.0,215.0,0.0,0.054,13.0,0.0,0.0,0.0,0.0,,,,,,,0.0,,
2011/11/07,13.5,13.6,13.4,13.4,13.0,175.0,-0.7407,0.0439,7.0,0.0,0.0,0.0,0.0,,,,,,,0.0,,
2011/11/08,13.4,13.5,13.3,13.35,24.0,321.0,-0.3731,0.081,11.0,0.0,0.0,0.0,0.0,,,,,,,0.0,,
2011/11/09,13.35,13.35,13.25,13.25,46.0,612.0,-0.7491,0.1552,30.0,0.0,0.0,0.0,0.0,,,,,,,0.0,,
2011/11/10,13.25,14.15,13.25,14.0,105.0,1435.0,5.6604,0.3542,54.0,0.0,0.0,0.0,0.0,,,,,,,0.0,,
2011/11/11,14.55,14.55,13.9,14.25,184.0,2645.0,1.7857,0.6207,44.0,0.0,0.0,0.0,0.0,,,,,,,0.0,,
2011/11/14,14.0,14.0,13.7,13.7,44.0,609.0,-3.8596,0.1484,17.0,0.0,0.0,0.0,0.0,,,,,,,0.0,,
2011/11/15,13.6,13.6,13.4,13.4,25.0,338.0,-2.1898,0.0843,9.0,0.0,0.0,0.0,0.0,,,,,,,0.0,,
2011/11/16,13.45,13.45,13.45,13.45,3.0,40.0,0.3731,0.0101,3.0,0.0,0.0,0.0,0.0,,,,,,,0.0,,
2011/11/17,13.45,13.45,13.45,13.45,10.0,134.0,0.0,0.0337,5.0,0.0,0.0,0.0,0.0,,,,,,,0.0,,
2011/11/18,13.4,13.4,13.25,13.25,51.0,680.0,-1.487,0.172,12.0,0.0,0.0,0.0,0.0,,,,,,,0.0,,
2011/11/21,13.2,13.2,13.2,13.2,10.0,132.0,-0.3774,0.0337,3.0,0.0,0.0,0.0,0.0,,,,,,,0.0,,
2011/11/22,13.5,13.5,13.25,13.25,20.0,265.0,0.3788,0.0675,10.0,0.0,0.0,0.0,0.0,,,,,,,0.0,,
2011/11/23,13.2,13.2,12.9,13.2,53.0,694.0,-0.3774,0.1788,11.0,0.0,0.0,0.0,0.0,,,,,,,0.0,,
2011/11/24,13.0,13.1,12.9,13.1,37.0,478.0,-0.7576,0.1248,12.0,0.0,0.0,0.0,0.0,,,,,,,0.0,,
2011/11/25,13.1,13.3,12.9,13.3,5.0,65.0,1.5267,0.0169,5.0,0.0,0.0,0.0,0.0,,,,,,,0.0,,
2011/11/28,12.9,13.5,12.8,13.5,72.0,934.0,1.5038,0.2429,19.0,0.0,0.0,0.0,0.0,,,,,,,0.0,,
2011/11/29,13.5,13.5,13.4,13.4,59.0,794.0,-0.7407,0.199,11.0,0.0,0.0,0.0,0.0,,,,,,,0.0,,
2011/11/30,13.3,13.45,13.2,13.45,14.0,186.0,0.3731,0.0472,4.0,0.0,0.0,0.0,0.0,,,,,,,0.0,,
2011/12/01,13.3,13.4,13.3,13.3,7.0,93.0,-1.1152,0.0236,7.0,0.0,0.0,0.0,0.0,,,,,,,0.0,,
2011/12/02,13.3,13.3,13.25,13.3,6.0,79.0,0.0,0.0202,6.0,0.0,0.0,0.0,0.0,,,,,,,0.0,,
2011/12/05,13.2,13.2,13.2,13.2,1.0,13.0,-0.7519,0.0034,1.0,0.0,0.0,0.0,0.0,,,,,,,0.0,,
2011/12/06,13.2,13.2,13.2,13.2,11.0,145.0,0.0,0.0371,2.0,0.0,0.0,0.0,0.0,,,,,,,0.0,,
2011/12/07,13.2,13.3,13.2,13.3,11.0,145.0,0.7576,0.0371,2.0,0.0,0.0,0.0,0.0,,,,,,,0.0,,
2011/12/08,13.2,13.2,13.0,13.0,34.0,443.0,-2.2556,0.1147,13.0,0.0,0.0,0.0,0.0,,,,,,,0.0,,
2011/12/09,13.0,13.2,13.0,13.0,53.0,689.0,0.0,0.1788,10.0,0.0,0.0,0.0,0.0,,,,,,,0.0,,
2011/12/12,12.95,13.0,12.9,12.9,35.0,452.0,-0.7692,0.1181,10.0,0.0,0.0,0.0,0.0,,,,,,,0.0,,
2011/12/13,12.9,13.4,12.7,13.4,61.0,795.0,3.876,0.2058,28.0,0.0,0.0,0.0,0.0,,,,,,,0.0,,
2011/12/14,13.4,13.4,12.9,13.0,94.0,1239.0,-2.9851,0.3171,15.0,0.0,0.0,0.0,0.0,,,,,,,0.0,,
2011/12/15,12.9,12.9,12.8,12.8,14.0,180.0,-1.5385,0.0472,6.0,0.0,0.0,0.0,0.0,,,,,,,0.0,,
2011/12/16,12.8,12.8,12.8,12.8,11.0,140.0,0.0,0.0371,2.0,0.0,0.0,0.0,0.0,,,,,,,0.0,,
2011/12/19,12.7,12.85,12.7,12.85,6.0,76.0,0.3906,0.0202,6.0,0.0,0.0,0.0,0.0,,,,,,,0.0,,
2011/12/20,12.95,13.0,12.7,12.8,5.0,64.0,-0.3891,0.0169,5.0,0.0,0.0,0.0,0.0,,,,,,,0.0,,
2011/12/21,12.8,12.9,12.8,12.9,12.0,154.0,0.7813,0.0405,9.0,0.0,0.0,0.0,0.0,,,,,,,0.0,,
2011/12/22,12.9,12.9,12.8,12.8,12.0,153.0,-0.7752,0.0405,5.0,0.0,0.0,0.0,0.0,,,,,,,0.0,,
2011/12/23,12.8,12.9,12.75,12.8,52.0,664.0,0.0,0.1754,17.0,0.0,0.0,0.0,0.0,,,,,,,0.0,,
2011/12/26,13.0,13.0,12.75,12.75,9.0,115.0,-0.3906,0.0304,7.0,0.0,0.0,0.0,0.0,,,,,,,0.0,,
2011/12/27,12.75,12.75,12.7,12.7,19.0,241.0,-0.3922,0.0641,6.0,0.0,0.0,0.0,0.0,,,,,,,0.0,,
2011/12/28,12.7,12.7,12.7,12.7,13.0,166.0,0.0,0.0439,5.0,0.0,0.0,0.0,0.0,,,,,,,0.0,,
2011/12/29,12.7,12.85,12.7,12.85,101.0,1292.0,1.1811,0.3407,30.0,0.0,0.0,0.0,0.0,,,,,,,0.0,,
2011/12/30,12.85,13.3,12.7,13.15,271.0,3529.0,2.3346,0.9149,59.0,0.0,0.0,0.0,0.0,,,,,,,0.0,,
2012/01/02,13.0,13.0,12.8,12.8,21.0,269.0,-2.6616,0.0709,10.0,0.0,0.0,0.0,0.0,,,,,,,0.0,,
2012/01/03,12.75,12.75,12.75,12.75,1.0,12.0,-0.3906,0.0034,1.0,0.0,0.0,0.0,0.0,,,,,,,0.0,,
2012/01/04,12.7,12.7,12.7,12.7,1.0,12.0,-0.3922,0.0034,1.0,0.0,0.0,0.0,0.0,,,,,,,0.0,,
2012/01/05,12.7,12.7,12.7,12.7,4.0,50.0,0.0,0.0135,2.0,0.0,0.0,0.0,0.0,,,,,,,0.0,,
2012/01/06,12.7,12.7,12.7,12.7,2.0,25.0,0.0,0.0068,2.0,0.0,0.0,0.0,0.0,,,,,,,0.0,,
2012/01/09,12.7,12.7,12.7,12.7,10.0,127.0,0.0,0.0338,2.0,0.0,0.0,0.0,0.0,,,,,,,0.0,,
2012/01/10,12.8,12.8,12.75,12.75,3.0,38.0,0.3937,0.0101,2.0,0.0,0.0,0.0,0.0,,,,,,,0.0,,
2012/01/11,12.75,12.9,12.75,12.9,2.0,25.0,1.1765,0.0068,2.0,0.0,0.0,0.0,0.0,,,,,,,0.0,,
2012/01/12,12.9,12.9,12.9,12.9,0.0,0.0,0.0,0.0,0.0,0.0,0.0,0.0,0.0,,,,,,,0.0,,
2012/01/13,12.8,12.8,12.7,12.7,40.0,511.0,-1.5504,0.135,4.0,0.0,0.0,0.0,0.0,,,,,,,0.0,,
2012/01/16,12.7,12.7,12.7,12.7,7.0,90.0,0.0,0.0236,4.0,0.0,0.0,0.0,0.0,,,,,,,0.0,,
2012/01/17,12.65,12.7,12.5,12.7,62.0,783.0,0.0,0.2093,13.0,0.0,0.0,0.0,0.0,,,,,,,0.0,,
2012/01/18,12.95,13.2,12.75,12.9,75.0,981.0,1.5748,0.2532,17.0,0.0,0.0,0.0,0.0,,,,,,,0.0,,
2012/01/30,13.0,13.0,12.75,13.0,3.0,38.0,0.7752,0.0101,3.0,0.0,0.0,0.0,0.0,,,,,,,0.0,,
2012/01/31,12.8,13.2,12.8,13.2,106.0,1374.0,1.5385,0.3582,36.0,0.0,0.0,0.0,0.0,,,,,,,0.0,,
2012/02/01,13.0,13.0,12.85,12.85,10.0,129.0,-2.6515,0.0338,7.0,0.0,0.0,0.0,0.0,,,,,,,0.0,,
2012/02/02,12.85,12.95,12.85,12.85,37.0,476.0,0.0,0.125,18.0,0.0,0.0,0.0,0.0,,,,,,,0.0,,
2012/02/03,12.9,12.9,12.85,12.85,14.0,180.0,0.0,0.0473,8.0,0.0,0.0,0.0,0.0,,,,,,,0.0,,
2012/02/04,12.85,12.9,12.85,12.85,19.0,244.0,0.0,0.0642,9.0,0.0,0.0,0.0,0.0,,,,,,,0.0,,
2012/02/06,12.85,12.9,12.8,12.85,11.0,142.0,0.0,0.0372,7.0,0.0,0.0,0.0,0.0,,,,,,,0.0,,
2012/02/07,12.9,12.9,12.85,12.85,19.0,244.0,0.0,0.0642,10.0,0.0,0.0,0.0,0.0,,,,,,,0.0,,
2012/02/08,12.9,12.9,12.85,12.85,31.0,399.0,0.0,0.1048,20.0,0.0,0.0,0.0,0.0,,,,,,,0.0,,
2012/02/09,12.85,12.9,12.85,12.9,18.0,231.0,0.3891,0.0608,17.0,0.0,0.0,0.0,0.0,,,,,,,0.0,,
2012/02/10,12.9,12.9,12.85,12.9,18.0,241.0,0.0,0.0608,15.0,0.0,0.0,0.0,0.0,,,,,,,0.0,,
2012/02/13,12.9,12.95,12.9,12.9,24.0,309.0,0.0,0.0811,15.0,0.0,0.0,0.0,0.0,,,,,,,0.0,,
2012/02/14,12.95,13.0,12.9,12.9,16.0,207.0,0.0,0.0541,9.0,0.0,0.0,0.0,0.0,,,,,,,0.0,,
2012/02/15,13.0,13.1,13.0,13.1,9.0,117.0,1.5504,0.0304,9.0,0.0,0.0,0.0,0.0,,,,,,,0.0,,
2012/02/16,13.0,13.1,12.9,13.1,14.0,183.0,0.0,0.0473,11.0,0.0,0.0,0.0,0.0,,,,,,,0.0,,
2012/02/17,13.05,13.05,13.0,13.05,15.0,195.0,-0.3817,0.0507,10.0,0.0,0.0,0.0,0.0,,,,,,,0.0,,
2012/02/20,13.2,13.2,13.2,13.2,18.0,237.0,1.1494,0.0608,7.0,0.0,0.0,-10.0,-10.0,,,,,,,0.0,,
2012/02/21,13.3,13.4,13.3,13.35,31.0,413.0,1.1364,0.1048,13.0,0.0,0.0,-20.0,-20.0,,,,,,,0.0,,
2012/02/22,13.25,13.35,13.25,13.35,13.0,172.0,0.0,0.0439,6.0,0.0,0.0,0.0,0.0,,,,,,,0.0,,
2012/02/23,13.5,13.6,13.35,13.35,5.0,67.0,0.0,0.0169,4.0,0.0,0.0,0.0,0.0,,,,,,,0.0,,
2012/02/24,13.35,13.35,13.2,13.2,7.0,93.0,-1.1236,0.0237,7.0,0.0,0.0,0.0,0.0,,,,,,,0.0,,
2012/02/29,13.15,13.2,13.0,13.2,22.0,289.0,0.0,0.0744,11.0,0.0,0.0,0.0,0.0,,,,,,,0.0,,
2012/03/01,12.95,13.0,12.95,13.0,3.0,38.0,-1.5152,0.0102,3.0,0.0,0.0,0.0,0.0,,,,,,,0.0,,
2012/03/02,13.0,13.0,12.85,12.85,8.0,103.0,-1.1538,0.0271,6.0,0.0,0.0,0.0,0.0,,,,,,,0.0,,
2012/03/03,12.9,12.9,12.9,12.9,3.0,38.0,0.3891,0.0102,3.0,0.0,0.0,0.0,0.0,,,,,,,0.0,,
2012/03/05,12.9,12.95,12.8,12.8,7.0,90.0,-0.7752,0.0237,7.0,0.0,0.0,0.0,0.0,,,,,,,0.0,,
2012/03/06,12.8,12.95,12.7,12.95,11.0,140.0,1.1719,0.0372,8.0,0.0,0.0,0.0,0.0,,,,,,,0.0,,
2012/03/07,12.95,12.95,12.95,12.95,0.0,0.0,0.0,0.0,0.0,0.0,0.0,0.0,0.0,,,,,,,0.0,,
2012/03/08,12.9,12.9,12.9,12.9,0.0,0.0,-0.3861,0.0,0.0,0.0,0.0,0.0,0.0,,,,,,,0.0,,
2012/03/09,12.75,12.75,12.75,12.75,1.0,12.0,-1.1628,0.0034,1.0,0.0,0.0,0.0,0.0,,,,,,,0.0,,
2012/03/12,12.75,12.75,12.75,12.75,12.0,153.0,0.0,0.0406,8.0,0.0,0.0,0.0,0.0,,,,,,,0.0,,
2012/03/13,12.75,12.75,12.75,12.75,0.0,0.0,0.0,0.0,0.0,0.0,0.0,0.0,0.0,,,,,,,0.0,,
2012/03/14,12.75,12.75,12.75,12.75,2.0,25.0,0.0,0.0068,2.0,0.0,0.0,0.0,0.0,,,,,,,0.0,,
2012/03/15,12.7,12.75,12.65,12.65,8.0,101.0,-0.7843,0.0271,8.0,0.0,0.0,0.0,0.0,,,,,,,0.0,,
2012/03/16,12.65,12.65,12.65,12.65,1.0,12.0,0.0,0.0034,1.0,0.0,0.0,0.0,0.0,,,,,,,0.0,,
2012/03/19,12.8,12.85,12.8,12.85,9.0,115.0,1.581,0.0305,3.0,0.0,0.0,0.0,0.0,,,,,,,0.0,,
2012/03/20,12.85,13.3,12.85,13.0,38.0,499.0,1.1673,0.1295,18.0,0.0,0.0,0.0,0.0,,,,,,,0.0,,
2012/03/21,13.0,13.0,12.95,13.0,3.0,38.0,0.0,0.0102,3.0,0.0,0.0,0.0,0.0,,,,,,,0.0,,
2012/03/22,13.05,13.15,13.05,13.05,11.0,144.0,0.3846,0.0375,9.0,0.0,0.0,0.0,0.0,,,,,,,0.0,,
2012/03/23,13.05,13.05,12.9,12.9,7.0,90.0,-1.1494,0.0239,3.0,0.0,0.0,0.0,0.0,,,,,,,0.0,,
2012/03/26,12.9,12.9,12.9,12.9,2.0,25.0,0.0,0.0068,2.0,0.0,0.0,0.0,0.0,,,,,,,0.0,,
2012/03/27,12.9,12.9,12.85,12.85,4.0,51.0,-0.3876,0.0136,2.0,0.0,0.0,0.0,0.0,,,,,,,0.0,,
2012/03/28,12.85,12.85,12.75,12.75,5.0,64.0,-0.7782,0.0171,3.0,0.0,0.0,0.0,0.0,,,,,,,0.0,,
2012/03/29,12.65,12.8,12.6,12.8,61.0,771.0,0.3922,0.2081,17.0,0.0,0.0,0.0,0.0,,,,,,,0.0,,
2012/03/30,12.6,13.0,12.6,12.95,19.0,241.0,1.1719,0.0648,10.0,0.0,0.0,0.0,0.0,,,,,,,0.0,,
2012/04/02,12.95,12.95,12.95,12.95,0.0,0.0,0.0,0.0,0.0,0.0,0.0,0.0,0.0,,,,,,,0.0,,
2012/04/03,12.85,12.85,12.85,12.85,0.0,0.0,-0.7722,0.0,0.0,0.0,0.0,0.0,0.0,,,,,,,0.0,,
2012/04/05,12.7,12.7,12.6,12.7,62.0,784.0,-1.1673,0.2119,12.0,0.0,0.0,0.0,0.0,,,,,,,0.0,,
2012/04/06,12.65,12.65,12.6,12.6,47.0,592.0,-0.7874,0.1606,7.0,0.0,0.0,0.0,0.0,,,,,,,0.0,,
2012/04/09,12.65,12.65,12.65,12.65,5.0,63.0,0.3968,0.0171,1.0,0.0,0.0,0.0,0.0,,,,,,,0.0,,
2012/04/10,12.65,12.65,12.65,12.65,5.0,63.0,0.0,0.0171,5.0,0.0,0.0,0.0,0.0,,,,,,,0.0,,
2012/04/11,12.65,12.65,12.5,12.5,15.0,188.0,-1.1858,0.0514,5.0,0.0,0.0,0.0,0.0,,,,,,,0.0,,
2012/04/12,12.65,12.65,12.6,12.65,8.0,101.0,1.2,0.0274,4.0,0.0,0.0,0.0,0.0,,,,,,,0.0,,
2012/04/13,12.65,12.65,12.6,12.6,10.0,126.0,-0.3953,0.0342,7.0,0.0,0.0,0.0,0.0,,,,,,,0.0,,
2012/04/16,12.65,12.7,12.6,12.65,60.0,758.0,0.3968,0.2054,19.0,0.0,0.0,0.0,0.0,,,,,,,0.0,,
2012/04/17,12.65,12.65,12.6,12.65,22.0,277.0,0.0,0.0753,12.0,0.0,0.0,0.0,0.0,,,,,,,0.0,,
2012/04/18,12.65,12.65,12.55,12.65,90.0,1137.0,0.0,0.3081,24.0,0.0,0.0,0.0,0.0,,,,,,,0.0,,
2012/04/19,12.65,12.65,12.55,12.55,11.0,138.0,-0.7905,0.0377,4.0,0.0,0.0,0.0,0.0,,,,,,,0.0,,
2012/04/20,12.65,12.65,12.6,12.65,59.0,746.0,0.7968,0.2023,7.0,0.0,0.0,0.0,0.0,,,,,,,0.0,,
2012/04/23,12.65,12.65,12.65,12.65,53.0,670.0,0.0,0.1822,4.0,0.0,0.0,0.0,0.0,,,,,,,0.0,,
2012/04/24,12.65,12.65,12.65,12.65,3.0,37.0,0.0,0.0103,2.0,0.0,0.0,0.0,0.0,,,,,,,0.0,,
2012/04/25,12.65,12.65,12.65,12.65,0.0,0.0,0.0,0.0,0.0,0.0,0.0,0.0,0.0,,,,,,,0.0,,
2012/04/26,12.65,12.65,12.6,12.65,21.0,265.0,0.0,0.0725,8.0,0.0,0.0,0.0,0.0,,,,,,,0.0,,
2012/04/27,12.65,12.75,12.65,12.75,17.0,215.0,0.7905,0.0587,4.0,-10.0,0.0,0.0,-10.0,,,,,,,0.0,,
2012/04/30,12.65,12.75,12.6,12.75,10.0,126.0,0.0,0.0345,5.0,0.0,0.0,0.0,0.0,,,,,,,0.0,,
2012/05/02,12.65,12.65,12.65,12.65,8.0,101.0,-0.7843,0.0276,3.0,0.0,0.0,0.0,0.0,,,,,,,0.0,,
2012/05/03,12.65,12.65,12.65,12.65,93.0,1176.0,0.0,0.3209,3.0,0.0,0.0,0.0,0.0,,,,,,,0.0,,
2012/05/04,12.65,12.65,12.65,12.65,104.0,1315.0,0.0,0.3588,3.0,0.0,0.0,0.0,0.0,,,,,,,0.0,,
2012/05/07,12.65,12.65,12.6,12.6,17.0,214.0,-0.3953,0.0587,4.0,0.0,0.0,0.0,0.0,,,,,,,0.0,,
2012/05/08,12.65,12.65,12.65,12.65,8.0,101.0,0.3968,0.0278,3.0,0.0,0.0,0.0,0.0,,,,,,,0.0,,
2012/05/09,12.65,12.65,12.65,12.65,42.0,531.0,0.0,0.1465,12.0,0.0,0.0,0.0,0.0,,,,,,,0.0,,
2012/05/10,12.65,12.65,12.65,12.65,4.0,50.0,0.0,0.014,2.0,0.0,0.0,0.0,0.0,,,,,,,0.0,,
2012/05/11,12.65,12.65,12.6,12.6,14.0,176.0,-0.3953,0.0488,9.0,3.0,0.0,0.0,3.0,,,,,,,0.0,,
2012/05/14,12.65,12.65,12.6,12.6,9.0,113.0,0.0,0.0314,5.0,0.0,0.0,0.0,0.0,,,,,,,0.0,,
2012/05/15,12.65,12.65,12.65,12.65,5.0,63.0,0.3968,0.0174,2.0,0.0,0.0,-3.0,-3.0,,,,,,,0.0,,
2012/05/16,12.65,12.65,12.6,12.6,10.0,126.0,-0.3953,0.0349,5.0,0.0,0.0,0.0,0.0,,,,,,,0.0,,
2012/05/17,12.65,12.65,12.6,12.6,8.0,101.0,0.0,0.0279,4.0,0.0,0.0,0.0,0.0,,,,,,,0.0,,
2012/05/18,12.65,12.65,12.5,12.65,16.0,201.0,0.3968,0.0558,9.0,0.0,0.0,0.0,0.0,,,,,,,0.0,,
2012/05/21,12.65,12.65,12.65,12.65,18.0,227.0,0.0,0.0628,4.0,13.0,0.0,0.0,13.0,,,,,,,0.0,,
2012/05/22,12.65,12.8,12.65,12.8,13.0,165.0,1.1858,0.0453,5.0,12.0,0.0,0.0,12.0,,,,,,,0.0,,
2012/05/23,12.8,12.8,12.8,12.8,0.0,0.0,0.0,0.0,0.0,0.0,0.0,0.0,0.0,,,,,,,0.0,,
2012/05/24,12.8,12.8,12.65,12.7,18.0,229.0,-0.7813,0.0628,14.0,17.0,0.0,0.0,17.0,,,,,,,0.0,,
2012/05/25,12.7,12.7,12.7,12.7,2.0,25.0,0.0,0.007,3.0,2.0,0.0,0.0,2.0,,,,,,,0.0,,
2012/05/28,12.7,12.7,12.7,12.7,0.0,0.0,0.0,0.0,0.0,0.0,0.0,0.0,0.0,,,,,,,0.0,,
2012/05/29,12.65,12.7,12.65,12.65,7.0,88.0,-0.3937,0.0244,4.0,-3.0,0.0,0.0,-3.0,,,,,,,0.0,,
2012/05/30,12.65,12.65,12.65,12.65,0.0,0.0,0.0,0.0,0.0,0.0,0.0,0.0,0.0,,,,,,,0.0,,
2012/05/31,12.65,12.8,12.65,12.8,10.0,126.0,1.1858,0.0349,6.0,0.0,0.0,-6.0,-6.0,,,,,,,0.0,,
2012/06/01,12.75,12.75,12.75,12.75,4.0,51.0,-0.3906,0.014,2.0,4.0,0.0,0.0,4.0,,,,,,,0.0,,
2012/06/04,12.65,12.65,12.6,12.6,7.0,88.0,-1.1765,0.0245,5.0,0.0,0.0,0.0,0.0,,,,,,,0.0,,
2012/06/05,12.6,12.6,12.6,12.6,10.0,126.0,0.0,0.0349,2.0,0.0,0.0,0.0,0.0,,,,,,,0.0,,
2012/06/06,12.65,12.65,12.65,12.65,5.0,63.0,0.3968,0.0175,1.0,0.0,0.0,-5.0,-5.0,,,,,,,0.0,,
2012/06/07,12.65,12.65,12.65,12.65,6.0,75.0,0.0,0.021,2.0,1.0,0.0,0.0,1.0,,,,,,,0.0,,
2012/06/08,12.65,12.65,12.65,12.65,5.0,63.0,0.0,0.0175,1.0,0.0,0.0,0.0,0.0,,,,,,,0.0,,
2012/06/11,12.75,12.75,12.75,12.75,5.0,63.0,0.7905,0.0175,1.0,5.0,0.0,-5.0,0.0,,,,,,,0.0,,
2012/06/12,12.65,12.65,12.65,12.65,5.0,63.0,-0.7843,0.0175,1.0,0.0,0.0,0.0,0.0,,,,,,,0.0,,
2012/06/13,12.8,12.8,12.8,12.8,5.0,64.0,1.1858,0.0175,2.0,5.0,0.0,-4.0,1.0,,,,,,,0.0,,
2012/06/14,12.9,12.9,12.6,12.6,11.0,140.0,-1.5625,0.0384,4.0,5.0,0.0,0.0,5.0,,,,,,,0.0,,
2012/06/15,12.8,12.8,12.8,12.8,3.0,38.0,1.5873,0.0105,3.0,3.0,0.0,0.0,3.0,,,,,,,0.0,,
2012/06/18,12.7,12.7,12.7,12.7,5.0,63.0,-0.7813,0.0175,1.0,5.0,0.0,0.0,5.0,,,,,,,0.0,,
2012/06/19,12.65,12.75,12.65,12.75,6.0,76.0,0.3937,0.021,2.0,5.0,0.0,0.0,5.0,,,,,,,0.0,,
2012/06/20,12.7,12.7,12.7,12.7,4.0,50.0,-0.3922,0.014,3.0,4.0,0.0,0.0,4.0,,,,,,,0.0,,
2012/06/21,12.7,12.7,12.7,12.7,0.0,0.0,0.0,0.0,0.0,0.0,0.0,0.0,0.0,,,,,,,0.0,,
2012/06/22,12.7,12.7,12.7,12.7,0.0,0.0,0.0,0.0,0.0,0.0,0.0,0.0,0.0,,,,,,,0.0,,
2012/06/25,12.65,12.65,12.6,12.6,6.0,75.0,-0.7874,0.021,2.0,0.0,0.0,-5.0,-5.0,,,,,,,0.0,,
2012/06/26,12.65,12.65,12.6,12.6,6.0,75.0,0.0,0.021,2.0,0.0,0.0,-5.0,-5.0,,,,,,,0.0,,
2012/06/27,12.65,12.65,12.65,12.65,5.0,63.0,0.3968,0.0175,5.0,-1.0,0.0,0.0,-1.0,,,,,,,0.0,,
2012/06/28,12.65,12.65,12.6,12.6,10.0,126.0,-0.3953,0.0349,6.0,0.0,0.0,-5.0,-5.0,,,,,,,0.0,,
2012/06/29,12.65,12.65,12.6,12.65,11.0,138.0,0.3968,0.0384,4.0,0.0,0.0,-5.0,-5.0,,,,,,,0.0,,
2012/07/02,12.65,12.65,12.6,12.6,7.0,88.0,-0.3953,0.0245,4.0,0.0,0.0,0.0,0.0,,,,,,,0.0,,
2012/07/03,12.65,12.65,12.6,12.6,10.0,126.0,0.0,0.0349,2.0,0.0,0.0,-10.0,-10.0,,,,,,,0.0,,
2012/07/04,12.65,12.65,12.6,12.6,10.0,126.0,0.0,0.0349,2.0,0.0,0.0,-10.0,-10.0,,,,,,,0.0,,
2012/07/05,12.65,12.65,12.55,12.55,11.0,138.0,-0.3968,0.0384,5.0,-1.0,0.0,-8.0,-9.0,,,,,,,0.0,,
2012/07/06,12.65,12.65,12.5,12.5,18.0,226.0,-0.3984,0.0629,6.0,-7.0,0.0,-10.0,-17.0,,,,,,,0.0,,
2012/07/09,12.65,13.3,12.6,13.15,51.0,667.0,5.2,0.1782,20.0,12.0,0.0,-15.0,-3.0,,,,,,,0.0,,
2012/07/10,13.0,13.1,12.9,13.1,19.0,247.0,-0.3802,0.0664,7.0,18.0,0.0,0.0,18.0,,,,,,,0.0,,
2012/07/11,13.1,13.1,13.1,13.1,0.0,0.0,0.0,0.0,0.0,0.0,0.0,0.0,0.0,,,,,,,0.0,,
2012/07/12,12.7,12.7,12.7,12.7,10.0,127.0,-3.0534,0.035,1.0,10.0,0.0,-10.0,0.0,,,,,,,0.0,,
2012/07/13,12.65,12.65,12.65,12.65,5.0,63.0,-0.3937,0.0175,1.0,0.0,0.0,-5.0,-5.0,,,,,,,0.0,,
2012/07/16,12.65,12.65,12.6,12.6,10.0,126.0,-0.3953,0.035,3.0,0.0,0.0,-10.0,-10.0,,,,,,,0.0,,
2012/07/17,12.65,12.65,12.65,12.65,1.0,12.0,0.3968,0.0035,1.0,0.0,0.0,0.0,0.0,,,,,,,0.0,,
2012/07/18,12.65,12.65,12.65,12.65,0.0,0.0,0.0,0.0,0.0,0.0,0.0,0.0,0.0,,,,,,,0.0,,
2012/07/19,12.65,12.65,12.6,12.6,6.0,75.0,-0.3953,0.021,2.0,0.0,0.0,-5.0,-5.0,,,,,,,0.0,,
2012/07/20,12.65,12.65,12.65,12.65,2.0,25.0,0.3968,0.007,1.0,0.0,0.0,0.0,0.0,,,,,,,0.0,,
2012/07/23,12.65,12.65,12.65,12.65,1.0,12.0,0.0,0.0035,1.0,0.0,0.0,0.0,0.0,,,,,,,0.0,,
2012/07/24,12.65,12.65,12.65,12.65,5.0,63.0,0.0,0.0175,1.0,0.0,0.0,-5.0,-5.0,,,,,,,0.0,,
2012/07/25,12.65,12.65,12.65,12.65,5.0,63.0,0.0,0.0175,1.0,0.0,0.0,-5.0,-5.0,,,,,,,0.0,,
2012/07/26,12.65,12.65,12.65,12.65,5.0,63.0,0.0,0.0175,2.0,0.0,0.0,0.0,0.0,,,,,,,0.0,,
2012/07/27,12.65,12.65,12.65,12.65,6.0,75.0,0.0,0.021,3.0,-1.0,0.0,-5.0,-6.0,,,,,,,0.0,,
2012/07/30,12.7,12.7,12.7,12.7,1.0,12.0,0.3953,0.0035,1.0,0.0,0.0,0.0,0.0,,,,,,,0.0,,
2012/07/31,12.65,13.0,12.6,12.6,14.0,177.0,-0.7874,0.049,6.0,0.0,0.0,0.0,0.0,,,,,,,0.0,,
2012/08/01,12.65,12.65,12.6,12.6,11.0,138.0,0.0,0.0385,3.0,0.0,0.0,0.0,0.0,,,,,,,0.0,,
2012/08/03,12.65,12.65,12.6,12.6,10.0,126.0,0.0,0.035,2.0,0.0,0.0,-5.0,-5.0,,,,,,,0.0,,
2012/08/06,12.65,12.65,12.6,12.6,10.0,126.0,0.0,0.035,3.0,0.0,0.0,0.0,0.0,,,,,,,0.0,,
2012/08/07,12.65,12.65,12.6,12.6,10.0,126.0,0.0,0.035,2.0,0.0,0.0,0.0,0.0,,,,,,,0.0,,
2012/08/08,12.65,12.65,12.6,12.6,10.0,126.0,0.0,0.035,2.0,0.0,0.0,-5.0,-5.0,,,,,,,0.0,,
2012/08/09,12.65,12.65,12.6,12.6,10.0,126.0,0.0,0.035,3.0,0.0,0.0,-4.0,-4.0,,,,,,,0.0,,
2012/08/10,12.6,12.6,12.6,12.6,10.0,126.0,0.0,0.035,2.0,0.0,0.0,0.0,0.0,,,,,,,0.0,,
2012/08/13,12.65,12.65,12.6,12.6,10.0,126.0,0.0,0.035,2.0,0.0,0.0,0.0,0.0,,,,,,,0.0,,
2012/08/14,12.65,12.65,12.55,12.55,11.0,138.0,-0.3968,0.0385,3.0,0.0,0.0,0.0,0.0,,,,,,,0.0,,
2012/08/15,12.65,12.65,12.6,12.6,10.0,126.0,0.3984,0.035,2.0,0.0,0.0,0.0,0.0,,,,,,,0.0,,
2012/08/16,12.65,12.65,12.6,12.6,10.0,126.0,0.0,0.035,2.0,0.0,0.0,0.0,0.0,,,,,,,0.0,,
2012/08/17,12.65,12.65,12.55,12.55,11.0,138.0,-0.3968,0.0385,3.0,0.0,0.0,0.0,0.0,,,,,,,0.0,,
2012/08/20,12.65,12.65,12.6,12.6,10.0,126.0,0.3984,0.035,2.0,0.0,0.0,0.0,0.0,,,,,,,0.0,,
2012/08/21,12.65,12.65,12.6,12.6,10.0,126.0,0.0,0.035,2.0,0.0,0.0,0.0,0.0,,,,,,,0.0,,
2012/08/22,12.65,12.65,12.5,12.5,11.0,138.0,-0.7937,0.0385,4.0,0.0,0.0,0.0,0.0,,,,,,,0.0,,
2012/08/23,12.65,12.65,12.6,12.6,10.0,126.0,0.8,0.035,2.0,0.0,0.0,0.0,0.0,,,,,,,0.0,,
2012/08/24,12.65,12.65,12.5,12.5,11.0,138.0,-0.7937,0.0385,3.0,0.0,0.0,0.0,0.0,,,,,,,0.0,,
2012/08/27,12.65,12.65,12.6,12.6,10.0,126.0,0.8,0.035,3.0,0.0,0.0,0.0,0.0,,,,,,,0.0,,
2012/08/28,12.65,12.65,12.55,12.55,11.0,138.0,-0.3968,0.0385,3.0,0.0,0.0,0.0,0.0,,,,,,,0.0,,
2012/08/29,12.65,12.65,12.55,12.6,27.0,340.0,0.3984,0.0945,6.0,0.0,0.0,0.0,0.0,,,,,,,0.0,,
2012/08/30,12.65,12.65,12.6,12.6,16.0,201.0,0.0,0.056,4.0,0.0,0.0,0.0,0.0,,,,,,,0.0,,
2012/08/31,12.65,12.9,12.65,12.8,13.0,166.0,1.5873,0.0455,5.0,0.0,0.0,-5.0,-5.0,,,,,,,0.0,,
2012/09/03,12.8,12.8,12.8,12.8,0.0,0.0,0.0,0.0,0.0,0.0,0.0,0.0,0.0,,,,,,,0.0,,
2012/09/04,12.65,12.65,12.65,12.65,5.0,63.0,-1.1719,0.0175,1.0,0.0,0.0,0.0,0.0,,,,,,,0.0,,
2012/09/05,12.65,12.65,12.55,12.6,25.0,315.0,-0.3953,0.0875,9.0,-18.0,0.0,0.0,-18.0,,,,,,,0.0,,
2012/09/06,12.65,12.65,12.65,12.65,5.0,63.0,0.3968,0.0175,1.0,0.0,0.0,0.0,0.0,,,,,,,0.0,,
2012/09/07,12.65,12.65,12.65,12.65,2.0,25.0,0.0,0.007,2.0,0.0,0.0,0.0,0.0,,,,,,,0.0,,
2012/09/10,12.65,12.65,12.65,12.65,6.0,75.0,0.0,0.021,2.0,0.0,0.0,0.0,0.0,,,,,,,0.0,,
2012/09/11,12.65,12.65,12.65,12.65,6.0,75.0,0.0,0.021,2.0,0.0,0.0,0.0,0.0,,,,,,,0.0,,
2012/09/12,12.65,12.65,12.65,12.65,5.0,63.0,0.0,0.0175,1.0,0.0,0.0,0.0,0.0,,,,,,,0.0,,
2012/09/13,12.65,12.65,12.6,12.6,11.0,138.0,-0.3953,0.0385,3.0,-5.0,0.0,-5.0,-10.0,,,,,,,0.0,,
2012/09/14,12.65,12.65,12.6,12.6,9.0,113.0,0.0,0.0315,5.0,0.0,0.0,-8.0,-8.0,,,,,,,0.0,,
2012/09/17,12.65,12.65,12.65,12.65,6.0,75.0,0.3968,0.021,5.0,0.0,0.0,0.0,0.0,,,,,,,0.0,,
2012/09/18,12.65,12.65,12.65,12.65,8.0,101.0,0.0,0.028,5.0,0.0,0.0,0.0,0.0,,,,,,,0.0,,
2012/09/19,12.65,12.65,12.6,12.6,11.0,139.0,-0.3953,0.0385,5.0,0.0,0.0,-10.0,-10.0,,,,,,,0.0,,
2012/09/20,12.65,12.65,12.55,12.55,14.0,176.0,-0.3968,0.049,4.0,-3.0,0.0,0.0,-3.0,,,,,,,0.0,,
2012/09/21,12.65,12.65,12.65,12.65,6.0,75.0,0.7968,0.021,3.0,0.0,0.0,-5.0,-5.0,,,,,,,0.0,,
2012/09/24,12.65,12.65,12.6,12.6,9.0,113.0,-0.3953,0.0315,3.0,0.0,0.0,0.0,0.0,,,,,,,0.0,,
2012/09/25,12.65,12.65,12.5,12.5,24.0,302.0,-0.7937,0.084,6.0,-8.0,0.0,-6.0,-14.0,,,,,,,0.0,,
2012/09/26,12.65,12.65,12.5,12.5,21.0,263.0,0.0,0.0735,7.0,-16.0,0.0,0.0,-16.0,,,,,,,0.0,,
2012/09/27,12.65,12.65,12.65,12.65,5.0,63.0,1.2,0.0175,3.0,0.0,0.0,0.0,0.0,,,,,,,0.0,,
2012/09/28,12.65,12.9,12.65,12.9,10.0,126.0,1.9763,0.035,4.0,0.0,0.0,0.0,0.0,,,,,,,0.0,,
2012/10/01,12.65,12.65,12.65,12.65,5.0,63.0,-1.938,0.0175,1.0,0.0,0.0,0.0,0.0,,,,,,,0.0,,
2012/10/02,12.65,12.65,12.6,12.6,13.0,164.0,-0.3953,0.0455,5.0,0.0,0.0,-10.0,-10.0,,,,,,,0.0,,
2012/10/03,12.65,12.65,12.6,12.6,15.0,189.0,0.0,0.0525,4.0,-14.0,0.0,0.0,-14.0,,,,,,,0.0,,
2012/10/04,12.65,12.65,12.6,12.6,6.0,75.0,0.0,0.021,3.0,0.0,0.0,0.0,0.0,,,,,,,0.0,,
2012/10/05,12.65,12.65,12.65,12.65,6.0,75.0,0.3968,0.021,2.0,0.0,0.0,-5.0,-5.0,,,,,,,0.0,,
2012/10/08,12.65,12.65,12.65,12.65,5.0,63.0,0.0,0.0175,1.0,0.0,0.0,0.0,0.0,,,,,,,0.0,,
2012/10/09,12.65,12.65,12.65,12.65,5.0,63.0,0.0,0.0175,1.0,0.0,0.0,0.0,0.0,,,,,,,0.0,,
2012/10/11,12.65,12.65,12.6,12.6,6.0,75.0,-0.3953,0.021,2.0,0.0,0.0,0.0,0.0,,,,,,,0.0,,
2012/10/12,12.65,12.65,12.6,12.65,9.0,113.0,0.3968,0.0315,3.0,0.0,0.0,-8.0,-8.0,,,,,,,0.0,,
2012/10/15,12.65,12.65,12.65,12.65,5.0,63.0,0.0,0.0175,3.0,-1.0,0.0,0.0,-1.0,,,,,,,0.0,,
2012/10/16,12.65,12.65,12.6,12.6,6.0,75.0,-0.3953,0.021,2.0,0.0,0.0,-5.0,-5.0,,,,,,,0.0,,
2012/10/17,12.65,12.65,12.65,12.65,5.0,63.0,0.3968,0.0175,1.0,0.0,0.0,-5.0,-5.0,,,,,,,0.0,,
2012/10/18,12.65,12.65,12.65,12.65,10.0,126.0,0.0,0.035,3.0,0.0,0.0,-9.0,-9.0,,,,,,,0.0,,
2012/10/19,12.65,12.65,12.65,12.65,8.0,101.0,0.0,0.028,3.0,0.0,0.0,-5.0,-5.0,,,,,,,0.0,,
2012/10/22,12.65,12.65,12.65,12.65,5.0,63.0,0.0,0.0175,1.0,0.0,0.0,0.0,0.0,,,,,,,0.0,,
2012/10/23,12.65,12.65,12.65,12.65,11.0,139.0,0.0,0.0384,3.0,0.0,0.0,0.0,0.0,,,,,,,0.0,,
2012/10/24,12.65,12.65,12.65,12.65,5.0,63.0,0.0,0.0175,1.0,0.0,0.0,0.0,0.0,,,,,,,0.0,,
2012/10/25,12.55,12.55,12.55,12.55,5.0,62.0,-0.7905,0.0175,1.0,-5.0,0.0,0.0,-5.0,,,,,,,0.0,,
2012/10/26,12.55,12.55,12.55,12.55,0.0,0.0,0.0,0.0,0.0,0.0,0.0,0.0,0.0,,,,,,,0.0,,
2012/10/29,12.5,12.5,12.5,12.5,11.0,137.0,-0.3984,0.0384,3.0,-10.0,0.0,0.0,-10.0,,,,,,,0.0,,
2012/10/30,12.5,12.5,12.5,12.5,5.0,62.0,0.0,0.0174,1.0,0.0,0.0,0.0,0.0,,,,,,,0.0,,
2012/10/31,12.65,12.65,12.5,12.5,11.0,137.0,0.0,0.0384,3.0,-10.0,0.0,0.0,-10.0,,,,,,,0.0,,
2012/11/01,12.5,12.5,12.5,12.5,1.0,12.0,0.0,0.0035,1.0,0.0,0.0,0.0,0.0,,,,,,,0.0,,
2012/11/02,12.5,12.5,12.5,12.5,0.0,0.0,0.0,0.0,0.0,0.0,0.0,0.0,0.0,,,,,,,0.0,,
2012/11/05,12.5,12.5,12.5,12.5,1.0,12.0,0.0,0.0035,1.0,0.0,0.0,0.0,0.0,,,,,,,0.0,,
2012/11/06,12.5,12.5,12.5,12.5,0.0,0.0,0.0,0.0,0.0,0.0,0.0,0.0,0.0,,,,,,,0.0,,
2012/11/07,12.5,12.65,12.4,12.5,19.0,237.0,0.0,0.0663,7.0,0.0,0.0,-10.0,-10.0,,,,,,,0.0,,
2012/11/08,12.5,12.5,12.5,12.5,0.0,0.0,0.0,0.0,0.0,0.0,0.0,0.0,0.0,,,,,,,0.0,,
2012/11/09,12.5,12.5,12.5,12.5,0.0,0.0,0.0,0.0,0.0,0.0,0.0,0.0,0.0,,,,,,,0.0,,
2012/11/12,12.5,12.5,12.45,12.5,48.0,599.0,0.0,0.1671,14.0,-12.0,0.0,0.0,-12.0,,,,,,,0.0,,
2012/11/13,12.5,12.5,12.4,12.5,16.0,199.0,0.0,0.0557,4.0,-10.0,0.0,0.0,-10.0,,,,,,,0.0,,
2012/11/14,12.5,12.5,12.5,12.5,15.0,187.0,0.0,0.0522,4.0,-4.0,0.0,0.0,-4.0,,,,,,,0.0,,
2012/11/15,12.5,12.5,12.5,12.5,10.0,125.0,0.0,0.0348,3.0,-7.0,0.0,0.0,-7.0,,,,,,,0.0,,
2012/11/16,12.5,12.5,12.5,12.5,0.0,0.0,0.0,0.0,0.0,0.0,0.0,0.0,0.0,,,,,,,0.0,,
2012/11/19,12.5,12.5,12.45,12.5,10.0,124.0,0.0,0.0348,4.0,-9.0,0.0,0.0,-9.0,,,,,,,0.0,,
2012/11/20,12.5,12.5,12.5,12.5,25.0,312.0,0.0,0.087,2.0,-25.0,0.0,0.0,-25.0,,,,,,,0.0,,
2012/11/21,12.5,12.5,12.5,12.5,1.0,12.0,0.0,0.0035,1.0,0.0,0.0,0.0,0.0,,,,,,,0.0,,
2012/11/22,12.5,12.5,12.5,12.5,0.0,0.0,0.0,0.0,0.0,0.0,0.0,0.0,0.0,,,,,,,0.0,,
2012/11/23,12.5,12.5,12.5,12.5,52.0,650.0,0.0,0.1733,9.0,0.0,0.0,0.0,0.0,,,,,,,0.0,,
2012/11/26,12.5,12.5,12.5,12.5,5.0,62.0,0.0,0.0167,2.0,-4.0,0.0,0.0,-4.0,,,,,,,0.0,,
2012/11/27,12.5,12.5,12.5,12.5,2.0,25.0,0.0,0.0067,2.0,0.0,0.0,0.0,0.0,,,,,,,0.0,,
2012/11/28,12.5,12.5,12.5,12.5,6.0,75.0,0.0,0.02,2.0,0.0,0.0,0.0,0.0,,,,,,,0.0,,
2012/11/29,12.5,12.5,12.5,12.5,0.0,0.0,0.0,0.0,0.0,0.0,0.0,0.0,0.0,,,,,,,0.0,,
2012/11/30,12.5,13.1,12.5,12.7,50.0,633.0,1.6,0.1667,12.0,0.0,0.0,0.0,0.0,,,,,,,0.0,,
2012/12/03,12.7,12.7,12.7,12.7,0.0,0.0,0.0,0.0,0.0,0.0,0.0,0.0,0.0,,,,,,,0.0,,
2012/12/04,12.7,12.7,12.7,12.7,0.0,0.0,0.0,0.0,0.0,0.0,0.0,0.0,0.0,,,,,,,0.0,,
2012/12/05,12.7,12.7,12.7,12.7,0.0,0.0,0.0,0.0,0.0,0.0,0.0,0.0,0.0,,,,,,,0.0,,
2012/12/06,12.5,12.55,12.5,12.55,2.0,25.0,-1.1811,0.0067,2.0,0.0,0.0,0.0,0.0,,,,,,,0.0,,
2012/12/07,12.55,12.55,12.55,12.55,0.0,0.0,0.0,0.0,0.0,0.0,0.0,0.0,0.0,,,,,,,0.0,,
2012/12/10,12.55,12.55,12.55,12.55,0.0,0.0,0.0,0.0,0.0,0.0,0.0,0.0,0.0,,,,,,,0.0,,
2012/12/11,12.5,12.5,12.5,12.5,1.0,12.0,-0.3984,0.0033,1.0,0.0,0.0,0.0,0.0,,,,,,,0.0,,
2012/12/12,12.5,12.5,12.5,12.5,4.0,50.0,0.0,0.0133,4.0,0.0,0.0,0.0,0.0,,,,,,,0.0,,
2012/12/13,12.5,12.5,12.5,12.5,4.0,50.0,0.0,0.0133,3.0,0.0,0.0,0.0,0.0,,,,,,,0.0,,
2012/12/14,12.5,12.5,12.5,12.5,1.0,12.0,0.0,0.0033,1.0,0.0,0.0,0.0,0.0,,,,,,,0.0,,
2012/12/17,12.5,12.5,12.5,12.5,1.0,12.0,0.0,0.0033,1.0,0.0,0.0,0.0,0.0,,,,,,,0.0,,
2012/12/18,12.5,12.5,12.5,12.5,1.0,12.0,0.0,0.0033,1.0,0.0,0.0,0.0,0.0,,,,,,,0.0,,
2012/12/19,12.5,12.5,12.5,12.5,0.0,0.0,0.0,0.0,0.0,0.0,0.0,0.0,0.0,,,,,,,0.0,,
2012/12/20,12.5,12.5,12.5,12.5,0.0,0.0,0.0,0.0,0.0,0.0,0.0,0.0,0.0,,,,,,,0.0,,
2012/12/21,12.5,12.5,12.5,12.5,15.0,187.0,0.0,0.05,3.0,-5.0,0.0,0.0,-5.0,,,,,,,0.0,,
2012/12/22,12.5,12.5,12.5,12.5,20.0,250.0,0.0,0.0667,3.0,0.0,0.0,0.0,0.0,,,,,,,0.0,,
2012/12/24,12.5,12.5,12.45,12.5,22.0,274.0,0.0,0.0733,6.0,0.0,0.0,0.0,0.0,,,,,,,0.0,,
2012/12/25,12.5,12.5,12.5,12.5,0.0,0.0,0.0,0.0,0.0,0.0,0.0,0.0,0.0,,,,,,,0.0,,
2012/12/26,12.5,12.5,12.5,12.5,2.0,25.0,0.0,0.0067,2.0,0.0,0.0,0.0,0.0,,,,,,,0.0,,
2012/12/27,12.5,12.5,12.5,12.5,1.0,12.0,0.0,0.0033,1.0,0.0,0.0,0.0,0.0,,,,,,,0.0,,
2012/12/28,12.6,12.9,12.6,12.8,22.0,281.0,2.4,0.0733,15.0,0.0,0.0,-3.0,-3.0,,,,,,,0.0,,
2013/01/02,12.7,12.7,12.7,12.7,2.0,25.0,-0.7813,0.0067,1.0,0.0,0.0,0.0,0.0,,,,,,,0.0,,
2013/01/03,12.7,12.7,12.7,12.7,0.0,0.0,0.0,0.0,0.0,0.0,0.0,0.0,0.0,,,,,,,0.0,,
2013/01/04,12.7,12.7,12.7,12.7,0.0,0.0,0.0,0.0,0.0,0.0,0.0,0.0,0.0,,,,,,,0.0,,
2013/01/07,12.7,12.7,12.7,12.7,0.0,0.0,0.0,0.0,0.0,0.0,0.0,0.0,0.0,,,,,,,0.0,,
2013/01/08,12.7,12.7,12.7,12.7,0.0,0.0,0.0,0.0,0.0,0.0,0.0,0.0,0.0,,,,,,,0.0,,
2013/01/09,12.7,12.7,12.7,12.7,0.0,0.0,0.0,0.0,0.0,0.0,0.0,0.0,0.0,,,,,,,0.0,,
2013/01/10,12.7,12.7,12.7,12.7,0.0,0.0,0.0,0.0,0.0,0.0,0.0,0.0,0.0,,,,,,,0.0,,
2013/01/11,12.6,12.6,12.55,12.55,4.0,50.0,-1.1811,0.0133,2.0,0.0,0.0,0.0,0.0,,,,,,,0.0,,
2013/01/14,12.6,12.6,12.55,12.55,3.0,37.0,0.0,0.01,3.0,0.0,0.0,0.0,0.0,,,,,,,0.0,,
2013/01/15,12.55,12.55,12.55,12.55,0.0,0.0,0.0,0.0,0.0,0.0,0.0,0.0,0.0,,,,,,,0.0,,
2013/01/16,12.55,12.55,12.55,12.55,0.0,0.0,0.0,0.0,0.0,0.0,0.0,0.0,0.0,,,,,,,0.0,,
2013/01/17,12.55,12.55,12.55,12.55,0.0,0.0,0.0,0.0,0.0,0.0,0.0,0.0,0.0,,,,,,,0.0,,
2013/01/18,12.55,12.55,12.55,12.55,0.0,0.0,0.0,0.0,0.0,0.0,0.0,0.0,0.0,,,,,,,0.0,,
2013/01/21,12.55,12.55,12.55,12.55,0.0,0.0,0.0,0.0,0.0,0.0,0.0,0.0,0.0,,,,,,,0.0,,
2013/01/22,12.5,12.5,12.5,12.5,1.0,12.0,-0.3984,0.0033,1.0,0.0,0.0,0.0,0.0,,,,,,,0.0,,
2013/01/23,12.5,12.5,12.5,12.5,0.0,0.0,0.0,0.0,0.0,0.0,0.0,0.0,0.0,,,,,,,0.0,,
2013/01/24,12.5,12.5,12.5,12.5,0.0,0.0,0.0,0.0,0.0,0.0,0.0,0.0,0.0,,,,,,,0.0,,
2013/01/25,12.5,12.5,12.5,12.5,2.0,25.0,0.0,0.0067,2.0,0.0,0.0,0.0,0.0,,,,,,,0.0,,
2013/01/28,12.5,12.5,12.5,12.5,1.0,12.0,0.0,0.0033,1.0,0.0,0.0,0.0,0.0,,,,,,,0.0,,
2013/01/29,12.5,12.6,12.5,12.5,12.0,151.0,0.0,0.04,3.0,0.0,0.0,0.0,0.0,,,,,,,0.0,,
2013/01/30,12.6,12.65,12.6,12.65,37.0,466.0,1.2,0.1233,6.0,34.0,0.0,0.0,34.0,,,,,,,0.0,,
2013/01/31,12.65,12.65,12.65,12.65,1.0,12.0,0.0,0.0033,1.0,0.0,0.0,0.0,0.0,,,,,,,0.0,,
2013/02/01,12.65,12.65,12.65,12.65,0.0,0.0,0.0,0.0,0.0,0.0,0.0,0.0,0.0,,,,,,,0.0,,
2013/02/04,12.55,12.55,12.55,12.55,1.0,12.0,-0.7905,0.0033,1.0,0.0,0.0,0.0,0.0,,,,,,,0.0,,
2013/02/05,12.55,12.55,12.55,12.55,0.0,0.0,0.0,0.0,0.0,0.0,0.0,0.0,0.0,,,,,,,0.0,,
2013/02/06,12.6,12.6,12.6,12.6,1.0,12.0,0.3984,0.0033,1.0,1.0,0.0,0.0,1.0,,,,,,,0.0,,
2013/02/18,12.55,12.65,12.5,12.65,5.0,62.0,0.3968,0.0167,4.0,0.0,0.0,0.0,0.0,,,,,,,0.0,,
2013/02/19,12.65,12.65,12.65,12.65,0.0,0.0,0.0,0.0,0.0,0.0,0.0,0.0,0.0,,,,,,,0.0,,
2013/02/20,12.5,12.55,12.5,12.55,2.0,25.0,-0.7905,0.0067,2.0,1.0,0.0,0.0,1.0,,,,,,,0.0,,
2013/02/21,12.55,12.55,12.55,12.55,0.0,0.0,0.0,0.0,0.0,0.0,0.0,0.0,0.0,,,,,,,0.0,,
2013/02/22,12.5,12.5,12.5,12.5,1.0,12.0,-0.3984,0.0033,1.0,0.0,0.0,0.0,0.0,,,,,,,0.0,,
2013/02/23,12.5,12.5,12.5,12.5,0.0,0.0,0.0,0.0,0.0,0.0,0.0,0.0,0.0,,,,,,,0.0,,
2013/02/25,12.5,12.5,12.5,12.5,0.0,0.0,0.0,0.0,0.0,0.0,0.0,0.0,0.0,,,,,,,0.0,,
2013/02/26,12.55,12.55,12.55,12.55,0.0,0.0,0.4,0.0,0.0,0.0,0.0,0.0,0.0,,,,,,,0.0,,
2013/02/27,12.5,12.5,12.5,12.5,2.0,25.0,-0.3984,0.0067,1.0,0.0,0.0,0.0,0.0,,,,,,,0.0,,
2013/03/01,12.5,12.5,12.5,12.5,0.0,0.0,0.0,0.0,0.0,0.0,0.0,0.0,0.0,,,,,,,0.0,,
2013/03/04,12.5,12.5,12.5,12.5,1.0,12.0,0.0,0.0033,1.0,0.0,0.0,0.0,0.0,,,,,,,0.0,,
2013/03/05,12.5,12.5,12.5,12.5,0.0,0.0,0.0,0.0,0.0,0.0,0.0,0.0,0.0,,,,,,,0.0,,
2013/03/06,12.5,12.5,12.5,12.5,1.0,12.0,0.0,0.0033,1.0,0.0,0.0,0.0,0.0,,,,,,,0.0,,
2013/03/07,12.5,12.5,12.5,12.5,0.0,0.0,0.0,0.0,0.0,0.0,0.0,0.0,0.0,,,,,,,0.0,,
2013/03/08,12.55,12.55,12.5,12.5,17.0,212.0,0.0,0.0567,6.0,-1.0,0.0,0.0,-1.0,,,,,,,0.0,,
2013/03/11,12.5,12.55,12.5,12.5,66.0,825.0,0.0,0.22,8.0,0.0,0.0,0.0,0.0,,,,,,,0.0,,
2013/03/12,12.5,12.5,12.5,12.5,0.0,0.0,0.0,0.0,0.0,0.0,0.0,0.0,0.0,,,,,,,0.0,,
2013/03/13,12.5,12.5,12.5,12.5,0.0,0.0,0.0,0.0,0.0,0.0,0.0,0.0,0.0,,,,,,,0.0,,
2013/03/14,12.5,12.5,12.5,12.5,1.0,12.0,0.0,0.0033,1.0,0.0,0.0,0.0,0.0,,,,,,,0.0,,
2013/03/15,12.5,12.5,12.5,12.5,0.0,0.0,0.0,0.0,0.0,0.0,0.0,0.0,0.0,,,,,,,0.0,,
2013/03/18,12.5,12.5,12.5,12.5,0.0,0.0,0.0,0.0,0.0,0.0,0.0,0.0,0.0,,,,,,,0.0,,
2013/03/19,12.5,12.5,12.5,12.5,0.0,0.0,0.0,0.0,0.0,0.0,0.0,0.0,0.0,,,,,,,0.0,,
2013/03/20,12.5,12.5,12.5,12.5,0.0,0.0,0.0,0.0,0.0,0.0,0.0,0.0,0.0,,,,,,,0.0,,
2013/03/21,12.5,12.5,12.5,12.5,0.0,0.0,0.0,0.0,0.0,0.0,0.0,0.0,0.0,,,,,,,0.0,,
2013/03/22,12.5,12.5,12.5,12.5,1.0,12.0,0.0,0.0033,1.0,0.0,0.0,0.0,0.0,,,,,,,0.0,,
2013/03/25,12.5,12.5,12.5,12.5,0.0,0.0,0.0,0.0,0.0,0.0,0.0,0.0,0.0,,,,,,,0.0,,
2013/03/26,12.5,12.5,12.5,12.5,0.0,0.0,0.0,0.0,0.0,0.0,0.0,0.0,0.0,,,,,,,0.0,,
2013/03/27,12.5,12.5,12.5,12.5,0.0,0.0,0.0,0.0,0.0,0.0,0.0,0.0,0.0,,,,,,,0.0,,
2013/03/28,12.5,12.5,12.5,12.5,0.0,0.0,0.0,0.0,0.0,0.0,0.0,0.0,0.0,,,,,,,0.0,,
2013/03/29,12.7,12.7,12.7,12.7,1.0,12.0,1.6,0.0033,1.0,0.0,0.0,0.0,0.0,,,,,,,0.0,,
2013/04/01,12.7,12.7,12.7,12.7,0.0,0.0,0.0,0.0,0.0,0.0,0.0,0.0,0.0,,,,,,,0.0,,
2013/04/02,12.5,12.5,12.5,12.5,4.0,50.0,-1.5748,0.0133,3.0,0.0,0.0,0.0,0.0,,,,,,,0.0,,
2013/04/03,12.7,12.7,12.7,12.7,5.0,63.0,1.6,0.0167,1.0,5.0,0.0,-5.0,0.0,,,,,,,0.0,,
2013/04/08,12.5,12.5,12.5,12.5,12.0,150.0,-1.5748,0.04,3.0,0.0,0.0,0.0,0.0,,,,,,,0.0,,
2013/04/09,12.5,12.5,12.5,12.5,0.0,0.0,0.0,0.0,0.0,0.0,0.0,0.0,0.0,,,,,,,0.0,,
2013/04/10,12.5,12.5,12.5,12.5,3.0,37.0,0.0,0.01,3.0,0.0,0.0,0.0,0.0,,,,,,,0.0,,
2013/04/11,12.5,12.5,12.5,12.5,2.0,25.0,0.0,0.0067,3.0,0.0,0.0,0.0,0.0,,,,,,,0.0,,
2013/04/12,12.5,12.5,12.5,12.5,0.0,0.0,0.0,0.0,0.0,0.0,0.0,0.0,0.0,,,,,,,0.0,,
2013/04/15,12.5,12.5,12.5,12.5,0.0,0.0,0.0,0.0,0.0,0.0,0.0,0.0,0.0,,,,,,,0.0,,
2013/04/16,12.5,12.5,12.5,12.5,0.0,0.0,0.0,0.0,0.0,0.0,0.0,0.0,0.0,,,,,,,0.0,,
2013/04/17,12.5,12.5,12.5,12.5,0.0,0.0,0.0,0.0,0.0,0.0,0.0,0.0,0.0,,,,,,,0.0,,
2013/04/18,12.5,12.5,12.5,12.5,0.0,0.0,0.0,0.0,0.0,0.0,0.0,0.0,0.0,,,,,,,0.0,,
2013/04/19,12.55,12.55,12.55,12.55,0.0,0.0,0.4,0.0,0.0,0.0,0.0,0.0,0.0,,,,,,,0.0,,
2013/04/22,12.6,12.6,12.6,12.6,5.0,63.0,0.3984,0.0167,1.0,5.0,0.0,-5.0,0.0,,,,,,,0.0,,
2013/04/23,12.6,12.6,12.6,12.6,0.0,0.0,0.0,0.0,0.0,0.0,0.0,0.0,0.0,,,,,,,0.0,,
2013/04/24,12.6,12.6,12.6,12.6,0.0,0.0,0.0,0.0,0.0,0.0,0.0,0.0,0.0,,,,,,,0.0,,
2013/04/25,12.6,12.6,12.6,12.6,0.0,0.0,0.0,0.0,0.0,0.0,0.0,0.0,0.0,,,,,,,0.0,,
2013/04/26,12.5,12.5,12.5,12.5,1.0,12.0,-0.7937,0.0033,1.0,0.0,0.0,0.0,0.0,,,,,,,0.0,,
2013/04/29,12.5,12.6,12.5,12.6,6.0,75.0,0.8,0.02,2.0,-5.0,0.0,0.0,-5.0,,,,,,,0.0,,
2013/04/30,12.5,12.8,12.5,12.8,2.0,25.0,1.5873,0.0067,2.0,-1.0,0.0,0.0,-1.0,,,,,,,0.0,,
2013/05/02,12.8,12.8,12.8,12.8,0.0,0.0,0.0,0.0,0.0,0.0,0.0,0.0,0.0,,,,,,,0.0,,
2013/05/03,12.5,12.5,12.5,12.5,1.0,12.0,-2.3438,0.0033,1.0,0.0,0.0,0.0,0.0,,,,,,,0.0,,
2013/05/06,12.5,12.5,12.5,12.5,0.0,0.0,0.0,0.0,0.0,0.0,0.0,0.0,0.0,,,,,,,0.0,,
2013/05/07,12.55,12.55,12.55,12.55,1.0,12.0,0.4,0.0033,1.0,0.0,0.0,-1.0,-1.0,,,,,,,0.0,,
2013/05/08,12.55,12.55,12.55,12.55,0.0,0.0,0.0,0.0,0.0,0.0,0.0,0.0,0.0,,,,,,,0.0,,
2013/05/09,13.3,13.3,13.3,13.3,1.0,13.0,5.9761,0.0033,1.0,0.0,0.0,0.0,0.0,,,,,,,0.0,,
2013/05/10,13.3,13.3,13.3,13.3,0.0,0.0,0.0,0.0,0.0,0.0,0.0,0.0,0.0,,,,,,,0.0,,
2013/05/13,13.05,13.05,13.05,13.05,0.0,0.0,-1.8797,0.0,0.0,0.0,0.0,0.0,0.0,,,,,,,0.0,,
2013/05/14,12.55,12.95,12.55,12.95,2.0,25.0,-0.7663,0.0067,2.0,0.0,0.0,0.0,0.0,,,,,,,0.0,,
2013/05/15,12.95,12.95,12.95,12.95,0.0,0.0,0.0,0.0,0.0,0.0,0.0,0.0,0.0,,,,,,,0.0,,
2013/05/16,12.85,12.85,12.55,12.55,2.0,25.0,-3.0888,0.0067,2.0,-1.0,0.0,0.0,-1.0,,,,,,,0.0,,
2013/05/17,12.55,12.55,12.55,12.55,0.0,0.0,0.0,0.0,0.0,0.0,0.0,0.0,0.0,,,,,,,0.0,,
2013/05/20,13.2,13.2,13.2,13.2,1.0,13.0,5.1793,0.0033,1.0,0.0,0.0,0.0,0.0,,,,,,,0.0,,
2013/05/21,12.5,12.5,12.5,12.5,2.0,25.0,-5.303,0.0067,2.0,0.0,0.0,0.0,0.0,,,,,,,0.0,,
2013/05/22,12.9,12.9,12.9,12.9,1.0,12.0,3.2,0.0033,1.0,0.0,0.0,0.0,0.0,,,,,,,0.0,,
2013/05/23,12.5,12.7,12.45,12.7,17.0,213.0,-1.5504,0.0567,7.0,-15.0,0.0,0.0,-15.0,,,,,,,0.0,,
2013/05/24,13.1,13.1,13.1,13.1,1.0,13.0,3.1496,0.0033,1.0,0.0,0.0,0.0,0.0,,,,,,,0.0,,
2013/05/27,13.1,13.1,13.1,13.1,0.0,0.0,0.0,0.0,0.0,0.0,0.0,0.0,0.0,,,,,,,0.0,,
2013/05/28,12.85,12.85,12.85,12.85,0.0,0.0,-1.9084,0.0,0.0,0.0,0.0,0.0,0.0,,,,,,,0.0,,
2013/05/29,12.75,12.75,12.75,12.75,0.0,0.0,-0.7782,0.0,0.0,0.0,0.0,0.0,0.0,,,,,,,0.0,,
2013/05/30,12.5,12.5,12.5,12.5,6.0,75.0,-1.9608,0.02,2.0,0.0,0.0,0.0,0.0,,,,,,,0.0,,
2013/05/31,12.9,12.9,12.9,12.9,1.0,12.0,3.2,0.0033,1.0,0.0,0.0,0.0,0.0,,,,,,,0.0,,
2013/06/03,13.3,13.3,13.3,13.3,1.0,13.0,3.1008,0.0033,1.0,0.0,0.0,0.0,0.0,,,,,,,0.0,,
2013/06/04,13.3,13.3,13.3,13.3,0.0,0.0,0.0,0.0,0.0,0.0,0.0,0.0,0.0,,,,,,,0.0,,
2013/06/05,13.2,13.2,13.2,13.2,0.0,0.0,-0.7519,0.0,0.0,0.0,0.0,0.0,0.0,,,,,,,0.0,,
2013/06/06,12.5,12.5,12.5,12.5,1.0,12.0,-5.303,0.0033,1.0,0.0,0.0,0.0,0.0,,,,,,,0.0,,
2013/06/07,12.5,12.5,12.5,12.5,0.0,0.0,0.0,0.0,0.0,0.0,0.0,0.0,0.0,,,,,,,0.0,,
2013/06/10,12.5,12.5,12.5,12.5,0.0,0.0,0.0,0.0,0.0,0.0,0.0,0.0,0.0,,,,,,,0.0,,
2013/06/11,13.0,13.0,13.0,13.0,1.0,13.0,4.0,0.0033,1.0,0.0,0.0,0.0,0.0,,,,,,,0.0,,
2013/06/13,13.0,13.0,13.0,13.0,0.0,0.0,0.0,0.0,0.0,0.0,0.0,0.0,0.0,,,,,,,0.0,,
2013/06/14,12.85,12.85,12.85,12.85,0.0,0.0,-1.1538,0.0,0.0,0.0,0.0,0.0,0.0,,,,,,,0.0,,
2013/06/17,12.85,12.85,12.85,12.85,0.0,0.0,0.0,0.0,0.0,0.0,0.0,0.0,0.0,,,,,,,0.0,,
2013/06/18,12.5,12.5,12.5,12.5,2.0,25.0,-2.7237,0.0067,2.0,0.0,0.0,0.0,0.0,,,,,,,0.0,,
2013/06/19,12.5,12.5,12.5,12.5,0.0,0.0,0.0,0.0,0.0,0.0,0.0,0.0,0.0,,,,,,,0.0,,
2013/06/20,13.15,13.15,13.15,13.15,1.0,13.0,5.2,0.0033,1.0,0.0,0.0,0.0,0.0,,,,,,,0.0,,
2013/06/21,13.15,13.15,13.15,13.15,0.0,0.0,0.0,0.0,0.0,0.0,0.0,0.0,0.0,,,,,,,0.0,,
2013/06/24,12.9,12.9,12.9,12.9,0.0,0.0,-1.9011,0.0,0.0,0.0,0.0,0.0,0.0,,,,,,,0.0,,
2013/06/25,12.9,12.9,12.9,12.9,0.0,0.0,0.0,0.0,0.0,0.0,0.0,0.0,0.0,,,,,,,0.0,,
2013/06/26,12.9,12.9,12.9,12.9,0.0,0.0,0.0,0.0,0.0,0.0,0.0,0.0,0.0,,,,,,,0.0,,
2013/06/27,12.9,12.9,12.9,12.9,0.0,0.0,0.0,0.0,0.0,0.0,0.0,0.0,0.0,,,,,,,0.0,,
2013/06/28,12.9,12.9,12.9,12.9,0.0,0.0,0.0,0.0,0.0,0.0,0.0,0.0,0.0,,,,,,,0.0,,
2013/07/01,12.7,12.7,12.7,12.7,0.0,0.0,-1.5504,0.0,0.0,0.0,0.0,0.0,0.0,,,,,,,0.0,,
2013/07/02,12.7,12.7,12.7,12.7,0.0,0.0,0.0,0.0,0.0,0.0,0.0,0.0,0.0,,,,,,,0.0,,
2013/07/03,12.7,12.7,12.7,12.7,0.0,0.0,0.0,0.0,0.0,0.0,0.0,0.0,0.0,,,,,,,0.0,,
2013/07/04,12.6,12.6,12.6,12.6,0.0,0.0,-0.7874,0.0,0.0,0.0,0.0,0.0,0.0,,,,,,,0.0,,
2013/07/05,12.5,12.8,12.5,12.8,3.0,38.0,1.5873,0.01,2.0,0.0,0.0,-2.0,-2.0,,,,,,,0.0,,
2013/07/08,12.8,12.8,12.8,12.8,0.0,0.0,0.0,0.0,0.0,0.0,0.0,0.0,0.0,,,,,,,0.0,,
2013/07/09,12.5,12.9,12.5,12.9,3.0,37.0,0.7813,0.01,3.0,0.0,0.0,0.0,0.0,,,,,,,0.0,,
2013/07/10,12.9,12.9,12.9,12.9,0.0,0.0,0.0,0.0,0.0,0.0,0.0,0.0,0.0,,,,,,,0.0,,
2013/07/11,12.9,12.9,12.9,12.9,0.0,0.0,0.0,0.0,0.0,0.0,0.0,0.0,0.0,,,,,,,0.0,,
2013/07/12,12.9,12.9,12.9,12.9,0.0,0.0,0.0,0.0,0.0,0.0,0.0,0.0,0.0,,,,,,,0.0,,
2013/07/15,12.9,12.9,12.9,12.9,0.0,0.0,0.0,0.0,0.0,0.0,0.0,0.0,0.0,,,,,,,0.0,,
2013/07/16,12.9,12.9,12.9,12.9,0.0,0.0,0.0,0.0,0.0,0.0,0.0,0.0,0.0,,,,,,,0.0,,
2013/07/17,12.9,12.9,12.9,12.9,0.0,0.0,0.0,0.0,0.0,0.0,0.0,0.0,0.0,,,,,,,0.0,,
2013/07/18,12.9,12.9,12.9,12.9,0.0,0.0,0.0,0.0,0.0,0.0,0.0,0.0,0.0,,,,,,,0.0,,
2013/07/19,12.5,12.9,12.5,12.9,3.0,37.0,0.0,0.01,3.0,0.0,0.0,0.0,0.0,,,,,,,0.0,,
2013/07/22,12.9,12.9,12.9,12.9,0.0,0.0,0.0,0.0,0.0,0.0,0.0,0.0,0.0,,,,,,,0.0,,
2013/07/23,12.9,12.9,12.9,12.9,0.0,0.0,0.0,0.0,0.0,0.0,0.0,0.0,0.0,,,,,,,0.0,,
2013/07/24,12.9,12.9,12.9,12.9,0.0,0.0,0.0,0.0,0.0,0.0,0.0,0.0,0.0,,,,,,,0.0,,
2013/07/25,12.5,12.95,12.5,12.95,2.0,25.0,0.3876,0.0067,2.0,0.0,0.0,0.0,0.0,,,,,,,0.0,,
2013/07/26,12.5,12.5,12.5,12.5,1.0,12.0,-3.4749,0.0033,1.0,0.0,0.0,0.0,0.0,,,,,,,0.0,,
2013/07/29,12.7,12.7,12.7,12.7,1.0,12.0,1.6,0.0033,1.0,0.0,0.0,0.0,0.0,,,,,,,0.0,,
2013/07/30,12.7,13.0,12.7,13.0,3.0,38.0,2.3622,0.01,3.0,0.0,0.0,0.0,0.0,,,,,,,0.0,,
2013/07/31,12.85,13.0,12.85,13.0,2.0,25.0,0.0,0.0067,2.0,0.0,0.0,0.0,0.0,,,,,,,0.0,,
2013/08/01,13.0,13.0,13.0,13.0,0.0,0.0,0.0,0.0,0.0,0.0,0.0,0.0,0.0,,,,,,,0.0,,
2013/08/02,12.55,12.55,12.55,12.55,1.0,12.0,-3.4615,0.0033,1.0,0.0,0.0,0.0,0.0,,,,,,,0.0,,
2013/08/05,12.55,12.55,12.55,12.55,0.0,0.0,0.0,0.0,0.0,0.0,0.0,0.0,0.0,,,,,,,0.0,,
2013/08/06,12.55,12.55,12.55,12.55,0.0,0.0,0.0,0.0,0.0,0.0,0.0,0.0,0.0,,,,,,,0.0,,
2013/08/07,12.55,12.55,12.55,12.55,0.0,0.0,0.0,0.0,0.0,0.0,0.0,0.0,0.0,,,,,,,0.0,,
2013/08/08,12.55,12.55,12.55,12.55,0.0,0.0,0.0,0.0,0.0,0.0,0.0,0.0,0.0,,,,,,,0.0,,
2013/08/09,12.55,12.55,12.55,12.55,0.0,0.0,0.0,0.0,0.0,0.0,0.0,0.0,0.0,,,,,,,0.0,,
2013/08/12,12.55,12.55,12.55,12.55,0.0,0.0,0.0,0.0,0.0,0.0,0.0,0.0,0.0,,,,,,,0.0,,
2013/08/13,12.55,12.55,12.55,12.55,0.0,0.0,0.0,0.0,0.0,0.0,0.0,0.0,0.0,,,,,,,0.0,,
2013/08/14,12.5,12.5,12.5,12.5,1.0,12.0,-0.3984,0.0033,1.0,0.0,0.0,0.0,0.0,,,,,,,0.0,,
2013/08/15,12.5,12.5,12.5,12.5,0.0,0.0,0.0,0.0,0.0,0.0,0.0,0.0,0.0,,,,,,,0.0,,
2013/08/16,12.5,12.5,12.5,12.5,0.0,0.0,0.0,0.0,0.0,0.0,0.0,0.0,0.0,,,,,,,0.0,,
2013/08/19,12.5,12.5,12.5,12.5,0.0,0.0,0.0,0.0,0.0,0.0,0.0,0.0,0.0,,,,,,,0.0,,
2013/08/20,12.5,12.5,12.5,12.5,0.0,0.0,0.0,0.0,0.0,0.0,0.0,0.0,0.0,,,,,,,0.0,,
2013/08/22,12.5,12.5,12.5,12.5,0.0,0.0,0.0,0.0,0.0,0.0,0.0,0.0,0.0,,,,,,,0.0,,
2013/08/23,12.5,12.5,12.5,12.5,0.0,0.0,0.0,0.0,0.0,0.0,0.0,0.0,0.0,,,,,,,0.0,,
2013/08/26,12.5,13.25,12.5,13.25,2.0,25.0,6.0,0.0067,2.0,0.0,0.0,0.0,0.0,,,,,,,0.0,,
2013/08/27,13.25,13.25,13.25,13.25,0.0,0.0,0.0,0.0,0.0,0.0,0.0,0.0,0.0,,,,,,,0.0,,
2013/08/28,13.05,13.05,13.05,13.05,0.0,0.0,-1.5094,0.0,0.0,0.0,0.0,0.0,0.0,,,,,,,0.0,,
2013/08/29,13.0,13.0,13.0,13.0,0.0,0.0,-0.3831,0.0,0.0,0.0,0.0,0.0,0.0,,,,,,,0.0,,
2013/08/30,13.0,13.0,13.0,13.0,0.0,0.0,0.0,0.0,0.0,0.0,0.0,0.0,0.0,,,,,,,0.0,,
2013/09/02,12.5,12.5,12.5,12.5,1.0,12.0,-3.8462,0.0033,1.0,0.0,0.0,0.0,0.0,,,,,,,0.0,,
2013/09/03,12.5,12.5,12.5,12.5,0.0,0.0,0.0,0.0,0.0,0.0,0.0,0.0,0.0,,,,,,,0.0,,
2013/09/04,12.5,12.5,12.5,12.5,0.0,0.0,0.0,0.0,0.0,0.0,0.0,0.0,0.0,,,,,,,0.0,,
2013/09/05,12.5,12.5,12.5,12.5,1.0,12.0,0.0,0.0033,1.0,0.0,0.0,0.0,0.0,,,,,,,0.0,,
2013/09/06,12.5,12.5,12.5,12.5,0.0,0.0,0.0,0.0,0.0,0.0,0.0,0.0,0.0,,,,,,,0.0,,
2013/09/09,12.5,12.5,12.5,12.5,1.0,12.0,0.0,0.0033,1.0,0.0,0.0,0.0,0.0,,,,,,,0.0,,
2013/09/10,12.5,12.5,12.5,12.5,0.0,0.0,0.0,0.0,0.0,0.0,0.0,0.0,0.0,,,,,,,0.0,,
2013/09/11,12.5,12.5,12.5,12.5,0.0,0.0,0.0,0.0,0.0,0.0,0.0,0.0,0.0,,,,,,,0.0,,
2013/09/12,12.5,12.5,12.5,12.5,2.0,27.0,0.0,0.0067,2.0,0.0,0.0,0.0,0.0,,,,,,,0.0,,
2013/09/13,12.5,12.5,12.5,12.5,0.0,0.0,0.0,0.0,0.0,0.0,0.0,0.0,0.0,,,,,,,0.0,,
2013/09/14,12.5,12.5,12.5,12.5,0.0,0.0,0.0,0.0,0.0,0.0,0.0,0.0,0.0,,,,,,,0.0,,
2013/09/16,12.5,12.5,12.5,12.5,2.0,25.0,0.0,0.0067,1.0,0.0,0.0,0.0,0.0,,,,,,,0.0,,
2013/09/17,12.5,12.5,12.5,12.5,0.0,0.0,0.0,0.0,0.0,0.0,0.0,0.0,0.0,,,,,,,0.0,,
2013/09/18,12.5,12.5,12.5,12.5,1.0,12.0,0.0,0.0033,1.0,0.0,0.0,0.0,0.0,,,,,,,0.0,,
2013/09/23,12.5,12.5,12.5,12.5,0.0,0.0,0.0,0.0,0.0,0.0,0.0,0.0,0.0,,,,,,,0.0,,
2013/09/24,12.5,12.5,12.5,12.5,31.0,387.0,0.0,0.1033,7.0,0.0,0.0,-30.0,-30.0,,,,,,,0.0,,
2013/09/25,12.5,12.5,12.4,12.4,6.0,74.0,-0.8,0.02,2.0,-5.0,0.0,0.0,-5.0,,,,,,,0.0,,
2013/09/26,12.5,12.85,12.5,12.85,3.0,37.0,3.629,0.01,3.0,0.0,0.0,0.0,0.0,,,,,,,0.0,,
2013/09/27,12.85,12.85,12.85,12.85,0.0,0.0,0.0,0.0,0.0,0.0,0.0,0.0,0.0,,,,,,,0.0,,
2013/09/30,12.85,12.85,12.85,12.85,0.0,0.0,0.0,0.0,0.0,0.0,0.0,0.0,0.0,,,,,,,0.0,,
2013/10/01,12.85,12.85,12.85,12.85,0.0,0.0,0.0,0.0,0.0,0.0,0.0,0.0,0.0,,,,,,,0.0,,
2013/10/02,12.8,12.8,12.8,12.8,0.0,0.0,-0.3891,0.0,0.0,0.0,0.0,0.0,0.0,,,,,,,0.0,,
2013/10/03,12.8,12.8,12.8,12.8,0.0,0.0,0.0,0.0,0.0,0.0,0.0,0.0,0.0,,,,,,,0.0,,
2013/10/04,12.5,12.5,12.5,12.5,7.0,87.0,-2.3438,0.0233,3.0,0.0,0.0,-5.0,-5.0,,,,,,,0.0,,
2013/10/07,12.5,12.5,12.5,12.5,0.0,0.0,0.0,0.0,0.0,0.0,0.0,0.0,0.0,,,,,,,0.0,,
2013/10/08,12.5,12.5,12.5,12.5,0.0,0.0,0.0,0.0,0.0,0.0,0.0,0.0,0.0,,,,,,,0.0,,
2013/10/09,12.5,12.5,12.5,12.5,0.0,0.0,0.0,0.0,0.0,0.0,0.0,0.0,0.0,,,,,,,0.0,,
2013/10/11,12.5,12.5,12.5,12.5,0.0,0.0,0.0,0.0,0.0,0.0,0.0,0.0,0.0,,,,,,,0.0,,
2013/10/14,12.55,12.55,12.55,12.55,1.0,12.0,0.4,0.0033,1.0,0.0,0.0,-1.0,-1.0,,,,,,,0.0,,
2013/10/15,12.55,12.55,12.55,12.55,0.0,0.0,0.0,0.0,0.0,0.0,0.0,0.0,0.0,,,,,,,0.0,,
2013/10/16,12.5,12.5,12.5,12.5,1.0,12.0,-0.3984,0.0033,1.0,0.0,0.0,0.0,0.0,,,,,,,0.0,,
2013/10/17,12.5,12.5,12.5,12.5,1.0,12.0,0.0,0.0033,1.0,0.0,0.0,0.0,0.0,,,,,,,0.0,,
2013/10/18,12.5,12.5,12.5,12.5,0.0,0.0,0.0,0.0,0.0,0.0,0.0,0.0,0.0,,,,,,,0.0,,
2013/10/21,12.5,12.5,12.5,12.5,5.0,62.0,0.0,0.0167,1.0,0.0,0.0,-5.0,-5.0,,,,,,,0.0,,
2013/10/22,12.5,12.5,12.5,12.5,5.0,62.0,0.0,0.0167,1.0,0.0,0.0,-5.0,-5.0,,,,,,,0.0,,
2013/10/23,12.5,12.5,12.5,12.5,0.0,0.0,0.0,0.0,0.0,0.0,0.0,0.0,0.0,,,,,,,0.0,,
2013/10/24,12.5,12.5,12.5,12.5,0.0,0.0,0.0,0.0,0.0,0.0,0.0,0.0,0.0,,,,,,,0.0,,
2013/10/25,12.5,12.5,12.5,12.5,1.0,12.0,0.0,0.0033,1.0,0.0,0.0,0.0,0.0,,,,,,,0.0,,
2013/10/28,12.5,12.5,12.5,12.5,0.0,0.0,0.0,0.0,0.0,0.0,0.0,0.0,0.0,,,,,,,0.0,,
2013/10/29,12.5,12.5,12.5,12.5,0.0,0.0,0.0,0.0,0.0,0.0,0.0,0.0,0.0,,,,,,,0.0,,
2013/10/30,12.5,12.5,12.5,12.5,0.0,0.0,0.0,0.0,0.0,0.0,0.0,0.0,0.0,,,,,,,0.0,,
2013/10/31,12.8,12.8,12.8,12.8,1.0,12.0,2.4,0.0033,1.0,0.0,0.0,-1.0,-1.0,,,,,,,0.0,,
2013/11/01,12.8,12.8,12.8,12.8,0.0,0.0,0.0,0.0,0.0,0.0,0.0,0.0,0.0,,,,,,,0.0,,
2013/11/04,12.75,12.75,12.75,12.75,0.0,0.0,-0.3906,0.0,0.0,0.0,0.0,0.0,0.0,,,,,,,0.0,,
2013/11/05,12.75,12.75,12.75,12.75,0.0,0.0,0.0,0.0,0.0,0.0,0.0,0.0,0.0,,,,,,,0.0,,
2013/11/06,12.75,12.75,12.75,12.75,0.0,0.0,0.0,0.0,0.0,0.0,0.0,0.0,0.0,,,,,,,0.0,,
2013/11/07,12.75,12.75,12.75,12.75,0.0,0.0,0.0,0.0,0.0,0.0,0.0,0.0,0.0,,,,,,,0.0,,
2013/11/08,12.5,12.5,12.5,12.5,1.0,12.0,-1.9608,0.0033,1.0,0.0,0.0,0.0,0.0,,,,,,,0.0,,
2013/11/11,12.5,12.5,12.5,12.5,1.0,12.0,0.0,0.0033,1.0,0.0,0.0,0.0,0.0,,,,,,,0.0,,
2013/11/12,12.5,12.5,12.5,12.5,0.0,0.0,0.0,0.0,0.0,0.0,0.0,0.0,0.0,,,,,,,0.0,,
2013/11/13,12.5,12.5,12.5,12.5,1.0,12.0,0.0,0.0033,1.0,0.0,0.0,0.0,0.0,,,,,,,0.0,,
2013/11/14,12.5,12.5,12.5,12.5,1.0,12.0,0.0,0.0033,1.0,0.0,0.0,0.0,0.0,,,,,,,0.0,,
2013/11/15,12.5,12.5,12.5,12.5,1.0,12.0,0.0,0.0033,1.0,0.0,0.0,0.0,0.0,,,,,,,0.0,,
2013/11/18,12.5,12.5,12.5,12.5,0.0,0.0,0.0,0.0,0.0,0.0,0.0,0.0,0.0,,,,,,,0.0,,
2013/11/19,12.5,12.5,12.5,12.5,0.0,0.0,0.0,0.0,0.0,0.0,0.0,0.0,0.0,,,,,,,0.0,,
2013/11/20,13.25,13.25,13.25,13.25,1.0,13.0,6.0,0.0033,1.0,0.0,0.0,0.0,0.0,,,,,,,0.0,,
2013/11/21,13.25,13.25,13.25,13.25,0.0,0.0,0.0,0.0,0.0,0.0,0.0,0.0,0.0,,,,,,,0.0,,
2013/11/22,12.95,12.95,12.95,12.95,0.0,0.0,-2.2642,0.0,0.0,0.0,0.0,0.0,0.0,,,,,,,0.0,,
2013/11/25,12.85,12.85,12.85,12.85,0.0,0.0,-0.7722,0.0,0.0,0.0,0.0,0.0,0.0,,,,,,,0.0,,
2013/11/26,12.85,12.85,12.85,12.85,0.0,0.0,0.0,0.0,0.0,0.0,0.0,0.0,0.0,,,,,,,0.0,,
2013/11/27,12.5,13.05,12.5,13.05,2.0,25.0,1.5564,0.0067,2.0,0.0,0.0,0.0,0.0,,,,,,,0.0,,
2013/11/28,13.05,13.05,13.05,13.05,0.0,0.0,0.0,0.0,0.0,0.0,0.0,0.0,0.0,,,,,,,0.0,,
2013/11/29,12.85,12.85,12.85,12.85,0.0,0.0,-1.5326,0.0,0.0,0.0,0.0,0.0,0.0,,,,,,,0.0,,
2013/12/02,12.85,12.85,12.85,12.85,0.0,0.0,0.0,0.0,0.0,0.0,0.0,0.0,0.0,,,,,,,0.0,,
2013/12/03,12.85,12.85,12.85,12.85,0.0,0.0,0.0,0.0,0.0,0.0,0.0,0.0,0.0,,,,,,,0.0,,
2013/12/04,12.85,12.85,12.85,12.85,0.0,0.0,0.0,0.0,0.0,0.0,0.0,0.0,0.0,,,,,,,0.0,,
2013/12/05,12.8,12.8,12.8,12.8,0.0,0.0,-0.3891,0.0,0.0,0.0,0.0,0.0,0.0,,,,,,,0.0,,
2013/12/06,13.05,13.05,13.05,13.05,1.0,13.0,1.9531,0.0033,1.0,0.0,0.0,0.0,0.0,,,,,,,0.0,,
2013/12/09,13.05,13.05,13.05,13.05,0.0,0.0,0.0,0.0,0.0,0.0,0.0,0.0,0.0,,,,,,,0.0,,
2013/12/10,12.8,12.8,12.8,12.8,0.0,0.0,-1.9157,0.0,0.0,0.0,0.0,0.0,0.0,,,,,,,0.0,,
2013/12/11,12.8,12.8,12.8,12.8,0.0,0.0,0.0,0.0,0.0,0.0,0.0,0.0,0.0,,,,,,,0.0,,
2013/12/12,12.5,12.5,12.5,12.5,1.0,12.0,-2.3438,0.0033,1.0,0.0,0.0,0.0,0.0,,,,,,,0.0,,
2013/12/13,12.5,12.5,12.5,12.5,1.0,12.0,0.0,0.0033,1.0,0.0,0.0,0.0,0.0,,,,,,,0.0,,
2013/12/16,12.5,12.5,12.5,12.5,1.0,12.0,0.0,0.0033,1.0,0.0,0.0,0.0,0.0,,,,,,,0.0,,
2013/12/17,12.5,12.5,12.5,12.5,0.0,0.0,0.0,0.0,0.0,0.0,0.0,0.0,0.0,,,,,,,0.0,,
2013/12/18,12.5,12.5,12.5,12.5,0.0,0.0,0.0,0.0,0.0,0.0,0.0,0.0,0.0,,,,,,,0.0,,
2013/12/19,12.5,12.5,12.5,12.5,0.0,0.0,0.0,0.0,0.0,0.0,0.0,0.0,0.0,,,,,,,0.0,,
2013/12/20,12.5,12.5,12.5,12.5,1.0,12.0,0.0,0.0033,1.0,0.0,0.0,0.0,0.0,,,,,,,0.0,,
2013/12/23,12.5,12.5,12.5,12.5,0.0,0.0,0.0,0.0,0.0,0.0,0.0,0.0,0.0,,,,,,,0.0,,
2013/12/24,12.5,12.5,12.5,12.5,1.0,12.0,0.0,0.0033,1.0,0.0,0.0,0.0,0.0,,,,,,,0.0,,
2013/12/25,12.5,12.5,12.5,12.5,1.0,12.0,0.0,0.0033,1.0,0.0,0.0,0.0,0.0,,,,,,,0.0,,
2013/12/26,12.95,12.95,12.4,12.5,4.0,50.0,0.0,0.0133,4.0,0.0,0.0,0.0,0.0,,,,,,,0.0,,
2013/12/27,12.5,12.5,12.5,12.5,0.0,0.0,0.0,0.0,0.0,0.0,0.0,0.0,0.0,,,,,,,0.0,,
2013/12/30,12.5,12.5,12.5,12.5,1.0,12.0,0.0,0.0033,1.0,0.0,0.0,0.0,0.0,,,,,,,0.0,,
2013/12/31,12.5,12.5,12.5,12.5,1.0,12.0,0.0,0.0033,1.0,0.0,0.0,0.0,0.0,,,,,,,0.0,,
2014/01/02,12.5,12.5,12.5,12.5,0.0,0.0,0.0,0.0,0.0,0.0,0.0,0.0,0.0,,,,,,,0.0,,
2014/01/03,12.5,12.5,12.5,12.5,1.0,12.0,0.0,0.0033,1.0,0.0,0.0,0.0,0.0,,,,,,,0.0,,
2014/01/06,12.5,12.5,12.5,12.5,0.0,0.0,0.0,0.0,0.0,0.0,0.0,0.0,0.0,,,,,,,0.0,,
2014/01/07,12.5,12.5,12.5,12.5,1.0,12.0,0.0,0.0033,1.0,0.0,0.0,0.0,0.0,,,,,,,0.0,,
2014/01/08,12.5,12.5,12.5,12.5,0.0,0.0,0.0,0.0,0.0,0.0,0.0,0.0,0.0,,,,,,,0.0,,
2014/01/09,12.5,12.5,12.5,12.5,1.0,12.0,0.0,0.0033,1.0,0.0,0.0,0.0,0.0,,,,,,,0.0,,
2014/01/10,12.5,12.5,12.5,12.5,0.0,0.0,0.0,0.0,0.0,0.0,0.0,0.0,0.0,,,,,,,0.0,,
2014/01/13,12.5,12.5,12.5,12.5,0.0,0.0,0.0,0.0,0.0,0.0,0.0,0.0,0.0,,,,,,,0.0,,
2014/01/14,12.5,12.5,12.5,12.5,0.0,0.0,0.0,0.0,0.0,0.0,0.0,0.0,0.0,,,,,,,0.0,,
2014/01/15,12.5,12.5,12.5,12.5,0.0,0.0,0.0,0.0,0.0,0.0,0.0,0.0,0.0,,,,,,,0.0,,
2014/01/16,12.5,12.5,12.5,12.5,1.0,12.0,0.0,0.0033,1.0,0.0,0.0,0.0,0.0,,,,,,,0.0,,
2014/01/17,12.5,12.5,12.5,12.5,0.0,0.0,0.0,0.0,0.0,0.0,0.0,0.0,0.0,,,,,,,0.0,,
2014/01/20,12.5,12.5,12.5,12.5,0.0,0.0,0.0,0.0,0.0,0.0,0.0,0.0,0.0,,,,,,,0.0,,
2014/01/21,12.5,12.5,12.5,12.5,0.0,0.0,0.0,0.0,0.0,0.0,0.0,0.0,0.0,,,,,,,0.0,,
2014/01/22,12.5,12.5,12.5,12.5,0.0,0.0,0.0,0.0,0.0,0.0,0.0,0.0,0.0,,,,,,,0.0,,
2014/01/23,12.5,12.5,12.5,12.5,0.0,0.0,0.0,0.0,0.0,0.0,0.0,0.0,0.0,,,,,,,0.0,,
2014/01/24,12.5,12.5,12.5,12.5,0.0,0.0,0.0,0.0,0.0,0.0,0.0,0.0,0.0,,,,,,,0.0,,
2014/01/27,12.5,12.5,12.5,12.5,1.0,12.0,0.0,0.0033,1.0,0.0,0.0,0.0,0.0,,,,,,,0.0,,
2014/02/05,12.5,12.5,12.5,12.5,1.0,12.0,0.0,0.0033,1.0,0.0,0.0,0.0,0.0,,,,,,,0.0,,
2014/02/06,12.5,12.5,12.5,12.5,0.0,0.0,0.0,0.0,0.0,0.0,0.0,0.0,0.0,,,,,,,0.0,,
2014/02/07,12.5,12.5,12.5,12.5,0.0,0.0,0.0,0.0,0.0,0.0,0.0,0.0,0.0,,,,,,,0.0,,
2014/02/10,12.5,12.5,12.5,12.5,1.0,12.0,0.0,0.0033,1.0,0.0,0.0,0.0,0.0,,,,,,,0.0,,
2014/02/11,12.5,12.5,12.5,12.5,1.0,12.0,0.0,0.0033,1.0,0.0,0.0,0.0,0.0,,,,,,,0.0,,
2014/02/12,12.5,12.5,12.5,12.5,1.0,12.0,0.0,0.0033,1.0,0.0,0.0,0.0,0.0,,,,,,,0.0,,
2014/02/13,12.5,12.5,12.5,12.5,0.0,0.0,0.0,0.0,0.0,0.0,0.0,0.0,0.0,,,,,,,0.0,,
2014/02/14,12.5,12.5,12.5,12.5,0.0,0.0,0.0,0.0,0.0,0.0,0.0,0.0,0.0,,,,,,,0.0,,
2014/02/17,12.5,12.5,12.5,12.5,0.0,0.0,0.0,0.0,0.0,0.0,0.0,0.0,0.0,,,,,,,0.0,,
2014/02/18,12.5,12.5,12.5,12.5,0.0,0.0,0.0,0.0,0.0,0.0,0.0,0.0,0.0,,,,,,,0.0,,
2014/02/19,12.5,12.5,12.5,12.5,1.0,12.0,0.0,0.0033,1.0,0.0,0.0,0.0,0.0,,,,,,,0.0,,
2014/02/20,12.5,12.5,12.5,12.5,2.0,25.0,0.0,0.0067,2.0,0.0,0.0,0.0,0.0,,,,,,,0.0,,
2014/02/21,12.5,12.5,12.5,12.5,1.0,12.0,0.0,0.0033,1.0,0.0,0.0,0.0,0.0,,,,,,,0.0,,
2014/02/24,12.5,12.5,12.5,12.5,0.0,0.0,0.0,0.0,0.0,0.0,0.0,0.0,0.0,,,,,,,0.0,,
2014/02/25,12.5,12.5,12.5,12.5,0.0,0.0,0.0,0.0,0.0,0.0,0.0,0.0,0.0,,,,,,,0.0,,
2014/02/26,12.5,12.5,12.5,12.5,0.0,0.0,0.0,0.0,0.0,0.0,0.0,0.0,0.0,,,,,,,0.0,,
2014/02/27,12.5,12.5,12.5,12.5,0.0,0.0,0.0,0.0,0.0,0.0,0.0,0.0,0.0,,,,,,,0.0,,
2014/03/03,12.5,12.5,12.5,12.5,0.0,0.0,0.0,0.0,0.0,0.0,0.0,0.0,0.0,,,,,,,0.0,,
2014/03/04,12.5,12.5,12.5,12.5,0.0,0.0,0.0,0.0,0.0,0.0,0.0,0.0,0.0,,,,,,,0.0,,
2014/03/05,12.5,12.5,12.5,12.5,0.0,0.0,0.0,0.0,0.0,0.0,0.0,0.0,0.0,,,,,,,0.0,,
2014/03/06,12.5,12.5,12.5,12.5,0.0,0.0,0.0,0.0,0.0,0.0,0.0,0.0,0.0,,,,,,,0.0,,
2014/03/07,12.5,12.5,12.5,12.5,0.0,0.0,0.0,0.0,0.0,0.0,0.0,0.0,0.0,,,,,,,0.0,,
2014/03/10,12.5,12.5,12.5,12.5,0.0,0.0,0.0,0.0,0.0,0.0,0.0,0.0,0.0,,,,,,,0.0,,
2014/03/11,12.5,12.5,12.5,12.5,0.0,0.0,0.0,0.0,0.0,0.0,0.0,0.0,0.0,,,,,,,0.0,,
2014/03/12,12.5,12.5,12.5,12.5,0.0,0.0,0.0,0.0,0.0,0.0,0.0,0.0,0.0,,,,,,,0.0,,
2014/03/13,12.5,12.5,12.5,12.5,0.0,0.0,0.0,0.0,0.0,0.0,0.0,0.0,0.0,,,,,,,0.0,,
2014/03/14,12.5,12.5,12.5,12.5,1.0,12.0,0.0,0.0033,1.0,0.0,0.0,0.0,0.0,,,,,,,0.0,,
2014/03/17,12.5,12.5,12.5,12.5,0.0,0.0,0.0,0.0,0.0,0.0,0.0,0.0,0.0,,,,,,,0.0,,
2014/03/18,12.5,12.5,12.5,12.5,0.0,0.0,0.0,0.0,0.0,0.0,0.0,0.0,0.0,,,,,,,0.0,,
2014/03/19,12.5,12.5,12.5,12.5,0.0,0.0,0.0,0.0,0.0,0.0,0.0,0.0,0.0,,,,,,,0.0,,
2014/03/20,12.5,12.5,12.5,12.5,0.0,0.0,0.0,0.0,0.0,0.0,0.0,0.0,0.0,,,,,,,0.0,,
2014/03/21,12.5,12.5,12.5,12.5,0.0,0.0,0.0,0.0,0.0,0.0,0.0,0.0,0.0,,,,,,,0.0,,
2014/03/24,12.5,12.5,12.5,12.5,0.0,0.0,0.0,0.0,0.0,0.0,0.0,0.0,0.0,,,,,,,0.0,,
2014/03/25,12.5,12.5,12.5,12.5,0.0,0.0,0.0,0.0,0.0,0.0,0.0,0.0,0.0,,,,,,,0.0,,
2014/03/26,12.5,12.5,12.5,12.5,0.0,0.0,0.0,0.0,0.0,0.0,0.0,0.0,0.0,,,,,,,0.0,,
2014/03/27,12.5,12.5,12.5,12.5,0.0,0.0,0.0,0.0,0.0,0.0,0.0,0.0,0.0,,,,,,,0.0,,
2014/03/28,12.5,12.5,12.5,12.5,0.0,0.0,0.0,0.0,0.0,0.0,0.0,0.0,0.0,,,,,,,0.0,,
2014/03/31,12.5,12.5,12.5,12.5,0.0,0.0,0.0,0.0,0.0,0.0,0.0,0.0,0.0,,,,,,,0.0,,
2014/04/01,12.5,12.5,12.5,12.5,1.0,12.0,0.0,0.0033,1.0,0.0,0.0,0.0,0.0,,,,,,,0.0,,
2014/04/02,12.5,12.5,12.5,12.5,0.0,0.0,0.0,0.0,0.0,0.0,0.0,0.0,0.0,,,,,,,0.0,,
2014/04/03,12.5,12.5,12.5,12.5,0.0,0.0,0.0,0.0,0.0,0.0,0.0,0.0,0.0,,,,,,,0.0,,
2014/04/07,12.5,12.5,12.5,12.5,1.0,12.0,0.0,0.0033,1.0,0.0,0.0,0.0,0.0,,,,,,,0.0,,
2014/04/08,12.5,12.5,12.5,12.5,0.0,0.0,0.0,0.0,0.0,0.0,0.0,0.0,0.0,,,,,,,0.0,,
2014/04/09,12.5,12.5,12.5,12.5,0.0,0.0,0.0,0.0,0.0,0.0,0.0,0.0,0.0,,,,,,,0.0,,
2014/04/10,12.5,12.5,12.5,12.5,0.0,0.0,0.0,0.0,0.0,0.0,0.0,0.0,0.0,,,,,,,0.0,,
2014/04/11,12.5,12.5,12.5,12.5,4.0,50.0,0.0,0.0133,4.0,0.0,0.0,0.0,0.0,,,,,,,0.0,,
2014/04/14,12.5,12.5,12.5,12.5,0.0,0.0,0.0,0.0,0.0,0.0,0.0,0.0,0.0,,,,,,,0.0,,
2014/04/15,12.5,12.5,12.5,12.5,0.0,0.0,0.0,0.0,0.0,0.0,0.0,0.0,0.0,,,,,,,0.0,,
2014/04/16,12.5,12.5,12.5,12.5,0.0,0.0,0.0,0.0,0.0,0.0,0.0,0.0,0.0,,,,,,,0.0,,
2014/04/17,12.5,12.5,12.5,12.5,0.0,0.0,0.0,0.0,0.0,0.0,0.0,0.0,0.0,,,,,,,0.0,,
2014/04/18,12.5,12.5,12.5,12.5,1.0,12.0,0.0,0.0033,1.0,0.0,0.0,0.0,0.0,,,,,,,0.0,,
2014/04/21,12.5,12.5,12.5,12.5,1.0,12.0,0.0,0.0033,1.0,0.0,0.0,0.0,0.0,,,,,,,0.0,,
2014/04/22,12.5,12.5,12.5,12.5,0.0,0.0,0.0,0.0,0.0,0.0,0.0,0.0,0.0,,,,,,,0.0,,
2014/04/23,12.5,12.5,12.5,12.5,0.0,0.0,0.0,0.0,0.0,0.0,0.0,0.0,0.0,,,,,,,0.0,,
2014/04/24,12.5,12.5,12.5,12.5,0.0,0.0,0.0,0.0,0.0,0.0,0.0,0.0,0.0,,,,,,,0.0,,
2014/04/25,12.5,12.5,12.5,12.5,0.0,0.0,0.0,0.0,0.0,0.0,0.0,0.0,0.0,,,,,,,0.0,,
2014/04/28,12.5,12.5,12.5,12.5,0.0,0.0,0.0,0.0,0.0,0.0,0.0,0.0,0.0,,,,,,,0.0,,
2014/04/29,12.5,12.5,12.5,12.5,0.0,0.0,0.0,0.0,0.0,0.0,0.0,0.0,0.0,,,,,,,0.0,,
2014/04/30,12.5,12.5,12.5,12.5,0.0,0.0,0.0,0.0,0.0,0.0,0.0,0.0,0.0,,,,,,,0.0,,
2014/05/02,12.5,12.5,12.5,12.5,1.0,12.0,0.0,0.0033,1.0,0.0,0.0,0.0,0.0,,,,,,,0.0,,
2014/05/05,12.5,12.5,12.5,12.5,1.0,12.0,0.0,0.0033,1.0,0.0,0.0,0.0,0.0,,,,,,,0.0,,
2014/05/06,12.5,12.5,12.5,12.5,0.0,0.0,0.0,0.0,0.0,0.0,0.0,0.0,0.0,,,,,,,0.0,,
2014/05/07,12.5,12.5,12.5,12.5,0.0,0.0,0.0,0.0,0.0,0.0,0.0,0.0,0.0,,,,,,,0.0,,
2014/05/08,12.5,12.5,12.5,12.5,0.0,0.0,0.0,0.0,0.0,0.0,0.0,0.0,0.0,,,,,,,0.0,,
2014/05/09,12.5,12.5,12.5,12.5,0.0,0.0,0.0,0.0,0.0,0.0,0.0,0.0,0.0,,,,,,,0.0,,
2014/05/12,12.5,12.5,12.5,12.5,0.0,0.0,0.0,0.0,0.0,0.0,0.0,0.0,0.0,,,,,,,0.0,,
2014/05/13,12.5,12.5,12.5,12.5,0.0,0.0,0.0,0.0,0.0,0.0,0.0,0.0,0.0,,,,,,,0.0,,
2014/05/14,12.5,12.5,12.5,12.5,0.0,0.0,0.0,0.0,0.0,0.0,0.0,0.0,0.0,,,,,,,0.0,,
2014/05/15,12.5,12.5,12.5,12.5,0.0,0.0,0.0,0.0,0.0,0.0,0.0,0.0,0.0,,,,,,,0.0,,
2014/05/16,12.5,12.5,12.5,12.5,0.0,0.0,0.0,0.0,0.0,0.0,0.0,0.0,0.0,,,,,,,0.0,,
2014/05/19,12.5,12.5,12.5,12.5,0.0,0.0,0.0,0.0,0.0,0.0,0.0,0.0,0.0,,,,,,,0.0,,
2014/05/20,12.5,12.5,12.5,12.5,0.0,0.0,0.0,0.0,0.0,0.0,0.0,0.0,0.0,,,,,,,0.0,,
2014/05/21,12.5,12.5,12.5,12.5,0.0,0.0,0.0,0.0,0.0,0.0,0.0,0.0,0.0,,,,,,,0.0,,
2014/05/22,12.5,12.5,12.5,12.5,0.0,0.0,0.0,0.0,0.0,0.0,0.0,0.0,0.0,,,,,,,0.0,,
2014/05/23,12.5,12.5,12.5,12.5,0.0,0.0,0.0,0.0,0.0,0.0,0.0,0.0,0.0,,,,,,,0.0,,
2014/05/26,12.5,12.5,12.5,12.5,0.0,0.0,0.0,0.0,0.0,0.0,0.0,0.0,0.0,,,,,,,0.0,,
2014/05/27,12.5,12.5,12.5,12.5,0.0,0.0,0.0,0.0,0.0,0.0,0.0,0.0,0.0,,,,,,,0.0,,
2014/05/28,12.5,12.5,12.5,12.5,1.0,12.0,0.0,0.0033,1.0,0.0,0.0,0.0,0.0,,,,,,,0.0,,
2014/05/29,12.5,12.5,12.5,12.5,0.0,0.0,0.0,0.0,0.0,0.0,0.0,0.0,0.0,,,,,,,0.0,,
2014/05/30,12.5,12.5,12.5,12.5,0.0,0.0,0.0,0.0,0.0,0.0,0.0,0.0,0.0,,,,,,,0.0,,
2014/06/03,12.5,12.5,12.5,12.5,0.0,0.0,0.0,0.0,0.0,0.0,0.0,0.0,0.0,,,,,,,0.0,,
2014/06/04,12.5,12.5,12.5,12.5,0.0,0.0,0.0,0.0,0.0,0.0,0.0,0.0,0.0,,,,,,,0.0,,
2014/06/05,12.5,12.5,12.5,12.5,0.0,0.0,0.0,0.0,0.0,0.0,0.0,0.0,0.0,,,,,,,0.0,,
2014/06/06,12.5,12.5,12.5,12.5,0.0,0.0,0.0,0.0,0.0,0.0,0.0,0.0,0.0,,,,,,,0.0,,
2014/06/09,12.5,12.5,12.5,12.5,1.0,12.0,0.0,0.0033,1.0,0.0,0.0,0.0,0.0,,,,,,,0.0,,
2014/06/10,12.5,12.5,12.5,12.5,0.0,0.0,0.0,0.0,0.0,0.0,0.0,0.0,0.0,,,,,,,0.0,,
2014/06/11,12.5,12.5,12.5,12.5,0.0,0.0,0.0,0.0,0.0,0.0,0.0,0.0,0.0,,,,,,,0.0,,
2014/06/12,12.5,12.5,12.5,12.5,0.0,0.0,0.0,0.0,0.0,0.0,0.0,0.0,0.0,,,,,,,0.0,,
2014/06/13,12.5,12.5,12.5,12.5,0.0,0.0,0.0,0.0,0.0,0.0,0.0,0.0,0.0,,,,,,,0.0,,
2014/06/16,12.5,12.5,12.5,12.5,0.0,0.0,0.0,0.0,0.0,0.0,0.0,0.0,0.0,,,,,,,0.0,,
2014/06/17,12.5,12.5,12.5,12.5,0.0,0.0,0.0,0.0,0.0,0.0,0.0,0.0,0.0,,,,,,,0.0,,
2014/06/18,12.5,12.5,12.5,12.5,0.0,0.0,0.0,0.0,0.0,0.0,0.0,0.0,0.0,,,,,,,0.0,,
2014/06/19,12.5,12.5,12.5,12.5,0.0,0.0,0.0,0.0,0.0,0.0,0.0,0.0,0.0,,,,,,,0.0,,
2014/06/20,12.5,12.5,12.5,12.5,1.0,12.0,0.0,0.0033,1.0,0.0,0.0,0.0,0.0,,,,,,,0.0,,
2014/06/23,12.5,12.5,12.5,12.5,0.0,0.0,0.0,0.0,0.0,0.0,0.0,0.0,0.0,,,,,,,0.0,,
2014/06/24,12.5,12.5,12.5,12.5,0.0,0.0,0.0,0.0,0.0,0.0,0.0,0.0,0.0,,,,,,,0.0,,
2014/06/25,12.5,12.5,12.5,12.5,0.0,0.0,0.0,0.0,0.0,0.0,0.0,0.0,0.0,,,,,,,0.0,,
2014/06/26,12.5,12.5,12.5,12.5,0.0,0.0,0.0,0.0,0.0,0.0,0.0,0.0,0.0,,,,,,,0.0,,
2014/06/27,12.5,12.5,12.5,12.5,0.0,0.0,0.0,0.0,0.0,0.0,0.0,0.0,0.0,,,,,,,0.0,,
2014/06/30,12.5,12.5,12.5,12.5,0.0,0.0,0.0,0.0,0.0,0.0,0.0,0.0,0.0,,,,,,,0.0,,
2014/07/01,12.5,12.5,12.5,12.5,0.0,0.0,0.0,0.0,0.0,0.0,0.0,0.0,0.0,,,,,,,0.0,,
2014/07/02,12.5,12.5,12.5,12.5,1.0,12.0,0.0,0.0033,1.0,0.0,0.0,0.0,0.0,,,,,,,0.0,,
2014/07/03,12.5,12.5,12.5,12.5,0.0,0.0,0.0,0.0,0.0,0.0,0.0,0.0,0.0,,,,,,,0.0,,
2014/07/04,12.5,12.5,12.5,12.5,0.0,0.0,0.0,0.0,0.0,0.0,0.0,0.0,0.0,,,,,,,0.0,,
2014/07/07,12.5,12.5,12.5,12.5,0.0,0.0,0.0,0.0,0.0,0.0,0.0,0.0,0.0,,,,,,,0.0,,
2014/07/08,12.5,12.5,12.5,12.5,0.0,0.0,0.0,0.0,0.0,0.0,0.0,0.0,0.0,,,,,,,0.0,,
2014/07/09,12.5,12.5,12.5,12.5,0.0,0.0,0.0,0.0,0.0,0.0,0.0,0.0,0.0,,,,,,,0.0,,
2014/07/10,12.5,12.5,12.5,12.5,0.0,0.0,0.0,0.0,0.0,0.0,0.0,0.0,0.0,,,,,,,0.0,,
2014/07/11,12.5,12.5,12.5,12.5,0.0,0.0,0.0,0.0,0.0,0.0,0.0,0.0,0.0,,,,,,,0.0,,
2014/07/14,12.5,12.5,12.5,12.5,0.0,0.0,0.0,0.0,0.0,0.0,0.0,0.0,0.0,,,,,,,0.0,,
2014/07/15,12.5,12.5,12.5,12.5,1.0,12.0,0.0,0.0033,1.0,0.0,0.0,0.0,0.0,,,,,,,0.0,,
2014/07/16,12.5,12.5,12.5,12.5,3.0,37.0,0.0,0.01,3.0,0.0,0.0,-3.0,-3.0,,,,,,,0.0,,
2014/07/17,12.5,12.5,12.5,12.5,0.0,0.0,0.0,0.0,0.0,0.0,0.0,0.0,0.0,,,,,,,0.0,,
2014/07/18,12.5,12.5,12.5,12.5,0.0,0.0,0.0,0.0,0.0,0.0,0.0,0.0,0.0,,,,,,,0.0,,
2014/07/21,12.5,12.5,12.5,12.5,0.0,0.0,0.0,0.0,0.0,0.0,0.0,0.0,0.0,,,,,,,0.0,,
2014/07/22,12.5,12.5,12.5,12.5,0.0,0.0,0.0,0.0,0.0,0.0,0.0,0.0,0.0,,,,,,,0.0,,
2014/07/24,12.45,12.45,12.45,12.45,1.0,12.0,-0.4,0.0033,1.0,0.0,0.0,-1.0,-1.0,,,,,,,0.0,,
2014/07/25,12.5,12.5,12.5,12.5,1.0,12.0,0.4016,0.0033,1.0,0.0,0.0,-1.0,-1.0,,,,,,,0.0,,
2014/07/28,12.5,12.5,12.5,12.5,7.0,87.0,0.0,0.0233,3.0,0.0,0.0,-7.0,-7.0,,,,,,,0.0,,
2014/07/29,12.5,12.5,12.5,12.5,1.0,12.0,0.0,0.0033,1.0,0.0,0.0,-1.0,-1.0,,,,,,,0.0,,
2014/07/30,12.5,12.5,12.5,12.5,0.0,0.0,0.0,0.0,0.0,0.0,0.0,0.0,0.0,,,,,,,0.0,,
2014/07/31,12.5,12.5,12.5,12.5,0.0,0.0,0.0,0.0,0.0,0.0,0.0,0.0,0.0,,,,,,,0.0,,
2014/08/01,12.5,12.5,12.5,12.5,0.0,0.0,0.0,0.0,0.0,0.0,0.0,0.0,0.0,,,,,,,0.0,,
2014/08/04,12.5,12.5,12.5,12.5,0.0,0.0,0.0,0.0,0.0,0.0,0.0,0.0,0.0,,,,,,,0.0,,
2014/08/05,12.5,12.5,12.5,12.5,1.0,12.0,0.0,0.0033,1.0,0.0,0.0,0.0,0.0,,,,,,,0.0,,
2014/08/06,12.5,12.5,12.5,12.5,0.0,0.0,0.0,0.0,0.0,0.0,0.0,0.0,0.0,,,,,,,0.0,,
2014/08/07,12.5,12.5,12.5,12.5,0.0,0.0,0.0,0.0,0.0,0.0,0.0,0.0,0.0,,,,,,,0.0,,
2014/08/08,12.5,12.5,12.5,12.5,1.0,12.0,0.0,0.0033,1.0,0.0,0.0,0.0,0.0,,,,,,,0.0,,
2014/08/11,11.7,12.5,11.7,12.5,2.0,24.0,0.0,0.0067,2.0,0.0,0.0,-1.0,-1.0,,,,,,,0.0,,
2014/08/12,12.5,12.5,12.5,12.5,0.0,0.0,0.0,0.0,0.0,0.0,0.0,0.0,0.0,,,,,,,0.0,,
2014/08/13,12.5,12.5,12.5,12.5,1.0,12.0,0.0,0.0033,1.0,0.0,0.0,0.0,0.0,,,,,,,0.0,,
2014/08/14,12.5,12.5,12.5,12.5,0.0,0.0,0.0,0.0,0.0,0.0,0.0,0.0,0.0,,,,,,,0.0,,
2014/08/15,12.5,12.5,12.5,12.5,1.0,12.0,0.0,0.0033,1.0,0.0,0.0,-1.0,-1.0,,,,,,,0.0,,
2014/08/18,12.5,12.5,12.5,12.5,1.0,12.0,0.0,0.0033,1.0,0.0,0.0,-1.0,-1.0,,,,,,,0.0,,
2014/08/19,12.5,12.5,12.5,12.5,1.0,12.0,0.0,0.0033,1.0,0.0,0.0,-1.0,-1.0,,,,,,,0.0,,
2014/08/20,12.5,12.5,12.5,12.5,0.0,0.0,0.0,0.0,0.0,0.0,0.0,0.0,0.0,,,,,,,0.0,,
2014/08/21,12.5,12.5,12.5,12.5,1.0,12.0,0.0,0.0033,1.0,0.0,0.0,-1.0,-1.0,,,,,,,0.0,,
2014/08/22,12.5,12.5,12.5,12.5,1.0,12.0,0.0,0.0033,2.0,0.0,0.0,0.0,0.0,,,,,,,0.0,,
2014/08/25,13.0,13.15,13.0,13.15,2.0,26.0,5.2,0.0067,2.0,0.0,0.0,0.0,0.0,,,,,,,0.0,,
2014/08/26,13.15,13.15,13.15,13.15,0.0,0.0,0.0,0.0,0.0,0.0,0.0,0.0,0.0,,,,,,,0.0,,
2014/08/27,13.15,13.15,13.15,13.15,0.0,0.0,0.0,0.0,0.0,0.0,0.0,0.0,0.0,,,,,,,0.0,,
2014/08/28,13.15,13.15,13.15,13.15,0.0,0.0,0.0,0.0,0.0,0.0,0.0,0.0,0.0,,,,,,,0.0,,
2014/08/29,12.55,13.1,12.55,13.1,2.0,25.0,-0.3802,0.0067,2.0,0.0,0.0,0.0,0.0,,,,,,,0.0,,
2014/09/01,12.8,12.8,12.75,12.75,8.0,102.0,-2.6718,0.0267,4.0,0.0,0.0,-6.0,-6.0,,,,,,,0.0,,
2014/09/02,12.75,12.75,12.75,12.75,0.0,0.0,0.0,0.0,0.0,0.0,0.0,0.0,0.0,,,,,,,0.0,,
2014/09/03,12.75,12.75,12.75,12.75,0.0,0.0,0.0,0.0,0.0,0.0,0.0,0.0,0.0,,,,,,,0.0,,
2014/09/04,12.75,12.75,12.75,12.75,0.0,0.0,0.0,0.0,0.0,0.0,0.0,0.0,0.0,,,,,,,0.0,,
2014/09/05,12.75,12.75,12.75,12.75,0.0,0.0,0.0,0.0,0.0,0.0,0.0,0.0,0.0,,,,,,,0.0,,
2014/09/09,12.75,12.75,12.75,12.75,0.0,0.0,0.0,0.0,0.0,0.0,0.0,0.0,0.0,,,,,,,0.0,,
2014/09/10,12.75,12.75,12.75,12.75,0.0,0.0,0.0,0.0,0.0,0.0,0.0,0.0,0.0,,,,,,,0.0,,
2014/09/11,12.75,12.75,12.75,12.75,0.0,0.0,0.0,0.0,0.0,0.0,0.0,0.0,0.0,,,,,,,0.0,,
2014/09/12,12.75,12.75,12.75,12.75,0.0,0.0,0.0,0.0,0.0,0.0,0.0,0.0,0.0,,,,,,,0.0,,
2014/09/15,12.75,12.75,12.75,12.75,0.0,0.0,0.0,0.0,0.0,0.0,0.0,0.0,0.0,,,,,,,0.0,,
2014/09/16,12.75,12.75,12.75,12.75,0.0,0.0,0.0,0.0,0.0,0.0,0.0,0.0,0.0,,,,,,,0.0,,
2014/09/17,12.75,12.75,12.75,12.75,0.0,0.0,0.0,0.0,0.0,0.0,0.0,0.0,0.0,,,,,,,0.0,,
2014/09/18,12.75,12.75,12.75,12.75,0.0,0.0,0.0,0.0,0.0,0.0,0.0,0.0,0.0,,,,,,,0.0,,
2014/09/19,12.75,12.75,12.75,12.75,0.0,0.0,0.0,0.0,0.0,0.0,0.0,0.0,0.0,,,,,,,0.0,,
2014/09/22,12.75,12.75,12.75,12.75,0.0,0.0,0.0,0.0,0.0,0.0,0.0,0.0,0.0,,,,,,,0.0,,
2014/09/23,12.75,12.75,12.75,12.75,0.0,0.0,0.0,0.0,0.0,0.0,0.0,0.0,0.0,,,,,,,0.0,,
2014/09/24,12.5,12.5,12.5,12.5,1.0,12.0,-1.9608,0.0033,1.0,0.0,0.0,-1.0,-1.0,,,,,,,0.0,,
2014/09/25,12.5,12.5,12.5,12.5,2.0,25.0,0.0,0.0067,2.0,0.0,0.0,0.0,0.0,,,,,,,0.0,,
2014/09/26,12.5,12.5,12.5,12.5,0.0,0.0,0.0,0.0,0.0,0.0,0.0,0.0,0.0,,,,,,,0.0,,
2014/09/29,12.5,12.5,12.5,12.5,2.0,25.0,0.0,0.0067,2.0,0.0,0.0,-2.0,-2.0,,,,,,,0.0,,
2014/09/30,12.5,12.5,12.5,12.5,2.0,25.0,0.0,0.0067,2.0,0.0,0.0,-1.0,-1.0,,,,,,,0.0,,
2014/10/01,12.5,12.5,12.5,12.5,1.0,12.0,0.0,0.0033,1.0,0.0,0.0,-1.0,-1.0,,,,,,,0.0,,
2014/10/02,12.5,12.5,12.5,12.5,1.0,12.0,0.0,0.0033,1.0,0.0,0.0,-1.0,-1.0,,,,,,,0.0,,
2014/10/03,12.5,12.5,12.5,12.5,1.0,12.0,0.0,0.0033,1.0,0.0,0.0,-1.0,-1.0,,,,,,,0.0,,
2014/10/06,12.5,12.5,12.5,12.5,0.0,0.0,0.0,0.0,0.0,0.0,0.0,0.0,0.0,,,,,,,0.0,,
2014/10/07,12.5,12.5,12.5,12.5,0.0,0.0,0.0,0.0,0.0,0.0,0.0,0.0,0.0,,,,,,,0.0,,
2014/10/08,12.5,12.5,12.5,12.5,0.0,0.0,0.0,0.0,0.0,0.0,0.0,0.0,0.0,,,,,,,0.0,,
2014/10/09,12.5,12.5,12.5,12.5,0.0,0.0,0.0,0.0,0.0,0.0,0.0,0.0,0.0,,,,,,,0.0,,
2014/10/13,12.5,12.5,12.5,12.5,0.0,0.0,0.0,0.0,0.0,0.0,0.0,0.0,0.0,,,,,,,0.0,,
2014/10/14,12.5,12.5,12.5,12.5,0.0,0.0,0.0,0.0,0.0,0.0,0.0,0.0,0.0,,,,,,,0.0,,
2014/10/15,12.5,12.5,12.5,12.5,0.0,0.0,0.0,0.0,0.0,0.0,0.0,0.0,0.0,,,,,,,0.0,,
2014/10/16,12.5,12.5,12.5,12.5,0.0,0.0,0.0,0.0,0.0,0.0,0.0,0.0,0.0,,,,,,,0.0,,
2014/10/17,12.5,12.5,12.5,12.5,1.0,12.0,0.0,0.0033,1.0,0.0,0.0,0.0,0.0,,,,,,,0.0,,
2014/10/20,12.5,12.5,12.5,12.5,0.0,0.0,0.0,0.0,0.0,0.0,0.0,0.0,0.0,,,,,,,0.0,,
2014/10/21,12.5,12.5,12.5,12.5,1.0,12.0,0.0,0.0033,1.0,0.0,0.0,-1.0,-1.0,,,,,,,0.0,,
2014/10/22,12.5,12.5,12.5,12.5,1.0,12.0,0.0,0.0033,1.0,0.0,0.0,-1.0,-1.0,,,,,,,0.0,,
2014/10/23,12.5,12.5,12.5,12.5,0.0,0.0,0.0,0.0,0.0,0.0,0.0,0.0,0.0,,,,,,,0.0,,
2014/10/24,12.5,12.5,12.5,12.5,0.0,0.0,0.0,0.0,0.0,0.0,0.0,0.0,0.0,,,,,,,0.0,,
2014/10/27,12.5,12.5,12.5,12.5,0.0,0.0,0.0,0.0,0.0,0.0,0.0,0.0,0.0,,,,,,,0.0,,
2014/10/28,12.5,12.5,12.5,12.5,0.0,0.0,0.0,0.0,0.0,0.0,0.0,0.0,0.0,,,,,,,0.0,,
2014/10/29,12.5,12.5,12.5,12.5,0.0,0.0,0.0,0.0,0.0,0.0,0.0,0.0,0.0,,,,,,,0.0,,
2014/10/30,12.5,12.5,12.5,12.5,0.0,0.0,0.0,0.0,0.0,0.0,0.0,0.0,0.0,,,,,,,0.0,,
2014/10/31,12.5,12.5,12.5,12.5,0.0,0.0,0.0,0.0,0.0,0.0,0.0,0.0,0.0,,,,,,,0.0,,
2014/11/03,12.5,12.5,12.5,12.5,1.0,12.0,0.0,0.0033,1.0,0.0,0.0,0.0,0.0,,,,,,,0.0,,
2014/11/04,12.5,12.5,12.5,12.5,0.0,0.0,0.0,0.0,0.0,0.0,0.0,0.0,0.0,,,,,,,0.0,,
2014/11/05,12.5,12.5,12.5,12.5,1.0,12.0,0.0,0.0033,1.0,0.0,0.0,0.0,0.0,,,,,,,0.0,,
2014/11/06,12.5,12.5,12.5,12.5,1.0,12.0,0.0,0.0033,1.0,0.0,0.0,-1.0,-1.0,,,,,,,0.0,,
2014/11/07,12.5,12.5,12.5,12.5,0.0,0.0,0.0,0.0,0.0,0.0,0.0,0.0,0.0,,,,,,,0.0,,
2014/11/10,12.5,12.5,12.5,12.5,0.0,0.0,0.0,0.0,0.0,0.0,0.0,0.0,0.0,,,,,,,0.0,,
2014/11/11,12.5,12.5,12.5,12.5,0.0,0.0,0.0,0.0,0.0,0.0,0.0,0.0,0.0,,,,,,,0.0,,
2014/11/12,12.5,12.5,12.5,12.5,0.0,0.0,0.0,0.0,0.0,0.0,0.0,0.0,0.0,,,,,,,0.0,,
2014/11/13,12.5,12.5,12.5,12.5,0.0,0.0,0.0,0.0,0.0,0.0,0.0,0.0,0.0,,,,,,,0.0,,
2014/11/14,12.5,12.5,12.5,12.5,0.0,0.0,0.0,0.0,0.0,0.0,0.0,0.0,0.0,,,,,,,0.0,,
2014/11/17,12.5,12.5,12.5,12.5,0.0,0.0,0.0,0.0,0.0,0.0,0.0,0.0,0.0,,,,,,,0.0,,
2014/11/18,12.5,12.5,12.5,12.5,0.0,0.0,0.0,0.0,0.0,0.0,0.0,0.0,0.0,,,,,,,0.0,,
2014/11/19,12.5,12.5,12.5,12.5,0.0,0.0,0.0,0.0,0.0,0.0,0.0,0.0,0.0,,,,,,,0.0,,
2014/11/20,12.5,12.5,12.5,12.5,0.0,0.0,0.0,0.0,0.0,0.0,0.0,0.0,0.0,,,,,,,0.0,,
2014/11/21,12.5,12.5,12.5,12.5,0.0,0.0,0.0,0.0,0.0,0.0,0.0,0.0,0.0,,,,,,,0.0,,
2014/11/24,12.5,12.5,12.5,12.5,0.0,0.0,0.0,0.0,0.0,0.0,0.0,0.0,0.0,,,,,,,0.0,,
2014/11/25,12.5,12.5,12.5,12.5,0.0,0.0,0.0,0.0,0.0,0.0,0.0,0.0,0.0,,,,,,,0.0,,
2014/11/26,12.5,12.5,12.5,12.5,0.0,0.0,0.0,0.0,0.0,0.0,0.0,0.0,0.0,,,,,,,0.0,,
2014/11/27,12.5,12.5,12.5,12.5,0.0,0.0,0.0,0.0,0.0,0.0,0.0,0.0,0.0,,,,,,,0.0,,
2014/11/28,12.5,12.5,12.5,12.5,2.0,25.0,0.0,0.0067,1.0,0.0,0.0,0.0,0.0,,,,,,,0.0,,
2014/12/01,12.5,12.5,12.5,12.5,0.0,0.0,0.0,0.0,0.0,0.0,0.0,0.0,0.0,,,,,,,0.0,,
2014/12/02,12.5,12.5,12.5,12.5,0.0,0.0,0.0,0.0,0.0,0.0,0.0,0.0,0.0,,,,,,,0.0,,
2014/12/03,11.75,12.5,11.75,12.5,2.0,24.0,0.0,0.0067,2.0,0.0,0.0,0.0,0.0,,,,,,,0.0,,
2014/12/04,12.5,12.5,12.5,12.5,1.0,12.0,0.0,0.0033,1.0,0.0,0.0,0.0,0.0,,,,,,,0.0,,
2014/12/05,12.5,12.5,12.5,12.5,0.0,0.0,0.0,0.0,0.0,0.0,0.0,0.0,0.0,,,,,,,0.0,,
2014/12/08,11.75,12.5,11.75,12.5,2.0,24.0,0.0,0.0067,2.0,0.0,0.0,-1.0,-1.0,,,,,,,0.0,,
2014/12/09,12.5,12.5,12.5,12.5,1.0,12.0,0.0,0.0033,1.0,0.0,0.0,0.0,0.0,,,,,,,0.0,,
2014/12/10,12.5,12.5,12.5,12.5,0.0,0.0,0.0,0.0,0.0,0.0,0.0,0.0,0.0,,,,,,,0.0,,
2014/12/11,11.75,12.5,11.75,12.5,3.0,36.0,0.0,0.01,2.0,0.0,0.0,0.0,0.0,,,,,,,0.0,,
2014/12/12,12.5,12.5,12.5,12.5,1.0,12.0,0.0,0.0033,1.0,0.0,0.0,0.0,0.0,,,,,,,0.0,,
2014/12/15,12.5,12.5,12.5,12.5,1.0,12.0,0.0,0.0033,1.0,0.0,0.0,0.0,0.0,,,,,,,0.0,,
2014/12/16,12.5,12.5,12.5,12.5,1.0,12.0,0.0,0.0033,1.0,0.0,0.0,0.0,0.0,,,,,,,0.0,,
2014/12/17,12.5,12.5,12.5,12.5,0.0,0.0,0.0,0.0,0.0,0.0,0.0,0.0,0.0,,,,,,,0.0,,
2014/12/18,12.5,12.5,12.5,12.5,0.0,0.0,0.0,0.0,0.0,0.0,0.0,0.0,0.0,,,,,,,0.0,,
2014/12/19,11.7,12.5,11.7,12.5,3.0,35.0,0.0,0.01,2.0,0.0,0.0,-1.0,-1.0,,,,,,,0.0,,
2014/12/22,12.5,12.5,12.5,12.5,0.0,0.0,0.0,0.0,0.0,0.0,0.0,0.0,0.0,,,,,,,0.0,,
2014/12/23,12.5,12.5,12.5,12.5,0.0,0.0,0.0,0.0,0.0,0.0,0.0,0.0,0.0,,,,,,,0.0,,
2014/12/24,12.5,12.5,12.5,12.5,0.0,0.0,0.0,0.0,0.0,0.0,0.0,0.0,0.0,,,,,,,0.0,,
2014/12/25,12.5,12.5,12.5,12.5,0.0,0.0,0.0,0.0,0.0,0.0,0.0,0.0,0.0,,,,,,,0.0,,
2014/12/26,12.5,12.5,12.5,12.5,0.0,0.0,0.0,0.0,0.0,0.0,0.0,0.0,0.0,,,,,,,0.0,,
2014/12/27,12.5,12.5,12.5,12.5,0.0,0.0,0.0,0.0,0.0,0.0,0.0,0.0,0.0,,,,,,,0.0,,
2014/12/29,12.5,12.5,12.5,12.5,0.0,0.0,0.0,0.0,0.0,0.0,0.0,0.0,0.0,,,,,,,0.0,,
2014/12/30,12.5,12.5,12.5,12.5,0.0,0.0,0.0,0.0,0.0,0.0,0.0,0.0,0.0,,,,,,,0.0,,
2014/12/31,12.5,12.5,12.5,12.5,0.0,0.0,0.0,0.0,0.0,0.0,0.0,0.0,0.0,,,,,,,0.0,,
2015/01/05,12.5,12.5,12.5,12.5,0.0,0.0,0.0,0.0,0.0,0.0,0.0,0.0,0.0,,,,,,,0.0,,
2015/01/06,12.5,12.5,12.5,12.5,0.0,0.0,0.0,0.0,0.0,0.0,0.0,0.0,0.0,,,,,,,0.0,,
2015/01/07,12.5,12.5,12.5,12.5,0.0,0.0,0.0,0.0,0.0,0.0,0.0,0.0,0.0,,,,,,,0.0,,
2015/01/08,12.5,12.5,12.5,12.5,0.0,0.0,0.0,0.0,0.0,0.0,0.0,0.0,0.0,,,,,,,0.0,,
2015/01/09,12.5,12.5,12.5,12.5,0.0,0.0,0.0,0.0,0.0,0.0,0.0,0.0,0.0,,,,,,,0.0,,
2015/01/12,12.5,12.5,12.5,12.5,0.0,0.0,0.0,0.0,0.0,0.0,0.0,0.0,0.0,,,,,,,0.0,,
2015/01/13,12.5,12.5,12.5,12.5,0.0,0.0,0.0,0.0,0.0,0.0,0.0,0.0,0.0,,,,,,,0.0,,
2015/01/14,12.5,12.5,12.5,12.5,0.0,0.0,0.0,0.0,0.0,0.0,0.0,0.0,0.0,,,,,,,0.0,,
2015/01/15,12.5,12.5,12.5,12.5,0.0,0.0,0.0,0.0,0.0,0.0,0.0,0.0,0.0,,,,,,,0.0,,
2015/01/16,12.5,12.5,12.5,12.5,0.0,0.0,0.0,0.0,0.0,0.0,0.0,0.0,0.0,,,,,,,0.0,,
2015/01/19,12.5,12.5,12.5,12.5,0.0,0.0,0.0,0.0,0.0,0.0,0.0,0.0,0.0,,,,,,,0.0,,
2015/01/20,12.5,12.5,12.5,12.5,0.0,0.0,0.0,0.0,0.0,0.0,0.0,0.0,0.0,,,,,,,0.0,,
2015/01/21,12.5,12.5,12.5,12.5,0.0,0.0,0.0,0.0,0.0,0.0,0.0,0.0,0.0,,,,,,,0.0,,
2015/01/22,12.5,12.5,12.5,12.5,0.0,0.0,0.0,0.0,0.0,0.0,0.0,0.0,0.0,,,,,,,0.0,,
2015/01/23,12.5,12.5,12.5,12.5,0.0,0.0,0.0,0.0,0.0,0.0,0.0,0.0,0.0,,,,,,,0.0,,
2015/01/26,12.5,12.5,12.5,12.5,0.0,0.0,0.0,0.0,0.0,0.0,0.0,0.0,0.0,,,,,,,0.0,,
2015/01/27,12.5,12.5,12.5,12.5,0.0,0.0,0.0,0.0,0.0,0.0,0.0,0.0,0.0,,,,,,,0.0,,
2015/01/28,12.5,12.5,12.5,12.5,0.0,0.0,0.0,0.0,0.0,0.0,0.0,0.0,0.0,,,,,,,0.0,,
2015/01/29,12.5,12.5,12.5,12.5,1.0,12.0,0.0,0.0033,1.0,0.0,0.0,0.0,0.0,,,,,,,0.0,,
2015/01/30,12.5,12.5,12.5,12.5,0.0,0.0,0.0,0.0,0.0,0.0,0.0,0.0,0.0,,,,,,,0.0,,
2015/02/02,12.5,12.5,12.5,12.5,0.0,0.0,0.0,0.0,0.0,0.0,0.0,0.0,0.0,,,,,,,0.0,,
2015/02/03,12.5,12.5,12.5,12.5,1.0,12.0,0.0,0.0033,1.0,0.0,0.0,0.0,0.0,,,,,,,0.0,,
2015/02/04,12.5,12.5,12.5,12.5,0.0,0.0,0.0,0.0,0.0,0.0,0.0,0.0,0.0,,,,,,,0.0,,
2015/02/05,12.5,12.5,12.5,12.5,0.0,0.0,0.0,0.0,0.0,0.0,0.0,0.0,0.0,,,,,,,0.0,,
2015/02/06,12.5,12.5,12.5,12.5,0.0,0.0,0.0,0.0,0.0,0.0,0.0,0.0,0.0,,,,,,,0.0,,
2015/02/09,12.5,12.5,12.5,12.5,0.0,0.0,0.0,0.0,0.0,0.0,0.0,0.0,0.0,,,,,,,0.0,,
2015/02/10,12.5,12.5,12.5,12.5,0.0,0.0,0.0,0.0,0.0,0.0,0.0,0.0,0.0,,,,,,,0.0,,
2015/02/11,12.5,12.5,12.5,12.5,0.0,0.0,0.0,0.0,0.0,0.0,0.0,0.0,0.0,,,,,,,0.0,,
2015/02/12,12.5,12.5,12.5,12.5,0.0,0.0,0.0,0.0,0.0,0.0,0.0,0.0,0.0,,,,,,,0.0,,
2015/02/13,12.5,12.5,12.5,12.5,0.0,0.0,0.0,0.0,0.0,0.0,0.0,0.0,0.0,,,,,,,0.0,,
2015/02/24,12.5,12.5,12.5,12.5,0.0,0.0,0.0,0.0,0.0,0.0,0.0,0.0,0.0,,,,,,,0.0,,
2015/02/25,12.5,12.5,12.5,12.5,0.0,0.0,0.0,0.0,0.0,0.0,0.0,0.0,0.0,,,,,,,0.0,,
2015/02/26,12.5,12.5,12.5,12.5,0.0,0.0,0.0,0.0,0.0,0.0,0.0,0.0,0.0,,,,,,,0.0,,
2015/03/02,12.5,12.5,12.5,12.5,0.0,0.0,0.0,0.0,0.0,0.0,0.0,0.0,0.0,,,,,,,0.0,,
2015/03/03,12.5,12.5,12.5,12.5,0.0,0.0,0.0,0.0,0.0,0.0,0.0,0.0,0.0,,,,,,,0.0,,
2015/03/04,12.5,12.5,12.5,12.5,0.0,0.0,0.0,0.0,0.0,0.0,0.0,0.0,0.0,,,,,,,0.0,,
2015/03/05,11.85,12.5,11.85,12.5,2.0,24.0,0.0,0.0067,2.0,0.0,0.0,-1.0,-1.0,,,,,,,0.0,,
2015/03/06,12.5,12.5,12.5,12.5,1.0,12.0,0.0,0.0033,1.0,0.0,0.0,-1.0,-1.0,,,,,,,0.0,,
2015/03/09,12.5,12.5,12.5,12.5,1.0,12.0,0.0,0.0033,1.0,0.0,0.0,0.0,0.0,,,,,,,0.0,,
2015/03/10,12.4,12.5,12.4,12.5,4.0,49.0,0.0,0.0133,4.0,0.0,0.0,-1.0,-1.0,,,,,,,0.0,,
2015/03/11,12.5,12.5,12.5,12.5,0.0,0.0,0.0,0.0,0.0,0.0,0.0,0.0,0.0,,,,,,,0.0,,
2015/03/12,12.5,12.5,12.5,12.5,0.0,0.0,0.0,0.0,0.0,0.0,0.0,0.0,0.0,,,,,,,0.0,,
2015/03/13,12.5,12.5,12.5,12.5,0.0,0.0,0.0,0.0,0.0,0.0,0.0,0.0,0.0,,,,,,,0.0,,
2015/03/16,12.5,12.5,12.5,12.5,0.0,0.0,0.0,0.0,0.0,0.0,0.0,0.0,0.0,,,,,,,0.0,,
2015/03/17,12.5,12.5,12.5,12.5,0.0,0.0,0.0,0.0,0.0,0.0,0.0,0.0,0.0,,,,,,,0.0,,
2015/03/18,12.5,12.5,12.5,12.5,1.0,12.0,0.0,0.0033,1.0,0.0,0.0,0.0,0.0,,,,,,,0.0,,
2015/03/19,12.5,12.5,12.5,12.5,2.0,25.0,0.0,0.0067,2.0,0.0,0.0,0.0,0.0,,,,,,,0.0,,
2015/03/20,12.5,12.5,12.5,12.5,0.0,0.0,0.0,0.0,0.0,0.0,0.0,0.0,0.0,,,,,,,0.0,,
2015/03/23,12.5,12.5,12.5,12.5,0.0,0.0,0.0,0.0,0.0,0.0,0.0,0.0,0.0,,,,,,,0.0,,
2015/03/24,12.5,12.5,12.5,12.5,0.0,0.0,0.0,0.0,0.0,0.0,0.0,0.0,0.0,,,,,,,0.0,,
2015/03/25,12.5,12.5,12.5,12.5,0.0,0.0,0.0,0.0,0.0,0.0,0.0,0.0,0.0,,,,,,,0.0,,
2015/03/26,12.5,12.5,12.5,12.5,0.0,0.0,0.0,0.0,0.0,0.0,0.0,0.0,0.0,,,,,,,0.0,,
2015/03/27,12.0,12.5,12.0,12.5,2.0,24.0,0.0,0.0067,2.0,0.0,0.0,0.0,0.0,,,,,,,0.0,,
2015/03/30,12.05,12.5,12.05,12.5,2.0,24.0,0.0,0.0067,2.0,0.0,0.0,-1.0,-1.0,,,,,,,0.0,,
2015/03/31,12.45,12.5,12.45,12.5,2.0,24.0,0.0,0.0067,2.0,0.0,0.0,0.0,0.0,,,,,,,0.0,,
2015/04/01,12.5,12.5,12.5,12.5,0.0,0.0,0.0,0.0,0.0,0.0,0.0,0.0,0.0,,,,,,,0.0,,
2015/04/02,12.1,12.5,12.1,12.5,3.0,36.0,0.0,0.01,3.0,0.0,0.0,0.0,0.0,,,,,,,0.0,,
2015/04/07,12.5,12.5,12.5,12.5,0.0,0.0,0.0,0.0,0.0,0.0,0.0,0.0,0.0,,,,,,,0.0,,
2015/04/08,12.5,12.5,12.5,12.5,0.0,0.0,0.0,0.0,0.0,0.0,0.0,0.0,0.0,,,,,,,0.0,,
2015/04/09,12.5,12.5,12.5,12.5,0.0,0.0,0.0,0.0,0.0,0.0,0.0,0.0,0.0,,,,,,,0.0,,
2015/04/10,12.5,12.5,12.5,12.5,0.0,0.0,0.0,0.0,0.0,0.0,0.0,0.0,0.0,,,,,,,0.0,,
2015/04/13,12.5,12.5,12.5,12.5,0.0,0.0,0.0,0.0,0.0,0.0,0.0,0.0,0.0,,,,,,,0.0,,
2015/04/14,12.1,12.5,12.1,12.5,2.0,24.0,0.0,0.0067,2.0,0.0,0.0,-1.0,-1.0,,,,,,,0.0,,
2015/04/15,12.8,12.8,12.8,12.8,1.0,12.0,2.4,0.0033,1.0,0.0,0.0,0.0,0.0,,,,,,,0.0,,
2015/04/16,12.8,12.8,12.8,12.8,0.0,0.0,0.0,0.0,0.0,0.0,0.0,0.0,0.0,,,,,,,0.0,,
2015/04/17,12.8,12.8,12.8,12.8,0.0,0.0,0.0,0.0,0.0,0.0,0.0,0.0,0.0,,,,,,,0.0,,
2015/04/20,12.8,12.8,12.8,12.8,0.0,0.0,0.0,0.0,0.0,0.0,0.0,0.0,0.0,,,,,,,0.0,,
2015/04/21,12.8,12.8,12.8,12.8,0.0,0.0,0.0,0.0,0.0,0.0,0.0,0.0,0.0,,,,,,,0.0,,
2015/04/22,12.5,12.5,12.5,12.5,0.0,0.0,-2.3438,0.0,0.0,0.0,0.0,0.0,0.0,,,,,,,0.0,,
2015/04/23,12.5,12.5,12.5,12.5,0.0,0.0,0.0,0.0,0.0,0.0,0.0,0.0,0.0,,,,,,,0.0,,
2015/04/24,12.4,12.5,12.4,12.5,3.0,37.0,0.0,0.01,3.0,0.0,0.0,0.0,0.0,,,,,,,0.0,,
2015/04/27,12.5,12.5,12.5,12.5,0.0,0.0,0.0,0.0,0.0,0.0,0.0,0.0,0.0,,,,,,,0.0,,
2015/04/28,12.2,12.5,12.2,12.5,2.0,24.0,0.0,0.0067,2.0,0.0,0.0,0.0,0.0,,,,,,,0.0,,
2015/04/29,12.2,12.5,12.2,12.5,2.0,24.0,0.0,0.0067,2.0,0.0,0.0,0.0,0.0,,,,,,,0.0,,
2015/04/30,12.5,12.5,12.5,12.5,0.0,0.0,0.0,0.0,0.0,0.0,0.0,0.0,0.0,,,,,,,0.0,,
2015/05/04,12.5,12.5,12.5,12.5,0.0,0.0,0.0,0.0,0.0,0.0,0.0,0.0,0.0,,,,,,,0.0,,
2015/05/05,12.5,12.5,12.5,12.5,0.0,0.0,0.0,0.0,0.0,0.0,0.0,0.0,0.0,,,,,,,0.0,,
2015/05/06,12.5,12.5,12.5,12.5,0.0,0.0,0.0,0.0,0.0,0.0,0.0,0.0,0.0,,,,,,,0.0,,
2015/05/07,12.5,12.5,12.5,12.5,0.0,0.0,0.0,0.0,0.0,0.0,0.0,0.0,0.0,,,,,,,0.0,,
2015/05/08,12.5,12.5,12.5,12.5,0.0,0.0,0.0,0.0,0.0,0.0,0.0,0.0,0.0,,,,,,,0.0,,
2015/05/11,12.2,12.5,12.2,12.5,2.0,24.0,0.0,0.0067,2.0,0.0,0.0,-1.0,-1.0,,,,,,,0.0,,
2015/05/12,12.5,12.5,12.5,12.5,0.0,0.0,0.0,0.0,0.0,0.0,0.0,0.0,0.0,,,,,,,0.0,,
2015/05/13,12.5,12.5,12.5,12.5,0.0,0.0,0.0,0.0,0.0,0.0,0.0,0.0,0.0,,,,,,,0.0,,
2015/05/14,12.5,12.5,12.5,12.5,0.0,0.0,0.0,0.0,0.0,0.0,0.0,0.0,0.0,,,,,,,0.0,,
2015/05/15,12.2,12.5,12.2,12.5,4.0,49.0,0.0,0.0133,4.0,0.0,0.0,0.0,0.0,,,,,,,0.0,,
2015/05/18,12.35,12.5,12.35,12.5,3.0,37.0,0.0,0.01,3.0,0.0,0.0,0.0,0.0,,,,,,,0.0,,
2015/05/19,12.3,12.5,12.3,12.5,2.0,24.0,0.0,0.0067,2.0,0.0,0.0,0.0,0.0,,,,,,,0.0,,
2015/05/20,12.5,12.5,12.5,12.5,0.0,0.0,0.0,0.0,0.0,0.0,0.0,0.0,0.0,,,,,,,0.0,,
2015/05/21,12.5,12.5,12.5,12.5,0.0,0.0,0.0,0.0,0.0,0.0,0.0,0.0,0.0,,,,,,,0.0,,
2015/05/22,12.5,12.5,12.5,12.5,0.0,0.0,0.0,0.0,0.0,0.0,0.0,0.0,0.0,,,,,,,0.0,,
2015/05/25,12.3,12.5,12.3,12.5,2.0,24.0,0.0,0.0067,2.0,0.0,0.0,0.0,0.0,,,,,,,0.0,,
2015/05/26,12.5,12.5,12.5,12.5,0.0,0.0,0.0,0.0,0.0,0.0,0.0,0.0,0.0,,,,,,,0.0,,
2015/05/27,12.5,12.5,12.5,12.5,0.0,0.0,0.0,0.0,0.0,0.0,0.0,0.0,0.0,,,,,,,0.0,,
2015/05/28,12.3,12.5,12.3,12.5,7.0,86.0,0.0,0.0233,7.0,0.0,0.0,-2.0,-2.0,,,,,,,0.0,,
2015/05/29,12.3,12.5,12.3,12.5,3.0,37.0,0.0,0.01,2.0,0.0,0.0,-2.0,-2.0,,,,,,,0.0,,
2015/06/01,12.5,12.5,12.5,12.5,6.0,75.0,0.0,0.02,3.0,0.0,0.0,-3.0,-3.0,,,,,,,0.0,,
2015/06/02,12.5,12.5,12.5,12.5,0.0,0.0,0.0,0.0,0.0,0.0,0.0,0.0,0.0,,,,,,,0.0,,
2015/06/03,12.3,12.5,12.3,12.5,2.0,24.0,0.0,0.0067,2.0,0.0,0.0,0.0,0.0,,,,,,,0.0,,
2015/06/04,12.3,12.5,12.15,12.5,11.0,135.0,0.0,0.0367,7.0,0.0,0.0,-3.0,-3.0,,,,,,,0.0,,
2015/06/05,12.5,12.5,12.5,12.5,1.0,12.0,0.0,0.0033,1.0,0.0,0.0,0.0,0.0,,,,,,,0.0,,
2015/06/08,12.5,12.5,12.5,12.5,1.0,12.0,0.0,0.0033,1.0,0.0,0.0,0.0,0.0,,,,,,,0.0,,
2015/06/09,12.5,12.5,12.5,12.5,1.0,12.0,0.0,0.0033,1.0,0.0,0.0,0.0,0.0,,,,,,,0.0,,
2015/06/10,12.5,12.5,12.2,12.5,7.0,87.0,0.0,0.0233,5.0,0.0,0.0,-4.0,-4.0,,,,,,,0.0,,
2015/06/11,12.5,12.5,12.5,12.5,0.0,0.0,0.0,0.0,0.0,0.0,0.0,0.0,0.0,,,,,,,0.0,,
2015/06/12,12.5,12.5,12.5,12.5,0.0,0.0,0.0,0.0,0.0,0.0,0.0,0.0,0.0,,,,,,,0.0,,
2015/06/15,12.5,12.5,12.5,12.5,0.0,0.0,0.0,0.0,0.0,0.0,0.0,0.0,0.0,,,,,,,0.0,,
2015/06/16,12.5,12.5,12.5,12.5,0.0,0.0,0.0,0.0,0.0,0.0,0.0,0.0,0.0,,,,,,,0.0,,
2015/06/17,12.5,12.5,12.5,12.5,0.0,0.0,0.0,0.0,0.0,0.0,0.0,0.0,0.0,,,,,,,0.0,,
2015/06/18,12.45,12.5,12.45,12.5,2.0,24.0,0.0,0.0067,2.0,0.0,0.0,-1.0,-1.0,,,,,,,0.0,,
2015/06/22,12.5,12.5,12.5,12.5,0.0,0.0,0.0,0.0,0.0,0.0,0.0,0.0,0.0,,,,,,,0.0,,
2015/06/23,12.5,12.5,12.5,12.5,0.0,0.0,0.0,0.0,0.0,0.0,0.0,0.0,0.0,,,,,,,0.0,,
2015/06/24,12.5,12.5,12.5,12.5,0.0,0.0,0.0,0.0,0.0,0.0,0.0,0.0,0.0,,,,,,,0.0,,
2015/06/25,12.5,12.5,12.5,12.5,0.0,0.0,0.0,0.0,0.0,0.0,0.0,0.0,0.0,,,,,,,0.0,,
2015/06/26,12.5,12.5,12.5,12.5,0.0,0.0,0.0,0.0,0.0,0.0,0.0,0.0,0.0,,,,,,,0.0,,
2015/06/29,12.5,12.5,12.5,12.5,0.0,0.0,0.0,0.0,0.0,0.0,0.0,0.0,0.0,,,,,,,0.0,,
2015/06/30,12.5,12.5,12.5,12.5,0.0,0.0,0.0,0.0,0.0,0.0,0.0,0.0,0.0,,,,,,,0.0,,
2015/07/01,12.5,12.5,12.5,12.5,0.0,0.0,0.0,0.0,0.0,0.0,0.0,0.0,0.0,,,,,,,0.0,,
2015/07/02,12.5,12.5,12.5,12.5,0.0,0.0,0.0,0.0,0.0,0.0,0.0,0.0,0.0,,,,,,,0.0,,
2015/07/03,12.5,12.5,12.5,12.5,0.0,0.0,0.0,0.0,0.0,0.0,0.0,0.0,0.0,,,,,,,0.0,,
2015/07/06,12.5,12.5,12.5,12.5,1.0,12.0,0.0,0.0033,1.0,0.0,0.0,-1.0,-1.0,,,,,,,0.0,,
2015/07/07,12.5,12.5,12.5,12.5,0.0,0.0,0.0,0.0,0.0,0.0,0.0,0.0,0.0,,,,,,,0.0,,
2015/07/08,12.2,12.5,12.2,12.5,3.0,36.0,0.0,0.01,2.0,0.0,0.0,-1.0,-1.0,,,,,,,0.0,,
2015/07/09,12.2,12.5,12.2,12.5,3.0,36.0,0.0,0.01,2.0,0.0,0.0,0.0,0.0,,,,,,,0.0,,
2015/07/13,12.5,12.5,12.5,12.5,0.0,0.0,0.0,0.0,0.0,0.0,0.0,0.0,0.0,,,,,,,0.0,,
2015/07/14,12.5,12.5,12.5,12.5,1.0,12.0,0.0,0.0033,1.0,0.0,0.0,0.0,0.0,,,,,,,0.0,,
2015/07/15,12.2,12.5,12.2,12.5,3.0,36.0,0.0,0.01,2.0,0.0,0.0,-1.0,-1.0,,,,,,,0.0,,
2015/07/16,12.5,12.5,12.5,12.5,0.0,0.0,0.0,0.0,0.0,0.0,0.0,0.0,0.0,,,,,,,0.0,,
2015/07/17,12.5,12.5,12.5,12.5,0.0,0.0,0.0,0.0,0.0,0.0,0.0,0.0,0.0,,,,,,,0.0,,
2015/07/20,12.2,12.5,12.2,12.5,12.0,147.0,0.0,0.04,8.0,0.0,0.0,-5.0,-5.0,,,,,,,0.0,,
2015/07/21,12.5,12.5,12.5,12.5,0.0,0.0,0.0,0.0,0.0,0.0,0.0,0.0,0.0,,,,,,,0.0,,
2015/07/22,12.2,12.45,12.2,12.45,3.0,37.0,-0.4,0.01,3.0,0.0,0.0,0.0,0.0,,,,,,,0.0,,
2015/07/23,12.5,12.5,12.5,12.5,1.0,12.0,0.4016,0.0033,1.0,0.0,0.0,0.0,0.0,,,,,,,0.0,,
2015/07/24,13.75,13.75,13.75,13.75,1.0,13.0,10.0,0.0033,1.0,0.0,0.0,0.0,0.0,,,,,,,0.0,,
2015/07/27,12.5,12.5,12.5,12.5,1.0,12.0,-9.0909,0.0033,1.0,0.0,0.0,0.0,0.0,,,,,,,0.0,,
2015/07/28,13.7,13.7,12.5,12.5,2.0,26.0,0.0,0.0067,2.0,0.0,0.0,0.0,0.0,,,,,,,0.0,,
2015/07/29,12.5,12.5,12.5,12.5,0.0,0.0,0.0,0.0,0.0,0.0,0.0,0.0,0.0,,,,,,,0.0,,
2015/07/30,12.5,12.5,12.5,12.5,0.0,0.0,0.0,0.0,0.0,0.0,0.0,0.0,0.0,,,,,,,0.0,,
2015/07/31,12.5,12.5,12.5,12.5,0.0,0.0,0.0,0.0,0.0,0.0,0.0,0.0,0.0,,,,,,,0.0,,
2015/08/03,12.5,12.5,12.5,12.5,0.0,0.0,0.0,0.0,0.0,0.0,0.0,0.0,0.0,,,,,,,0.0,,
2015/08/04,12.5,12.5,12.5,12.5,0.0,0.0,0.0,0.0,0.0,0.0,0.0,0.0,0.0,,,,,,,0.0,,
2015/08/05,12.5,12.5,12.5,12.5,0.0,0.0,0.0,0.0,0.0,0.0,0.0,0.0,0.0,,,,,,,0.0,,
2015/08/06,12.5,12.5,12.5,12.5,0.0,0.0,0.0,0.0,0.0,0.0,0.0,0.0,0.0,,,,,,,0.0,,
2015/08/07,12.5,12.5,12.5,12.5,0.0,0.0,0.0,0.0,0.0,0.0,0.0,0.0,0.0,,,,,,,0.0,,
2015/08/10,12.5,12.5,12.5,12.5,0.0,0.0,0.0,0.0,0.0,0.0,0.0,0.0,0.0,,,,,,,0.0,,
2015/08/11,12.5,12.5,12.5,12.5,0.0,0.0,0.0,0.0,0.0,0.0,0.0,0.0,0.0,,,,,,,0.0,,
2015/08/12,12.5,12.5,12.5,12.5,0.0,0.0,0.0,0.0,0.0,0.0,0.0,0.0,0.0,,,,,,,0.0,,
2015/08/13,12.5,12.5,12.5,12.5,0.0,0.0,0.0,0.0,0.0,0.0,0.0,0.0,0.0,,,,,,,0.0,,
2015/08/14,12.5,12.5,12.5,12.5,0.0,0.0,0.0,0.0,0.0,0.0,0.0,0.0,0.0,,,,,,,0.0,,
2015/08/17,12.5,12.5,12.5,12.5,0.0,0.0,0.0,0.0,0.0,0.0,0.0,0.0,0.0,,,,,,,0.0,,
2015/08/18,12.5,12.5,12.5,12.5,0.0,0.0,0.0,0.0,0.0,0.0,0.0,0.0,0.0,,,,,,,0.0,,
2015/08/19,12.5,12.5,12.5,12.5,0.0,0.0,0.0,0.0,0.0,0.0,0.0,0.0,0.0,,,,,,,0.0,,
2015/08/20,12.5,12.5,12.5,12.5,0.0,0.0,0.0,0.0,0.0,0.0,0.0,0.0,0.0,,,,,,,0.0,,
2015/08/21,13.5,13.5,13.5,13.5,1.0,13.0,8.0,0.0033,1.0,0.0,0.0,0.0,0.0,,,,,,,0.0,,
2015/08/24,13.5,13.5,13.5,13.5,0.0,0.0,0.0,0.0,0.0,0.0,0.0,0.0,0.0,,,,,,,0.0,,
2015/08/25,13.5,13.5,13.5,13.5,0.0,0.0,0.0,0.0,0.0,0.0,0.0,0.0,0.0,,,,,,,0.0,,
2015/08/26,13.5,13.5,13.5,13.5,0.0,0.0,0.0,0.0,0.0,0.0,0.0,0.0,0.0,,,,,,,0.0,,
2015/08/27,13.5,13.5,13.5,13.5,0.0,0.0,0.0,0.0,0.0,0.0,0.0,0.0,0.0,,,,,,,0.0,,
2015/08/28,13.0,13.0,13.0,13.0,0.0,0.0,-3.7037,0.0,0.0,0.0,0.0,0.0,0.0,,,,,,,0.0,,
2015/08/31,13.0,13.0,13.0,13.0,0.0,0.0,0.0,0.0,0.0,0.0,0.0,0.0,0.0,,,,,,,0.0,,
2015/09/01,13.0,13.0,13.0,13.0,0.0,0.0,0.0,0.0,0.0,0.0,0.0,0.0,0.0,,,,,,,0.0,,
2015/09/02,12.8,12.8,12.8,12.8,1.0,12.0,-1.5385,0.0033,1.0,0.0,0.0,-1.0,-1.0,,,,,,,0.0,,
2015/09/03,12.8,12.8,12.8,12.8,0.0,0.0,0.0,0.0,0.0,0.0,0.0,0.0,0.0,,,,,,,0.0,,
2015/09/04,12.6,12.6,12.6,12.6,0.0,0.0,-1.5625,0.0,0.0,0.0,0.0,0.0,0.0,,,,,,,0.0,,
2015/09/07,12.5,12.5,12.5,12.5,1.0,12.0,-0.7937,0.0033,1.0,0.0,0.0,0.0,0.0,,,,,,,0.0,,
2015/09/08,12.5,12.5,12.5,12.5,0.0,0.0,0.0,0.0,0.0,0.0,0.0,0.0,0.0,,,,,,,0.0,,
2015/09/09,12.5,12.5,12.5,12.5,0.0,0.0,0.0,0.0,0.0,0.0,0.0,0.0,0.0,,,,,,,0.0,,
2015/09/10,12.5,12.5,12.5,12.5,0.0,0.0,0.0,0.0,0.0,0.0,0.0,0.0,0.0,,,,,,,0.0,,
2015/09/11,12.9,12.9,12.9,12.9,1.0,12.0,3.2,0.0033,1.0,0.0,0.0,-1.0,-1.0,,,,,,,0.0,,
2015/09/14,12.9,12.9,12.9,12.9,0.0,0.0,0.0,0.0,0.0,0.0,0.0,0.0,0.0,,,,,,,0.0,,
2015/09/15,12.9,12.9,12.9,12.9,0.0,0.0,0.0,0.0,0.0,0.0,0.0,0.0,0.0,,,,,,,0.0,,
2015/09/16,12.9,12.9,12.9,12.9,0.0,0.0,0.0,0.0,0.0,0.0,0.0,0.0,0.0,,,,,,,0.0,,
2015/09/17,12.7,12.7,12.7,12.7,0.0,0.0,-1.5504,0.0,0.0,0.0,0.0,0.0,0.0,,,,,,,0.0,,
2015/09/18,12.7,12.7,12.7,12.7,0.0,0.0,0.0,0.0,0.0,0.0,0.0,0.0,0.0,,,,,,,0.0,,
2015/09/21,12.5,12.5,12.5,12.5,0.0,0.0,-1.5748,0.0,0.0,0.0,0.0,0.0,0.0,,,,,,,0.0,,
2015/09/22,12.45,12.45,12.45,12.45,0.0,0.0,-0.4,0.0,0.0,0.0,0.0,0.0,0.0,,,,,,,0.0,,
2015/09/23,12.45,12.45,12.45,12.45,0.0,0.0,0.0,0.0,0.0,0.0,0.0,0.0,0.0,,,,,,,0.0,,
2015/09/24,12.5,12.5,12.0,12.5,3.0,37.0,0.4016,0.01,3.0,0.0,0.0,-2.0,-2.0,,,,,,,0.0,,
2015/09/25,12.5,12.5,12.5,12.5,0.0,0.0,0.0,0.0,0.0,0.0,0.0,0.0,0.0,,,,,,,0.0,,
2015/09/30,12.5,12.5,12.5,12.5,0.0,0.0,0.0,0.0,0.0,0.0,0.0,0.0,0.0,,,,,,,0.0,,
2015/10/01,12.4,12.4,12.4,12.4,0.0,0.0,-0.8,0.0,0.0,0.0,0.0,0.0,0.0,,,,,,,0.0,,
2015/10/02,12.5,12.5,12.5,12.5,1.0,12.0,0.8065,0.0033,1.0,0.0,0.0,-1.0,-1.0,,,,,,,0.0,,
2015/10/05,12.5,12.5,12.5,12.5,0.0,0.0,0.0,0.0,0.0,0.0,0.0,0.0,0.0,,,,,,,0.0,,
2015/10/06,12.5,12.5,12.5,12.5,0.0,0.0,0.0,0.0,0.0,0.0,0.0,0.0,0.0,,,,,,,0.0,,
2015/10/07,12.5,12.5,12.5,12.5,0.0,0.0,0.0,0.0,0.0,0.0,0.0,0.0,0.0,,,,,,,0.0,,
2015/10/08,12.4,12.4,12.4,12.4,0.0,0.0,-0.8,0.0,0.0,0.0,0.0,0.0,0.0,,,,,,,0.0,,
2015/10/12,12.5,12.5,12.5,12.5,1.0,12.0,0.8065,0.0033,1.0,0.0,0.0,-1.0,-1.0,,,,,,,0.0,,
2015/10/13,12.0,12.5,12.0,12.5,2.0,24.0,0.0,0.0067,2.0,0.0,0.0,0.0,0.0,,,,,,,0.0,,
2015/10/14,12.5,12.5,12.5,12.5,0.0,0.0,0.0,0.0,0.0,0.0,0.0,0.0,0.0,,,,,,,0.0,,
2015/10/15,12.5,12.5,12.5,12.5,0.0,0.0,0.0,0.0,0.0,0.0,0.0,0.0,0.0,,,,,,,0.0,,
2015/10/16,12.5,12.5,12.5,12.5,0.0,0.0,0.0,0.0,0.0,0.0,0.0,0.0,0.0,,,,,,,0.0,,
2015/10/19,12.5,12.5,12.5,12.5,0.0,0.0,0.0,0.0,0.0,0.0,0.0,0.0,0.0,,,,,,,0.0,,
2015/10/20,12.5,12.5,12.5,12.5,0.0,0.0,0.0,0.0,0.0,0.0,0.0,0.0,0.0,,,,,,,0.0,,
2015/10/21,12.5,12.5,12.5,12.5,0.0,0.0,0.0,0.0,0.0,0.0,0.0,0.0,0.0,,,,,,,0.0,,
2015/10/22,12.5,12.5,12.5,12.5,0.0,0.0,0.0,0.0,0.0,0.0,0.0,0.0,0.0,,,,,,,0.0,,
2015/10/23,12.5,12.5,12.5,12.5,1.0,12.0,0.0,0.0033,1.0,0.0,0.0,0.0,0.0,,,,,,,0.0,,
2015/10/26,12.5,12.5,12.5,12.5,0.0,0.0,0.0,0.0,0.0,0.0,0.0,0.0,0.0,,,,,,,0.0,,
2015/10/27,12.5,12.5,12.5,12.5,0.0,0.0,0.0,0.0,0.0,0.0,0.0,0.0,0.0,,,,,,,0.0,,
2015/10/28,12.4,12.4,12.4,12.4,0.0,0.0,-0.8,0.0,0.0,0.0,0.0,0.0,0.0,,,,,,,0.0,,
2015/10/29,12.5,12.5,12.5,12.5,1.0,12.0,0.8065,0.0033,1.0,0.0,0.0,-1.0,-1.0,,,,,,,0.0,,
2015/10/30,12.5,12.5,12.5,12.5,0.0,0.0,0.0,0.0,0.0,0.0,0.0,0.0,0.0,,,,,,,0.0,,
2015/11/02,12.5,12.5,12.5,12.5,0.0,0.0,0.0,0.0,0.0,0.0,0.0,0.0,0.0,,,,,,,0.0,,
2015/11/03,12.5,12.5,12.5,12.5,0.0,0.0,0.0,0.0,0.0,0.0,0.0,0.0,0.0,,,,,,,0.0,,
2015/11/04,12.5,12.5,12.5,12.5,0.0,0.0,0.0,0.0,0.0,0.0,0.0,0.0,0.0,,,,,,,0.0,,
2015/11/05,12.5,12.5,12.5,12.5,1.0,12.0,0.0,0.0033,1.0,0.0,0.0,-1.0,-1.0,,,,,,,0.0,,
2015/11/06,12.5,12.5,12.5,12.5,0.0,0.0,0.0,0.0,0.0,0.0,0.0,0.0,0.0,,,,,,,0.0,,
2015/11/09,12.4,12.4,12.4,12.4,0.0,0.0,-0.8,0.0,0.0,0.0,0.0,0.0,0.0,,,,,,,0.0,,
2015/11/10,12.5,12.5,12.5,12.5,1.0,12.0,0.8065,0.0033,1.0,0.0,0.0,0.0,0.0,,,,,,,0.0,,
2015/11/11,12.5,12.5,12.5,12.5,0.0,0.0,0.0,0.0,0.0,0.0,0.0,0.0,0.0,,,,,,,0.0,,
2015/11/12,12.4,12.4,12.4,12.4,0.0,0.0,-0.8,0.0,0.0,0.0,0.0,0.0,0.0,,,,,,,0.0,,
2015/11/13,12.4,12.4,12.4,12.4,0.0,0.0,0.0,0.0,0.0,0.0,0.0,0.0,0.0,,,,,,,0.0,,
2015/11/16,12.4,12.4,12.4,12.4,0.0,0.0,0.0,0.0,0.0,0.0,0.0,0.0,0.0,,,,,,,0.0,,
2015/11/17,12.4,12.4,12.4,12.4,0.0,0.0,0.0,0.0,0.0,0.0,0.0,0.0,0.0,,,,,,,0.0,,
2015/11/18,12.5,12.5,12.5,12.5,1.0,12.0,0.8065,0.0033,1.0,0.0,0.0,0.0,0.0,,,,,,,0.0,,
2015/11/19,12.5,12.5,12.5,12.5,0.0,0.0,0.0,0.0,0.0,0.0,0.0,0.0,0.0,,,,,,,0.0,,
2015/11/20,12.5,12.5,12.5,12.5,0.0,0.0,0.0,0.0,0.0,0.0,0.0,0.0,0.0,,,,,,,0.0,,
2015/11/23,12.5,12.5,12.5,12.5,0.0,0.0,0.0,0.0,0.0,0.0,0.0,0.0,0.0,,,,,,,0.0,,
2015/11/24,12.5,12.5,12.5,12.5,0.0,0.0,0.0,0.0,0.0,0.0,0.0,0.0,0.0,,,,,,,0.0,,
2015/11/25,12.5,12.5,12.5,12.5,0.0,0.0,0.0,0.0,0.0,0.0,0.0,0.0,0.0,,,,,,,0.0,,
2015/11/26,12.5,12.5,12.5,12.5,0.0,0.0,0.0,0.0,0.0,0.0,0.0,0.0,0.0,,,,,,,0.0,,
2015/11/27,12.5,12.5,12.5,12.5,0.0,0.0,0.0,0.0,0.0,0.0,0.0,0.0,0.0,,,,,,,0.0,,
2015/11/30,12.5,12.5,12.5,12.5,0.0,0.0,0.0,0.0,0.0,0.0,0.0,0.0,0.0,,,,,,,0.0,,
2015/12/01,12.5,12.5,12.5,12.5,0.0,0.0,0.0,0.0,0.0,0.0,0.0,0.0,0.0,,,,,,,0.0,,
2015/12/02,12.5,12.5,12.5,12.5,0.0,0.0,0.0,0.0,0.0,0.0,0.0,0.0,0.0,,,,,,,0.0,,
2015/12/03,12.5,12.5,12.5,12.5,0.0,0.0,0.0,0.0,0.0,0.0,0.0,0.0,0.0,,,,,,,0.0,,
2015/12/04,12.5,12.5,12.5,12.5,0.0,0.0,0.0,0.0,0.0,0.0,0.0,0.0,0.0,,,,,,,0.0,,
2015/12/07,12.5,12.5,12.5,12.5,0.0,0.0,0.0,0.0,0.0,0.0,0.0,0.0,0.0,,,,,,,0.0,,
2015/12/08,12.5,12.5,12.5,12.5,0.0,0.0,0.0,0.0,0.0,0.0,0.0,0.0,0.0,,,,,,,0.0,,
2015/12/09,12.5,12.5,12.5,12.5,0.0,0.0,0.0,0.0,0.0,0.0,0.0,0.0,0.0,,,,,,,0.0,,
2015/12/10,12.5,12.5,12.5,12.5,0.0,0.0,0.0,0.0,0.0,0.0,0.0,0.0,0.0,,,,,,,0.0,,
2015/12/11,12.5,12.5,12.5,12.5,0.0,0.0,0.0,0.0,0.0,0.0,0.0,0.0,0.0,,,,,,,0.0,,
2015/12/14,12.5,12.5,12.5,12.5,0.0,0.0,0.0,0.0,0.0,0.0,0.0,0.0,0.0,,,,,,,0.0,,
2015/12/15,12.5,12.5,12.5,12.5,0.0,0.0,0.0,0.0,0.0,0.0,0.0,0.0,0.0,,,,,,,0.0,,
2015/12/16,12.4,12.4,12.4,12.4,0.0,0.0,-0.8,0.0,0.0,0.0,0.0,0.0,0.0,,,,,,,0.0,,
2015/12/17,12.4,12.5,12.4,12.5,3.0,37.0,0.8065,0.01,3.0,0.0,0.0,-3.0,-3.0,,,,,,,0.0,,
2015/12/18,12.5,12.5,12.5,12.5,0.0,0.0,0.0,0.0,0.0,0.0,0.0,0.0,0.0,,,,,,,0.0,,
2015/12/21,12.5,12.5,12.5,12.5,0.0,0.0,0.0,0.0,0.0,0.0,0.0,0.0,0.0,,,,,,,0.0,,
2015/12/22,12.4,12.4,12.4,12.4,0.0,0.0,-0.8,0.0,0.0,0.0,0.0,0.0,0.0,,,,,,,0.0,,
2015/12/23,12.4,12.4,12.4,12.4,0.0,0.0,0.0,0.0,0.0,0.0,0.0,0.0,0.0,,,,,,,0.0,,
2015/12/24,12.4,12.4,12.4,12.4,0.0,0.0,0.0,0.0,0.0,0.0,0.0,0.0,0.0,,,,,,,0.0,,
2015/12/25,12.4,12.4,12.4,12.4,0.0,0.0,0.0,0.0,0.0,0.0,0.0,0.0,0.0,,,,,,,0.0,,
2015/12/28,12.5,12.5,11.2,12.5,3.0,36.0,0.8065,0.01,3.0,0.0,0.0,-2.0,-2.0,,,,,,,0.0,,
2015/12/29,12.5,12.5,12.5,12.5,0.0,0.0,0.0,0.0,0.0,0.0,0.0,0.0,0.0,,,,,,,0.0,,
2015/12/30,12.5,12.5,12.5,12.5,0.0,0.0,0.0,0.0,0.0,0.0,0.0,0.0,0.0,,,,,,,0.0,,
2015/12/31,12.5,12.5,12.5,12.5,1.0,12.0,0.0,0.0033,1.0,0.0,0.0,-1.0,-1.0,,,,,,,0.0,,
2016/01/04,12.5,12.5,12.5,12.5,0.0,0.0,0.0,0.0,0.0,0.0,0.0,0.0,0.0,,,,,,,0.0,,
2016/01/05,12.4,12.4,12.4,12.4,0.0,0.0,-0.8,0.0,0.0,0.0,0.0,0.0,0.0,,,,,,,0.0,,
2016/01/06,12.4,12.4,12.4,12.4,0.0,0.0,0.0,0.0,0.0,0.0,0.0,0.0,0.0,,,,,,,0.0,,
2016/01/07,12.4,12.4,12.4,12.4,0.0,0.0,0.0,0.0,0.0,0.0,0.0,0.0,0.0,,,,,,,0.0,,
2016/01/08,12.5,12.5,12.5,12.5,1.0,12.0,0.8065,0.0033,1.0,0.0,0.0,-1.0,-1.0,,,,,,,0.0,,
2016/01/11,12.5,12.5,12.5,12.5,0.0,0.0,0.0,0.0,0.0,0.0,0.0,0.0,0.0,,,,,,,0.0,,
2016/01/12,12.5,12.5,12.5,12.5,0.0,0.0,0.0,0.0,0.0,0.0,0.0,0.0,0.0,,,,,,,0.0,,
2016/01/13,12.5,12.5,12.5,12.5,0.0,0.0,0.0,0.0,0.0,0.0,0.0,0.0,0.0,,,,,,,0.0,,
2016/01/14,12.4,12.4,12.4,12.4,0.0,0.0,-0.8,0.0,0.0,0.0,0.0,0.0,0.0,,,,,,,0.0,,
2016/01/15,12.5,12.5,12.5,12.5,1.0,12.0,0.8065,0.0033,1.0,0.0,0.0,-1.0,-1.0,,,,,,,0.0,,
2016/01/18,12.5,12.5,12.5,12.5,0.0,0.0,0.0,0.0,0.0,0.0,0.0,0.0,0.0,,,,,,,0.0,,
2016/01/19,12.5,12.5,12.5,12.5,0.0,0.0,0.0,0.0,0.0,0.0,0.0,0.0,0.0,,,,,,,0.0,,
2016/01/20,12.5,12.5,12.5,12.5,0.0,0.0,0.0,0.0,0.0,0.0,0.0,0.0,0.0,,,,,,,0.0,,
2016/01/21,12.5,12.5,12.5,12.5,0.0,0.0,0.0,0.0,0.0,0.0,0.0,0.0,0.0,,,,,,,0.0,,
2016/01/22,12.5,12.5,12.5,12.5,0.0,0.0,0.0,0.0,0.0,0.0,0.0,0.0,0.0,,,,,,,0.0,,
2016/01/25,12.5,12.5,12.5,12.5,0.0,0.0,0.0,0.0,0.0,0.0,0.0,0.0,0.0,,,,,,,0.0,,
2016/01/26,12.5,12.5,12.5,12.5,0.0,0.0,0.0,0.0,0.0,0.0,0.0,0.0,0.0,,,,,,,0.0,,
2016/01/27,12.5,12.5,12.5,12.5,0.0,0.0,0.0,0.0,0.0,0.0,0.0,0.0,0.0,,,,,,,0.0,,
2016/01/28,12.0,12.5,12.0,12.5,11.0,132.0,0.0,0.0367,2.0,0.0,0.0,-1.0,-1.0,,,,,,,0.0,,
2016/01/29,12.5,12.5,12.5,12.5,0.0,0.0,0.0,0.0,0.0,0.0,0.0,0.0,0.0,,,,,,,0.0,,
2016/01/30,12.4,12.5,12.4,12.5,30.0,372.0,0.0,0.1,7.0,0.0,0.0,-1.0,-1.0,,,,,,,0.0,,
2016/02/01,12.5,12.5,12.5,12.5,0.0,0.0,0.0,0.0,0.0,0.0,0.0,0.0,0.0,,,,,,,0.0,,
2016/02/02,12.4,12.4,12.4,12.4,0.0,0.0,-0.8,0.0,0.0,0.0,0.0,0.0,0.0,,,,,,,0.0,,
2016/02/03,12.4,12.4,12.4,12.4,11.0,136.0,0.0,0.0367,2.0,0.0,0.0,0.0,0.0,,,,,,,0.0,,
2016/02/15,12.4,12.4,12.4,12.4,10.0,124.0,0.0,0.0333,1.0,0.0,0.0,0.0,0.0,,,,,,,0.0,,
2016/02/16,12.4,12.4,12.4,12.4,0.0,0.0,0.0,0.0,0.0,0.0,0.0,0.0,0.0,,,,,,,0.0,,
2016/02/17,12.4,12.4,12.4,12.4,0.0,0.0,0.0,0.0,0.0,0.0,0.0,0.0,0.0,,,,,,,0.0,,
2016/02/18,12.35,12.35,12.35,12.35,1.0,12.0,-0.4032,0.0033,1.0,0.0,0.0,0.0,0.0,,,,,,,0.0,,
2016/02/19,12.4,12.4,12.4,12.4,1.0,12.0,0.4049,0.0033,1.0,0.0,0.0,0.0,0.0,,,,,,,0.0,,
2016/02/22,12.4,12.4,12.4,12.4,11.0,136.0,0.0,0.0367,2.0,0.0,0.0,0.0,0.0,,,,,,,0.0,,
2016/02/23,12.4,12.4,12.4,12.4,0.0,0.0,0.0,0.0,0.0,0.0,0.0,0.0,0.0,,,,,,,0.0,,
2016/02/24,12.4,12.4,12.4,12.4,0.0,0.0,0.0,0.0,0.0,0.0,0.0,0.0,0.0,,,,,,,0.0,,
2016/02/25,12.4,12.4,12.4,12.4,1.0,12.0,0.0,0.0033,1.0,0.0,0.0,0.0,0.0,,,,,,,0.0,,
2016/02/26,12.5,12.5,12.5,12.5,11.0,137.0,0.8065,0.0367,2.0,0.0,0.0,-1.0,-1.0,,,,,,,0.0,,
2016/03/01,12.5,12.5,12.5,12.5,0.0,0.0,0.0,0.0,0.0,0.0,0.0,0.0,0.0,,,,,,,0.0,,
2016/03/02,12.4,12.4,12.4,12.4,0.0,0.0,-0.8,0.0,0.0,0.0,0.0,0.0,0.0,,,,,,,0.0,,
2016/03/03,12.4,12.4,12.4,12.4,0.0,0.0,0.0,0.0,0.0,0.0,0.0,0.0,0.0,,,,,,,0.0,,
2016/03/04,12.4,12.4,12.4,12.4,0.0,0.0,0.0,0.0,0.0,0.0,0.0,0.0,0.0,,,,,,,0.0,,
2016/03/07,12.4,12.4,12.4,12.4,0.0,0.0,0.0,0.0,0.0,0.0,0.0,0.0,0.0,,,,,,,0.0,,
2016/03/08,12.4,12.4,12.4,12.4,0.0,0.0,0.0,0.0,0.0,0.0,0.0,0.0,0.0,,,,,,,0.0,,
2016/03/09,12.4,12.4,12.4,12.4,0.0,0.0,0.0,0.0,0.0,0.0,0.0,0.0,0.0,,,,,,,0.0,,
2016/03/10,12.4,12.4,12.4,12.4,0.0,0.0,0.0,0.0,0.0,0.0,0.0,0.0,0.0,,,,,,,0.0,,
2016/03/11,12.4,12.4,12.4,12.4,0.0,0.0,0.0,0.0,0.0,0.0,0.0,0.0,0.0,,,,,,,0.0,,
2016/03/14,12.4,12.4,12.4,12.4,0.0,0.0,0.0,0.0,0.0,0.0,0.0,0.0,0.0,,,,,,,0.0,,
2016/03/15,12.4,12.4,12.4,12.4,0.0,0.0,0.0,0.0,0.0,0.0,0.0,0.0,0.0,,,,,,,0.0,,
2016/03/16,12.4,12.4,12.4,12.4,0.0,0.0,0.0,0.0,0.0,0.0,0.0,0.0,0.0,,,,,,,0.0,,
2016/03/17,12.4,12.4,12.4,12.4,1.0,12.0,0.0,0.0033,1.0,0.0,0.0,0.0,0.0,,,,,,,0.0,,
2016/03/18,12.4,12.4,12.4,12.4,0.0,0.0,0.0,0.0,0.0,0.0,0.0,0.0,0.0,,,,,,,0.0,,
2016/03/21,12.4,12.4,12.4,12.4,0.0,0.0,0.0,0.0,0.0,0.0,0.0,0.0,0.0,,,,,,,0.0,,
2016/03/22,12.4,12.4,12.4,12.4,0.0,0.0,0.0,0.0,0.0,0.0,0.0,0.0,0.0,,,,,,,0.0,,
2016/03/23,12.4,12.4,12.4,12.4,0.0,0.0,0.0,0.0,0.0,0.0,0.0,0.0,0.0,,,,,,,0.0,,
2016/03/24,12.4,12.4,12.4,12.4,0.0,0.0,0.0,0.0,0.0,0.0,0.0,0.0,0.0,,,,,,,0.0,,
2016/03/25,12.4,12.4,12.4,12.4,1.0,12.0,0.0,0.0033,1.0,0.0,0.0,0.0,0.0,,,,,,,0.0,,
2016/03/28,12.5,12.5,12.5,12.5,1.0,12.0,0.8065,0.0033,1.0,0.0,0.0,-1.0,-1.0,,,,,,,0.0,,
2016/03/29,12.5,12.5,12.5,12.5,0.0,0.0,0.0,0.0,0.0,0.0,0.0,0.0,0.0,,,,,,,0.0,,
2016/03/30,12.4,12.4,12.4,12.4,0.0,0.0,-0.8,0.0,0.0,0.0,0.0,0.0,0.0,,,,,,,0.0,,
2016/03/31,12.5,12.5,12.5,12.5,11.0,137.0,0.8065,0.0367,2.0,0.0,0.0,-1.0,-1.0,,,,,,,0.0,,
2016/04/01,12.5,12.5,12.5,12.5,0.0,0.0,0.0,0.0,0.0,0.0,0.0,0.0,0.0,,,,,,,0.0,,
2016/04/06,12.5,12.5,12.5,12.5,0.0,0.0,0.0,0.0,0.0,0.0,0.0,0.0,0.0,,,,,,,0.0,,
2016/04/07,12.45,12.45,12.45,12.45,0.0,0.0,-0.4,0.0,0.0,0.0,0.0,0.0,0.0,,,,,,,0.0,,
2016/04/08,12.45,12.45,12.45,12.45,0.0,0.0,0.0,0.0,0.0,0.0,0.0,0.0,0.0,,,,,,,0.0,,
2016/04/11,12.4,12.4,12.4,12.4,0.0,0.0,-0.4016,0.0,0.0,0.0,0.0,0.0,0.0,,,,,,,0.0,,
2016/04/12,12.4,12.4,12.4,12.4,0.0,0.0,0.0,0.0,0.0,0.0,0.0,0.0,0.0,,,,,,,0.0,,
2016/04/13,12.4,12.4,12.4,12.4,0.0,0.0,0.0,0.0,0.0,0.0,0.0,0.0,0.0,,,,,,,0.0,,
2016/04/14,12.4,12.4,12.4,12.4,0.0,0.0,0.0,0.0,0.0,0.0,0.0,0.0,0.0,,,,,,,0.0,,
2016/04/15,12.4,12.4,12.4,12.4,0.0,0.0,0.0,0.0,0.0,0.0,0.0,0.0,0.0,,,,,,,0.0,,
2016/04/18,12.4,12.4,12.4,12.4,0.0,0.0,0.0,0.0,0.0,0.0,0.0,0.0,0.0,,,,,,,0.0,,
2016/04/19,12.4,12.4,12.4,12.4,0.0,0.0,0.0,0.0,0.0,0.0,0.0,0.0,0.0,,,,,,,0.0,,
2016/04/20,12.4,12.4,12.4,12.4,0.0,0.0,0.0,0.0,0.0,0.0,0.0,0.0,0.0,,,,,,,0.0,,
2016/04/21,12.4,12.4,12.4,12.4,0.0,0.0,0.0,0.0,0.0,0.0,0.0,0.0,0.0,,,,,,,0.0,,
2016/04/22,11.2,12.4,11.2,12.4,2.0,23.0,0.0,0.0067,2.0,0.0,0.0,0.0,0.0,,,,,,,0.0,,
2016/04/25,11.2,12.35,11.2,12.35,2.0,23.0,-0.4032,0.0067,2.0,0.0,0.0,0.0,0.0,,,,,,,0.0,,
2016/04/26,12.4,12.4,12.4,12.4,1.0,12.0,0.4049,0.0033,1.0,0.0,0.0,0.0,0.0,,,,,,,0.0,,
2016/04/27,12.4,12.4,12.4,12.4,0.0,0.0,0.0,0.0,0.0,0.0,0.0,0.0,0.0,,,,,,,0.0,,
2016/04/28,12.4,12.4,12.4,12.4,0.0,0.0,0.0,0.0,0.0,0.0,0.0,0.0,0.0,,,,,,,0.0,,
2016/04/29,12.5,12.5,12.5,12.5,11.0,137.0,0.8065,0.0367,2.0,0.0,0.0,-1.0,-1.0,,,,,,,0.0,,
2016/05/03,12.5,12.5,12.5,12.5,0.0,0.0,0.0,0.0,0.0,0.0,0.0,0.0,0.0,,,,,,,0.0,,
2016/05/04,12.4,12.4,12.4,12.4,0.0,0.0,-0.8,0.0,0.0,0.0,0.0,0.0,0.0,,,,,,,0.0,,
2016/05/05,12.35,12.35,12.35,12.35,0.0,0.0,-0.4032,0.0,0.0,0.0,0.0,0.0,0.0,,,,,,,0.0,,
2016/05/06,12.35,12.35,12.35,12.35,0.0,0.0,0.0,0.0,0.0,0.0,0.0,0.0,0.0,,,,,,,0.0,,
2016/05/09,12.5,12.5,12.5,12.5,1.0,12.0,1.2146,0.0033,1.0,0.0,0.0,-1.0,-1.0,,,,,,,0.0,,
2016/05/10,12.5,12.5,12.5,12.5,0.0,0.0,0.0,0.0,0.0,0.0,0.0,0.0,0.0,,,,,,,0.0,,
2016/05/11,12.4,12.4,12.4,12.4,0.0,0.0,-0.8,0.0,0.0,0.0,0.0,0.0,0.0,,,,,,,0.0,,
2016/05/12,12.4,12.4,12.4,12.4,0.0,0.0,0.0,0.0,0.0,0.0,0.0,0.0,0.0,,,,,,,0.0,,
2016/05/13,12.4,12.4,12.4,12.4,1.0,12.0,0.0,0.0033,1.0,0.0,0.0,0.0,0.0,,,,,,,0.0,,
2016/05/16,12.4,12.4,12.4,12.4,0.0,0.0,0.0,0.0,0.0,0.0,0.0,0.0,0.0,,,,,,,0.0,,
2016/05/17,12.35,12.35,12.35,12.35,0.0,0.0,-0.4032,0.0,0.0,0.0,0.0,0.0,0.0,,,,,,,0.0,,
2016/05/18,12.35,12.35,12.35,12.35,0.0,0.0,0.0,0.0,0.0,0.0,0.0,0.0,0.0,,,,,,,0.0,,
2016/05/19,12.35,12.35,12.35,12.35,0.0,0.0,0.0,0.0,0.0,0.0,0.0,0.0,0.0,,,,,,,0.0,,
2016/05/20,12.35,12.35,12.35,12.35,0.0,0.0,0.0,0.0,0.0,0.0,0.0,0.0,0.0,,,,,,,0.0,,
2016/05/23,12.35,12.35,12.35,12.35,0.0,0.0,0.0,0.0,0.0,0.0,0.0,0.0,0.0,,,,,,,0.0,,
2016/05/24,12.35,12.35,12.35,12.35,0.0,0.0,0.0,0.0,0.0,0.0,0.0,0.0,0.0,,,,,,,0.0,,
2016/05/25,12.35,12.35,12.35,12.35,0.0,0.0,0.0,0.0,0.0,0.0,0.0,0.0,0.0,,,,,,,0.0,,
2016/05/26,12.35,12.35,12.35,12.35,0.0,0.0,0.0,0.0,0.0,0.0,0.0,0.0,0.0,,,,,,,0.0,,
2016/05/27,12.35,12.35,12.35,12.35,0.0,0.0,0.0,0.0,0.0,0.0,0.0,0.0,0.0,,,,,,,0.0,,
2016/05/30,12.35,12.35,12.35,12.35,0.0,0.0,0.0,0.0,0.0,0.0,0.0,0.0,0.0,,,,,,,0.0,,
2016/05/31,12.4,12.5,12.4,12.5,42.0,520.0,1.2146,0.14,4.0,0.0,0.0,-1.0,-1.0,,,,,,,0.0,,
2016/06/01,12.0,12.0,12.0,12.0,4.0,48.0,-4.0,0.0133,2.0,0.0,0.0,0.0,0.0,,,,,,,0.0,,
2016/06/02,12.5,12.5,12.5,12.5,1.0,12.0,4.1667,0.0033,1.0,0.0,0.0,-1.0,-1.0,,,,,,,0.0,,
2016/06/03,12.5,12.5,12.5,12.5,0.0,0.0,0.0,0.0,0.0,0.0,0.0,0.0,0.0,,,,,,,0.0,,
2016/06/04,12.0,12.5,12.0,12.5,2.0,24.0,0.0,0.0067,2.0,0.0,0.0,-1.0,-1.0,,,,,,,0.0,,
2016/06/06,12.5,12.5,12.5,12.5,0.0,0.0,0.0,0.0,0.0,0.0,0.0,0.0,0.0,,,,,,,0.0,,
2016/06/07,12.45,12.45,12.45,12.45,0.0,0.0,-0.4,0.0,0.0,0.0,0.0,0.0,0.0,,,,,,,0.0,,
2016/06/08,12.45,12.45,12.45,12.45,0.0,0.0,0.0,0.0,0.0,0.0,0.0,0.0,0.0,,,,,,,0.0,,
2016/06/13,12.45,12.45,12.45,12.45,0.0,0.0,0.0,0.0,0.0,0.0,0.0,0.0,0.0,,,,,,,0.0,,
2016/06/14,12.45,12.45,12.45,12.45,0.0,0.0,0.0,0.0,0.0,0.0,0.0,0.0,0.0,,,,,,,0.0,,
2016/06/15,12.45,12.45,12.45,12.45,0.0,0.0,0.0,0.0,0.0,0.0,0.0,0.0,0.0,,,,,,,0.0,,
2016/06/16,12.45,12.45,12.45,12.45,0.0,0.0,0.0,0.0,0.0,0.0,0.0,0.0,0.0,,,,,,,0.0,,
2016/06/17,12.45,12.45,12.45,12.45,0.0,0.0,0.0,0.0,0.0,0.0,0.0,0.0,0.0,,,,,,,0.0,,
2016/06/20,12.45,12.45,12.45,12.45,0.0,0.0,0.0,0.0,0.0,0.0,0.0,0.0,0.0,,,,,,,0.0,,
2016/06/21,12.45,12.45,12.45,12.45,0.0,0.0,0.0,0.0,0.0,0.0,0.0,0.0,0.0,,,,,,,0.0,,
2016/06/22,12.45,12.45,12.45,12.45,0.0,0.0,0.0,0.0,0.0,0.0,0.0,0.0,0.0,,,,,,,0.0,,
2016/06/23,12.45,12.45,12.45,12.45,0.0,0.0,0.0,0.0,0.0,0.0,0.0,0.0,0.0,,,,,,,0.0,,
2016/06/24,12.0,12.4,12.0,12.4,3.0,36.0,-0.4016,0.01,2.0,0.0,0.0,0.0,0.0,,,,,,,0.0,,
2016/06/27,12.4,12.4,12.4,12.4,0.0,0.0,0.0,0.0,0.0,0.0,0.0,0.0,0.0,,,,,,,0.0,,
2016/06/28,12.4,12.4,12.4,12.4,0.0,0.0,0.0,0.0,0.0,0.0,0.0,0.0,0.0,,,,,,,0.0,,
2016/06/29,12.4,12.4,12.4,12.4,0.0,0.0,0.0,0.0,0.0,0.0,0.0,0.0,0.0,,,,,,,0.0,,
2016/06/30,12.5,12.5,12.5,12.5,1.0,12.0,0.8065,0.0033,1.0,0.0,0.0,-1.0,-1.0,,,,,,,0.0,,
2016/07/01,12.5,12.5,12.5,12.5,0.0,0.0,0.0,0.0,0.0,0.0,0.0,0.0,0.0,,,,,,,0.0,,
2016/07/04,12.5,12.5,12.5,12.5,0.0,0.0,0.0,0.0,0.0,0.0,0.0,0.0,0.0,,,,,,,0.0,,
2016/07/05,12.45,12.45,12.45,12.45,0.0,0.0,-0.4,0.0,0.0,0.0,0.0,0.0,0.0,,,,,,,0.0,,
2016/07/06,12.45,12.45,12.45,12.45,0.0,0.0,0.0,0.0,0.0,0.0,0.0,0.0,0.0,,,,,,,0.0,,
2016/07/07,12.45,12.45,12.45,12.45,0.0,0.0,0.0,0.0,0.0,0.0,0.0,0.0,0.0,,,,,,,0.0,,
2016/07/11,12.0,12.4,12.0,12.4,6.0,72.0,-0.4016,0.02,3.0,0.0,0.0,-4.0,-4.0,,,,,,,0.0,,
2016/07/12,12.5,12.5,12.5,12.5,1.0,12.0,0.8065,0.0033,1.0,0.0,0.0,-1.0,-1.0,,,,,,,0.0,,
2016/07/13,12.5,12.5,12.5,12.5,0.0,0.0,0.0,0.0,0.0,0.0,0.0,0.0,0.0,,,,,,,0.0,,
2016/07/14,12.5,12.5,12.5,12.5,0.0,0.0,0.0,0.0,0.0,0.0,0.0,0.0,0.0,,,,,,,0.0,,
2016/07/15,12.5,12.5,12.5,12.5,0.0,0.0,0.0,0.0,0.0,0.0,0.0,0.0,0.0,,,,,,,0.0,,
2016/07/18,12.5,12.5,12.5,12.5,0.0,0.0,0.0,0.0,0.0,0.0,0.0,0.0,0.0,,,,,,,0.0,,
2016/07/19,12.5,12.5,12.5,12.5,0.0,0.0,0.0,0.0,0.0,0.0,0.0,0.0,0.0,,,,,,,0.0,,
2016/07/20,12.5,12.5,12.5,12.5,0.0,0.0,0.0,0.0,0.0,0.0,0.0,0.0,0.0,,,,,,,0.0,,
2016/07/21,12.5,12.5,12.5,12.5,0.0,0.0,0.0,0.0,0.0,0.0,0.0,0.0,0.0,,,,,,,0.0,,
2016/07/22,12.4,12.4,12.4,12.4,0.0,0.0,-0.8,0.0,0.0,0.0,0.0,0.0,0.0,,,,,,,0.0,,
2016/07/25,12.3,12.5,12.3,12.5,2.0,24.0,0.8065,0.0067,2.0,0.0,0.0,-1.0,-1.0,,,,,,,0.0,,
2016/07/26,12.5,12.5,12.5,12.5,0.0,0.0,0.0,0.0,0.0,0.0,0.0,0.0,0.0,,,,,,,0.0,,
2016/07/27,12.5,12.5,12.5,12.5,0.0,0.0,0.0,0.0,0.0,0.0,0.0,0.0,0.0,,,,,,,0.0,,
2016/07/28,12.5,12.5,12.5,12.5,0.0,0.0,0.0,0.0,0.0,0.0,0.0,0.0,0.0,,,,,,,0.0,,
2016/07/29,12.5,12.5,12.5,12.5,0.0,0.0,0.0,0.0,0.0,0.0,0.0,0.0,0.0,,,,,,,0.0,,
2016/08/01,12.5,12.5,12.5,12.5,0.0,0.0,0.0,0.0,0.0,0.0,0.0,0.0,0.0,,,,,,,0.0,,
2016/08/02,12.5,12.5,12.5,12.5,0.0,0.0,0.0,0.0,0.0,0.0,0.0,0.0,0.0,,,,,,,0.0,,
2016/08/03,12.5,12.5,12.5,12.5,0.0,0.0,0.0,0.0,0.0,0.0,0.0,0.0,0.0,,,,,,,0.0,,
2016/08/04,12.4,12.4,12.4,12.4,1.0,12.0,-0.8,0.0033,1.0,0.0,0.0,-1.0,-1.0,,,,,,,0.0,,
2016/08/05,12.4,12.4,12.4,12.4,0.0,0.0,0.0,0.0,0.0,0.0,0.0,0.0,0.0,,,,,,,0.0,,
2016/08/08,12.4,12.4,12.4,12.4,0.0,0.0,0.0,0.0,0.0,0.0,0.0,0.0,0.0,,,,,,,0.0,,
2016/08/09,12.4,12.4,12.4,12.4,0.0,0.0,0.0,0.0,0.0,0.0,0.0,0.0,0.0,,,,,,,0.0,,
2016/08/10,12.4,12.4,12.4,12.4,0.0,0.0,0.0,0.0,0.0,0.0,0.0,0.0,0.0,,,,,,,0.0,,
2016/08/11,12.4,12.4,12.4,12.4,0.0,0.0,0.0,0.0,0.0,0.0,0.0,0.0,0.0,,,,,,,0.0,,
2016/08/12,12.4,12.4,12.4,12.4,0.0,0.0,0.0,0.0,0.0,0.0,0.0,0.0,0.0,,,,,,,0.0,,
2016/08/15,12.4,12.4,12.4,12.4,0.0,0.0,0.0,0.0,0.0,0.0,0.0,0.0,0.0,,,,,,,0.0,,
2016/08/16,12.4,12.4,12.4,12.4,0.0,0.0,0.0,0.0,0.0,0.0,0.0,0.0,0.0,,,,,,,0.0,,
2016/08/17,12.4,12.4,12.4,12.4,0.0,0.0,0.0,0.0,0.0,0.0,0.0,0.0,0.0,,,,,,,0.0,,
2016/08/18,12.4,12.4,12.4,12.4,0.0,0.0,0.0,0.0,0.0,0.0,0.0,0.0,0.0,,,,,,,0.0,,
2016/08/19,12.4,12.4,12.4,12.4,0.0,0.0,0.0,0.0,0.0,0.0,0.0,0.0,0.0,,,,,,,0.0,,
2016/08/22,12.4,12.4,12.4,12.4,0.0,0.0,0.0,0.0,0.0,0.0,0.0,0.0,0.0,,,,,,,0.0,,
2016/08/23,12.4,12.4,12.4,12.4,0.0,0.0,0.0,0.0,0.0,0.0,0.0,0.0,0.0,,,,,,,0.0,,
2016/08/24,12.4,12.4,12.4,12.4,0.0,0.0,0.0,0.0,0.0,0.0,0.0,0.0,0.0,,,,,,,0.0,,
2016/08/25,12.4,12.4,12.4,12.4,0.0,0.0,0.0,0.0,0.0,0.0,0.0,0.0,0.0,,,,,,,0.0,,
2016/08/26,12.4,12.4,12.4,12.4,0.0,0.0,0.0,0.0,0.0,0.0,0.0,0.0,0.0,,,,,,,0.0,,
2016/08/29,12.4,12.4,12.4,12.4,0.0,0.0,0.0,0.0,0.0,0.0,0.0,0.0,0.0,,,,,,,0.0,,
2016/08/30,12.4,12.4,12.4,12.4,0.0,0.0,0.0,0.0,0.0,0.0,0.0,0.0,0.0,,,,,,,0.0,,
2016/08/31,12.5,12.5,12.5,12.5,1.0,12.0,0.8065,0.0033,1.0,0.0,0.0,-1.0,-1.0,,,,,,,0.0,,
2016/09/01,12.5,12.5,12.5,12.5,0.0,0.0,0.0,0.0,0.0,0.0,0.0,0.0,0.0,,,,,,,0.0,,
2016/09/02,12.5,12.5,12.5,12.5,0.0,0.0,0.0,0.0,0.0,0.0,0.0,0.0,0.0,,,,,,,0.0,,
2016/09/05,12.4,12.4,12.4,12.4,0.0,0.0,-0.8,0.0,0.0,0.0,0.0,0.0,0.0,,,,,,,0.0,,
2016/09/06,12.4,12.4,12.4,12.4,0.0,0.0,0.0,0.0,0.0,0.0,0.0,0.0,0.0,,,,,,,0.0,,
2016/09/07,12.4,12.4,12.4,12.4,0.0,0.0,0.0,0.0,0.0,0.0,0.0,0.0,0.0,,,,,,,0.0,,
2016/09/08,12.4,12.4,12.4,12.4,0.0,0.0,0.0,0.0,0.0,0.0,0.0,0.0,0.0,,,,,,,0.0,,
2016/09/09,12.4,12.4,12.4,12.4,0.0,0.0,0.0,0.0,0.0,0.0,0.0,0.0,0.0,,,,,,,0.0,,
2016/09/10,12.4,12.4,12.4,12.4,0.0,0.0,0.0,0.0,0.0,0.0,0.0,0.0,0.0,,,,,,,0.0,,
2016/09/12,12.4,12.4,12.4,12.4,0.0,0.0,0.0,0.0,0.0,0.0,0.0,0.0,0.0,,,,,,,0.0,,
2016/09/13,12.4,12.4,12.4,12.4,0.0,0.0,0.0,0.0,0.0,0.0,0.0,0.0,0.0,,,,,,,0.0,,
2016/09/14,12.4,12.4,12.4,12.4,0.0,0.0,0.0,0.0,0.0,0.0,0.0,0.0,0.0,,,,,,,0.0,,
2016/09/19,12.4,12.4,12.4,12.4,0.0,0.0,0.0,0.0,0.0,0.0,0.0,0.0,0.0,,,,,,,0.0,,
2016/09/20,12.4,12.4,12.4,12.4,0.0,0.0,0.0,0.0,0.0,0.0,0.0,0.0,0.0,,,,,,,0.0,,
2016/09/21,12.4,12.4,12.4,12.4,0.0,0.0,0.0,0.0,0.0,0.0,0.0,0.0,0.0,,,,,,,0.0,,
2016/09/22,12.4,12.4,12.4,12.4,0.0,0.0,0.0,0.0,0.0,0.0,0.0,0.0,0.0,,,,,,,0.0,,
2016/09/23,12.4,12.4,12.4,12.4,0.0,0.0,0.0,0.0,0.0,0.0,0.0,0.0,0.0,,,,,,,0.0,,
2016/09/26,12.4,12.4,12.4,12.4,0.0,0.0,0.0,0.0,0.0,0.0,0.0,0.0,0.0,,,,,,,0.0,,
2016/09/29,12.4,12.4,12.4,12.4,0.0,0.0,0.0,0.0,0.0,0.0,0.0,0.0,0.0,,,,,,,0.0,,
2016/09/30,12.4,12.5,12.4,12.5,2.0,24.0,0.8065,0.0067,2.0,0.0,0.0,-1.0,-1.0,,,,,,,0.0,,
2016/10/03,12.5,12.5,12.5,12.5,0.0,0.0,0.0,0.0,0.0,0.0,0.0,0.0,0.0,,,,,,,0.0,,
2016/10/04,12.5,12.5,12.5,12.5,0.0,0.0,0.0,0.0,0.0,0.0,0.0,0.0,0.0,,,,,,,0.0,,
2016/10/05,12.5,12.5,12.5,12.5,0.0,0.0,0.0,0.0,0.0,0.0,0.0,0.0,0.0,,,,,,,0.0,,
2016/10/06,11.2,12.5,11.2,12.5,2.0,23.0,0.0,0.0067,2.0,0.0,0.0,0.0,0.0,,,,,,,0.0,,
2016/10/07,12.5,12.5,12.5,12.5,0.0,0.0,0.0,0.0,0.0,0.0,0.0,0.0,0.0,,,,,,,0.0,,
2016/10/11,12.5,12.5,12.5,12.5,0.0,0.0,0.0,0.0,0.0,0.0,0.0,0.0,0.0,,,,,,,0.0,,
2016/10/12,12.5,12.5,12.5,12.5,0.0,0.0,0.0,0.0,0.0,0.0,0.0,0.0,0.0,,,,,,,0.0,,
2016/10/13,12.5,12.5,12.5,12.5,0.0,0.0,0.0,0.0,0.0,0.0,0.0,0.0,0.0,,,,,,,0.0,,
2016/10/14,12.5,12.5,12.5,12.5,0.0,0.0,0.0,0.0,0.0,0.0,0.0,0.0,0.0,,,,,,,0.0,,
2016/10/17,12.5,12.5,12.5,12.5,0.0,0.0,0.0,0.0,0.0,0.0,0.0,0.0,0.0,,,,,,,0.0,,
2016/10/18,12.5,12.5,12.5,12.5,0.0,0.0,0.0,0.0,0.0,0.0,0.0,0.0,0.0,,,,,,,0.0,,
2016/10/19,12.5,12.5,12.5,12.5,0.0,0.0,0.0,0.0,0.0,0.0,0.0,0.0,0.0,,,,,,,0.0,,
2016/10/20,12.5,12.5,12.5,12.5,0.0,0.0,0.0,0.0,0.0,0.0,0.0,0.0,0.0,,,,,,,0.0,,
2016/10/21,12.4,12.4,12.4,12.4,0.0,0.0,-0.8,0.0,0.0,0.0,0.0,0.0,0.0,,,,,,,0.0,,
2016/10/24,12.4,12.4,12.4,12.4,0.0,0.0,0.0,0.0,0.0,0.0,0.0,0.0,0.0,,,,,,,0.0,,
2016/10/25,12.4,12.4,12.4,12.4,0.0,0.0,0.0,0.0,0.0,0.0,0.0,0.0,0.0,,,,,,,0.0,,
2016/10/26,12.4,12.4,12.4,12.4,0.0,0.0,0.0,0.0,0.0,0.0,0.0,0.0,0.0,,,,,,,0.0,,
2016/10/27,12.4,12.4,12.4,12.4,0.0,0.0,0.0,0.0,0.0,0.0,0.0,0.0,0.0,,,,,,,0.0,,
2016/10/28,12.4,12.4,12.4,12.4,0.0,0.0,0.0,0.0,0.0,0.0,0.0,0.0,0.0,,,,,,,0.0,,
2016/10/31,12.5,12.5,12.5,12.5,1.0,12.0,0.8065,0.0033,1.0,0.0,0.0,-1.0,-1.0,,,,,,,0.0,,
2016/11/01,12.5,12.5,12.5,12.5,0.0,0.0,0.0,0.0,0.0,0.0,0.0,0.0,0.0,,,,,,,0.0,,
2016/11/02,12.5,12.5,12.5,12.5,0.0,0.0,0.0,0.0,0.0,0.0,0.0,0.0,0.0,,,,,,,0.0,,
2016/11/03,12.5,12.5,12.5,12.5,0.0,0.0,0.0,0.0,0.0,0.0,0.0,0.0,0.0,,,,,,,0.0,,
2016/11/04,12.5,12.5,12.5,12.5,0.0,0.0,0.0,0.0,0.0,0.0,0.0,0.0,0.0,,,,,,,0.0,,
2016/11/07,12.5,12.5,12.5,12.5,0.0,0.0,0.0,0.0,0.0,0.0,0.0,0.0,0.0,,,,,,,0.0,,
2016/11/08,12.5,12.5,12.5,12.5,0.0,0.0,0.0,0.0,0.0,0.0,0.0,0.0,0.0,,,,,,,0.0,,
2016/11/09,12.5,12.5,12.5,12.5,0.0,0.0,0.0,0.0,0.0,0.0,0.0,0.0,0.0,,,,,,,0.0,,
2016/11/10,12.4,12.4,12.4,12.4,0.0,0.0,-0.8,0.0,0.0,0.0,0.0,0.0,0.0,,,,,,,0.0,,
2016/11/11,12.4,12.4,12.4,12.4,0.0,0.0,0.0,0.0,0.0,0.0,0.0,0.0,0.0,,,,,,,0.0,,
2016/11/14,12.4,12.4,12.4,12.4,0.0,0.0,0.0,0.0,0.0,0.0,0.0,0.0,0.0,,,,,,,0.0,,
2016/11/15,12.4,12.4,12.4,12.4,0.0,0.0,0.0,0.0,0.0,0.0,0.0,0.0,0.0,,,,,,,0.0,,
2016/11/16,12.4,12.4,12.4,12.4,0.0,0.0,0.0,0.0,0.0,0.0,0.0,0.0,0.0,,,,,,,0.0,,
2016/11/17,12.4,12.4,11.25,12.4,3.0,36.0,0.0,0.01,3.0,0.0,0.0,0.0,0.0,,,,,,,0.0,,
2016/11/18,12.4,12.4,12.4,12.4,0.0,0.0,0.0,0.0,0.0,0.0,0.0,0.0,0.0,,,,,,,0.0,,
2016/11/21,12.4,12.4,12.4,12.4,0.0,0.0,0.0,0.0,0.0,0.0,0.0,0.0,0.0,,,,,,,0.0,,
2016/11/22,12.4,12.4,12.4,12.4,0.0,0.0,0.0,0.0,0.0,0.0,0.0,0.0,0.0,,,,,,,0.0,,
2016/11/23,12.4,12.4,12.4,12.4,0.0,0.0,0.0,0.0,0.0,0.0,0.0,0.0,0.0,,,,,,,0.0,,
2016/11/24,12.2,12.5,12.2,12.5,2.0,24.0,0.8065,0.0067,2.0,0.0,0.0,-1.0,-1.0,,,,,,,0.0,,
2016/11/25,12.5,12.5,12.5,12.5,0.0,0.0,0.0,0.0,0.0,0.0,0.0,0.0,0.0,,,,,,,0.0,,
2016/11/28,12.5,12.5,12.5,12.5,0.0,0.0,0.0,0.0,0.0,0.0,0.0,0.0,0.0,,,,,,,0.0,,
2016/11/29,12.5,12.5,12.5,12.5,0.0,0.0,0.0,0.0,0.0,0.0,0.0,0.0,0.0,,,,,,,0.0,,
2016/11/30,12.5,12.5,12.5,12.5,1.0,12.0,0.0,0.0033,1.0,0.0,0.0,-1.0,-1.0,,,,,,,0.0,,
2016/12/01,12.5,12.5,12.5,12.5,0.0,0.0,0.0,0.0,0.0,0.0,0.0,0.0,0.0,,,,,,,0.0,,
2016/12/02,12.5,12.5,12.5,12.5,0.0,0.0,0.0,0.0,0.0,0.0,0.0,0.0,0.0,,,,,,,0.0,,
2016/12/05,12.5,12.5,12.5,12.5,0.0,0.0,0.0,0.0,0.0,0.0,0.0,0.0,0.0,,,,,,,0.0,,
2016/12/06,12.0,12.5,12.0,12.5,2.0,24.0,0.0,0.0067,2.0,0.0,0.0,-1.0,-1.0,,,,,,,0.0,,
2016/12/07,12.5,12.5,12.5,12.5,0.0,0.0,0.0,0.0,0.0,0.0,0.0,0.0,0.0,,,,,,,0.0,,
2016/12/08,12.5,12.5,12.5,12.5,0.0,0.0,0.0,0.0,0.0,0.0,0.0,0.0,0.0,,,,,,,0.0,,
2016/12/09,12.5,12.5,12.5,12.5,0.0,0.0,0.0,0.0,0.0,0.0,0.0,0.0,0.0,,,,,,,0.0,,
2016/12/12,12.5,12.5,12.5,12.5,0.0,0.0,0.0,0.0,0.0,0.0,0.0,0.0,0.0,,,,,,,0.0,,
2016/12/13,12.5,12.5,12.5,12.5,0.0,0.0,0.0,0.0,0.0,0.0,0.0,0.0,0.0,,,,,,,0.0,,
2016/12/14,12.4,12.4,12.4,12.4,0.0,0.0,-0.8,0.0,0.0,0.0,0.0,0.0,0.0,,,,,,,0.0,,
2016/12/15,12.4,12.4,12.4,12.4,0.0,0.0,0.0,0.0,0.0,0.0,0.0,0.0,0.0,,,,,,,0.0,,
2016/12/16,12.4,12.4,12.4,12.4,0.0,0.0,0.0,0.0,0.0,0.0,0.0,0.0,0.0,,,,,,,0.0,,
2016/12/19,12.3,12.3,12.3,12.3,0.0,0.0,-0.8065,0.0,0.0,0.0,0.0,0.0,0.0,,,,,,,0.0,,
2016/12/20,12.3,12.3,12.3,12.3,0.0,0.0,0.0,0.0,0.0,0.0,0.0,0.0,0.0,,,,,,,0.0,,
2016/12/21,12.3,12.3,12.3,12.3,0.0,0.0,0.0,0.0,0.0,0.0,0.0,0.0,0.0,,,,,,,0.0,,
2016/12/22,12.3,12.3,12.3,12.3,0.0,0.0,0.0,0.0,0.0,0.0,0.0,0.0,0.0,,,,,,,0.0,,
2016/12/23,12.3,12.3,12.3,12.3,0.0,0.0,0.0,0.0,0.0,0.0,0.0,0.0,0.0,,,,,,,0.0,,
2016/12/26,12.3,12.3,12.3,12.3,0.0,0.0,0.0,0.0,0.0,0.0,0.0,0.0,0.0,,,,,,,0.0,,
2016/12/27,12.3,12.3,12.3,12.3,0.0,0.0,0.0,0.0,0.0,0.0,0.0,0.0,0.0,,,,,,,0.0,,
2016/12/28,12.3,12.3,12.3,12.3,0.0,0.0,0.0,0.0,0.0,0.0,0.0,0.0,0.0,,,,,,,0.0,,
2016/12/29,12.3,12.3,12.3,12.3,0.0,0.0,0.0,0.0,0.0,0.0,0.0,0.0,0.0,,,,,,,0.0,,
2016/12/30,12.5,12.5,12.5,12.5,1.0,12.0,1.626,0.0033,1.0,0.0,0.0,-1.0,-1.0,,,,,,,0.0,,
2017/01/03,12.5,12.5,12.5,12.5,0.0,0.0,0.0,0.0,0.0,0.0,0.0,0.0,0.0,,,,,,,0.0,,
2017/01/04,12.5,12.5,12.5,12.5,0.0,0.0,0.0,0.0,0.0,0.0,0.0,0.0,0.0,,,,,,,0.0,,
2017/01/05,12.5,12.5,12.5,12.5,0.0,0.0,0.0,0.0,0.0,0.0,0.0,0.0,0.0,,,,,,,0.0,,
2017/01/06,12.5,12.5,12.5,12.5,0.0,0.0,0.0,0.0,0.0,0.0,0.0,0.0,0.0,,,,,,,0.0,,
2017/01/09,12.5,12.5,12.5,12.5,0.0,0.0,0.0,0.0,0.0,0.0,0.0,0.0,0.0,,,,,,,0.0,,
2017/01/10,12.5,12.5,12.5,12.5,0.0,0.0,0.0,0.0,0.0,0.0,0.0,0.0,0.0,,,,,,,0.0,,
2017/01/11,12.5,12.5,12.5,12.5,0.0,0.0,0.0,0.0,0.0,0.0,0.0,0.0,0.0,,,,,,,0.0,,
2017/01/12,12.5,12.5,12.5,12.5,0.0,0.0,0.0,0.0,0.0,0.0,0.0,0.0,0.0,,,,,,,0.0,,
2017/01/13,12.5,12.5,12.5,12.5,0.0,0.0,0.0,0.0,0.0,0.0,0.0,0.0,0.0,,,,,,,0.0,,
2017/01/16,12.5,12.5,12.5,12.5,0.0,0.0,0.0,0.0,0.0,0.0,0.0,0.0,0.0,,,,,,,0.0,,
2017/01/17,12.5,12.5,12.5,12.5,0.0,0.0,0.0,0.0,0.0,0.0,0.0,0.0,0.0,,,,,,,0.0,,
2017/01/18,12.5,12.5,12.5,12.5,0.0,0.0,0.0,0.0,0.0,0.0,0.0,0.0,0.0,,,,,,,0.0,,
2017/01/19,12.5,12.5,12.5,12.5,0.0,0.0,0.0,0.0,0.0,0.0,0.0,0.0,0.0,,,,,,,0.0,,
2017/01/20,12.5,12.5,12.5,12.5,0.0,0.0,0.0,0.0,0.0,0.0,0.0,0.0,0.0,,,,,,,0.0,,
2017/01/23,12.5,12.5,12.5,12.5,0.0,0.0,0.0,0.0,0.0,0.0,0.0,0.0,0.0,,,,,,,0.0,,
2017/01/24,12.5,12.5,12.5,12.5,1.0,12.0,0.0,0.0033,1.0,0.0,0.0,-1.0,-1.0,,,,,,,0.0,,
2017/02/02,12.5,12.5,12.5,12.5,0.0,0.0,0.0,0.0,0.0,0.0,0.0,0.0,0.0,,,,,,,0.0,,
2017/02/03,12.5,12.5,12.5,12.5,0.0,0.0,0.0,0.0,0.0,0.0,0.0,0.0,0.0,,,,,,,0.0,,
2017/02/06,12.5,12.5,12.5,12.5,0.0,0.0,0.0,0.0,0.0,0.0,0.0,0.0,0.0,,,,,,,0.0,,
2017/02/07,12.5,12.5,12.5,12.5,0.0,0.0,0.0,0.0,0.0,0.0,0.0,0.0,0.0,,,,,,,0.0,,
2017/02/08,12.5,12.5,12.5,12.5,0.0,0.0,0.0,0.0,0.0,0.0,0.0,0.0,0.0,,,,,,,0.0,,
2017/02/09,12.5,12.5,12.5,12.5,0.0,0.0,0.0,0.0,0.0,0.0,0.0,0.0,0.0,,,,,,,0.0,,
2017/02/10,12.0,12.5,11.7,12.5,5.0,60.0,0.0,0.0167,5.0,0.0,0.0,-2.0,-2.0,,,,,,,0.0,,
2017/02/13,12.5,12.5,12.5,12.5,0.0,0.0,0.0,0.0,0.0,0.0,0.0,0.0,0.0,,,,,,,0.0,,
2017/02/14,12.45,12.45,12.45,12.45,0.0,0.0,-0.4,0.0,0.0,0.0,0.0,0.0,0.0,,,,,,,0.0,,
2017/02/15,12.45,12.45,12.45,12.45,0.0,0.0,0.0,0.0,0.0,0.0,0.0,0.0,0.0,,,,,,,0.0,,
2017/02/16,12.45,12.45,12.45,12.45,0.0,0.0,0.0,0.0,0.0,0.0,0.0,0.0,0.0,,,,,,,0.0,,
2017/02/17,12.0,12.5,12.0,12.5,2.0,24.0,0.4016,0.0067,2.0,0.0,0.0,0.0,0.0,,,,,,,0.0,,
2017/02/18,12.5,12.5,12.5,12.5,0.0,0.0,0.0,0.0,0.0,0.0,0.0,0.0,0.0,,,,,,,0.0,,
2017/02/20,12.45,12.45,12.45,12.45,0.0,0.0,-0.4,0.0,0.0,0.0,0.0,0.0,0.0,,,,,,,0.0,,
2017/02/21,12.45,12.45,12.45,12.45,0.0,0.0,0.0,0.0,0.0,0.0,0.0,0.0,0.0,,,,,,,0.0,,
2017/02/22,12.45,12.45,12.45,12.45,0.0,0.0,0.0,0.0,0.0,0.0,0.0,0.0,0.0,,,,,,,0.0,,
2017/02/23,12.45,12.45,12.45,12.45,0.0,0.0,0.0,0.0,0.0,0.0,0.0,0.0,0.0,,,,,,,0.0,,
2017/02/24,12.45,12.5,12.45,12.5,2.0,24.0,0.4016,0.0067,2.0,0.0,0.0,-1.0,-1.0,,,,,,,0.0,,
2017/03/01,12.5,12.5,12.5,12.5,3.0,37.0,0.0,0.01,2.0,0.0,0.0,-2.0,-2.0,,,,,,,0.0,,
2017/03/02,12.5,12.5,12.5,12.5,0.0,0.0,0.0,0.0,0.0,0.0,0.0,0.0,0.0,,,,,,,0.0,,
2017/03/03,11.6,12.5,11.25,12.5,5.0,59.0,0.0,0.0167,5.0,0.0,0.0,-2.0,-2.0,,,,,,,0.0,,
2017/03/06,12.5,12.5,12.5,12.5,0.0,0.0,0.0,0.0,0.0,0.0,0.0,0.0,0.0,,,,,,,0.0,,
2017/03/07,12.45,12.45,12.45,12.45,0.0,0.0,-0.4,0.0,0.0,0.0,0.0,0.0,0.0,,,,,,,0.0,,
2017/03/08,12.45,12.45,12.45,12.45,0.0,0.0,0.0,0.0,0.0,0.0,0.0,0.0,0.0,,,,,,,0.0,,
2017/03/09,12.45,12.45,12.45,12.45,0.0,0.0,0.0,0.0,0.0,0.0,0.0,0.0,0.0,,,,,,,0.0,,
2017/03/10,11.65,12.5,11.65,12.5,2.0,24.0,0.4016,0.0067,2.0,0.0,0.0,-1.0,-1.0,,,,,,,0.0,,
2017/03/13,12.5,12.5,12.5,12.5,0.0,0.0,0.0,0.0,0.0,0.0,0.0,0.0,0.0,,,,,,,0.0,,
2017/03/14,12.4,12.4,12.4,12.4,0.0,0.0,-0.8,0.0,0.0,0.0,0.0,0.0,0.0,,,,,,,0.0,,
2017/03/15,12.4,12.4,12.4,12.4,0.0,0.0,0.0,0.0,0.0,0.0,0.0,0.0,0.0,,,,,,,0.0,,
2017/03/16,12.4,12.4,12.4,12.4,0.0,0.0,0.0,0.0,0.0,0.0,0.0,0.0,0.0,,,,,,,0.0,,
2017/03/17,12.0,12.0,12.0,12.0,0.0,0.0,-3.2258,0.0,0.0,0.0,0.0,0.0,0.0,,,,,,,0.0,,
2017/03/20,12.0,12.0,12.0,12.0,0.0,0.0,0.0,0.0,0.0,0.0,0.0,0.0,0.0,,,,,,,0.0,,
2017/03/21,12.5,12.5,12.5,12.5,2.0,25.0,4.1667,0.0067,2.0,0.0,0.0,-1.0,-1.0,,,,,,,0.0,,
2017/03/22,12.5,12.5,12.5,12.5,0.0,0.0,0.0,0.0,0.0,0.0,0.0,0.0,0.0,,,,,,,0.0,,
2017/03/23,12.5,12.5,12.5,12.5,0.0,0.0,0.0,0.0,0.0,0.0,0.0,0.0,0.0,,,,,,,0.0,,
2017/03/24,12.5,12.5,12.5,12.5,0.0,0.0,0.0,0.0,0.0,0.0,0.0,0.0,0.0,,,,,,,0.0,,
2017/03/27,12.5,12.5,12.5,12.5,0.0,0.0,0.0,0.0,0.0,0.0,0.0,0.0,0.0,,,,,,,0.0,,
2017/03/28,12.5,12.5,12.5,12.5,0.0,0.0,0.0,0.0,0.0,0.0,0.0,0.0,0.0,,,,,,,0.0,,
2017/03/29,12.5,12.5,12.5,12.5,0.0,0.0,0.0,0.0,0.0,0.0,0.0,0.0,0.0,,,,,,,0.0,,
2017/03/30,12.5,12.5,12.5,12.5,0.0,0.0,0.0,0.0,0.0,0.0,0.0,0.0,0.0,,,,,,,0.0,,
2017/03/31,12.5,12.5,12.5,12.5,0.0,0.0,0.0,0.0,0.0,0.0,0.0,0.0,0.0,,,,,,,0.0,,
2017/04/05,12.5,12.5,12.5,12.5,0.0,0.0,0.0,0.0,0.0,0.0,0.0,0.0,0.0,,,,,,,0.0,,
2017/04/06,12.5,12.5,12.5,12.5,0.0,0.0,0.0,0.0,0.0,0.0,0.0,0.0,0.0,,,,,,,0.0,,
2017/04/07,12.5,12.5,12.5,12.5,0.0,0.0,0.0,0.0,0.0,0.0,0.0,0.0,0.0,,,,,,,0.0,,
2017/04/10,12.5,12.5,12.5,12.5,0.0,0.0,0.0,0.0,0.0,0.0,0.0,0.0,0.0,,,,,,,0.0,,
2017/04/11,12.5,12.5,12.5,12.5,0.0,0.0,0.0,0.0,0.0,0.0,0.0,0.0,0.0,,,,,,,0.0,,
2017/04/12,12.5,12.5,12.5,12.5,0.0,0.0,0.0,0.0,0.0,0.0,0.0,0.0,0.0,,,,,,,0.0,,
2017/04/13,12.5,12.5,12.5,12.5,0.0,0.0,0.0,0.0,0.0,0.0,0.0,0.0,0.0,,,,,,,0.0,,
2017/04/14,12.5,12.5,12.5,12.5,0.0,0.0,0.0,0.0,0.0,0.0,0.0,0.0,0.0,,,,,,,0.0,,
2017/04/17,12.5,12.5,12.5,12.5,0.0,0.0,0.0,0.0,0.0,0.0,0.0,0.0,0.0,,,,,,,0.0,,
2017/04/18,12.5,12.5,12.5,12.5,0.0,0.0,0.0,0.0,0.0,0.0,0.0,0.0,0.0,,,,,,,0.0,,
2017/04/19,12.5,12.5,12.5,12.5,0.0,0.0,0.0,0.0,0.0,0.0,0.0,0.0,0.0,,,,,,,0.0,,
2017/04/20,12.5,12.5,12.5,12.5,0.0,0.0,0.0,0.0,0.0,0.0,0.0,0.0,0.0,,,,,,,0.0,,
2017/04/21,12.5,12.5,12.5,12.5,0.0,0.0,0.0,0.0,0.0,0.0,0.0,0.0,0.0,,,,,,,0.0,,
2017/04/24,12.5,12.5,12.5,12.5,0.0,0.0,0.0,0.0,0.0,0.0,0.0,0.0,0.0,,,,,,,0.0,,
2017/04/25,12.5,12.5,12.5,12.5,0.0,0.0,0.0,0.0,0.0,0.0,0.0,0.0,0.0,,,,,,,0.0,,
2017/04/26,12.5,12.5,12.5,12.5,0.0,0.0,0.0,0.0,0.0,0.0,0.0,0.0,0.0,,,,,,,0.0,,
2017/04/27,12.5,12.5,12.5,12.5,0.0,0.0,0.0,0.0,0.0,0.0,0.0,0.0,0.0,,,,,,,0.0,,
2017/04/28,12.5,12.5,12.5,12.5,0.0,0.0,0.0,0.0,0.0,0.0,0.0,0.0,0.0,,,,,,,0.0,,
2017/05/02,12.5,12.5,12.5,12.5,0.0,0.0,0.0,0.0,0.0,0.0,0.0,0.0,0.0,,,,,,,0.0,,
2017/05/03,12.5,12.5,12.5,12.5,0.0,0.0,0.0,0.0,0.0,0.0,0.0,0.0,0.0,,,,,,,0.0,,
2017/05/04,12.5,12.5,12.5,12.5,0.0,0.0,0.0,0.0,0.0,0.0,0.0,0.0,0.0,,,,,,,0.0,,
2017/05/05,12.5,12.5,12.5,12.5,0.0,0.0,0.0,0.0,0.0,0.0,0.0,0.0,0.0,,,,,,,0.0,,
2017/05/08,12.5,12.5,12.5,12.5,0.0,0.0,0.0,0.0,0.0,0.0,0.0,0.0,0.0,,,,,,,0.0,,
2017/05/09,12.5,12.5,12.5,12.5,0.0,0.0,0.0,0.0,0.0,0.0,0.0,0.0,0.0,,,,,,,0.0,,
2017/05/10,12.5,12.5,12.5,12.5,0.0,0.0,0.0,0.0,0.0,0.0,0.0,0.0,0.0,,,,,,,0.0,,
2017/05/11,12.5,12.5,12.5,12.5,0.0,0.0,0.0,0.0,0.0,0.0,0.0,0.0,0.0,,,,,,,0.0,,
2017/05/12,12.5,12.5,12.5,12.5,0.0,0.0,0.0,0.0,0.0,0.0,0.0,0.0,0.0,,,,,,,0.0,,
2017/05/15,12.5,12.5,12.5,12.5,0.0,0.0,0.0,0.0,0.0,0.0,0.0,0.0,0.0,,,,,,,0.0,,
2017/05/16,12.5,12.5,12.5,12.5,0.0,0.0,0.0,0.0,0.0,0.0,0.0,0.0,0.0,,,,,,,0.0,,
2017/05/17,12.5,12.5,12.5,12.5,0.0,0.0,0.0,0.0,0.0,0.0,0.0,0.0,0.0,,,,,,,0.0,,
2017/05/18,12.5,12.5,12.5,12.5,0.0,0.0,0.0,0.0,0.0,0.0,0.0,0.0,0.0,,,,,,,0.0,,
2017/05/19,12.5,12.5,12.5,12.5,0.0,0.0,0.0,0.0,0.0,0.0,0.0,0.0,0.0,,,,,,,0.0,,
2017/05/22,12.5,12.5,12.5,12.5,0.0,0.0,0.0,0.0,0.0,0.0,0.0,0.0,0.0,,,,,,,0.0,,
2017/05/23,12.5,12.5,12.5,12.5,0.0,0.0,0.0,0.0,0.0,0.0,0.0,0.0,0.0,,,,,,,0.0,,
2017/05/24,12.4,12.4,12.4,12.4,0.0,0.0,-0.8,0.0,0.0,0.0,0.0,0.0,0.0,,,,,,,0.0,,
2017/05/25,12.4,12.4,12.4,12.4,0.0,0.0,0.0,0.0,0.0,0.0,0.0,0.0,0.0,,,,,,,0.0,,
2017/05/26,12.4,12.4,12.4,12.4,0.0,0.0,0.0,0.0,0.0,0.0,0.0,0.0,0.0,,,,,,,0.0,,
2017/05/31,12.4,12.4,12.4,12.4,0.0,0.0,0.0,0.0,0.0,0.0,0.0,0.0,0.0,,,,,,,0.0,,
2017/06/01,12.4,12.4,12.4,12.4,0.0,0.0,0.0,0.0,0.0,0.0,0.0,0.0,0.0,,,,,,,0.0,,
2017/06/02,12.4,12.4,12.4,12.4,0.0,0.0,0.0,0.0,0.0,0.0,0.0,0.0,0.0,,,,,,,0.0,,
2017/06/03,12.4,12.4,12.4,12.4,0.0,0.0,0.0,0.0,0.0,0.0,0.0,0.0,0.0,,,,,,,0.0,,
2017/06/05,12.4,12.4,12.4,12.4,0.0,0.0,0.0,0.0,0.0,0.0,0.0,0.0,0.0,,,,,,,0.0,,
2017/06/06,12.4,12.4,12.4,12.4,0.0,0.0,0.0,0.0,0.0,0.0,0.0,0.0,0.0,,,,,,,0.0,,
2017/06/07,12.4,12.4,12.4,12.4,0.0,0.0,0.0,0.0,0.0,0.0,0.0,0.0,0.0,,,,,,,0.0,,
2017/06/08,11.3,12.5,11.3,12.5,3.0,35.0,0.8065,0.01,3.0,0.0,0.0,-1.0,-1.0,,,,,,,0.0,,
2017/06/09,11.95,11.95,11.95,11.95,1.0,11.0,-4.4,0.0033,1.0,0.0,0.0,0.0,0.0,,,,,,,0.0,,
2017/06/12,12.0,12.45,12.0,12.45,2.0,24.0,4.1841,0.0067,2.0,0.0,0.0,0.0,0.0,,,,,,,0.0,,
2017/06/13,12.45,12.45,12.45,12.45,0.0,0.0,0.0,0.0,0.0,0.0,0.0,0.0,0.0,,,,,,,0.0,,
2017/06/14,12.45,12.45,12.45,12.45,0.0,0.0,0.0,0.0,0.0,0.0,0.0,0.0,0.0,,,,,,,0.0,,
2017/06/15,12.45,12.45,12.45,12.45,0.0,0.0,0.0,0.0,0.0,0.0,0.0,0.0,0.0,,,,,,,0.0,,
2017/06/16,12.45,12.45,12.45,12.45,0.0,0.0,0.0,0.0,0.0,0.0,0.0,0.0,0.0,,,,,,,0.0,,
2017/06/19,12.45,12.45,12.45,12.45,0.0,0.0,0.0,0.0,0.0,0.0,0.0,0.0,0.0,,,,,,,0.0,,
2017/06/20,12.45,12.45,12.45,12.45,0.0,0.0,0.0,0.0,0.0,0.0,0.0,0.0,0.0,,,,,,,0.0,,
2017/06/21,12.45,12.45,12.45,12.45,0.0,0.0,0.0,0.0,0.0,0.0,0.0,0.0,0.0,,,,,,,0.0,,
2017/06/22,12.45,12.45,12.45,12.45,0.0,0.0,0.0,0.0,0.0,0.0,0.0,0.0,0.0,,,,,,,0.0,,
2017/06/23,12.45,12.45,12.45,12.45,0.0,0.0,0.0,0.0,0.0,0.0,0.0,0.0,0.0,,,,,,,0.0,,
2017/06/26,12.45,12.45,12.45,12.45,0.0,0.0,0.0,0.0,0.0,0.0,0.0,0.0,0.0,,,,,,,0.0,,
2017/06/27,12.45,12.45,12.45,12.45,0.0,0.0,0.0,0.0,0.0,0.0,0.0,0.0,0.0,,,,,,,0.0,,
2017/06/28,12.45,12.45,12.45,12.45,0.0,0.0,0.0,0.0,0.0,0.0,0.0,0.0,0.0,,,,,,,0.0,,
2017/06/29,12.45,12.45,12.45,12.45,0.0,0.0,0.0,0.0,0.0,0.0,0.0,0.0,0.0,,,,,,,0.0,,
2017/06/30,12.45,12.45,12.45,12.45,0.0,0.0,0.0,0.0,0.0,0.0,0.0,0.0,0.0,,,,,,,0.0,,
2017/07/03,12.45,12.45,12.45,12.45,0.0,0.0,0.0,0.0,0.0,0.0,0.0,0.0,0.0,,,,,,,0.0,,
2017/07/04,12.45,12.45,12.45,12.45,0.0,0.0,0.0,0.0,0.0,0.0,0.0,0.0,0.0,,,,,,,0.0,,
2017/07/05,12.45,12.45,12.45,12.45,0.0,0.0,0.0,0.0,0.0,0.0,0.0,0.0,0.0,,,,,,,0.0,,
2017/07/06,12.45,12.45,12.45,12.45,0.0,0.0,0.0,0.0,0.0,0.0,0.0,0.0,0.0,,,,,,,0.0,,
2017/07/07,12.45,12.45,12.45,12.45,0.0,0.0,0.0,0.0,0.0,0.0,0.0,0.0,0.0,,,,,,,0.0,,
2017/07/10,12.45,12.45,12.45,12.45,0.0,0.0,0.0,0.0,0.0,0.0,0.0,0.0,0.0,,,,,,,0.0,,
2017/07/11,12.45,12.45,12.45,12.45,0.0,0.0,0.0,0.0,0.0,0.0,0.0,0.0,0.0,,,,,,,0.0,,
2017/07/12,12.45,12.45,12.45,12.45,0.0,0.0,0.0,0.0,0.0,0.0,0.0,0.0,0.0,,,,,,,0.0,,
2017/07/13,12.45,12.45,12.45,12.45,0.0,0.0,0.0,0.0,0.0,0.0,0.0,0.0,0.0,,,,,,,0.0,,
2017/07/14,12.45,12.45,12.45,12.45,0.0,0.0,0.0,0.0,0.0,0.0,0.0,0.0,0.0,,,,,,,0.0,,
2017/07/17,12.45,12.45,12.45,12.45,0.0,0.0,0.0,0.0,0.0,0.0,0.0,0.0,0.0,,,,,,,0.0,,
2017/07/18,12.45,12.45,12.45,12.45,0.0,0.0,0.0,0.0,0.0,0.0,0.0,0.0,0.0,,,,,,,0.0,,
2017/07/19,12.45,12.45,12.45,12.45,0.0,0.0,0.0,0.0,0.0,0.0,0.0,0.0,0.0,,,,,,,0.0,,
2017/07/20,12.45,12.45,12.45,12.45,0.0,0.0,0.0,0.0,0.0,0.0,0.0,0.0,0.0,,,,,,,0.0,,
2017/07/21,12.45,12.45,12.45,12.45,0.0,0.0,0.0,0.0,0.0,0.0,0.0,0.0,0.0,,,,,,,0.0,,
2017/07/24,12.45,12.45,12.45,12.45,0.0,0.0,0.0,0.0,0.0,0.0,0.0,0.0,0.0,,,,,,,0.0,,
2017/07/25,12.45,12.45,12.45,12.45,0.0,0.0,0.0,0.0,0.0,0.0,0.0,0.0,0.0,,,,,,,0.0,,
2017/07/26,12.45,12.45,12.45,12.45,0.0,0.0,0.0,0.0,0.0,0.0,0.0,0.0,0.0,,,,,,,0.0,,
2017/07/27,12.45,12.45,12.45,12.45,0.0,0.0,0.0,0.0,0.0,0.0,0.0,0.0,0.0,,,,,,,0.0,,
2017/07/28,12.4,12.4,12.4,12.4,0.0,0.0,-0.4016,0.0,0.0,0.0,0.0,0.0,0.0,,,,,,,0.0,,
2017/07/31,12.4,12.4,12.4,12.4,0.0,0.0,0.0,0.0,0.0,0.0,0.0,0.0,0.0,,,,,,,0.0,,
2017/08/01,12.4,12.4,12.4,12.4,0.0,0.0,0.0,0.0,0.0,0.0,0.0,0.0,0.0,,,,,,,0.0,,
2017/08/02,12.4,12.4,12.4,12.4,0.0,0.0,0.0,0.0,0.0,0.0,0.0,0.0,0.0,,,,,,,0.0,,
2017/08/03,12.4,12.4,12.4,12.4,0.0,0.0,0.0,0.0,0.0,0.0,0.0,0.0,0.0,,,,,,,0.0,,
2017/08/04,12.4,12.4,12.4,12.4,0.0,0.0,0.0,0.0,0.0,0.0,0.0,0.0,0.0,,,,,,,0.0,,
2017/08/07,12.4,12.4,12.4,12.4,0.0,0.0,0.0,0.0,0.0,0.0,0.0,0.0,0.0,,,,,,,0.0,,
2017/08/08,12.4,12.4,12.4,12.4,0.0,0.0,0.0,0.0,0.0,0.0,0.0,0.0,0.0,,,,,,,0.0,,
2017/08/09,12.4,12.4,12.4,12.4,0.0,0.0,0.0,0.0,0.0,0.0,0.0,0.0,0.0,,,,,,,0.0,,
2017/08/10,12.4,12.4,12.4,12.4,0.0,0.0,0.0,0.0,0.0,0.0,0.0,0.0,0.0,,,,,,,0.0,,
2017/08/11,12.4,12.4,12.4,12.4,0.0,0.0,0.0,0.0,0.0,0.0,0.0,0.0,0.0,,,,,,,0.0,,
2017/08/14,12.4,12.4,12.4,12.4,0.0,0.0,0.0,0.0,0.0,0.0,0.0,0.0,0.0,,,,,,,0.0,,
2017/08/15,12.4,12.4,12.4,12.4,0.0,0.0,0.0,0.0,0.0,0.0,0.0,0.0,0.0,,,,,,,0.0,,
2017/08/16,12.4,12.4,12.4,12.4,0.0,0.0,0.0,0.0,0.0,0.0,0.0,0.0,0.0,,,,,,,0.0,,
2017/08/17,12.4,12.4,12.4,12.4,0.0,0.0,0.0,0.0,0.0,0.0,0.0,0.0,0.0,,,,,,,0.0,,
2017/08/18,12.4,12.4,12.4,12.4,0.0,0.0,0.0,0.0,0.0,0.0,0.0,0.0,0.0,,,,,,,0.0,,
2017/08/21,12.4,12.4,12.4,12.4,0.0,0.0,0.0,0.0,0.0,0.0,0.0,0.0,0.0,,,,,,,0.0,,
2017/08/22,12.4,12.4,12.4,12.4,0.0,0.0,0.0,0.0,0.0,0.0,0.0,0.0,0.0,,,,,,,0.0,,
2017/08/23,12.4,12.4,12.4,12.4,0.0,0.0,0.0,0.0,0.0,0.0,0.0,0.0,0.0,,,,,,,0.0,,
2017/08/24,12.4,12.4,12.4,12.4,0.0,0.0,0.0,0.0,0.0,0.0,0.0,0.0,0.0,,,,,,,0.0,,
2017/08/25,12.4,12.4,12.4,12.4,0.0,0.0,0.0,0.0,0.0,0.0,0.0,0.0,0.0,,,,,,,0.0,,
2017/08/28,11.85,11.85,11.8,11.8,5.0,59.0,-4.8387,0.0167,4.0,0.0,0.0,0.0,0.0,,,,,,,0.0,,
2017/08/29,11.8,11.8,11.8,11.8,0.0,0.0,0.0,0.0,0.0,0.0,0.0,0.0,0.0,,,,,,,0.0,,
2017/08/30,11.8,11.8,11.8,11.8,0.0,0.0,0.0,0.0,0.0,0.0,0.0,0.0,0.0,,,,,,,0.0,,
2017/08/31,11.8,11.8,11.8,11.8,0.0,0.0,0.0,0.0,0.0,0.0,0.0,0.0,0.0,,,,,,,0.0,,
2017/09/01,11.8,11.8,11.8,11.8,0.0,0.0,0.0,0.0,0.0,0.0,0.0,0.0,0.0,,,,,,,0.0,,
2017/09/04,11.8,11.8,11.8,11.8,0.0,0.0,0.0,0.0,0.0,0.0,0.0,0.0,0.0,,,,,,,0.0,,
2017/09/05,11.8,11.8,11.8,11.8,0.0,0.0,0.0,0.0,0.0,0.0,0.0,0.0,0.0,,,,,,,0.0,,
2017/09/06,11.8,11.8,11.8,11.8,0.0,0.0,0.0,0.0,0.0,0.0,0.0,0.0,0.0,,,,,,,0.0,,
2017/09/07,11.8,11.8,11.8,11.8,0.0,0.0,0.0,0.0,0.0,0.0,0.0,0.0,0.0,,,,,,,0.0,,
2017/09/08,11.8,11.8,11.8,11.8,0.0,0.0,0.0,0.0,0.0,0.0,0.0,0.0,0.0,,,,,,,0.0,,
2017/09/11,11.8,11.8,11.8,11.8,0.0,0.0,0.0,0.0,0.0,0.0,0.0,0.0,0.0,,,,,,,0.0,,
2017/09/12,11.8,11.8,11.8,11.8,0.0,0.0,0.0,0.0,0.0,0.0,0.0,0.0,0.0,,,,,,,0.0,,
2017/09/13,11.8,11.8,11.8,11.8,0.0,0.0,0.0,0.0,0.0,0.0,0.0,0.0,0.0,,,,,,,0.0,,
2017/09/14,11.8,11.8,11.8,11.8,0.0,0.0,0.0,0.0,0.0,0.0,0.0,0.0,0.0,,,,,,,0.0,,
2017/09/15,11.8,11.8,11.8,11.8,0.0,0.0,0.0,0.0,0.0,0.0,0.0,0.0,0.0,,,,,,,0.0,,
2017/09/18,11.8,11.8,11.8,11.8,0.0,0.0,0.0,0.0,0.0,0.0,0.0,0.0,0.0,,,,,,,0.0,,
2017/09/19,11.8,11.8,11.8,11.8,0.0,0.0,0.0,0.0,0.0,0.0,0.0,0.0,0.0,,,,,,,0.0,,
2017/09/20,11.8,11.8,11.8,11.8,0.0,0.0,0.0,0.0,0.0,0.0,0.0,0.0,0.0,,,,,,,0.0,,
2017/09/21,11.8,11.8,11.8,11.8,0.0,0.0,0.0,0.0,0.0,0.0,0.0,0.0,0.0,,,,,,,0.0,,
2017/09/22,11.8,11.8,11.8,11.8,0.0,0.0,0.0,0.0,0.0,0.0,0.0,0.0,0.0,,,,,,,0.0,,
2017/09/25,11.8,11.8,11.8,11.8,0.0,0.0,0.0,0.0,0.0,0.0,0.0,0.0,0.0,,,,,,,0.0,,
2017/09/26,11.8,11.8,11.8,11.8,0.0,0.0,0.0,0.0,0.0,0.0,0.0,0.0,0.0,,,,,,,0.0,,
2017/09/27,11.8,11.8,11.8,11.8,0.0,0.0,0.0,0.0,0.0,0.0,0.0,0.0,0.0,,,,,,,0.0,,
2017/09/28,11.8,11.8,11.8,11.8,0.0,0.0,0.0,0.0,0.0,0.0,0.0,0.0,0.0,,,,,,,0.0,,
2017/09/29,11.8,11.8,11.8,11.8,0.0,0.0,0.0,0.0,0.0,0.0,0.0,0.0,0.0,,,,,,,0.0,,
2017/09/30,11.8,11.8,11.8,11.8,0.0,0.0,0.0,0.0,0.0,0.0,0.0,0.0,0.0,,,,,,,0.0,,
2017/10/02,11.8,11.8,11.8,11.8,0.0,0.0,0.0,0.0,0.0,0.0,0.0,0.0,0.0,,,,,,,0.0,,
2017/10/03,11.8,11.8,11.8,11.8,0.0,0.0,0.0,0.0,0.0,0.0,0.0,0.0,0.0,,,,,,,0.0,,
2017/10/05,11.8,11.8,11.8,11.8,0.0,0.0,0.0,0.0,0.0,0.0,0.0,0.0,0.0,,,,,,,0.0,,
2017/10/06,11.8,11.8,11.8,11.8,0.0,0.0,0.0,0.0,0.0,0.0,0.0,0.0,0.0,,,,,,,0.0,,
2017/10/11,11.8,11.8,11.8,11.8,0.0,0.0,0.0,0.0,0.0,0.0,0.0,0.0,0.0,,,,,,,0.0,,
2017/10/12,11.8,11.8,11.8,11.8,1.0,11.0,0.0,0.0033,1.0,0.0,0.0,-1.0,-1.0,,,,,,,0.0,,
2017/10/13,11.8,11.8,11.8,11.8,0.0,0.0,0.0,0.0,0.0,0.0,0.0,0.0,0.0,,,,,,,0.0,,
2017/10/16,11.8,11.8,11.8,11.8,0.0,0.0,0.0,0.0,0.0,0.0,0.0,0.0,0.0,,,,,,,0.0,,
2017/10/17,11.8,11.8,11.8,11.8,0.0,0.0,0.0,0.0,0.0,0.0,0.0,0.0,0.0,,,,,,,0.0,,
2017/10/18,11.8,11.8,11.8,11.8,0.0,0.0,0.0,0.0,0.0,0.0,0.0,0.0,0.0,,,,,,,0.0,,
2017/10/19,11.8,11.8,11.8,11.8,0.0,0.0,0.0,0.0,0.0,0.0,0.0,0.0,0.0,,,,,,,0.0,,
2017/10/20,11.8,11.8,11.8,11.8,0.0,0.0,0.0,0.0,0.0,0.0,0.0,0.0,0.0,,,,,,,0.0,,
2017/10/23,11.8,11.8,11.8,11.8,0.0,0.0,0.0,0.0,0.0,0.0,0.0,0.0,0.0,,,,,,,0.0,,
2017/10/24,11.2,11.2,11.2,11.2,1.0,11.0,-5.0847,0.004,1.0,0.0,0.0,0.0,0.0,,,,,,,0.0,,
2017/10/25,11.2,11.2,11.2,11.2,0.0,0.0,0.0,0.0,0.0,0.0,0.0,0.0,0.0,,,,,,,0.0,,
2017/10/26,11.2,11.2,11.2,11.2,0.0,0.0,0.0,0.0,0.0,0.0,0.0,0.0,0.0,,,,,,,0.0,,
2017/10/27,12.2,12.2,12.2,12.2,0.0,0.0,8.9286,0.0,0.0,0.0,0.0,0.0,0.0,,,,,,,0.0,,
2017/10/30,12.2,12.2,12.2,12.2,0.0,0.0,0.0,0.0,0.0,0.0,0.0,0.0,0.0,,,,,,,0.0,,
2017/10/31,12.2,12.2,12.2,12.2,0.0,0.0,0.0,0.0,0.0,0.0,0.0,0.0,0.0,,,,,,,0.0,,
2017/11/01,12.8,12.8,12.8,12.8,1.0,12.0,4.918,0.004,1.0,0.0,0.0,0.0,0.0,,,,,,,0.0,,
2017/11/02,12.8,12.8,12.8,12.8,0.0,0.0,0.0,0.0,0.0,0.0,0.0,0.0,0.0,,,,,,,0.0,,
2017/11/03,12.3,12.3,12.3,12.3,0.0,0.0,-3.9063,0.0,0.0,0.0,0.0,0.0,0.0,,,,,,,0.0,,
2017/11/06,12.3,12.3,12.3,12.3,0.0,0.0,0.0,0.0,0.0,0.0,0.0,0.0,0.0,,,,,,,0.0,,
2017/11/07,12.3,12.3,12.3,12.3,0.0,0.0,0.0,0.0,0.0,0.0,0.0,0.0,0.0,,,,,,,0.0,,
2017/11/08,12.3,12.3,12.3,12.3,0.0,0.0,0.0,0.0,0.0,0.0,0.0,0.0,0.0,,,,,,,0.0,,
2017/11/09,12.3,12.3,12.3,12.3,0.0,0.0,0.0,0.0,0.0,0.0,0.0,0.0,0.0,,,,,,,0.0,,
2017/11/10,11.8,11.8,11.8,11.8,1.0,11.0,-4.065,0.004,1.0,0.0,0.0,0.0,0.0,,,,,,,0.0,,
2017/11/13,11.8,11.8,11.8,11.8,0.0,0.0,0.0,0.0,0.0,0.0,0.0,0.0,0.0,,,,,,,0.0,,
2017/11/14,11.8,11.8,11.8,11.8,0.0,0.0,0.0,0.0,0.0,0.0,0.0,0.0,0.0,,,,,,,0.0,,
2017/11/15,11.2,11.2,11.2,11.2,0.0,0.0,-5.0847,0.0,0.0,0.0,0.0,0.0,0.0,,,,,,,0.0,,
2017/11/16,11.2,11.2,11.2,11.2,0.0,0.0,0.0,0.0,0.0,0.0,0.0,0.0,0.0,,,,,,,0.0,,
2017/11/17,11.2,11.2,11.2,11.2,0.0,0.0,0.0,0.0,0.0,0.0,0.0,0.0,0.0,,,,,,,0.0,,
2017/11/20,11.2,11.2,11.2,11.2,0.0,0.0,0.0,0.0,0.0,0.0,0.0,0.0,0.0,,,,,,,0.0,,
2017/11/21,11.2,11.2,11.2,11.2,0.0,0.0,0.0,0.0,0.0,0.0,0.0,0.0,0.0,,,,,,,0.0,,
2017/11/22,11.2,11.2,11.2,11.2,0.0,0.0,0.0,0.0,0.0,0.0,0.0,0.0,0.0,,,,,,,0.0,,
2017/11/23,11.0,11.0,11.0,11.0,0.0,0.0,-1.7857,0.0,0.0,0.0,0.0,0.0,0.0,,,,,,,0.0,,
2017/11/24,11.0,11.0,11.0,11.0,0.0,0.0,0.0,0.0,0.0,0.0,0.0,0.0,0.0,,,,,,,0.0,,
2017/11/27,10.5,10.5,10.5,10.5,0.0,0.0,-4.5455,0.0,0.0,0.0,0.0,0.0,0.0,,,,,,,0.0,,
2017/11/28,10.5,10.5,10.5,10.5,0.0,0.0,0.0,0.0,0.0,0.0,0.0,0.0,0.0,,,,,,,0.0,,
2017/11/29,10.2,10.2,10.2,10.2,0.0,0.0,-2.8571,0.0,0.0,0.0,0.0,0.0,0.0,,,,,,,0.0,,
2017/11/30,10.2,10.2,10.2,10.2,0.0,0.0,0.0,0.0,0.0,0.0,0.0,0.0,0.0,,,,,,,0.0,,
2017/12/01,10.2,10.2,10.2,10.2,0.0,0.0,0.0,0.0,0.0,0.0,0.0,0.0,0.0,,,,,,,0.0,,
2017/12/04,10.25,10.25,10.25,10.25,4.0,41.0,0.4902,0.016,3.0,0.0,0.0,-4.0,-4.0,,,,,,,0.0,,
2017/12/05,10.65,10.65,10.65,10.65,1.0,10.0,3.9024,0.004,1.0,0.0,0.0,-1.0,-1.0,,,,,,,0.0,,
2017/12/06,9.8,9.8,9.6,9.6,7.0,68.0,-9.8592,0.0279,5.0,0.0,0.0,0.0,0.0,,,,,,,0.0,,
2017/12/07,9.33,9.33,8.64,8.64,8.0,70.0,-10.0,0.0319,7.0,0.0,0.0,0.0,0.0,,,,,,,0.0,,
2017/12/08,8.17,8.17,7.78,7.78,2.0,15.0,-9.9537,0.008,2.0,0.0,0.0,0.0,0.0,,,,,,,0.0,,
2017/12/11,7.03,7.03,7.01,7.01,12.0,84.0,-9.8972,0.0479,6.0,0.0,0.0,0.0,0.0,,,,,,,0.0,,
2017/12/12,6.5,7.68,6.31,7.5,25.0,162.0,6.99,0.0998,13.0,0.0,0.0,-22.0,-22.0,,,,,,,0.0,,
2017/12/13,6.75,7.39,6.75,6.75,21.0,142.0,-10.0,0.0838,9.0,0.0,0.0,-10.0,-10.0,,,,,,,0.0,,
2017/12/14,6.95,6.95,6.14,6.14,2.0,13.0,-9.037,0.008,2.0,0.0,0.0,0.0,0.0,,,,,,,0.0,,
2017/12/15,6.14,6.68,6.14,6.3,22.0,136.0,2.6059,0.0878,10.0,0.0,0.0,-10.0,-10.0,,,,,,,0.0,,
2017/12/18,6.3,6.3,6.3,6.3,0.0,0.0,0.0,0.0,0.0,0.0,0.0,0.0,0.0,,,,,,,0.0,,
2017/12/19,6.5,6.5,6.5,6.5,2.0,13.0,3.1746,0.008,2.0,0.0,0.0,0.0,0.0,,,,,,,0.0,,
2017/12/20,6.5,6.5,6.5,6.5,0.0,0.0,0.0,0.0,0.0,0.0,0.0,0.0,0.0,,,,,,,0.0,,
2017/12/21,6.5,6.5,6.5,6.5,0.0,0.0,0.0,0.0,0.0,0.0,0.0,0.0,0.0,,,,,,,0.0,,
2017/12/22,6.06,6.06,6.0,6.0,33.0,198.0,-7.6923,0.1317,8.0,0.0,0.0,-32.0,-32.0,,,,,,,0.0,,
2017/12/25,6.0,6.0,6.0,6.0,1.0,6.0,0.0,0.004,1.0,0.0,0.0,0.0,0.0,,,,,,,0.0,,
2017/12/26,6.0,6.0,6.0,6.0,0.0,0.0,0.0,0.0,0.0,0.0,0.0,0.0,0.0,,,,,,,0.0,,
2017/12/27,5.81,6.09,5.81,6.09,2.0,11.0,1.5,0.008,2.0,0.0,0.0,0.0,0.0,,,,,,,0.0,,
2017/12/28,6.29,6.29,6.29,6.29,1.0,6.0,3.2841,0.004,1.0,0.0,0.0,0.0,0.0,,,,,,,0.0,,
2017/12/29,5.69,6.28,5.69,5.85,3.0,18.0,-6.9952,0.012,4.0,0.0,0.0,0.0,0.0,,,,,,,0.0,,
2018/01/02,6.26,6.26,6.24,6.24,7.0,43.0,6.6667,0.0279,4.0,0.0,0.0,0.0,0.0,,,,,,,0.0,,
2018/01/03,6.85,6.86,6.5,6.5,35.0,237.0,4.1667,0.1397,20.0,0.0,0.0,-5.0,-5.0,,,,,,,0.0,,
2018/01/04,6.1,6.58,6.0,6.58,14.0,89.0,1.2308,0.0559,9.0,0.0,0.0,0.0,0.0,,,,,,,0.0,,
2018/01/05,6.58,6.58,6.58,6.58,0.0,0.0,0.0,0.0,0.0,0.0,0.0,0.0,0.0,,,,,,,0.0,,
2018/01/08,6.58,6.58,6.58,6.58,0.0,0.0,0.0,0.0,0.0,0.0,0.0,0.0,0.0,,,,,,,0.0,,
2018/01/09,6.72,7.0,6.72,7.0,19.0,130.0,6.383,0.0758,10.0,0.0,0.0,0.0,0.0,,,,,,,0.0,,
2018/01/10,7.1,7.1,7.1,7.1,2.0,14.0,1.4286,0.008,2.0,0.0,0.0,0.0,0.0,,,,,,,0.0,,
2018/01/11,7.1,7.1,7.1,7.1,0.0,0.0,0.0,0.0,0.0,0.0,0.0,0.0,0.0,,,,,,,0.0,,
2018/01/12,7.1,7.1,7.1,7.1,0.0,0.0,0.0,0.0,0.0,0.0,0.0,0.0,0.0,,,,,,,0.0,,
2018/01/15,7.1,7.1,7.1,7.1,0.0,0.0,0.0,0.0,0.0,0.0,0.0,0.0,0.0,,,,,,,0.0,,
2018/01/16,7.1,7.1,7.1,7.1,0.0,0.0,0.0,0.0,0.0,0.0,0.0,0.0,0.0,,,,,,,0.0,,
2018/01/17,7.0,7.0,7.0,7.0,0.0,0.0,-1.4085,0.0,0.0,0.0,0.0,0.0,0.0,,,,,,,0.0,,
2018/01/18,6.41,6.41,6.3,6.3,23.0,145.0,-10.0,0.0918,10.0,0.0,0.0,-21.0,-21.0,,,,,,,0.0,,
2018/01/19,6.3,6.3,6.3,6.3,0.0,0.0,0.0,0.0,0.0,0.0,0.0,0.0,0.0,,,,,,,0.0,,
2018/01/22,6.48,6.48,6.48,6.48,0.0,0.0,2.8571,0.0,0.0,0.0,0.0,0.0,0.0,,,,,,,0.0,,
2018/01/23,6.48,6.48,6.48,6.48,0.0,0.0,0.0,0.0,0.0,0.0,0.0,0.0,0.0,,,,,,,0.0,,
2018/01/24,6.48,6.48,6.48,6.48,0.0,0.0,0.0,0.0,0.0,0.0,0.0,0.0,0.0,,,,,,,0.0,,
2018/01/25,6.66,6.66,6.66,6.66,0.0,0.0,2.7778,0.0,0.0,0.0,0.0,0.0,0.0,,,,,,,0.0,,
2018/01/26,6.65,6.65,6.65,6.65,0.0,0.0,-0.1502,0.0,0.0,0.0,0.0,0.0,0.0,,,,,,,0.0,,
2018/01/29,6.59,6.59,6.59,6.59,0.0,0.0,-0.9023,0.0,0.0,0.0,0.0,0.0,0.0,,,,,,,0.0,,
2018/01/30,6.54,6.54,6.54,6.54,0.0,0.0,-0.7587,0.0,0.0,0.0,0.0,0.0,0.0,,,,,,,0.0,,
2018/01/31,6.54,6.54,6.54,6.54,0.0,0.0,0.0,0.0,0.0,0.0,0.0,0.0,0.0,,,,,,,0.0,,
2018/02/01,6.5,6.5,6.5,6.5,0.0,0.0,-0.6116,0.0,0.0,0.0,0.0,0.0,0.0,,,,,,,0.0,,
2018/02/02,5.9,6.38,5.85,6.38,35.0,205.0,-1.8462,0.1397,14.0,0.0,0.0,0.0,0.0,,,,,,,0.0,,
2018/02/05,6.38,6.38,6.38,6.38,0.0,0.0,0.0,0.0,0.0,0.0,0.0,0.0,0.0,,,,,,,0.0,,
2018/02/06,6.38,6.38,6.38,6.38,0.0,0.0,0.0,0.0,0.0,0.0,0.0,0.0,0.0,,,,,,,0.0,,
2018/02/07,6.38,6.38,6.38,6.38,0.0,0.0,0.0,0.0,0.0,0.0,0.0,0.0,0.0,,,,,,,0.0,,
2018/02/08,6.38,6.38,6.38,6.38,0.0,0.0,0.0,0.0,0.0,0.0,0.0,0.0,0.0,,,,,,,0.0,,
2018/02/09,6.38,6.38,6.38,6.38,0.0,0.0,0.0,0.0,0.0,0.0,0.0,0.0,0.0,,,,,,,0.0,,
2018/02/12,6.38,6.38,6.38,6.38,0.0,0.0,0.0,0.0,0.0,0.0,0.0,0.0,0.0,,,,,,,0.0,,
2018/02/21,5.8,5.8,5.75,5.75,89.0,512.0,-9.8746,0.3553,22.0,0.0,0.0,-75.0,-75.0,,,,,,,0.0,,
2018/02/22,5.75,5.75,5.75,5.75,0.0,0.0,0.0,0.0,0.0,0.0,0.0,0.0,0.0,,,,,,,0.0,,
2018/02/23,5.99,5.99,5.93,5.93,5.0,29.0,3.1304,0.02,5.0,0.0,0.0,0.0,0.0,,,,,,,0.0,,
2018/02/26,5.92,5.92,5.9,5.92,5.0,29.0,-0.1686,0.02,5.0,0.0,0.0,0.0,0.0,,,,,,,0.0,,
2018/02/27,5.92,5.92,5.92,5.92,1.0,5.0,0.0,0.004,1.0,0.0,0.0,0.0,0.0,,,,,,,0.0,,
2018/03/01,5.92,5.92,5.92,5.92,0.0,0.0,0.0,0.0,0.0,0.0,0.0,0.0,0.0,,,,,,,0.0,,
2018/03/02,5.92,5.92,5.92,5.92,8.0,47.0,0.0,0.0319,4.0,0.0,0.0,0.0,0.0,,,,,,,0.0,,
2018/03/05,5.92,5.92,5.92,5.92,10.0,59.0,0.0,0.0399,3.0,0.0,0.0,0.0,0.0,,,,,,,0.0,,
2018/03/06,5.92,5.92,5.92,5.92,0.0,0.0,0.0,0.0,0.0,0.0,0.0,0.0,0.0,,,,,,,0.0,,
2018/03/07,6.0,6.0,6.0,6.0,0.0,0.0,1.3514,0.0,0.0,0.0,0.0,0.0,0.0,,,,,,,0.0,,
2018/03/08,6.0,6.0,6.0,6.0,0.0,0.0,0.0,0.0,0.0,0.0,0.0,0.0,0.0,,,,,,,0.0,,
2018/03/09,6.0,6.0,6.0,6.0,0.0,0.0,0.0,0.0,0.0,0.0,0.0,0.0,0.0,,,,,,,0.0,,
2018/03/12,6.0,6.0,6.0,6.0,0.0,0.0,0.0,0.0,0.0,0.0,0.0,0.0,0.0,,,,,,,0.0,,
2018/03/13,6.0,6.0,6.0,6.0,0.0,0.0,0.0,0.0,0.0,0.0,0.0,0.0,0.0,,,,,,,0.0,,
2018/03/14,6.0,6.0,6.0,6.0,0.0,0.0,0.0,0.0,0.0,0.0,0.0,0.0,0.0,,,,,,,0.0,,
2018/03/15,6.0,6.0,6.0,6.0,0.0,0.0,0.0,0.0,0.0,0.0,0.0,0.0,0.0,,,,,,,0.0,,
2018/03/16,6.0,6.0,6.0,6.0,0.0,0.0,0.0,0.0,0.0,0.0,0.0,0.0,0.0,,,,,,,0.0,,
2018/03/19,6.0,6.0,6.0,6.0,0.0,0.0,0.0,0.0,0.0,0.0,0.0,0.0,0.0,,,,,,,0.0,,
2018/03/20,6.0,6.0,6.0,6.0,0.0,0.0,0.0,0.0,0.0,0.0,0.0,0.0,0.0,,,,,,,0.0,,
2018/03/21,6.0,6.0,6.0,6.0,0.0,0.0,0.0,0.0,0.0,0.0,0.0,0.0,0.0,,,,,,,0.0,,
2018/03/22,6.0,6.0,6.0,6.0,0.0,0.0,0.0,0.0,0.0,0.0,0.0,0.0,0.0,,,,,,,0.0,,
2018/03/23,6.0,6.0,6.0,6.0,0.0,0.0,0.0,0.0,0.0,0.0,0.0,0.0,0.0,,,,,,,0.0,,
2018/03/26,6.0,6.0,6.0,6.0,0.0,0.0,0.0,0.0,0.0,0.0,0.0,0.0,0.0,,,,,,,0.0,,
2018/03/27,6.0,6.0,6.0,6.0,0.0,0.0,0.0,0.0,0.0,0.0,0.0,0.0,0.0,,,,,,,0.0,,
2018/03/28,5.66,5.66,5.62,5.62,50.0,281.0,-6.3333,0.3425,9.0,30.0,0.0,-50.0,-20.0,,,,,,,0.0,,
2018/03/29,5.62,5.62,5.62,5.62,0.0,0.0,0.0,0.0,0.0,0.0,0.0,0.0,0.0,,,,,,,0.0,,
2018/03/30,5.67,5.67,5.67,5.67,0.0,0.0,0.8897,0.0,0.0,0.0,0.0,0.0,0.0,,,,,,,0.0,,
2018/03/31,5.67,5.67,5.67,5.67,0.0,0.0,0.0,0.0,0.0,0.0,0.0,0.0,0.0,,,,,,,0.0,,
2018/04/02,5.67,5.67,5.67,5.67,0.0,0.0,0.0,0.0,0.0,0.0,0.0,0.0,0.0,,,,,,,0.0,,
2018/04/03,5.67,5.67,5.67,5.67,0.0,0.0,0.0,0.0,0.0,0.0,0.0,0.0,0.0,,,,,,,0.0,,
2018/04/09,5.85,5.85,5.85,5.85,0.0,0.0,3.1746,0.0,0.0,0.0,0.0,0.0,0.0,,,,,,,0.0,,
2018/04/10,5.79,5.79,5.79,5.79,0.0,0.0,-1.0256,0.0,0.0,0.0,0.0,0.0,0.0,,,,,,,0.0,,
2018/04/11,5.72,5.73,5.54,5.65,90.0,505.0,-2.418,0.6166,11.0,35.0,0.0,-75.0,-40.0,,,,,,,0.0,,
2018/04/12,5.65,5.65,5.65,5.65,10.0,56.0,0.0,0.0685,1.0,0.0,0.0,-10.0,-10.0,,,,,,,0.0,,
2018/04/13,5.65,5.65,5.65,5.65,0.0,0.0,0.0,0.0,0.0,0.0,0.0,0.0,0.0,,,,,,,0.0,,
2018/04/16,5.65,5.65,5.65,5.65,0.0,0.0,0.0,0.0,0.0,0.0,0.0,0.0,0.0,,,,,,,0.0,,
2018/04/17,5.65,5.65,5.65,5.65,0.0,0.0,0.0,0.0,0.0,0.0,0.0,0.0,0.0,,,,,,,0.0,,
2018/04/18,5.65,5.65,5.65,5.65,0.0,0.0,0.0,0.0,0.0,0.0,0.0,0.0,0.0,,,,,,,0.0,,
2018/04/19,5.45,5.45,5.45,5.45,1.0,5.0,-3.5398,0.0069,1.0,0.0,0.0,0.0,0.0,,,,,,,0.0,,
2018/04/20,5.73,5.73,5.73,5.73,1.0,5.0,5.1376,0.0069,1.0,-1.0,0.0,0.0,-1.0,,,,,,,0.0,,
2018/04/23,5.73,5.73,5.73,5.73,0.0,0.0,0.0,0.0,0.0,0.0,0.0,0.0,0.0,,,,,,,0.0,,
2018/04/24,5.7,5.7,5.7,5.7,0.0,0.0,-0.5236,0.0,0.0,0.0,0.0,0.0,0.0,,,,,,,0.0,,
2018/04/25,5.7,5.7,5.7,5.7,0.0,0.0,0.0,0.0,0.0,0.0,0.0,0.0,0.0,,,,,,,0.0,,
2018/04/26,5.62,5.63,5.62,5.63,2.0,11.0,-1.2281,0.0137,2.0,1.0,0.0,0.0,1.0,,,,,,,0.0,,
2018/04/27,5.64,5.64,5.61,5.64,33.0,185.0,0.1776,0.2261,10.0,30.0,0.0,-33.0,-3.0,,,,,,,0.0,,
2018/04/30,5.64,5.64,5.64,5.64,0.0,0.0,0.0,0.0,0.0,0.0,0.0,0.0,0.0,,,,,,,0.0,,
2018/05/02,5.64,5.64,5.64,5.64,0.0,0.0,0.0,0.0,0.0,0.0,0.0,0.0,0.0,,,,,,,0.0,,
2018/05/03,5.72,5.84,5.72,5.84,44.0,255.0,3.5461,0.3014,6.0,33.0,0.0,-40.0,-7.0,,,,,,,0.0,,
2018/05/04,5.84,5.84,5.84,5.84,0.0,0.0,0.0,0.0,0.0,0.0,0.0,0.0,0.0,,,,,,,0.0,,
2018/05/07,5.9,5.9,5.85,5.85,25.0,146.0,0.1712,0.1713,8.0,24.0,0.0,-14.0,10.0,,,,,,,0.0,,
2018/05/08,5.88,5.88,5.8,5.8,59.0,344.0,-0.8547,0.4042,13.0,59.0,0.0,-59.0,0.0,,,,,,,0.0,,
2018/05/09,5.87,5.87,5.85,5.85,7.0,41.0,0.8621,0.048,3.0,6.0,0.0,0.0,6.0,,,,,,,0.0,,
2018/05/10,5.85,5.85,5.85,5.85,0.0,0.0,0.0,0.0,0.0,0.0,0.0,0.0,0.0,,,,,,,0.0,,
2018/05/11,5.83,5.83,5.78,5.78,14.0,81.0,-1.1966,0.0959,6.0,13.0,0.0,0.0,13.0,,,,,,,0.0,,
2018/05/14,5.78,5.78,5.78,5.78,0.0,0.0,0.0,0.0,0.0,0.0,0.0,0.0,0.0,,,,,,,0.0,,
2018/05/15,5.7,5.7,5.7,5.7,0.0,0.0,-1.3841,0.0,0.0,0.0,0.0,0.0,0.0,,,,,,,0.0,,
2018/05/16,5.69,5.69,5.69,5.69,0.0,0.0,-0.1754,0.0,0.0,0.0,0.0,0.0,0.0,,,,,,,0.0,,
2018/05/17,5.69,5.69,5.69,5.69,0.0,0.0,0.0,0.0,0.0,0.0,0.0,0.0,0.0,,,,,,,0.0,,
2018/05/18,5.64,5.64,5.64,5.64,0.0,0.0,-0.8787,0.0,0.0,0.0,0.0,0.0,0.0,,,,,,,0.0,,
2018/05/21,5.64,5.64,5.64,5.64,0.0,0.0,0.0,0.0,0.0,0.0,0.0,0.0,0.0,,,,,,,0.0,,
2018/05/22,5.64,5.64,5.64,5.64,0.0,0.0,0.0,0.0,0.0,0.0,0.0,0.0,0.0,,,,,,,0.0,,
2018/05/23,5.64,5.64,5.64,5.64,0.0,0.0,0.0,0.0,0.0,0.0,0.0,0.0,0.0,,,,,,,0.0,,
2018/05/24,5.64,5.64,5.64,5.64,0.0,0.0,0.0,0.0,0.0,0.0,0.0,0.0,0.0,,,,,,,0.0,,
2018/05/25,5.53,5.53,5.53,5.53,0.0,0.0,-1.9504,0.0,0.0,0.0,0.0,0.0,0.0,,,,,,,0.0,,
2018/05/28,5.53,5.53,5.53,5.53,0.0,0.0,0.0,0.0,0.0,0.0,0.0,0.0,0.0,,,,,,,0.0,,
2018/05/29,5.53,5.53,5.53,5.53,0.0,0.0,0.0,0.0,0.0,0.0,0.0,0.0,0.0,,,,,,,0.0,,
2018/05/30,5.53,5.53,5.53,5.53,0.0,0.0,0.0,0.0,0.0,0.0,0.0,0.0,0.0,,,,,,,0.0,,
2018/05/31,5.53,5.53,5.53,5.53,0.0,0.0,0.0,0.0,0.0,0.0,0.0,0.0,0.0,,,,,,,0.0,,
2018/06/01,5.25,5.25,5.25,5.25,15.0,79.0,-5.0633,0.1028,5.0,10.0,0.0,-15.0,-5.0,,,,,,,0.0,,
2018/06/04,5.25,5.25,5.25,5.25,1.0,5.0,0.0,0.0069,1.0,0.0,0.0,0.0,0.0,,,,,,,0.0,,
2018/06/05,5.25,5.25,5.25,5.25,0.0,0.0,0.0,0.0,0.0,0.0,0.0,0.0,0.0,,,,,,,0.0,,
2018/06/06,5.25,5.25,5.25,5.25,0.0,0.0,0.0,0.0,0.0,0.0,0.0,0.0,0.0,,,,,,,0.0,,
2018/06/07,5.25,5.25,5.25,5.25,0.0,0.0,0.0,0.0,0.0,0.0,0.0,0.0,0.0,,,,,,,0.0,,
2018/06/08,5.25,5.25,5.25,5.25,0.0,0.0,0.0,0.0,0.0,0.0,0.0,0.0,0.0,,,,,,,0.0,,
2018/06/11,5.23,5.23,5.23,5.23,0.0,0.0,-0.381,0.0,0.0,0.0,0.0,0.0,0.0,,,,,,,0.0,,
2018/06/12,5.21,5.21,5.21,5.21,0.0,0.0,-0.3824,0.0,0.0,0.0,0.0,0.0,0.0,,,,,,,0.0,,
2018/06/13,5.21,5.21,5.21,5.21,0.0,0.0,0.0,0.0,0.0,0.0,0.0,0.0,0.0,,,,,,,0.0,,
2018/06/14,5.21,5.21,5.21,5.21,0.0,0.0,0.0,0.0,0.0,0.0,0.0,0.0,0.0,,,,,,,0.0,,
2018/06/15,5.15,5.15,5.15,5.15,1.0,5.0,-1.1516,0.0069,1.0,0.0,0.0,0.0,0.0,,,,,,,0.0,,
2018/06/19,5.02,5.02,5.02,5.02,3.0,15.0,-2.5243,0.0206,3.0,-3.0,0.0,0.0,-3.0,,,,,,,0.0,,
2018/06/20,4.86,4.86,4.86,4.86,2.0,9.0,-3.1873,0.0137,2.0,-2.0,0.0,0.0,-2.0,,,,,,,0.0,,
2018/06/21,4.72,4.79,4.72,4.79,13.0,61.0,-1.4403,0.0891,5.0,-3.0,0.0,-10.0,-13.0,,,,,,,0.0,,
2018/06/22,4.89,4.92,4.7,4.7,32.0,153.0,-1.8789,0.2192,9.0,-15.0,0.0,-17.0,-32.0,,,,,,,0.0,,
2018/06/25,4.77,4.92,4.77,4.92,19.0,91.0,4.6809,0.1302,10.0,-18.0,0.0,0.0,-18.0,,,,,,,0.0,,
2018/06/26,4.88,4.88,4.88,4.88,12.0,58.0,-0.813,0.0822,4.0,-12.0,0.0,0.0,-12.0,,,,,,,0.0,,
2018/06/27,4.88,4.88,4.88,4.88,0.0,0.0,0.0,0.0,0.0,0.0,0.0,0.0,0.0,,,,,,,0.0,,
2018/06/28,4.5,4.53,4.39,4.53,162.0,715.0,-7.1721,1.1098,31.0,-16.0,0.0,-131.0,-147.0,,,,,,,0.0,,
2018/06/29,4.7,4.89,4.7,4.89,3.0,14.0,7.947,0.0206,3.0,0.0,0.0,0.0,0.0,,,,,,,0.0,,
2018/07/02,4.89,4.89,4.89,4.89,0.0,0.0,0.0,0.0,0.0,0.0,0.0,0.0,0.0,,,,,,,,,
2018/07/03,4.89,4.89,4.86,4.86,13.0,63.0,-0.6135,0.0891,5.0,0.0,0.0,0.0,0.0,,,,,,,,,
2018/07/04,4.86,4.86,4.86,4.86,0.0,0.0,0.0,0.0,0.0,0.0,0.0,0.0,0.0,,,,,,,,,
2018/07/05,4.86,4.86,4.86,4.86,0.0,0.0,0.0,0.0,0.0,0.0,0.0,0.0,0.0,,,,,,,,,
2018/07/06,4.8,4.8,4.8,4.8,0.0,0.0,-1.2346,0.0,0.0,0.0,0.0,0.0,0.0,,,,,,,,,
2018/07/09,4.51,4.51,4.51,4.51,1.0,4.0,-6.0417,0.0069,1.0,0.0,0.0,0.0,0.0,,,,,,,,,
2018/07/10,4.51,4.51,4.51,4.51,0.0,0.0,0.0,0.0,0.0,0.0,0.0,0.0,0.0,,,,,,,,,
2018/07/11,4.51,4.51,4.51,4.51,0.0,0.0,0.0,0.0,0.0,0.0,0.0,0.0,0.0,,,,,,,,,
2018/07/12,4.7,4.93,4.7,4.93,24.0,116.0,9.3126,0.1644,9.0,-16.0,0.0,0.0,-16.0,,,,,,,,,
2018/07/13,5.14,5.14,5.14,5.14,1.0,5.0,4.2596,0.0069,1.0,-1.0,0.0,0.0,-1.0,,,,,,,,,
2018/07/16,5.04,5.04,5.04,5.04,7.0,35.0,-1.9455,0.048,3.0,-2.0,0.0,0.0,-2.0,,,,,,,,,
2018/07/17,5.04,5.04,5.04,5.04,0.0,0.0,0.0,0.0,0.0,0.0,0.0,0.0,0.0,,,,,,,,,
2018/07/18,5.11,5.11,5.11,5.11,10.0,51.0,1.3889,0.0685,3.0,-8.0,0.0,0.0,-8.0,,,,,,,,,
2018/07/19,5.11,5.11,5.11,5.11,0.0,0.0,0.0,0.0,0.0,0.0,0.0,0.0,0.0,,,,,,,,,
2018/07/20,5.08,5.08,5.08,5.08,0.0,0.0,-0.5871,0.0,0.0,0.0,0.0,0.0,0.0,,,,,,,,,
2018/07/23,5.08,5.08,5.08,5.08,12.0,60.0,0.0,0.0822,2.0,0.0,0.0,0.0,0.0,,,,,,,,,
2018/07/24,5.08,5.08,5.08,5.08,0.0,0.0,0.0,0.0,0.0,0.0,0.0,0.0,0.0,,,,,,,,,
2018/07/25,5.07,5.07,5.07,5.07,0.0,0.0,-0.1969,0.0,0.0,0.0,0.0,0.0,0.0,,,,,,,,,
2018/07/26,5.07,5.07,5.07,5.07,0.0,0.0,0.0,0.0,0.0,0.0,0.0,0.0,0.0,,,,,,,,,
2018/07/27,5.07,5.07,5.07,5.07,0.0,0.0,0.0,0.0,0.0,0.0,0.0,0.0,0.0,,,,,,,,,
2018/07/30,5.08,5.08,5.08,5.08,3.0,15.0,0.1972,0.0206,2.0,-3.0,0.0,0.0,-3.0,,,,,,,,,
2018/07/31,5.08,5.08,5.08,5.08,0.0,0.0,0.0,0.0,0.0,0.0,0.0,0.0,0.0,,,,,,,,,
2018/08/01,5.07,5.07,5.07,5.07,0.0,0.0,-0.1969,0.0,0.0,0.0,0.0,0.0,0.0,,,,,,,,,
2018/08/02,4.98,4.98,4.97,4.97,20.0,99.0,-1.9724,0.137,3.0,0.0,0.0,0.0,0.0,,,,,,,,,
2018/08/03,5.1,5.1,5.0,5.0,15.0,75.0,0.6036,0.1028,4.0,0.0,0.0,0.0,0.0,,,,,,,,,
2018/08/06,5.12,5.5,5.12,5.35,101.0,547.0,7.0,0.6919,27.0,-100.0,0.0,0.0,-100.0,,,,,,,,,
2018/08/07,5.29,5.29,5.29,5.29,30.0,158.0,-1.1215,0.2055,11.0,-1.0,0.0,0.0,-1.0,,,,,,,,,
2018/08/08,5.3,5.4,5.2,5.2,54.0,287.0,-1.7013,0.3699,11.0,-35.0,0.0,0.0,-35.0,,,,,,,,,
2018/08/09,5.46,5.5,5.46,5.5,2.0,10.0,5.7692,0.0137,2.0,2.0,0.0,0.0,2.0,,,,,,,,,
2018/08/10,6.05,6.05,6.05,6.05,18.0,108.0,10.0,0.1233,8.0,-7.0,0.0,0.0,-7.0,,,,,,,,,
2018/08/13,6.65,6.65,6.59,6.6,39.0,258.0,9.0909,0.2672,28.0,0.0,0.0,0.0,0.0,,,,,,,,,
2018/08/14,6.0,6.0,6.0,6.0,18.0,108.0,-9.0909,0.1233,8.0,0.0,0.0,-3.0,-3.0,,,,,,,,,
2018/08/15,6.0,6.0,6.0,6.0,8.0,48.0,0.0,0.0548,3.0,0.0,0.0,0.0,0.0,,,,,,,,,
2018/08/16,5.6,6.6,5.6,5.9,87.0,562.0,-1.6667,0.596,21.0,0.0,0.0,-67.0,-67.0,,,,,,,,,
2018/08/17,6.0,6.0,5.6,5.6,46.0,275.0,-5.0847,0.3151,4.0,0.0,0.0,-25.0,-25.0,,,,,,,,,
2018/08/20,5.6,6.1,5.6,6.1,60.0,357.0,8.9286,0.411,12.0,0.0,0.0,-23.0,-23.0,,,,,,,,,
2018/08/21,5.63,5.63,5.63,5.63,3.0,16.0,-7.7049,0.0206,1.0,0.0,0.0,0.0,0.0,,,,,,,,,
2018/08/22,6.0,6.09,5.8,5.8,23.0,137.0,3.0195,0.1576,8.0,0.0,0.0,-16.0,-16.0,,,,,,,,,
2018/08/23,6.0,6.1,6.0,6.1,29.0,174.0,5.1724,0.1987,4.0,0.0,0.0,-29.0,-29.0,,,,,,,,,
2018/08/24,5.71,5.71,5.71,5.71,1.0,5.0,-6.3934,0.0069,1.0,0.0,0.0,0.0,0.0,,,,,,,,,
2018/08/27,5.8,5.8,5.8,5.8,1.0,5.0,1.5762,0.0069,1.0,0.0,0.0,-1.0,-1.0,,,,,,,,,
2018/08/28,5.47,5.47,5.47,5.47,1.0,5.0,-5.6897,0.0069,1.0,0.0,0.0,0.0,0.0,,,,,,,,,
2018/08/29,5.47,5.47,5.47,5.47,0.0,0.0,0.0,0.0,0.0,0.0,0.0,0.0,0.0,,,,,,,,,
2018/08/30,5.47,5.47,5.47,5.47,0.0,0.0,0.0,0.0,0.0,0.0,0.0,0.0,0.0,,,,,,,,,
2018/08/31,5.47,6.01,5.47,6.01,9.0,53.0,9.872,0.0617,5.0,0.0,0.0,-4.0,-4.0,,,,,,,,,
2018/09/03,6.01,6.01,6.01,6.01,0.0,0.0,0.0,0.0,1.0,0.0,0.0,0.0,0.0,,,,,,,,,
2018/09/04,6.01,6.01,6.01,6.01,0.0,0.0,0.0,0.0,0.0,0.0,0.0,0.0,0.0,,,,,,,,,
2018/09/05,6.01,6.01,6.01,6.01,0.0,0.0,0.0,0.0,0.0,0.0,0.0,0.0,0.0,,,,,,,,,
2018/09/06,5.5,6.0,5.5,6.0,2.0,11.0,-0.1664,0.0137,2.0,0.0,0.0,0.0,0.0,,,,,,,,,
2018/09/07,6.0,6.0,6.0,6.0,5.0,30.0,0.0,0.0343,1.0,0.0,0.0,0.0,0.0,,,,,,,,,
2018/09/10,6.0,6.0,6.0,6.0,0.0,0.0,0.0,0.0,0.0,0.0,0.0,0.0,0.0,,,,,,,,,
2018/09/11,5.8,6.0,5.8,6.0,52.0,310.0,0.0,0.3562,5.0,0.0,0.0,-12.0,-12.0,,,,,,,,,
2018/09/12,6.0,6.0,6.0,6.0,0.0,0.0,0.0,0.0,0.0,0.0,0.0,0.0,0.0,,,,,,,,,
2018/09/13,6.0,6.0,6.0,6.0,10.0,60.0,0.0,0.0685,1.0,0.0,0.0,-10.0,-10.0,,,,,,,,,
2018/09/14,6.0,6.0,6.0,6.0,6.0,36.0,0.0,0.0411,2.0,0.0,0.0,-5.0,-5.0,,,,,,,,,
2018/09/17,6.0,6.0,5.6,5.6,17.0,101.0,-6.6667,0.1165,4.0,0.0,0.0,0.0,0.0,,,,,,,,,
2018/09/18,6.0,6.16,6.0,6.16,27.0,165.0,10.0,0.185,8.0,0.0,0.0,-12.0,-12.0,,,,,,,,,
2018/09/19,6.0,6.1,6.0,6.1,122.0,742.0,-0.974,0.8358,38.0,0.0,0.0,-18.0,-18.0,,,,,,,,,
2018/09/20,6.1,6.1,6.1,6.1,10.0,61.0,0.0,0.0685,3.0,0.0,0.0,-7.0,-7.0,,,,,,,,,
2018/09/21,6.2,6.2,6.2,6.2,8.0,49.0,1.6393,0.0548,2.0,0.0,0.0,-5.0,-5.0,,,,,,,,,
2018/09/25,6.2,6.2,6.2,6.2,0.0,0.0,0.0,0.0,0.0,0.0,0.0,0.0,0.0,,,,,,,,,
2018/09/26,6.1,6.1,6.1,6.1,0.0,0.0,-1.6129,0.0,0.0,0.0,0.0,0.0,0.0,,,,,,,,,
2018/09/27,6.1,6.1,6.1,6.1,0.0,0.0,0.0,0.0,0.0,0.0,0.0,0.0,0.0,,,,,,,,,
2018/09/28,6.1,6.1,6.1,6.1,0.0,0.0,0.0,0.0,0.0,0.0,0.0,0.0,0.0,,,,,,,,,
2018/10/01,6.1,6.1,6.1,6.1,0.0,0.0,0.0,0.0,0.0,0.0,0.0,0.0,0.0,,,,,,,,,
2018/10/02,6.1,6.1,6.1,6.1,0.0,0.0,0.0,0.0,0.0,0.0,0.0,0.0,0.0,,,,,,,,,
2018/10/03,6.1,6.1,6.1,6.1,1.0,6.0,0.0,0.0069,1.0,0.0,0.0,0.0,0.0,,,,,,,,,
2018/10/04,5.9,5.9,5.9,5.9,6.0,35.0,-3.2787,0.0411,2.0,0.0,0.0,-6.0,-6.0,,,,,,,,,
2018/10/05,6.0,6.49,5.91,6.1,14.0,86.0,3.3898,0.0959,6.0,0.0,0.0,-9.0,-9.0,,,,,,,,,
2018/10/08,6.0,6.1,6.0,6.0,11.0,66.0,-1.6393,0.0754,4.0,0.0,0.0,-11.0,-11.0,,,,,,,,,
2018/10/09,6.0,6.6,5.55,5.55,7.0,42.0,-7.5,0.048,3.0,0.0,0.0,-6.0,-6.0,,,,,,,,,
2018/10/11,5.55,5.55,5.55,5.55,0.0,0.0,0.0,0.0,0.0,0.0,0.0,0.0,0.0,,,,,,,,,
2018/10/12,5.55,5.55,5.55,5.55,0.0,0.0,0.0,0.0,0.0,0.0,0.0,0.0,0.0,,,,,,,,,
2018/10/15,6.0,6.0,6.0,6.0,42.0,252.0,8.1081,0.2877,12.0,0.0,0.0,-40.0,-40.0,,,,,,,,,
2018/10/16,6.1,6.1,6.0,6.0,6.0,36.0,0.0,0.0411,3.0,0.0,0.0,-5.0,-5.0,,,,,,,,,
2018/10/17,6.0,6.0,6.0,6.0,5.0,30.0,0.0,0.0343,1.0,0.0,0.0,-5.0,-5.0,,,,,,,,,
2018/10/18,6.0,6.0,6.0,6.0,8.0,48.0,0.0,0.0548,2.0,0.0,0.0,-8.0,-8.0,,,,,,,,,
2018/10/19,6.0,6.0,6.0,6.0,0.0,0.0,0.0,0.0,0.0,0.0,0.0,0.0,0.0,,,,,,,,,
2018/10/22,6.0,6.0,6.0,6.0,0.0,0.0,0.0,0.0,0.0,0.0,0.0,0.0,0.0,,,,,,,,,
2018/10/23,6.0,6.0,6.0,6.0,0.0,0.0,0.0,0.0,0.0,0.0,0.0,0.0,0.0,,,,,,,,,
2018/10/24,6.0,6.0,6.0,6.0,5.0,30.0,0.0,0.0343,1.0,0.0,0.0,-5.0,-5.0,,,,,,,,,
2018/10/25,6.0,6.0,6.0,6.0,1.0,6.0,0.0,0.0069,1.0,0.0,0.0,0.0,0.0,,,,,,,,,
2018/10/26,6.0,6.0,6.0,6.0,0.0,0.0,0.0,0.0,0.0,0.0,0.0,0.0,0.0,,,,,,,,,
2018/10/29,6.0,6.0,6.0,6.0,5.0,30.0,0.0,0.0343,1.0,0.0,0.0,-5.0,-5.0,,,,,,,,,
2018/10/30,6.0,6.0,6.0,6.0,2.0,12.0,0.0,0.0137,1.0,0.0,0.0,-2.0,-2.0,,,,,,,,,
2018/10/31,6.0,6.0,6.0,6.0,0.0,0.0,0.0,0.0,0.0,0.0,0.0,0.0,0.0,,,,,,,,,
2018/11/01,6.0,6.0,6.0,6.0,5.0,30.0,0.0,0.0343,1.0,0.0,0.0,-5.0,-5.0,,,,,,,,,
2018/11/02,6.0,6.0,6.0,6.0,0.0,0.0,0.0,0.0,0.0,0.0,0.0,0.0,0.0,,,,,,,,,
2018/11/05,6.05,6.05,6.05,6.05,5.0,30.0,0.8333,0.0343,1.0,0.0,0.0,-5.0,-5.0,,,,,,,,,
2018/11/06,6.05,6.05,6.05,6.05,5.0,30.0,0.0,0.0343,1.0,0.0,0.0,-5.0,-5.0,,,,,,,,,
2018/11/07,6.05,6.05,6.05,6.05,65.0,393.0,0.0,0.4433,16.0,0.0,0.0,0.0,0.0,,,,,,,,,
2018/11/08,6.05,6.05,6.05,6.05,6.0,36.0,0.0,0.0409,2.0,0.0,0.0,-5.0,-5.0,,,,,,,,,
2018/11/09,6.05,6.1,6.05,6.1,10.0,60.0,0.8264,0.0682,2.0,0.0,0.0,-10.0,-10.0,,,,,,,,,
2018/11/12,6.1,6.1,6.1,6.1,5.0,30.0,0.0,0.0341,1.0,0.0,0.0,-5.0,-5.0,,,,,,,,,
2018/11/13,6.1,6.1,6.1,6.1,0.0,0.0,0.0,0.0,0.0,0.0,0.0,0.0,0.0,,,,,,,,,
2018/11/14,6.1,6.1,6.1,6.1,0.0,0.0,0.0,0.0,0.0,0.0,0.0,0.0,0.0,,,,,,,,,
2018/11/15,6.1,6.1,6.1,6.1,5.0,30.0,0.0,0.0341,1.0,0.0,0.0,-5.0,-5.0,,,,,,,,,
2018/11/16,6.1,6.1,6.1,6.1,5.0,30.0,0.0,0.0341,1.0,0.0,0.0,-5.0,-5.0,,,,,,,,,
2018/11/19,6.1,6.1,6.1,6.1,5.0,30.0,0.0,0.0341,3.0,0.0,0.0,-5.0,-5.0,,,,,,,,,
2018/11/20,6.1,6.1,6.1,6.1,0.0,0.0,0.0,0.0,0.0,0.0,0.0,0.0,0.0,,,,,,,,,
2018/11/21,6.1,6.1,6.1,6.1,0.0,0.0,0.0,0.0,0.0,0.0,0.0,0.0,0.0,,,,,,,,,
2018/11/22,6.1,6.1,6.1,6.1,0.0,0.0,0.0,0.0,0.0,0.0,0.0,0.0,0.0,,,,,,,,,
2018/11/23,6.1,6.1,6.1,6.1,6.0,36.0,0.0,0.0409,3.0,0.0,0.0,-6.0,-6.0,,,,,,,,,
2018/11/26,6.1,6.1,6.1,6.1,5.0,30.0,0.0,0.0341,1.0,0.0,0.0,-5.0,-5.0,,,,,,,,,
2018/11/27,6.1,6.1,6.1,6.1,5.0,30.0,0.0,0.0341,1.0,0.0,0.0,-5.0,-5.0,,,,,,,,,
2018/11/28,6.1,6.1,6.1,6.1,5.0,30.0,0.0,0.0341,2.0,0.0,0.0,-5.0,-5.0,,,,,,,,,
2018/11/29,6.1,6.1,6.1,6.1,0.0,0.0,0.0,0.0,0.0,0.0,0.0,0.0,0.0,,,,,,,,,
2018/11/30,6.1,6.1,6.1,6.1,0.0,0.0,0.0,0.0,0.0,0.0,0.0,0.0,0.0,,,,,,,,,
2018/12/03,6.1,6.1,6.1,6.1,5.0,30.0,0.0,0.0341,1.0,0.0,0.0,-5.0,-5.0,,,,,,,,,
2018/12/04,6.1,6.1,6.1,6.1,0.0,0.0,0.0,0.0,0.0,0.0,0.0,0.0,0.0,,,,,,,,,
2018/12/05,6.1,6.1,6.1,6.1,0.0,0.0,0.0,0.0,0.0,0.0,0.0,0.0,0.0,,,,,,,,,
2018/12/06,6.1,6.1,6.1,6.1,125.0,762.0,0.0,0.8453,19.0,0.0,0.0,0.0,0.0,,,,,,,,,
2018/12/07,6.1,6.1,6.1,6.1,0.0,0.0,0.0,0.0,0.0,0.0,0.0,0.0,0.0,,,,,,,,,
2018/12/10,6.1,6.1,6.1,6.1,0.0,0.0,0.0,0.0,0.0,0.0,0.0,0.0,0.0,,,,,,,,,
2018/12/11,6.1,6.1,6.1,6.1,0.0,0.0,0.0,0.0,0.0,0.0,0.0,0.0,0.0,,,,,,,,,
2018/12/12,6.1,6.1,6.1,6.1,0.0,0.0,0.0,0.0,0.0,0.0,0.0,0.0,0.0,,,,,,,,,
2018/12/13,6.1,6.1,6.1,6.1,0.0,0.0,0.0,0.0,0.0,0.0,0.0,0.0,0.0,,,,,,,,,
2018/12/14,6.1,6.1,6.1,6.1,0.0,0.0,0.0,0.0,0.0,0.0,0.0,0.0,0.0,,,,,,,,,
2018/12/17,6.1,6.1,6.1,6.1,0.0,0.0,0.0,0.0,0.0,0.0,0.0,0.0,0.0,,,,,,,,,
2018/12/18,6.1,6.1,6.1,6.1,0.0,0.0,0.0,0.0,0.0,0.0,0.0,0.0,0.0,,,,,,,,,
2018/12/19,6.1,6.1,6.1,6.1,0.0,0.0,0.0,0.0,0.0,0.0,0.0,0.0,0.0,,,,,,,,,
2018/12/20,6.1,6.1,6.1,6.1,0.0,0.0,0.0,0.0,0.0,0.0,0.0,0.0,0.0,,,,,,,,,
2018/12/21,6.1,6.1,6.1,6.1,0.0,0.0,0.0,0.0,0.0,0.0,0.0,0.0,0.0,,,,,,,,,
2018/12/22,6.15,6.15,6.1,6.1,2.0,12.0,0.0,0.0134,2.0,0.0,0.0,0.0,0.0,,,,,,,,,
2018/12/24,6.1,6.1,6.1,6.1,0.0,0.0,0.0,0.0,0.0,0.0,0.0,0.0,0.0,,,,,,,,,
2018/12/25,5.87,5.87,5.87,5.87,4.0,23.0,-3.7705,0.0269,3.0,0.0,0.0,0.0,0.0,,,,,,,,,
2018/12/26,5.87,5.87,5.87,5.87,2.0,11.0,0.0,0.0134,1.0,0.0,0.0,0.0,0.0,,,,,,,,,
2018/12/27,5.87,5.87,5.87,5.87,0.0,0.0,0.0,0.0,0.0,0.0,0.0,0.0,0.0,,,,,,,,,
2018/12/28,5.87,5.87,5.87,5.87,0.0,0.0,0.0,0.0,0.0,0.0,0.0,0.0,0.0,,,,,,,,,
2019/01/02,5.87,5.87,5.87,5.87,0.0,0.0,0.0,0.0,0.0,0.0,0.0,0.0,0.0,,,,,,,0.0,,
2019/01/03,5.87,5.87,5.87,5.87,0.0,0.0,0.0,0.0,0.0,0.0,0.0,0.0,0.0,,,,,,,0.0,,
2019/01/04,5.87,5.87,5.87,5.87,0.0,0.0,0.0,0.0,0.0,0.0,0.0,0.0,0.0,,,,,,,0.0,,
2019/01/07,5.87,5.87,5.87,5.87,0.0,0.0,0.0,0.0,0.0,0.0,0.0,0.0,0.0,,,,,,,0.0,,
2019/01/08,5.87,5.87,5.87,5.87,0.0,0.0,0.0,0.0,0.0,0.0,0.0,0.0,0.0,,,,,,,0.0,,
2019/01/09,5.87,5.87,5.87,5.87,0.0,0.0,0.0,0.0,0.0,0.0,0.0,0.0,0.0,,,,,,,0.0,,
2019/01/10,5.87,5.87,5.87,5.87,0.0,0.0,0.0,0.0,0.0,0.0,0.0,0.0,0.0,,,,,,,0.0,,
2019/01/11,5.87,5.87,5.87,5.87,0.0,0.0,0.0,0.0,0.0,0.0,0.0,0.0,0.0,,,,,,,0.0,,
2019/01/14,5.87,5.87,5.87,5.87,0.0,0.0,0.0,0.0,0.0,0.0,0.0,0.0,0.0,,,,,,,0.0,,
2019/01/15,5.87,5.87,5.87,5.87,0.0,0.0,0.0,0.0,0.0,0.0,0.0,0.0,0.0,,,,,,,0.0,,
2019/01/16,5.87,5.87,5.87,5.87,0.0,0.0,0.0,0.0,0.0,0.0,0.0,0.0,0.0,,,,,,,0.0,,
2019/01/17,5.87,5.87,5.87,5.87,0.0,0.0,0.0,0.0,0.0,0.0,0.0,0.0,0.0,,,,,,,0.0,,
2019/01/18,5.87,5.87,5.87,5.87,0.0,0.0,0.0,0.0,0.0,0.0,0.0,0.0,0.0,,,,,,,0.0,,
2019/01/21,5.87,5.87,5.87,5.87,0.0,0.0,0.0,0.0,0.0,0.0,0.0,0.0,0.0,,,,,,,0.0,,
2019/01/22,5.87,5.87,5.87,5.87,0.0,0.0,0.0,0.0,0.0,0.0,0.0,0.0,0.0,,,,,,,0.0,,
2019/01/23,5.87,5.87,5.87,5.87,0.0,0.0,0.0,0.0,0.0,0.0,0.0,0.0,0.0,,,,,,,0.0,,
2019/01/24,5.87,5.87,5.87,5.87,0.0,0.0,0.0,0.0,0.0,0.0,0.0,0.0,0.0,,,,,,,0.0,,
2019/01/25,5.87,5.87,5.87,5.87,0.0,0.0,0.0,0.0,0.0,0.0,0.0,0.0,0.0,,,,,,,0.0,,
2019/01/28,5.87,5.87,5.87,5.87,0.0,0.0,0.0,0.0,0.0,0.0,0.0,0.0,0.0,,,,,,,0.0,,
2019/01/29,5.87,5.87,5.87,5.87,0.0,0.0,0.0,0.0,0.0,0.0,0.0,0.0,0.0,,,,,,,0.0,,
2019/01/30,5.87,5.87,5.87,5.87,0.0,0.0,0.0,0.0,0.0,0.0,0.0,0.0,0.0,,,,,,,0.0,,
2019/02/11,5.87,5.87,5.87,5.87,0.0,0.0,0.0,0.0,0.0,0.0,0.0,0.0,0.0,,,,,,,0.0,,
2019/02/12,5.87,5.87,5.87,5.87,0.0,0.0,0.0,0.0,0.0,0.0,0.0,0.0,0.0,,,,,,,0.0,,
2019/02/13,5.87,5.87,5.87,5.87,0.0,0.0,0.0,0.0,0.0,0.0,0.0,0.0,0.0,,,,,,,0.0,,
2019/02/14,5.87,5.87,5.87,5.87,0.0,0.0,0.0,0.0,0.0,0.0,0.0,0.0,0.0,,,,,,,0.0,,
2019/02/15,5.87,5.87,5.87,5.87,0.0,0.0,0.0,0.0,0.0,0.0,0.0,0.0,0.0,,,,,,,0.0,,
2019/02/18,5.87,5.87,5.87,5.87,0.0,0.0,0.0,0.0,0.0,0.0,0.0,0.0,0.0,,,,,,,0.0,,
2019/02/19,5.87,5.87,5.87,5.87,0.0,0.0,0.0,0.0,0.0,0.0,0.0,0.0,0.0,,,,,,,0.0,,
2019/02/20,5.87,5.87,5.87,5.87,0.0,0.0,0.0,0.0,0.0,0.0,0.0,0.0,0.0,,,,,,,0.0,,
2019/02/21,5.87,5.87,5.87,5.87,0.0,0.0,0.0,0.0,0.0,0.0,0.0,0.0,0.0,,,,,,,0.0,,
2019/02/22,5.87,5.87,5.87,5.87,0.0,0.0,0.0,0.0,0.0,0.0,0.0,0.0,0.0,,,,,,,0.0,,
2019/02/25,5.87,5.87,5.87,5.87,0.0,0.0,0.0,0.0,0.0,0.0,0.0,0.0,0.0,,,,,,,0.0,,
2019/02/26,5.87,5.87,5.87,5.87,0.0,0.0,0.0,0.0,0.0,0.0,0.0,0.0,0.0,,,,,,,0.0,,
2019/02/27,5.87,5.87,5.87,5.87,0.0,0.0,0.0,0.0,0.0,0.0,0.0,0.0,0.0,,,,,,,0.0,,
2019/03/04,5.87,5.87,5.87,5.87,0.0,0.0,0.0,0.0,0.0,0.0,0.0,0.0,0.0,,,,,,,0.0,,
2019/03/05,5.87,5.87,5.87,5.87,0.0,0.0,0.0,0.0,0.0,0.0,0.0,0.0,0.0,,,,,,,0.0,,
2019/03/06,5.8,5.8,5.8,5.8,0.0,0.0,-1.1925,0.0,0.0,0.0,0.0,0.0,0.0,,,,,,,0.0,,
2019/03/07,5.8,5.8,5.8,5.8,0.0,0.0,0.0,0.0,0.0,0.0,0.0,0.0,0.0,,,,,,,0.0,,
2019/03/08,5.8,5.8,5.8,5.8,0.0,0.0,0.0,0.0,0.0,0.0,0.0,0.0,0.0,,,,,,,0.0,,
2019/03/11,5.8,5.8,5.8,5.8,0.0,0.0,0.0,0.0,0.0,0.0,0.0,0.0,0.0,,,,,,,0.0,,
2019/03/12,5.8,5.8,5.8,5.8,0.0,0.0,0.0,0.0,0.0,0.0,0.0,0.0,0.0,,,,,,,0.0,,
2019/03/13,5.8,5.8,5.8,5.8,0.0,0.0,0.0,0.0,0.0,0.0,0.0,0.0,0.0,,,,,,,0.0,,
2019/03/14,5.35,5.35,5.35,5.35,1.0,5.0,-7.7586,0.0067,1.0,0.0,0.0,0.0,0.0,,,,,,,0.0,,
2019/03/15,5.35,5.35,5.35,5.35,0.0,0.0,0.0,0.0,0.0,0.0,0.0,0.0,0.0,,,,,,,0.0,,
2019/03/18,5.35,5.88,5.35,5.88,3.0,16.0,9.9065,0.0202,3.0,0.0,0.0,0.0,0.0,,,,,,,0.0,,
2019/03/19,5.88,5.88,5.88,5.88,0.0,0.0,0.0,0.0,0.0,0.0,0.0,0.0,0.0,,,,,,,0.0,,
2019/03/20,6.45,6.45,6.45,6.45,1.0,6.0,9.6939,0.0067,1.0,0.0,0.0,0.0,0.0,,,,,,,0.0,,
2019/03/21,5.81,5.81,5.81,5.81,4.0,23.0,-9.9225,0.0269,2.0,0.0,0.0,0.0,0.0,,,,,,,0.0,,
2019/03/22,5.81,5.81,5.81,5.81,0.0,0.0,0.0,0.0,0.0,0.0,0.0,0.0,0.0,,,,,,,0.0,,
2019/03/25,5.81,5.81,5.81,5.81,0.0,0.0,0.0,0.0,0.0,0.0,0.0,0.0,0.0,,,,,,,0.0,,
2019/03/26,5.81,5.81,5.81,5.81,0.0,0.0,0.0,0.0,0.0,0.0,0.0,0.0,0.0,,,,,,,0.0,,
2019/03/27,5.81,5.81,5.81,5.81,0.0,0.0,0.0,0.0,0.0,0.0,0.0,0.0,0.0,,,,,,,0.0,,
2019/03/28,5.81,5.81,5.81,5.81,0.0,0.0,0.0,0.0,0.0,0.0,0.0,0.0,0.0,,,,,,,0.0,,
2019/03/29,5.81,5.81,5.81,5.81,0.0,0.0,0.0,0.0,0.0,0.0,0.0,0.0,0.0,,,,,,,0.0,,
2019/04/01,5.81,5.81,5.81,5.81,0.0,0.0,0.0,0.0,0.0,0.0,0.0,0.0,0.0,,,,,,,0.0,,
2019/04/02,5.81,5.81,5.81,5.81,0.0,0.0,0.0,0.0,0.0,0.0,0.0,0.0,0.0,,,,,,,0.0,,
2019/04/03,5.81,5.81,5.81,5.81,0.0,0.0,0.0,0.0,0.0,0.0,0.0,0.0,0.0,,,,,,,0.0,,
2019/04/08,5.81,5.81,5.81,5.81,0.0,0.0,0.0,0.0,0.0,0.0,0.0,0.0,0.0,,,,,,,0.0,,
2019/04/09,5.81,5.81,5.81,5.81,0.0,0.0,0.0,0.0,0.0,0.0,0.0,0.0,0.0,,,,,,,0.0,,
2019/04/10,5.81,5.81,5.81,5.81,0.0,0.0,0.0,0.0,0.0,0.0,0.0,0.0,0.0,,,,,,,0.0,,
2019/04/11,5.81,5.81,5.81,5.81,0.0,0.0,0.0,0.0,0.0,0.0,0.0,0.0,0.0,,,,,,,0.0,,
2019/04/12,5.81,5.81,5.81,5.81,0.0,0.0,0.0,0.0,0.0,0.0,0.0,0.0,0.0,,,,,,,0.0,,
2019/04/15,5.81,5.81,5.81,5.81,0.0,0.0,0.0,0.0,0.0,0.0,0.0,0.0,0.0,,,,,,,0.0,,
2019/04/16,5.81,5.81,5.81,5.81,0.0,0.0,0.0,0.0,0.0,0.0,0.0,0.0,0.0,,,,,,,0.0,,
2019/04/17,5.81,5.81,5.81,5.81,0.0,0.0,0.0,0.0,0.0,0.0,0.0,0.0,0.0,,,,,,,0.0,,
2019/04/18,5.81,5.81,5.81,5.81,0.0,0.0,0.0,0.0,0.0,0.0,0.0,0.0,0.0,,,,,,,0.0,,
2019/04/19,5.81,5.81,5.81,5.81,0.0,0.0,0.0,0.0,0.0,0.0,0.0,0.0,0.0,,,,,,,0.0,,
2019/04/22,5.81,5.81,5.81,5.81,0.0,0.0,0.0,0.0,0.0,0.0,0.0,0.0,0.0,,,,,,,0.0,,
2019/04/23,5.81,5.81,5.81,5.81,0.0,0.0,0.0,0.0,0.0,0.0,0.0,0.0,0.0,,,,,,,0.0,,
2019/04/24,5.81,5.81,5.81,5.81,0.0,0.0,0.0,0.0,0.0,0.0,0.0,0.0,0.0,,,,,,,0.0,,
2019/04/25,5.81,5.81,5.81,5.81,0.0,0.0,0.0,0.0,0.0,0.0,0.0,0.0,0.0,,,,,,,0.0,,
2019/04/26,5.81,5.81,5.81,5.81,0.0,0.0,0.0,0.0,0.0,0.0,0.0,0.0,0.0,,,,,,,0.0,,
2019/04/29,5.81,5.81,5.81,5.81,0.0,0.0,0.0,0.0,0.0,0.0,0.0,0.0,0.0,,,,,,,0.0,,
2019/04/30,5.37,6.39,5.37,6.39,4.0,22.0,9.9828,0.0269,4.0,0.0,0.0,0.0,0.0,,,,,,,0.0,,
2019/05/02,5.8,5.8,5.8,5.8,1.0,5.0,-9.2332,0.0067,1.0,0.0,0.0,0.0,0.0,,,,,,,0.0,,
2019/05/03,5.36,5.36,5.3,5.3,4.0,21.0,-8.6207,0.0269,3.0,0.0,0.0,0.0,0.0,,,,,,,0.0,,
2019/05/06,4.79,5.77,4.78,5.77,13.0,63.0,8.8679,0.0874,6.0,0.0,0.0,0.0,0.0,,,,,,,0.0,,
2019/05/07,5.2,5.2,5.2,5.2,93.0,483.0,-9.8787,0.6253,25.0,0.0,0.0,0.0,0.0,,,,,,,0.0,,
2019/05/08,5.0,5.3,5.0,5.01,17.0,85.0,-3.6538,0.1143,5.0,0.0,0.0,0.0,0.0,,,,,,,0.0,,
2019/05/09,5.0,5.0,5.0,5.0,10.0,50.0,-0.1996,0.0672,1.0,0.0,0.0,0.0,0.0,,,,,,,0.0,,
2019/05/10,5.0,5.0,5.0,5.0,1.0,5.0,0.0,0.0067,1.0,0.0,0.0,0.0,0.0,,,,,,,0.0,,
2019/05/13,5.3,5.31,5.3,5.3,81.0,429.0,6.0,0.5446,24.0,0.0,0.0,0.0,0.0,,,,,,,0.0,,
2019/05/14,5.0,5.1,5.0,5.1,30.0,151.0,-3.7736,0.2017,7.0,0.0,0.0,0.0,0.0,,,,,,,0.0,,
2019/05/15,5.1,5.1,5.1,5.1,20.0,102.0,0.0,0.1345,3.0,0.0,0.0,0.0,0.0,,,,,,,0.0,,
2019/05/16,5.0,5.0,5.0,5.0,20.0,100.0,-1.9608,0.1345,2.0,0.0,0.0,0.0,0.0,,,,,,,0.0,,
2019/05/17,5.1,5.1,5.1,5.1,80.0,408.0,2.0,0.5379,10.0,0.0,0.0,0.0,0.0,,,,,,,0.0,,
2019/05/20,5.1,5.1,5.1,5.1,0.0,0.0,0.0,0.0,0.0,0.0,0.0,0.0,0.0,,,,,,,0.0,,
2019/05/21,5.1,5.1,5.1,5.1,4.0,20.0,0.0,0.0269,1.0,0.0,0.0,0.0,0.0,,,,,,,0.0,,
2019/05/22,5.1,5.1,5.1,5.1,1.0,5.0,0.0,0.0067,1.0,0.0,0.0,0.0,0.0,,,,,,,0.0,,
2019/05/23,5.2,5.2,5.2,5.2,6.0,31.0,1.9608,0.0403,3.0,0.0,0.0,0.0,0.0,,,,,,,0.0,,
2019/05/24,5.5,5.7,5.5,5.7,15.0,83.0,9.6154,0.1009,3.0,0.0,0.0,0.0,0.0,,,,,,,0.0,,
2019/05/27,5.82,5.82,5.82,5.82,1.0,5.0,2.1053,0.0067,1.0,0.0,0.0,0.0,0.0,,,,,,,0.0,,
2019/05/28,5.82,5.82,5.82,5.82,8.0,46.0,0.0,0.0538,5.0,0.0,0.0,0.0,0.0,,,,,,,0.0,,
2019/05/29,5.85,5.85,5.85,5.85,5.0,29.0,0.5155,0.0336,1.0,0.0,0.0,0.0,0.0,,,,,,,0.0,,
2019/05/30,5.91,5.91,5.91,5.91,4.0,23.0,1.0256,0.0269,1.0,0.0,0.0,0.0,0.0,,,,,,,0.0,,
2019/05/31,5.91,5.91,5.91,5.91,0.0,0.0,0.0,0.0,0.0,0.0,0.0,0.0,0.0,,,,,,,0.0,,
2019/06/03,5.8,5.8,5.8,5.8,10.0,58.0,-1.8613,0.0672,2.0,0.0,0.0,0.0,0.0,,,,,,,0.0,,
2019/06/04,5.9,6.05,5.9,6.05,13.0,77.0,4.3103,0.0874,3.0,0.0,0.0,0.0,0.0,,,,,,,0.0,,
2019/06/05,6.0,6.0,6.0,6.0,1.0,6.0,-0.8264,0.0067,1.0,0.0,0.0,0.0,0.0,,,,,,,0.0,,
2019/06/06,6.0,6.0,6.0,6.0,0.0,0.0,0.0,0.0,0.0,0.0,0.0,0.0,0.0,,,,,,,0.0,,
2019/06/10,6.0,6.0,6.0,6.0,0.0,0.0,0.0,0.0,0.0,0.0,0.0,0.0,0.0,,,,,,,0.0,,
2019/06/11,6.0,6.0,6.0,6.0,0.0,0.0,0.0,0.0,0.0,0.0,0.0,0.0,0.0,,,,,,,0.0,,
2019/06/12,6.0,6.0,6.0,6.0,0.0,0.0,0.0,0.0,0.0,0.0,0.0,0.0,0.0,,,,,,,0.0,,
2019/06/13,6.0,6.0,6.0,6.0,0.0,0.0,0.0,0.0,0.0,0.0,0.0,0.0,0.0,,,,,,,0.0,,
2019/06/14,6.1,6.1,6.1,6.1,0.0,0.0,1.6667,0.0,0.0,0.0,0.0,0.0,0.0,,,,,,,0.0,,
2019/06/17,6.1,6.1,6.1,6.1,0.0,0.0,0.0,0.0,0.0,0.0,0.0,0.0,0.0,,,,,,,0.0,,
2019/06/18,6.1,6.1,6.1,6.1,0.0,0.0,0.0,0.0,0.0,0.0,0.0,0.0,0.0,,,,,,,0.0,,
2019/06/19,6.2,6.2,6.2,6.2,0.0,0.0,1.6393,0.0,0.0,0.0,0.0,0.0,0.0,,,,,,,0.0,,
2019/06/20,6.25,6.25,6.25,6.25,0.0,0.0,0.8065,0.0,0.0,0.0,0.0,0.0,0.0,,,,,,,0.0,,
2019/06/21,5.63,6.4,5.63,6.4,9.0,55.0,2.4,0.03,5.0,0.0,0.0,0.0,0.0,,,,,,,0.0,,
2019/06/24,6.4,6.4,6.4,6.4,0.0,0.0,0.0,0.0,0.0,0.0,0.0,0.0,0.0,,,,,,,0.0,,
2019/06/25,6.4,6.4,6.4,6.4,1.0,6.0,0.0,0.0033,1.0,0.0,0.0,0.0,0.0,,,,,,,0.0,,
2019/06/26,6.4,6.4,6.4,6.4,0.0,0.0,0.0,0.0,0.0,0.0,0.0,0.0,0.0,,,,,,,0.0,,
2019/06/27,6.4,6.4,6.4,6.4,0.0,0.0,0.0,0.0,0.0,0.0,0.0,0.0,0.0,,,,,,,0.0,,
2019/06/28,6.4,6.4,6.4,6.4,0.0,0.0,0.0,0.0,0.0,0.0,0.0,0.0,0.0,,,,,,,0.0,,
2019/07/01,6.5,6.5,6.5,6.5,0.0,0.0,1.5625,0.0,0.0,0.0,0.0,0.0,0.0,,,,,,,,,
2019/07/02,6.5,6.5,6.5,6.5,0.0,0.0,0.0,0.0,0.0,0.0,0.0,0.0,0.0,,,,,,,,,
2019/07/03,6.5,6.5,6.5,6.5,0.0,0.0,0.0,0.0,0.0,0.0,0.0,0.0,0.0,,,,,,,,,
2019/07/04,6.5,6.5,6.5,6.5,0.0,0.0,0.0,0.0,0.0,0.0,0.0,0.0,0.0,,,,,,,,,
2019/07/05,6.5,6.5,6.5,6.5,0.0,0.0,0.0,0.0,0.0,0.0,0.0,0.0,0.0,,,,,,,,,
2019/07/08,6.5,6.5,6.5,6.5,0.0,0.0,0.0,0.0,0.0,0.0,0.0,0.0,0.0,,,,,,,,,
2019/07/09,6.5,6.5,6.5,6.5,0.0,0.0,0.0,0.0,0.0,0.0,0.0,0.0,0.0,,,,,,,,,
2019/07/10,6.5,6.5,6.5,6.5,0.0,0.0,0.0,0.0,0.0,0.0,0.0,0.0,0.0,,,,,,,,,
2019/07/11,6.5,6.5,6.5,6.5,0.0,0.0,0.0,0.0,0.0,0.0,0.0,0.0,0.0,,,,,,,,,
2019/07/12,6.5,6.5,6.5,6.5,0.0,0.0,0.0,0.0,0.0,0.0,0.0,0.0,0.0,,,,,,,,,
2019/07/15,6.5,6.5,6.5,6.5,0.0,0.0,0.0,0.0,0.0,0.0,0.0,0.0,0.0,,,,,,,,,
2019/07/16,6.5,6.5,6.5,6.5,0.0,0.0,0.0,0.0,0.0,0.0,0.0,0.0,0.0,,,,,,,,,
2019/07/17,6.5,6.5,6.5,6.5,0.0,0.0,0.0,0.0,0.0,0.0,0.0,0.0,0.0,,,,,,,,,
2019/07/18,6.5,6.5,6.5,6.5,0.0,0.0,0.0,0.0,0.0,0.0,0.0,0.0,0.0,,,,,,,,,
2019/07/19,6.5,6.5,6.5,6.5,0.0,0.0,0.0,0.0,0.0,0.0,0.0,0.0,0.0,,,,,,,,,
2019/07/22,6.5,6.5,6.5,6.5,0.0,0.0,0.0,0.0,0.0,0.0,0.0,0.0,0.0,,,,,,,,,
2019/07/23,6.5,6.5,6.5,6.5,0.0,0.0,0.0,0.0,0.0,0.0,0.0,0.0,0.0,,,,,,,,,
2019/07/24,6.5,6.5,6.5,6.5,0.0,0.0,0.0,0.0,0.0,0.0,0.0,0.0,0.0,,,,,,,,,
2019/07/25,5.86,5.86,5.86,5.86,1.0,5.0,-9.8462,0.0033,1.0,0.0,0.0,0.0,0.0,,,,,,,,,
2019/07/26,5.86,5.86,5.86,5.86,0.0,0.0,0.0,0.0,0.0,0.0,0.0,0.0,0.0,,,,,,,,,
2019/07/29,5.86,5.86,5.86,5.86,0.0,0.0,0.0,0.0,0.0,0.0,0.0,0.0,0.0,,,,,,,,,
2019/07/30,5.82,6.39,5.82,6.39,2.0,12.0,9.0444,0.0067,2.0,0.0,0.0,0.0,0.0,,,,,,,,,
2019/07/31,6.39,6.39,6.39,6.39,0.0,0.0,0.0,0.0,0.0,0.0,0.0,0.0,0.0,,,,,,,,,
2019/08/01,6.39,6.39,6.39,6.39,0.0,0.0,0.0,0.0,0.0,0.0,0.0,0.0,0.0,,,,,,,,,
2019/08/02,6.39,6.39,6.39,6.39,0.0,0.0,0.0,0.0,0.0,0.0,0.0,0.0,0.0,,,,,,,,,
2019/08/05,6.39,6.39,6.39,6.39,0.0,0.0,0.0,0.0,0.0,0.0,0.0,0.0,0.0,,,,,,,,,
2019/08/06,6.39,6.39,6.39,6.39,0.0,0.0,0.0,0.0,0.0,0.0,0.0,0.0,0.0,,,,,,,,,
2019/08/07,6.39,6.39,6.39,6.39,0.0,0.0,0.0,0.0,0.0,0.0,0.0,0.0,0.0,,,,,,,,,
2019/08/08,6.39,6.39,6.39,6.39,0.0,0.0,0.0,0.0,0.0,0.0,0.0,0.0,0.0,,,,,,,,,
2019/08/12,6.39,6.39,6.39,6.39,0.0,0.0,0.0,0.0,0.0,0.0,0.0,0.0,0.0,,,,,,,,,
2019/08/13,6.39,6.39,6.39,6.39,0.0,0.0,0.0,0.0,0.0,0.0,0.0,0.0,0.0,,,,,,,,,
2019/08/14,6.39,6.39,6.39,6.39,0.0,0.0,0.0,0.0,0.0,0.0,0.0,0.0,0.0,,,,,,,,,
2019/08/15,6.39,6.39,6.39,6.39,0.0,0.0,0.0,0.0,0.0,0.0,0.0,0.0,0.0,,,,,,,,,
2019/08/16,6.38,6.38,6.38,6.38,0.0,0.0,-0.1565,0.0,0.0,0.0,0.0,0.0,0.0,,,,,,,,,
2019/08/19,6.38,6.38,6.38,6.38,0.0,0.0,0.0,0.0,0.0,0.0,0.0,0.0,0.0,,,,,,,,,
2019/08/20,6.38,6.38,6.38,6.38,0.0,0.0,0.0,0.0,0.0,0.0,0.0,0.0,0.0,,,,,,,,,
2019/08/21,6.38,6.38,6.38,6.38,0.0,0.0,0.0,0.0,0.0,0.0,0.0,0.0,0.0,,,,,,,,,
2019/08/22,6.38,6.38,6.38,6.38,0.0,0.0,0.0,0.0,0.0,0.0,0.0,0.0,0.0,,,,,,,,,
2019/08/23,6.38,6.38,6.38,6.38,0.0,0.0,0.0,0.0,0.0,0.0,0.0,0.0,0.0,,,,,,,,,
2019/08/26,6.38,6.38,6.38,6.38,0.0,0.0,0.0,0.0,0.0,0.0,0.0,0.0,0.0,,,,,,,,,
2019/08/27,6.38,6.38,6.38,6.38,0.0,0.0,0.0,0.0,0.0,0.0,0.0,0.0,0.0,,,,,,,,,
2019/08/28,6.38,6.38,6.38,6.38,0.0,0.0,0.0,0.0,0.0,0.0,0.0,0.0,0.0,,,,,,,,,
2019/08/29,6.38,6.38,6.38,6.38,0.0,0.0,0.0,0.0,0.0,0.0,0.0,0.0,0.0,,,,,,,,,
2019/08/30,6.38,6.38,6.38,6.38,0.0,0.0,0.0,0.0,0.0,0.0,0.0,0.0,0.0,,,,,,,,,
2019/09/02,6.38,6.38,6.38,6.38,0.0,0.0,0.0,0.0,0.0,0.0,0.0,0.0,0.0,,,,,,,,,
2019/09/03,6.38,6.38,6.38,6.38,0.0,0.0,0.0,0.0,0.0,0.0,0.0,0.0,0.0,,,,,,,,,
2019/09/04,6.38,6.38,6.38,6.38,0.0,0.0,0.0,0.0,0.0,0.0,0.0,0.0,0.0,,,,,,,,,
2019/09/05,6.38,6.38,6.38,6.38,0.0,0.0,0.0,0.0,0.0,0.0,0.0,0.0,0.0,,,,,,,,,
2019/09/06,6.38,6.38,6.38,6.38,0.0,0.0,0.0,0.0,0.0,0.0,0.0,0.0,0.0,,,,,,,,,
2019/09/09,6.38,6.38,6.38,6.38,0.0,0.0,0.0,0.0,0.0,0.0,0.0,0.0,0.0,,,,,,,,,
2019/09/10,6.38,6.38,6.38,6.38,0.0,0.0,0.0,0.0,0.0,0.0,0.0,0.0,0.0,,,,,,,,,
2019/09/11,6.38,6.38,6.38,6.38,0.0,0.0,0.0,0.0,0.0,0.0,0.0,0.0,0.0,,,,,,,,,
2019/09/12,6.38,6.38,6.38,6.38,0.0,0.0,0.0,0.0,0.0,0.0,0.0,0.0,0.0,,,,,,,,,
2019/09/16,6.38,6.38,6.38,6.38,0.0,0.0,0.0,0.0,0.0,0.0,0.0,0.0,0.0,,,,,,,,,
2019/09/17,6.38,6.38,6.38,6.38,5.0,31.0,0.0,0.0167,2.0,0.0,0.0,0.0,0.0,,,,,,,,,
2019/09/18,6.2,6.4,6.2,6.4,3.0,19.0,0.3135,0.01,3.0,0.0,0.0,0.0,0.0,,,,,,,,,
2019/09/19,6.4,6.4,6.4,6.4,3.0,19.0,0.0,0.01,1.0,0.0,0.0,0.0,0.0,,,,,,,,,
2019/09/20,6.4,6.4,6.4,6.4,0.0,0.0,0.0,0.0,0.0,0.0,0.0,0.0,0.0,,,,,,,,,
2019/09/23,6.05,6.05,6.05,6.05,1.0,6.0,-5.4688,0.0033,1.0,0.0,0.0,0.0,0.0,,,,,,,,,
2019/09/24,6.05,6.05,6.05,6.05,0.0,0.0,0.0,0.0,0.0,0.0,0.0,0.0,0.0,,,,,,,,,
2019/09/25,6.05,6.05,6.05,6.05,0.0,0.0,0.0,0.0,0.0,0.0,0.0,0.0,0.0,,,,,,,,,
2019/09/26,6.05,6.05,6.05,6.05,0.0,0.0,0.0,0.0,0.0,0.0,0.0,0.0,0.0,,,,,,,,,
2019/09/27,6.05,6.05,6.05,6.05,0.0,0.0,0.0,0.0,0.0,0.0,0.0,0.0,0.0,,,,,,,,,
2019/10/01,6.05,6.05,6.05,6.05,0.0,0.0,0.0,0.0,0.0,0.0,0.0,0.0,0.0,,,,,,,,,
2019/10/02,6.05,6.05,6.05,6.05,0.0,0.0,0.0,0.0,0.0,0.0,0.0,0.0,0.0,,,,,,,,,
2019/10/03,6.05,6.05,6.05,6.05,0.0,0.0,0.0,0.0,0.0,0.0,0.0,0.0,0.0,,,,,,,,,
2019/10/04,6.05,6.05,6.05,6.05,0.0,0.0,0.0,0.0,0.0,0.0,0.0,0.0,0.0,,,,,,,,,
2019/10/07,6.05,6.05,6.05,6.05,0.0,0.0,0.0,0.0,0.0,0.0,0.0,0.0,0.0,,,,,,,,,
2019/10/08,6.05,6.05,6.05,6.05,0.0,0.0,0.0,0.0,0.0,0.0,0.0,0.0,0.0,,,,,,,,,
2019/10/09,6.05,6.05,6.05,6.05,0.0,0.0,0.0,0.0,0.0,0.0,0.0,0.0,0.0,,,,,,,,,
2019/10/14,6.05,6.05,6.05,6.05,0.0,0.0,0.0,0.0,0.0,0.0,0.0,0.0,0.0,,,,,,,,,
2019/10/15,6.05,6.05,6.05,6.05,0.0,0.0,0.0,0.0,0.0,0.0,0.0,0.0,0.0,,,,,,,,,
2019/10/16,6.05,6.05,6.05,6.05,0.0,0.0,0.0,0.0,0.0,0.0,0.0,0.0,0.0,,,,,,,,,
2019/10/17,6.05,6.05,6.05,6.05,0.0,0.0,0.0,0.0,0.0,0.0,0.0,0.0,0.0,,,,,,,,,
2019/10/18,6.05,6.05,6.05,6.05,0.0,0.0,0.0,0.0,0.0,0.0,0.0,0.0,0.0,,,,,,,,,
2019/10/21,6.05,6.05,6.05,6.05,0.0,0.0,0.0,0.0,0.0,0.0,0.0,0.0,0.0,,,,,,,,,
2019/10/22,6.05,6.05,6.05,6.05,0.0,0.0,0.0,0.0,0.0,0.0,0.0,0.0,0.0,,,,,,,,,
2019/10/23,6.05,6.05,6.05,6.05,0.0,0.0,0.0,0.0,0.0,0.0,0.0,0.0,0.0,,,,,,,,,
2019/10/24,6.05,6.05,6.05,6.05,1.0,6.0,0.0,0.0033,1.0,0.0,0.0,0.0,0.0,,,,,,,,,
2019/10/25,5.84,5.84,5.84,5.84,1.0,5.0,-3.4711,0.0033,1.0,0.0,0.0,0.0,0.0,,,,,,,,,
2019/10/28,5.84,5.84,5.84,5.84,0.0,0.0,0.0,0.0,0.0,0.0,0.0,0.0,0.0,,,,,,,,,
2019/10/29,6.0,6.0,6.0,6.0,0.0,0.0,2.7397,0.0,0.0,0.0,0.0,0.0,0.0,,,,,,,,,
2019/10/30,6.0,6.0,6.0,6.0,0.0,0.0,0.0,0.0,0.0,0.0,0.0,0.0,0.0,,,,,,,,,
2019/10/31,6.0,6.0,6.0,6.0,0.0,0.0,0.0,0.0,0.0,0.0,0.0,0.0,0.0,,,,,,,,,
2019/11/01,6.0,6.0,6.0,6.0,0.0,0.0,0.0,0.0,0.0,0.0,0.0,0.0,0.0,,,,,,,,,
2019/11/04,6.0,6.0,6.0,6.0,0.0,0.0,0.0,0.0,0.0,0.0,0.0,0.0,0.0,,,,,,,,,
2019/11/05,6.02,6.02,6.02,6.02,1.0,6.0,0.3333,0.0033,1.0,0.0,0.0,0.0,0.0,,,,,,,,,
2019/11/06,6.02,6.02,6.02,6.02,0.0,0.0,0.0,0.0,0.0,0.0,0.0,0.0,0.0,,,,,,,,,
2019/11/07,6.02,6.02,6.02,6.02,0.0,0.0,0.0,0.0,0.0,0.0,0.0,0.0,0.0,,,,,,,,,
2019/11/08,6.02,6.02,6.02,6.02,0.0,0.0,0.0,0.0,0.0,0.0,0.0,0.0,0.0,,,,,,,,,
2019/11/11,6.02,6.02,6.02,6.02,0.0,0.0,0.0,0.0,0.0,0.0,0.0,0.0,0.0,,,,,,,,,
2019/11/12,5.86,5.86,5.86,5.86,1.0,5.0,-2.6578,0.0033,1.0,0.0,0.0,0.0,0.0,,,,,,,,,
2019/11/13,6.2,6.2,6.2,6.2,1.0,6.0,5.802,0.0033,1.0,0.0,0.0,0.0,0.0,,,,,,,,,
2019/11/14,6.43,6.43,6.2,6.2,2.0,12.0,0.0,0.0067,2.0,0.0,0.0,0.0,0.0,,,,,,,,,
2019/11/15,6.2,6.2,6.2,6.2,1.0,6.0,0.0,0.0033,1.0,0.0,0.0,0.0,0.0,,,,,,,,,
2019/11/18,6.2,6.2,6.2,6.2,0.0,0.0,0.0,0.0,0.0,0.0,0.0,0.0,0.0,,,,,,,,,
2019/11/19,6.5,6.5,6.5,6.5,1.0,6.0,4.8387,0.0033,1.0,0.0,0.0,0.0,0.0,,,,,,,,,
2019/11/20,7.01,7.15,6.8,7.15,27.0,188.0,10.0,0.09,13.0,0.0,0.0,0.0,0.0,,,,,,,,,
2019/11/21,7.61,7.61,7.61,7.61,4.0,30.0,6.4336,0.0133,6.0,0.0,0.0,0.0,0.0,,,,,,,,,
2019/11/22,8.37,8.37,8.37,8.37,2.0,16.0,9.9869,0.0067,2.0,0.0,0.0,-1.0,-1.0,,,,,,,,,
2019/11/25,9.0,9.2,9.0,9.2,5.0,45.0,9.9164,0.0167,6.0,0.0,0.0,-1.0,-1.0,,,,,,,,,
2019/11/26,10.1,10.1,10.1,10.1,5.0,50.0,9.7826,0.0167,6.0,0.0,0.0,-1.0,-1.0,,,,,,,,,
2019/11/27,11.1,11.1,11.1,11.1,6.0,67.0,9.901,0.02,5.0,0.0,0.0,-6.0,-6.0,,,,,,,,,
2019/11/28,12.2,12.2,12.2,12.2,22.0,268.0,9.9099,0.0733,15.0,0.0,0.0,-6.0,-6.0,,,,,,,,,
2019/11/29,12.2,12.2,12.2,12.2,2.0,24.0,0.0,0.0067,3.0,0.0,0.0,0.0,0.0,,,,,,,,,
2019/12/02,12.2,12.2,12.2,12.2,0.0,0.0,0.0,0.0,0.0,0.0,0.0,0.0,0.0,,,,,,,,,
2019/12/03,12.2,12.2,12.2,12.2,0.0,0.0,0.0,0.0,0.0,0.0,0.0,0.0,0.0,,,,,,,,,
2019/12/04,12.0,12.0,12.0,12.0,0.0,0.0,-1.6393,0.0,0.0,0.0,0.0,0.0,0.0,,,,,,,,,
2019/12/05,12.0,12.0,12.0,12.0,0.0,0.0,0.0,0.0,0.0,0.0,0.0,0.0,0.0,,,,,,,,,
2019/12/06,12.0,12.0,12.0,12.0,0.0,0.0,0.0,0.0,0.0,0.0,0.0,0.0,0.0,,,,,,,,,
2019/12/09,11.8,11.8,11.8,11.8,0.0,0.0,-1.6667,0.0,0.0,0.0,0.0,0.0,0.0,,,,,,,,,
2019/12/10,12.9,12.9,12.9,12.9,1.0,12.0,9.322,0.0033,1.0,0.0,0.0,0.0,0.0,,,,,,,,,
2019/12/11,12.9,12.9,12.9,12.9,0.0,0.0,0.0,0.0,0.0,0.0,0.0,0.0,0.0,,,,,,,,,
2019/12/12,12.8,12.8,12.8,12.8,0.0,0.0,-0.7752,0.0,0.0,0.0,0.0,0.0,0.0,,,,,,,,,
2019/12/13,12.8,12.8,12.8,12.8,0.0,0.0,0.0,0.0,0.0,0.0,0.0,0.0,0.0,,,,,,,,,
2019/12/16,12.8,12.8,12.8,12.8,0.0,0.0,0.0,0.0,0.0,0.0,0.0,0.0,0.0,,,,,,,,,
2019/12/17,12.8,12.8,12.8,12.8,0.0,0.0,0.0,0.0,0.0,0.0,0.0,0.0,0.0,,,,,,,,,
2019/12/18,12.75,12.75,12.75,12.75,0.0,0.0,-0.3906,0.0,0.0,0.0,0.0,0.0,0.0,,,,,,,,,
2019/12/19,12.7,12.7,12.7,12.7,0.0,0.0,-0.3922,0.0,0.0,0.0,0.0,0.0,0.0,,,,,,,,,
2019/12/20,12.5,12.5,12.5,12.5,0.0,0.0,-1.5748,0.0,0.0,0.0,0.0,0.0,0.0,,,,,,,,,
2019/12/23,12.4,12.4,12.4,12.4,0.0,0.0,-0.8,0.0,0.0,0.0,0.0,0.0,0.0,,,,,,,,,
2019/12/24,12.4,12.4,12.4,12.4,0.0,0.0,0.0,0.0,0.0,0.0,0.0,0.0,0.0,,,,,,,,,
2019/12/25,12.4,12.4,12.4,12.4,0.0,0.0,0.0,0.0,0.0,0.0,0.0,0.0,0.0,,,,,,,,,
2019/12/26,12.35,12.35,12.35,12.35,0.0,0.0,-0.4032,0.0,0.0,0.0,0.0,0.0,0.0,,,,,,,,,
2019/12/27,10.85,10.85,10.85,10.85,1.0,10.0,-12.1457,0.0033,1.0,0.0,0.0,0.0,0.0,,,,,,,,,
2019/12/30,10.85,10.85,10.85,10.85,0.0,0.0,0.0,0.0,0.0,0.0,0.0,0.0,0.0,,,,,,,,,
2019/12/31,10.85,10.85,10.85,10.85,0.0,0.0,0.0,0.0,0.0,0.0,0.0,0.0,0.0,,,,,,,,,
2020/01/02,10.85,10.85,10.85,10.85,0.0,0.0,0.0,0.0,0.0,0.0,0.0,0.0,0.0,,,,,,,,,
2020/01/03,9.77,9.77,9.77,9.77,1.0,9.0,-9.9539,0.0033,1.0,0.0,0.0,0.0,0.0,,,,,,,,,
2020/01/06,9.77,9.77,9.77,9.77,0.0,0.0,0.0,0.0,0.0,0.0,0.0,0.0,0.0,,,,,,,,,
2020/01/07,8.89,8.89,8.82,8.82,5.0,44.0,-9.7236,0.0167,4.0,0.0,0.0,0.0,0.0,,,,,,,,,
2020/01/08,8.82,8.82,8.82,8.82,0.0,0.0,0.0,0.0,0.0,0.0,0.0,0.0,0.0,,,,,,,,,
2020/01/09,8.98,8.98,8.98,8.98,5.0,44.0,1.8141,0.0167,1.0,-5.0,0.0,0.0,-5.0,,,,,,,,,
2020/01/10,8.6,8.6,8.6,8.6,1.0,8.0,-4.2316,0.0033,1.0,0.0,0.0,0.0,0.0,,,,,,,,,
2020/01/13,8.6,8.6,8.6,8.6,0.0,0.0,0.0,0.0,0.0,0.0,0.0,0.0,0.0,,,,,,,,,
2020/01/14,8.95,8.95,8.95,8.95,14.0,125.0,4.0698,0.0467,3.0,-14.0,0.0,0.0,-14.0,,,,,,,,,
2020/01/15,8.95,8.95,8.95,8.95,0.0,0.0,0.0,0.0,0.0,0.0,0.0,0.0,0.0,,,,,,,,,
2020/01/16,8.9,8.9,8.9,8.9,3.0,26.0,-0.5587,0.01,1.0,0.0,0.0,0.0,0.0,,,,,,,,,
2020/01/17,8.9,8.9,8.9,8.9,0.0,0.0,0.0,0.0,0.0,0.0,0.0,0.0,0.0,,,,,,,,,
2020/01/20,8.9,8.9,8.9,8.9,0.0,0.0,0.0,0.0,0.0,0.0,0.0,0.0,0.0,,,,,,,,,
2020/01/30,8.9,8.9,8.9,8.9,0.0,0.0,0.0,0.0,0.0,0.0,0.0,0.0,0.0,,,,,,,,,
2020/01/31,8.9,8.9,8.9,8.9,1.0,8.0,0.0,0.0033,1.0,0.0,0.0,0.0,0.0,,,,,,,,,
2020/02/03,8.9,8.9,8.9,8.9,0.0,0.0,0.0,0.0,0.0,0.0,0.0,0.0,0.0,,,,,,,,,
2020/02/04,8.9,8.9,8.9,8.9,0.0,0.0,0.0,0.0,0.0,0.0,0.0,0.0,0.0,,,,,,,,,
2020/02/05,8.9,8.9,8.9,8.9,0.0,0.0,0.0,0.0,0.0,0.0,0.0,0.0,0.0,,,,,,,,,
2020/02/06,8.9,8.9,8.9,8.9,1.0,8.0,0.0,0.0033,1.0,0.0,0.0,0.0,0.0,,,,,,,,,
2020/02/07,8.9,8.9,8.9,8.9,0.0,0.0,0.0,0.0,0.0,0.0,0.0,0.0,0.0,,,,,,,,,
2020/02/10,8.9,8.9,8.9,8.9,0.0,0.0,0.0,0.0,0.0,0.0,0.0,0.0,0.0,,,,,,,,,
2020/02/11,8.9,8.9,8.9,8.9,0.0,0.0,0.0,0.0,0.0,0.0,0.0,0.0,0.0,,,,,,,,,
2020/02/12,8.9,8.9,8.9,8.9,0.0,0.0,0.0,0.0,0.0,0.0,0.0,0.0,0.0,,,,,,,,,
2020/02/13,8.9,8.9,8.9,8.9,0.0,0.0,0.0,0.0,0.0,0.0,0.0,0.0,0.0,,,,,,,,,
2020/02/14,9.79,9.79,9.79,9.79,1.0,9.0,10.0,0.0033,1.0,0.0,0.0,0.0,0.0,,,,,,,,,
2020/02/17,10.0,10.0,10.0,10.0,1.0,10.0,2.145,0.0033,1.0,0.0,0.0,0.0,0.0,,,,,,,,,
2020/02/18,10.0,10.0,10.0,10.0,0.0,0.0,0.0,0.0,0.0,0.0,0.0,0.0,0.0,,,,,,,,,
2020/02/19,10.0,10.0,10.0,10.0,0.0,0.0,0.0,0.0,0.0,0.0,0.0,0.0,0.0,,,,,,,,,
2020/02/20,10.95,10.95,10.95,10.95,1.0,10.0,9.5,0.0033,1.0,0.0,0.0,0.0,0.0,,,,,,,,,
2020/02/21,10.95,10.95,10.95,10.95,0.0,0.0,0.0,0.0,0.0,0.0,0.0,0.0,0.0,,,,,,,,,
2020/02/24,10.95,10.95,10.95,10.95,0.0,0.0,0.0,0.0,0.0,0.0,0.0,0.0,0.0,,,,,,,,,
2020/02/25,10.95,10.95,10.95,10.95,0.0,0.0,0.0,0.0,0.0,0.0,0.0,0.0,0.0,,,,,,,,,
2020/02/26,12.0,12.0,12.0,12.0,1.0,12.0,9.589,0.0033,1.0,0.0,0.0,0.0,0.0,,,,,,,,,
2020/02/27,12.0,12.0,12.0,12.0,1.0,12.0,0.0,0.0033,1.0,0.0,0.0,0.0,0.0,,,,,,,,,
2020/03/02,12.0,12.0,12.0,12.0,0.0,0.0,0.0,0.0,0.0,0.0,0.0,0.0,0.0,,,,,,,,,
2020/03/03,11.5,11.5,11.5,11.5,0.0,0.0,-4.1667,0.0,0.0,0.0,0.0,0.0,0.0,,,,,,,,,
2020/03/04,11.2,11.2,11.2,11.2,0.0,0.0,-2.6087,0.0,0.0,0.0,0.0,0.0,0.0,,,,,,,,,
2020/03/05,11.2,11.2,11.2,11.2,0.0,0.0,0.0,0.0,0.0,0.0,0.0,0.0,0.0,,,,,,,,,
2020/03/06,11.2,11.2,11.2,11.2,0.0,0.0,0.0,0.0,0.0,0.0,0.0,0.0,0.0,,,,,,,,,
2020/03/09,11.2,11.2,11.2,11.2,0.0,0.0,0.0,0.0,0.0,0.0,0.0,0.0,0.0,,,,,,,,,
2020/03/10,10.1,10.1,10.1,10.1,4.0,40.0,-9.8214,0.0133,3.0,0.0,0.0,-4.0,-4.0,,,,,,,,,
2020/03/11,10.1,10.1,10.1,10.1,0.0,0.0,0.0,0.0,0.0,0.0,0.0,0.0,0.0,,,,,,,,,
2020/03/12,11.1,11.1,11.1,11.1,1.0,11.0,9.901,0.0033,1.0,0.0,0.0,0.0,0.0,,,,,,,,,
2020/03/13,11.1,11.1,11.1,11.1,0.0,0.0,0.0,0.0,0.0,0.0,0.0,0.0,0.0,,,,,,,,,
2020/03/16,10.9,10.9,10.9,10.9,1.0,10.0,-1.8018,0.0033,1.0,0.0,0.0,0.0,0.0,,,,,,,,,
2020/03/17,11.95,11.95,11.95,11.95,1.0,11.0,9.633,0.0033,1.0,0.0,0.0,0.0,0.0,,,,,,,,,
2020/03/18,11.95,11.95,11.95,11.95,0.0,0.0,0.0,0.0,0.0,0.0,0.0,0.0,0.0,,,,,,,,,
2020/03/19,11.0,11.0,11.0,11.0,0.0,0.0,-7.9498,0.0,0.0,0.0,0.0,0.0,0.0,,,,,,,,,
2020/03/20,11.95,11.95,11.95,11.95,1.0,11.0,8.6364,0.0033,1.0,0.0,0.0,0.0,0.0,,,,,,,,,
2020/03/23,11.95,11.95,11.95,11.95,1.0,11.0,0.0,0.0033,1.0,0.0,0.0,0.0,0.0,,,,,,,,,
2020/03/24,11.95,11.95,11.95,11.95,0.0,0.0,0.0,0.0,0.0,0.0,0.0,0.0,0.0,,,,,,,,,
2020/03/25,11.2,11.2,11.2,11.2,0.0,0.0,-6.2762,0.0,0.0,0.0,0.0,0.0,0.0,,,,,,,,,
2020/03/26,10.15,10.15,10.15,10.15,1.0,10.0,-9.375,0.0033,1.0,0.0,0.0,0.0,0.0,,,,,,,,,
2020/03/27,10.15,10.15,10.15,10.15,1.0,10.0,0.0,0.0033,1.0,0.0,0.0,0.0,0.0,,,,,,,,,
2020/03/30,10.15,10.15,10.15,10.15,0.0,0.0,0.0,0.0,0.0,0.0,0.0,0.0,0.0,,,,,,,,,
2020/03/31,10.15,10.15,10.15,10.15,0.0,0.0,0.0,0.0,0.0,0.0,0.0,0.0,0.0,,,,,,,,,
2020/04/01,10.15,10.15,10.15,10.15,0.0,0.0,0.0,0.0,0.0,0.0,0.0,0.0,0.0,,,,,,,,,
2020/04/06,10.15,10.15,10.15,10.15,0.0,0.0,0.0,0.0,0.0,0.0,0.0,0.0,0.0,,,,,,,,,
2020/04/07,10.15,10.15,10.15,10.15,0.0,0.0,0.0,0.0,0.0,0.0,0.0,0.0,0.0,,,,,,,,,
2020/04/08,10.15,10.15,10.15,10.15,0.0,0.0,0.0,0.0,0.0,0.0,0.0,0.0,0.0,,,,,,,,,
2020/04/09,10.15,10.15,10.15,10.15,0.0,0.0,0.0,0.0,0.0,0.0,0.0,0.0,0.0,,,,,,,,,
2020/04/10,10.15,10.15,10.15,10.15,0.0,0.0,0.0,0.0,0.0,0.0,0.0,0.0,0.0,,,,,,,,,
2020/04/13,10.15,10.15,10.15,10.15,0.0,0.0,0.0,0.0,0.0,0.0,0.0,0.0,0.0,,,,,,,,,
2020/04/14,10.15,10.15,10.15,10.15,0.0,0.0,0.0,0.0,0.0,0.0,0.0,0.0,0.0,,,,,,,,,
2020/04/15,10.15,10.15,10.15,10.15,0.0,0.0,0.0,0.0,0.0,0.0,0.0,0.0,0.0,,,,,,,,,
2020/04/16,10.15,10.15,10.15,10.15,4.0,40.0,0.0,0.0133,2.0,0.0,0.0,0.0,0.0,,,,,,,,,
2020/04/17,10.15,11.15,10.15,11.15,2.0,21.0,9.8522,0.0067,2.0,0.0,0.0,-1.0,-1.0,,,,,,,,,
2020/04/20,11.15,11.15,11.15,11.15,0.0,0.0,0.0,0.0,0.0,0.0,0.0,0.0,0.0,,,,,,,,,
2020/04/21,11.15,11.15,11.15,11.15,0.0,0.0,0.0,0.0,0.0,0.0,0.0,0.0,0.0,,,,,,,,,
2020/04/22,11.0,11.0,11.0,11.0,0.0,0.0,-1.3453,0.0,0.0,0.0,0.0,0.0,0.0,,,,,,,,,
2020/04/23,11.0,11.0,11.0,11.0,0.0,0.0,0.0,0.0,0.0,0.0,0.0,0.0,0.0,,,,,,,,,
2020/04/24,11.0,11.0,11.0,11.0,0.0,0.0,0.0,0.0,0.0,0.0,0.0,0.0,0.0,,,,,,,,,
2020/04/27,10.3,10.95,10.3,10.95,3.0,31.0,-0.4545,0.01,3.0,0.0,0.0,-2.0,-2.0,,,,,,,,,
2020/04/28,10.95,10.95,10.95,10.95,0.0,0.0,0.0,0.0,0.0,0.0,0.0,0.0,0.0,,,,,,,,,
2020/04/29,10.95,10.95,10.95,10.95,0.0,0.0,0.0,0.0,0.0,0.0,0.0,0.0,0.0,,,,,,,,,
2020/04/30,10.95,10.95,10.95,10.95,0.0,0.0,0.0,0.0,0.0,0.0,0.0,0.0,0.0,,,,,,,,,
2020/05/04,10.95,10.95,10.95,10.95,0.0,0.0,0.0,0.0,0.0,0.0,0.0,0.0,0.0,,,,,,,,,
2020/05/05,10.95,10.95,10.95,10.95,0.0,0.0,0.0,0.0,0.0,0.0,0.0,0.0,0.0,,,,,,,,,
2020/05/06,10.95,10.95,10.95,10.95,0.0,0.0,0.0,0.0,0.0,0.0,0.0,0.0,0.0,,,,,,,,,
2020/05/07,10.95,10.95,10.95,10.95,0.0,0.0,0.0,0.0,0.0,0.0,0.0,0.0,0.0,,,,,,,,,
2020/05/08,11.4,11.4,11.4,11.4,1.0,11.0,4.1096,0.0033,1.0,0.0,0.0,-1.0,-1.0,,,,,,,,,
2020/05/11,11.4,11.4,11.4,11.4,0.0,0.0,0.0,0.0,0.0,0.0,0.0,0.0,0.0,,,,,,,,,
2020/05/12,11.0,11.0,11.0,11.0,0.0,0.0,-3.5088,0.0,0.0,0.0,0.0,0.0,0.0,,,,,,,,,
2020/05/13,9.5,9.5,9.5,9.5,2.0,19.0,-13.6364,0.0067,2.0,0.0,0.0,0.0,0.0,,,,,,,,,
2020/05/14,10.45,10.45,10.45,10.45,1.0,10.0,10.0,0.0033,1.0,0.0,0.0,0.0,0.0,,,,,,,,,
2020/05/15,10.45,10.45,10.45,10.45,0.0,0.0,0.0,0.0,0.0,0.0,0.0,0.0,0.0,,,,,,,,,
2020/05/18,9.8,9.8,9.8,9.8,2.0,19.0,-6.2201,0.0067,2.0,0.0,0.0,0.0,0.0,,,,,,,,,
2020/05/19,9.8,9.8,9.8,9.8,0.0,0.0,0.0,0.0,0.0,0.0,0.0,0.0,0.0,,,,,,,,,
2020/05/20,9.8,9.8,9.8,9.8,0.0,0.0,0.0,0.0,0.0,0.0,0.0,0.0,0.0,,,,,,,,,
2020/05/21,10.65,10.65,10.65,10.65,1.0,10.0,8.6735,0.0033,1.0,0.0,0.0,0.0,0.0,,,,,,,,,
2020/05/22,10.65,10.65,10.65,10.65,0.0,0.0,0.0,0.0,0.0,0.0,0.0,0.0,0.0,,,,,,,,,
2020/05/25,10.5,10.5,10.5,10.5,0.0,0.0,-1.4085,0.0,0.0,0.0,0.0,0.0,0.0,,,,,,,,,
2020/05/26,10.5,10.5,10.5,10.5,0.0,0.0,0.0,0.0,0.0,0.0,0.0,0.0,0.0,,,,,,,,,
2020/05/27,10.5,10.5,10.5,10.5,0.0,0.0,0.0,0.0,0.0,0.0,0.0,0.0,0.0,,,,,,,,,
2020/05/28,10.5,10.5,10.5,10.5,0.0,0.0,0.0,0.0,0.0,0.0,0.0,0.0,0.0,,,,,,,,,
2020/05/29,10.5,10.5,10.5,10.5,0.0,0.0,0.0,0.0,0.0,0.0,0.0,0.0,0.0,,,,,,,,,
2020/06/01,10.5,10.5,10.5,10.5,0.0,0.0,0.0,0.0,0.0,0.0,0.0,0.0,0.0,,,,,,,,,
2020/06/02,9.9,10.45,9.9,10.45,6.0,59.0,-0.4762,0.02,2.0,0.0,0.0,-5.0,-5.0,,,,,,,,,
2020/06/03,10.9,10.9,10.9,10.9,1.0,10.0,4.3062,0.0033,1.0,0.0,0.0,0.0,0.0,,,,,,,,,
2020/06/04,10.0,10.0,10.0,10.0,3.0,30.0,-8.2569,0.01,3.0,0.0,0.0,-2.0,-2.0,,,,,,,,,
2020/06/05,10.0,10.65,10.0,10.0,23.0,231.0,0.0,0.0767,19.0,0.0,0.0,-20.0,-20.0,,,,,,,,,
2020/06/08,10.0,10.0,10.0,10.0,6.0,60.0,0.0,0.02,2.0,0.0,0.0,-5.0,-5.0,,,,,,,,,
2020/06/09,10.0,10.2,10.0,10.0,7.0,70.0,0.0,0.0233,3.0,0.0,0.0,-5.0,-5.0,,,,,,,,,
2020/06/10,10.0,11.0,9.66,11.0,1021.0,11221.0,10.0,3.4033,24.0,0.0,0.0,-1010.0,-1010.0,,,,,,,,,
2020/06/11,11.0,11.0,11.0,11.0,5.0,55.0,0.0,0.0167,3.0,0.0,0.0,-4.0,-4.0,,,,,,,,,
2020/06/12,11.0,11.0,11.0,11.0,1.0,11.0,0.0,0.0033,1.0,0.0,0.0,-1.0,-1.0,,,,,,,,,
2020/06/15,11.0,11.0,11.0,11.0,0.0,0.0,0.0,0.0,0.0,0.0,0.0,0.0,0.0,,,,,,,,,
2020/06/16,11.0,11.0,11.0,11.0,0.0,0.0,0.0,0.0,0.0,0.0,0.0,0.0,0.0,,,,,,,,,
2020/06/17,11.0,11.0,11.0,11.0,0.0,0.0,0.0,0.0,0.0,0.0,0.0,0.0,0.0,,,,,,,,,
2020/06/18,11.2,11.2,11.2,11.2,1.0,11.0,1.8182,0.0033,1.0,0.0,0.0,0.0,0.0,,,,,,,,,
2020/06/19,11.2,11.2,11.2,11.2,0.0,0.0,0.0,0.0,0.0,0.0,0.0,0.0,0.0,,,,,,,,,
2020/06/22,11.2,11.2,11.2,11.2,0.0,0.0,0.0,0.0,0.0,0.0,0.0,0.0,0.0,,,,,,,,,
2020/06/23,11.2,11.2,11.2,11.2,0.0,0.0,0.0,0.0,0.0,0.0,0.0,0.0,0.0,,,,,,,,,
2020/06/24,11.2,11.2,11.2,11.2,0.0,0.0,0.0,0.0,0.0,0.0,0.0,0.0,0.0,,,,,,,,,
2020/06/29,11.2,11.2,11.2,11.2,0.0,0.0,0.0,0.0,0.0,0.0,0.0,0.0,0.0,,,,,,,,,
2020/06/30,11.2,11.2,11.2,11.2,0.0,0.0,0.0,0.0,0.0,0.0,0.0,0.0,0.0,,,,,,,,,
2020/07/01,11.0,11.0,11.0,11.0,0.0,0.0,-1.7857,0.0,0.0,0.0,0.0,0.0,0.0,,,,,,,,,
2020/07/02,11.0,11.0,11.0,11.0,0.0,0.0,0.0,0.0,0.0,0.0,0.0,0.0,0.0,,,,,,,,,
2020/07/03,11.0,11.0,11.0,11.0,0.0,0.0,0.0,0.0,0.0,0.0,0.0,0.0,0.0,,,,,,,,,
2020/07/06,11.0,11.0,11.0,11.0,0.0,0.0,0.0,0.0,0.0,0.0,0.0,0.0,0.0,,,,,,,,,
2020/07/07,11.0,11.0,11.0,11.0,0.0,0.0,0.0,0.0,0.0,0.0,0.0,0.0,0.0,,,,,,,,,
2020/07/08,11.0,11.0,11.0,11.0,0.0,0.0,0.0,0.0,0.0,0.0,0.0,0.0,0.0,,,,,,,,,
2020/07/09,11.0,11.0,11.0,11.0,54.0,594.0,0.0,0.18,5.0,0.0,0.0,-50.0,-50.0,,,,,,,,,
2020/07/10,11.0,11.6,11.0,11.6,82.0,902.0,5.4545,0.2733,4.0,0.0,0.0,-80.0,-80.0,,,,,,,,,
2020/07/13,11.6,11.6,11.6,11.6,0.0,0.0,0.0,0.0,0.0,0.0,0.0,0.0,0.0,,,,,,,,,
2020/07/14,11.55,11.55,11.55,11.55,0.0,0.0,-0.431,0.0,0.0,0.0,0.0,0.0,0.0,,,,,,,,,
2020/07/15,11.55,11.55,11.55,11.55,0.0,0.0,0.0,0.0,0.0,0.0,0.0,0.0,0.0,,,,,,,,,
2020/07/16,11.55,11.55,11.55,11.55,0.0,0.0,0.0,0.0,0.0,0.0,0.0,0.0,0.0,,,,,,,,,
2020/07/17,11.55,11.55,11.55,11.55,0.0,0.0,0.0,0.0,0.0,0.0,0.0,0.0,0.0,,,,,,,,,
2020/07/20,11.55,11.55,11.55,11.55,0.0,0.0,0.0,0.0,0.0,0.0,0.0,0.0,0.0,,,,,,,,,
2020/07/21,11.55,11.55,11.55,11.55,0.0,0.0,0.0,0.0,0.0,0.0,0.0,0.0,0.0,,,,,,,,,
2020/07/22,11.55,11.55,11.55,11.55,0.0,0.0,0.0,0.0,0.0,0.0,0.0,0.0,0.0,,,,,,,,,
2020/07/23,11.55,11.55,11.55,11.55,0.0,0.0,0.0,0.0,0.0,0.0,0.0,0.0,0.0,,,,,,,,,
2020/07/24,11.75,11.75,11.75,11.75,1.0,11.0,1.7316,0.0033,1.0,0.0,0.0,0.0,0.0,,,,,,,,,
2020/07/27,11.75,11.75,11.75,11.75,0.0,0.0,0.0,0.0,0.0,0.0,0.0,0.0,0.0,,,,,,,,,
2020/07/28,11.85,11.85,11.85,11.85,1.0,11.0,0.8511,0.0033,1.0,0.0,0.0,0.0,0.0,,,,,,,,,
2020/07/29,11.85,11.85,11.85,11.85,0.0,0.0,0.0,0.0,0.0,0.0,0.0,0.0,0.0,,,,,,,,,
2020/07/30,11.85,11.85,11.85,11.85,0.0,0.0,0.0,0.0,0.0,0.0,0.0,0.0,0.0,,,,,,,,,
2020/07/31,11.85,11.85,11.85,11.85,0.0,0.0,0.0,0.0,0.0,0.0,0.0,0.0,0.0,,,,,,,,,
2020/08/03,11.85,11.85,11.85,11.85,0.0,0.0,0.0,0.0,0.0,0.0,0.0,0.0,0.0,,,,,,,,,
2020/08/04,11.85,11.85,11.85,11.85,0.0,0.0,0.0,0.0,0.0,0.0,0.0,0.0,0.0,,,,,,,,,
2020/08/05,11.85,11.85,11.85,11.85,0.0,0.0,0.0,0.0,0.0,0.0,0.0,0.0,0.0,,,,,,,,,
2020/08/06,11.85,11.85,11.85,11.85,0.0,0.0,0.0,0.0,0.0,0.0,0.0,0.0,0.0,,,,,,,,,
2020/08/07,11.85,11.85,11.85,11.85,0.0,0.0,0.0,0.0,0.0,0.0,0.0,0.0,0.0,,,,,,,,,
2020/08/10,11.85,11.85,11.85,11.85,0.0,0.0,0.0,0.0,0.0,0.0,0.0,0.0,0.0,,,,,,,,,
2020/08/11,11.85,11.85,11.85,11.85,0.0,0.0,0.0,0.0,0.0,0.0,0.0,0.0,0.0,,,,,,,,,
2020/08/12,11.85,11.85,11.85,11.85,0.0,0.0,0.0,0.0,0.0,0.0,0.0,0.0,0.0,,,,,,,,,
2020/08/13,11.85,11.85,11.85,11.85,0.0,0.0,0.0,0.0,0.0,0.0,0.0,0.0,0.0,,,,,,,,,
2020/08/14,11.85,11.85,11.85,11.85,0.0,0.0,0.0,0.0,0.0,0.0,0.0,0.0,0.0,,,,,,,,,
2020/08/17,11.85,11.85,11.85,11.85,0.0,0.0,0.0,0.0,0.0,0.0,0.0,0.0,0.0,,,,,,,,,
2020/08/18,11.85,11.85,11.85,11.85,0.0,0.0,0.0,0.0,0.0,0.0,0.0,0.0,0.0,,,,,,,,,
2020/08/19,11.85,11.85,11.85,11.85,0.0,0.0,0.0,0.0,0.0,0.0,0.0,0.0,0.0,,,,,,,,,
2020/08/20,11.8,11.9,11.8,11.9,2.0,23.0,0.4219,0.0067,2.0,0.0,0.0,0.0,0.0,,,,,,,,,
2020/08/21,13.05,13.05,12.0,13.05,41.0,533.0,9.6639,0.1367,30.0,0.0,0.0,0.0,0.0,,,,,,,,,
2020/08/24,12.95,13.0,12.3,12.3,9.0,112.0,-5.7471,0.03,6.0,0.0,0.0,0.0,0.0,,,,,,,,,
2020/08/25,12.3,12.3,12.3,12.3,1.0,12.0,0.0,0.0033,1.0,0.0,0.0,0.0,0.0,,,,,,,,,
2020/08/26,11.45,13.5,11.35,13.3,87.0,1038.0,8.1301,0.29,19.0,0.0,0.0,0.0,0.0,,,,,,,,,
2020/08/27,12.4,13.25,12.0,12.25,38.0,458.0,-7.8947,0.1267,14.0,0.0,0.0,0.0,0.0,,,,,,,,,
2020/08/28,12.25,12.25,12.25,12.25,0.0,0.0,0.0,0.0,0.0,0.0,0.0,0.0,0.0,,,,,,,,,
2020/08/31,11.5,11.5,11.45,11.45,6.0,68.0,-6.5306,0.02,4.0,0.0,0.0,0.0,0.0,,,,,,,,,
2020/09/01,10.65,11.0,10.65,11.0,5.0,54.0,-3.9301,0.0167,3.0,0.0,0.0,0.0,0.0,,,,,,,,,
2020/09/02,11.0,12.0,11.0,12.0,6.0,69.0,9.0909,0.02,5.0,0.0,0.0,0.0,0.0,,,,,,,,,
2020/09/03,12.0,12.0,12.0,12.0,0.0,0.0,0.0,0.0,0.0,0.0,0.0,0.0,0.0,,,,,,,,,
2020/09/04,12.0,12.0,12.0,12.0,0.0,0.0,0.0,0.0,0.0,0.0,0.0,0.0,0.0,,,,,,,,,
2020/09/07,12.0,12.0,12.0,12.0,0.0,0.0,0.0,0.0,0.0,0.0,0.0,0.0,0.0,,,,,,,,,
2020/09/08,12.0,12.0,12.0,12.0,0.0,0.0,0.0,0.0,0.0,0.0,0.0,0.0,0.0,,,,,,,,,
2020/09/09,12.0,12.0,12.0,12.0,0.0,0.0,0.0,0.0,0.0,0.0,0.0,0.0,0.0,,,,,,,,,
2020/09/10,12.0,12.0,12.0,12.0,0.0,0.0,0.0,0.0,0.0,0.0,0.0,0.0,0.0,,,,,,,,,
2020/09/11,10.95,11.0,10.95,11.0,7.0,76.0,-8.3333,0.0233,5.0,0.0,0.0,0.0,0.0,,,,,,,,,
2020/09/14,11.0,11.0,11.0,11.0,0.0,0.0,0.0,0.0,0.0,0.0,0.0,0.0,0.0,,,,,,,,,
2020/09/15,12.0,12.1,12.0,12.1,4.0,48.0,10.0,0.0133,4.0,0.0,0.0,0.0,0.0,,,,,,,,,
2020/09/16,12.9,13.3,12.9,13.2,610.0,8081.0,9.0909,2.0333,190.0,0.0,0.0,0.0,0.0,,,,,,,,,
2020/09/17,14.4,14.4,11.9,12.2,639.0,7898.0,-7.5758,2.13,306.0,0.0,0.0,0.0,0.0,,,,,,,,,
2020/09/18,11.85,11.85,11.0,11.0,541.0,6020.0,-9.8361,1.8033,215.0,1.0,0.0,0.0,1.0,,,,,,,,,
2020/09/21,11.0,12.1,9.9,12.1,9077.0,107485.0,10.0,30.2567,2259.0,2.0,0.0,0.0,2.0,,,,,,,,,
2020/09/22,13.3,13.3,12.9,13.3,22914.0,304279.0,9.9174,76.38,6554.0,-15122.0,0.0,0.0,-15122.0,,,,,,,,,
2020/09/23,14.6,14.6,14.6,14.6,543.0,7927.0,9.7744,1.81,152.0,0.0,0.0,0.0,0.0,,,,,,,,,
2020/09/24,16.05,16.05,14.6,16.05,16802.0,267186.0,9.9315,56.0067,7106.0,3.0,0.0,0.0,3.0,,,,,,,,,
2020/09/25,14.45,14.45,14.45,14.45,211.0,3048.0,-9.9688,0.7033,91.0,0.0,0.0,0.0,0.0,,,,,,,,,
2020/09/28,13.05,13.05,13.05,13.05,22.0,287.0,-9.6886,0.0733,7.0,0.0,0.0,0.0,0.0,,,,,,,,,
2020/09/29,11.75,11.75,11.75,11.75,174.0,2044.0,-9.9617,0.58,64.0,0.0,0.0,0.0,0.0,,,,,,,,,
2020/09/30,10.6,10.6,10.6,10.6,72.0,764.0,-9.7872,0.24,42.0,0.0,0.0,0.0,0.0,,,,,,,,,
2020/10/05,9.54,10.0,9.54,10.0,2774.0,26983.0,-5.6604,9.2467,980.0,0.0,0.0,0.0,0.0,,,,,,,,,
2020/10/06,10.0,10.0,9.0,9.0,1153.0,10782.0,-10.0,3.8433,466.0,0.0,0.0,0.0,0.0,,,,,,,,,
2020/10/07,8.1,8.1,8.1,8.1,253.0,2049.0,-10.0,0.8433,125.0,0.0,0.0,0.0,0.0,,,,,,,,,
2020/10/08,7.29,7.29,7.29,7.29,296.0,2159.0,-10.0,0.9867,85.0,0.0,0.0,0.0,0.0,,,,,,,,,
2020/10/12,6.57,7.0,6.57,6.57,3418.0,23046.0,-9.8765,11.3933,1203.0,3.0,0.0,0.0,3.0,,,,,,,,,
2020/10/13,6.57,7.08,6.57,7.08,1115.0,7520.0,7.7626,3.7167,281.0,0.0,0.0,0.0,0.0,,,,,,,,,
2020/10/14,7.4,7.78,7.35,7.78,1263.0,9641.0,9.887,4.21,335.0,0.0,0.0,0.0,0.0,,,,,,,,,
2020/10/15,8.55,8.55,7.51,8.55,4439.0,36888.0,9.8972,14.7967,1698.0,0.0,0.0,0.0,0.0,,,,,,,,,
2020/10/16,8.19,8.76,7.8,7.91,1952.0,15945.0,-7.4854,6.5067,869.0,0.0,0.0,0.0,0.0,,,,,,,,,
2020/10/19,7.5,7.7,7.12,7.12,1291.0,9315.0,-9.9874,4.3033,513.0,0.0,0.0,0.0,0.0,,,,,,,,,
2020/10/20,6.45,6.46,6.41,6.41,898.0,5771.0,-9.9719,2.9933,299.0,0.0,0.0,0.0,0.0,,,,,,,,,
2020/10/21,5.77,6.3,5.77,5.77,4490.0,25990.0,-9.9844,14.9667,1478.0,11.0,0.0,0.0,11.0,,,,,,,,,
2020/10/22,5.5,5.5,5.2,5.2,1365.0,7197.0,-9.8787,4.55,376.0,0.0,0.0,0.0,0.0,,,,,,,,,
2020/10/23,4.68,4.68,4.68,4.68,425.0,1991.0,-10.0,1.4167,142.0,0.0,0.0,0.0,0.0,,,,,,,,,
2020/10/26,4.23,5.14,4.22,4.8,5575.0,24875.0,2.5641,18.5833,1548.0,-14.0,0.0,0.0,-14.0,,,,,,,,,
2020/10/27,4.7,5.28,4.66,5.28,3636.0,18691.0,10.0,12.12,1003.0,0.0,0.0,0.0,0.0,,,,,,,,,
2020/10/28,5.4,5.58,5.0,5.05,2942.0,15548.0,-4.3561,9.8067,925.0,8.0,0.0,0.0,8.0,,,,,,,,,
2020/10/29,4.79,4.9,4.55,4.83,1640.0,7641.0,-4.3564,5.4667,525.0,-2.0,0.0,0.0,-2.0,,,,,,,,,
2020/10/30,4.7,4.72,4.5,4.53,781.0,3573.0,-6.2112,2.6033,307.0,0.0,0.0,0.0,0.0,,,,,,,,,
2020/11/02,4.53,4.6,4.25,4.25,792.0,3420.0,-6.181,2.64,285.0,0.0,0.0,0.0,0.0,,,,,,,,,
2020/11/03,4.3,4.36,4.2,4.35,650.0,2773.0,2.3529,2.1667,200.0,0.0,0.0,0.0,0.0,,,,,,,,,
2020/11/04,4.35,4.78,4.22,4.64,1380.0,6262.0,6.6667,4.6,424.0,0.0,0.0,0.0,0.0,,,,,,,,,
2020/11/05,4.53,4.66,4.4,4.44,988.0,4437.0,-4.3103,3.2933,312.0,0.0,0.0,0.0,0.0,,,,,,,,,
2020/11/06,4.44,4.51,4.35,4.36,329.0,1447.0,-1.8018,1.0967,111.0,1.0,0.0,0.0,1.0,,,,,,,,,
2020/11/09,4.36,4.47,4.36,4.36,460.0,2030.0,0.0,1.5333,140.0,40.0,0.0,0.0,40.0,,,,,,,,,
2020/11/10,4.46,4.46,4.25,4.26,625.0,2680.0,-2.2936,2.0833,187.0,-22.0,0.0,0.0,-22.0,,,,,,,,,
2020/11/11,4.31,4.35,4.11,4.21,583.0,2445.0,-1.1737,1.9433,197.0,-14.0,0.0,0.0,-14.0,,,,,,,,,
2020/11/12,4.29,4.29,4.0,4.01,1092.0,4432.0,-4.7506,3.64,310.0,1.0,0.0,0.0,1.0,,,,,,,,,
2020/11/13,4.02,4.17,4.01,4.1,488.0,1999.0,2.2444,1.6267,172.0,76.0,0.0,0.0,76.0,,,,,,,,,
2020/11/16,4.1,4.12,4.02,4.03,406.0,1657.0,-1.7073,1.3533,152.0,16.0,0.0,0.0,16.0,,,,,,,,,
2020/11/17,4.06,4.09,4.02,4.04,456.0,1845.0,0.2481,1.52,139.0,55.0,0.0,0.0,55.0,,,,,,,,,
2020/11/18,4.13,4.18,4.05,4.1,450.0,1841.0,1.4851,1.5,141.0,0.0,0.0,0.0,0.0,,,,,,,,,
2020/11/19,4.1,4.39,4.1,4.33,954.0,4103.0,5.6098,3.18,322.0,-4.0,0.0,0.0,-4.0,,,,,,,,,
2020/11/20,4.31,4.36,4.29,4.31,363.0,1565.0,-0.4619,1.21,131.0,-37.0,0.0,0.0,-37.0,,,,,,,,,
2020/11/23,4.3,4.37,4.25,4.33,370.0,1588.0,0.464,1.2333,116.0,-8.0,0.0,0.0,-8.0,,,,,,,,,
2020/11/24,4.33,4.33,4.15,4.16,450.0,1911.0,-3.9261,1.5,124.0,-19.0,0.0,0.0,-19.0,,,,,,,,,
2020/11/25,4.24,4.24,4.11,4.13,400.0,1664.0,-0.7212,1.3333,126.0,29.0,0.0,0.0,29.0,,,,,,,,,
2020/11/26,4.14,4.24,4.12,4.12,389.0,1606.0,-0.2421,1.2967,119.0,14.0,0.0,0.0,14.0,,,,,,,,,
2020/11/27,4.11,4.2,4.05,4.12,801.0,3300.0,0.0,2.67,209.0,48.0,0.0,0.0,48.0,,,,,,,,,
2020/11/30,4.17,4.19,4.08,4.1,589.0,2417.0,-0.4854,1.9633,170.0,50.0,0.0,0.0,50.0,,,,,,,,,
2020/12/01,4.15,4.15,4.1,4.12,421.0,1734.0,0.4878,1.4033,132.0,30.0,0.0,0.0,30.0,,,,,,,,,
2020/12/02,4.18,4.19,4.12,4.13,412.0,1705.0,0.2427,1.3733,118.0,8.0,0.0,0.0,8.0,,,,,,,,,
2020/12/03,4.16,4.17,4.07,4.08,517.0,2126.0,-1.2107,1.7233,128.0,5.0,0.0,0.0,5.0,,,,,,,,,
2020/12/04,4.13,4.13,4.0,4.02,790.0,3186.0,-1.4706,2.6333,188.0,-7.0,0.0,0.0,-7.0,,,,,,,,,
2020/12/07,4.06,4.06,3.97,3.98,1161.0,4622.0,-0.995,3.87,189.0,14.0,0.0,0.0,14.0,,,,,,,,,
2020/12/08,3.99,4.06,3.95,4.03,583.0,2336.0,1.2563,1.9433,188.0,43.0,0.0,0.0,43.0,,,,,,,,,
2020/12/09,4.09,4.09,3.97,4.0,566.0,2261.0,-0.7444,1.8867,105.0,-15.0,0.0,0.0,-15.0,,,,,,,,,
2020/12/10,4.06,4.22,3.97,4.0,714.0,2923.0,0.0,2.38,233.0,17.0,0.0,0.0,17.0,,,,,,,,,
2020/12/11,4.01,4.03,3.97,3.99,333.0,1328.0,-0.25,1.11,86.0,-51.0,0.0,0.0,-51.0,,,,,,,,,
2020/12/14,4.0,4.02,3.97,3.98,509.0,2028.0,-0.2506,1.6967,106.0,12.0,0.0,0.0,12.0,,,,,,,,,
2020/12/15,4.0,4.0,3.83,3.9,713.0,2777.0,-2.0101,2.3767,189.0,-24.0,0.0,0.0,-24.0,,,,,,,,,
2020/12/16,3.96,3.97,3.89,3.93,361.0,1416.0,0.7692,1.2033,93.0,24.0,0.0,0.0,24.0,,,,,,,,,
2020/12/17,3.98,3.99,3.93,3.94,513.0,2023.0,0.2545,1.71,87.0,16.0,0.0,0.0,16.0,,,,,,,,,
2020/12/18,3.99,4.0,3.93,3.94,217.0,858.0,0.0,0.7233,82.0,24.0,0.0,0.0,24.0,,,,,,,,,
2020/12/21,4.0,4.19,3.97,4.17,942.0,3858.0,5.8376,3.14,299.0,52.0,0.0,0.0,52.0,,,,,,,,,
2020/12/22,4.2,4.28,4.07,4.08,922.0,3865.0,-2.1583,3.0733,248.0,-13.0,0.0,0.0,-13.0,,,,,,,,,
2020/12/23,4.09,4.48,4.09,4.48,2055.0,9003.0,9.8039,6.85,429.0,45.0,0.0,0.0,45.0,,,,,,,,,
2020/12/24,4.75,4.8,4.37,4.39,1835.0,8353.0,-2.0089,6.1167,511.0,-48.0,0.0,0.0,-48.0,,,,,,,,,
2020/12/25,4.35,4.45,4.25,4.3,601.0,2597.0,-2.0501,2.0033,170.0,-11.0,0.0,0.0,-11.0,,,,,,,,,
2020/12/28,4.33,4.34,4.17,4.17,422.0,1784.0,-3.0233,1.4067,137.0,-59.0,0.0,0.0,-59.0,,,,,,,,,
2020/12/29,4.3,4.3,4.13,4.14,548.0,2294.0,-0.7194,1.8267,134.0,11.0,0.0,0.0,11.0,,,,,,,,,
2020/12/30,4.17,4.34,4.15,4.33,662.0,2777.0,4.5894,2.2067,138.0,7.0,0.0,0.0,7.0,,,,,,,,,
2020/12/31,4.41,4.42,4.27,4.3,428.0,1852.0,-0.6928,1.4267,140.0,-21.0,0.0,0.0,-21.0,,,,,,,,,
2021/01/04,4.32,4.33,4.22,4.24,394.0,1681.0,-1.3953,1.3133,111.0,7.0,0.0,0.0,7.0,,,,,,,,,
2021/01/05,4.26,4.3,4.22,4.25,488.0,2078.0,0.2358,1.6267,103.0,57.0,0.0,0.0,57.0,,,,,,,,,
2021/01/06,4.26,4.27,4.15,4.19,812.0,3413.0,-1.4118,2.7067,136.0,-21.0,0.0,0.0,-21.0,,,,,,,,,
2021/01/07,4.19,4.25,4.19,4.2,274.0,1152.0,0.2387,0.9133,77.0,4.0,0.0,0.0,4.0,,,,,,,,,
2021/01/08,4.21,4.21,4.06,4.11,402.0,1663.0,-2.1429,1.34,104.0,-36.0,0.0,0.0,-36.0,,,,,,,,,
2021/01/11,4.07,4.11,4.03,4.04,299.0,1216.0,-1.7032,0.9967,91.0,-16.0,0.0,0.0,-16.0,,,,,,,,,
2021/01/12,4.07,4.23,4.05,4.05,385.0,1580.0,0.2475,1.2833,114.0,-59.0,0.0,0.0,-59.0,,,,,,,,,
2021/01/13,4.05,4.09,4.03,4.09,374.0,1518.0,0.9877,1.2467,80.0,-4.0,0.0,0.0,-4.0,,,,,,,,,
2021/01/14,4.09,4.09,4.01,4.02,300.0,1208.0,-1.7115,1.0,85.0,-38.0,0.0,0.0,-38.0,,,,,,,,,
2021/01/15,4.03,4.03,3.95,3.97,408.0,1621.0,-1.2438,1.36,120.0,-50.0,0.0,0.0,-50.0,,,,,,,,,
2021/01/18,3.97,3.97,3.92,3.94,207.0,815.0,-0.7557,0.69,65.0,-14.0,0.0,0.0,-14.0,,,,,,,,,
2021/01/19,3.96,3.96,3.94,3.94,159.0,627.0,0.0,0.53,55.0,-24.0,0.0,0.0,-24.0,,,,,,,,,
2021/01/20,3.94,3.94,3.9,3.9,529.0,2068.0,-1.0152,1.7633,115.0,-51.0,0.0,0.0,-51.0,,,,,,,,,
2021/01/21,3.9,3.95,3.9,3.92,337.0,1322.0,0.5128,1.1233,76.0,-2.0,0.0,0.0,-2.0,,,,,,,,,
2021/01/22,3.95,3.95,3.9,3.94,467.0,1826.0,0.5102,1.5567,101.0,-5.0,0.0,0.0,-5.0,,,,,,,,,
2021/01/25,3.94,3.94,3.91,3.91,321.0,1257.0,-0.7614,1.07,55.0,5.0,0.0,0.0,5.0,,,,,,,,,
2021/01/26,3.92,3.95,3.91,3.91,202.0,792.0,0.0,0.6733,51.0,-11.0,0.0,0.0,-11.0,,,,,,,,,
2021/01/27,3.95,3.95,3.92,3.93,60.0,236.0,0.5115,0.2,27.0,-7.0,0.0,0.0,-7.0,,,,,,,,,
2021/01/28,3.92,3.98,3.91,3.94,147.0,578.0,0.2545,0.49,43.0,-4.0,0.0,0.0,-4.0,,,,,,,,,
2021/01/29,3.99,3.99,3.93,3.94,273.0,1077.0,0.0,0.91,48.0,-1.0,0.0,0.0,-1.0,,,,,,,,,
2021/02/01,3.96,3.96,3.92,3.93,109.0,429.0,-0.2538,0.3633,30.0,-8.0,0.0,0.0,-8.0,,,,,,,,,
2021/02/02,3.95,3.95,3.93,3.93,144.0,566.0,0.0,0.48,34.0,0.0,0.0,0.0,0.0,,,,,,,,,
2021/02/03,3.93,3.94,3.91,3.93,302.0,1185.0,0.0,1.0067,38.0,6.0,0.0,0.0,6.0,,,,,,,,,
2021/02/04,3.93,3.95,3.93,3.93,67.0,263.0,0.0,0.2233,24.0,0.0,0.0,0.0,0.0,,,,,,,,,
2021/02/05,3.93,3.94,3.92,3.93,238.0,935.0,0.0,0.7933,56.0,2.0,0.0,0.0,2.0,,,,,,,,,
2021/02/17,3.94,3.94,3.89,3.94,393.0,1541.0,0.2545,1.31,78.0,17.0,0.0,0.0,17.0,,,,,,,,,
2021/02/18,3.97,4.29,3.97,4.23,771.0,3214.0,7.3604,2.57,208.0,42.0,0.0,0.0,42.0,,,,,,,,,
2021/02/19,4.2,4.2,4.04,4.08,641.0,2635.0,-3.5461,2.1367,162.0,5.0,0.0,0.0,5.0,,,,,,,,,
2021/02/22,4.09,4.12,4.05,4.12,289.0,1182.0,0.9804,0.9633,101.0,32.0,0.0,0.0,32.0,,,,,,,,,
2021/02/23,4.13,4.31,4.1,4.21,537.0,2253.0,2.1845,1.79,147.0,25.0,0.0,0.0,25.0,,,,,,,,,
2021/02/24,4.21,4.25,4.16,4.2,297.0,1251.0,-0.2375,0.99,89.0,-2.0,0.0,0.0,-2.0,,,,,,,,,
2021/02/25,4.2,4.21,4.09,4.16,291.0,1204.0,-0.9524,0.97,101.0,18.0,0.0,0.0,18.0,,,,,,,,,
2021/02/26,4.16,4.16,3.97,4.01,674.0,2711.0,-3.6058,2.2467,149.0,3.0,0.0,0.0,3.0,,,,,,,,,
2021/03/02,4.03,4.03,3.96,3.96,323.0,1288.0,-1.2469,1.0767,74.0,-2.0,0.0,0.0,-2.0,,,,,,,,,
2021/03/03,3.96,4.05,3.9,3.97,104.0,411.0,0.2525,0.3467,43.0,12.0,0.0,0.0,12.0,,,,,,,,,
2021/03/04,4.0,4.02,3.97,3.97,121.0,484.0,0.0,0.4033,49.0,18.0,0.0,0.0,18.0,,,,,,,,,
2021/03/05,3.97,3.98,3.96,3.98,227.0,901.0,0.2519,0.7567,49.0,-18.0,0.0,0.0,-18.0,,,,,,,,,
2021/03/08,3.99,3.99,3.97,3.98,83.0,330.0,0.0,0.2767,35.0,-14.0,0.0,0.0,-14.0,,,,,,,,,
2021/03/09,4.0,4.0,3.97,3.99,158.0,629.0,0.2513,0.5267,41.0,-10.0,0.0,0.0,-10.0,,,,,,,,,
2021/03/10,4.0,4.04,3.99,4.02,210.0,842.0,0.7519,0.7,59.0,-15.0,0.0,0.0,-15.0,,,,,,,,,
2021/03/11,4.02,4.07,3.98,4.06,332.0,1342.0,0.995,1.1067,75.0,-12.0,0.0,0.0,-12.0,,,,,,,,,
2021/03/12,4.07,4.15,4.06,4.15,571.0,2347.0,2.2167,1.9033,147.0,-13.0,0.0,0.0,-13.0,,,,,,,,,
2021/03/15,4.15,4.26,4.1,4.25,535.0,2245.0,2.4096,1.7833,128.0,-13.0,0.0,0.0,-13.0,,,,,,,,,
2021/03/16,4.25,4.27,4.23,4.26,437.0,1856.0,0.2353,1.4567,87.0,-11.0,0.0,0.0,-11.0,,,,,,,,,
2021/03/17,4.25,4.25,4.19,4.21,303.0,1272.0,-1.1737,1.01,64.0,-12.0,0.0,0.0,-12.0,,,,,,,,,
2021/03/18,4.2,4.24,4.18,4.2,118.0,495.0,-0.2375,0.3933,42.0,-12.0,0.0,0.0,-12.0,,,,,,,,,
2021/03/19,4.16,4.18,4.16,4.16,93.0,387.0,-0.9524,0.31,45.0,-12.0,0.0,0.0,-12.0,,,,,,,,,
2021/03/22,4.16,4.2,4.14,4.2,272.0,1133.0,0.9615,0.9067,74.0,-12.0,0.0,0.0,-12.0,,,,,,,,,
2021/03/23,4.21,4.25,4.2,4.24,547.0,2314.0,0.9524,1.8233,122.0,-11.0,0.0,0.0,-11.0,,,,,,,,,
2021/03/24,4.25,4.3,4.2,4.3,142.0,601.0,1.4151,0.4733,51.0,-12.0,0.0,0.0,-12.0,,,,,,,,,
2021/03/25,4.3,4.3,4.2,4.23,136.0,576.0,-1.6279,0.4533,62.0,-13.0,0.0,0.0,-13.0,,,,,,,,,
2021/03/26,4.23,4.34,4.23,4.27,304.0,1309.0,0.9456,1.0133,68.0,-5.0,0.0,0.0,-5.0,,,,,,,,,
2021/03/29,4.27,4.35,4.25,4.25,201.0,859.0,-0.4684,0.67,56.0,0.0,0.0,0.0,0.0,,,,,,,,,
2021/03/30,4.25,4.6,4.25,4.6,768.0,3389.0,8.2353,2.56,188.0,0.0,0.0,0.0,0.0,,,,,,,,,
2021/03/31,4.6,5.06,4.6,5.03,1283.0,6374.0,9.3478,4.2767,405.0,0.0,0.0,0.0,0.0,,,,,,,,,
2021/04/01,5.02,5.02,4.7,4.71,632.0,3050.0,-6.3618,2.1067,207.0,0.0,0.0,0.0,0.0,,,,,,,,,
2021/04/06,4.71,4.71,4.43,4.5,343.0,1556.0,-4.4586,1.1433,107.0,0.0,0.0,0.0,0.0,,,,,,,,,
2021/04/07,4.5,4.88,4.5,4.76,322.0,1507.0,5.7778,1.0733,107.0,0.0,0.0,0.0,0.0,,,,,,,,,
2021/04/08,4.76,5.23,4.76,5.23,1403.0,7199.0,9.8739,4.6767,322.0,-4.0,0.0,0.0,-4.0,,,,,,,,,
2021/04/09,5.43,5.44,5.0,5.0,1096.0,5690.0,-4.3977,3.6533,310.0,0.0,0.0,0.0,0.0,,,,,,,,,
2021/04/12,5.01,5.42,5.01,5.38,875.0,4669.0,7.6,2.9167,243.0,0.0,0.0,0.0,0.0,,,,,,,,,
2021/04/13,5.49,5.56,5.12,5.12,384.0,2063.0,-4.8327,1.28,171.0,0.0,0.0,0.0,0.0,,,,,,,,,
2021/04/14,5.21,5.4,4.9,5.25,440.0,2268.0,2.5391,1.4667,109.0,0.0,0.0,0.0,0.0,,,,,,,,,
2021/04/15,5.47,5.77,5.3,5.77,1612.0,9124.0,9.9048,5.3733,399.0,0.0,0.0,0.0,0.0,,,,,,,,,
2021/04/16,5.9,6.34,5.78,6.34,3434.0,21462.0,9.8787,11.4467,728.0,0.0,0.0,0.0,0.0,,,,,,,,,
2021/04/19,6.49,6.97,6.45,6.97,3902.0,26589.0,9.9369,13.0067,491.0,0.0,0.0,0.0,0.0,,,,,,,,,
2021/04/20,7.28,7.4,6.28,6.85,3066.0,21227.0,-1.7217,10.22,961.0,-1.0,0.0,0.0,-1.0,,,,,,,,,
2021/04/21,6.52,6.65,6.19,6.35,1481.0,9423.0,-7.2993,4.9367,510.0,0.0,0.0,0.0,0.0,,,,,,,,,
2021/04/22,6.45,6.88,6.36,6.5,1235.0,8240.0,2.3622,4.1167,423.0,0.0,0.0,0.0,0.0,,,,,,,,,
2021/04/23,6.5,6.75,5.87,6.36,860.0,5323.0,-2.1538,2.8667,285.0,0.0,0.0,0.0,0.0,,,,,,,,,
2021/04/26,6.07,6.43,6.07,6.36,432.0,2722.0,0.0,1.44,191.0,0.0,0.0,0.0,0.0,,,,,,,,,
2021/04/27,6.42,6.73,6.34,6.55,1094.0,7082.0,2.9874,3.6467,273.0,0.0,0.0,0.0,0.0,,,,,,,,,
2021/04/28,6.58,6.58,6.2,6.39,675.0,4297.0,-2.4427,2.25,203.0,0.0,0.0,0.0,0.0,,,,,,,,,
2021/04/29,6.42,6.46,6.31,6.35,424.0,2708.0,-0.626,1.4133,128.0,0.0,0.0,0.0,0.0,,,,,,,,,
2021/05/03,6.37,6.37,5.9,5.99,990.0,6049.0,-5.6693,3.3,181.0,0.0,0.0,0.0,0.0,,,,,,,,,
2021/05/04,6.0,6.2,5.4,5.5,1730.0,9900.0,-8.1803,5.7667,237.0,0.0,0.0,0.0,0.0,,,,,,,,,
2021/05/05,5.45,6.05,5.45,6.05,661.0,3855.0,10.0,2.2033,152.0,0.0,0.0,0.0,0.0,,,,,,,,,
2021/05/06,6.45,6.65,6.45,6.65,1027.0,6799.0,9.9174,3.4233,242.0,1.0,0.0,0.0,1.0,,,,,,,,,
2021/05/07,6.72,6.94,6.5,6.85,1083.0,7282.0,3.0075,3.61,381.0,0.0,0.0,0.0,0.0,,,,,,,,,
2021/05/10,6.91,7.34,6.7,7.2,1046.0,7332.0,5.1095,3.4867,370.0,0.0,0.0,0.0,0.0,,,,,,,,,
2021/05/11,7.1,7.16,6.5,6.65,972.0,6599.0,-7.6389,3.24,327.0,2.0,0.0,0.0,2.0,,,,,,,,,
2021/05/12,7.14,7.14,5.99,6.33,779.0,4875.0,-4.812,2.5967,252.0,-3.0,0.0,0.0,-3.0,,,,,,,,,
2021/05/13,6.26,6.96,5.8,6.96,1557.0,10638.0,9.9526,5.19,292.0,0.0,0.0,0.0,0.0,,,,,,,,,
2021/05/14,7.65,7.65,6.96,7.3,3078.0,23326.0,4.8851,10.26,596.0,3.0,0.0,0.0,3.0,,,,,,,,,
2021/05/17,6.57,7.17,6.57,6.57,1733.0,11412.0,-10.0,5.7767,212.0,0.0,0.0,0.0,0.0,,,,,,,,,
2021/05/18,6.2,7.18,6.2,6.99,442.0,3049.0,6.3927,1.4733,152.0,0.0,0.0,0.0,0.0,,,,,,,,,
2021/05/19,6.9,6.95,6.6,6.8,265.0,1808.0,-2.7182,0.8833,104.0,2.0,0.0,0.0,2.0,,,,,,,,,
2021/05/20,6.68,6.75,6.15,6.47,872.0,5559.0,-4.8529,2.9067,154.0,5.0,0.0,0.0,5.0,,,,,,,,,
2021/05/21,6.63,6.63,6.2,6.47,229.0,1448.0,0.0,0.7633,102.0,-7.0,0.0,0.0,-7.0,,,,,,,,,
2021/05/24,6.2,6.3,6.15,6.17,97.0,601.0,-4.6368,0.3233,60.0,0.0,0.0,0.0,0.0,,,,,,,,,
2021/05/25,6.25,6.25,5.99,6.0,303.0,1830.0,-2.7553,1.01,99.0,0.0,0.0,0.0,0.0,,,,,,,,,
2021/05/26,6.01,6.03,5.7,6.01,570.0,3328.0,0.1667,1.9,255.0,106.0,0.0,0.0,106.0,,,,,,,,,
2021/05/27,6.0,6.09,5.84,5.94,207.0,1223.0,-1.1647,0.69,88.0,-3.0,0.0,0.0,-3.0,,,,,,,,,
2021/05/28,5.94,6.49,5.94,6.22,360.0,2217.0,4.7138,1.2,144.0,25.0,0.0,0.0,25.0,,,,,,,,,
2021/05/31,6.78,6.78,6.08,6.23,288.0,1835.0,0.1608,0.96,112.0,16.0,0.0,0.0,16.0,,,,,,,,,
2021/06/01,6.37,6.37,6.06,6.14,189.0,1170.0,-1.4446,0.63,80.0,12.0,0.0,0.0,12.0,,,,,,,,,
2021/06/02,6.45,6.45,6.14,6.25,164.0,1023.0,1.7915,0.5467,72.0,7.0,0.0,0.0,7.0,,,,,,,,,
2021/06/03,6.33,6.33,6.11,6.18,120.0,744.0,-1.12,0.4,56.0,19.0,0.0,0.0,19.0,,,,,,,,,
2021/06/04,6.16,6.17,6.11,6.11,126.0,773.0,-1.1327,0.42,48.0,5.0,0.0,0.0,5.0,,,,,,,,,
2021/06/07,6.11,6.2,6.0,6.18,201.0,1225.0,1.1457,0.67,115.0,67.0,0.0,0.0,67.0,,,,,,,,,
2021/06/08,6.16,6.4,6.13,6.2,195.0,1212.0,0.3236,0.65,63.0,-4.0,0.0,0.0,-4.0,,,,,,,,,
2021/06/09,6.22,6.22,6.1,6.16,176.0,1079.0,-0.6452,0.5867,56.0,-8.0,0.0,0.0,-8.0,,,,,,,,,
2021/06/10,6.06,6.18,6.06,6.12,152.0,926.0,-0.6494,0.5067,57.0,-24.0,0.0,0.0,-24.0,,,,,,,,,
2021/06/11,6.12,6.12,6.06,6.08,82.0,499.0,-0.6536,0.2733,25.0,1.0,0.0,0.0,1.0,,,,,,,,,
2021/06/15,6.1,6.1,5.91,6.07,136.0,814.0,-0.1645,0.4533,58.0,-3.0,0.0,0.0,-3.0,,,,,,,,,
2021/06/16,6.04,6.12,6.01,6.01,138.0,836.0,-0.9885,0.46,52.0,3.0,0.0,0.0,3.0,,,,,,,,,
2021/06/17,6.01,6.05,5.94,5.96,133.0,798.0,-0.8319,0.4433,69.0,-8.0,0.0,0.0,-8.0,,,,,,,,,
2021/06/18,5.96,6.19,5.86,5.86,273.0,1628.0,-1.6779,0.91,80.0,-8.0,0.0,0.0,-8.0,,,,,,,,,
2021/06/21,5.86,6.0,5.68,5.82,240.0,1401.0,-0.6826,0.8,91.0,-18.0,0.0,0.0,-18.0,,,,,,,,,
2021/06/22,5.85,6.15,5.82,6.05,212.0,1275.0,3.9519,0.7067,79.0,6.0,0.0,0.0,6.0,,,,,,,,,
2021/06/23,6.15,6.16,5.96,5.96,266.0,1613.0,-1.4876,0.8867,98.0,0.0,0.0,0.0,0.0,,,,,,,,,
2021/06/24,6.05,6.55,6.05,6.55,1006.0,6447.0,9.8993,3.3533,280.0,56.0,0.0,0.0,56.0,,,,,,,,,
2021/06/25,7.2,7.2,7.18,7.2,1524.0,10973.0,9.9237,5.08,231.0,-11.0,0.0,0.0,-11.0,,,,,,,,,
2021/06/28,7.92,7.92,7.6,7.92,10951.0,86592.0,10.0,36.5033,2539.0,17.0,0.0,0.0,17.0,,,,,,,,,
2021/06/29,8.69,8.71,8.5,8.71,5093.0,44310.0,9.9747,16.9767,1335.0,21.0,0.0,0.0,21.0,,,,,,,,,
2021/06/30,9.58,9.58,9.58,9.58,1108.0,10620.0,9.9885,3.6933,264.0,-3.0,0.0,0.0,-3.0,,,,,,,,,
2021/07/01,10.5,10.5,10.5,10.5,3032.0,31846.0,9.6033,10.1067,823.0,1.0,0.0,0.0,1.0,,,,,,,,,
2021/07/02,11.55,11.55,11.55,11.55,1907.0,22032.0,10.0,6.3567,888.0,1.0,0.0,0.0,1.0,,,,,,,,,
2021/07/05,12.7,12.7,12.7,12.7,603.0,7668.0,9.9567,2.01,320.0,0.0,0.0,0.0,0.0,,,,,,,,,
2021/07/06,13.95,13.95,13.95,13.95,1439.0,20077.0,9.8425,4.7967,767.0,1.0,0.0,0.0,1.0,,,,,,,,,
2021/07/07,14.0,14.0,12.6,12.6,1394.0,18489.0,-9.6774,4.6467,561.0,0.0,0.0,0.0,0.0,,,,,,,,,
2021/07/08,11.35,11.35,11.35,11.35,337.0,3825.0,-9.9206,1.1233,176.0,0.0,0.0,0.0,0.0,,,,,,,,,
2021/07/09,10.25,10.25,10.25,10.25,353.0,3621.0,-9.6916,1.1767,203.0,0.0,0.0,0.0,0.0,,,,,,,,,
2021/07/12,9.23,11.2,9.23,10.25,4917.0,47998.0,0.0,16.39,1887.0,4.0,0.0,0.0,4.0,,,,,,,,,
2021/07/13,9.83,9.83,9.23,9.23,1675.0,15800.0,-9.9512,5.5833,479.0,87.0,0.0,0.0,87.0,,,,,,,,,
2021/07/14,8.41,8.6,8.31,8.31,1435.0,12043.0,-9.9675,4.7833,517.0,28.0,0.0,0.0,28.0,,,,,,,,,
2021/07/15,8.32,9.14,8.32,9.14,1048.0,9370.0,9.988,3.4933,355.0,-60.0,0.0,0.0,-60.0,,,,,,,,,
2021/07/16,8.23,8.84,8.23,8.76,777.0,6644.0,-4.1575,2.59,275.0,-38.0,0.0,0.0,-38.0,,,,,,,,,
2021/07/19,8.58,9.63,8.58,9.63,773.0,7429.0,9.9315,2.5767,221.0,0.0,0.0,0.0,0.0,,,,,,,,,
2021/07/20,9.0,9.25,8.88,9.1,627.0,5711.0,-5.5036,2.09,258.0,0.0,0.0,0.0,0.0,,,,,,,,,
2021/07/21,9.7,9.75,8.6,8.96,2877.0,26876.0,-1.5385,9.59,922.0,-81.0,0.0,0.0,-81.0,,,,,,,,,
2021/07/22,8.97,9.08,8.11,8.2,1117.0,9390.0,-8.4821,3.7233,544.0,-12.0,0.0,0.0,-12.0,,,,,,,,,
2021/07/23,8.26,8.59,8.2,8.49,654.0,5467.0,3.5366,2.18,317.0,7.0,0.0,0.0,7.0,,,,,,,,,
2021/07/26,8.66,8.7,8.22,8.3,835.0,7030.0,-2.2379,2.7833,312.0,-33.0,0.0,0.0,-33.0,,,,,,,,,
2021/07/27,8.33,8.33,7.47,7.51,1431.0,11131.0,-9.5181,4.77,528.0,46.0,0.0,0.0,46.0,,,,,,,,,
2021/07/28,7.69,8.1,6.99,7.87,1220.0,9142.0,4.7936,4.0667,459.0,-10.0,0.0,0.0,-10.0,,,,,,,,,
2021/07/29,7.7,8.07,7.62,7.87,776.0,6110.0,0.0,2.5867,369.0,43.0,0.0,0.0,43.0,,,,,,,,,
2021/07/30,7.74,8.08,7.62,7.62,678.0,5318.0,-3.1766,2.26,287.0,-15.0,0.0,0.0,-15.0,,,,,,,,,
2021/08/02,7.62,7.7,7.31,7.6,436.0,3262.0,-0.2625,1.4533,201.0,44.0,0.0,0.0,44.0,,,,,,,,,
2021/08/03,7.6,7.7,7.4,7.7,465.0,3522.0,1.3158,1.55,176.0,49.0,0.0,0.0,49.0,,,,,,,,,
2021/08/04,7.62,7.8,7.57,7.6,328.0,2526.0,-1.2987,1.0933,114.0,15.0,0.0,0.0,15.0,,,,,,,,,
2021/08/05,7.78,7.78,7.3,7.44,424.0,3164.0,-2.1053,1.4133,189.0,-57.0,0.0,0.0,-57.0,,,,,,,,,
2021/08/06,7.4,7.67,7.29,7.33,305.0,2268.0,-1.4785,1.0167,157.0,-18.0,0.0,0.0,-18.0,,,,,,,,,
2021/08/09,7.33,7.77,7.25,7.63,486.0,3673.0,4.0928,1.62,222.0,29.0,0.0,0.0,29.0,,,,,,,,,
2021/08/10,7.5,7.7,7.3,7.3,466.0,3441.0,-4.325,1.5533,195.0,-41.0,0.0,0.0,-41.0,,,,,,,,,
2021/08/11,7.3,7.53,6.99,7.0,580.0,4189.0,-4.1096,1.9333,265.0,-34.0,0.0,0.0,-34.0,,,,,,,,,
2021/08/12,7.02,7.2,6.86,7.2,435.0,3053.0,2.8571,1.45,216.0,44.0,0.0,0.0,44.0,,,,,,,,,
2021/08/13,7.06,7.15,6.9,6.9,243.0,1703.0,-4.1667,0.81,142.0,16.0,0.0,0.0,16.0,,,,,,,,,
2021/08/16,6.9,7.02,6.32,6.6,546.0,3552.0,-4.3478,1.82,245.0,19.0,0.0,0.0,19.0,,,,,,,,,
2021/08/17,6.55,6.62,6.19,6.33,343.0,2190.0,-4.0909,1.1433,174.0,11.0,0.0,0.0,11.0,,,,,,,,,
2021/08/18,6.17,6.96,6.17,6.96,590.0,3922.0,9.9526,1.9667,250.0,33.0,0.0,0.0,33.0,,,,,,,,,
2021/08/19,7.2,7.23,6.5,7.02,859.0,5998.0,0.8621,2.8633,348.0,-89.0,0.0,0.0,-89.0,,,,,,,,,
2021/08/20,7.02,7.35,6.91,7.09,608.0,4296.0,0.9972,2.0267,257.0,-43.0,0.0,0.0,-43.0,,,,,,,,,
2021/08/23,7.1,7.48,7.05,7.31,598.0,4343.0,3.103,1.9933,260.0,-17.0,0.0,0.0,-17.0,,,,,,,,,
2021/08/24,7.5,7.5,7.05,7.11,308.0,2214.0,-2.736,1.0267,147.0,-25.0,0.0,0.0,-25.0,,,,,,,,,
2021/08/25,7.18,7.43,6.8,7.4,314.0,2204.0,4.0788,1.0467,149.0,12.0,0.0,0.0,12.0,,,,,,,,,
2021/08/26,7.35,7.9,7.23,7.54,667.0,5052.0,1.8919,2.2233,246.0,0.0,0.0,0.0,0.0,,,,,,,,,
2021/08/27,7.5,7.5,7.24,7.24,482.0,3540.0,-3.9788,1.6067,171.0,-11.0,0.0,0.0,-11.0,,,,,,,,,
2021/08/30,7.34,7.38,7.2,7.28,329.0,2397.0,0.5525,1.0967,154.0,4.0,0.0,0.0,4.0,,,,,,,,,
2021/08/31,7.28,7.44,7.2,7.39,352.0,2575.0,1.511,1.1733,131.0,24.0,0.0,0.0,24.0,,,,,,,,,
2021/09/01,7.4,7.56,7.35,7.44,269.0,2002.0,0.6766,0.8967,125.0,-8.0,0.0,0.0,-8.0,,,,,,,,,
2021/09/02,7.35,7.44,7.06,7.22,423.0,3062.0,-2.957,1.41,153.0,-6.0,0.0,0.0,-6.0,,,,,,,,,
2021/09/03,7.23,7.31,7.08,7.25,397.0,2864.0,0.4155,1.3233,159.0,-7.0,0.0,0.0,-7.0,,,,,,,,,
2021/09/06,7.2,7.28,7.07,7.1,236.0,1699.0,-2.069,0.7867,95.0,7.0,0.0,0.0,7.0,,,,,,,,,
2021/09/07,7.11,7.2,6.85,6.99,350.0,2449.0,-1.5493,1.1667,145.0,0.0,0.0,0.0,0.0,,,,,,,,,
2021/09/08,7.02,7.1,6.87,6.99,289.0,2019.0,0.0,0.9633,111.0,-12.0,0.0,0.0,-12.0,,,,,,,,,
2021/09/09,7.06,7.06,6.82,6.89,320.0,2211.0,-1.4306,1.0667,120.0,-5.0,0.0,0.0,-5.0,,,,,,,,,
2021/09/10,6.94,7.04,6.82,6.92,244.0,1686.0,0.4354,0.8133,87.0,5.0,0.0,0.0,5.0,,,,,,,,,
2021/09/13,6.94,7.08,6.92,7.0,249.0,1738.0,1.1561,0.83,118.0,17.0,0.0,0.0,17.0,,,,,,,,,
2021/09/14,7.0,7.0,6.82,6.85,200.0,1376.0,-2.1429,0.6667,80.0,-3.0,0.0,0.0,-3.0,,,,,,,,,
2021/09/15,6.91,6.91,6.73,6.85,169.0,1150.0,0.0,0.5633,73.0,-1.0,0.0,0.0,-1.0,,,,,,,,,
2021/09/16,6.87,6.89,6.69,6.77,262.0,1767.0,-1.1679,0.8733,106.0,-11.0,0.0,0.0,-11.0,,,,,,,,,
2021/09/17,6.82,6.9,6.69,6.78,128.0,864.0,0.1477,0.4267,60.0,2.0,0.0,0.0,2.0,,,,,,,,,
2021/09/22,6.55,6.64,6.42,6.55,307.0,2001.0,-3.3923,1.0233,121.0,-12.0,0.0,0.0,-12.0,,,,,,,,,
2021/09/23,6.55,6.65,6.31,6.34,312.0,2009.0,-3.2061,1.04,115.0,0.0,0.0,0.0,0.0,,,,,,,,,
2021/09/24,6.41,6.57,6.29,6.43,356.0,2274.0,1.4196,1.1867,126.0,2.0,0.0,0.0,2.0,,,,,,,,,
2021/09/27,6.46,6.48,6.2,6.24,416.0,2623.0,-2.9549,1.3867,148.0,14.0,0.0,0.0,14.0,,,,,,,,,
2021/09/28,6.29,6.74,6.15,6.52,539.0,3424.0,4.4872,1.7967,196.0,5.0,0.0,0.0,5.0,,,,,,,,,
2021/09/29,6.63,6.63,6.42,6.43,380.0,2477.0,-1.3804,1.2667,139.0,-19.0,0.0,0.0,-19.0,,,,,,,,,
2021/09/30,6.55,7.07,6.39,7.07,767.0,5177.0,9.9533,2.5567,230.0,13.0,0.0,0.0,13.0,,,,,,,,,
2021/10/01,6.95,6.95,6.56,6.78,495.0,3353.0,-4.1018,1.65,174.0,-15.0,0.0,0.0,-15.0,,,,,,,,,
2021/10/04,6.88,6.88,6.41,6.58,598.0,3931.0,-2.9499,1.9933,150.0,0.0,0.0,0.0,0.0,,,,,,,,,
2021/10/05,6.51,6.76,6.5,6.62,322.0,2122.0,0.6079,1.0805,81.0,1.0,0.0,0.0,1.0,,,,,,,,,
2021/10/06,6.74,6.8,6.46,6.48,167.0,1093.0,-2.1148,0.5604,71.0,-1.0,0.0,0.0,-1.0,,,,,,,,,
2021/10/07,6.61,6.61,6.41,6.5,173.0,1125.0,0.3086,0.5805,48.0,0.0,0.0,0.0,0.0,,,,,,,,,
2021/10/08,6.5,6.52,6.35,6.35,305.0,1960.0,-2.3077,1.0304,90.0,3.0,0.0,0.0,3.0,,,,,,,,,
2021/10/12,6.25,6.44,6.18,6.28,179.0,1121.0,-1.1024,0.6047,62.0,-2.0,0.0,0.0,-2.0,,,,,,,,,
2021/10/13,6.35,6.42,6.15,6.25,166.0,1028.0,-0.4777,0.5608,54.0,1.0,0.0,0.0,1.0,,,,,,,,,
2021/10/14,6.25,6.3,6.14,6.26,310.0,1916.0,0.16,1.0473,92.0,0.0,0.0,0.0,0.0,,,,,,,,,
2021/10/15,6.27,6.29,6.16,6.22,211.0,1304.0,-0.639,0.7128,75.0,3.0,0.0,0.0,3.0,,,,,,,,,
2021/10/18,6.19,6.22,6.15,6.15,110.0,680.0,-1.1254,0.374,47.0,2.0,0.0,0.0,2.0,,,,,,,,,
2021/10/19,6.15,6.21,6.12,6.2,78.0,481.0,0.813,0.2668,48.0,12.0,0.0,0.0,12.0,,,,,,,,,
2021/10/20,6.2,6.22,6.12,6.22,303.0,1866.0,0.3226,1.0363,87.0,1.0,0.0,0.0,1.0,,,,,,,,,
2021/10/21,6.18,6.34,6.18,6.25,250.0,1561.0,0.4823,0.855,83.0,12.0,0.0,0.0,12.0,,,,,,,,,
2021/10/22,6.21,6.21,6.11,6.15,351.0,2154.0,-1.6,1.2054,99.0,-22.0,0.0,0.0,-22.0,,,,,,,,,
2021/10/25,6.11,6.16,6.09,6.16,213.0,1303.0,0.1626,0.7315,56.0,5.0,0.0,0.0,5.0,,,,,,,,,
2021/10/26,6.16,6.18,6.11,6.15,80.0,491.0,-0.1623,0.2756,35.0,5.0,0.0,0.0,5.0,,,,,,,,,
2021/10/27,6.15,6.17,6.1,6.15,286.0,1752.0,0.0,0.9886,78.0,-4.0,0.0,0.0,-4.0,,,,,,,,,
2021/10/28,6.14,6.17,6.11,6.17,157.0,964.0,0.3252,0.5427,56.0,5.0,0.0,0.0,5.0,,,,,,,,,
2021/10/29,6.1,6.17,6.1,6.14,187.0,1144.0,-0.4862,0.6464,55.0,2.0,0.0,0.0,2.0,,,,,,,,,
2021/11/01,6.14,6.14,6.0,6.09,309.0,1877.0,-0.8143,1.0681,95.0,-1.0,0.0,0.0,-1.0,,,,,,,,,
2021/11/02,6.08,6.1,6.0,6.01,296.0,1784.0,-1.3136,1.0232,111.0,-5.0,0.0,0.0,-5.0,,,,,,,,,
2021/11/03,6.02,6.06,6.0,6.05,148.0,893.0,0.6656,0.5116,70.0,8.0,0.0,0.0,8.0,,,,,,,,,
2021/11/04,6.01,6.08,6.0,6.04,185.0,1112.0,-0.1653,0.6395,77.0,2.0,0.0,0.0,2.0,,,,,,,,,
2021/11/05,6.06,6.25,6.05,6.15,212.0,1301.0,1.8212,0.7328,82.0,-8.0,0.0,0.0,-8.0,,,,,,,,,
2021/11/08,6.2,6.49,6.2,6.45,588.0,3754.0,4.878,2.0325,212.0,-7.0,0.0,0.0,-7.0,,,,,,,,,
2021/11/09,6.4,6.4,6.19,6.2,244.0,1530.0,-3.876,0.8434,112.0,-3.0,0.0,0.0,-3.0,,,,,,,,,
2021/11/10,6.18,6.2,6.11,6.15,103.0,635.0,-0.8065,0.356,49.0,-7.0,0.0,0.0,-7.0,,,,,,,,,
2021/11/11,6.25,6.48,6.12,6.25,232.0,1458.0,1.626,0.8019,88.0,0.0,0.0,0.0,0.0,,,,,,,,,
2021/11/12,6.25,6.25,6.13,6.14,164.0,1010.0,-1.76,0.5669,67.0,-2.0,0.0,0.0,-2.0,,,,,,,,,
2021/11/15,6.15,6.17,6.03,6.15,207.0,1257.0,0.1629,0.7155,61.0,0.0,0.0,0.0,0.0,,,,,,,,,
2021/11/16,6.13,6.16,6.06,6.1,168.0,1027.0,-0.813,0.5807,65.0,0.0,0.0,0.0,0.0,,,,,,,,,
2021/11/17,6.2,6.2,6.03,6.09,174.0,1058.0,-0.1639,0.6015,71.0,0.0,0.0,0.0,0.0,,,,,,,,,
2021/11/18,6.08,6.15,6.03,6.1,267.0,1620.0,0.1642,0.9229,86.0,0.0,0.0,0.0,0.0,,,,,,,,,
2021/11/19,6.05,6.1,6.0,6.1,246.0,1485.0,0.0,0.8503,86.0,-1.0,0.0,0.0,-1.0,,,,,,,,,
2021/11/22,6.08,6.08,6.02,6.06,68.0,412.0,-0.6557,0.2351,30.0,0.0,0.0,0.0,0.0,,,,,,,,,
2021/11/23,6.06,6.12,6.03,6.05,240.0,1461.0,-0.165,0.8296,43.0,0.0,0.0,0.0,0.0,,,,,,,,,
2021/11/24,6.06,6.19,6.05,6.12,204.0,1251.0,1.157,0.7052,86.0,0.0,0.0,0.0,0.0,,,,,,,,,
2021/11/25,6.11,6.16,6.08,6.12,102.0,626.0,0.0,0.3526,45.0,1.0,0.0,0.0,1.0,,,,,,,,,
2021/11/26,6.13,6.13,6.0,6.01,334.0,2015.0,-1.7974,1.1545,77.0,0.0,0.0,0.0,0.0,,,,,,,,,
2021/11/29,6.01,6.06,5.95,5.98,240.0,1437.0,-0.4992,0.8296,76.0,0.0,0.0,0.0,0.0,,,,,,,,,
2021/11/30,6.02,6.03,5.99,6.0,88.0,528.0,0.3344,0.3042,28.0,0.0,0.0,0.0,0.0,,,,,,,,,
2021/12/01,6.0,6.04,5.98,6.0,141.0,847.0,0.0,0.4874,47.0,0.0,0.0,0.0,0.0,,,,,,,,,
2021/12/02,5.99,6.03,5.99,5.99,90.0,540.0,-0.1667,0.3111,29.0,0.0,0.0,0.0,0.0,,,,,,,,,
2021/12/03,6.05,6.06,5.98,6.0,71.0,426.0,0.1669,0.2454,29.0,0.0,0.0,0.0,0.0,,,,,,,,,
2021/12/06,5.95,6.04,5.95,5.99,99.0,592.0,-0.1667,0.3422,44.0,0.0,0.0,0.0,0.0,,,,,,,,,
2021/12/07,6.01,6.1,6.01,6.09,101.0,614.0,1.6694,0.3491,36.0,-2.0,0.0,0.0,-2.0,,,,,,,,,
2021/12/08,6.15,6.19,6.05,6.07,94.0,573.0,-0.3284,0.3249,31.0,0.0,0.0,0.0,0.0,,,,,,,,,
2021/12/09,6.07,6.07,6.03,6.04,81.0,489.0,-0.4942,0.28,27.0,0.0,0.0,0.0,0.0,,,,,,,,,
2021/12/10,6.09,6.09,6.01,6.01,48.0,289.0,-0.4967,0.1659,12.0,0.0,0.0,0.0,0.0,,,,,,,,,
2021/12/13,6.0,6.14,6.0,6.1,129.0,784.0,1.4975,0.4459,46.0,0.0,0.0,0.0,0.0,,,,,,,,,
2021/12/14,6.02,6.05,6.0,6.05,123.0,739.0,-0.8197,0.4252,47.0,0.0,0.0,0.0,0.0,,,,,,,,,
2021/12/15,6.1,6.12,6.01,6.08,251.0,1528.0,0.4959,0.8676,77.0,0.0,0.0,0.0,0.0,,,,,,,,,
2021/12/16,6.12,6.12,6.03,6.03,83.0,503.0,-0.8224,0.2869,22.0,0.0,0.0,0.0,0.0,,,,,,,,,
2021/12/17,6.1,6.11,6.05,6.08,114.0,693.0,0.8292,0.3941,39.0,0.0,0.0,0.0,0.0,,,,,,,,,
2021/12/20,6.1,6.15,6.09,6.12,280.0,1711.0,0.6579,0.9679,76.0,0.0,0.0,0.0,0.0,,,,,,,,,
2021/12/21,6.12,6.12,5.98,6.05,55.0,331.0,-1.1438,0.1901,26.0,0.0,0.0,0.0,0.0,,,,,,,,,
2021/12/22,6.04,6.09,6.0,6.0,159.0,957.0,-0.8264,0.5496,52.0,0.0,0.0,0.0,0.0,,,,,,,,,
2021/12/23,6.05,6.1,5.98,6.0,198.0,1191.0,0.0,0.6844,67.0,0.0,0.0,0.0,0.0,,,,,,,,,
2021/12/24,6.0,6.01,5.97,5.98,225.0,1347.0,-0.3333,0.7777,72.0,0.0,0.0,0.0,0.0,,,,,,,,,
2021/12/27,6.0,6.0,5.97,6.0,90.0,538.0,0.3344,0.3111,36.0,0.0,0.0,0.0,0.0,,,,,,,,,
2021/12/28,6.08,6.08,5.99,6.02,86.0,516.0,0.3333,0.2973,24.0,0.0,0.0,0.0,0.0,,,,,,,,,
2021/12/29,6.01,6.05,6.01,6.04,31.0,187.0,0.3322,0.1072,14.0,0.0,0.0,0.0,0.0,,,,,,,,,
2021/12/30,6.02,6.02,5.98,5.99,89.0,534.0,-0.8278,0.3076,31.0,0.0,0.0,0.0,0.0,,,,,,,,,
2022/01/03,6.0,6.04,5.98,6.0,125.0,753.0,0.1669,0.4321,34.0,0.0,0.0,0.0,0.0,,,,,,,,,
2022/01/04,6.0,6.03,5.99,6.03,113.0,678.0,0.5,0.3906,28.0,0.0,0.0,0.0,0.0,,,,,,,,,
2022/01/05,6.01,6.21,6.01,6.11,414.0,2543.0,1.3267,1.431,128.0,0.0,0.0,0.0,0.0,,,,,,,,,
2022/01/06,6.07,6.08,6.0,6.01,230.0,1384.0,-1.6367,0.795,48.0,0.0,0.0,0.0,0.0,,,,,,,,,
2022/01/07,6.02,6.04,6.0,6.01,192.0,1153.0,0.0,0.6637,52.0,-1.0,0.0,0.0,-1.0,,,,,,,,,
2022/01/10,6.01,6.1,6.0,6.0,126.0,759.0,-0.1664,0.4355,30.0,0.0,0.0,0.0,0.0,,,,,,,,,
2022/01/11,6.0,6.02,6.0,6.01,91.0,550.0,0.1667,0.3146,29.0,0.0,0.0,0.0,0.0,,,,,,,,,
2022/01/12,6.01,6.03,5.99,6.0,79.0,473.0,-0.1664,0.2731,29.0,0.0,0.0,0.0,0.0,,,,,,,,,
2022/01/13,6.0,6.08,6.0,6.05,362.0,2177.0,0.8333,1.2513,41.0,0.0,0.0,0.0,0.0,,,,,,,,,
2022/01/14,6.05,6.05,6.0,6.04,69.0,418.0,-0.1653,0.2385,34.0,0.0,0.0,0.0,0.0,,,,,,,,,
2022/01/17,5.99,6.01,5.98,5.99,135.0,810.0,-0.8278,0.4666,24.0,0.0,0.0,0.0,0.0,,,,,,,,,
2022/01/18,6.05,6.05,6.0,6.0,39.0,238.0,0.1669,0.1348,19.0,0.0,0.0,0.0,0.0,,,,,,,,,
2022/01/19,6.0,6.03,5.99,5.99,100.0,601.0,-0.1667,0.3457,30.0,0.0,0.0,0.0,0.0,,,,,,,,,
2022/01/20,5.99,6.01,5.98,5.99,130.0,784.0,0.0,0.4494,43.0,0.0,0.0,0.0,0.0,,,,,,,,,
2022/01/21,5.98,5.99,5.95,5.99,112.0,671.0,0.0,0.3871,48.0,0.0,0.0,0.0,0.0,,,,,,,,,
2022/01/24,5.9,5.9,5.83,5.88,53.0,311.0,-1.8364,0.1832,27.0,0.0,0.0,0.0,0.0,,,,,,,,,
2022/01/25,5.8,5.98,5.76,5.76,96.0,558.0,-2.0408,0.3318,45.0,0.0,0.0,0.0,0.0,,,,,,,,,
2022/01/26,5.76,5.8,5.76,5.76,96.0,554.0,0.0,0.3318,32.0,0.0,0.0,0.0,0.0,,,,,,,,,
2022/02/07,5.8,6.3,5.71,6.05,233.0,1403.0,5.0347,0.8054,79.0,0.0,0.0,0.0,0.0,,,,,,,,,
2022/02/08,6.03,6.06,5.98,6.04,42.0,252.0,-0.1653,0.1452,17.0,0.0,0.0,0.0,0.0,,,,,,,,,
2022/02/09,6.05,6.05,5.99,6.0,42.0,253.0,-0.6623,0.1452,21.0,0.0,0.0,0.0,0.0,,,,,,,,,
2022/02/10,6.05,6.05,5.99,6.04,36.0,219.0,0.6667,0.1244,16.0,0.0,0.0,0.0,0.0,,,,,,,,,
2022/02/11,6.0,6.05,6.0,6.01,61.0,366.0,-0.4967,0.2109,18.0,0.0,0.0,0.0,0.0,,,,,,,,,
2022/02/14,6.01,6.04,5.97,6.02,53.0,323.0,0.1664,0.1832,20.0,0.0,0.0,0.0,0.0,,,,,,,,,
2022/02/15,6.0,6.02,5.99,5.99,53.0,318.0,-0.4983,0.1832,15.0,0.0,0.0,0.0,0.0,,,,,,,,,
2022/02/16,6.0,6.01,6.0,6.0,116.0,696.0,0.1669,0.401,32.0,0.0,0.0,0.0,0.0,,,,,,,,,
2022/02/17,6.01,6.01,6.0,6.0,42.0,254.0,0.0,0.1452,20.0,0.0,0.0,0.0,0.0,,,,,,,,,
2022/02/18,6.0,6.01,5.99,6.0,114.0,686.0,0.0,0.3941,44.0,0.0,0.0,0.0,0.0,,,,,,,,,
2022/02/21,6.0,6.29,6.0,6.16,559.0,3425.0,2.6667,1.9323,173.0,3.0,0.0,0.0,3.0,,,,,,,,,
2022/02/22,6.15,6.15,6.05,6.14,194.0,1185.0,-0.3247,0.6706,73.0,0.0,0.0,0.0,0.0,,,,,,,,,
2022/02/23,6.12,6.12,6.05,6.06,177.0,1074.0,-1.3029,0.6118,39.0,-1.0,0.0,0.0,-1.0,,,,,,,,,
2022/02/24,6.06,6.11,5.99,6.01,286.0,1727.0,-0.8251,0.9886,65.0,-2.0,0.0,0.0,-2.0,,,,,,,,,
2022/02/25,6.01,6.04,6.01,6.02,92.0,553.0,0.1664,0.318,30.0,0.0,0.0,0.0,0.0,,,,,,,,,
2022/03/01,6.1,6.15,6.03,6.04,166.0,1010.0,0.3322,0.5738,50.0,1.0,0.0,0.0,1.0,,,,,,,,,
2022/03/02,6.09,6.09,5.99,6.04,89.0,535.0,0.0,0.3076,31.0,0.0,0.0,0.0,0.0,,,,,,,,,
2022/03/03,6.04,6.05,6.0,6.03,174.0,1046.0,-0.1656,0.6015,56.0,-1.0,0.0,0.0,-1.0,,,,,,,,,
2022/03/04,6.04,6.04,6.02,6.02,43.0,259.0,-0.1658,0.1486,18.0,0.0,0.0,0.0,0.0,,,,,,,,,
2022/03/07,6.01,6.29,5.98,6.17,469.0,2847.0,2.4917,1.6212,125.0,2.0,0.0,0.0,2.0,,,,,,,,,
2022/03/08,6.14,6.14,6.0,6.04,226.0,1367.0,-2.107,0.7812,72.0,-1.0,0.0,0.0,-1.0,,,,,,,,,
2022/03/09,6.01,6.03,6.01,6.03,102.0,613.0,-0.1656,0.3526,29.0,0.0,0.0,0.0,0.0,,,,,,,,,
2022/03/10,6.02,6.1,6.01,6.1,267.0,1619.0,1.1609,0.9229,45.0,-1.0,0.0,0.0,-1.0,,,,,,,,,
2022/03/11,6.03,6.04,6.03,6.03,54.0,325.0,-1.1475,0.1867,19.0,0.0,0.0,0.0,0.0,,,,,,,,,
2022/03/14,6.07,6.07,6.02,6.05,136.0,822.0,0.3317,0.4701,34.0,0.0,0.0,0.0,0.0,,,,,,,,,
2022/03/15,6.14,6.14,6.04,6.05,246.0,1490.0,0.0,0.8503,52.0,1.0,0.0,0.0,1.0,,,,,,,,,
2022/03/16,6.05,6.05,6.05,6.05,146.0,883.0,0.0,0.5047,36.0,0.0,0.0,0.0,0.0,,,,,,,,,
2022/03/17,6.05,6.13,6.05,6.08,156.0,950.0,0.4959,0.5392,36.0,-1.0,0.0,0.0,-1.0,,,,,,,,,
2022/03/18,6.1,6.2,6.08,6.09,83.0,505.0,0.1645,0.2869,18.0,0.0,0.0,0.0,0.0,,,,,,,,,
2022/03/21,6.1,6.17,6.09,6.12,345.0,2107.0,0.4926,1.1925,79.0,0.0,0.0,0.0,0.0,,,,,,,,,
2022/03/22,6.11,6.15,6.1,6.14,208.0,1271.0,0.3268,0.719,47.0,0.0,0.0,0.0,0.0,,,,,,,,,
2022/03/23,6.14,6.25,6.11,6.13,51.0,313.0,-0.1629,0.1763,30.0,0.0,0.0,0.0,0.0,,,,,,,,,
2022/03/24,6.13,6.14,6.12,6.14,38.0,233.0,0.1631,0.1314,19.0,0.0,0.0,0.0,0.0,,,,,,,,,
2022/03/25,6.14,6.15,6.12,6.13,64.0,394.0,-0.1629,0.2212,23.0,0.0,0.0,0.0,0.0,,,,,,,,,
2022/03/28,6.13,6.18,6.13,6.18,168.0,1033.0,0.8157,0.5807,43.0,0.0,0.0,0.0,0.0,,,,,,,,,
2022/03/29,6.2,6.25,6.1,6.13,55.0,338.0,-0.8091,0.1901,18.0,0.0,0.0,0.0,0.0,,,,,,,,,
2022/03/30,6.13,6.14,6.13,6.13,94.0,576.0,0.0,0.3249,23.0,0.0,0.0,0.0,0.0,,,,,,,,,
2022/03/31,6.13,6.14,6.13,6.14,61.0,374.0,0.1631,0.2109,18.0,0.0,0.0,0.0,0.0,,,,,,,,,
2022/04/01,6.12,6.14,6.03,6.06,211.0,1289.0,-1.3029,0.7293,40.0,0.0,0.0,0.0,0.0,,,,,,,,,
2022/04/06,6.05,6.1,6.02,6.09,47.0,283.0,0.495,0.1625,15.0,0.0,0.0,0.0,0.0,,,,,,,,,
2022/04/07,6.06,6.11,6.05,6.08,247.0,1497.0,-0.1642,0.8538,48.0,0.0,0.0,0.0,0.0,,,,,,,,,
2022/04/08,6.09,6.09,6.06,6.08,67.0,406.0,0.0,0.2316,18.0,0.0,0.0,0.0,0.0,,,,,,,,,
2022/04/11,6.08,6.08,6.02,6.05,50.0,302.0,-0.4934,0.1728,21.0,0.0,0.0,0.0,0.0,,,,,,,,,
2022/04/12,6.02,6.02,5.91,5.96,67.0,400.0,-1.4876,0.2316,32.0,0.0,0.0,0.0,0.0,,,,,,,,,
2022/04/13,6.0,6.06,6.0,6.03,85.0,511.0,1.1745,0.2938,35.0,0.0,0.0,0.0,0.0,,,,,,,,,
2022/04/14,6.03,6.03,5.92,6.02,87.0,521.0,-0.1658,0.3007,38.0,0.0,0.0,0.0,0.0,,,,,,,,,
2022/04/15,6.0,6.03,5.94,6.03,121.0,723.0,0.1661,0.4183,41.0,0.0,0.0,0.0,0.0,,,,,,,,,
2022/04/18,6.01,6.01,5.9,5.92,25.0,153.0,-1.8242,0.0864,13.0,0.0,0.0,0.0,0.0,,,,,,,,,
2022/04/19,5.93,5.95,5.93,5.93,32.0,192.0,0.1689,0.1106,20.0,0.0,0.0,0.0,0.0,,,,,,,,,
2022/04/20,6.06,6.06,5.9,5.99,22.0,130.0,1.0118,0.076,14.0,0.0,0.0,0.0,0.0,,,,,,,,,
2022/04/21,5.92,5.99,5.92,5.92,49.0,291.0,-1.1686,0.1694,24.0,0.0,0.0,0.0,0.0,,,,,,,,,
2022/04/22,5.93,5.95,5.84,5.94,83.0,490.0,0.3378,0.2869,31.0,0.0,0.0,0.0,0.0,,,,,,,,,
2022/04/25,5.85,5.86,5.7,5.76,177.0,1022.0,-3.0303,0.6118,40.0,1.0,0.0,0.0,1.0,,,,,,,,,
2022/04/26,5.78,5.97,5.78,5.8,38.0,220.0,0.6944,0.1314,23.0,0.0,0.0,0.0,0.0,,,,,,,,,
2022/04/27,5.7,5.77,5.7,5.74,59.0,343.0,-1.0345,0.2039,38.0,-1.0,0.0,0.0,-1.0,,,,,,,,,
2022/04/28,5.72,5.83,5.7,5.75,46.0,266.0,0.1742,0.159,24.0,0.0,0.0,0.0,0.0,,,,,,,,,
2022/04/29,5.93,5.93,5.74,5.76,44.0,254.0,0.1739,0.1521,14.0,0.0,0.0,0.0,0.0,,,,,,,,,
2022/05/03,5.84,5.89,5.77,5.81,67.0,389.0,0.8681,0.2316,27.0,0.0,0.0,0.0,0.0,,,,,,,,,
2022/05/04,5.82,5.82,5.73,5.78,50.0,289.0,-0.5164,0.1728,22.0,0.0,0.0,0.0,0.0,,,,,,,,,
2022/05/05,5.82,5.82,5.67,5.77,72.0,415.0,-0.173,0.2489,24.0,0.0,0.0,0.0,0.0,,,,,,,,,
2022/05/06,5.72,6.0,5.72,5.78,17.0,98.0,0.1733,0.0588,12.0,0.0,0.0,0.0,0.0,,,,,,,,,
2022/05/09,5.74,5.77,5.5,5.68,92.0,518.0,-1.7301,0.318,34.0,0.0,0.0,0.0,0.0,,,,,,,,,
2022/05/10,5.56,5.69,5.56,5.62,57.0,320.0,-1.0563,0.197,28.0,0.0,0.0,0.0,0.0,,,,,,,,,
2022/05/11,5.57,5.66,5.57,5.64,59.0,330.0,0.3559,0.2039,19.0,0.0,0.0,0.0,0.0,,,,,,,,,
2022/05/12,5.63,5.8,5.55,5.55,161.0,901.0,-1.5957,0.5565,51.0,1.0,0.0,0.0,1.0,,,,,,,,,
2022/05/13,5.67,5.69,5.55,5.6,28.0,157.0,0.9009,0.0968,15.0,-1.0,0.0,0.0,-1.0,,,,,,,,,
2022/05/16,5.68,5.68,5.55,5.55,39.0,216.0,-0.8929,0.1348,10.0,0.0,0.0,0.0,0.0,,,,,,,,,
2022/05/17,5.55,5.6,5.5,5.53,40.0,220.0,-0.3604,0.1383,19.0,0.0,0.0,0.0,0.0,,,,,,,,,
2022/05/18,5.51,5.68,5.51,5.65,58.0,325.0,2.17,0.2005,29.0,0.0,0.0,0.0,0.0,,,,,,,,,
2022/05/19,5.6,5.65,5.55,5.6,68.0,379.0,-0.885,0.2351,24.0,0.0,0.0,0.0,0.0,,,,,,,,,
2022/05/20,5.64,5.64,5.6,5.64,18.0,101.0,0.7143,0.0622,8.0,0.0,0.0,0.0,0.0,,,,,,,,,
2022/05/23,5.64,5.7,5.62,5.62,56.0,318.0,-0.3546,0.1936,12.0,0.0,0.0,0.0,0.0,,,,,,,,,
2022/05/24,5.65,5.66,5.6,5.6,73.0,410.0,-0.3559,0.2523,20.0,0.0,0.0,0.0,0.0,,,,,,,,,
2022/05/25,5.61,5.65,5.61,5.65,30.0,169.0,0.8929,0.1037,12.0,0.0,0.0,0.0,0.0,,,,,,,,,
2022/05/26,5.66,5.66,5.61,5.65,47.0,264.0,0.0,0.1625,11.0,0.0,0.0,0.0,0.0,,,,,,,,,
2022/05/27,5.8,5.89,5.71,5.73,39.0,224.0,1.4159,0.1348,20.0,0.0,0.0,0.0,0.0,,,,,,,,,
2022/05/30,5.73,5.8,5.7,5.7,33.0,189.0,-0.5236,0.1141,16.0,0.0,0.0,0.0,0.0,,,,,,,,,
2022/05/31,5.77,5.77,5.65,5.65,8.0,45.0,-0.8772,0.0277,5.0,0.0,0.0,0.0,0.0,,,,,,,,,
2022/06/01,5.86,6.2,5.82,6.13,419.0,2519.0,8.4956,1.4483,143.0,0.0,0.0,0.0,0.0,,,,,,,,,
2022/06/02,6.0,6.05,5.96,6.02,113.0,680.0,-1.7945,0.3906,54.0,4.0,0.0,0.0,4.0,,,,,,,,,
2022/06/06,6.02,6.13,6.02,6.13,23.0,139.0,1.8272,0.0795,16.0,0.0,0.0,0.0,0.0,,,,,,,,,
2022/06/07,6.07,6.15,5.8,6.15,66.0,405.0,0.3263,0.2281,43.0,-1.0,0.0,0.0,-1.0,,,,,,,,,
2022/06/08,6.1,6.26,6.07,6.17,121.0,744.0,0.3252,0.4183,55.0,0.0,0.0,0.0,0.0,,,,,,,,,
2022/06/09,6.22,6.23,6.12,6.16,28.0,176.0,-0.1621,0.0968,24.0,0.0,0.0,0.0,0.0,,,,,,,,,
2022/06/10,6.16,6.16,6.02,6.12,13.0,79.0,-0.6494,0.0449,9.0,0.0,0.0,0.0,0.0,,,,,,,,,
2022/06/13,5.97,6.05,5.85,5.9,43.0,253.0,-3.5948,0.1486,30.0,-1.0,0.0,0.0,-1.0,,,,,,,,,
2022/06/14,5.87,6.04,5.75,6.04,102.0,589.0,2.3729,0.3526,35.0,4.0,0.0,0.0,4.0,,,,,,,,,
2022/06/15,5.97,6.1,5.85,5.9,22.0,130.0,-2.3179,0.076,16.0,0.0,0.0,0.0,0.0,,,,,,,,,
2022/06/16,5.94,5.94,5.83,5.86,36.0,213.0,-0.678,0.1244,17.0,0.0,0.0,0.0,0.0,,,,,,,,,
2022/06/17,5.77,5.88,5.75,5.85,15.0,87.0,-0.1706,0.0518,11.0,0.0,0.0,0.0,0.0,,,,,,,,,
2022/06/20,5.75,5.75,5.56,5.56,14.0,79.0,-4.9573,0.0484,9.0,0.0,0.0,0.0,0.0,,,,,,,,,
2022/06/21,5.49,5.81,5.49,5.76,25.0,141.0,3.5971,0.0864,12.0,0.0,0.0,0.0,0.0,,,,,,,,,
2022/06/22,5.62,5.62,5.52,5.54,41.0,228.0,-3.8194,0.1417,17.0,0.0,0.0,0.0,0.0,,,,,,,,,
2022/06/23,5.54,5.57,5.52,5.52,21.0,116.0,-0.361,0.0726,12.0,0.0,0.0,0.0,0.0,,,,,,,,,
2022/06/24,5.53,5.71,5.5,5.51,94.0,518.0,-0.1812,0.3249,28.0,0.0,0.0,0.0,0.0,,,,,,,,,
2022/06/27,5.56,5.6,5.51,5.51,44.0,244.0,0.0,0.1521,21.0,0.0,0.0,0.0,0.0,,,,,,,,,
2022/06/28,5.53,5.64,5.45,5.53,33.0,181.0,0.363,0.1141,10.0,-1.0,0.0,0.0,-1.0,,,,,,,,,
2022/06/29,5.48,5.53,5.43,5.43,27.0,147.0,-1.8083,0.0933,11.0,0.0,0.0,0.0,0.0,,,,,,,,,
2022/06/30,5.59,5.59,5.19,5.19,72.0,383.0,-4.4199,0.2489,32.0,0.0,0.0,0.0,0.0,,,,,,,,,
2022/07/01,5.24,5.24,4.9,4.9,212.0,1066.0,-5.5877,0.7328,47.0,-4.0,0.0,0.0,-4.0,,,,,,,,,
2022/07/04,5.04,5.15,4.98,5.0,85.0,427.0,2.0408,0.2938,30.0,0.0,0.0,0.0,0.0,,,,,,,,,
2022/07/05,5.01,5.15,5.0,5.15,15.0,75.0,3.0,0.0518,12.0,0.0,0.0,0.0,0.0,,,,,,,,,
2022/07/06,5.15,5.15,4.99,5.01,113.0,567.0,-2.7184,0.3906,19.0,-1.0,0.0,0.0,-1.0,,,,,,,,,
2022/07/07,5.0,5.02,5.0,5.02,48.0,240.0,0.1996,0.1659,17.0,0.0,0.0,0.0,0.0,,,,,,,,,
2022/07/08,5.03,5.03,5.0,5.02,50.0,251.0,0.0,0.1728,13.0,0.0,0.0,0.0,0.0,,,,,,,,,
2022/07/11,5.17,5.17,5.0,5.01,17.0,85.0,-0.1992,0.0588,7.0,0.0,0.0,0.0,0.0,,,,,,,,,
2022/07/12,5.13,5.13,4.95,5.0,98.0,489.0,-0.1996,0.3387,23.0,0.0,0.0,0.0,0.0,,,,,,,,,
2022/07/13,5.15,5.15,5.05,5.05,31.0,157.0,1.0,0.1072,8.0,0.0,0.0,0.0,0.0,,,,,,,,,
2022/07/14,5.06,5.07,5.06,5.06,6.0,31.0,0.198,0.0207,4.0,0.0,0.0,0.0,0.0,,,,,,,,,
2022/07/15,5.0,5.0,5.0,5.0,1.0,5.0,-1.1858,0.0035,1.0,0.0,0.0,0.0,0.0,,,,,,,,,
2022/07/18,5.0,5.05,5.0,5.01,69.0,345.0,0.2,0.2385,12.0,0.0,0.0,0.0,0.0,,,,,,,,,
2022/07/19,5.0,5.05,5.0,5.05,74.0,372.0,0.7984,0.2558,17.0,0.0,0.0,0.0,0.0,,,,,,,,,
2022/07/20,5.01,5.01,5.01,5.01,5.0,25.0,-0.7921,0.0173,4.0,0.0,0.0,0.0,0.0,,,,,,,,,
2022/07/21,5.01,5.01,5.0,5.01,7.0,37.0,0.0,0.0242,7.0,0.0,0.0,0.0,0.0,,,,,,,,,
2022/07/22,5.01,5.12,5.01,5.02,29.0,145.0,0.1996,0.1002,11.0,0.0,0.0,0.0,0.0,,,,,,,,,
2022/07/25,5.02,5.02,5.01,5.01,44.0,220.0,-0.1992,0.1521,8.0,0.0,0.0,0.0,0.0,,,,,,,,,
2022/07/26,5.01,5.14,5.01,5.02,24.0,120.0,0.1996,0.083,12.0,0.0,0.0,0.0,0.0,,,,,,,,,
2022/07/27,5.01,5.15,5.01,5.15,78.0,394.0,2.5896,0.2696,23.0,0.0,0.0,0.0,0.0,,,,,,,,,
2022/07/28,5.05,5.06,5.0,5.06,66.0,331.0,-1.7476,0.2281,10.0,0.0,0.0,0.0,0.0,,,,,,,,,
2022/07/29,5.01,5.11,5.01,5.11,6.0,30.0,0.9881,0.0207,4.0,0.0,0.0,0.0,0.0,,,,,,,,,
2022/08/01,5.11,5.61,5.11,5.35,167.0,903.0,4.6967,0.5773,61.0,0.0,0.0,0.0,0.0,,,,,,,,,
2022/08/02,5.2,5.27,4.97,5.2,66.0,338.0,-2.8037,0.2281,34.0,2.0,0.0,0.0,2.0,,,,,,,,,
2022/08/03,5.08,5.08,5.03,5.03,9.0,45.0,-3.2692,0.0311,5.0,0.0,0.0,0.0,0.0,,,,,,,,,
2022/08/04,5.04,5.04,5.03,5.03,29.0,145.0,0.0,0.1002,13.0,0.0,0.0,0.0,0.0,,,,,,,,,
2022/08/05,5.03,5.11,5.03,5.11,82.0,417.0,1.5905,0.2834,13.0,0.0,0.0,0.0,0.0,,,,,,,,,
2022/08/08,5.02,5.09,5.02,5.04,28.0,141.0,-1.3699,0.0968,10.0,0.0,0.0,0.0,0.0,,,,,,,,,
2022/08/09,5.04,5.1,5.04,5.07,21.0,106.0,0.5952,0.0726,10.0,0.0,0.0,0.0,0.0,,,,,,,,,
2022/08/10,5.04,5.15,5.04,5.1,79.0,403.0,0.5917,0.2731,10.0,-2.0,0.0,0.0,-2.0,,,,,,,,,
2022/08/11,5.0,5.15,5.0,5.15,9.0,45.0,0.9804,0.0311,5.0,0.0,0.0,0.0,0.0,,,,,,,,,
2022/08/12,5.15,5.34,5.15,5.27,38.0,196.0,2.3301,0.1314,8.0,0.0,0.0,0.0,0.0,,,,,,,,,
2022/08/15,5.22,5.22,5.2,5.2,2.0,10.0,-1.3283,0.0069,3.0,0.0,0.0,0.0,0.0,,,,,,,,,
2022/08/16,5.1,5.3,5.08,5.3,31.0,158.0,1.9231,0.1072,10.0,0.0,0.0,0.0,0.0,,,,,,,,,
2022/08/17,5.25,5.25,5.11,5.15,36.0,185.0,-2.8302,0.1244,13.0,0.0,0.0,0.0,0.0,,,,,,,,,
2022/08/18,5.15,5.15,5.1,5.15,88.0,451.0,0.0,0.3042,21.0,0.0,0.0,0.0,0.0,,,,,,,,,
2022/08/19,5.12,5.19,5.08,5.19,30.0,155.0,0.7767,0.1037,17.0,0.0,0.0,0.0,0.0,,,,,,,,,
2022/08/22,5.08,5.3,5.03,5.14,89.0,453.0,-0.9634,0.3076,25.0,0.0,0.0,0.0,0.0,,,,,,,,,
2022/08/23,5.08,5.1,5.08,5.1,5.0,25.0,-0.7782,0.0173,5.0,0.0,0.0,0.0,0.0,,,,,,,,,
2022/08/24,5.14,5.15,5.14,5.15,4.0,20.0,0.9804,0.0138,2.0,0.0,0.0,0.0,0.0,,,,,,,,,
2022/08/25,5.15,5.17,5.1,5.17,109.0,562.0,0.3883,0.3768,14.0,0.0,0.0,0.0,0.0,,,,,,,,,
2022/08/26,5.2,5.2,5.2,5.2,10.0,52.0,0.5803,0.0346,6.0,0.0,0.0,0.0,0.0,,,,,,,,,
2022/08/29,5.04,5.2,5.04,5.1,23.0,117.0,-1.9231,0.0795,9.0,0.0,0.0,0.0,0.0,,,,,,,,,
2022/08/30,5.25,5.25,5.11,5.11,10.0,51.0,0.1961,0.0346,4.0,0.0,0.0,0.0,0.0,,,,,,,,,
2022/08/31,5.15,5.24,5.15,5.2,41.0,212.0,1.7613,0.1417,12.0,0.0,0.0,0.0,0.0,,,,,,,,,
2022/09/01,5.04,5.15,5.04,5.14,27.0,138.0,-1.1538,0.0933,11.0,0.0,0.0,0.0,0.0,,,,,,,,,
2022/09/02,5.14,5.18,5.14,5.18,50.0,257.0,0.7782,0.1728,14.0,0.0,0.0,0.0,0.0,,,,,,,,,
2022/09/05,5.18,5.18,5.15,5.15,55.0,283.0,-0.5792,0.1901,22.0,0.0,0.0,0.0,0.0,,,,,,,,,
2022/09/06,5.15,5.15,5.12,5.12,29.0,148.0,-0.5825,0.1002,4.0,0.0,0.0,0.0,0.0,,,,,,,,,
2022/09/07,5.15,5.23,5.01,5.19,56.0,287.0,1.3672,0.1936,18.0,0.0,0.0,0.0,0.0,,,,,,,,,
2022/09/08,5.05,5.2,5.02,5.2,35.0,180.0,0.1927,0.121,10.0,0.0,0.0,0.0,0.0,,,,,,,,,
2022/09/12,5.2,5.2,5.15,5.15,11.0,56.0,-0.9615,0.038,6.0,0.0,0.0,0.0,0.0,,,,,,,,,
2022/09/13,5.16,5.32,5.15,5.15,13.0,67.0,0.0,0.0449,8.0,0.0,0.0,0.0,0.0,,,,,,,,,
2022/09/14,5.03,5.17,5.03,5.14,45.0,230.0,-0.1942,0.1555,10.0,0.0,0.0,0.0,0.0,,,,,,,,,
2022/09/15,5.15,5.28,5.06,5.09,47.0,239.0,-0.9728,0.1625,13.0,0.0,0.0,0.0,0.0,,,,,,,,,
2022/09/16,5.14,5.14,5.09,5.09,14.0,71.0,0.0,0.0484,5.0,0.0,0.0,0.0,0.0,,,,,,,,,
2022/09/19,5.09,5.09,5.09,5.09,21.0,106.0,0.0,0.0726,10.0,0.0,0.0,0.0,0.0,,,,,,,,,
2022/09/20,5.23,5.23,5.1,5.1,7.0,35.0,0.1965,0.0242,7.0,0.0,0.0,0.0,0.0,,,,,,,,,
2022/09/21,5.06,5.06,5.05,5.05,88.0,444.0,-0.9804,0.3042,7.0,0.0,0.0,0.0,0.0,,,,,,,,,
2022/09/22,5.0,5.0,5.0,5.0,204.0,1020.0,-0.9901,0.7052,31.0,2.0,0.0,0.0,2.0,,,,,,,,,
2022/09/23,5.0,5.08,4.87,4.99,288.0,1419.0,-0.2,0.9955,35.0,0.0,0.0,0.0,0.0,,,,,,,,,
2022/09/26,4.85,4.88,4.76,4.88,119.0,573.0,-2.2044,0.4113,22.0,-2.0,0.0,0.0,-2.0,,,,,,,,,
2022/09/27,4.85,4.92,4.8,4.9,214.0,1037.0,0.4098,0.7397,20.0,0.0,0.0,0.0,0.0,,,,,,,,,
2022/09/28,4.89,5.03,4.73,4.76,188.0,893.0,-2.8571,0.6498,24.0,0.0,0.0,0.0,0.0,,,,,,,,,
2022/09/29,4.89,4.89,4.7,4.7,59.0,278.0,-1.2605,0.2039,21.0,0.0,0.0,0.0,0.0,,,,,,,,,
2022/09/30,4.65,4.72,4.6,4.72,108.0,501.0,0.4255,0.3733,21.0,0.0,0.0,0.0,0.0,,,,,,,,,
2022/10/03,4.83,4.95,4.76,4.9,415.0,2017.0,3.8136,1.4345,26.0,0.0,0.0,0.0,0.0,,,,,,,,,
2022/10/04,4.79,4.95,4.79,4.95,112.0,552.0,1.0204,0.3871,12.0,0.0,0.0,0.0,0.0,,,,,,,,,
2022/10/05,4.95,4.98,4.87,4.97,5.0,24.0,0.404,0.0173,4.0,0.0,0.0,0.0,0.0,,,,,,,,,
2022/10/06,4.8,4.89,4.75,4.89,36.0,171.0,-1.6097,0.1244,16.0,0.0,0.0,0.0,0.0,,,,,,,,,
2022/10/07,4.81,4.94,4.81,4.94,35.0,172.0,1.0225,0.121,6.0,0.0,0.0,0.0,0.0,,,,,,,,,
2022/10/11,4.84,4.95,4.84,4.84,85.0,417.0,-2.0243,0.2938,10.0,0.0,0.0,0.0,0.0,,,,,,,,,
2022/10/12,4.94,4.94,4.82,4.82,6.0,29.0,-0.4132,0.0207,5.0,0.0,0.0,0.0,0.0,,,,,,,,,
2022/10/13,4.84,4.9,4.82,4.83,178.0,865.0,0.2075,0.6153,31.0,0.0,0.0,0.0,0.0,,,,,,,,,
2022/10/14,4.82,4.9,4.75,4.9,190.0,916.0,1.4493,0.6568,21.0,2.0,0.0,0.0,2.0,,,,,,,,,
2022/10/17,4.76,4.9,4.76,4.9,168.0,817.0,0.0,0.5807,26.0,-2.0,0.0,0.0,-2.0,,,,,,,,,
2022/10/18,4.91,4.93,4.83,4.83,5.0,24.0,-1.4286,0.0173,5.0,0.0,0.0,0.0,0.0,,,,,,,,,
2022/10/19,4.83,4.83,4.83,4.83,2.0,9.0,0.0,0.0069,2.0,0.0,0.0,0.0,0.0,,,,,,,,,
2022/10/20,4.8,4.88,4.8,4.88,51.0,245.0,1.0352,0.1763,9.0,0.0,0.0,0.0,0.0,,,,,,,,,
2022/10/21,4.8,4.9,4.8,4.9,4.0,19.0,0.4098,0.0138,4.0,0.0,0.0,0.0,0.0,,,,,,,,,
2022/10/24,4.76,4.89,4.76,4.89,2.0,9.0,-0.2041,0.0069,2.0,0.0,0.0,0.0,0.0,,,,,,,,,
2022/10/25,4.84,4.9,4.84,4.86,42.0,204.0,-0.6135,0.1452,13.0,0.0,0.0,0.0,0.0,,,,,,,,,
2022/10/26,4.84,4.88,4.83,4.83,14.0,67.0,-0.6173,0.0484,8.0,0.0,0.0,0.0,0.0,,,,,,,,,
2022/10/27,4.93,4.99,4.85,4.99,76.0,376.0,3.3126,0.2627,19.0,0.0,0.0,0.0,0.0,,,,,,,,,
2022/10/28,4.99,5.15,4.87,5.15,57.0,285.0,3.2064,0.197,15.0,0.0,0.0,0.0,0.0,,,,,,,,,
2022/10/31,5.01,5.06,4.85,5.0,11.0,55.0,-2.9126,0.038,9.0,0.0,0.0,0.0,0.0,,,,,,,,,
2022/11/01,4.99,4.99,4.99,4.99,10.0,49.0,-0.2,0.0346,1.0,0.0,0.0,0.0,0.0,,,,,,,,,
2022/11/02,4.86,4.99,4.86,4.99,5.0,24.0,0.0,0.0173,3.0,0.0,0.0,0.0,0.0,,,,,,,,,
2022/11/03,4.88,4.92,4.88,4.9,40.0,196.0,-1.8036,0.1383,9.0,0.0,0.0,0.0,0.0,,,,,,,,,
2022/11/04,4.9,4.9,4.9,4.9,0.0,0.0,0.0,0.0,0.0,0.0,0.0,0.0,0.0,,,,,,,,,
2022/11/07,5.0,5.0,5.0,5.0,1.0,5.0,2.0408,0.0035,1.0,0.0,0.0,0.0,0.0,,,,,,,,,
2022/11/08,5.0,5.12,5.0,5.0,8.0,40.0,0.0,0.0277,5.0,0.0,0.0,0.0,0.0,,,,,,,,,
2022/11/09,4.96,5.14,4.96,5.14,7.0,35.0,2.8,0.0242,3.0,0.0,0.0,0.0,0.0,,,,,,,,,
2022/11/10,5.14,5.14,5.14,5.14,0.0,0.0,0.0,0.0,0.0,0.0,0.0,0.0,0.0,,,,,,,,,
2022/11/11,5.11,5.11,5.11,5.11,0.0,0.0,-0.5837,0.0,0.0,0.0,0.0,0.0,0.0,,,,,,,,,
2022/11/14,5.22,5.25,5.09,5.09,15.0,78.0,-0.3914,0.0518,7.0,0.0,0.0,0.0,0.0,,,,,,,,,
2022/11/15,5.06,5.12,5.06,5.09,9.0,45.0,0.0,0.0311,8.0,0.0,0.0,0.0,0.0,,,,,,,,,
2022/11/16,5.1,5.1,4.96,5.09,22.0,112.0,0.0,0.076,6.0,0.0,0.0,0.0,0.0,,,,,,,,,
2022/11/17,5.0,5.06,5.0,5.05,27.0,135.0,-0.7859,0.0933,14.0,0.0,0.0,0.0,0.0,,,,,,,,,
2022/11/18,5.24,5.24,5.01,5.03,14.0,72.0,-0.396,0.0484,13.0,0.0,0.0,0.0,0.0,,,,,,,,,
2022/11/21,5.1,5.1,5.0,5.0,6.0,30.0,-0.5964,0.0207,4.0,0.0,0.0,0.0,0.0,,,,,,,,,
2022/11/22,5.06,5.1,5.0,5.02,435.0,2213.0,0.4,1.4831,17.0,0.0,0.0,0.0,0.0,,,,,,,,,
2022/11/23,5.04,5.05,5.03,5.03,6.0,30.0,0.1992,0.0205,5.0,0.0,0.0,0.0,0.0,,,,,,,,,
2022/11/24,5.03,5.03,5.03,5.03,3.0,15.0,0.0,0.0102,2.0,0.0,0.0,0.0,0.0,,,,,,,,,
2022/11/25,5.03,5.04,5.03,5.04,14.0,70.0,0.1988,0.0477,6.0,0.0,0.0,0.0,0.0,,,,,,,,,
2022/11/28,5.04,5.04,5.04,5.04,0.0,0.0,0.0,0.0,0.0,0.0,0.0,0.0,0.0,,,,,,,,,
2022/11/29,5.04,5.05,5.0,5.05,62.0,311.0,0.1984,0.2114,14.0,0.0,0.0,0.0,0.0,,,,,,,,,
2022/11/30,5.05,5.08,5.01,5.08,20.0,100.0,0.5941,0.0682,8.0,0.0,0.0,0.0,0.0,,,,,,,,,
2022/12/01,5.0,5.03,5.0,5.03,15.0,75.0,-0.9843,0.0511,8.0,0.0,0.0,0.0,0.0,,,,,,,,,
2022/12/02,5.09,5.09,5.02,5.08,14.0,70.0,0.994,0.0477,5.0,0.0,0.0,0.0,0.0,,,,,,,,,
2022/12/05,5.09,5.09,5.0,5.02,32.0,160.0,-1.1811,0.1091,18.0,0.0,0.0,0.0,0.0,,,,,,,,,
2022/12/06,5.02,5.02,5.02,5.02,1.0,5.0,0.0,0.0034,1.0,0.0,0.0,0.0,0.0,,,,,,,,,
2022/12/07,4.93,5.0,4.93,4.95,6.0,29.0,-1.3944,0.0205,5.0,0.0,0.0,0.0,0.0,,,,,,,,,
2022/12/08,4.95,5.08,4.95,5.05,116.0,586.0,2.0202,0.3955,11.0,0.0,0.0,0.0,0.0,,,,,,,,,
2022/12/09,5.01,5.03,5.01,5.01,13.0,65.0,-0.7921,0.0443,10.0,0.0,0.0,0.0,0.0,,,,,,,,,
2022/12/12,5.01,5.02,5.01,5.02,10.0,50.0,0.1996,0.0341,7.0,0.0,0.0,0.0,0.0,,,,,,,,,
2022/12/13,5.05,5.25,5.05,5.12,81.0,417.0,1.992,0.2762,31.0,0.0,0.0,0.0,0.0,,,,,,,,,
2022/12/14,5.07,5.07,5.03,5.04,20.0,101.0,-1.5625,0.0682,9.0,0.0,0.0,0.0,0.0,,,,,,,,,
2022/12/15,5.1,5.1,5.03,5.05,65.0,327.0,0.1984,0.2216,17.0,0.0,0.0,0.0,0.0,,,,,,,,,
2022/12/16,5.02,5.09,4.83,5.08,67.0,331.0,0.5941,0.2284,22.0,1.0,0.0,0.0,1.0,,,,,,,,,
2022/12/19,5.07,5.09,5.03,5.03,78.0,396.0,-0.9843,0.2659,9.0,0.0,0.0,0.0,0.0,,,,,,,,,
2022/12/20,5.0,5.05,5.0,5.04,60.0,300.0,0.1988,0.2046,5.0,0.0,0.0,0.0,0.0,,,,,,,,,
2022/12/21,5.04,5.17,5.04,5.17,112.0,571.0,2.5794,0.3819,23.0,0.0,0.0,0.0,0.0,,,,,,,,,
2022/12/22,5.01,5.14,5.01,5.14,17.0,85.0,-0.5803,0.058,7.0,0.0,0.0,0.0,0.0,,,,,,,,,
2022/12/23,5.14,5.14,5.14,5.14,0.0,0.0,0.0,0.0,0.0,0.0,0.0,0.0,0.0,,,,,,,,,
2022/12/26,5.05,5.1,5.02,5.1,18.0,90.0,-0.7782,0.0614,6.0,0.0,0.0,0.0,0.0,,,,,,,,,
2022/12/27,5.02,5.1,5.01,5.1,42.0,211.0,0.0,0.1432,13.0,-1.0,0.0,0.0,-1.0,,,,,,,,,
2022/12/28,5.1,5.1,5.02,5.02,2.0,10.0,-1.5686,0.0068,2.0,0.0,0.0,0.0,0.0,,,,,,,,,
2022/12/29,5.0,5.08,4.95,5.08,107.0,536.0,1.1952,0.3617,18.0,0.0,0.0,0.0,0.0,,,,,,,,,
2022/12/30,5.08,5.08,5.08,5.08,0.0,0.0,0.0,0.0,0.0,0.0,0.0,0.0,0.0,,,,,,,,,
2023/01/03,5.04,5.09,5.0,5.09,15.0,75.0,0.1969,0.0507,8.0,0.0,0.0,0.0,0.0,,,,,,,,,
2023/01/04,5.09,5.09,5.09,5.09,0.0,0.0,0.0,0.0,0.0,0.0,0.0,0.0,0.0,,,,,,,,,
2023/01/05,5.09,5.09,4.95,5.07,31.0,155.0,-0.3929,0.1048,10.0,0.0,0.0,0.0,0.0,,,,,,,,,
2023/01/06,4.98,5.08,4.98,5.08,3.0,15.0,0.1972,0.0101,3.0,0.0,0.0,0.0,0.0,,,,,,,,,
2023/01/09,5.0,5.07,5.0,5.07,26.0,130.0,-0.1969,0.0879,9.0,0.0,0.0,0.0,0.0,,,,,,,,,
2023/01/10,5.0,5.04,4.98,5.04,8.0,39.0,-0.5917,0.027,6.0,0.0,0.0,0.0,0.0,,,,,,,,,
2023/01/11,5.04,5.05,4.98,5.03,24.0,120.0,-0.1984,0.0811,6.0,0.0,0.0,0.0,0.0,,,,,,,,,
2023/01/12,5.0,5.05,5.0,5.05,44.0,221.0,0.3976,0.1487,15.0,0.0,0.0,0.0,0.0,,,,,,,,,
2023/01/13,5.0,5.04,5.0,5.04,11.0,55.0,-0.198,0.0372,2.0,0.0,0.0,0.0,0.0,,,,,,,,,
2023/01/16,5.04,5.04,5.04,5.04,0.0,0.0,0.0,0.0,0.0,0.0,0.0,0.0,0.0,,,,,,,,,
2023/01/17,5.0,5.04,4.96,5.04,15.0,75.0,0.0,0.0507,9.0,0.0,0.0,0.0,0.0,,,,,,,,,
2023/01/30,5.08,5.1,5.01,5.1,178.0,904.0,1.1905,0.6018,19.0,0.0,0.0,0.0,0.0,,,,,,,,,
2023/01/31,5.1,5.14,5.1,5.1,146.0,744.0,0.0,0.4936,6.0,0.0,0.0,0.0,0.0,,,,,,,,,
2023/02/01,5.11,5.13,5.09,5.11,100.0,510.0,0.1961,0.3381,10.0,0.0,0.0,0.0,0.0,,,,,,,,,
2023/02/02,5.22,5.22,5.1,5.14,43.0,219.0,0.5871,0.1454,16.0,0.0,0.0,0.0,0.0,,,,,,,,,
2023/02/03,5.06,5.14,5.06,5.14,9.0,45.0,0.0,0.0304,6.0,0.0,0.0,0.0,0.0,,,,,,,,,
2023/02/06,5.14,5.14,5.01,5.11,22.0,110.0,-0.5837,0.0744,12.0,0.0,0.0,0.0,0.0,,,,,,,,,
2023/02/07,5.01,5.05,5.0,5.03,204.0,1022.0,-1.5656,0.6897,19.0,0.0,0.0,0.0,0.0,,,,,,,,,
2023/02/08,5.03,5.03,5.03,5.03,13.0,65.0,0.0,0.0439,3.0,0.0,0.0,0.0,0.0,,,,,,,,,
2023/02/09,5.02,5.09,5.0,5.09,20.0,100.0,1.1928,0.0676,7.0,0.0,0.0,0.0,0.0,,,,,,,,,
2023/02/10,5.07,5.09,5.02,5.03,113.0,572.0,-1.1788,0.382,21.0,0.0,0.0,0.0,0.0,,,,,,,,,
2023/02/13,5.01,5.01,4.99,4.99,87.0,434.0,-0.7952,0.2941,11.0,0.0,0.0,0.0,0.0,,,,,,,,,
2023/02/14,5.01,5.1,5.01,5.1,92.0,469.0,2.2044,0.311,12.0,0.0,0.0,0.0,0.0,,,,,,,,,
2023/02/15,5.14,5.14,5.04,5.12,16.0,81.0,0.3922,0.0541,11.0,0.0,0.0,0.0,0.0,,,,,,,,,
2023/02/16,5.07,5.11,5.05,5.11,8.0,40.0,-0.1953,0.027,5.0,0.0,0.0,0.0,0.0,,,,,,,,,
2023/02/17,5.08,5.1,5.04,5.1,14.0,70.0,-0.1957,0.0473,9.0,0.0,0.0,0.0,0.0,,,,,,,,,
2023/02/20,5.1,5.12,5.05,5.12,33.0,167.0,0.3922,0.1116,13.0,0.0,0.0,0.0,0.0,,,,,,,,,
2023/02/21,5.05,5.09,5.05,5.09,4.0,20.0,-0.5859,0.0135,3.0,0.0,0.0,0.0,0.0,,,,,,,,,
2023/02/22,5.09,5.11,5.09,5.1,28.0,142.0,0.1965,0.0947,13.0,0.0,0.0,0.0,0.0,,,,,,,,,
2023/02/23,5.1,5.14,5.06,5.13,50.0,255.0,0.5882,0.169,14.0,0.0,0.0,0.0,0.0,,,,,,,,,
2023/02/24,5.07,5.12,5.07,5.12,10.0,50.0,-0.1949,0.0338,9.0,0.0,0.0,0.0,0.0,,,,,,,,,
2023/03/01,5.12,5.12,5.01,5.11,95.0,477.0,-0.1953,0.3212,12.0,0.0,0.0,0.0,0.0,,,,,,,,,
2023/03/02,5.05,5.1,5.05,5.1,2.0,10.0,-0.1957,0.0068,2.0,0.0,0.0,0.0,0.0,,,,,,,,,
2023/03/03,5.03,5.09,5.03,5.09,17.0,86.0,-0.1961,0.0575,8.0,0.0,0.0,0.0,0.0,,,,,,,,,
2023/03/06,5.02,5.08,5.02,5.08,17.0,85.0,-0.1965,0.0575,13.0,0.0,0.0,0.0,0.0,,,,,,,,,
2023/03/07,5.06,5.08,5.03,5.08,37.0,186.0,0.0,0.1251,12.0,0.0,0.0,0.0,0.0,,,,,,,,,
2023/03/08,5.02,5.08,4.99,5.08,52.0,262.0,0.0,0.1758,22.0,0.0,0.0,0.0,0.0,,,,,,,,,
2023/03/09,5.11,5.58,5.11,5.58,257.0,1411.0,9.8425,0.8688,105.0,0.0,0.0,0.0,0.0,,,,,,,,,
2023/03/10,5.6,5.7,5.42,5.6,197.0,1104.0,0.3584,0.666,81.0,0.0,0.0,0.0,0.0,,,,,,,,,
2023/03/13,5.43,5.43,5.14,5.39,46.0,242.0,-3.75,0.1555,27.0,0.0,0.0,0.0,0.0,,,,,,,,,
2023/03/14,5.17,5.33,5.17,5.3,13.0,70.0,-1.6698,0.0439,13.0,0.0,0.0,0.0,0.0,,,,,,,,,
2023/03/15,5.2,5.29,5.14,5.29,17.0,88.0,-0.1887,0.0575,14.0,0.0,0.0,0.0,0.0,,,,,,,,,
2023/03/16,5.11,5.23,5.11,5.23,18.0,92.0,-1.1342,0.0609,13.0,0.0,0.0,0.0,0.0,,,,,,,,,
2023/03/17,5.14,5.25,5.1,5.14,15.0,77.0,-1.7208,0.0507,12.0,0.0,0.0,0.0,0.0,,,,,,,,,
2023/03/20,5.04,5.14,4.99,5.14,44.0,221.0,0.0,0.1487,23.0,0.0,0.0,0.0,0.0,,,,,,,,,
2023/03/21,5.14,5.14,5.05,5.12,72.0,364.0,-0.3891,0.2434,18.0,0.0,0.0,0.0,0.0,,,,,,,,,
2023/03/22,5.06,5.09,5.03,5.09,31.0,156.0,-0.5859,0.1048,9.0,0.0,0.0,0.0,0.0,,,,,,,,,
2023/03/23,5.16,5.16,5.08,5.12,21.0,107.0,0.5894,0.071,11.0,0.0,0.0,0.0,0.0,,,,,,,,,
2023/03/24,5.06,5.12,5.06,5.12,9.0,45.0,0.0,0.0304,3.0,0.0,0.0,0.0,0.0,,,,,,,,,
2023/03/27,5.02,5.1,5.01,5.1,77.0,386.0,-0.3906,0.2603,30.0,0.0,0.0,0.0,0.0,,,,,,,,,
2023/03/28,5.09,5.13,5.05,5.12,102.0,517.0,0.3922,0.3448,17.0,0.0,0.0,0.0,0.0,,,,,,,,,
2023/03/29,5.08,5.08,5.06,5.06,31.0,157.0,-1.1719,0.1048,11.0,0.0,0.0,0.0,0.0,,,,,,,,,
2023/03/30,5.06,5.1,5.06,5.07,30.0,152.0,0.1976,0.1014,6.0,0.0,0.0,0.0,0.0,,,,,,,,,
2023/03/31,5.07,5.13,5.07,5.13,2.0,10.0,1.1834,0.0068,2.0,0.0,0.0,0.0,0.0,,,,,,,,,
2023/04/06,5.13,5.13,5.1,5.1,23.0,117.0,-0.5848,0.0778,4.0,0.0,0.0,0.0,0.0,,,,,,,,,
2023/04/07,5.1,5.18,5.1,5.16,13.0,66.0,1.1765,0.0439,3.0,0.0,0.0,0.0,0.0,,,,,,,,,
2023/04/10,5.16,5.16,5.11,5.11,11.0,56.0,-0.969,0.0372,5.0,0.0,0.0,0.0,0.0,,,,,,,,,
2023/04/11,5.1,5.12,5.08,5.12,13.0,66.0,0.1957,0.0439,4.0,0.0,0.0,0.0,0.0,,,,,,,,,
2023/04/12,5.12,5.12,5.12,5.12,1.0,5.0,0.0,0.0034,1.0,0.0,0.0,0.0,0.0,,,,,,,,,
2023/04/13,5.12,5.18,5.12,5.18,8.0,41.0,1.1719,0.027,5.0,0.0,0.0,0.0,0.0,,,,,,,,,
2023/04/14,5.08,5.14,5.08,5.13,30.0,153.0,-0.9653,0.1014,14.0,0.0,0.0,0.0,0.0,,,,,,,,,
2023/04/17,5.1,5.11,5.08,5.11,16.0,81.0,-0.3899,0.0541,8.0,0.0,0.0,0.0,0.0,,,,,,,,,
2023/04/18,5.02,5.11,5.02,5.1,12.0,60.0,-0.1957,0.0406,6.0,0.0,0.0,0.0,0.0,,,,,,,,,
2023/04/19,5.1,5.15,5.1,5.15,10.0,51.0,0.9804,0.0338,4.0,0.0,0.0,0.0,0.0,,,,,,,,,
2023/04/20,5.15,5.15,5.15,5.15,0.0,0.0,0.0,0.0,0.0,0.0,0.0,0.0,0.0,,,,,,,,,
2023/04/21,5.03,5.11,5.03,5.11,6.0,30.0,-0.7767,0.0203,5.0,0.0,0.0,0.0,0.0,,,,,,,,,
2023/04/24,5.03,5.12,5.03,5.12,33.0,167.0,0.1957,0.1116,10.0,0.0,0.0,0.0,0.0,,,,,,,,,
2023/04/25,5.03,5.11,5.03,5.11,35.0,177.0,-0.1953,0.1183,12.0,0.0,0.0,0.0,0.0,,,,,,,,,
2023/04/26,5.01,5.08,4.94,5.08,31.0,155.0,-0.5871,0.1048,14.0,0.0,0.0,0.0,0.0,,,,,,,,,
2023/04/27,5.08,5.1,5.05,5.05,30.0,152.0,-0.5906,0.1014,11.0,0.0,0.0,0.0,0.0,,,,,,,,,
2023/04/28,5.09,5.34,5.08,5.17,122.0,627.0,2.3762,0.4124,59.0,0.0,0.0,0.0,0.0,,,,,,,,,
2023/05/02,5.07,5.29,5.06,5.21,60.0,310.0,0.7737,0.2028,32.0,0.0,0.0,0.0,0.0,,,,,,,,,
2023/05/03,5.13,5.14,5.13,5.14,29.0,148.0,-1.3436,0.098,9.0,0.0,0.0,0.0,0.0,,,,,,,,,
2023/05/04,5.12,5.16,5.11,5.16,7.0,35.0,0.3891,0.0237,5.0,0.0,0.0,0.0,0.0,,,,,,,,,
2023/05/05,5.13,5.21,5.13,5.21,15.0,77.0,0.969,0.0507,11.0,0.0,0.0,0.0,0.0,,,,,,,,,
2023/05/08,5.21,5.21,5.16,5.16,33.0,173.0,-0.9597,0.1116,22.0,0.0,0.0,0.0,0.0,,,,,,,,,
2023/05/09,5.09,5.15,5.08,5.15,8.0,40.0,-0.1938,0.027,5.0,0.0,0.0,0.0,0.0,,,,,,,,,
2023/05/10,5.13,5.53,5.13,5.22,50.0,263.0,1.3592,0.169,33.0,0.0,0.0,0.0,0.0,,,,,,,,,
2023/05/11,5.24,5.24,5.12,5.15,144.0,741.0,-1.341,0.4811,32.0,0.0,0.0,0.0,0.0,,,,,,,,,
2023/05/12,5.14,5.15,5.09,5.15,138.0,709.0,0.0,0.4611,15.0,0.0,0.0,0.0,0.0,,,,,,,,,
2023/05/15,5.14,5.15,5.1,5.15,28.0,143.0,0.0,0.0935,17.0,0.0,0.0,0.0,0.0,,,,,,,,,
2023/05/16,5.14,5.15,5.11,5.15,67.0,345.0,0.0,0.2238,18.0,0.0,0.0,0.0,0.0,,,,,,,,,
2023/05/17,5.12,5.2,5.12,5.17,63.0,326.0,0.3883,0.2105,15.0,0.0,0.0,0.0,0.0,,,,,,,,,
2023/05/18,5.16,5.16,5.11,5.15,19.0,97.0,-0.3868,0.0635,9.0,0.0,0.0,0.0,0.0,,,,,,,,,
2023/05/19,5.15,5.15,5.11,5.14,13.0,66.0,-0.1942,0.0434,8.0,0.0,0.0,0.0,0.0,,,,,,,,,
2023/05/22,5.1,5.14,5.05,5.14,57.0,289.0,0.0,0.1904,22.0,0.0,0.0,0.0,0.0,,,,,,,,,
2023/05/23,5.12,5.13,5.12,5.13,6.0,30.0,-0.1946,0.02,3.0,0.0,0.0,0.0,0.0,,,,,,,,,
2023/05/24,5.06,5.13,5.05,5.13,59.0,301.0,0.0,0.1967,14.0,0.0,0.0,0.0,0.0,,,,,,,,,
2023/05/25,5.12,5.12,5.12,5.12,2.0,10.0,-0.1949,0.0067,2.0,0.0,0.0,0.0,0.0,,,,,,,,,
2023/05/26,5.12,5.13,5.04,5.13,185.0,938.0,0.1953,0.6167,23.0,0.0,0.0,0.0,0.0,,,,,,,,,
2023/05/29,5.13,5.13,5.06,5.11,17.0,86.0,-0.3899,0.0567,7.0,0.0,0.0,0.0,0.0,,,,,,,,,
2023/05/30,5.12,5.62,5.12,5.48,353.0,1906.0,7.2407,1.1767,105.0,0.0,0.0,0.0,0.0,,,,,,,,,
2023/05/31,5.2,5.5,5.2,5.38,124.0,665.0,-1.8248,0.4133,49.0,0.0,0.0,0.0,0.0,,,,,,,,,
2023/06/01,5.31,5.31,5.22,5.22,27.0,141.0,-2.974,0.09,13.0,0.0,0.0,0.0,0.0,,,,,,,,,
2023/06/02,5.24,5.32,5.12,5.25,62.0,323.0,0.5747,0.2067,32.0,0.0,0.0,0.0,0.0,,,,,,,,,
2023/06/05,5.23,5.24,5.2,5.24,86.0,447.0,-0.1905,0.2867,25.0,0.0,0.0,0.0,0.0,,,,,,,,,
2023/06/06,5.25,5.25,5.17,5.22,27.0,140.0,-0.3817,0.09,14.0,0.0,0.0,0.0,0.0,,,,,,,,,
2023/06/07,5.18,5.21,5.15,5.2,27.0,139.0,-0.3831,0.09,10.0,0.0,0.0,0.0,0.0,,,,,,,,,
2023/06/08,5.28,5.28,5.15,5.15,30.0,154.0,-0.9615,0.1,16.0,0.0,0.0,0.0,0.0,,,,,,,,,
2023/06/09,5.21,5.21,5.12,5.18,28.0,144.0,0.5825,0.0933,10.0,0.0,0.0,0.0,0.0,,,,,,,,,
2023/06/12,5.1,5.19,5.05,5.15,41.0,208.0,-0.5792,0.1367,19.0,0.0,0.0,0.0,0.0,,,,,,,,,
2023/06/13,5.14,5.14,5.09,5.12,50.0,254.0,-0.5825,0.1667,8.0,0.0,0.0,0.0,0.0,,,,,,,,,
2023/06/14,5.12,5.14,5.07,5.14,48.0,244.0,0.3906,0.16,21.0,0.0,0.0,0.0,0.0,,,,,,,,,
2023/06/15,5.09,5.1,5.08,5.1,24.0,122.0,-0.7782,0.08,8.0,0.0,0.0,0.0,0.0,,,,,,,,,
2023/06/16,5.08,5.12,5.08,5.12,21.0,106.0,0.3922,0.07,13.0,0.0,0.0,0.0,0.0,,,,,,,,,
2023/06/19,5.08,5.13,5.08,5.09,7.0,35.0,-0.5859,0.0233,6.0,0.0,0.0,0.0,0.0,,,,,,,,,
2023/06/20,5.09,5.1,5.08,5.1,8.0,40.0,0.1965,0.0267,4.0,0.0,0.0,0.0,0.0,,,,,,,,,
2023/06/21,5.13,5.14,5.08,5.12,23.0,117.0,0.3922,0.0767,12.0,0.0,0.0,0.0,0.0,,,,,,,,,
2023/06/26,5.14,5.14,5.06,5.09,63.0,320.0,-0.5859,0.21,14.0,0.0,0.0,0.0,0.0,,,,,,,,,
2023/06/27,5.11,5.19,5.08,5.18,128.0,660.0,1.7682,0.4267,28.0,0.0,0.0,0.0,0.0,,,,,,,,,
2023/06/28,5.11,5.18,5.11,5.18,6.0,30.0,0.0,0.02,4.0,0.0,0.0,0.0,0.0,,,,,,,,,
2023/06/29,5.08,5.18,5.08,5.18,3.0,15.0,0.0,0.01,3.0,0.0,0.0,0.0,0.0,,,,,,,,,
2023/06/30,5.08,5.12,5.08,5.12,15.0,76.0,-1.1583,0.05,15.0,0.0,0.0,0.0,0.0,,,,,,,,,
2023/07/03,5.15,5.17,5.08,5.17,6.0,30.0,0.9766,0.02,4.0,0.0,0.0,0.0,0.0,,,,,,,,,
2023/07/04,5.15,5.16,5.07,5.15,18.0,91.0,-0.3868,0.06,10.0,0.0,0.0,0.0,0.0,,,,,,,,,
2023/07/05,5.15,5.15,5.08,5.14,20.0,101.0,-0.1942,0.0667,10.0,0.0,0.0,0.0,0.0,,,,,,,,,
2023/07/06,5.07,5.12,5.07,5.07,40.0,202.0,-1.3619,0.1333,14.0,0.0,0.0,0.0,0.0,,,,,,,,,
2023/07/07,5.05,5.08,4.7,5.08,266.0,1315.0,0.1972,0.8867,28.0,0.0,0.0,0.0,0.0,,,,,,,,,
2023/07/10,4.95,5.07,4.93,5.06,91.0,459.0,-0.3937,0.3033,24.0,0.0,0.0,0.0,0.0,,,,,,,,,
2023/07/11,5.05,5.1,5.0,5.06,22.0,111.0,0.0,0.0733,11.0,0.0,0.0,0.0,0.0,,,,,,,,,
2023/07/12,5.05,5.09,5.01,5.09,66.0,333.0,0.5929,0.22,20.0,0.0,0.0,0.0,0.0,,,,,,,,,
2023/07/13,5.09,5.09,5.0,5.08,36.0,180.0,-0.1965,0.12,14.0,0.0,0.0,0.0,0.0,,,,,,,,,
2023/07/14,5.08,5.1,5.05,5.09,46.0,233.0,0.1969,0.1533,11.0,0.0,0.0,0.0,0.0,,,,,,,,,
2023/07/17,5.05,5.08,5.05,5.08,3.0,15.0,-0.1965,0.01,2.0,0.0,0.0,0.0,0.0,,,,,,,,,
2023/07/18,5.02,5.12,5.02,5.12,7.0,35.0,0.7874,0.0233,6.0,0.0,0.0,0.0,0.0,,,,,,,,,
2023/07/19,5.02,5.09,5.02,5.09,2.0,10.0,-0.5859,0.0067,4.0,0.0,0.0,0.0,0.0,,,,,,,,,
2023/07/20,5.03,5.1,5.03,5.09,26.0,132.0,0.0,0.0867,10.0,0.0,0.0,0.0,0.0,,,,,,,,,
2023/07/21,5.23,5.23,5.07,5.15,8.0,41.0,1.1788,0.0267,5.0,0.0,0.0,0.0,0.0,,,,,,,,,
2023/07/24,5.04,5.14,5.02,5.14,7.0,35.0,-0.1942,0.0233,5.0,0.0,0.0,0.0,0.0,,,,,,,,,
2023/07/25,5.05,5.1,5.05,5.1,13.0,65.0,-0.7782,0.0433,6.0,1.0,0.0,0.0,1.0,,,,,,,,,
2023/07/26,5.09,5.17,5.05,5.17,14.0,71.0,1.3725,0.0467,10.0,-1.0,0.0,0.0,-1.0,,,,,,,,,
2023/07/27,5.07,5.13,5.06,5.13,57.0,289.0,-0.7737,0.19,7.0,0.0,0.0,0.0,0.0,,,,,,,,,
2023/07/28,5.03,5.1,5.01,5.1,21.0,105.0,-0.5848,0.07,11.0,0.0,0.0,0.0,0.0,,,,,,,,,
2023/07/31,5.1,5.1,5.02,5.07,7.0,35.0,-0.5882,0.0233,5.0,0.0,0.0,0.0,0.0,,,,,,,,,
2023/08/01,5.0,5.06,4.99,5.06,4.0,20.0,-0.1972,0.0133,3.0,0.0,0.0,0.0,0.0,,,,,,,,,
2023/08/02,5.06,5.1,4.99,5.1,77.0,388.0,0.7905,0.2567,26.0,0.0,0.0,0.0,0.0,,,,,,,,,
2023/08/04,5.1,5.14,4.99,5.0,92.0,462.0,-1.9608,0.3067,30.0,0.0,0.0,0.0,0.0,,,,,,,,,
2023/08/07,5.09,5.09,5.09,5.09,1.0,5.0,1.8,0.0033,1.0,0.0,0.0,0.0,0.0,,,,,,,,,
2023/08/08,5.18,5.18,5.05,5.08,6.0,30.0,-0.1965,0.02,5.0,0.0,0.0,0.0,0.0,,,,,,,,,
2023/08/09,5.0,5.07,5.0,5.07,33.0,165.0,-0.1969,0.11,10.0,0.0,0.0,0.0,0.0,,,,,,,,,
2023/08/10,5.07,5.07,4.94,5.03,81.0,401.0,-0.789,0.27,19.0,0.0,0.0,0.0,0.0,,,,,,,,,
2023/08/11,5.02,5.09,5.01,5.09,230.0,1164.0,1.1928,0.7667,27.0,0.0,0.0,0.0,0.0,,,,,,,,,
2023/08/14,5.0,5.07,4.97,5.07,74.0,373.0,-0.3929,0.2467,12.0,0.0,0.0,0.0,0.0,,,,,,,,,
2023/08/15,5.08,5.08,5.02,5.08,19.0,96.0,0.1972,0.0633,11.0,0.0,0.0,0.0,0.0,,,,,,,,,
2023/08/16,5.0,5.06,5.0,5.06,4.0,20.0,-0.3937,0.0133,4.0,0.0,0.0,0.0,0.0,,,,,,,,,
2023/08/17,5.03,5.06,5.03,5.06,6.0,30.0,0.0,0.02,4.0,0.0,0.0,0.0,0.0,,,,,,,,,
2023/08/18,5.02,5.06,5.01,5.06,7.0,35.0,0.0,0.0233,4.0,0.0,0.0,0.0,0.0,,,,,,,,,
2023/08/21,5.02,5.08,5.08,5.08,14.0,71.12,0.3953,0.0,7.0,0.0,0.0,0.0,0.0,,,,,,,,,
2023/08/22,5.02,5.1,5.02,5.1,57.0,287.73,0.3937,0.0,9.0,0.0,0.0,0.0,0.0,,,,,,,,,
2023/08/23,5.0,5.08,5.0,5.08,17.0,85.58,-0.3922,0.0,4.0,0.0,0.0,0.0,0.0,,,,,,,,,
2023/08/24,5.08,5.1,5.08,5.08,201.0,1022.4,0.0,0.0,21.0,0.0,0.0,0.0,0.0,,,,,,,,,
2023/08/25,5.09,5.1,5.05,5.1,14.0,71.19,0.3937,0.0,10.0,0.0,0.0,0.0,0.0,,,,,,,,,
2023/08/28,5.03,5.1,5.01,5.09,33.0,166.56,-0.1961,0.0,9.0,0.0,0.0,0.0,0.0,,,,,,,,,
2023/08/29,5.06,5.09,5.04,5.04,131.0,665.52,-0.9823,0.0,10.0,0.0,0.0,0.0,0.0,,,,,,,,,
2023/08/30,5.15,5.15,5.05,5.13,27.0,136.82,1.7857,0.0,8.0,0.0,0.0,0.0,0.0,,,,,,,,,
2023/08/31,5.1,5.13,5.06,5.13,47.0,240.55,0.0,0.0,13.0,0.0,0.0,0.0,0.0,,,,,,,,,
2023/09/01,5.13,5.13,5.1,5.13,13.0,66.51,0.0,0.0,7.0,0.0,0.0,0.0,0.0,,,,,,,,,
2023/09/04,5.15,5.3,5.11,5.2,61.011,314.867,1.3645,0.0,40.0,0.0,0.0,0.0,0.0,,,,,,,,,
2023/09/05,5.18,5.18,5.13,5.13,10.0,51.48,-1.3462,0.0,5.0,0.0,0.0,0.0,0.0,,,,,,,,,
2023/09/06,5.18,5.18,5.18,5.18,2.0,10.36,0.9747,0.0,2.0,0.0,0.0,0.0,0.0,,,,,,,,,
2023/09/07,5.18,5.18,5.18,5.18,8.0,41.44,0.0,0.0,6.0,0.0,0.0,0.0,0.0,,,,,,,,,
