年月日,開盤價(元),最高價(元),最低價(元),收盤價(元),成交量(千股),成交值(千元),報酬率％,週轉率％,成交筆數(筆),外資買賣超(千股),投信買賣超(千股),自營買賣超(千股),合計買賣超(千股),融資餘額(張),融資買進(張),融資賣出(張),融券買進(張),融券餘額(張),融券賣出(張),本益比-TSE,股價淨值比-TSE,股利殖利率-TSE
2002/04/22,16.0,16.0,16.0,16.0,1.0,16.0,6.6667,0.0052,1.0,0.0,0.0,0.0,0.0,,,,,,,,,
2002/04/23,17.1,17.1,17.1,17.1,1.0,17.0,6.875,0.0052,1.0,0.0,0.0,0.0,0.0,,,,,,,,,
2002/04/24,18.2,18.2,18.2,18.2,26.0,473.0,6.4327,0.135,24.0,0.0,0.0,0.0,0.0,,,,,,,,,
2002/04/25,19.4,19.4,19.4,19.4,1.0,19.0,6.5934,0.0052,1.0,0.0,0.0,0.0,0.0,,,,,,,,,
2002/04/26,20.7,20.7,20.7,20.7,6.0,124.0,6.701,0.0312,5.0,0.0,0.0,0.0,0.0,,,,,,,,,
2002/04/29,22.1,22.1,22.1,22.1,4.0,94.0,6.7633,0.0208,5.0,0.0,0.0,0.0,0.0,,,,,,,,,
2002/04/30,23.6,23.6,23.6,23.6,723.0,17062.0,6.7873,3.7547,408.0,0.0,0.0,-25.0,-25.0,,,,,,,,,
2002/05/02,25.2,25.2,23.6,24.1,1690.0,41862.0,2.1186,8.7765,1127.0,0.0,0.0,0.0,0.0,,,,,,,,,
2002/05/03,25.0,25.7,24.4,25.7,1341.0,34143.0,6.639,6.9641,396.0,0.0,0.0,-10.0,-10.0,,,,,,,,,
2002/05/06,25.6,26.9,25.0,25.7,920.0,23499.0,0.0,4.7777,368.0,0.0,0.0,0.0,0.0,,,,,,,,,
2002/05/07,25.0,25.5,24.9,25.2,438.0,11048.0,-1.9455,2.2746,218.0,0.0,0.0,0.0,0.0,,,,,,,,,
2002/05/08,25.5,26.5,25.5,26.2,590.0,15272.0,3.9683,3.064,255.0,0.0,0.0,0.0,0.0,,,,,,,,,
2002/05/09,26.5,27.0,25.3,25.6,722.0,18922.0,-2.2901,3.7495,254.0,0.0,0.0,0.0,0.0,,,,,,,,,
2002/05/10,25.6,26.6,25.6,25.8,499.0,13044.0,0.7813,2.5914,208.0,0.0,0.0,0.0,0.0,,,,,,,,,
2002/05/13,25.5,25.6,25.0,25.1,272.0,6879.0,-2.7132,1.4125,113.0,0.0,0.0,0.0,0.0,,,,,,,,,
2002/05/14,25.2,25.6,25.0,25.1,204.0,5153.0,0.0,1.0594,99.0,0.0,0.0,0.0,0.0,,,,,,,,,
2002/05/15,25.2,26.5,25.2,25.7,534.0,13728.0,2.3904,2.7732,188.0,1.0,0.0,0.0,1.0,,,,,,,,,
2002/05/16,26.0,26.0,25.3,25.3,226.0,5766.0,-1.5564,1.1737,65.0,0.0,0.0,0.0,0.0,,,,,,,,,
2002/05/17,25.4,26.0,25.4,25.6,261.0,6754.0,1.1858,1.3554,131.0,0.0,0.0,0.0,0.0,,,,,,,,,
2002/05/20,26.0,26.0,25.3,25.6,130.0,3327.0,0.0,0.6751,57.0,0.0,0.0,0.0,0.0,,,,,,,,,
2002/05/21,25.4,25.7,25.0,25.5,336.0,8488.0,-0.3906,1.7449,60.0,0.0,0.0,0.0,0.0,,,,,,,,,
2002/05/22,25.4,27.2,25.3,26.0,583.0,15287.0,1.9608,3.0276,146.0,1.0,0.0,0.0,1.0,,,,,,,,,
2002/05/23,25.2,26.3,25.2,25.8,413.0,10700.0,-0.7692,2.1448,86.0,2.0,0.0,0.0,2.0,,,,,,,,,
2002/05/24,25.5,27.6,25.5,27.6,818.0,22154.0,6.9767,4.248,227.0,2.0,0.0,0.0,2.0,,,,,,,,,
2002/05/27,27.2,29.4,27.2,29.4,749.0,21491.0,6.5217,3.8897,177.0,0.0,0.0,0.0,0.0,,,,,,,,,
2002/05/28,29.4,30.6,28.6,30.5,761.0,22395.0,3.7415,3.952,177.0,-2.0,0.0,0.0,-2.0,,,,,,,,,
2002/05/29,30.5,30.5,28.4,30.3,269.0,7997.0,-0.6557,1.397,98.0,1.0,0.0,0.0,1.0,,,,,,,,,
2002/05/30,28.5,31.7,28.5,31.7,1356.0,42170.0,4.6205,7.042,203.0,0.0,0.0,0.0,0.0,,,,,,,,,
2002/05/31,31.7,33.9,30.5,33.9,1192.0,39888.0,6.9401,6.1903,229.0,-3.0,0.0,0.0,-3.0,,,,,,,,,
2002/06/03,36.2,36.2,36.2,36.2,851.0,30829.0,6.7847,4.4194,117.0,-1.0,0.0,0.0,-1.0,,,,,,,,,
2002/06/04,38.0,38.7,37.0,38.7,4327.0,161717.0,6.9061,22.4709,1321.0,1.0,0.0,0.0,1.0,,,,,,,129.0,,
2002/06/05,39.4,40.0,39.1,39.4,4261.0,167792.0,1.8088,22.1282,1699.0,23.0,0.0,0.0,23.0,,,,,,,131.33,,
2002/06/06,39.2,39.9,39.0,39.0,1527.0,59942.0,-1.0152,7.93,752.0,-20.0,0.0,0.0,-20.0,,,,,,,130.0,,
2002/06/07,36.3,37.5,36.3,36.4,2123.0,77454.0,-6.6667,11.0251,858.0,2.0,0.0,0.0,2.0,,,,,,,121.33,,
2002/06/10,36.0,36.3,35.5,36.3,1013.0,36352.0,-0.2747,5.2607,394.0,0.0,0.0,0.0,0.0,,,,,,,121.0,,
2002/06/11,36.3,38.7,36.3,37.5,775.0,28986.0,3.3058,4.0247,332.0,2.0,0.0,0.0,2.0,,,,,,,125.0,,
2002/06/12,37.5,39.0,37.5,37.5,1175.0,44728.0,0.0,6.102,525.0,2.0,0.0,0.0,2.0,,,,,,,125.0,,
2002/06/13,39.0,39.3,38.0,39.3,850.0,33001.0,4.8,4.4142,430.0,-2.0,0.0,0.0,-2.0,,,,,,,131.0,,
2002/06/14,39.5,39.9,37.0,38.5,1657.0,63408.0,-2.0356,8.6051,742.0,0.0,0.0,0.0,0.0,,,,,,,128.33,,
2002/06/17,38.2,39.2,37.0,37.5,1173.0,44807.0,-2.5974,6.0916,489.0,1.0,0.0,0.0,1.0,,,,,,,125.0,,
2002/06/18,37.7,39.0,37.7,38.0,760.0,29129.0,1.3333,3.9468,426.0,0.0,0.0,0.0,0.0,,,,,,,126.67,,
2002/06/19,38.1,40.6,38.0,40.6,1884.0,74006.0,6.8421,9.784,868.0,0.0,0.0,0.0,0.0,,,,,,,135.33,,
2002/06/20,40.5,40.5,37.8,38.0,1539.0,59499.0,-6.4039,7.9923,865.0,0.0,0.0,0.0,0.0,,,,,,,126.67,,
2002/06/21,35.4,36.5,35.4,35.4,619.0,21993.0,-6.8421,3.2146,342.0,5.0,0.0,0.0,5.0,,,,,,,118.0,,
2002/06/24,33.0,33.0,33.0,33.0,111.0,3663.0,-6.7797,0.5764,63.0,0.0,0.0,0.0,0.0,,,,,,,110.0,,
2002/06/25,30.7,30.7,30.7,30.7,113.0,3469.0,-6.9697,0.5868,68.0,0.0,0.0,0.0,0.0,,,,,,,102.33,,
2002/06/26,28.8,32.5,28.7,28.7,1372.0,40883.0,-6.5147,7.1251,776.0,-5.0,0.0,0.0,-5.0,,,,,,,95.67,,
2002/06/27,28.7,29.2,26.7,26.7,451.0,12326.0,-6.9686,2.3421,253.0,0.0,0.0,0.0,0.0,,,,,,,89.0,,
2002/06/28,24.9,28.5,24.9,27.0,1673.0,44107.0,1.1236,8.6882,666.0,0.0,0.0,0.0,0.0,,,,,,,90.0,,
2002/07/01,26.9,26.9,25.2,26.3,943.0,24114.0,-2.5926,4.8972,346.0,0.0,0.0,0.0,0.0,,,,,,,87.67,,
2002/07/02,26.5,28.1,26.5,28.1,1323.0,36562.0,6.8441,6.8706,424.0,-2.0,0.0,0.0,-2.0,,,,,,,93.67,,
2002/07/03,28.2,29.0,27.2,28.1,890.0,25156.0,0.0,4.6219,348.0,0.0,0.0,0.0,0.0,,,,,,,93.67,,
2002/07/04,28.1,28.1,27.0,27.0,509.0,13976.0,-3.9146,2.6433,269.0,4.0,0.0,0.0,4.0,,,,,,,90.0,,
2002/07/05,26.2,27.6,26.2,27.4,553.0,14972.0,1.4815,2.8718,262.0,-1.0,0.0,0.0,-1.0,,,,,,,91.33,,
2002/07/08,26.5,27.5,26.5,26.6,382.0,10205.0,-2.9197,1.9838,207.0,6.0,0.0,0.0,6.0,,,,,,,88.67,,
2002/07/09,26.5,26.5,25.1,25.2,467.0,11841.0,-5.2632,2.4252,212.0,0.0,0.0,0.0,0.0,,,,,,,84.0,,
2002/07/10,24.2,26.9,24.0,26.9,1013.0,25701.0,6.746,5.2607,429.0,0.0,0.0,0.0,0.0,,,,,,,89.67,,
2002/07/11,26.0,27.8,26.0,27.2,841.0,22789.0,1.1152,4.3675,412.0,0.0,0.0,0.0,0.0,,,,,,,90.67,,
2002/07/12,27.3,28.6,26.6,28.3,1953.0,53795.0,4.0441,10.1423,537.0,0.0,0.0,0.0,0.0,,,,,,,94.33,,
2002/07/15,27.6,27.9,27.0,27.5,872.0,24015.0,-2.8269,4.5285,295.0,0.0,0.0,0.0,0.0,,,,,,,91.67,,
2002/07/16,27.5,27.9,26.0,27.9,682.0,18441.0,1.4545,3.5418,276.0,0.0,0.0,0.0,0.0,,,,,,,93.0,,
2002/07/17,27.8,27.8,26.7,26.7,342.0,9311.0,-4.3011,1.7761,183.0,0.0,0.0,0.0,0.0,,,,,,,89.0,,
2002/07/18,26.2,28.3,26.2,28.1,1349.0,37605.0,5.2434,7.0056,374.0,0.0,0.0,0.0,0.0,,,,,,,93.67,,
2002/07/19,28.1,30.0,27.5,30.0,2619.0,76551.0,6.7616,13.601,759.0,0.0,0.0,0.0,0.0,,,,,,,100.0,,
2002/07/22,30.2,31.7,28.6,30.7,3919.0,119400.0,2.3333,20.3521,974.0,0.0,0.0,0.0,0.0,,,,,,,102.33,,
2002/07/23,29.1,30.9,28.6,30.3,2124.0,63586.0,-1.3029,11.0303,559.0,0.0,0.0,0.0,0.0,,,,,,,101.0,,
2002/07/24,29.3,30.0,28.2,28.8,763.0,21949.0,-4.9505,3.9624,330.0,0.0,0.0,0.0,0.0,,,,,,,96.0,,
2002/07/25,28.0,30.3,28.0,29.1,1810.0,53290.0,1.0417,9.3997,447.0,0.0,0.0,0.0,0.0,,,,,,,97.0,,
2002/07/26,29.4,29.8,28.5,29.6,783.0,22915.0,1.7182,4.0663,333.0,0.0,0.0,0.0,0.0,,,,,,,98.67,,
2002/07/29,30.1,31.5,30.0,30.8,1932.0,59407.0,4.0541,10.0332,664.0,3.0,0.0,0.0,3.0,,,,,,,102.67,,
2002/07/30,31.3,31.3,29.1,29.4,777.0,23282.0,-4.5455,4.0351,293.0,0.0,0.0,0.0,0.0,,,,,,,98.0,,
2002/07/31,29.3,30.5,29.2,29.4,1464.0,43613.0,0.0,7.6028,671.0,3.0,0.0,0.0,3.0,,,,,,,98.0,,
2002/08/01,29.5,31.3,29.5,31.0,3258.0,100302.0,5.4422,16.9194,842.0,0.0,0.0,0.0,0.0,,,,,,,103.33,,
2002/08/02,30.6,30.6,28.9,28.9,2317.0,68094.0,-6.7742,12.0326,890.0,0.0,0.0,0.0,0.0,,,,,,,96.33,,
2002/08/05,26.9,26.9,26.9,26.9,68.0,1829.0,-6.9204,0.3531,35.0,0.0,0.0,0.0,0.0,,,,,,,89.67,,
2002/08/06,25.1,25.1,25.1,25.1,72.0,1807.0,-6.6914,0.3739,39.0,0.0,0.0,0.0,0.0,,,,,,,83.67,,
2002/08/07,23.4,25.0,23.4,23.4,1731.0,40861.0,-6.7729,8.9894,920.0,0.0,0.0,0.0,0.0,,,,,,,78.0,,
2002/08/08,21.8,22.8,21.8,21.8,518.0,11315.0,-6.8376,2.6901,253.0,0.0,0.0,0.0,0.0,,,,,,,72.67,,
2002/08/09,21.2,22.5,20.5,20.5,1247.0,26393.0,-5.9633,6.4759,622.0,0.0,0.0,0.0,0.0,,,,,,,68.33,,
2002/08/12,20.2,20.8,19.8,20.8,357.0,7324.0,6.5366,1.7657,148.0,0.0,0.0,0.0,0.0,,,,,,,69.33,,
2002/08/13,21.2,21.3,19.4,19.4,938.0,19008.0,-6.7308,4.6392,451.0,0.0,0.0,0.0,0.0,,,,,,,64.67,,
2002/08/14,18.4,19.2,18.4,18.6,729.0,13618.0,-4.1237,3.6055,340.0,0.0,0.0,0.0,0.0,,,,,,,62.0,,
2002/08/15,19.4,19.9,18.9,19.4,626.0,12125.0,4.3011,3.0961,357.0,0.0,0.0,0.0,0.0,,,,,,,64.67,,
2002/08/16,19.3,19.7,18.7,18.8,599.0,11447.0,-3.0928,2.9626,278.0,0.0,0.0,0.0,0.0,,,,,,,62.67,,
2002/08/19,18.8,19.3,18.8,19.1,380.0,7264.0,1.5957,1.8794,200.0,0.0,0.0,0.0,0.0,,,,,,,63.67,,
2002/08/20,19.3,19.7,19.0,19.0,342.0,6595.0,-0.5236,1.6915,174.0,0.0,0.0,0.0,0.0,,,,,,,63.33,,
2002/08/21,18.6,19.1,18.1,18.1,403.0,7398.0,-4.7368,1.9932,200.0,0.0,0.0,0.0,0.0,,,,,,,60.33,,
2002/08/22,18.1,18.7,18.0,18.0,401.0,7331.0,-0.5525,1.9833,207.0,0.0,0.0,0.0,0.0,,,,,,,60.0,,
2002/08/23,18.0,18.5,18.0,18.2,338.0,6186.0,1.1111,1.6717,153.0,0.0,0.0,0.0,0.0,,,,,,,60.67,,
2002/08/26,17.5,17.9,17.5,17.5,308.0,5413.0,-3.8462,1.5233,147.0,0.0,0.0,0.0,0.0,,,,,,,58.33,,
2002/08/27,17.6,17.8,17.5,17.6,287.0,5068.0,0.5714,1.4195,158.0,0.0,0.0,0.0,0.0,,,,,,,58.67,,
2002/08/28,17.6,18.8,17.5,18.2,691.0,12773.0,3.4091,3.4176,352.0,0.0,0.0,0.0,0.0,,,,,,,60.67,,
2002/08/29,18.1,18.5,17.6,17.6,417.0,7482.0,-3.2967,2.0624,204.0,0.0,0.0,0.0,0.0,,,,,,,58.67,,
2002/08/30,17.2,17.5,16.9,17.4,453.0,7800.0,-1.1364,2.2405,210.0,0.0,0.0,0.0,0.0,,,,,,,58.0,,
2002/09/02,17.1,17.3,16.2,16.2,226.0,3723.0,-6.8966,1.1178,106.0,0.0,0.0,0.0,0.0,,,,,,,54.0,,
2002/09/03,15.4,15.9,15.1,15.1,329.0,5002.0,-6.7901,1.6272,164.0,0.0,0.0,0.0,0.0,,,,,,,50.33,,
2002/09/04,14.2,14.3,14.05,14.05,257.0,3637.0,-6.9536,1.2711,129.0,0.0,0.0,0.0,0.0,,,,,,,46.83,,
2002/09/05,14.05,14.8,14.05,14.15,283.0,4044.0,0.7117,1.3997,149.0,0.0,0.0,0.0,0.0,,,,,,,47.17,,
2002/09/09,14.6,14.6,14.2,14.4,89.0,1279.0,1.7668,0.4402,47.0,-8.0,0.0,0.0,-8.0,,,,,,,48.0,,
2002/09/10,14.4,14.65,14.2,14.6,163.0,2364.0,1.3889,0.8062,100.0,0.0,0.0,0.0,0.0,,,,,,,48.67,,
2002/09/11,14.6,14.85,14.45,14.65,151.0,2209.0,0.3425,0.7468,77.0,0.0,0.0,0.0,0.0,,,,,,,48.83,,
2002/09/12,14.65,14.65,14.1,14.5,188.0,2713.0,-1.0239,0.9298,92.0,0.0,0.0,0.0,0.0,,,,,,,48.33,,
2002/09/13,14.2,14.7,14.2,14.4,212.0,3075.0,-0.6897,1.0485,80.0,0.0,0.0,0.0,0.0,,,,,,,48.0,,
2002/09/16,14.4,14.45,13.4,13.6,173.0,2394.0,-5.5556,0.8556,76.0,0.0,0.0,0.0,0.0,,,,,,,45.33,,
2002/09/17,13.4,13.7,13.2,13.55,170.0,2300.0,-0.3676,0.8408,79.0,0.0,0.0,0.0,0.0,,,,,,,45.17,,
2002/09/18,13.55,13.7,13.0,13.6,200.0,2674.0,0.369,0.9892,115.0,0.0,0.0,0.0,0.0,,,,,,,45.33,,
2002/09/19,13.2,14.0,13.2,13.25,245.0,3346.0,-2.5735,1.2117,128.0,0.0,0.0,0.0,0.0,,,,,,,29.44,,
2002/09/20,13.2,13.45,13.05,13.2,124.0,1636.0,-0.3774,0.6133,68.0,0.0,0.0,0.0,0.0,,,,,,,29.33,,
2002/09/23,13.4,13.4,13.1,13.1,100.0,1319.0,-0.7576,0.4946,57.0,0.0,0.0,0.0,0.0,,,,,,,29.11,,
2002/09/24,13.0,13.1,12.6,13.1,169.0,2175.0,0.0,0.8358,90.0,0.0,0.0,0.0,0.0,,,,,,,29.11,,
2002/09/25,12.7,12.9,12.2,12.2,88.0,1108.0,-6.8702,0.4352,43.0,0.0,0.0,0.0,0.0,,,,,,,27.11,,
2002/09/26,12.4,12.45,11.55,11.55,164.0,1970.0,-5.3279,0.8111,92.0,0.0,0.0,0.0,0.0,,,,,,,25.67,,
2002/09/27,11.75,12.3,11.55,11.8,135.0,1606.0,2.1645,0.6677,79.0,0.0,0.0,0.0,0.0,,,,,,,26.22,,
2002/09/30,11.5,12.3,11.5,12.1,86.0,1017.0,2.5424,0.4253,51.0,0.0,0.0,0.0,0.0,,,,,,,26.89,,
2002/10/01,12.1,12.25,11.7,12.1,245.0,2957.0,0.0,1.2117,99.0,0.0,0.0,0.0,0.0,,,,,,,26.89,,
2002/10/02,12.25,12.35,11.7,12.0,89.0,1074.0,-0.8264,0.4402,80.0,0.0,0.0,0.0,0.0,,,,,,,26.67,,
2002/10/03,11.7,12.0,11.5,11.65,157.0,1843.0,-2.9167,0.7765,79.0,0.0,0.0,0.0,0.0,,,,,,,25.89,,
2002/10/04,11.75,11.75,11.5,11.65,59.0,692.0,0.0,0.2918,37.0,0.0,0.0,0.0,0.0,,,,,,,25.89,,
2002/10/07,11.65,11.65,11.0,11.5,80.0,916.0,-1.2876,0.3957,51.0,0.0,0.0,0.0,0.0,,,,,,,25.56,,
2002/10/08,11.3,11.5,11.1,11.25,39.0,446.0,-2.1739,0.1929,29.0,0.0,0.0,0.0,0.0,,,,,,,25.0,,
2002/10/09,11.35,11.35,11.1,11.3,46.0,523.0,0.4444,0.2275,34.0,0.0,0.0,0.0,0.0,,,,,,,25.11,,
2002/10/11,11.3,11.5,11.1,11.3,114.0,1296.0,0.0,0.5638,56.0,0.0,0.0,0.0,0.0,,,,,,,25.11,,
2002/10/14,11.1,11.6,11.1,11.2,28.0,319.0,-0.885,0.1385,19.0,0.0,0.0,0.0,0.0,,,,,,,24.89,,
2002/10/15,11.2,11.95,11.2,11.95,204.0,2412.0,6.6964,1.009,100.0,0.0,0.0,0.0,0.0,,,,,,,26.56,,
2002/10/16,12.3,12.35,11.95,12.15,140.0,1707.0,1.6736,0.6924,76.0,0.0,0.0,0.0,0.0,,,,,,,27.0,,
2002/10/17,11.7,12.2,11.7,11.95,178.0,2141.0,-1.6461,0.8804,73.0,0.0,0.0,0.0,0.0,,,,,,,26.56,,
2002/10/18,12.1,12.6,12.1,12.55,274.0,3405.0,5.0209,1.3552,116.0,0.0,0.0,0.0,0.0,,,,,,,27.89,,
2002/10/21,12.9,13.4,12.7,13.4,202.0,2665.0,6.7729,0.9991,95.0,0.0,0.0,0.0,0.0,,,,,,,29.78,,
2002/10/22,14.3,14.3,13.1,13.1,671.0,9417.0,-2.2388,3.3187,280.0,-5.0,0.0,0.0,-5.0,,,,,,,29.11,,
2002/10/23,12.8,13.7,12.8,13.6,270.0,3596.0,3.8168,1.3354,127.0,1.0,0.0,0.0,1.0,,,,,,,30.22,,
2002/10/24,13.6,13.65,13.0,13.1,209.0,2809.0,-3.6765,1.0337,92.0,0.0,0.0,0.0,0.0,,,,,,,29.11,,
2002/10/25,13.1,13.1,12.7,13.1,207.0,2680.0,0.0,1.0238,87.0,0.0,0.0,0.0,0.0,,,,,,,29.11,,
2002/10/28,13.0,14.0,12.9,13.9,394.0,5355.0,6.1069,1.9487,168.0,0.0,0.0,0.0,0.0,,,,,,,30.89,,
2002/10/29,13.5,13.7,13.0,13.5,143.0,1944.0,-2.8777,0.7073,75.0,0.0,0.0,0.0,0.0,,,,,,,30.0,,
2002/10/30,13.5,13.5,12.65,13.2,222.0,2906.0,-2.2222,1.098,128.0,0.0,0.0,0.0,0.0,,,,,,,29.33,,
2002/10/31,13.1,13.7,12.8,13.45,139.0,1831.0,1.8939,0.6875,61.0,0.0,0.0,0.0,0.0,,,,,,,29.89,,
2002/11/01,13.0,13.4,12.8,13.4,95.0,1252.0,-0.3717,0.4699,62.0,-1.0,0.0,0.0,-1.0,,,,,,,29.78,,
2002/11/04,13.7,13.7,13.0,13.4,178.0,2371.0,0.0,0.8804,79.0,0.0,0.0,0.0,0.0,,,,,,,29.78,,
2002/11/05,13.0,13.3,13.0,13.3,92.0,1203.0,-0.7463,0.455,45.0,0.0,0.0,0.0,0.0,,,,,,,38.0,,
2002/11/06,13.1,13.65,13.1,13.45,282.0,3801.0,1.1278,1.3947,112.0,0.0,0.0,0.0,0.0,,,,,,,38.43,,
2002/11/07,13.6,13.6,13.2,13.45,463.0,6194.0,0.0,2.2899,189.0,0.0,0.0,0.0,0.0,,,,,,,38.43,,
2002/11/08,13.45,13.6,13.2,13.6,216.0,2900.0,1.1152,1.0683,110.0,0.0,0.0,0.0,0.0,,,,,,,38.86,,
2002/11/11,13.7,14.5,13.5,14.05,480.0,6732.0,3.3088,2.374,241.0,0.0,0.0,0.0,0.0,,,,,,,40.14,,
2002/11/12,14.05,14.15,13.5,13.5,287.0,3948.0,-3.9146,1.4195,135.0,0.0,0.0,0.0,0.0,,,,,,,38.57,,
2002/11/13,13.8,13.8,13.3,13.5,182.0,2480.0,0.0,0.9001,81.0,0.0,0.0,0.0,0.0,,,,,,,38.57,,
2002/11/14,13.7,14.4,13.6,14.4,465.0,6484.0,6.6667,2.2998,174.0,0.0,0.0,0.0,0.0,,,,,,,41.14,,
2002/11/15,15.2,15.2,14.6,14.9,900.0,13554.0,3.4722,4.4513,286.0,0.0,0.0,0.0,0.0,,,,,,,42.57,,
2002/11/18,14.6,14.7,14.0,14.2,230.0,3294.0,-4.698,1.1375,111.0,0.0,0.0,0.0,0.0,,,,,,,40.57,,
2002/11/19,14.25,14.4,13.8,14.2,199.0,2809.0,0.0,0.9842,77.0,0.0,0.0,0.0,0.0,,,,,,,40.57,,
2002/11/20,13.8,14.0,13.55,13.95,138.0,1904.0,-1.7606,0.6825,67.0,-1.0,0.0,0.0,-1.0,,,,,,,39.86,,
2002/11/21,13.95,13.95,13.0,13.0,111.0,1495.0,-6.81,0.549,69.0,0.0,0.0,0.0,0.0,,,,,,,37.14,,
2002/11/22,13.2,13.6,13.15,13.4,149.0,2009.0,3.0769,0.7369,66.0,0.0,0.0,0.0,0.0,,,,,,,38.29,,
2002/11/25,13.4,13.6,13.4,13.6,157.0,2118.0,1.4925,0.7765,72.0,0.0,0.0,0.0,0.0,,,,,,,38.86,,
2002/11/26,13.6,13.6,13.3,13.6,96.0,1291.0,0.0,0.4748,52.0,0.0,0.0,0.0,0.0,,,,,,,38.86,,
2002/11/27,13.2,13.5,13.05,13.5,246.0,3230.0,-0.7353,1.2167,71.0,0.0,0.0,0.0,0.0,,,,,,,38.57,,
2002/11/28,13.2,13.5,13.2,13.5,62.0,832.0,0.0,0.3066,39.0,-4.0,0.0,0.0,-4.0,,,,,,,38.57,,
2002/11/29,13.6,13.65,13.2,13.2,207.0,2775.0,-2.2222,1.0238,74.0,0.0,0.0,0.0,0.0,,,,,,,37.71,,
2002/12/02,13.2,13.5,13.2,13.2,453.0,6003.0,0.0,2.2405,67.0,0.0,0.0,0.0,0.0,,,,,,,37.71,,
2002/12/03,13.8,13.9,13.3,13.5,355.0,4816.0,2.2727,1.7558,151.0,0.0,0.0,0.0,0.0,,,,,,,38.57,,
2002/12/04,13.45,13.45,13.2,13.2,144.0,1915.0,-2.2222,0.7122,64.0,0.0,0.0,0.0,0.0,,,,,,,37.71,,
2002/12/05,13.5,13.5,13.1,13.1,117.0,1555.0,-0.7576,0.5787,47.0,0.0,0.0,0.0,0.0,,,,,,,37.43,,
2002/12/06,13.15,13.2,13.1,13.2,78.0,1029.0,0.7634,0.3858,43.0,0.0,0.0,0.0,0.0,,,,,,,37.71,,
2002/12/09,13.4,13.5,13.2,13.25,107.0,1425.0,0.3788,0.5292,50.0,0.0,0.0,0.0,0.0,,,,,,,37.86,,
2002/12/10,13.4,13.45,13.25,13.3,315.0,4206.0,0.3774,1.5579,114.0,0.0,0.0,0.0,0.0,,,,,,,38.0,,
2002/12/11,13.3,13.5,13.2,13.4,140.0,1867.0,0.7519,0.6924,65.0,0.0,0.0,0.0,0.0,,,,,,,38.29,,
2002/12/12,13.4,13.4,13.0,13.05,139.0,1824.0,-2.6119,0.6875,48.0,0.0,0.0,0.0,0.0,,,,,,,37.29,,
2002/12/13,13.1,13.15,13.05,13.05,167.0,2182.0,0.0,0.826,56.0,0.0,0.0,0.0,0.0,,,,,,,37.29,,
2002/12/16,13.05,13.15,13.0,13.15,38.0,495.0,0.7663,0.1879,20.0,0.0,0.0,0.0,0.0,,,,,,,37.57,,
2002/12/17,13.2,13.4,13.0,13.0,96.0,1255.0,-1.1407,0.4748,37.0,0.0,0.0,0.0,0.0,,,,,,,37.14,,
2002/12/18,13.05,13.3,12.8,13.0,376.0,4925.0,0.0,1.8596,88.0,0.0,0.0,0.0,0.0,,,,,,,37.14,,
2002/12/19,12.8,13.2,12.6,13.0,120.0,1565.0,0.0,0.5935,51.0,0.0,0.0,0.0,0.0,,,,,,,37.14,,
2002/12/20,12.8,13.0,12.7,12.75,41.0,533.0,-1.9231,0.2028,28.0,0.0,0.0,0.0,0.0,,,,,,,36.43,,
2002/12/23,12.9,13.0,11.9,11.9,152.0,1902.0,-6.6667,0.7518,55.0,0.0,0.0,0.0,0.0,,,,,,,34.0,,
2002/12/24,11.9,11.9,11.2,11.3,164.0,1887.0,-5.042,0.8111,77.0,0.0,0.0,0.0,0.0,,,,,,,32.29,,
2002/12/25,11.3,11.3,11.1,11.2,47.0,531.0,-0.885,0.2325,34.0,0.0,0.0,0.0,0.0,,,,,,,32.0,,
2002/12/26,11.35,11.35,11.0,11.35,32.0,367.0,1.3393,0.1583,28.0,0.0,0.0,0.0,0.0,,,,,,,32.43,,
2002/12/27,11.35,11.45,11.35,11.45,20.0,227.0,0.8811,0.0989,17.0,0.0,0.0,0.0,0.0,,,,,,,32.71,,
2002/12/30,11.1,11.1,11.05,11.1,18.0,201.0,-3.0568,0.089,16.0,0.0,0.0,0.0,0.0,,,,,,,31.71,,
2002/12/31,11.0,11.1,10.35,11.1,69.0,745.0,0.0,0.3413,49.0,0.0,0.0,0.0,0.0,,,,,,,31.71,,
2003/01/02,11.0,11.3,10.4,10.95,44.0,472.0,-1.3514,0.2176,29.0,-1.0,0.0,0.0,-1.0,,,,,,,31.29,,
2003/01/03,11.1,11.1,10.7,10.85,97.0,1059.0,-0.9132,0.4797,39.0,0.0,0.0,0.0,0.0,,,,,,,31.0,,
2003/01/06,11.05,11.05,10.6,11.05,48.0,528.0,1.8433,0.2374,33.0,0.0,0.0,0.0,0.0,,,,,,,31.57,,
2003/01/07,11.2,11.6,11.05,11.6,133.0,1493.0,4.9774,0.6578,58.0,0.0,0.0,0.0,0.0,,,,,,,33.14,,
2003/01/08,11.4,11.55,11.2,11.5,128.0,1449.0,-0.8621,0.6331,44.0,0.0,0.0,0.0,0.0,,,,,,,32.86,,
2003/01/09,11.3,11.6,11.2,11.6,51.0,580.0,0.8696,0.2522,26.0,0.0,0.0,0.0,0.0,,,,,,,33.14,,
2003/01/10,11.7,11.95,11.55,11.9,174.0,2043.0,2.5862,0.8606,83.0,0.0,0.0,0.0,0.0,,,,,,,34.0,,
2003/01/13,12.05,12.6,12.05,12.5,181.0,2232.0,5.042,0.8952,73.0,0.0,0.0,0.0,0.0,,,,,,,35.71,,
2003/01/14,13.0,13.0,12.3,12.55,136.0,1731.0,0.4,0.6726,64.0,0.0,0.0,0.0,0.0,,,,,,,35.86,,
2003/01/15,12.6,12.6,11.7,11.7,350.0,4137.0,-6.7729,1.731,144.0,0.0,0.0,0.0,0.0,,,,,,,33.43,,
2003/01/16,11.7,11.95,11.25,11.65,67.0,778.0,-0.4274,0.3314,45.0,0.0,0.0,0.0,0.0,,,,,,,33.29,,
2003/01/17,11.65,11.8,11.55,11.6,40.0,467.0,-0.4292,0.1978,23.0,0.0,0.0,0.0,0.0,,,,,,,33.14,,
2003/01/20,11.35,11.65,11.2,11.25,80.0,909.0,-3.0172,0.3957,32.0,0.0,0.0,0.0,0.0,,,,,,,32.14,,
2003/01/21,11.55,11.6,11.35,11.4,97.0,1110.0,1.3333,0.4797,38.0,0.0,0.0,0.0,0.0,,,,,,,32.57,,
2003/01/22,11.3,11.4,11.0,11.05,114.0,1267.0,-3.0702,0.5638,43.0,0.0,0.0,0.0,0.0,,,,,,,31.57,,
2003/01/23,11.05,11.3,11.05,11.3,233.0,2602.0,2.2624,1.1524,81.0,0.0,0.0,0.0,0.0,,,,,,,32.29,,
2003/01/24,11.35,11.35,11.1,11.1,124.0,1389.0,-1.7699,0.6133,49.0,0.0,0.0,0.0,0.0,,,,,,,31.71,,
2003/01/27,11.1,11.5,11.1,11.4,93.0,1060.0,2.7027,0.46,50.0,0.0,0.0,0.0,0.0,,,,,,,32.57,,
2003/01/28,11.3,12.1,11.3,11.9,298.0,3532.0,4.386,1.4739,124.0,0.0,0.0,0.0,0.0,,,,,,,34.0,,
2003/02/06,11.9,11.9,11.45,11.65,147.0,1719.0,-2.1008,0.727,80.0,0.0,0.0,0.0,0.0,,,,,,,33.29,,
2003/02/07,11.9,12.0,11.45,11.8,213.0,2497.0,1.2876,1.0535,88.0,0.0,0.0,0.0,0.0,,,,,,,33.71,,
2003/02/10,11.9,12.5,11.7,12.4,193.0,2347.0,5.0847,0.9545,100.0,0.0,0.0,0.0,0.0,,,,,,,35.43,,
2003/02/11,12.3,12.5,11.9,12.25,541.0,6568.0,-1.2097,2.6757,186.0,0.0,0.0,0.0,0.0,,,,,,,35.0,,
2003/02/12,12.2,12.2,11.8,11.8,263.0,3140.0,-3.6735,1.3008,92.0,0.0,0.0,0.0,0.0,,,,,,,33.71,,
2003/02/13,11.9,12.3,11.8,11.85,254.0,3055.0,0.4237,1.2562,112.0,0.0,0.0,0.0,0.0,,,,,,,33.86,,
2003/02/14,11.9,12.3,11.8,12.3,132.0,1600.0,3.7975,0.6529,63.0,0.0,0.0,0.0,0.0,,,,,,,35.14,,
2003/02/17,12.5,12.8,12.3,12.6,233.0,2911.0,2.439,1.1524,116.0,0.0,0.0,0.0,0.0,,,,,,,36.0,,
2003/02/18,12.8,13.3,12.5,12.8,623.0,8043.0,1.5873,3.0813,239.0,0.0,0.0,0.0,0.0,,,,,,,36.57,,
2003/02/19,12.8,12.8,12.3,12.4,301.0,3780.0,-3.125,1.4887,121.0,0.0,0.0,0.0,0.0,,,,,,,35.43,,
2003/02/20,12.4,12.4,12.0,12.25,169.0,2058.0,-1.2097,0.8358,80.0,0.0,0.0,0.0,0.0,,,,,,,35.0,,
2003/02/21,12.45,12.7,12.3,12.6,329.0,4130.0,2.8571,1.6272,122.0,0.0,0.0,0.0,0.0,,,,,,,36.0,,
2003/02/24,12.7,13.35,12.7,13.05,1010.0,13158.0,3.5714,4.9953,324.0,0.0,0.0,0.0,0.0,,,,,,,37.29,,
2003/02/25,13.2,13.25,12.8,13.15,423.0,5511.0,0.7663,2.0921,144.0,0.0,0.0,0.0,0.0,,,,,,,37.57,,
2003/02/26,13.1,13.2,12.8,12.85,202.0,2618.0,-2.2814,0.9991,79.0,0.0,0.0,0.0,0.0,,,,,,,36.71,,
2003/02/27,12.65,12.7,12.4,12.4,223.0,2794.0,-3.5019,1.1029,85.0,0.0,0.0,0.0,0.0,,,,,,,35.43,,
2003/03/03,12.0,12.6,12.0,12.5,117.0,1450.0,0.8065,0.5787,56.0,0.0,0.0,0.0,0.0,,,,,,,35.71,,
2003/03/04,12.4,12.4,12.1,12.1,97.0,1189.0,-3.2,0.4797,50.0,0.0,0.0,0.0,0.0,,,,,,,34.57,,
2003/03/05,12.0,12.1,11.35,11.6,260.0,3048.0,-4.1322,1.2859,108.0,0.0,0.0,0.0,0.0,,,,,,,33.14,,
2003/03/06,11.6,11.65,11.45,11.5,80.0,935.0,-0.8621,0.3957,44.0,0.0,0.0,0.0,0.0,,,,,,,32.86,,
2003/03/07,11.5,11.5,11.3,11.45,87.0,989.0,-0.4348,0.4303,45.0,0.0,0.0,0.0,0.0,,,,,,,32.71,,
2003/03/10,11.45,11.75,11.45,11.5,27.0,310.0,0.4367,0.1335,22.0,0.0,0.0,0.0,0.0,,,,,,,32.86,,
2003/03/11,11.5,11.5,11.0,11.4,69.0,772.0,-0.8696,0.3413,33.0,0.0,0.0,0.0,0.0,,,,,,,32.57,,
2003/03/12,11.35,11.4,11.3,11.4,142.0,1622.0,0.0,0.7023,44.0,0.0,0.0,0.0,0.0,,,,,,,32.57,,
2003/03/13,11.5,11.6,11.4,11.55,125.0,1434.0,1.3158,0.6182,51.0,0.0,0.0,0.0,0.0,,,,,,,33.0,,
2003/03/14,11.65,12.1,11.6,11.8,179.0,2111.0,2.1645,0.8853,80.0,0.0,0.0,0.0,0.0,,,,,,,33.71,,
2003/03/17,11.7,11.7,11.3,11.45,81.0,921.0,-2.9661,0.4006,36.0,0.0,0.0,0.0,0.0,,,,,,,32.71,,
2003/03/18,11.55,11.75,11.5,11.5,189.0,2196.0,0.4367,0.9348,60.0,0.0,0.0,0.0,0.0,,,,,,,32.86,,
2003/03/19,11.7,11.7,11.1,11.3,163.0,1848.0,-1.7391,0.8062,61.0,0.0,0.0,0.0,0.0,,,,,,,32.29,,
2003/03/20,11.4,11.4,11.05,11.2,203.0,2269.0,-0.885,1.004,75.0,0.0,0.0,0.0,0.0,,,,,,,32.0,,
2003/03/21,11.2,11.25,11.0,11.2,143.0,1598.0,0.0,0.7073,55.0,0.0,0.0,0.0,0.0,,,,,,,32.0,,
2003/03/24,11.3,11.3,11.0,11.0,172.0,1918.0,-1.7857,0.8507,54.0,0.0,0.0,0.0,0.0,,,,,,,31.43,,
2003/03/25,11.0,11.0,10.6,10.6,145.0,1559.0,-3.6364,0.7171,52.0,0.0,0.0,0.0,0.0,,,,,,,30.29,,
2003/03/26,11.0,11.0,10.7,10.7,89.0,966.0,0.9434,0.4402,51.0,0.0,0.0,0.0,0.0,,,,,,,30.57,,
2003/03/27,10.6,10.8,10.6,10.8,44.0,472.0,0.9346,0.2176,24.0,0.0,0.0,0.0,0.0,,,,,,,30.86,,
2003/03/28,10.75,10.85,10.7,10.75,35.0,377.0,-0.463,0.1731,22.0,0.0,0.0,0.0,0.0,,,,,,,30.71,,
2003/03/31,10.95,10.95,10.4,10.4,74.0,779.0,-3.2558,0.366,36.0,0.0,0.0,0.0,0.0,,,,,,,29.71,,
2003/04/01,10.4,10.7,10.4,10.7,56.0,591.0,2.8846,0.277,27.0,0.0,0.0,0.0,0.0,,,,,,,30.57,,
2003/04/02,10.45,10.65,10.45,10.45,10.0,107.0,-2.3364,0.0495,10.0,0.0,0.0,0.0,0.0,,,,,,,29.86,,
2003/04/03,10.6,10.7,10.4,10.45,117.0,1231.0,0.0,0.5787,39.0,0.0,0.0,0.0,0.0,,,,,,,29.86,,
2003/04/04,10.4,10.6,10.4,10.55,73.0,774.0,0.9569,0.361,36.0,0.0,0.0,0.0,0.0,,,,,,,30.14,,
2003/04/07,10.65,10.8,10.6,10.65,95.0,1015.0,0.9479,0.4699,39.0,0.0,0.0,0.0,0.0,,,,,,,30.43,,
2003/04/08,10.7,10.7,10.45,10.5,295.0,3118.0,-1.4085,1.459,248.0,0.0,0.0,0.0,0.0,,,,,,,30.0,,
2003/04/09,10.45,10.7,10.45,10.65,48.0,516.0,1.4286,0.2374,143.0,0.0,0.0,0.0,0.0,,,,,,,30.43,,
2003/04/10,10.5,10.65,10.5,10.5,80.0,852.0,-1.4085,0.3957,79.0,0.0,0.0,0.0,0.0,,,,,,,30.0,,
2003/04/11,10.6,10.65,10.5,10.55,85.0,901.0,0.4762,0.4204,55.0,0.0,0.0,0.0,0.0,,,,,,,30.14,,
2003/04/14,10.45,10.5,10.4,10.4,30.0,318.0,-1.4218,0.1484,60.0,0.0,0.0,0.0,0.0,,,,,,,29.71,,
2003/04/15,10.4,10.5,10.35,10.4,99.0,1030.0,0.0,0.4896,42.0,0.0,0.0,0.0,0.0,,,,,,,29.71,,
2003/04/16,10.5,10.9,10.45,10.7,274.0,2916.0,2.8846,1.3552,112.0,0.0,0.0,0.0,0.0,,,,,,,30.57,,
2003/04/17,10.7,10.7,10.5,10.55,96.0,1024.0,-1.4019,0.4748,76.0,0.0,0.0,0.0,0.0,,,,,,,30.14,,
2003/04/18,10.8,11.25,10.7,11.2,405.0,4466.0,6.1611,2.0031,212.0,0.0,0.0,0.0,0.0,,,,,,,32.0,,
2003/04/21,11.2,11.3,10.8,11.2,191.0,2134.0,0.0,0.9447,115.0,0.0,0.0,0.0,0.0,,,,,,,32.0,,
2003/04/22,11.25,11.25,10.9,11.0,90.0,997.0,-1.7857,0.4451,90.0,0.0,0.0,0.0,0.0,,,,,,,31.43,,
2003/04/23,11.2,11.2,11.0,11.2,131.0,1462.0,1.8182,0.6479,111.0,0.0,0.0,0.0,0.0,,,,,,,32.0,,
2003/04/24,11.0,11.2,10.45,10.5,101.0,1091.0,-6.25,0.4995,152.0,0.0,0.0,0.0,0.0,,,,,,,30.0,,
2003/04/25,10.0,10.35,9.8,10.0,156.0,1561.0,-4.7619,0.7716,80.0,0.0,0.0,0.0,0.0,,,,,,,28.57,,
2003/04/28,9.9,9.9,9.3,9.4,156.0,1466.0,-6.0,0.7716,60.0,0.0,0.0,0.0,0.0,,,,,,,26.86,,
2003/04/29,9.4,9.6,9.35,9.6,86.0,816.0,2.1277,0.4253,41.0,0.0,0.0,0.0,0.0,,,,,,,27.43,,
2003/04/30,9.75,9.75,9.0,9.4,90.0,843.0,-2.0833,0.4451,42.0,0.0,0.0,0.0,0.0,,,,,,,26.86,,
2003/05/02,9.3,9.3,9.0,9.25,96.0,873.0,-1.5957,0.4748,26.0,0.0,0.0,0.0,0.0,,,,,,,26.43,,
2003/05/05,9.25,9.85,9.1,9.85,118.0,1140.0,6.4865,0.5836,46.0,0.0,0.0,0.0,0.0,,,,,,,28.14,,
2003/05/06,10.3,10.3,10.0,10.0,68.0,689.0,1.5228,0.3363,36.0,0.0,0.0,0.0,0.0,,,,,,,16.67,,
2003/05/07,10.0,10.4,9.9,10.4,47.0,477.0,4.0,0.2325,36.0,0.0,0.0,0.0,0.0,,,,,,,17.33,,
2003/05/08,10.3,11.1,10.3,11.1,850.0,9345.0,6.7308,4.204,228.0,0.0,0.0,0.0,0.0,,,,,,,18.5,,
2003/05/09,11.1,11.2,10.75,10.75,204.0,2244.0,-3.1532,1.009,77.0,0.0,0.0,0.0,0.0,,,,,,,17.92,,
2003/05/12,10.3,10.65,10.3,10.5,66.0,692.0,-2.3256,0.3264,34.0,0.0,0.0,0.0,0.0,,,,,,,17.5,,
2003/05/13,10.4,11.1,10.4,10.7,38.0,406.0,1.9048,0.1879,22.0,0.0,0.0,0.0,0.0,,,,,,,17.83,,
2003/05/14,10.9,11.2,10.0,10.0,318.0,3313.0,-6.5421,1.5728,76.0,0.0,0.0,0.0,0.0,,,,,,,16.67,,
2003/05/15,10.1,10.7,10.1,10.7,372.0,3951.0,7.0,1.8399,89.0,0.0,0.0,0.0,0.0,,,,,,,17.83,,
2003/05/16,11.4,11.4,11.1,11.4,1094.0,12461.0,6.5421,5.4108,279.0,0.0,0.0,0.0,0.0,,,,,,,19.0,,
2003/05/19,11.6,11.6,11.0,11.25,361.0,4123.0,-1.3158,1.7854,130.0,0.0,0.0,0.0,0.0,,,,,,,18.75,,
2003/05/20,11.0,11.35,11.0,11.1,112.0,1240.0,-1.3333,0.5539,48.0,0.0,0.0,0.0,0.0,,,,,,,18.5,,
2003/05/21,11.1,11.3,10.8,10.8,183.0,2016.0,-2.7027,0.9051,69.0,0.0,0.0,0.0,0.0,,,,,,,18.0,,
2003/05/22,10.8,11.3,10.8,11.2,273.0,3034.0,3.7037,1.3502,94.0,0.0,0.0,0.0,0.0,,,,,,,18.67,,
2003/05/23,11.3,11.35,11.05,11.3,283.0,3174.0,0.8929,1.3997,93.0,0.0,0.0,0.0,0.0,,,,,,,18.83,,
2003/05/26,11.6,12.05,11.35,12.05,916.0,10768.0,6.6372,4.5304,173.0,0.0,0.0,0.0,0.0,,,,,,,20.08,,
2003/05/27,12.0,12.0,11.55,11.55,262.0,3079.0,-4.1494,1.2958,79.0,0.0,0.0,0.0,0.0,,,,,,,19.25,,
2003/05/28,11.8,11.8,11.5,11.65,156.0,1823.0,0.8658,0.7716,68.0,0.0,0.0,0.0,0.0,,,,,,,19.42,,
2003/05/29,11.5,11.6,11.35,11.35,196.0,2234.0,-2.5751,0.9694,52.0,0.0,0.0,0.0,0.0,,,,,,,18.92,,
2003/05/30,11.35,12.1,11.35,12.0,245.0,2888.0,5.7269,1.2117,75.0,0.0,0.0,0.0,0.0,,,,,,,20.0,,
2003/06/02,12.0,12.75,11.4,11.4,1231.0,14727.0,-5.0,6.0883,242.0,0.0,0.0,0.0,0.0,,,,,,,19.0,,
2003/06/03,11.6,11.6,11.3,11.55,188.0,2162.0,1.3158,0.9298,79.0,0.0,0.0,0.0,0.0,,,,,,,19.25,,
2003/06/05,11.75,11.85,11.1,11.1,342.0,3949.0,-3.8961,1.6915,116.0,0.0,0.0,0.0,0.0,,,,,,,18.5,,
2003/06/06,11.3,11.85,11.3,11.85,527.0,6177.0,6.7568,2.6065,166.0,0.0,0.0,0.0,0.0,,,,,,,19.75,,
2003/06/09,12.2,12.65,12.0,12.0,827.0,10344.0,1.2658,4.0902,246.0,0.0,0.0,0.0,0.0,,,,,,,20.0,,
2003/06/10,12.05,12.8,12.05,12.8,664.0,8374.0,6.6667,3.284,154.0,0.0,0.0,0.0,0.0,,,,,,,21.33,,
2003/06/11,12.95,13.65,12.9,13.65,1373.0,18412.0,6.6406,6.7906,266.0,0.0,0.0,0.0,0.0,,,,,,,22.75,,
2003/06/12,13.8,14.5,12.75,14.5,1212.0,16275.0,6.2271,5.9944,340.0,0.0,0.0,0.0,0.0,,,,,,,24.17,,
2003/06/13,13.65,13.9,13.5,13.5,962.0,13012.0,-6.8966,4.7579,221.0,0.0,0.0,0.0,0.0,,,,,,,22.5,,
2003/06/16,13.0,13.65,13.0,13.0,233.0,3104.0,-3.7037,1.1524,109.0,0.0,0.0,0.0,0.0,,,,,,,21.67,,
2003/06/17,13.2,13.4,12.8,12.9,325.0,4254.0,-0.7692,1.6074,129.0,0.0,0.0,0.0,0.0,,,,,,,21.5,,
2003/06/18,13.2,13.5,12.8,12.9,226.0,2969.0,0.0,1.1178,104.0,0.0,0.0,0.0,0.0,,,,,,,21.5,,
2003/06/19,12.95,13.5,12.9,13.35,224.0,2948.0,3.4884,1.1079,109.0,0.0,0.0,0.0,0.0,,,,,,,22.25,,
2003/06/20,13.2,13.65,13.2,13.4,323.0,4339.0,0.3745,1.5975,109.0,0.0,0.0,0.0,0.0,,,,,,,22.33,,
2003/06/23,13.4,13.4,13.0,13.0,193.0,2532.0,-2.9851,0.9545,70.0,0.0,0.0,0.0,0.0,,,,,,,21.67,,
2003/06/24,13.0,13.3,13.0,13.1,389.0,5118.0,0.7692,1.9239,92.0,0.0,0.0,0.0,0.0,,,,,,,21.83,,
2003/06/25,13.25,13.4,13.1,13.4,144.0,1916.0,2.2901,0.7122,68.0,0.0,0.0,0.0,0.0,,,,,,,22.33,,
2003/06/26,13.45,13.6,13.0,13.0,139.0,1833.0,-2.9851,0.6875,52.0,0.0,0.0,0.0,0.0,,,,,,,21.67,,
2003/06/27,13.1,13.9,12.8,13.9,1326.0,17773.0,6.9231,6.5582,188.0,0.0,0.0,0.0,0.0,,,,,,,23.17,,
2003/06/30,13.95,14.85,13.95,14.85,2069.0,30204.0,6.8345,10.2329,419.0,0.0,0.0,0.0,0.0,,,,,,,24.75,,
2003/07/01,14.8,15.8,14.1,15.8,1736.0,26377.0,6.3973,8.586,384.0,0.0,0.0,0.0,0.0,,,,,,,26.33,,
2003/07/02,15.8,16.2,15.0,16.2,1840.0,28693.0,2.5316,9.1004,355.0,0.0,0.0,0.0,0.0,,,,,,,27.0,,
2003/07/03,16.0,16.2,15.3,16.0,779.0,12275.0,-1.2346,3.8528,226.0,0.0,0.0,0.0,0.0,,,,,,,26.67,,
2003/07/04,15.7,15.9,15.3,15.9,783.0,12241.0,-0.625,3.7991,175.0,0.0,0.0,0.0,0.0,,,,,,,26.5,,
2003/07/07,15.8,16.2,14.85,14.85,1897.0,29686.0,-6.6038,9.2043,545.0,0.0,0.0,0.0,0.0,,,,,,,24.75,,
2003/07/08,14.4,14.75,13.85,13.9,1088.0,15325.0,-6.3973,5.279,365.0,0.0,0.0,0.0,0.0,,,,,,,23.17,,
2003/07/09,13.8,14.2,13.05,13.65,1118.0,15140.0,-1.7986,5.4246,319.0,0.0,0.0,0.0,0.0,,,,,,,22.75,,
2003/07/10,13.6,14.3,13.35,14.3,1191.0,16382.0,4.7619,5.7787,292.0,0.0,0.0,0.0,0.0,,,,,,,23.83,,
2003/07/11,14.2,14.2,13.3,13.35,1678.0,22773.0,-6.6434,8.1417,326.0,0.0,0.0,0.0,0.0,,,,,,,22.25,,
2003/07/14,13.5,13.85,13.3,13.6,945.0,12778.0,1.8727,4.5852,188.0,0.0,0.0,0.0,0.0,,,,,,,22.67,,
2003/07/15,13.7,13.7,13.4,13.6,252.0,3412.0,0.0,1.2227,97.0,0.0,0.0,0.0,0.0,,,,,,,22.67,,
2003/07/16,13.4,13.65,13.4,13.45,333.0,4499.0,-1.1029,1.6157,125.0,0.0,0.0,0.0,0.0,,,,,,,22.42,,
2003/07/17,13.65,13.65,13.35,13.35,293.0,3970.0,-0.7435,1.4216,118.0,0.0,0.0,0.0,0.0,,,,,,,22.25,,
2003/07/18,13.4,13.5,13.3,13.45,191.0,2570.0,0.7491,0.9267,73.0,0.0,0.0,0.0,0.0,,,,,,,22.42,,
2003/07/21,13.5,13.55,13.0,13.2,245.0,3253.0,-1.8587,1.1887,99.0,0.0,0.0,0.0,0.0,,,,,,,22.0,,
2003/07/22,13.3,13.3,13.0,13.15,129.0,1696.0,-0.3788,0.6259,66.0,0.0,0.0,0.0,0.0,,,,,,,21.92,,
2003/07/23,13.2,13.3,13.0,13.2,194.0,2568.0,0.3802,0.9413,76.0,0.0,0.0,0.0,0.0,,,,,,,22.0,,
2003/07/24,13.05,13.3,13.05,13.2,166.0,2190.0,0.0,0.8054,64.0,0.0,0.0,0.0,0.0,,,,,,,22.0,,
2003/07/25,13.2,13.5,13.2,13.5,322.0,4309.0,2.2727,1.5623,139.0,0.0,0.0,0.0,0.0,,,,,,,22.5,,
2003/07/28,13.55,13.6,13.25,13.25,219.0,2940.0,-1.8519,1.0626,97.0,0.0,0.0,0.0,0.0,,,,,,,22.08,,
2003/07/29,13.4,13.5,12.8,13.0,160.0,2075.0,-1.8868,0.7763,67.0,0.0,0.0,0.0,0.0,,,,,,,21.67,,
2003/07/30,13.05,13.05,12.6,12.65,122.0,1555.0,-2.6923,0.5919,53.0,0.0,0.0,0.0,0.0,,,,,,,21.08,,
2003/07/31,12.6,12.7,12.1,12.55,116.0,1451.0,-0.7905,0.5628,60.0,0.0,0.0,0.0,0.0,,,,,,,20.92,,
2003/08/01,12.35,12.7,12.35,12.5,81.0,1016.0,-0.3984,0.393,44.0,0.0,0.0,0.0,0.0,,,,,,,20.83,0.98,4.0
2003/08/04,12.5,12.6,12.45,12.5,66.0,826.0,0.0,0.3202,29.0,0.0,0.0,0.0,0.0,,,,,,,20.83,0.98,4.0
2003/08/05,12.5,12.6,12.1,12.45,78.0,956.0,-0.4,0.3785,32.0,0.0,0.0,0.0,0.0,,,,,,,20.75,0.98,4.02
2003/08/06,12.4,12.4,12.05,12.15,57.0,692.0,-2.4096,0.2766,29.0,0.0,0.0,0.0,0.0,,,,,,,20.25,0.96,4.12
2003/08/07,12.15,12.15,11.8,11.8,127.0,1520.0,-2.8807,0.6162,59.0,0.0,0.0,0.0,0.0,,,,,,,19.67,0.93,4.24
2003/08/08,11.9,12.0,11.7,11.75,79.0,939.0,-0.4237,0.3833,36.0,0.0,0.0,0.0,0.0,,,,,,,19.58,0.93,4.26
2003/08/11,11.9,11.95,11.6,11.9,58.0,686.0,1.2766,0.2814,22.0,0.0,0.0,0.0,0.0,,,,,,,19.83,0.94,4.2
2003/08/12,11.9,12.55,11.9,12.4,140.0,1706.0,4.2017,0.6793,54.0,0.0,0.0,0.0,0.0,,,,,,,20.67,0.98,4.03
2003/08/13,12.25,12.55,12.25,12.4,94.0,1165.0,0.0,0.4561,36.0,0.0,0.0,0.0,0.0,,,,,,,20.67,0.98,4.03
2003/08/14,12.4,12.5,12.2,12.2,106.0,1299.0,-1.6129,0.5143,39.0,0.0,0.0,0.0,0.0,,,,,,,20.33,0.96,4.1
2003/08/15,12.2,12.2,12.1,12.15,61.0,743.0,-0.4098,0.296,27.0,0.0,0.0,0.0,0.0,,,,,,,20.25,0.96,4.12
2003/08/18,12.15,12.35,12.15,12.2,36.0,440.0,0.4115,0.1747,16.0,0.0,0.0,0.0,0.0,,,,,,,20.33,0.96,4.1
2003/08/19,12.45,12.9,12.25,12.8,287.0,3645.0,4.918,1.3925,120.0,0.0,0.0,0.0,0.0,,,,,,,21.33,1.01,3.91
2003/08/20,12.7,12.7,12.3,12.3,55.0,685.0,-3.9063,0.2386,25.0,0.0,0.0,0.0,0.0,,,,,,,20.5,0.97,4.07
2003/08/21,12.4,12.5,12.4,12.45,37.0,459.0,1.2195,0.1605,16.0,0.0,0.0,0.0,0.0,,,,,,,20.75,0.98,4.02
2003/08/22,12.4,12.65,12.4,12.4,90.0,1121.0,-0.4016,0.3904,30.0,0.0,0.0,0.0,0.0,,,,,,,20.67,0.98,4.03
2003/08/25,12.4,12.45,12.2,12.2,109.0,1345.0,-1.6129,0.4728,40.0,0.0,0.0,0.0,0.0,,,,,,,20.33,0.96,4.1
2003/08/26,12.2,12.2,12.0,12.15,19.0,233.0,-0.4098,0.0824,16.0,0.0,0.0,0.0,0.0,,,,,,,20.25,0.96,4.12
2003/08/27,12.4,12.4,12.0,12.25,56.0,684.0,0.823,0.2429,27.0,0.0,0.0,0.0,0.0,,,,,,,20.42,0.96,4.08
2003/08/28,12.3,12.3,11.7,11.9,73.0,871.0,-2.8571,0.3166,21.0,0.0,0.0,0.0,0.0,,,,,,,19.83,0.94,4.2
2003/08/29,12.15,12.15,11.8,12.1,29.0,349.0,1.6807,0.1258,17.0,0.0,0.0,0.0,0.0,,,,,,,20.17,0.95,4.13
2003/09/01,12.35,12.35,12.0,12.15,43.0,519.0,0.4132,0.1865,25.0,0.0,0.0,0.0,0.0,,,,,,,20.25,0.96,4.12
2003/09/02,12.1,12.1,11.75,11.95,43.0,511.0,-1.6461,0.1865,20.0,0.0,0.0,0.0,0.0,,,,,,,19.92,0.94,4.18
2003/09/03,12.15,12.15,11.85,12.0,18.0,215.0,0.4184,0.0781,9.0,0.0,0.0,0.0,0.0,,,,,,,11.54,0.98,4.17
2003/09/04,12.0,12.0,11.8,11.9,20.0,239.0,-0.8333,0.0867,15.0,0.0,0.0,0.0,0.0,,,,,,,11.44,0.97,4.2
2003/09/05,12.0,12.1,11.8,11.95,61.0,728.0,0.4202,0.2646,24.0,0.0,0.0,0.0,0.0,,,,,,,11.49,0.98,4.18
2003/09/08,11.85,12.0,11.8,12.0,80.0,952.0,0.4184,0.347,39.0,0.0,0.0,0.0,0.0,,,,,,,11.54,0.98,4.17
2003/09/09,11.45,11.5,11.15,11.35,49.0,551.0,0.0629,0.2085,20.0,0.0,0.0,0.0,0.0,,,,,,,10.91,0.93,4.41
2003/09/10,11.0,11.2,10.8,11.2,57.0,633.0,-1.3216,0.2426,29.0,0.0,0.0,0.0,0.0,,,,,,,10.77,0.92,4.46
2003/09/12,11.3,11.3,11.0,11.2,7.0,78.0,0.0,0.0298,6.0,0.0,0.0,0.0,0.0,,,,,,,10.77,0.92,4.46
2003/09/15,11.15,11.15,10.85,10.85,25.0,273.0,-3.125,0.1064,11.0,0.0,0.0,0.0,0.0,,,,,,,10.43,0.89,4.61
2003/09/16,10.9,11.1,10.85,11.1,51.0,562.0,2.3041,0.217,25.0,0.0,0.0,0.0,0.0,,,,,,,10.67,0.91,4.5
2003/09/17,11.15,11.45,11.15,11.45,102.0,1166.0,3.1532,0.434,54.0,0.0,0.0,0.0,0.0,,,,,,,11.01,0.94,4.37
2003/09/18,11.4,11.4,11.3,11.3,23.0,261.0,-1.31,0.0979,17.0,0.0,0.0,0.0,0.0,,,,,,,10.87,0.92,4.42
2003/09/19,11.45,11.6,11.45,11.45,49.0,564.0,1.3274,0.2085,28.0,0.0,0.0,0.0,0.0,,,,,,,11.01,0.94,4.37
2003/09/22,11.45,11.65,11.3,11.45,34.0,389.0,0.0,0.1447,17.0,0.0,0.0,0.0,0.0,,,,,,,11.01,0.94,4.37
2003/09/23,11.35,11.5,11.25,11.45,14.0,159.0,0.0,0.0596,8.0,0.0,0.0,0.0,0.0,,,,,,,11.01,0.94,4.37
2003/09/24,11.5,11.5,11.3,11.45,24.0,275.0,0.0,0.1021,12.0,0.0,0.0,0.0,0.0,,,,,,,11.01,0.94,4.37
2003/09/25,11.35,11.35,11.15,11.35,9.0,101.0,-0.8734,0.0383,7.0,0.0,0.0,0.0,0.0,,,,,,,10.91,0.93,4.41
2003/09/26,11.3,11.3,11.3,11.3,10.0,113.0,-0.4405,0.0426,7.0,0.0,0.0,0.0,0.0,,,,,,,10.87,0.92,4.42
2003/09/29,11.5,11.5,11.25,11.25,14.0,158.0,-0.4425,0.0596,10.0,-1.0,0.0,0.0,-1.0,,,,,,,10.82,0.92,4.44
2003/09/30,11.25,11.25,10.9,11.2,18.0,198.0,-0.4444,0.0766,12.0,0.0,0.0,0.0,0.0,,,,,,,10.77,0.92,4.46
2003/10/01,11.15,11.15,11.1,11.1,3.0,33.0,-0.8929,0.0128,3.0,0.0,0.0,0.0,0.0,,,,,,,10.67,0.91,4.5
2003/10/02,11.25,11.25,11.1,11.2,23.0,256.0,0.9009,0.0979,8.0,0.0,0.0,0.0,0.0,,,,,,,10.77,0.92,5.63
2003/10/03,11.1,11.2,11.0,11.1,36.0,402.0,-0.8929,0.1532,21.0,0.0,0.0,0.0,0.0,,,,,,,10.67,0.91,5.68
2003/10/06,11.25,11.25,11.1,11.2,23.0,256.0,0.9009,0.0979,12.0,0.0,0.0,0.0,0.0,,,,,,,10.77,0.92,5.63
2003/10/07,11.5,11.95,11.5,11.95,222.0,2634.0,6.6964,0.9447,73.0,0.0,0.0,0.0,0.0,,,,,,,11.49,0.98,5.27
2003/10/08,12.35,12.55,12.2,12.4,685.0,8464.0,3.7657,2.9149,267.0,-1.0,0.0,0.0,-1.0,,,,,,,11.92,1.01,5.08
2003/10/09,12.55,12.75,12.4,12.75,443.0,5545.0,2.8226,1.8851,136.0,0.0,0.0,0.0,0.0,,,,,,,12.26,1.04,4.94
2003/10/13,12.8,12.8,12.5,12.55,567.0,7136.0,-1.5686,2.4128,113.0,0.0,0.0,0.0,0.0,,,,,,,12.07,1.03,5.02
2003/10/14,12.5,12.5,11.7,11.9,178.0,2130.0,-5.1793,0.7574,69.0,0.0,0.0,0.0,0.0,,,,,,,11.44,0.97,5.29
2003/10/15,11.9,11.9,11.5,11.65,241.0,2809.0,-2.1008,1.0255,81.0,0.0,0.0,0.0,0.0,,,,,,,11.2,0.95,5.41
2003/10/16,11.4,11.9,11.4,11.6,240.0,2784.0,-0.4292,1.0213,95.0,0.0,0.0,0.0,0.0,,,,,,,11.15,0.95,5.43
2003/10/17,11.6,11.85,11.6,11.6,98.0,1148.0,0.0,0.417,54.0,0.0,0.0,0.0,0.0,,,,,,,11.15,0.95,5.43
2003/10/20,11.6,12.4,11.4,12.4,407.0,4908.0,6.8966,1.7319,174.0,0.0,0.0,0.0,0.0,,,,,,,11.92,1.01,5.08
2003/10/21,12.4,12.5,11.95,11.95,186.0,2266.0,-3.629,0.7915,73.0,0.0,0.0,0.0,0.0,,,,,,,11.49,0.98,5.27
2003/10/22,11.95,12.3,11.9,12.3,115.0,1401.0,2.9289,0.4894,55.0,0.0,0.0,0.0,0.0,,,,,,,11.83,1.01,5.12
2003/10/23,12.1,12.1,11.9,12.0,85.0,1016.0,-2.439,0.3617,35.0,0.0,0.0,0.0,0.0,,,,,,,11.54,0.98,5.25
2003/10/24,12.3,12.7,12.1,12.6,487.0,6054.0,5.0,2.0723,173.0,0.0,0.0,0.0,0.0,,,,,,,12.12,1.03,5.0
2003/10/27,12.5,12.5,12.3,12.3,114.0,1415.0,-2.381,0.4851,34.0,0.0,0.0,0.0,0.0,,,,,,,11.83,1.01,5.12
2003/10/28,12.1,12.5,12.0,12.05,185.0,2243.0,-2.0325,0.7872,44.0,0.0,0.0,0.0,0.0,,,,,,,11.59,0.99,5.23
2003/10/29,12.1,12.3,11.95,11.95,97.0,1173.0,-0.8299,0.4128,42.0,0.0,0.0,0.0,0.0,,,,,,,11.49,0.98,5.27
2003/10/30,12.0,12.0,11.55,11.7,216.0,2543.0,-2.0921,0.9191,83.0,0.0,0.0,0.0,0.0,,,,,,,11.25,0.96,5.38
2003/10/31,11.55,11.85,11.5,11.6,67.0,776.0,-0.8547,0.2851,43.0,0.0,0.0,0.0,0.0,,,,,,,11.15,0.95,5.43
2003/11/03,11.55,12.4,11.3,12.4,306.0,3673.0,6.8966,1.3021,129.0,0.0,0.0,0.0,0.0,,,,,,,11.92,1.01,5.08
2003/11/04,12.2,12.95,11.75,12.8,576.0,7253.0,3.2258,2.4511,183.0,0.0,0.0,0.0,0.0,,,,,,,12.31,1.05,4.92
2003/11/05,12.7,12.7,12.05,12.05,352.0,4310.0,-5.8594,1.4979,141.0,0.0,0.0,0.0,0.0,,,,,,,10.13,0.98,5.23
2003/11/06,12.05,12.2,11.95,11.95,88.0,1071.0,-0.8299,0.3745,68.0,0.0,0.0,0.0,0.0,,,,,,,10.04,0.97,5.27
2003/11/07,11.95,12.2,11.95,12.15,120.0,1450.0,1.6736,0.5106,31.0,0.0,0.0,0.0,0.0,,,,,,,10.21,0.99,5.19
2003/11/10,12.35,12.4,12.1,12.15,113.0,1391.0,0.0,0.4809,40.0,0.0,0.0,0.0,0.0,,,,,,,10.21,0.99,5.19
2003/11/11,12.1,12.2,12.05,12.15,73.0,889.0,0.0,0.3106,58.0,-1.0,0.0,0.0,-1.0,,,,,,,10.21,0.99,5.19
2003/11/12,12.15,12.15,12.1,12.15,37.0,458.0,0.0,0.1574,21.0,0.0,0.0,0.0,0.0,,,,,,,10.21,0.99,5.19
2003/11/13,12.15,12.2,12.05,12.15,70.0,850.0,0.0,0.2979,35.0,0.0,0.0,0.0,0.0,,,,,,,10.21,0.99,5.19
2003/11/14,12.2,12.45,12.15,12.3,171.0,2095.0,1.2346,0.7277,65.0,0.0,0.0,0.0,0.0,,,,,,,10.34,1.0,5.12
2003/11/17,12.4,12.5,12.3,12.45,213.0,2650.0,1.2195,0.9064,95.0,0.0,0.0,0.0,0.0,,,,,,,10.46,1.01,5.06
2003/11/18,12.55,12.6,12.05,12.4,184.0,2281.0,-0.4016,0.783,85.0,0.0,0.0,0.0,0.0,,,,,,,10.42,1.01,5.08
2003/11/19,12.3,12.3,12.0,12.1,171.0,2068.0,-2.4194,0.7277,83.0,0.0,0.0,0.0,0.0,,,,,,,10.17,0.98,5.21
2003/11/20,12.0,12.15,12.0,12.1,102.0,1235.0,0.0,0.434,42.0,0.0,0.0,0.0,0.0,,,,,,,10.17,0.98,5.21
2003/11/21,12.05,12.15,11.9,12.15,71.0,862.0,0.4132,0.3021,39.0,0.0,0.0,0.0,0.0,,,,,,,10.21,0.99,5.19
2003/11/24,12.2,12.2,11.7,12.0,62.0,739.0,-1.2346,0.2638,29.0,0.0,0.0,0.0,0.0,,,,,,,10.08,0.97,5.25
2003/11/25,12.15,12.15,11.95,12.05,35.0,425.0,0.4167,0.1489,24.0,0.0,0.0,0.0,0.0,,,,,,,10.13,0.98,5.23
2003/11/26,12.15,12.15,11.85,12.0,29.0,353.0,-0.4149,0.1234,16.0,0.0,0.0,0.0,0.0,,,,,,,10.08,0.97,5.25
2003/11/27,12.2,12.2,11.8,11.8,24.0,288.0,-1.6667,0.1021,15.0,0.0,0.0,0.0,0.0,,,,,,,9.92,0.96,5.34
2003/11/28,11.8,12.1,11.8,12.1,38.0,465.0,2.5424,0.1617,20.0,0.0,0.0,0.0,0.0,,,,,,,10.17,0.98,5.21
2003/12/01,12.1,12.2,12.0,12.1,64.0,780.0,0.0,0.2723,28.0,0.0,0.0,0.0,0.0,,,,,,,10.17,0.98,5.21
2003/12/02,12.2,12.2,12.1,12.2,84.0,1024.0,0.8264,0.3574,35.0,0.0,0.0,0.0,0.0,,,,,,,10.25,0.99,5.16
2003/12/03,12.2,12.2,12.0,12.15,68.0,824.0,-0.4098,0.2894,19.0,0.0,0.0,0.0,0.0,,,,,,,10.21,0.99,5.19
2003/12/04,12.15,12.2,12.1,12.15,80.0,972.0,0.0,0.3404,33.0,0.0,0.0,0.0,0.0,,,,,,,10.21,0.99,5.19
2003/12/05,12.15,12.2,12.05,12.1,46.0,557.0,-0.4115,0.1957,21.0,0.0,0.0,0.0,0.0,,,,,,,10.17,0.98,5.21
2003/12/08,12.15,12.15,11.85,12.0,31.0,373.0,-0.8264,0.1319,14.0,0.0,0.0,0.0,0.0,,,,,,,10.08,0.97,5.25
2003/12/09,12.1,12.1,12.0,12.0,46.0,560.0,0.0,0.1957,23.0,0.0,0.0,0.0,0.0,,,,,,,10.08,0.97,5.25
2003/12/10,12.05,12.05,11.9,12.0,61.0,726.0,0.0,0.2596,35.0,0.0,0.0,0.0,0.0,,,,,,,10.08,0.97,5.25
2003/12/11,12.0,12.0,11.85,11.95,65.0,777.0,-0.4167,0.2766,23.0,0.0,0.0,0.0,0.0,,,,,,,10.04,0.97,5.27
2003/12/12,11.95,12.1,11.9,12.0,49.0,586.0,0.4184,0.2085,18.0,0.0,0.0,0.0,0.0,,,,,,,10.08,0.97,5.25
2003/12/15,12.0,12.15,12.0,12.1,81.0,979.0,0.8333,0.3447,37.0,0.0,0.0,0.0,0.0,,,,,,,10.17,0.98,5.21
2003/12/16,12.1,12.25,12.0,12.25,93.0,1132.0,1.2397,0.3957,33.0,0.0,0.0,0.0,0.0,,,,,,,10.29,0.99,5.14
2003/12/17,12.3,12.3,11.9,11.95,101.0,1212.0,-2.449,0.4298,27.0,0.0,0.0,0.0,0.0,,,,,,,10.04,0.97,5.27
2003/12/18,11.95,12.2,11.95,12.2,42.0,505.0,2.0921,0.1787,20.0,0.0,0.0,0.0,0.0,,,,,,,10.25,0.99,5.16
2003/12/19,12.2,12.2,11.95,11.95,50.0,601.0,-2.0492,0.2128,17.0,0.0,0.0,0.0,0.0,,,,,,,10.04,0.97,5.27
2003/12/22,12.0,12.2,12.0,12.05,39.0,480.0,0.8368,0.166,12.0,0.0,0.0,0.0,0.0,,,,,,,10.13,0.98,5.23
2003/12/23,12.15,12.15,12.0,12.0,16.0,192.0,-0.4149,0.0681,9.0,0.0,0.0,0.0,0.0,,,,,,,10.08,0.97,5.25
2003/12/24,12.0,12.2,12.0,12.2,62.0,751.0,1.6667,0.2638,29.0,0.0,0.0,0.0,0.0,,,,,,,10.25,0.99,5.16
2003/12/25,12.05,12.15,12.0,12.15,34.0,410.0,-0.4098,0.1447,18.0,0.0,0.0,0.0,0.0,,,,,,,10.21,0.99,5.19
2003/12/26,12.15,12.3,12.15,12.2,87.0,1062.0,0.4115,0.3702,42.0,0.0,0.0,0.0,0.0,,,,,,,10.25,0.99,5.16
2003/12/29,12.4,12.4,12.2,12.25,65.0,797.0,0.4098,0.2766,34.0,0.0,0.0,0.0,0.0,,,,,,,10.29,0.99,5.14
2003/12/30,12.1,12.15,12.1,12.1,36.0,445.0,-1.2245,0.1532,19.0,0.0,0.0,0.0,0.0,,,,,,,10.17,0.98,5.21
2003/12/31,12.1,12.1,12.0,12.0,129.0,1555.0,-0.8264,0.5334,36.0,0.0,0.0,0.0,0.0,,,,,,,10.08,0.97,5.25
2004/01/02,12.1,12.2,12.0,12.1,90.0,1088.0,0.8333,0.3721,31.0,0.0,0.0,0.0,0.0,,,,,,,10.17,0.98,5.21
2004/01/05,12.2,12.2,12.0,12.05,133.0,1603.0,-0.4132,0.55,46.0,0.0,0.0,0.0,0.0,,,,,,,10.13,0.98,5.23
2004/01/06,12.1,12.15,12.0,12.15,173.0,2083.0,0.8299,0.7153,48.0,0.0,0.0,0.0,0.0,,,,,,,10.21,0.99,5.19
2004/01/07,12.2,12.2,12.0,12.1,73.0,896.0,-0.4115,0.3019,33.0,0.0,0.0,0.0,0.0,,,,,,,10.17,0.98,5.21
2004/01/08,12.1,12.15,12.1,12.15,75.0,914.0,0.4132,0.3101,28.0,0.0,0.0,0.0,0.0,,,,,,,10.21,0.99,5.19
2004/01/09,12.2,12.3,12.05,12.1,138.0,1681.0,-0.4115,0.5706,54.0,0.0,0.0,0.0,0.0,,,,,,,10.17,0.98,5.21
2004/01/12,12.1,12.15,12.05,12.1,103.0,1259.0,0.0,0.4259,49.0,0.0,0.0,0.0,0.0,,,,,,,10.17,0.98,5.21
2004/01/13,12.2,12.9,12.2,12.9,1114.0,14318.0,6.6116,4.6064,365.0,0.0,0.0,0.0,0.0,,,,,,,10.84,1.05,4.88
2004/01/14,12.9,12.9,12.4,12.55,814.0,10336.0,-2.7132,3.3659,284.0,0.0,0.0,0.0,0.0,,,,,,,10.55,1.02,5.02
2004/01/15,12.55,13.3,12.35,13.1,622.0,8026.0,4.3825,2.5719,253.0,0.0,0.0,0.0,0.0,,,,,,,11.01,1.06,4.81
2004/01/16,13.0,13.0,12.75,12.75,275.0,3549.0,-2.6718,1.1371,113.0,0.0,0.0,0.0,0.0,,,,,,,10.71,1.03,4.94
2004/01/27,12.8,13.0,12.6,12.75,231.0,2965.0,0.0,0.9552,90.0,0.0,0.0,0.0,0.0,,,,,,,10.71,1.03,4.94
2004/01/28,12.65,12.95,12.65,12.95,149.0,1913.0,1.5686,0.6161,54.0,-1.0,0.0,0.0,-1.0,,,,,,,10.88,1.05,4.86
2004/01/29,12.95,13.5,12.95,13.3,530.0,7034.0,2.7027,2.1915,190.0,0.0,0.0,0.0,0.0,,,,,,,11.18,1.08,4.74
2004/01/30,13.3,13.5,13.15,13.4,273.0,3632.0,0.7519,1.1288,91.0,0.0,0.0,0.0,0.0,,,,,,,11.26,1.09,4.7
2004/02/02,13.4,13.4,13.1,13.1,363.0,4796.0,-2.2388,1.501,113.0,0.0,0.0,0.0,0.0,,,,,,,11.01,1.06,4.81
2004/02/03,13.1,13.1,12.7,12.75,234.0,3018.0,-2.6718,0.9676,76.0,0.0,0.0,0.0,0.0,,,,,,,10.71,1.03,4.94
2004/02/04,12.75,13.1,12.55,12.85,280.0,3600.0,0.7843,1.1578,83.0,0.0,0.0,0.0,0.0,,,,,,,10.8,1.04,4.9
2004/02/05,12.9,13.0,12.7,12.8,203.0,2622.0,-0.3891,0.8394,59.0,0.0,0.0,0.0,0.0,,,,,,,10.76,1.04,4.92
2004/02/06,12.9,13.65,12.9,13.65,637.0,8560.0,6.6406,2.634,135.0,0.0,0.0,0.0,0.0,,,,,,,11.47,1.11,4.62
2004/02/09,14.2,14.2,13.4,13.75,894.0,12306.0,0.7326,3.6967,245.0,0.0,0.0,0.0,0.0,,,,,,,11.55,1.12,4.58
2004/02/10,13.75,14.35,13.5,14.35,1286.0,17906.0,4.3636,5.3176,215.0,0.0,0.0,0.0,0.0,,,,,,,12.06,1.16,4.39
2004/02/11,14.35,14.35,13.75,14.0,320.0,4490.0,-2.439,1.3232,105.0,0.0,0.0,0.0,0.0,,,,,,,11.76,1.14,4.5
2004/02/12,13.6,14.2,13.15,13.15,450.0,6145.0,-6.0714,1.8607,131.0,0.0,0.0,0.0,0.0,,,,,,,11.05,1.07,4.79
2004/02/13,13.15,13.5,13.15,13.2,204.0,2709.0,0.3802,0.8435,87.0,0.0,0.0,0.0,0.0,,,,,,,11.09,1.07,4.77
2004/02/16,13.2,13.3,13.0,13.0,159.0,2086.0,-1.5152,0.6575,60.0,0.0,0.0,0.0,0.0,,,,,,,10.92,1.05,4.85
2004/02/17,13.0,13.2,13.0,13.15,50.0,663.0,1.1538,0.2067,38.0,0.0,0.0,0.0,0.0,,,,,,,11.05,1.07,4.79
2004/02/18,13.2,13.35,13.1,13.35,102.0,1345.0,1.5209,0.4218,39.0,0.0,0.0,0.0,0.0,,,,,,,11.22,1.08,4.72
2004/02/19,13.35,13.45,13.2,13.3,183.0,2448.0,-0.3745,0.7567,57.0,0.0,0.0,0.0,0.0,,,,,,,11.18,1.08,4.74
2004/02/20,13.5,14.2,13.5,14.2,1096.0,15240.0,6.7669,4.5319,226.0,0.0,0.0,0.0,0.0,,,,,,,11.93,1.15,4.44
2004/02/23,14.2,14.5,14.0,14.5,1466.0,21013.0,2.1127,6.0619,233.0,0.0,0.0,0.0,0.0,,,,,,,12.18,1.18,4.34
2004/02/24,14.5,15.5,14.5,15.5,1976.0,29623.0,6.8966,8.1707,342.0,0.0,0.0,0.0,0.0,,,,,,,13.03,1.26,4.06
2004/02/25,15.6,16.5,15.5,16.5,2213.0,35529.0,6.4516,9.1507,439.0,0.0,0.0,0.0,0.0,,,,,,,13.87,1.34,3.82
2004/02/26,16.5,17.0,15.7,16.4,2432.0,39800.0,-0.6061,10.0562,459.0,0.0,0.0,0.0,0.0,,,,,,,13.78,1.33,3.84
2004/02/27,16.5,17.5,16.4,17.5,1973.0,33636.0,6.7073,8.1583,297.0,0.0,0.0,0.0,0.0,,,,,,,14.71,1.42,3.6
2004/03/01,17.5,18.6,17.3,18.6,2918.0,52078.0,6.2857,12.0658,461.0,0.0,194.0,0.0,194.0,,,,,,,15.63,1.51,3.39
2004/03/02,18.3,18.3,17.5,17.6,1363.0,24558.0,-5.3763,5.636,264.0,0.0,810.0,0.0,810.0,,,,,,,14.79,1.43,3.58
2004/03/03,17.9,17.9,17.1,17.6,1358.0,23789.0,0.0,5.6153,232.0,0.0,621.0,0.0,621.0,,,,,,,14.79,1.43,3.58
2004/03/04,17.7,17.8,17.0,17.8,694.0,12069.0,1.1364,2.8697,182.0,0.0,36.0,0.0,36.0,,,,,,,14.96,1.44,3.54
2004/03/05,17.8,17.8,16.6,16.6,1655.0,28095.0,-6.7416,6.8434,367.0,0.0,316.0,0.0,316.0,,,,,,,13.95,1.35,3.8
2004/03/08,16.4,17.0,16.1,17.0,1300.0,21327.0,2.4096,5.3755,190.0,0.0,285.0,0.0,285.0,,,,,,,14.29,1.38,3.71
2004/03/09,16.7,17.0,16.2,16.9,1597.0,26541.0,-0.5882,6.6035,186.0,0.0,-85.0,0.0,-85.0,,,,,,,14.2,1.37,3.73
2004/03/10,16.5,16.8,16.4,16.5,369.0,6112.0,-2.3669,1.5258,89.0,0.0,-36.0,0.0,-36.0,,,,,,,13.87,1.34,3.82
2004/03/11,16.3,17.0,16.3,16.9,542.0,9064.0,2.4242,2.2412,129.0,0.0,0.0,0.0,0.0,,,,,,,14.2,1.37,3.73
2004/03/12,16.5,16.8,16.2,16.5,311.0,5128.0,-2.3669,1.286,70.0,0.0,0.0,0.0,0.0,,,,,,,13.87,1.34,3.82
2004/03/15,16.8,17.0,16.3,17.0,684.0,11399.0,3.0303,2.8283,125.0,0.0,0.0,0.0,0.0,,,,,,,14.29,1.38,3.71
2004/03/16,17.0,17.0,16.6,16.6,145.0,2419.0,-2.3529,0.5996,45.0,0.0,0.0,0.0,0.0,,,,,,,13.95,1.35,3.8
2004/03/17,16.6,16.9,16.4,16.5,277.0,4598.0,-0.6024,1.1454,76.0,0.0,0.0,0.0,0.0,,,,,,,13.87,1.34,3.82
2004/03/18,16.4,16.8,16.1,16.8,217.0,3577.0,1.8182,0.8973,62.0,0.0,0.0,0.0,0.0,,,,,,,14.12,1.36,3.75
2004/03/19,16.5,16.5,15.8,16.0,505.0,8150.0,-4.7619,2.0882,110.0,0.0,0.0,0.0,0.0,,,,,,,13.45,1.3,3.94
2004/03/22,14.9,15.5,14.9,15.5,1214.0,18185.0,-3.125,5.0198,202.0,0.0,0.0,0.0,0.0,,,,,,,13.03,1.26,4.06
2004/03/23,15.5,16.5,15.5,16.5,1709.0,27579.0,6.4516,7.0667,273.0,0.0,0.0,0.0,0.0,,,,,,,13.87,1.34,3.82
2004/03/24,16.8,16.8,16.1,16.6,586.0,9674.0,0.6061,2.4231,140.0,0.0,0.0,0.0,0.0,,,,,,,13.95,1.35,3.8
2004/03/25,16.5,16.8,16.1,16.8,427.0,7100.0,1.2048,1.7656,86.0,0.0,0.0,0.0,0.0,,,,,,,14.12,1.36,3.75
2004/03/26,16.8,16.8,16.2,16.8,569.0,9434.0,0.0,2.3528,126.0,0.0,-140.0,0.0,-140.0,,,,,,,14.12,1.36,3.75
2004/03/29,16.8,17.9,16.8,17.4,1461.0,25361.0,3.5714,6.0412,237.0,0.0,0.0,0.0,0.0,,,,,,,14.62,1.41,3.62
2004/03/30,17.2,17.2,16.2,16.2,529.0,8752.0,-6.8966,2.1874,164.0,0.0,0.0,0.0,0.0,,,,,,,13.61,1.31,3.89
2004/03/31,16.5,16.5,15.8,16.4,882.0,14341.0,1.2346,3.3516,225.0,0.0,0.0,0.0,0.0,,,,,,,13.78,1.33,3.84
2004/04/01,16.0,16.3,16.0,16.3,131.0,2128.0,-0.6098,0.4978,53.0,0.0,0.0,0.0,0.0,,,,,,,13.7,1.32,3.87
2004/04/02,16.0,16.5,16.0,16.0,322.0,5245.0,-1.8405,1.2236,99.0,0.0,0.0,0.0,0.0,,,,,,,13.45,1.3,3.94
2004/04/05,16.2,16.8,16.2,16.5,983.0,16125.0,3.125,3.7354,140.0,0.0,0.0,0.0,0.0,,,,,,,13.87,1.34,3.82
2004/04/06,16.5,16.6,15.9,15.9,193.0,3147.0,-3.6364,0.7334,77.0,0.0,0.0,0.0,0.0,,,,,,,13.36,1.29,3.96
2004/04/07,16.3,16.3,15.9,16.0,135.0,2180.0,0.6289,0.513,54.0,0.0,0.0,0.0,0.0,,,,,,,13.45,1.3,3.94
2004/04/08,16.0,17.1,15.8,17.1,1445.0,24258.0,6.875,5.491,259.0,0.0,0.0,0.0,0.0,,,,,,,14.37,1.39,3.68
2004/04/09,17.1,18.2,16.8,18.2,3066.0,53399.0,6.4327,11.6507,688.0,50.0,0.0,0.0,50.0,,,,,,,15.29,1.48,3.46
2004/04/12,18.2,19.4,18.1,19.4,3588.0,67733.0,6.5934,13.6343,748.0,-28.0,0.0,0.0,-28.0,,,,,,,16.3,1.57,3.25
2004/04/13,19.2,19.2,18.2,18.5,1770.0,33177.0,-4.6392,6.7259,465.0,0.0,-10.0,0.0,-10.0,,,,,,,15.55,1.5,3.41
2004/04/14,18.4,18.4,17.6,17.6,1018.0,18255.0,-4.8649,3.8684,313.0,-22.0,0.0,0.0,-22.0,,,,,,,14.79,1.43,3.58
2004/04/15,17.8,17.9,17.2,17.8,892.0,15572.0,1.1364,3.3896,241.0,0.0,0.0,0.0,0.0,,,,,,,14.96,1.44,3.54
2004/04/16,18.0,19.0,17.6,18.9,2910.0,53937.0,6.1798,11.0579,496.0,0.0,0.0,0.0,0.0,,,,,,,15.88,1.53,3.33
2004/04/19,18.8,18.8,17.6,17.6,1683.0,30297.0,-6.8783,6.3953,422.0,0.0,0.0,0.0,0.0,,,,,,,14.79,1.43,3.58
2004/04/20,16.9,17.3,16.4,16.4,2031.0,33754.0,-6.8182,7.7177,464.0,0.0,0.0,0.0,0.0,,,,,,,13.78,1.33,3.84
2004/04/21,16.0,16.8,15.8,16.3,586.0,9571.0,-0.6098,2.2268,217.0,0.0,0.0,0.0,0.0,,,,,,,13.7,1.32,3.87
2004/04/22,16.3,16.9,15.3,15.3,573.0,9231.0,-6.135,2.1774,203.0,0.0,0.0,0.0,0.0,,,,,,,12.86,1.24,4.12
2004/04/23,15.5,16.3,15.5,16.3,798.0,12838.0,6.5359,3.0324,169.0,0.0,0.0,0.0,0.0,,,,,,,13.7,1.32,3.87
2004/04/26,16.3,16.8,16.0,16.8,1176.0,19296.0,3.0675,4.4688,207.0,0.0,0.0,0.0,0.0,,,,,,,14.12,1.36,3.75
2004/04/27,16.7,16.7,16.1,16.6,220.0,3615.0,-1.1905,0.836,106.0,0.0,0.0,0.0,0.0,,,,,,,13.95,1.35,3.8
2004/04/28,16.6,16.9,16.1,16.5,663.0,10998.0,-0.6024,2.5194,131.0,0.0,0.0,0.0,0.0,,,,,,,13.87,1.34,3.82
2004/04/29,16.1,16.6,15.7,15.7,344.0,5526.0,-4.8485,1.3072,99.0,0.0,0.0,0.0,0.0,,,,,,,13.19,1.27,4.01
2004/04/30,15.7,16.7,15.5,16.7,724.0,11451.0,6.3694,2.7512,151.0,0.0,0.0,0.0,0.0,,,,,,,14.03,1.35,3.77
2004/05/03,16.6,16.6,16.1,16.1,142.0,2300.0,-3.5928,0.5396,59.0,0.0,0.0,0.0,0.0,,,,,,,13.53,1.31,3.91
2004/05/04,16.3,16.5,16.3,16.3,185.0,3034.0,1.2422,0.703,53.0,0.0,0.0,0.0,0.0,,,,,,,13.7,1.32,3.87
2004/05/05,16.3,16.3,15.2,15.2,193.0,3019.0,-6.7485,0.7334,66.0,0.0,0.0,0.0,0.0,,,,,,,21.41,1.2,4.14
2004/05/06,15.2,15.6,14.5,15.0,116.0,1730.0,-1.3158,0.4408,58.0,0.0,0.0,0.0,0.0,,,,,,,21.13,1.18,4.2
2004/05/07,14.55,15.2,14.5,14.8,82.0,1214.0,-1.3333,0.3116,38.0,0.0,0.0,0.0,0.0,,,,,,,20.85,1.17,4.26
2004/05/10,14.6,14.6,13.95,13.95,121.0,1699.0,-5.7432,0.4598,43.0,0.0,0.0,0.0,0.0,,,,,,,19.65,1.1,4.52
2004/05/11,13.95,14.5,13.95,14.5,45.0,637.0,3.9427,0.171,15.0,0.0,0.0,0.0,0.0,,,,,,,20.42,1.14,4.34
2004/05/12,14.9,14.9,14.15,14.15,176.0,2547.0,-2.4138,0.6688,85.0,0.0,0.0,0.0,0.0,,,,,,,19.93,1.12,4.45
2004/05/13,14.15,14.3,14.05,14.1,89.0,1268.0,-0.3534,0.3382,30.0,0.0,0.0,0.0,0.0,,,,,,,19.86,1.11,4.47
2004/05/14,14.1,14.5,13.9,14.5,288.0,4102.0,2.8369,1.0944,66.0,0.0,0.0,0.0,0.0,,,,,,,20.42,1.14,4.34
2004/05/17,14.45,14.7,13.5,14.7,232.0,3295.0,1.3793,0.8816,71.0,0.0,0.0,0.0,0.0,,,,,,,20.7,1.16,4.29
2004/05/18,14.65,14.8,14.4,14.75,39.0,568.0,0.3401,0.1482,22.0,0.0,0.0,0.0,0.0,,,,,,,20.77,1.16,4.27
2004/05/19,14.15,15.2,14.15,15.2,119.0,1783.0,3.0508,0.4522,44.0,0.0,0.0,0.0,0.0,,,,,,,21.41,1.2,4.14
2004/05/20,14.8,15.2,14.4,14.4,41.0,609.0,-5.2632,0.1558,25.0,0.0,0.0,0.0,0.0,,,,,,,20.28,1.13,4.38
2004/05/21,15.0,15.0,14.55,14.9,25.0,379.0,3.4722,0.095,19.0,0.0,0.0,0.0,0.0,,,,,,,20.99,1.17,4.23
2004/05/24,14.6,14.9,14.4,14.8,62.0,899.0,-0.6711,0.2356,24.0,0.0,0.0,0.0,0.0,,,,,,,20.85,1.17,4.26
2004/05/25,14.7,14.7,14.55,14.55,5.0,73.0,-1.6892,0.019,5.0,0.0,0.0,0.0,0.0,,,,,,,20.49,1.15,4.33
2004/05/26,14.7,14.9,14.6,14.6,39.0,579.0,0.3436,0.1482,21.0,0.0,0.0,0.0,0.0,,,,,,,20.56,1.15,4.32
2004/05/27,14.6,14.65,14.45,14.5,103.0,1508.0,-0.6849,0.3914,30.0,0.0,0.0,0.0,0.0,,,,,,,20.42,1.14,4.34
2004/05/28,14.7,15.4,14.7,15.0,235.0,3516.0,3.4483,0.893,74.0,0.0,0.0,0.0,0.0,,,,,,,21.13,1.18,4.2
2004/05/31,14.3,14.6,14.3,14.45,32.0,462.0,-3.6667,0.1216,34.0,0.0,0.0,0.0,0.0,,,,,,,20.35,1.14,4.36
2004/06/01,14.4,14.5,14.15,14.3,26.0,374.0,-1.0381,0.0988,20.0,0.0,0.0,0.0,0.0,,,,,,,20.14,1.13,4.41
2004/06/02,14.05,14.65,14.05,14.25,22.0,312.0,-0.3497,0.0836,12.0,0.0,0.0,0.0,0.0,,,,,,,20.07,1.12,4.42
2004/06/03,14.0,14.3,14.0,14.05,30.0,423.0,-1.4035,0.114,14.0,0.0,0.0,0.0,0.0,,,,,,,19.79,1.11,4.48
2004/06/04,14.4,14.4,13.65,13.65,25.0,349.0,-2.847,0.095,29.0,0.0,0.0,0.0,0.0,,,,,,,19.23,1.08,4.62
2004/06/07,13.65,14.0,13.5,13.65,92.0,1256.0,0.0,0.3496,51.0,0.0,-64.0,0.0,-64.0,,,,,,,19.23,1.08,4.62
2004/06/08,13.7,13.7,13.0,13.05,187.0,2468.0,-4.3956,0.7106,67.0,0.0,-79.0,0.0,-79.0,,,,,,,18.38,1.03,4.83
2004/06/09,13.1,13.25,13.0,13.1,160.0,2091.0,0.3831,0.608,63.0,0.0,-100.0,0.0,-100.0,,,,,,,18.45,1.03,4.81
2004/06/10,13.0,13.0,12.3,12.3,143.0,1804.0,-6.1069,0.5434,67.0,0.0,-55.0,0.0,-55.0,,,,,,,17.32,0.97,5.12
2004/06/11,12.3,12.3,11.75,12.2,158.0,1895.0,-0.813,0.6004,61.0,0.0,-100.0,0.0,-100.0,,,,,,,17.18,0.96,5.16
2004/06/14,12.1,12.1,11.8,11.8,102.0,1205.0,-3.2787,0.3876,29.0,0.0,-86.0,0.0,-86.0,,,,,,,16.62,0.93,5.34
2004/06/15,11.55,11.8,11.4,11.5,168.0,1933.0,-2.5424,0.6384,63.0,0.0,-99.0,0.0,-99.0,,,,,,,16.2,0.91,5.48
2004/06/16,11.6,11.7,11.35,11.45,53.0,610.0,-0.4348,0.2014,27.0,0.0,-20.0,0.0,-20.0,,,,,,,16.13,0.9,5.5
2004/06/17,11.45,11.5,10.65,11.35,162.0,1779.0,-0.8734,0.6156,75.0,0.0,-26.0,0.0,-26.0,,,,,,,15.99,0.89,5.55
2004/06/18,11.2,11.3,10.6,10.6,89.0,952.0,-6.6079,0.3382,43.0,0.0,-5.0,0.0,-5.0,,,,,,,14.93,0.84,5.94
2004/06/21,10.6,10.6,9.9,10.0,207.0,2076.0,-5.6604,0.7866,71.0,0.0,0.0,0.0,0.0,,,,,,,14.08,0.79,6.3
2004/06/23,10.0,10.15,9.95,10.05,117.0,1177.0,0.5,0.4446,58.0,0.0,-57.0,0.0,-57.0,,,,,,,14.15,0.79,6.27
2004/06/24,10.2,10.45,10.1,10.45,243.0,2483.0,3.9801,0.9234,83.0,0.0,-100.0,0.0,-100.0,,,,,,,14.72,0.82,6.03
2004/06/25,10.3,10.9,10.15,10.9,110.0,1155.0,4.3062,0.418,41.0,0.0,-10.0,0.0,-10.0,,,,,,,15.35,0.86,5.78
2004/06/28,10.9,10.9,10.15,10.15,634.0,6462.0,-6.8807,2.4092,52.0,0.0,0.0,0.0,0.0,,,,,,,14.3,0.8,6.21
2004/06/29,10.15,10.85,10.15,10.85,843.0,8950.0,6.8966,3.2034,149.0,0.0,0.0,0.0,0.0,,,,,,,15.28,0.86,5.81
2004/06/30,11.1,11.6,10.85,11.55,475.0,5415.0,6.4516,1.7317,125.0,0.0,0.0,0.0,0.0,,,,,,,16.27,0.91,5.45
2004/07/01,11.1,11.45,11.1,11.1,32.0,357.0,-3.8961,0.1167,23.0,0.0,0.0,0.0,0.0,,,,,,,15.63,0.87,5.68
2004/07/02,10.7,10.9,10.6,10.6,33.0,352.0,-4.5045,0.1203,21.0,0.0,-1.0,0.0,-1.0,,,,,,,14.93,0.84,5.94
2004/07/05,10.6,10.6,10.3,10.3,97.0,1008.0,-2.8302,0.3536,24.0,0.0,-70.0,0.0,-70.0,,,,,,,14.51,0.81,6.12
2004/07/06,10.3,10.35,10.2,10.35,189.0,1931.0,0.4854,0.689,57.0,0.0,-119.0,0.0,-119.0,,,,,,,14.58,0.82,6.09
2004/07/07,10.2,10.25,9.9,10.2,67.0,673.0,-1.4493,0.2443,23.0,0.0,0.0,0.0,0.0,,,,,,,14.37,0.8,6.18
2004/07/08,10.2,10.25,10.0,10.05,178.0,1801.0,-1.4706,0.6489,64.0,0.0,-100.0,0.0,-100.0,,,,,,,14.15,0.79,6.27
2004/07/09,10.05,10.2,9.95,10.1,165.0,1655.0,0.4975,0.6015,53.0,0.0,0.0,0.0,0.0,,,,,,,14.23,0.8,6.24
2004/07/12,10.25,10.25,10.0,10.0,41.0,414.0,-0.9901,0.1495,22.0,0.0,-5.0,0.0,-5.0,,,,,,,14.08,0.79,6.3
2004/07/13,10.0,10.1,9.9,10.05,38.0,381.0,0.5,0.1385,44.0,0.0,0.0,0.0,0.0,,,,,,,14.15,0.79,6.27
2004/07/14,10.0,10.0,9.9,9.95,24.0,239.0,-0.995,0.0875,11.0,0.0,0.0,0.0,0.0,,,,,,,14.01,0.78,6.33
2004/07/15,10.0,10.0,9.9,9.95,17.0,169.0,0.0,0.062,13.0,0.0,-1.0,0.0,-1.0,,,,,,,14.01,0.78,6.33
2004/07/16,10.1,10.1,9.3,9.8,81.0,765.0,-1.5075,0.2953,35.0,0.0,0.0,0.0,0.0,,,,,,,13.8,0.77,6.43
2004/07/19,9.55,10.0,9.5,9.6,94.0,925.0,-2.0408,0.3427,27.0,0.0,0.0,0.0,0.0,,,,,,,13.52,0.76,6.56
2004/07/20,9.85,10.25,9.65,10.2,475.0,4744.0,6.25,1.7317,123.0,0.0,-94.0,0.0,-94.0,,,,,,,14.37,0.8,6.18
2004/07/21,10.3,10.45,10.2,10.4,352.0,3635.0,1.9608,1.2833,53.0,0.0,0.0,0.0,0.0,,,,,,,14.65,0.82,6.06
2004/07/22,10.4,10.85,10.3,10.6,388.0,4100.0,1.9231,1.4145,55.0,0.0,0.0,0.0,0.0,,,,,,,14.93,0.84,5.94
2004/07/23,10.7,11.25,10.7,11.25,785.0,8569.0,6.1321,2.8618,99.0,0.0,0.0,0.0,0.0,,,,,,,15.85,0.89,5.6
2004/07/26,11.25,11.25,10.5,10.55,154.0,1655.0,-6.2222,0.5614,187.0,0.0,0.0,0.0,0.0,,,,,,,14.86,0.83,5.97
2004/07/27,10.6,10.75,10.5,10.5,28.0,296.0,-0.4739,0.1021,8.0,0.0,0.0,0.0,0.0,,,,,,,14.79,0.83,6.0
2004/07/28,10.8,10.8,10.5,10.5,2.0,21.0,0.0,0.0073,2.0,0.0,0.0,0.0,0.0,,,,,,,14.79,0.83,6.0
2004/07/29,10.5,11.2,10.5,11.2,354.0,3917.0,6.6667,1.2906,59.0,0.0,0.0,0.0,0.0,,,,,,,15.77,0.88,5.63
2004/07/30,11.3,11.7,11.25,11.6,544.0,6226.0,3.5714,1.9832,86.0,0.0,0.0,0.0,0.0,,,,,,,16.34,0.91,5.43
2004/08/02,11.5,11.75,11.4,11.65,163.0,1877.0,0.431,0.5942,40.0,0.0,0.0,0.0,0.0,,,,,,,16.41,0.92,5.41
2004/08/03,11.7,11.9,11.6,11.75,466.0,5473.0,0.8584,1.6989,59.0,0.0,0.0,0.0,0.0,,,,,,,16.55,0.93,5.36
2004/08/04,11.8,12.4,11.5,12.4,1051.0,12594.0,5.5319,3.8316,124.0,0.0,0.0,0.0,0.0,,,,,,,17.46,0.98,5.08
2004/08/05,12.5,12.5,11.85,12.05,124.0,1502.0,-2.8226,0.4521,47.0,0.0,0.0,0.0,0.0,,,,,,,16.97,0.95,5.23
2004/08/06,11.55,12.85,11.55,12.85,955.0,11899.0,6.639,3.4816,144.0,0.0,0.0,0.0,0.0,,,,,,,18.1,1.01,4.9
2004/08/09,12.6,12.6,12.25,12.5,11.0,136.0,-2.7237,0.0401,11.0,0.0,0.0,0.0,0.0,,,,,,,17.61,0.99,5.04
2004/08/10,12.7,12.7,12.2,12.55,44.0,546.0,0.4,0.1604,20.0,0.0,0.0,0.0,0.0,,,,,,,17.68,0.99,5.02
2004/08/11,12.3,12.4,12.1,12.3,13.0,159.0,-1.992,0.0474,9.0,0.0,0.0,0.0,0.0,,,,,,,17.32,0.97,5.12
2004/08/12,12.05,12.3,11.85,12.25,22.0,264.0,-0.4065,0.0802,15.0,0.0,0.0,0.0,0.0,,,,,,,17.25,0.97,5.14
2004/08/13,12.2,12.2,11.85,12.2,11.0,132.0,-0.4082,0.0401,11.0,0.0,0.0,0.0,0.0,,,,,,,17.18,0.96,5.16
2004/08/16,11.9,12.0,11.9,11.9,32.0,380.0,-2.459,0.1167,10.0,0.0,0.0,0.0,0.0,,,,,,,16.76,0.94,5.29
2004/08/17,11.7,11.9,11.5,11.9,6.0,69.0,0.0,0.0219,6.0,0.0,0.0,0.0,0.0,,,,,,,16.76,0.94,5.29
2004/08/18,12.0,12.0,11.95,11.95,6.0,71.0,0.4202,0.0219,6.0,0.0,0.0,0.0,0.0,,,,,,,16.83,0.94,5.27
2004/08/19,12.35,12.65,11.9,11.9,44.0,533.0,-0.4184,0.1604,13.0,0.0,0.0,0.0,0.0,,,,,,,16.76,0.94,5.29
2004/08/20,11.55,12.3,11.55,12.2,95.0,1137.0,2.521,0.3463,30.0,0.0,0.0,0.0,0.0,,,,,,,17.18,0.96,5.16
2004/08/23,12.0,12.0,12.0,12.0,1.0,12.0,-1.6393,0.0036,1.0,0.0,0.0,0.0,0.0,,,,,,,16.9,0.95,5.25
2004/08/26,11.8,11.8,11.2,11.3,211.0,2402.0,-5.8333,0.7692,77.0,0.0,0.0,0.0,0.0,,,,,,,15.92,0.89,5.58
2004/08/27,11.35,11.35,11.35,11.35,5.0,56.0,0.4425,0.0182,4.0,0.0,0.0,0.0,0.0,,,,,,,15.99,0.89,5.55
2004/08/30,11.45,11.45,10.6,11.25,28.0,301.0,-0.8811,0.1021,17.0,0.0,0.0,0.0,0.0,,,,,,,15.85,0.89,5.6
2004/08/31,11.1,11.1,10.75,11.0,10.0,109.0,-2.2222,0.0365,7.0,0.0,0.0,0.0,0.0,,,,,,,15.49,0.87,5.73
2004/09/01,11.0,11.1,10.85,10.85,76.0,837.0,-1.3636,0.2771,25.0,0.0,-64.0,0.0,-64.0,,,,,,,15.28,0.86,5.81
2004/09/02,10.8,10.8,10.5,10.65,43.0,459.0,-1.8433,0.1568,12.0,0.0,0.0,0.0,0.0,,,,,,,15.0,0.84,5.92
2004/09/03,11.0,11.0,10.9,10.9,9.0,101.0,2.3474,0.0328,8.0,0.0,0.0,0.0,0.0,,,,,,,15.35,0.86,5.78
2004/09/06,10.5,10.7,10.3,10.65,63.0,656.0,-2.2936,0.2297,25.0,0.0,0.0,0.0,0.0,,,,,,,15.0,0.84,5.92
2004/09/07,10.3,10.5,10.2,10.2,48.0,493.0,-4.2254,0.175,21.0,0.0,0.0,0.0,0.0,,,,,,,14.37,0.8,6.18
2004/09/08,10.2,10.5,10.1,10.4,138.0,1436.0,1.9608,0.5031,59.0,0.0,-66.0,0.0,-66.0,,,,,,,14.65,0.82,6.06
2004/09/09,9.95,10.35,9.95,10.35,260.0,2673.0,6.6024,0.9193,59.0,0.0,-100.0,0.0,-100.0,,,,,,,14.58,0.82,6.09
2004/09/10,10.4,10.4,9.85,10.25,76.0,771.0,-0.9662,0.2687,31.0,0.0,0.0,0.0,0.0,,,,,,,14.44,0.81,6.15
2004/09/13,10.0,10.4,10.0,10.15,18.0,181.0,-0.9756,0.0636,10.0,0.0,0.0,0.0,0.0,,,,,,,14.3,0.8,6.21
2004/09/14,10.05,10.35,10.0,10.35,144.0,1450.0,1.9704,0.5091,34.0,0.0,-100.0,0.0,-100.0,,,,,,,14.58,0.82,6.09
2004/09/15,10.4,10.4,10.0,10.25,9.0,91.0,-0.9662,0.0318,7.0,0.0,0.0,0.0,0.0,,,,,,,14.44,0.81,6.15
2004/09/16,10.3,10.3,10.0,10.3,35.0,359.0,0.4878,0.1237,15.0,0.0,0.0,0.0,0.0,,,,,,,14.51,0.81,6.12
2004/09/17,10.3,10.3,10.0,10.2,6.0,60.0,-0.9709,0.0212,6.0,0.0,0.0,0.0,0.0,,,,,,,14.37,0.8,6.18
2004/09/20,10.0,10.5,9.85,10.25,21.0,211.0,0.4902,0.0742,16.0,0.0,0.0,0.0,0.0,,,,,,,14.44,0.81,6.15
2004/09/21,10.1,10.1,10.0,10.0,3.0,30.0,-2.439,0.0106,3.0,0.0,0.0,0.0,0.0,,,,,,,14.08,0.79,6.3
2004/09/22,9.65,10.1,9.65,9.7,30.0,291.0,-3.0,0.1061,33.0,0.0,0.0,0.0,0.0,,,,,,,13.66,0.76,6.49
2004/09/23,9.9,10.1,9.85,10.1,14.0,143.0,4.1237,0.0495,14.0,0.0,0.0,0.0,0.0,,,,,,,14.23,0.8,6.24
2004/09/24,10.3,10.3,9.85,9.85,3.0,36.0,-2.4752,0.0106,8.0,0.0,0.0,0.0,0.0,,,,,,,13.87,0.78,6.4
2004/09/27,10.15,10.15,10.15,10.15,1.0,10.0,3.0457,0.0035,2.0,0.0,0.0,0.0,0.0,,,,,,,14.3,0.8,6.21
2004/09/29,9.7,10.0,9.7,9.9,7.0,68.0,-2.4631,0.0247,5.0,0.0,-2.0,0.0,-2.0,,,,,,,13.94,0.78,6.36
2004/09/30,9.95,9.95,9.55,9.95,23.0,224.0,0.5051,0.0813,12.0,0.0,0.0,0.0,0.0,,,,,,,14.01,0.78,6.33
2004/10/01,9.85,10.0,9.6,10.0,13.0,133.0,0.5025,0.046,19.0,0.0,0.0,0.0,0.0,,,,,,,14.08,0.79,7.2
2004/10/04,10.1,10.1,9.8,9.9,90.0,897.0,-1.0,0.3182,28.0,0.0,-50.0,0.0,-50.0,,,,,,,41.25,0.84,7.27
2004/10/05,9.75,10.05,9.75,9.8,6.0,59.0,-1.0101,0.0212,5.0,0.0,0.0,0.0,0.0,,,,,,,40.83,0.83,7.35
2004/10/06,9.8,10.0,9.75,9.85,41.0,402.0,0.5102,0.145,16.0,0.0,0.0,0.0,0.0,,,,,,,41.04,0.83,7.31
2004/10/07,9.9,10.0,9.85,9.85,18.0,178.0,0.0,0.0636,13.0,0.0,0.0,0.0,0.0,,,,,,,41.04,0.83,7.31
2004/10/08,10.0,10.0,9.9,9.9,41.0,418.0,0.5076,0.145,30.0,0.0,0.0,0.0,0.0,,,,,,,41.25,0.84,7.27
2004/10/11,10.05,10.3,10.05,10.3,28.0,294.0,4.0404,0.099,23.0,0.0,0.0,0.0,0.0,,,,,,,42.92,0.87,6.99
2004/10/12,10.3,10.3,9.75,9.75,16.0,168.0,-5.3398,0.0566,16.0,0.0,0.0,0.0,0.0,,,,,,,40.63,0.82,7.38
2004/10/13,9.7,9.95,9.7,9.95,32.0,315.0,2.0513,0.1131,18.0,0.0,0.0,0.0,0.0,,,,,,,41.46,0.84,7.24
2004/10/14,9.8,9.8,9.6,9.7,5.0,48.0,-2.5126,0.0177,5.0,0.0,0.0,0.0,0.0,,,,,,,40.42,0.82,7.42
2004/10/15,9.95,9.95,9.65,9.65,9.0,87.0,-0.5155,0.0318,7.0,0.0,0.0,0.0,0.0,,,,,,,40.21,0.82,7.46
2004/10/18,9.7,9.9,9.7,9.75,4.0,41.0,1.0363,0.0141,6.0,0.0,0.0,0.0,0.0,,,,,,,40.63,0.82,7.38
2004/10/19,9.95,9.95,9.35,9.9,108.0,1052.0,1.5385,0.3819,25.0,0.0,0.0,0.0,0.0,,,,,,,41.25,0.84,7.27
2004/10/20,9.85,9.85,9.5,9.55,99.0,955.0,-3.5354,0.35,26.0,0.0,0.0,0.0,0.0,,,,,,,39.79,0.81,7.54
2004/10/21,9.8,10.1,9.7,10.1,72.0,723.0,5.7592,0.2546,32.0,0.0,0.0,0.0,0.0,,,,,,,42.08,0.85,7.13
2004/10/22,10.1,10.3,10.1,10.2,33.0,338.0,0.9901,0.1167,16.0,0.0,0.0,0.0,0.0,,,,,,,42.5,0.86,7.06
2004/10/26,9.6,9.8,9.55,9.8,18.0,178.0,-3.9216,0.0636,14.0,0.0,0.0,0.0,0.0,,,,,,,40.83,0.83,7.35
2004/10/27,9.6,9.6,9.4,9.6,9.0,85.0,-2.0408,0.0318,7.0,0.0,0.0,0.0,0.0,,,,,,,40.0,0.81,7.5
2004/10/28,9.8,9.8,9.6,9.75,16.0,155.0,1.5625,0.0566,9.0,0.0,0.0,0.0,0.0,,,,,,,40.63,0.82,7.38
2004/10/29,9.65,9.75,9.3,9.75,75.0,726.0,0.0,0.2652,24.0,0.0,0.0,0.0,0.0,,,,,,,40.63,0.82,7.38
2004/11/01,9.5,9.55,9.5,9.5,15.0,142.0,-2.5641,0.053,5.0,0.0,0.0,0.0,0.0,,,,,,,39.58,0.8,7.58
2004/11/02,9.75,9.75,9.65,9.65,2.0,19.0,1.5789,0.0071,2.0,0.0,0.0,0.0,0.0,,,,,,,40.21,0.82,7.46
2004/11/03,9.65,9.8,9.55,9.8,5.0,49.0,1.5544,0.0177,5.0,0.0,0.0,0.0,0.0,,,,,,,40.83,0.83,7.35
2004/11/04,9.85,9.85,9.6,9.8,17.0,173.0,0.0,0.0601,17.0,0.0,0.0,0.0,0.0,,,,,,,40.83,0.83,7.35
2004/11/05,9.7,10.0,9.7,9.75,11.0,109.0,-0.5102,0.0389,22.0,0.0,0.0,0.0,0.0,,,,,,,,0.86,7.38
2004/11/08,9.85,9.85,9.8,9.8,47.0,463.0,0.5128,0.1662,17.0,0.0,0.0,0.0,0.0,,,,,,,,0.87,7.35
2004/11/09,9.9,9.9,9.9,9.9,15.0,151.0,1.0204,0.053,11.0,0.0,0.0,0.0,0.0,,,,,,,,0.88,7.27
2004/11/10,9.9,9.9,9.9,9.9,2.0,20.0,0.0,0.0071,6.0,0.0,0.0,0.0,0.0,,,,,,,,0.88,7.27
2004/11/11,9.9,9.95,9.9,9.95,51.0,511.0,0.5051,0.1803,23.0,0.0,0.0,0.0,0.0,,,,,,,,0.88,7.24
2004/11/12,10.0,10.6,9.95,10.6,268.0,2756.0,6.5327,0.9476,72.0,-1.0,0.0,0.0,-1.0,,,,,,,,0.94,6.79
2004/11/15,10.7,10.7,10.2,10.5,36.0,384.0,-0.9434,0.1273,16.0,0.0,0.0,0.0,0.0,,,,,,,,0.93,6.86
2004/11/16,10.25,10.35,10.2,10.35,16.0,164.0,-1.4286,0.0566,14.0,0.0,0.0,0.0,0.0,,,,,,,,0.92,6.96
2004/11/17,10.45,10.45,10.0,10.35,62.0,631.0,0.0,0.2192,16.0,0.0,0.0,0.0,0.0,,,,,,,,0.92,6.96
2004/11/18,10.25,10.25,9.95,9.95,63.0,640.0,-3.8647,0.2227,23.0,0.0,0.0,0.0,0.0,,,,,,,,0.88,7.24
2004/11/19,9.9,10.3,9.9,10.25,147.0,1504.0,3.0151,0.5197,34.0,0.0,0.0,0.0,0.0,,,,,,,,0.91,7.02
2004/11/22,10.25,10.55,10.15,10.5,253.0,2610.0,2.439,0.8945,45.0,0.0,0.0,0.0,0.0,,,,,,,,0.93,6.86
2004/11/23,10.5,10.9,10.5,10.9,172.0,1826.0,3.8095,0.6081,36.0,0.0,0.0,0.0,0.0,,,,,,,,0.96,6.61
2004/11/24,10.7,10.7,10.45,10.45,18.0,188.0,-4.1284,0.0636,9.0,0.0,0.0,0.0,0.0,,,,,,,,0.92,6.89
2004/11/25,10.4,10.4,10.2,10.2,11.0,118.0,-2.3923,0.0389,9.0,0.0,0.0,0.0,0.0,,,,,,,,0.9,7.06
2004/11/26,10.15,10.15,10.1,10.1,4.0,40.0,-0.9804,0.0141,3.0,0.0,0.0,0.0,0.0,,,,,,,,0.89,7.13
2004/11/29,9.9,10.35,9.8,10.35,13.0,129.0,2.4752,0.046,5.0,0.0,0.0,0.0,0.0,,,,,,,,0.92,6.96
2004/11/30,10.25,10.25,9.85,9.85,6.0,59.0,-4.8309,0.0212,5.0,0.0,0.0,0.0,0.0,,,,,,,,0.87,7.31
2004/12/01,10.05,10.05,9.85,9.85,7.0,76.0,0.0,0.0247,8.0,0.0,0.0,0.0,0.0,,,,,,,,0.87,7.31
2004/12/02,10.05,10.05,9.85,10.0,4.0,39.0,1.5228,0.0141,3.0,0.0,0.0,0.0,0.0,,,,,,,,0.88,7.2
2004/12/03,9.9,9.9,9.5,9.65,49.0,471.0,-3.5,0.1732,21.0,0.0,0.0,0.0,0.0,,,,,,,,0.85,7.46
2004/12/06,9.5,9.8,9.5,9.7,15.0,144.0,0.5181,0.053,8.0,0.0,0.0,0.0,0.0,,,,,,,,0.86,7.42
2004/12/07,9.65,9.65,9.6,9.6,14.0,134.0,-1.0309,0.0495,4.0,0.0,0.0,0.0,0.0,,,,,,,,0.85,7.5
2004/12/08,9.6,9.6,9.6,9.6,8.0,80.0,0.0,0.0283,8.0,0.0,0.0,0.0,0.0,,,,,,,,0.85,7.5
2004/12/09,9.8,9.8,9.6,9.75,5.0,48.0,1.5625,0.0177,4.0,0.0,0.0,0.0,0.0,,,,,,,,0.86,7.38
2004/12/10,9.9,9.9,9.9,9.9,1.0,9.0,1.5385,0.0035,1.0,0.0,0.0,0.0,0.0,,,,,,,,0.88,7.27
2004/12/13,9.8,9.8,9.7,9.7,5.0,48.0,-2.0202,0.0177,4.0,0.0,0.0,0.0,0.0,,,,,,,,0.86,7.42
2004/12/14,9.7,9.7,9.7,9.7,1.0,9.0,0.0,0.0035,1.0,0.0,0.0,0.0,0.0,,,,,,,,0.86,7.42
2004/12/15,9.7,9.7,9.7,9.7,6.0,58.0,0.0,0.0212,4.0,0.0,0.0,0.0,0.0,,,,,,,,0.86,7.42
2004/12/16,9.7,9.7,9.7,9.7,2.0,19.0,0.0,0.0071,2.0,0.0,0.0,0.0,0.0,,,,,,,,0.86,7.42
2004/12/17,9.8,9.8,9.8,9.8,5.0,49.0,1.0309,0.0177,3.0,0.0,0.0,0.0,0.0,,,,,,,,0.87,7.35
2004/12/20,9.8,9.8,9.8,9.8,10.0,98.0,0.0,0.0354,9.0,0.0,0.0,0.0,0.0,,,,,,,,0.87,7.35
2004/12/21,9.8,9.8,9.7,9.7,5.0,48.0,-1.0204,0.0177,4.0,0.0,0.0,0.0,0.0,,,,,,,,0.86,7.42
2004/12/22,9.7,9.7,9.45,9.45,8.0,77.0,-2.5773,0.0283,5.0,0.0,0.0,0.0,0.0,,,,,,,,0.84,7.62
2004/12/23,9.6,9.75,9.6,9.75,2.0,27.0,3.1746,0.0071,9.0,0.0,0.0,0.0,0.0,,,,,,,,0.86,7.38
2004/12/24,9.7,9.7,9.7,9.7,3.0,29.0,-0.5128,0.0106,2.0,0.0,0.0,0.0,0.0,,,,,,,,0.86,7.42
2004/12/27,9.55,9.6,9.4,9.6,3.0,28.0,-1.0309,0.0106,3.0,0.0,0.0,0.0,0.0,,,,,,,,0.85,7.5
2004/12/28,9.5,9.7,9.5,9.7,11.0,104.0,1.0417,0.0389,4.0,0.0,0.0,0.0,0.0,,,,,,,,0.86,7.42
2004/12/29,9.85,9.85,9.8,9.85,17.0,167.0,1.5464,0.0601,6.0,0.0,0.0,0.0,0.0,,,,,,,,0.87,7.31
2004/12/30,9.55,9.8,9.55,9.6,9.0,86.0,-2.5381,0.0318,4.0,0.0,0.0,0.0,0.0,,,,,,,,0.85,7.5
2004/12/31,9.5,9.8,9.5,9.8,25.0,243.0,2.0833,0.0884,25.0,0.0,0.0,0.0,0.0,,,,,,,,0.87,7.35
2005/01/03,9.6,9.9,9.6,9.9,2.0,19.0,1.0204,0.0071,2.0,0.0,0.0,0.0,0.0,,,,,,,,0.88,7.27
2005/01/04,9.8,9.85,9.8,9.85,3.0,29.0,-0.5051,0.0106,8.0,0.0,0.0,0.0,0.0,,,,,,,,0.87,7.31
2005/01/05,9.9,9.9,9.9,9.9,1.0,9.0,0.5076,0.0035,1.0,0.0,0.0,0.0,0.0,,,,,,,,0.88,7.27
2005/01/06,9.5,9.55,9.35,9.4,25.0,236.0,-5.0505,0.0884,13.0,0.0,0.0,0.0,0.0,,,,,,,,0.83,7.66
2005/01/07,9.5,9.65,9.45,9.5,5.0,47.0,1.0638,0.0177,5.0,0.0,0.0,0.0,0.0,,,,,,,,0.84,7.58
2005/01/10,9.6,9.6,9.6,9.6,3.0,28.0,1.0526,0.0106,3.0,0.0,0.0,0.0,0.0,,,,,,,,0.85,7.5
2005/01/11,9.6,9.6,9.6,9.6,1.0,9.0,0.0,0.0035,6.0,0.0,0.0,0.0,0.0,,,,,,,,0.85,7.5
2005/01/12,9.35,9.5,9.05,9.5,14.0,129.0,-1.0417,0.0495,58.0,0.0,0.0,0.0,0.0,,,,,,,,0.84,7.58
2005/01/13,9.1,9.6,8.85,8.85,254.0,2265.0,-6.8421,0.8981,31.0,0.0,0.0,0.0,0.0,,,,,,,,0.78,8.14
2005/01/14,8.85,9.45,8.5,9.45,378.0,3339.0,6.7797,1.3365,68.0,0.0,0.0,0.0,0.0,,,,,,,,0.84,7.62
2005/01/17,9.6,9.8,9.4,9.4,10.0,94.0,-0.5291,0.0354,5.0,0.0,0.0,0.0,0.0,,,,,,,,0.83,7.66
2005/01/18,9.3,9.8,9.3,9.8,6.0,57.0,4.2553,0.0212,8.0,0.0,0.0,0.0,0.0,,,,,,,,0.87,7.35
2005/01/19,9.4,9.6,9.4,9.6,4.0,37.0,-2.0408,0.0141,2.0,0.0,0.0,0.0,0.0,,,,,,,,0.85,7.5
2005/01/20,9.4,9.4,9.4,9.4,1.0,9.0,-2.0833,0.0035,3.0,0.0,0.0,0.0,0.0,,,,,,,,0.83,7.66
2005/01/21,9.4,9.6,9.3,9.3,6.0,57.0,-1.0638,0.0212,13.0,0.0,0.0,0.0,0.0,,,,,,,,0.82,7.74
2005/01/24,9.0,9.55,9.0,9.0,10.0,93.0,-3.2258,0.0354,9.0,0.0,0.0,0.0,0.0,,,,,,,,0.8,8.0
2005/01/25,9.05,9.25,9.0,9.0,13.0,124.0,0.0,0.046,9.0,0.0,0.0,0.0,0.0,,,,,,,,0.8,8.0
2005/01/26,9.0,9.0,9.0,9.0,0.0,0.0,0.0,0.0,0.0,0.0,0.0,0.0,0.0,,,,,,,,0.8,
2005/01/27,9.35,9.35,8.6,9.2,25.0,226.0,2.2222,0.0884,16.0,0.0,0.0,0.0,0.0,,,,,,,,0.81,7.83
2005/01/28,9.0,9.2,9.0,9.2,4.0,39.0,0.0,0.0141,8.0,0.0,0.0,0.0,0.0,,,,,,,,0.81,7.83
2005/01/31,9.2,9.35,9.2,9.35,3.0,29.0,1.6304,0.0106,4.0,0.0,0.0,0.0,0.0,,,,,,,,0.83,7.7
2005/02/01,9.35,9.35,9.1,9.1,8.0,76.0,-2.6738,0.0283,10.0,0.0,0.0,0.0,0.0,,,,,,,,0.77,7.91
2005/02/02,9.25,9.25,8.95,9.2,12.0,108.0,1.0989,0.0424,9.0,0.0,0.0,0.0,0.0,,,,,,,,0.78,7.83
2005/02/03,9.2,9.7,9.2,9.7,34.0,329.0,5.4348,0.1202,27.0,0.0,0.0,0.0,0.0,,,,,,,,0.82,7.42
2005/02/14,9.5,9.65,9.5,9.65,2.0,19.0,-0.5155,0.0071,2.0,0.0,0.0,0.0,0.0,,,,,,,,0.81,7.46
2005/02/15,10.3,10.3,9.85,10.1,87.0,887.0,4.6632,0.3076,37.0,0.0,0.0,0.0,0.0,,,,,,,,0.85,7.13
2005/02/16,10.8,10.8,10.8,10.8,251.0,2715.0,6.9307,0.8875,78.0,0.0,0.0,0.0,0.0,,,,,,,,0.91,6.67
2005/02/17,11.0,11.1,10.5,10.55,265.0,2894.0,-2.3148,0.937,92.0,0.0,0.0,0.0,0.0,,,,,,,,0.89,6.82
2005/02/18,10.6,10.9,10.45,10.8,206.0,2196.0,2.3697,0.7284,54.0,0.0,0.0,0.0,0.0,,,,,,,,0.91,6.67
2005/02/21,11.55,11.55,11.5,11.55,356.0,4111.0,6.9444,1.2587,100.0,0.0,0.0,0.0,0.0,,,,,,,,0.97,6.23
2005/02/22,11.6,11.6,11.25,11.35,136.0,1540.0,-1.7316,0.4809,80.0,0.0,0.0,0.0,0.0,,,,,,,,0.96,6.34
2005/02/23,11.35,11.35,11.25,11.3,87.0,985.0,-0.4405,0.3076,31.0,0.0,0.0,0.0,0.0,,,,,,,,0.95,6.37
2005/02/24,11.15,11.35,10.7,11.1,108.0,1191.0,-1.7699,0.3819,39.0,0.0,0.0,0.0,0.0,,,,,,,,0.94,6.49
2005/02/25,11.3,11.6,11.0,11.6,343.0,3873.0,4.5045,1.2127,100.0,0.0,0.0,0.0,0.0,,,,,,,,0.98,6.21
2005/03/01,11.6,11.6,11.1,11.1,106.0,1201.0,-4.3103,0.3748,397.0,0.0,0.0,0.0,0.0,,,,,,,,0.94,6.49
2005/03/02,11.35,11.35,10.8,11.2,89.0,974.0,0.9009,0.3147,27.0,0.0,0.0,0.0,0.0,,,,,,,,0.94,6.43
2005/03/03,11.25,11.25,11.25,11.25,5.0,57.0,0.4464,0.0177,47.0,0.0,0.0,0.0,0.0,,,,,,,,0.95,6.4
2005/03/04,11.25,11.25,11.25,11.25,14.0,158.0,0.0,0.0495,255.0,0.0,0.0,0.0,0.0,,,,,,,,0.95,6.4
2005/03/07,11.35,11.35,11.2,11.2,23.0,260.0,-0.4444,0.0813,24.0,0.0,0.0,0.0,0.0,,,,,,,,0.94,6.43
2005/03/08,11.0,11.35,11.0,11.35,42.0,473.0,1.3393,0.1485,25.0,0.0,0.0,0.0,0.0,,,,,,,,0.96,6.34
2005/03/09,11.3,11.4,11.15,11.25,97.0,1088.0,-0.8811,0.343,28.0,0.0,0.0,0.0,0.0,,,,,,,,0.95,6.4
2005/03/10,11.2,11.6,11.2,11.2,119.0,1350.0,-0.4444,0.4207,40.0,0.0,0.0,0.0,0.0,,,,,,,,0.94,6.43
2005/03/11,11.2,11.45,10.8,11.3,157.0,1752.0,0.8929,0.5551,46.0,0.0,0.0,0.0,0.0,,,,,,,,0.95,6.37
2005/03/14,11.3,11.65,11.1,11.65,268.0,3069.0,3.0973,0.9476,89.0,0.0,0.0,0.0,0.0,,,,,,,,0.98,6.18
2005/03/15,11.6,11.6,11.1,11.25,142.0,1604.0,-3.4335,0.5021,50.0,0.0,0.0,0.0,0.0,,,,,,,,0.95,6.4
2005/03/16,11.15,11.2,11.05,11.2,33.0,366.0,-0.4444,0.1167,14.0,0.0,0.0,0.0,0.0,,,,,,,,0.94,6.43
2005/03/17,10.8,11.15,10.8,11.15,20.0,219.0,-0.4464,0.0707,10.0,0.0,0.0,0.0,0.0,,,,,,,,0.94,6.46
2005/03/18,11.1,11.25,11.1,11.25,16.0,187.0,0.8969,0.0566,15.0,0.0,0.0,0.0,0.0,,,,,,,,0.95,6.4
2005/03/21,11.25,11.25,11.25,11.25,1.0,11.0,0.0,0.0035,3.0,0.0,0.0,0.0,0.0,,,,,,,,0.95,6.4
2005/03/22,11.0,11.05,10.65,11.05,13.0,141.0,-1.7778,0.046,12.0,0.0,0.0,0.0,0.0,,,,,,,,0.93,6.52
2005/03/23,10.55,11.0,10.5,10.7,101.0,1079.0,-3.1674,0.3571,58.0,0.0,0.0,0.0,0.0,,,,,,,,0.9,6.73
2005/03/24,10.65,10.75,10.45,10.65,23.0,245.0,-0.4673,0.0813,16.0,0.0,0.0,0.0,0.0,,,,,,,,0.9,6.76
2005/03/25,10.7,10.7,10.45,10.65,13.0,145.0,0.0,0.046,17.0,0.0,0.0,0.0,0.0,,,,,,,,0.9,6.76
2005/03/28,10.45,10.45,10.45,10.45,8.0,91.0,-1.8779,0.0283,10.0,0.0,0.0,0.0,0.0,,,,,,,,0.88,6.89
2005/03/29,10.7,10.7,10.1,10.1,26.0,274.0,-3.3493,0.0919,17.0,0.0,0.0,0.0,0.0,,,,,,,,0.85,7.13
2005/03/30,10.1,10.1,10.0,10.05,68.0,690.0,-0.495,0.2404,26.0,0.0,0.0,0.0,0.0,,,,,,,,0.85,7.16
2005/03/31,10.25,10.25,10.0,10.0,13.0,130.0,-0.4975,0.0458,10.0,0.0,0.0,0.0,0.0,,,,,,,,0.84,7.2
2005/04/01,10.0,10.1,10.0,10.0,27.0,271.0,0.0,0.0951,5.0,0.0,0.0,0.0,0.0,,,,,,,,0.84,7.2
2005/04/04,10.25,10.25,10.25,10.25,2.0,22.0,2.5,0.007,3.0,0.0,0.0,0.0,0.0,,,,,,,,0.86,7.02
2005/04/06,10.25,10.25,9.72,9.98,21.0,213.0,-2.6341,0.074,7.0,0.0,0.0,0.0,0.0,,,,,,,,0.84,7.21
2005/04/07,9.5,10.65,9.5,10.65,224.0,2291.0,6.7134,0.7893,79.0,0.0,0.0,0.0,0.0,,,,,,,,0.9,6.76
2005/04/08,10.65,10.65,10.25,10.25,24.0,262.0,-3.7559,0.0846,6.0,0.0,0.0,0.0,0.0,,,,,,,,0.86,7.02
2005/04/11,10.05,10.15,9.9,9.9,100.0,999.0,-3.4146,0.3523,33.0,0.0,-96.0,0.0,-96.0,,,,,,,,0.83,7.27
2005/04/12,10.15,10.15,9.77,9.77,3.0,33.0,-1.3131,0.0106,3.0,0.0,0.0,0.0,0.0,,,,,,,,0.82,7.37
2005/04/13,9.77,9.9,9.77,9.9,12.0,122.0,1.3306,0.0423,12.0,0.0,0.0,0.0,0.0,,,,,,,,0.83,7.27
2005/04/14,9.85,9.94,9.85,9.94,3.0,29.0,0.404,0.0106,3.0,0.0,0.0,0.0,0.0,,,,,,,,0.84,7.24
2005/04/15,9.94,9.94,9.31,9.94,10.0,96.0,0.0,0.0352,7.0,0.0,0.0,0.0,0.0,,,,,,,,0.84,7.24
2005/04/18,9.46,9.5,9.28,9.5,19.0,178.0,-4.4266,0.0669,11.0,0.0,0.0,0.0,0.0,,,,,,,,0.8,7.58
2005/04/19,9.4,9.5,9.17,9.2,33.0,311.0,-3.1579,0.1163,21.0,0.0,-25.0,0.0,-25.0,,,,,,,,0.78,7.83
2005/04/20,8.98,9.33,8.98,9.24,22.0,201.0,0.4348,0.0775,11.0,0.0,0.0,0.0,0.0,,,,,,,,0.78,7.79
2005/04/21,9.2,9.44,9.2,9.44,6.0,55.0,2.1645,0.0211,5.0,0.0,0.0,0.0,0.0,,,,,,,,0.8,7.63
2005/04/22,9.6,9.6,9.58,9.58,2.0,19.0,1.4831,0.007,2.0,0.0,0.0,0.0,0.0,,,,,,,,0.81,7.52
2005/04/25,9.2,9.56,9.2,9.56,4.0,37.0,-0.2088,0.0141,3.0,0.0,0.0,0.0,0.0,,,,,,,,0.81,7.53
2005/04/26,9.5,9.5,9.24,9.24,3.0,28.0,-3.3473,0.0106,3.0,0.0,0.0,0.0,0.0,,,,,,,,0.78,7.79
2005/04/27,9.24,9.24,9.03,9.05,16.0,144.0,-2.0563,0.0564,17.0,0.0,0.0,0.0,0.0,,,,,,,,0.76,7.96
2005/04/28,9.2,9.2,8.8,9.1,17.0,154.0,0.5525,0.0599,22.0,0.0,0.0,0.0,0.0,,,,,,,,0.77,7.91
2005/04/29,9.09,9.09,9.09,9.09,1.0,9.0,-0.1099,0.0035,1.0,0.0,0.0,0.0,0.0,,,,,,,,0.77,7.92
2005/05/03,9.08,9.08,8.85,9.05,5.0,44.0,-0.44,0.0176,4.0,0.0,0.0,0.0,0.0,,,,,,,,0.76,7.96
2005/05/04,9.05,9.05,8.5,8.98,15.0,130.0,-0.7735,0.0529,12.0,0.0,0.0,0.0,0.0,,,,,,,,0.76,8.02
2005/05/05,8.55,8.9,8.55,8.9,18.0,156.0,-0.8909,0.0634,16.0,0.0,0.0,0.0,0.0,,,,,,,,0.75,8.09
2005/05/06,8.9,8.99,8.56,8.56,18.0,156.0,-3.8202,0.0634,13.0,0.0,0.0,0.0,0.0,,,,,,,,0.72,8.41
2005/05/09,8.76,8.8,8.65,8.65,9.0,85.0,1.0514,0.0317,13.0,0.0,0.0,0.0,0.0,,,,,,,,0.73,8.32
2005/05/10,8.6,8.8,8.6,8.8,3.0,26.0,1.7341,0.0106,3.0,0.0,0.0,0.0,0.0,,,,,,,,0.74,8.18
2005/05/11,8.79,8.79,8.79,8.79,1.0,10.0,-0.1136,0.0035,3.0,0.0,0.0,0.0,0.0,,,,,,,175.8,0.74,8.19
2005/05/12,8.79,8.79,8.79,8.79,1.0,8.0,0.0,0.0035,1.0,0.0,0.0,0.0,0.0,,,,,,,175.8,0.74,8.19
2005/05/13,8.55,8.65,8.55,8.65,3.0,26.0,-1.5927,0.0106,3.0,0.0,0.0,0.0,0.0,,,,,,,173.0,0.73,8.32
2005/05/16,8.8,9.25,8.45,8.45,179.0,1571.0,-2.3121,0.6307,68.0,0.0,-121.0,0.0,-121.0,,,,,,,169.0,0.71,8.52
2005/05/17,8.45,8.45,8.45,8.45,5.0,42.0,0.0,0.0176,5.0,0.0,0.0,0.0,0.0,,,,,,,169.0,0.71,8.52
2005/05/18,8.02,8.49,8.02,8.4,14.0,121.0,-0.5917,0.0493,18.0,0.0,0.0,0.0,0.0,,,,,,,168.0,0.71,8.57
2005/05/19,8.4,8.67,8.4,8.63,3.0,26.0,2.7381,0.0106,4.0,0.0,0.0,0.0,0.0,,,,,,,172.6,0.73,8.34
2005/05/20,8.63,8.63,8.63,8.63,1.0,10.0,0.0,0.0035,2.0,0.0,0.0,0.0,0.0,,,,,,,172.6,0.73,8.34
2005/05/23,8.63,9.23,8.6,9.21,40.0,361.0,6.7207,0.1409,31.0,0.0,0.0,0.0,0.0,,,,,,,184.2,0.78,7.82
2005/05/24,9.3,9.3,8.98,8.98,15.0,136.0,-2.4973,0.0529,12.0,0.0,0.0,0.0,0.0,,,,,,,179.6,0.76,8.02
2005/05/25,8.8,8.97,8.7,8.97,9.0,79.0,-0.1114,0.0317,8.0,0.0,0.0,0.0,0.0,,,,,,,179.4,0.76,8.03
2005/05/26,8.67,8.77,8.55,8.77,39.0,334.0,-2.2297,0.1374,22.0,0.0,0.0,0.0,0.0,,,,,,,175.4,0.74,8.21
2005/05/27,8.76,8.79,8.76,8.79,11.0,96.0,0.2281,0.0388,9.0,0.0,0.0,0.0,0.0,,,,,,,175.8,0.74,8.19
2005/05/30,8.9,8.9,8.68,8.68,2.0,18.0,-1.2514,0.007,6.0,0.0,0.0,0.0,0.0,,,,,,,173.6,0.73,8.29
2005/05/31,8.68,8.7,8.68,8.7,5.0,43.0,0.2304,0.0176,3.0,0.0,0.0,0.0,0.0,,,,,,,174.0,0.73,8.28
2005/06/01,8.9,9.3,8.9,9.3,135.0,1246.0,6.8966,0.4757,65.0,0.0,0.0,0.0,0.0,,,,,,,186.0,0.78,7.74
2005/06/02,9.05,9.95,9.05,9.95,208.0,2040.0,6.9892,0.7329,88.0,0.0,0.0,0.0,0.0,,,,,,,199.0,0.84,7.24
2005/06/03,9.8,10.4,9.8,10.4,61.0,608.0,4.5226,0.2149,24.0,0.0,0.0,0.0,0.0,,,,,,,208.0,0.88,6.92
2005/06/06,9.9,10.6,9.9,10.6,107.0,1106.0,1.9231,0.377,45.0,0.0,0.0,0.0,0.0,,,,,,,212.0,0.89,6.79
2005/06/07,10.5,10.8,10.3,10.75,146.0,1551.0,1.4151,0.5144,58.0,0.0,0.0,0.0,0.0,,,,,,,215.0,0.91,6.7
2005/06/08,10.8,10.9,10.5,10.65,123.0,1323.0,-0.9302,0.4334,33.0,0.0,0.0,0.0,0.0,,,,,,,213.0,0.9,6.76
2005/06/09,10.65,11.3,10.65,11.3,295.0,3267.0,6.1033,1.0394,106.0,0.0,0.0,0.0,0.0,,,,,,,226.0,0.95,6.37
2005/06/10,11.3,11.9,11.15,11.9,674.0,7741.0,5.3097,2.3748,90.0,0.0,0.0,0.0,0.0,,,,,,,238.0,1.0,6.05
2005/06/13,11.5,11.6,11.25,11.25,46.0,529.0,-5.4622,0.1621,24.0,0.0,0.0,0.0,0.0,,,,,,,225.0,0.95,6.4
2005/06/14,11.5,11.6,10.7,10.7,105.0,1153.0,-4.8889,0.37,23.0,0.0,0.0,0.0,0.0,,,,,,,214.0,0.9,6.73
2005/06/15,11.0,11.4,11.0,11.4,88.0,986.0,6.5421,0.3101,36.0,0.0,0.0,0.0,0.0,,,,,,,228.0,0.96,6.32
2005/06/16,11.4,11.9,11.4,11.9,675.0,7857.0,4.386,2.3784,115.0,0.0,0.0,0.0,0.0,,,,,,,238.0,1.0,6.05
2005/06/17,11.9,12.4,11.9,12.4,765.0,9310.0,4.2017,2.6955,107.0,10.0,0.0,0.0,10.0,,,,,,,248.0,1.05,5.81
2005/06/20,12.3,12.3,11.85,11.85,244.0,2963.0,-4.4355,0.8597,37.0,0.0,0.0,0.0,0.0,,,,,,,237.0,1.0,6.08
2005/06/21,11.85,12.0,11.75,11.75,154.0,1836.0,-0.8439,0.5426,24.0,0.0,0.0,0.0,0.0,,,,,,,235.0,0.99,6.13
2005/06/22,11.75,12.2,11.4,11.9,352.0,4122.0,1.2766,1.2403,65.0,0.0,-196.0,0.0,-196.0,,,,,,,238.0,1.0,6.05
2005/06/23,12.0,12.15,11.9,12.0,121.0,1452.0,0.8403,0.4263,29.0,0.0,0.0,0.0,0.0,,,,,,,240.0,1.01,6.0
2005/06/24,12.0,12.1,11.9,12.1,46.0,551.0,0.8333,0.1621,20.0,0.0,0.0,0.0,0.0,,,,,,,242.0,1.02,5.95
2005/06/27,12.1,12.1,11.8,12.0,205.0,2449.0,-0.8264,0.7223,30.0,0.0,0.0,0.0,0.0,,,,,,,240.0,1.01,6.0
2005/06/28,12.0,12.8,11.6,12.55,406.0,4958.0,4.5833,1.4305,112.0,0.0,0.0,0.0,0.0,,,,,,,251.0,1.06,5.74
2005/06/29,12.6,12.75,11.9,11.9,367.0,4568.0,-5.1793,1.2931,74.0,0.0,0.0,0.0,0.0,,,,,,,238.0,1.0,6.05
2005/06/30,12.0,12.7,12.0,12.7,699.0,8710.0,6.7227,2.4629,111.0,0.0,0.0,0.0,0.0,,,,,,,254.0,1.07,5.67
2005/07/01,12.7,13.55,12.4,13.55,953.0,12329.0,6.6929,3.3579,132.0,0.0,-1.0,0.0,-1.0,,,,,,,271.0,1.14,5.31
2005/07/04,13.9,14.0,13.5,14.0,201.0,2771.0,3.321,0.7082,60.0,-5.0,0.0,0.0,-5.0,,,,,,,280.0,1.18,5.14
2005/07/05,14.0,14.95,13.9,14.95,424.0,6184.0,6.7857,1.494,106.0,0.0,0.0,0.0,0.0,,,,,,,299.0,1.26,4.82
2005/07/06,15.1,15.95,15.1,15.95,656.0,10305.0,6.689,2.3114,175.0,0.0,0.0,0.0,0.0,,,,,,,319.0,1.34,4.51
2005/07/07,15.8,16.25,15.6,15.85,343.0,5423.0,-0.627,1.2086,126.0,-5.0,0.0,0.0,-5.0,,,,,,,317.0,1.34,4.54
2005/07/08,15.85,16.45,15.5,15.5,519.0,8302.0,-2.2082,1.8287,96.0,0.0,0.0,0.0,0.0,,,,,,,310.0,1.31,4.65
2005/07/11,15.5,16.1,15.0,15.4,110.0,1681.0,-0.6452,0.3876,48.0,0.0,0.0,0.0,0.0,,,,,,,308.0,1.3,4.68
2005/07/12,15.15,15.55,15.0,15.45,286.0,4333.0,0.3247,1.0077,68.0,0.0,0.0,0.0,0.0,,,,,,,309.0,1.3,4.66
2005/07/13,15.2,16.0,15.2,16.0,194.0,3038.0,3.5599,0.6836,99.0,0.0,0.0,0.0,0.0,,,,,,,320.0,1.35,4.5
2005/07/14,16.0,16.5,15.6,16.0,112.0,1793.0,0.0,0.3946,49.0,0.0,0.0,0.0,0.0,,,,,,,320.0,1.35,4.5
2005/07/15,15.7,16.0,15.2,15.7,130.0,2015.0,-1.875,0.4581,64.0,0.0,0.0,0.0,0.0,,,,,,,314.0,1.32,4.59
2005/07/19,15.4,16.1,15.4,16.1,605.0,9494.0,2.5478,2.1317,120.0,0.0,0.0,0.0,0.0,,,,,,,322.0,1.36,4.47
2005/07/20,16.0,16.2,16.0,16.1,319.0,5142.0,0.0,1.124,81.0,0.0,0.0,0.0,0.0,,,,,,,322.0,1.36,4.47
2005/07/21,16.0,16.1,15.8,16.1,491.0,7846.0,0.0,1.73,95.0,0.0,0.0,0.0,0.0,,,,,,,322.0,1.36,4.47
2005/07/22,16.0,17.2,15.9,17.2,1000.0,16509.0,6.8323,3.5235,171.0,0.0,0.0,0.0,0.0,,,,,,,344.0,1.45,4.19
2005/07/25,17.0,17.8,16.5,16.55,402.0,6842.0,-3.7791,1.4164,73.0,0.0,0.0,0.0,0.0,,,,,,,331.0,1.4,4.35
2005/07/26,16.5,16.5,15.8,15.85,137.0,2189.0,-4.2296,0.4827,53.0,0.0,0.0,0.0,0.0,,,,,,,317.0,1.34,4.54
2005/07/27,15.5,15.5,15.1,15.45,149.0,2270.0,-2.5237,0.525,42.0,0.0,0.0,0.0,0.0,,,,,,,309.0,1.3,4.66
2005/07/28,15.1,15.9,15.1,15.9,218.0,3398.0,2.9126,0.7681,46.0,0.0,0.0,0.0,0.0,,,,,,,318.0,1.34,4.53
2005/07/29,15.5,15.7,15.0,15.2,287.0,4341.0,-4.4025,1.0112,51.0,0.0,0.0,0.0,0.0,,,,,,,304.0,1.28,4.74
2005/08/01,15.0,16.25,14.8,16.25,708.0,11311.0,6.9079,2.4407,91.0,0.0,0.0,0.0,0.0,,,,,,,325.0,1.37,4.43
2005/08/02,16.3,16.6,16.0,16.5,719.0,11749.0,1.5385,2.4786,140.0,0.0,0.0,0.0,0.0,,,,,,,330.0,1.39,4.36
2005/08/03,16.3,16.6,16.0,16.5,484.0,7896.0,0.0,1.6685,76.0,0.0,0.0,0.0,0.0,,,,,,,330.0,1.39,4.36
2005/08/04,16.1,16.4,15.9,16.3,234.0,3781.0,-1.2121,0.8067,30.0,0.0,0.0,0.0,0.0,,,,,,,326.0,1.37,4.42
2005/08/08,15.8,15.85,15.5,15.5,59.0,919.0,-4.908,0.2034,23.0,0.0,0.0,0.0,0.0,,,,,,,310.0,1.31,4.65
2005/08/09,15.3,15.3,15.1,15.2,55.0,846.0,-1.9355,0.1896,10.0,0.0,0.0,0.0,0.0,,,,,,,304.0,1.28,4.74
2005/08/10,15.9,15.9,15.0,15.5,64.0,990.0,1.9737,0.2197,35.0,0.0,0.0,0.0,0.0,,,,,,,310.0,1.31,4.65
2005/08/11,15.1,15.7,15.1,15.6,21.0,333.0,0.6452,0.0721,18.0,0.0,0.0,0.0,0.0,,,,,,,312.0,1.32,4.62
2005/08/12,15.4,16.3,15.3,15.85,290.0,4597.0,1.6026,0.9957,59.0,0.0,0.0,0.0,0.0,,,,,,,317.0,1.34,4.54
2005/08/15,15.6,15.85,15.4,15.7,83.0,1302.0,-0.9464,0.285,37.0,0.0,0.0,0.0,0.0,,,,,,,314.0,1.32,4.59
2005/08/16,15.7,15.85,15.5,15.5,23.0,358.0,-1.2739,0.079,10.0,0.0,0.0,0.0,0.0,,,,,,,310.0,1.31,4.65
2005/08/17,15.5,15.9,15.4,15.6,112.0,1762.0,0.6452,0.3845,33.0,0.0,0.0,0.0,0.0,,,,,,,312.0,1.32,4.62
2005/08/18,15.6,15.6,15.4,15.4,8.0,124.0,-1.2821,0.0275,6.0,0.0,0.0,0.0,0.0,,,,,,,308.0,1.3,4.68
2005/08/19,15.3,15.35,15.0,15.0,58.0,873.0,-2.5974,0.1991,19.0,0.0,0.0,0.0,0.0,,,,,,,300.0,1.26,4.8
2005/08/22,15.0,15.0,15.0,15.0,15.0,225.0,0.0,0.0515,7.0,0.0,0.0,0.0,0.0,,,,,,,300.0,1.26,4.8
2005/08/23,15.15,15.15,15.15,15.15,2.0,30.0,1.0,0.0069,3.0,0.0,0.0,0.0,0.0,,,,,,,303.0,1.28,4.75
2005/08/24,14.9,14.9,14.7,14.9,67.0,996.0,-1.6502,0.23,20.0,0.0,0.0,0.0,0.0,,,,,,,298.0,1.26,4.83
2005/08/25,14.9,14.9,14.4,14.4,59.0,856.0,-3.3557,0.2026,20.0,0.0,0.0,0.0,0.0,,,,,,,288.0,1.21,5.0
2005/08/26,14.0,14.5,13.8,13.8,35.0,490.0,-4.1667,0.1202,12.0,0.0,0.0,0.0,0.0,,,,,,,276.0,1.16,5.22
2005/08/29,13.8,13.95,13.6,13.6,93.0,1294.0,-1.4493,0.3193,31.0,0.0,0.0,0.0,0.0,,,,,,,272.0,1.15,5.29
2005/08/30,13.7,13.7,13.7,13.7,8.0,109.0,0.7353,0.0275,5.0,0.0,0.0,0.0,0.0,,,,,,,274.0,1.16,5.26
2005/08/31,13.75,13.75,13.75,13.75,9.0,123.0,0.365,0.0306,5.0,0.0,0.0,0.0,0.0,,,,,,,275.0,1.16,5.24
2005/09/02,13.7,13.7,13.25,13.6,16.0,216.0,-1.0909,0.0544,10.0,0.0,0.0,0.0,0.0,,,,,,,272.0,1.15,5.29
2005/09/05,13.5,13.7,12.65,13.7,125.0,1661.0,0.7353,0.4247,33.0,0.0,0.0,0.0,0.0,,,,,,,274.0,1.16,5.26
2005/09/06,13.7,13.7,13.05,13.05,11.0,154.0,-4.7445,0.0374,7.0,0.0,0.0,0.0,0.0,,,,,,,261.0,1.1,5.52
2005/09/07,13.2,13.45,12.8,13.45,56.0,733.0,3.0651,0.1903,26.0,0.0,0.0,0.0,0.0,,,,,,,269.0,1.13,5.35
2005/09/08,13.4,13.4,13.25,13.25,7.0,99.0,-1.487,0.0238,5.0,0.0,0.0,0.0,0.0,,,,,,,265.0,1.12,5.43
2005/09/09,13.0,13.35,13.0,13.2,79.0,1059.0,-0.3774,0.2684,33.0,0.0,0.0,0.0,0.0,,,,,,,264.0,1.11,5.45
2005/09/12,13.2,13.2,13.2,13.2,24.0,316.0,0.0,0.0815,9.0,0.0,0.0,0.0,0.0,,,,,,,264.0,1.11,5.45
2005/09/13,13.2,13.2,13.2,13.2,7.0,92.0,0.0,0.0238,6.0,0.0,0.0,0.0,0.0,,,,,,,264.0,1.11,5.45
2005/09/14,13.2,13.2,13.2,13.2,9.0,118.0,0.0,0.0306,3.0,0.0,0.0,0.0,0.0,,,,,,,264.0,1.11,5.45
2005/09/15,13.0,13.15,12.7,13.1,12.0,156.0,-0.7576,0.0408,10.0,0.0,0.0,0.0,0.0,,,,,,,56.96,1.12,5.5
2005/09/16,13.1,13.1,12.55,13.0,19.0,243.0,-0.7634,0.0646,11.0,0.0,0.0,0.0,0.0,,,,,,,56.52,1.11,5.54
2005/09/19,13.0,13.0,12.3,12.95,43.0,546.0,-0.3846,0.1461,23.0,0.0,0.0,0.0,0.0,,,,,,,56.3,1.11,5.56
2005/09/20,12.95,12.95,12.95,12.95,3.0,38.0,0.0,0.0102,3.0,0.0,0.0,0.0,0.0,,,,,,,56.3,1.11,5.56
2005/09/21,12.95,12.95,12.95,12.95,10.0,129.0,0.0,0.034,5.0,0.0,0.0,0.0,0.0,,,,,,,56.3,1.11,5.56
2005/09/22,12.95,13.0,12.85,13.0,27.0,348.0,0.3861,0.0917,7.0,0.0,0.0,0.0,0.0,,,,,,,56.52,1.11,5.54
2005/09/23,13.0,13.0,12.6,12.6,12.0,155.0,-3.0769,0.0408,4.0,0.0,0.0,0.0,0.0,,,,,,,54.78,1.08,5.71
2005/09/26,12.8,12.85,12.6,12.85,17.0,221.0,1.9841,0.0578,9.0,0.0,0.0,0.0,0.0,,,,,,,55.87,1.1,5.6
2005/09/27,12.95,12.95,12.9,12.95,20.0,258.0,0.7782,0.068,10.0,0.0,0.0,0.0,0.0,,,,,,,56.3,1.11,5.56
2005/09/28,12.95,12.95,12.95,12.95,3.0,38.0,0.0,0.0102,2.0,0.0,0.0,0.0,0.0,,,,,,,56.3,1.11,5.56
2005/09/29,12.5,12.5,12.45,12.45,9.0,112.0,-3.861,0.0306,7.0,0.0,0.0,0.0,0.0,,,,,,,54.13,1.07,5.78
2005/09/30,12.55,12.6,12.0,12.4,10.0,123.0,-0.4016,0.0338,8.0,0.0,0.0,0.0,0.0,,,,,,,53.91,1.06,5.81
2005/10/03,12.35,12.35,12.35,12.35,1.0,12.0,-0.4032,0.0034,1.0,0.0,0.0,0.0,0.0,,,,,,,53.7,1.06,5.83
2005/10/04,12.3,12.45,12.0,12.45,14.0,171.0,0.8097,0.0473,9.0,0.0,0.0,0.0,0.0,,,,,,,54.13,1.07,5.78
2005/10/05,12.5,12.55,12.5,12.55,3.0,37.0,0.8032,0.0101,3.0,0.0,0.0,0.0,0.0,,,,,,,54.57,1.07,5.74
2005/10/06,12.6,12.6,12.55,12.55,2.0,25.0,0.0,0.0068,3.0,0.0,0.0,0.0,0.0,,,,,,,54.57,1.07,5.74
2005/10/07,12.5,12.5,12.5,12.5,1.0,12.0,-0.3984,0.0034,1.0,0.0,0.0,0.0,0.0,,,,,,,54.35,1.07,5.76
2005/10/11,12.4,12.4,12.4,12.4,1.0,12.0,-0.8,0.0034,1.0,0.0,0.0,0.0,0.0,,,,,,,53.91,1.06,5.81
2005/10/12,12.3,12.3,12.3,12.3,1.0,12.0,-0.8065,0.0034,1.0,0.0,0.0,0.0,0.0,,,,,,,53.48,1.05,5.85
2005/10/13,12.2,12.2,12.2,12.2,1.0,12.0,-0.813,0.0034,1.0,0.0,0.0,0.0,0.0,,,,,,,53.04,1.04,5.9
2005/10/14,12.4,12.4,12.4,12.4,1.0,12.0,1.6393,0.0034,1.0,0.0,0.0,0.0,0.0,,,,,,,53.91,1.06,5.81
2005/10/17,12.3,12.3,11.65,12.1,7.0,82.0,-2.4194,0.0236,5.0,0.0,0.0,0.0,0.0,,,,,,,52.61,1.04,5.95
2005/10/18,12.1,12.1,12.1,12.1,1.0,12.0,0.0,0.0034,1.0,0.0,0.0,0.0,0.0,,,,,,,52.61,1.04,5.95
2005/10/19,12.1,12.1,12.1,12.1,1.0,12.0,0.0,0.0034,1.0,0.0,0.0,0.0,0.0,,,,,,,52.61,1.04,5.95
2005/10/20,12.1,12.1,12.1,12.1,1.0,12.0,0.0,0.0034,1.0,0.0,0.0,0.0,0.0,,,,,,,52.61,1.04,5.95
2005/10/21,12.5,12.5,12.5,12.5,1.0,12.0,3.3058,0.0034,1.0,0.0,0.0,0.0,0.0,,,,,,,54.35,1.07,5.76
2005/10/24,12.4,12.4,12.4,12.4,1.0,12.0,-0.8,0.0034,1.0,0.0,0.0,0.0,0.0,,,,,,,53.91,1.06,5.81
2005/10/25,11.6,12.2,11.6,12.2,11.0,132.0,-1.6129,0.0371,6.0,0.0,0.0,0.0,0.0,,,,,,,53.04,1.04,5.9
2005/10/26,12.0,12.0,12.0,12.0,4.0,48.0,-1.6393,0.0135,3.0,0.0,0.0,0.0,0.0,,,,,,,52.17,1.03,6.0
2005/10/27,12.0,12.2,12.0,12.2,8.0,97.0,1.6667,0.027,4.0,0.0,0.0,0.0,0.0,,,,,,,53.04,1.04,5.9
2005/10/28,12.2,13.05,12.0,13.05,32.0,411.0,6.9672,0.108,11.0,0.0,0.0,0.0,0.0,,,,,,,56.74,1.12,5.52
2005/10/31,12.3,12.85,12.3,12.85,3.0,37.0,-1.5326,0.0101,2.0,0.0,0.0,0.0,0.0,,,,,,,55.87,1.1,5.6
2005/11/01,12.3,12.7,12.3,12.7,3.0,37.0,-1.1673,0.0101,2.0,0.0,0.0,0.0,0.0,,,,,,,55.22,1.09,5.67
2005/11/02,12.6,12.6,12.6,12.6,2.0,25.0,-0.7874,0.0068,2.0,0.0,0.0,0.0,0.0,,,,,,,54.78,1.08,5.71
2005/11/03,12.65,12.65,12.65,12.65,1.0,12.0,0.3968,0.0034,1.0,0.0,0.0,0.0,0.0,,,,,,,55.0,1.08,5.69
2005/11/04,12.65,12.65,12.65,12.65,1.0,12.0,0.0,0.0034,1.0,0.0,0.0,0.0,0.0,,,,,,,,1.12,5.69
2005/11/07,12.65,12.65,12.65,12.65,1.0,12.0,0.0,0.0034,1.0,0.0,0.0,0.0,0.0,,,,,,,,1.12,5.69
2005/11/08,13.25,13.3,12.2,12.3,7.0,89.0,-2.7668,0.0236,5.0,0.0,0.0,0.0,0.0,,,,,,,,1.09,5.85
2005/11/09,12.7,12.7,12.0,12.45,4.0,49.0,1.2195,0.0135,4.0,0.0,0.0,0.0,0.0,,,,,,,,1.1,5.78
2005/11/10,12.05,12.05,11.85,11.85,2.0,23.0,-4.8193,0.0068,2.0,0.0,0.0,0.0,0.0,,,,,,,,1.05,6.08
2005/11/11,11.4,12.25,11.4,12.2,5.0,59.0,2.9536,0.0169,6.0,0.0,0.0,0.0,0.0,,,,,,,,1.08,5.9
2005/11/14,13.0,13.0,13.0,13.0,1.0,13.0,6.5574,0.0034,1.0,0.0,0.0,0.0,0.0,,,,,,,,1.15,5.54
2005/11/15,12.7,13.85,12.2,12.4,9.0,114.0,-4.6154,0.0304,13.0,0.0,0.0,0.0,0.0,,,,,,,,1.1,5.81
2005/11/16,13.05,13.05,12.3,12.35,3.0,37.0,-0.4032,0.0101,4.0,0.0,0.0,0.0,0.0,,,,,,,,1.09,5.83
2005/11/17,12.55,12.55,12.55,12.55,2.0,25.0,1.6194,0.0068,6.0,0.0,0.0,0.0,0.0,,,,,,,,1.11,5.74
2005/11/18,12.25,12.65,12.25,12.65,2.0,28.0,0.7968,0.0068,7.0,0.0,0.0,0.0,0.0,,,,,,,,1.12,5.69
2005/11/21,12.25,12.25,12.1,12.1,5.0,61.0,-4.3478,0.0169,4.0,0.0,0.0,0.0,0.0,,,,,,,,1.07,5.95
2005/11/22,11.55,12.05,11.55,12.0,8.0,94.0,-0.8264,0.027,10.0,0.0,0.0,0.0,0.0,,,,,,,,1.06,6.0
2005/11/23,12.6,12.6,12.6,12.6,1.0,12.0,5.0,0.0034,1.0,0.0,0.0,0.0,0.0,,,,,,,,1.12,5.71
2005/11/24,11.85,12.2,11.85,12.15,11.0,131.0,-3.5714,0.0371,10.0,0.0,0.0,0.0,0.0,,,,,,,,1.08,5.93
2005/11/25,11.55,11.95,11.55,11.95,7.0,81.0,-1.6461,0.0236,5.0,0.0,0.0,0.0,0.0,,,,,,,,1.06,6.03
2005/11/28,11.95,11.95,11.5,11.9,5.0,59.0,-0.4184,0.0169,4.0,0.0,0.0,0.0,0.0,,,,,,,,1.05,6.05
2005/11/29,11.7,12.3,11.5,12.0,16.0,200.0,0.8403,0.054,14.0,0.0,0.0,0.0,0.0,,,,,,,,1.06,6.0
2005/11/30,11.95,11.95,11.65,11.9,4.0,57.0,-0.8333,0.0135,8.0,0.0,0.0,0.0,0.0,,,,,,,,1.05,6.05
2005/12/01,11.5,11.8,11.35,11.8,6.0,79.0,-0.8403,0.0203,23.0,0.0,0.0,0.0,0.0,,,,,,,,1.05,6.1
2005/12/02,12.15,12.25,11.5,12.2,233.0,2809.0,3.3898,0.7865,30.0,0.0,0.0,0.0,0.0,,,,,,,,1.08,5.9
2005/12/05,12.3,12.75,11.8,12.75,305.0,3823.0,4.5082,1.0295,23.0,0.0,0.0,0.0,0.0,,,,,,,,1.13,5.65
2005/12/06,12.5,13.6,12.5,13.6,63.0,814.0,6.6667,0.2127,32.0,0.0,0.0,0.0,0.0,,,,,,,,1.21,5.29
2005/12/07,13.05,13.05,12.95,12.95,3.0,52.0,-4.7794,0.0101,10.0,0.0,0.0,0.0,0.0,,,,,,,,1.15,5.56
2005/12/08,13.35,13.8,13.3,13.8,36.0,486.0,6.5637,0.1215,24.0,0.0,0.0,0.0,0.0,,,,,,,,1.22,5.22
2005/12/09,13.1,13.1,13.1,13.1,2.0,26.0,-5.0725,0.0068,2.0,0.0,0.0,0.0,0.0,,,,,,,,1.16,5.5
2005/12/12,13.7,13.7,12.65,12.65,3.0,39.0,-3.4351,0.0101,3.0,0.0,0.0,0.0,0.0,,,,,,,,1.12,5.69
2005/12/13,12.95,12.95,12.6,12.65,5.0,76.0,0.0,0.0169,10.0,0.0,0.0,0.0,0.0,,,,,,,,1.12,5.69
2005/12/14,12.7,12.7,12.7,12.7,1.0,21.0,0.3953,0.0034,5.0,0.0,0.0,0.0,0.0,,,,,,,,1.13,5.67
2005/12/15,12.3,12.3,12.25,12.25,9.0,110.0,-3.5433,0.0304,6.0,0.0,0.0,0.0,0.0,,,,,,,,1.09,5.88
2005/12/16,12.2,12.3,12.05,12.3,15.0,193.0,0.4082,0.0506,9.0,0.0,0.0,0.0,0.0,,,,,,,,1.09,5.85
2005/12/19,12.0,12.2,12.0,12.2,20.0,240.0,-0.813,0.0675,9.0,0.0,0.0,0.0,0.0,,,,,,,,1.08,5.9
2005/12/20,12.35,12.35,12.05,12.25,13.0,157.0,0.4098,0.0439,9.0,0.0,0.0,0.0,0.0,,,,,,,,1.09,5.88
2005/12/21,12.2,12.4,12.0,12.4,95.0,1147.0,1.2245,0.3207,28.0,0.0,0.0,0.0,0.0,,,,,,,,1.1,5.81
2005/12/22,12.1,12.25,12.1,12.25,2.0,26.0,-1.2097,0.0068,4.0,0.0,0.0,0.0,0.0,,,,,,,,1.09,5.88
2005/12/23,12.35,12.35,12.35,12.35,1.0,12.0,0.8163,0.0034,2.0,0.0,0.0,0.0,0.0,,,,,,,,1.09,5.83
2005/12/26,12.2,12.2,11.6,11.8,20.0,240.0,-4.4534,0.0675,15.0,0.0,0.0,0.0,0.0,,,,,,,,1.05,6.1
2005/12/27,12.0,12.0,12.0,12.0,1.0,14.0,1.6949,0.0034,4.0,0.0,0.0,0.0,0.0,,,,,,,,1.06,6.0
2005/12/28,12.0,12.0,12.0,12.0,1.0,12.0,0.0,0.0034,2.0,0.0,0.0,0.0,0.0,,,,,,,,1.06,6.0
2005/12/29,11.6,11.9,11.6,11.9,4.0,54.0,-0.8333,0.0135,7.0,0.0,0.0,0.0,0.0,,,,,,,,1.05,6.05
2005/12/30,11.6,11.9,11.6,11.9,3.0,35.0,0.0,0.0101,3.0,0.0,0.0,0.0,0.0,,,,,,,,1.05,6.05
2006/01/02,11.9,11.9,11.9,11.9,1.0,11.0,0.0,0.0034,1.0,0.0,0.0,0.0,0.0,,,,,,,,1.05,6.05
2006/01/03,11.8,11.95,11.7,11.7,11.0,135.0,-1.6807,0.0371,8.0,0.0,0.0,0.0,0.0,,,,,,,,1.04,6.15
2006/01/04,12.15,12.15,11.65,11.7,16.0,198.0,0.0,0.0539,11.0,0.0,0.0,0.0,0.0,,,,,,,,1.04,6.15
2006/01/05,12.0,12.0,11.7,11.7,14.0,165.0,0.0,0.0472,12.0,0.0,0.0,0.0,0.0,,,,,,,,1.04,6.15
2006/01/06,11.8,11.8,11.6,11.6,19.0,223.0,-0.8547,0.064,19.0,0.0,0.0,0.0,0.0,,,,,,,,1.03,6.21
2006/01/09,11.6,11.6,11.35,11.35,11.0,135.0,-2.1552,0.0371,9.0,0.0,0.0,0.0,0.0,,,,,,,,1.01,6.34
2006/01/10,10.7,11.7,10.7,11.5,82.0,937.0,1.3216,0.2763,26.0,0.0,0.0,0.0,0.0,,,,,,,,1.02,6.26
2006/01/11,11.5,11.5,11.0,11.4,11.0,122.0,-0.8696,0.0371,7.0,0.0,0.0,0.0,0.0,,,,,,,,1.01,6.32
2006/01/12,11.65,11.65,11.65,11.65,6.0,70.0,2.193,0.0202,7.0,0.0,0.0,0.0,0.0,,,,,,,,1.03,6.18
2006/01/13,11.65,11.65,11.65,11.65,1.0,13.0,0.0,0.0034,3.0,0.0,0.0,0.0,0.0,,,,,,,,1.03,6.18
2006/01/16,11.7,11.7,11.65,11.65,2.0,29.0,0.0,0.0067,4.0,0.0,0.0,0.0,0.0,,,,,,,,1.03,6.18
2006/01/17,11.5,11.5,11.1,11.1,23.0,269.0,-4.721,0.0775,22.0,0.0,0.0,0.0,0.0,,,,,,,,0.98,6.49
2006/01/18,11.4,11.85,11.4,11.8,202.0,2351.0,6.3063,0.6807,72.0,0.0,0.0,0.0,0.0,,,,,,,,1.05,6.1
2006/01/19,11.7,11.7,11.2,11.2,37.0,425.0,-5.0847,0.1247,18.0,0.0,0.0,0.0,0.0,,,,,,,,0.99,6.43
2006/01/20,10.45,11.1,10.45,11.0,87.0,950.0,-1.7857,0.2932,37.0,0.0,0.0,0.0,0.0,,,,,,,,0.98,6.55
2006/01/23,11.0,11.15,10.25,10.25,76.0,814.0,-6.8182,0.2561,33.0,0.0,0.0,0.0,0.0,,,,,,,,0.91,7.02
2006/01/24,10.5,10.5,10.05,10.5,37.0,380.0,2.439,0.1247,17.0,0.0,0.0,0.0,0.0,,,,,,,,0.93,6.86
2006/01/25,10.7,10.7,10.25,10.25,20.0,207.0,-2.381,0.0674,9.0,0.0,0.0,0.0,0.0,,,,,,,,0.91,7.02
2006/02/03,10.2,10.2,10.05,10.1,20.0,202.0,-1.4634,0.0674,7.0,0.0,0.0,0.0,0.0,,,,,,,,0.9,7.13
2006/02/06,10.55,10.55,10.55,10.55,1.0,10.0,4.4554,0.0034,2.0,0.0,0.0,0.0,0.0,,,,,,,,0.94,6.82
2006/02/07,10.5,10.5,10.5,10.5,3.0,33.0,-0.4739,0.0101,4.0,0.0,0.0,0.0,0.0,,,,,,,,0.93,6.86
2006/02/08,10.65,10.65,10.2,10.45,26.0,266.0,-0.4762,0.0876,11.0,0.0,0.0,0.0,0.0,,,,,,,,0.93,6.89
2006/02/09,10.45,10.45,10.1,10.1,8.0,85.0,-3.3493,0.027,7.0,0.0,0.0,0.0,0.0,,,,,,,,0.9,7.13
2006/02/10,10.15,10.15,10.1,10.1,11.0,112.0,0.0,0.0371,11.0,0.0,0.0,0.0,0.0,,,,,,,,0.9,7.13
2006/02/13,10.8,10.8,10.8,10.8,134.0,1449.0,6.9307,0.4516,52.0,0.0,0.0,0.0,0.0,,,,,,,,0.96,6.67
2006/02/14,11.55,11.55,11.0,11.55,421.0,4860.0,6.9444,1.4187,128.0,0.0,0.0,0.0,0.0,,,,,,,,1.02,6.23
2006/02/15,12.05,12.35,11.75,11.8,440.0,5362.0,2.1645,1.4827,171.0,0.0,0.0,0.0,0.0,,,,,,,,1.05,6.1
2006/02/16,11.0,11.75,11.0,11.45,214.0,2422.0,-2.9661,0.7211,86.0,0.0,0.0,0.0,0.0,,,,,,,,1.02,6.29
2006/02/17,11.5,11.75,11.05,11.2,85.0,967.0,-2.1834,0.2864,37.0,0.0,0.0,0.0,0.0,,,,,,,,0.99,6.43
2006/02/20,11.0,11.45,10.8,11.1,114.0,1246.0,-0.8929,0.3842,44.0,0.0,0.0,0.0,0.0,,,,,,,,0.98,6.49
2006/02/21,10.8,11.05,10.7,10.7,56.0,606.0,-3.6036,0.1887,29.0,0.0,0.0,0.0,0.0,,,,,,,,0.95,6.73
2006/02/22,10.55,10.9,10.2,10.3,223.0,2312.0,-3.7383,0.7515,38.0,0.0,0.0,0.0,0.0,,,,,,,,0.91,6.99
2006/02/23,10.3,11.0,10.3,11.0,75.0,810.0,6.7961,0.2527,41.0,0.0,0.0,0.0,0.0,,,,,,,,0.98,6.55
2006/02/24,11.7,11.7,11.2,11.25,151.0,1735.0,2.2727,0.5088,41.0,0.0,0.0,0.0,0.0,,,,,,,,1.0,6.4
2006/02/27,10.75,11.45,10.75,11.0,42.0,461.0,-2.2222,0.1411,17.0,0.0,0.0,0.0,0.0,,,,,,,,0.98,6.55
2006/03/01,11.3,11.75,11.1,11.1,106.0,1209.0,0.9091,0.356,51.0,0.0,0.0,0.0,0.0,,,,,,,,0.98,6.49
2006/03/02,11.5,11.5,10.7,10.7,38.0,420.0,-3.6036,0.1276,27.0,0.0,0.0,0.0,0.0,,,,,,,,0.95,6.73
2006/03/03,10.3,11.3,10.3,10.3,56.0,591.0,-3.7383,0.1881,36.0,0.0,0.0,0.0,0.0,,,,,,,,0.91,6.99
2006/03/06,10.1,10.65,10.1,10.65,39.0,413.0,3.3981,0.131,21.0,0.0,0.0,0.0,0.0,,,,,,,,0.94,6.76
2006/03/07,10.7,10.7,10.7,10.7,1.0,10.0,0.4695,0.0034,3.0,0.0,0.0,0.0,0.0,,,,,,,,0.95,6.73
2006/03/08,10.25,10.6,10.25,10.55,23.0,240.0,-1.4019,0.0773,12.0,0.0,0.0,0.0,0.0,,,,,,,,0.94,6.82
2006/03/09,10.5,10.5,10.3,10.3,13.0,139.0,-2.3697,0.0437,11.0,0.0,0.0,0.0,0.0,,,,,,,,0.91,6.99
2006/03/10,10.25,10.3,9.86,9.95,173.0,1741.0,-3.3981,0.5811,79.0,0.0,0.0,0.0,0.0,,,,,,,,0.88,7.24
2006/03/13,10.2,10.6,10.0,10.6,224.0,2332.0,6.5327,0.7524,76.0,0.0,0.0,0.0,0.0,,,,,,,,0.94,6.79
2006/03/14,11.0,11.0,10.6,10.6,57.0,610.0,0.0,0.1914,25.0,0.0,0.0,0.0,0.0,,,,,,,,0.94,6.79
2006/03/15,10.65,10.65,10.4,10.4,46.0,487.0,-1.8868,0.1545,18.0,0.0,0.0,0.0,0.0,,,,,,,,0.92,6.92
2006/03/16,10.45,11.1,10.45,11.1,283.0,3038.0,6.7308,0.9505,66.0,0.0,0.0,0.0,0.0,,,,,,,,0.98,6.49
2006/03/17,11.2,11.85,11.2,11.85,456.0,5270.0,6.7568,1.5316,118.0,0.0,0.0,0.0,0.0,,,,,,,,1.05,6.08
2006/03/20,12.2,12.2,11.65,11.85,88.0,1052.0,0.0,0.2956,43.0,0.0,0.0,0.0,0.0,,,,,,,,1.05,6.08
2006/03/21,11.85,11.85,11.4,11.8,64.0,746.0,-0.4219,0.215,26.0,0.0,0.0,0.0,0.0,,,,,,,,1.05,6.1
2006/03/22,11.7,12.25,11.7,12.25,56.0,681.0,3.8136,0.1881,31.0,0.0,0.0,0.0,0.0,,,,,,,,1.09,5.88
2006/03/23,11.7,12.0,11.45,12.0,32.0,371.0,-2.0408,0.1075,17.0,0.0,0.0,0.0,0.0,,,,,,,,1.06,6.0
2006/03/24,11.4,11.95,11.2,11.95,72.0,838.0,-0.4167,0.2418,39.0,0.0,0.0,0.0,0.0,,,,,,,,1.06,6.03
2006/03/27,11.4,11.8,11.4,11.4,11.0,126.0,-4.6025,0.0369,11.0,0.0,0.0,0.0,0.0,,,,,,,,1.01,6.32
2006/03/28,11.4,11.7,11.15,11.7,25.0,282.0,2.6316,0.084,13.0,0.0,0.0,0.0,0.0,,,,,,,,1.04,6.15
2006/03/29,11.5,11.5,11.25,11.25,2.0,31.0,-3.8462,0.0067,7.0,0.0,0.0,0.0,0.0,,,,,,,,1.0,6.4
2006/03/30,10.8,11.4,10.8,11.4,12.0,135.0,1.3333,0.0403,12.0,0.0,0.0,0.0,0.0,,,,,,,,1.01,6.32
2006/03/31,11.35,11.35,10.95,10.95,4.0,45.0,-3.9474,0.0134,5.0,0.0,0.0,0.0,0.0,,,,,,,,0.97,6.58
2006/04/03,11.2,11.2,10.8,10.8,3.0,32.0,-1.3699,0.0101,3.0,0.0,0.0,0.0,0.0,,,,,,,,0.96,6.67
2006/04/04,10.6,11.55,10.6,11.45,34.0,388.0,6.0185,0.1142,18.0,0.0,0.0,0.0,0.0,,,,,,,,1.02,6.29
2006/04/06,12.2,12.2,11.0,11.05,46.0,535.0,-3.4934,0.1545,37.0,0.0,0.0,0.0,0.0,,,,,,,,0.98,6.52
2006/04/07,10.85,11.8,10.85,11.8,105.0,1217.0,6.7873,0.3526,31.0,0.0,0.0,0.0,0.0,,,,,,,,1.05,6.1
2006/04/10,12.0,12.2,11.8,12.2,80.0,959.0,3.3898,0.2686,42.0,0.0,0.0,0.0,0.0,,,,,,,,1.08,5.9
2006/04/11,12.2,13.05,12.1,13.05,538.0,6869.0,6.9672,1.8064,140.0,0.0,0.0,0.0,0.0,,,,,,,,1.16,5.52
2006/04/12,13.05,13.5,12.8,13.4,363.0,4771.0,2.682,1.2188,83.0,0.0,0.0,0.0,0.0,,,,,,,,1.19,5.37
2006/04/13,13.1,14.3,13.1,14.3,459.0,6331.0,6.7164,1.5411,101.0,0.0,0.0,0.0,0.0,,,,,,,,1.27,5.03
2006/04/14,14.0,14.7,13.8,14.3,503.0,7121.0,0.0,1.6889,90.0,0.0,0.0,0.0,0.0,,,,,,,,1.27,5.03
2006/04/17,14.1,14.1,13.75,13.75,49.0,687.0,-3.8462,0.1645,25.0,0.0,0.0,0.0,0.0,,,,,,,,1.22,5.24
2006/04/18,13.6,13.6,12.8,12.8,31.0,400.0,-6.9091,0.1041,25.0,0.0,0.0,0.0,0.0,,,,,,,,1.13,5.63
2006/04/19,12.7,12.7,12.1,12.45,47.0,586.0,-2.7344,0.1578,21.0,0.0,0.0,0.0,0.0,,,,,,,,1.1,5.78
2006/04/20,12.3,12.8,12.3,12.3,17.0,213.0,-1.2048,0.0571,16.0,0.0,0.0,0.0,0.0,,,,,,,,1.09,5.85
2006/04/21,12.2,12.2,11.7,11.7,45.0,541.0,-4.878,0.1511,22.0,0.0,0.0,0.0,0.0,,,,,,,,1.04,6.15
2006/04/24,11.6,11.65,11.6,11.65,14.0,163.0,-0.4274,0.047,14.0,0.0,0.0,0.0,0.0,,,,,,,,1.03,6.18
2006/04/25,12.0,12.3,11.7,12.25,28.0,336.0,5.1502,0.094,18.0,0.0,0.0,0.0,0.0,,,,,,,,1.09,5.88
2006/04/26,12.0,12.4,12.0,12.2,37.0,451.0,-0.4082,0.1242,25.0,0.0,0.0,0.0,0.0,,,,,,,,1.08,5.9
2006/04/27,12.7,12.7,12.0,12.0,19.0,230.0,-1.6393,0.0638,15.0,0.0,0.0,0.0,0.0,,,,,,,,1.06,6.0
2006/04/28,12.3,12.3,11.8,11.85,20.0,239.0,-1.25,0.0669,10.0,0.0,0.0,0.0,0.0,,,,,,,,1.05,6.08
2006/05/02,12.05,12.05,11.9,11.9,13.0,155.0,0.4219,0.0435,6.0,0.0,0.0,0.0,0.0,,,,,,,,1.05,6.05
2006/05/03,11.9,12.05,11.5,11.5,54.0,647.0,-3.3613,0.1805,24.0,0.0,0.0,0.0,0.0,,,,,,,,1.02,6.26
2006/05/04,11.7,11.85,11.65,11.65,10.0,117.0,1.3043,0.0334,7.0,0.0,0.0,0.0,0.0,,,,,,,,1.03,6.18
2006/05/05,11.9,12.1,11.7,11.7,30.0,359.0,0.4292,0.1003,18.0,0.0,0.0,0.0,0.0,,,,,,,,1.04,6.15
2006/05/08,12.1,12.1,11.7,11.7,8.0,94.0,0.0,0.0267,5.0,0.0,0.0,0.0,0.0,,,,,,,,1.03,6.15
2006/05/09,12.0,12.0,11.9,12.0,7.0,89.0,2.5641,0.0234,9.0,0.0,0.0,0.0,0.0,,,,,,,,1.06,6.0
2006/05/10,11.7,11.9,11.2,11.9,54.0,620.0,-0.8333,0.1805,36.0,0.0,0.0,0.0,0.0,,,,,,,,1.05,6.05
2006/05/11,11.8,12.0,11.8,11.9,4.0,49.0,0.0,0.0134,6.0,0.0,0.0,0.0,0.0,,,,,,,,1.05,6.05
2006/05/12,11.8,11.8,11.5,11.5,25.0,291.0,-3.3613,0.0836,11.0,0.0,0.0,0.0,0.0,,,,,,,,1.01,6.26
2006/05/15,11.5,11.8,11.5,11.8,13.0,154.0,2.6087,0.0435,11.0,0.0,0.0,0.0,0.0,,,,,,,,1.04,6.1
2006/05/16,12.15,12.2,11.8,12.0,21.0,251.0,1.6949,0.0702,12.0,0.0,0.0,0.0,0.0,,,,,,,,1.06,6.0
2006/05/17,12.0,12.0,11.8,12.0,17.0,201.0,0.0,0.0568,9.0,0.0,0.0,0.0,0.0,,,,,,,,1.06,6.0
2006/05/18,12.0,12.25,11.8,12.25,25.0,298.0,2.0833,0.0836,9.0,0.0,0.0,0.0,0.0,,,,,,,,1.08,5.88
2006/05/19,11.7,12.4,11.7,12.35,92.0,1123.0,0.8163,0.3076,33.0,0.0,0.0,0.0,0.0,,,,,,,,1.09,5.83
2006/05/22,13.2,13.2,12.75,12.95,278.0,3671.0,4.8583,0.9295,89.0,0.0,0.0,0.0,0.0,,,,,,,,1.14,5.56
2006/05/23,12.8,13.2,12.8,13.2,330.0,4275.0,1.9305,1.1033,64.0,0.0,0.0,0.0,0.0,,,,,,,,1.16,5.45
2006/05/24,13.1,13.3,12.7,13.0,379.0,4940.0,-1.5152,1.2671,72.0,0.0,0.0,0.0,0.0,,,,,,,,1.14,5.54
2006/05/25,12.9,13.8,12.7,13.8,491.0,6469.0,6.1538,1.6416,90.0,0.0,0.0,0.0,0.0,,,,,,,,1.21,5.22
2006/05/26,13.5,14.7,13.5,14.35,823.0,11498.0,3.9855,2.7516,158.0,0.0,0.0,0.0,0.0,,,,,,,,1.26,5.02
2006/05/29,14.1,14.3,13.5,13.8,311.0,4341.0,-3.8328,1.0398,66.0,0.0,0.0,0.0,0.0,,,,,,,,1.21,5.22
2006/05/30,13.6,14.6,13.4,14.25,397.0,5524.0,3.2609,1.3273,99.0,0.0,0.0,0.0,0.0,,,,,,,,1.25,5.05
2006/06/01,14.85,14.9,14.1,14.7,209.0,3059.0,3.1579,0.6988,89.0,0.0,0.0,0.0,0.0,,,,,,,,1.29,4.9
2006/06/02,14.9,14.9,14.05,14.05,203.0,2960.0,-4.4218,0.6787,84.0,0.0,0.0,0.0,0.0,,,,,,,,1.24,5.12
2006/06/05,13.1,14.5,13.1,14.5,345.0,4724.0,3.2028,1.1535,89.0,0.0,0.0,0.0,0.0,,,,,,,,1.28,4.97
2006/06/06,14.5,14.5,13.9,14.25,249.0,3574.0,-1.7241,0.8325,35.0,0.0,0.0,0.0,0.0,,,,,,,,1.25,5.05
2006/06/07,14.25,14.25,13.4,13.4,108.0,1471.0,-5.9649,0.3611,20.0,0.0,0.0,0.0,0.0,,,,,,,,1.18,5.37
2006/06/08,12.8,12.85,12.5,12.5,50.0,631.0,-6.7164,0.1672,15.0,0.0,0.0,0.0,0.0,,,,,,,,1.1,5.76
2006/06/09,12.8,12.8,12.3,12.6,70.0,877.0,0.8,0.234,19.0,0.0,0.0,0.0,0.0,,,,,,,,1.11,5.71
2006/06/12,12.7,12.7,12.0,12.7,6.0,78.0,0.7937,0.0201,6.0,0.0,0.0,0.0,0.0,,,,,,,,1.12,5.67
2006/06/13,12.6,12.9,12.05,12.8,17.0,210.0,0.7874,0.0568,15.0,0.0,0.0,0.0,0.0,,,,,,,,1.13,5.63
2006/06/14,12.95,12.95,12.9,12.95,13.0,178.0,1.1719,0.0435,7.0,0.0,0.0,0.0,0.0,,,,,,,,1.14,5.56
2006/06/15,13.0,13.2,12.6,12.6,5.0,65.0,-2.7027,0.0167,6.0,0.0,0.0,0.0,0.0,,,,,,,,1.11,5.71
2006/06/16,13.0,13.2,12.6,13.2,30.0,388.0,4.7619,0.1003,13.0,0.0,0.0,0.0,0.0,,,,,,,,1.16,5.45
2006/06/19,13.0,13.0,12.6,12.95,32.0,408.0,-1.8939,0.107,13.0,0.0,0.0,0.0,0.0,,,,,,,,1.14,5.56
2006/06/20,12.95,13.4,12.4,13.2,23.0,290.0,1.9305,0.0769,8.0,0.0,0.0,0.0,0.0,,,,,,,,1.16,5.45
2006/06/21,13.3,13.4,12.6,13.1,97.0,1282.0,-0.7576,0.3243,27.0,0.0,0.0,0.0,0.0,,,,,,,,1.15,5.5
2006/06/22,13.1,13.25,12.2,13.15,696.0,8801.0,0.3817,2.327,80.0,0.0,0.0,0.0,0.0,,,,,,,,1.16,5.48
2006/06/23,12.65,14.05,12.5,14.0,972.0,12277.0,6.4639,3.2497,76.0,0.0,0.0,0.0,0.0,,,,,,,,1.23,5.14
2006/06/26,13.8,13.8,13.3,13.3,222.0,3050.0,-5.0,0.7422,15.0,0.0,0.0,0.0,0.0,,,,,,,,1.17,5.41
2006/06/27,13.1,13.2,12.7,12.9,68.0,885.0,-3.0075,0.2273,19.0,0.0,0.0,0.0,0.0,,,,,,,,1.13,5.58
2006/06/28,12.85,13.45,12.5,13.1,1034.0,13014.0,1.5504,3.457,60.0,0.0,0.0,0.0,0.0,,,,,,,,1.15,5.5
2006/06/29,13.1,13.1,12.25,12.25,1374.0,17223.0,-6.4885,4.5938,109.0,0.0,0.0,0.0,0.0,,,,,,,,1.08,5.88
2006/06/30,12.5,12.55,12.3,12.5,96.0,1195.0,2.0408,0.321,21.0,0.0,0.0,0.0,0.0,,,,,,,,1.1,5.76
2006/07/03,12.5,12.55,12.45,12.55,13.0,162.0,0.4,0.0435,8.0,0.0,0.0,0.0,0.0,,,,,,,,1.1,5.74
2006/07/04,12.4,12.6,12.4,12.5,44.0,558.0,-0.3984,0.1471,19.0,0.0,0.0,0.0,0.0,,,,,,,,1.1,5.76
2006/07/05,12.75,12.75,12.4,12.5,30.0,376.0,0.0,0.1003,10.0,0.0,0.0,0.0,0.0,,,,,,,,1.1,5.76
2006/07/06,12.65,12.65,12.5,12.5,5.0,63.0,0.0,0.0167,3.0,0.0,0.0,0.0,0.0,,,,,,,,1.1,5.76
2006/07/07,12.5,12.5,12.25,12.5,100.0,1256.0,0.0,0.3343,19.0,0.0,0.0,0.0,0.0,,,,,,,,1.1,5.76
2006/07/10,12.5,12.5,12.5,12.5,0.0,0.0,0.0,0.0,0.0,0.0,0.0,0.0,0.0,,,,,,,,1.1,
2006/07/11,12.75,12.75,12.15,12.25,6.0,74.0,-2.0,0.0201,5.0,0.0,0.0,0.0,0.0,,,,,,,,1.08,5.88
2006/07/12,12.2,12.2,12.05,12.05,4.0,48.0,-1.6327,0.0134,5.0,0.0,0.0,0.0,0.0,,,,,,,,1.06,5.98
2006/07/13,12.1,12.15,12.1,12.1,36.0,436.0,0.4149,0.1204,8.0,0.0,0.0,0.0,0.0,,,,,,,,1.06,5.95
2006/07/14,12.0,12.5,12.0,12.15,4.0,48.0,0.4132,0.0134,3.0,0.0,0.0,0.0,0.0,,,,,,,,1.07,5.93
2006/07/17,12.2,12.4,12.2,12.2,17.0,212.0,0.4115,0.0568,13.0,0.0,0.0,0.0,0.0,,,,,,,,1.07,5.9
2006/07/18,12.45,12.45,12.2,12.2,5.0,61.0,0.0,0.0167,2.0,0.0,0.0,0.0,0.0,,,,,,,,1.07,5.9
2006/07/19,12.7,12.7,12.1,12.45,33.0,405.0,2.0492,0.1103,14.0,0.0,0.0,0.0,0.0,,,,,,,,1.09,5.78
2006/07/20,12.6,12.6,12.1,12.2,49.0,599.0,-2.008,0.1638,16.0,0.0,0.0,0.0,0.0,,,,,,,,1.07,5.9
2006/07/21,12.2,13.0,12.2,13.0,148.0,1860.0,6.5574,0.4948,39.0,0.0,0.0,0.0,0.0,,,,,,,,1.14,5.54
2006/07/24,12.55,13.0,12.55,13.0,12.0,155.0,0.0,0.0401,11.0,0.0,0.0,0.0,0.0,,,,,,,,1.14,5.54
2006/07/25,12.7,13.1,12.6,13.1,31.0,398.0,0.7692,0.1036,18.0,0.0,0.0,0.0,0.0,,,,,,,,1.15,5.5
2006/07/26,13.1,13.1,13.1,13.1,2.0,26.0,0.0,0.0067,2.0,0.0,0.0,0.0,0.0,,,,,,,,1.15,5.5
2006/07/27,12.8,14.0,12.8,14.0,169.0,2320.0,6.8702,0.565,64.0,0.0,0.0,0.0,0.0,,,,,,,,1.23,5.14
2006/07/28,13.3,14.95,13.3,14.2,281.0,4102.0,1.4286,0.9395,82.0,0.0,0.0,0.0,0.0,,,,,,,,1.25,5.07
2006/07/31,14.5,14.5,14.05,14.05,65.0,934.0,-1.0563,0.2172,25.0,0.0,0.0,0.0,0.0,,,,,,,,1.24,5.12
2006/08/01,14.05,14.6,14.05,14.5,27.0,393.0,3.2028,0.0902,22.0,0.0,0.0,0.0,0.0,,,,,,,,1.28,4.97
2006/08/02,14.7,15.5,14.3,15.5,808.0,12232.0,6.8966,2.6996,152.0,0.0,0.0,0.0,0.0,,,,,,,,1.36,4.65
2006/08/03,15.5,16.0,15.0,15.25,216.0,3356.0,-1.6129,0.7217,78.0,0.0,0.0,0.0,0.0,,,,,,,,1.34,4.72
2006/08/04,15.05,15.6,14.75,15.1,418.0,6236.0,-0.9836,1.3966,68.0,0.0,0.0,0.0,0.0,,,,,,,,1.33,4.77
2006/08/07,15.1,15.75,14.8,15.3,400.0,6050.0,1.3245,1.3365,43.0,0.0,0.0,0.0,0.0,,,,,,,,1.35,4.71
2006/08/08,15.1,15.5,14.9,14.9,956.0,14448.0,-2.6144,3.1941,82.0,0.0,-30.0,0.0,-30.0,,,,,,,,1.31,4.83
2006/08/09,14.9,14.95,14.55,14.85,429.0,6347.0,-0.3356,1.4333,69.0,0.0,0.0,0.0,0.0,,,,,,,,1.31,4.85
2006/08/10,14.85,14.95,14.5,14.5,279.0,4128.0,-2.3569,0.9322,46.0,0.0,-60.0,0.0,-60.0,,,,,,,,1.28,4.97
2006/08/11,14.5,14.85,14.1,14.85,254.0,3677.0,2.4138,0.8486,39.0,0.0,-20.0,0.0,-20.0,,,,,,,,1.31,4.85
2006/08/14,14.9,14.9,14.5,14.5,378.0,5584.0,-2.3569,1.2629,46.0,0.0,0.0,0.0,0.0,,,,,,,,1.28,4.97
2006/08/15,14.6,14.7,14.5,14.7,113.0,1654.0,1.3793,0.3775,20.0,0.0,-60.0,0.0,-60.0,,,,,,,,1.29,4.9
2006/08/16,14.8,14.8,14.55,14.7,98.0,1438.0,0.0,0.3274,23.0,0.0,-30.0,0.0,-30.0,,,,,,,,1.29,4.9
2006/08/17,15.35,15.35,14.7,14.7,30.0,454.0,0.0,0.1002,12.0,0.0,0.0,0.0,0.0,,,,,,,,1.29,4.9
2006/08/18,14.6,14.6,14.4,14.4,88.0,1278.0,-2.0408,0.294,18.0,0.0,0.0,0.0,0.0,,,,,,,,1.27,5.0
2006/08/21,14.5,14.55,14.3,14.4,90.0,1300.0,0.0,0.3007,17.0,0.0,-30.0,0.0,-30.0,,,,,,,,1.27,5.0
2006/08/22,14.55,14.55,14.3,14.4,74.0,1069.0,0.0,0.2472,19.0,0.0,0.0,0.0,0.0,,,,,,,,1.27,5.0
2006/08/23,14.1,14.3,14.0,14.3,125.0,1769.0,-0.6944,0.4176,11.0,0.0,-110.0,0.0,-110.0,,,,,,,,1.26,5.03
2006/08/24,14.3,14.3,14.05,14.05,2.0,29.0,-1.7483,0.0067,3.0,0.0,0.0,0.0,0.0,,,,,,,,1.24,5.12
2006/08/25,14.45,14.45,13.8,13.8,28.0,390.0,-1.7794,0.0936,11.0,0.0,0.0,0.0,0.0,,,,,,,,1.21,5.22
2006/08/28,13.8,14.2,13.8,14.2,21.0,296.0,2.8986,0.0702,17.0,0.0,-3.0,0.0,-3.0,,,,,,,,1.25,5.07
2006/08/29,14.2,14.3,14.0,14.3,57.0,817.0,0.7042,0.1904,17.0,0.0,0.0,0.0,0.0,,,,,,,,1.26,5.03
2006/08/30,14.5,14.5,14.0,14.0,153.0,2165.0,-2.0979,0.5112,29.0,0.0,0.0,0.0,0.0,,,,,,,,1.23,5.14
2006/08/31,14.5,14.5,13.9,14.0,106.0,1488.0,0.0,0.348,19.0,0.0,0.0,0.0,0.0,,,,,,,,1.23,5.14
2006/09/01,13.95,13.95,13.55,13.85,33.0,452.0,-1.0714,0.1083,10.0,0.0,0.0,0.0,0.0,,,,,,,,1.22,5.2
2006/09/04,14.2,14.8,14.05,14.4,1386.0,20286.0,3.9711,4.5504,116.0,0.0,-29.0,0.0,-29.0,,,,,,,,1.27,5.0
2006/09/05,14.5,15.4,14.5,15.4,527.0,8044.0,6.9444,1.7302,94.0,0.0,0.0,0.0,0.0,,,,,,,,1.35,4.68
2006/09/06,16.45,16.45,15.55,15.9,294.0,4724.0,3.2468,0.9652,107.0,0.0,0.0,0.0,0.0,,,,,,,,1.4,4.53
2006/09/07,15.9,16.6,14.85,16.6,432.0,6936.0,4.4025,1.4183,124.0,0.0,0.0,0.0,0.0,,,,,,,,1.52,4.34
2006/09/08,16.6,16.6,15.8,16.0,612.0,9935.0,-3.6145,2.0093,188.0,0.0,0.0,0.0,0.0,,,,,,,,1.47,4.5
2006/09/11,16.0,16.2,14.9,14.9,669.0,10271.0,-6.875,2.1964,155.0,0.0,0.0,0.0,0.0,,,,,,,,1.36,4.83
2006/09/12,14.1,14.5,14.1,14.5,254.0,3628.0,-2.6846,0.8339,78.0,0.0,0.0,0.0,0.0,,,,,,,,1.33,4.97
2006/09/13,15.5,15.5,14.4,14.4,129.0,1943.0,-0.6897,0.4235,57.0,0.0,0.0,0.0,0.0,,,,,,,,1.32,5.0
2006/09/14,14.4,14.5,13.8,14.1,247.0,3500.0,-2.0833,0.8109,63.0,0.0,0.0,0.0,0.0,,,,,,,,1.29,5.11
2006/09/15,14.1,14.45,14.1,14.45,21.0,302.0,2.4823,0.0689,10.0,0.0,0.0,0.0,0.0,,,,,,,,1.32,4.98
2006/09/18,14.55,15.4,14.4,14.7,102.0,1521.0,1.7301,0.3349,45.0,0.0,0.0,0.0,0.0,,,,,,,,1.35,4.9
2006/09/19,14.5,14.5,14.1,14.1,98.0,1402.0,-4.0816,0.3217,38.0,0.0,0.0,0.0,0.0,,,,,,,,1.29,5.11
2006/09/20,14.1,14.45,14.0,14.1,265.0,3752.0,0.0,0.87,63.0,0.0,0.0,0.0,0.0,,,,,,,,1.29,5.11
2006/09/21,14.2,14.35,14.15,14.3,130.0,1868.0,1.4184,0.4268,27.0,0.0,0.0,0.0,0.0,,,,,,,,1.31,5.03
2006/09/22,14.8,15.3,14.5,15.3,235.0,3541.0,6.993,0.7715,68.0,0.0,0.0,0.0,0.0,,,,,,,,1.4,4.71
2006/09/25,16.0,16.35,15.3,16.35,1997.0,32479.0,6.8627,6.5564,197.0,0.0,0.0,0.0,0.0,,,,,,,,1.5,4.4
2006/09/26,17.45,17.45,15.25,15.7,1619.0,27831.0,-3.9755,5.3153,168.0,0.0,0.0,0.0,0.0,,,,,,,,1.44,4.59
2006/09/27,15.7,16.0,15.0,15.3,455.0,7130.0,-2.5478,1.4938,106.0,0.0,0.0,0.0,0.0,,,,,,,,1.4,4.71
2006/09/28,15.1,15.1,14.85,15.0,201.0,3009.0,-1.9608,0.6599,41.0,0.0,0.0,0.0,0.0,,,,,,,,1.37,4.8
2006/09/29,15.0,15.8,15.0,15.4,108.0,1675.0,2.6667,0.3538,56.0,0.0,0.0,0.0,0.0,,,,,,,,1.41,4.68
2006/10/02,15.35,15.55,15.1,15.5,80.0,1235.0,0.6494,0.2621,25.0,0.0,0.0,0.0,0.0,,,,,,,,1.42,4.65
2006/10/03,15.55,16.05,15.55,15.7,259.0,4137.0,1.2903,0.8484,53.0,0.0,0.0,0.0,0.0,,,,,,,,1.44,4.59
2006/10/04,15.9,16.4,15.9,16.0,278.0,4469.0,1.9108,0.9106,60.0,0.0,0.0,0.0,0.0,,,,,,,,1.47,4.5
2006/10/05,16.0,16.3,15.5,15.5,261.0,4153.0,-3.125,0.855,51.0,0.0,0.0,0.0,0.0,,,,,,,,1.42,4.65
2006/10/11,15.9,16.55,15.35,16.55,469.0,7740.0,6.7742,1.5363,84.0,0.0,0.0,0.0,0.0,,,,,,,,1.52,4.35
2006/10/12,16.9,17.0,16.1,16.1,271.0,4559.0,-2.719,0.8877,68.0,0.0,0.0,0.0,0.0,,,,,,,,1.47,4.47
2006/10/13,16.8,17.2,16.5,17.2,944.0,16210.0,6.8323,3.0922,95.0,0.0,0.0,0.0,0.0,,,,,,,,1.58,4.19
2006/10/14,17.6,17.6,16.9,16.9,77.0,1322.0,-1.7442,0.2522,38.0,0.0,0.0,0.0,0.0,,,,,,,,1.55,4.26
2006/10/16,16.9,18.05,16.9,17.8,1912.0,34242.0,5.3254,6.2631,149.0,0.0,0.0,0.0,0.0,,,,,,,,1.63,4.04
2006/10/17,17.55,18.3,17.2,17.85,225.0,3952.0,0.2809,0.737,73.0,0.0,0.0,0.0,0.0,,,,,,,,1.63,4.03
2006/10/18,18.0,18.0,17.1,17.15,334.0,5797.0,-3.9216,1.0941,82.0,0.0,0.0,0.0,0.0,,,,,,,,1.57,4.2
2006/10/19,17.15,17.3,16.7,16.7,141.0,2392.0,-2.6239,0.4619,43.0,0.0,0.0,0.0,0.0,,,,,,,,1.53,4.31
2006/10/20,16.85,17.85,16.85,17.85,247.0,4280.0,6.8862,0.8091,58.0,0.0,0.0,0.0,0.0,,,,,,,,1.63,4.03
2006/10/23,19.0,19.0,17.5,17.85,229.0,4207.0,0.0,0.7501,64.0,0.0,0.0,0.0,0.0,,,,,,,,1.63,4.03
2006/10/24,17.65,17.65,17.0,17.0,240.0,4155.0,-4.7619,0.7862,48.0,0.0,0.0,0.0,0.0,,,,,,,,1.56,4.24
2006/10/25,17.0,17.45,17.0,17.0,177.0,3020.0,0.0,0.5798,45.0,0.0,0.0,0.0,0.0,,,,,,,,1.56,4.24
2006/10/26,17.5,17.9,17.1,17.6,424.0,7345.0,3.5294,1.3889,58.0,0.0,0.0,0.0,0.0,,,,,,,,1.61,4.09
2006/10/27,17.6,18.0,17.0,17.95,491.0,8673.0,1.9886,1.6084,109.0,0.0,0.0,0.0,0.0,,,,,,,,1.64,4.01
2006/10/30,17.95,17.95,16.95,17.1,2766.0,47312.0,-4.7354,9.0605,80.0,0.0,0.0,0.0,0.0,,,,,,,,1.57,4.21
2006/10/31,17.1,18.25,16.4,17.3,3362.0,58133.0,1.1696,10.4683,228.0,0.0,0.0,0.0,0.0,,,,,,,,1.58,4.16
2006/11/01,17.3,18.0,17.3,17.5,991.0,17349.0,1.1561,3.0857,68.0,0.0,0.0,0.0,0.0,,,,,,,,1.6,4.11
2006/11/02,17.5,17.9,17.5,17.8,396.0,7024.0,1.7143,1.233,72.0,0.0,0.0,0.0,0.0,,,,,,,,1.63,4.04
2006/11/03,17.8,18.3,17.8,18.1,497.0,8980.0,1.6854,1.5475,71.0,0.0,0.0,0.0,0.0,,,,,,,,1.66,3.98
2006/11/06,17.5,18.0,17.5,17.6,85.0,1505.0,-2.7624,0.2647,31.0,0.0,0.0,0.0,0.0,,,,,,,,1.61,4.09
2006/11/07,17.85,17.9,17.6,17.6,125.0,2214.0,0.0,0.3892,42.0,0.0,0.0,0.0,0.0,,,,,,,,1.61,4.09
2006/11/08,17.35,18.0,17.35,17.85,147.0,2637.0,1.4205,0.4577,36.0,0.0,0.0,0.0,0.0,,,,,,,,1.63,4.03
2006/11/09,17.9,18.2,17.5,18.0,612.0,11039.0,0.8403,1.9056,117.0,0.0,0.0,0.0,0.0,,,,,,,,1.71,4.0
2006/11/10,18.0,18.2,17.6,18.2,381.0,6810.0,1.1111,1.1863,59.0,0.0,0.0,0.0,0.0,,,,,,,,1.73,3.96
2006/11/13,17.65,18.2,17.65,18.1,485.0,8740.0,-0.5495,1.5102,35.0,0.0,0.0,0.0,0.0,,,,,,,,1.72,3.98
2006/11/14,18.0,18.1,17.7,17.7,469.0,8401.0,-2.2099,1.4603,49.0,0.0,0.0,0.0,0.0,,,,,,,,1.68,4.07
2006/11/15,17.8,18.1,17.8,17.8,241.0,4337.0,0.565,0.7504,57.0,0.0,0.0,0.0,0.0,,,,,,,,1.69,4.04
2006/11/16,17.9,18.2,17.9,17.95,106.0,1909.0,0.8427,0.3301,31.0,0.0,0.0,0.0,0.0,,,,,,,,1.7,4.01
2006/11/17,17.95,18.0,17.5,17.8,553.0,9768.0,-0.8357,1.7219,62.0,0.0,0.0,0.0,0.0,,,,,,,,1.69,4.04
2006/11/20,17.8,17.8,17.35,17.35,101.0,1772.0,-2.5281,0.3145,43.0,0.0,0.0,0.0,0.0,,,,,,,,1.64,4.15
2006/11/21,17.0,17.7,17.0,17.7,74.0,1292.0,2.0173,0.2304,28.0,0.0,0.0,0.0,0.0,,,,,,,,1.68,4.07
2006/11/22,17.35,17.6,17.35,17.4,51.0,896.0,-1.6949,0.1588,11.0,0.0,0.0,0.0,0.0,,,,,,,,1.65,4.14
2006/11/23,17.1,17.4,17.1,17.3,32.0,552.0,-0.5747,0.0996,18.0,0.0,0.0,0.0,0.0,,,,,,,,1.64,4.16
2006/11/24,17.0,17.9,17.0,17.5,17.0,302.0,1.1561,0.0529,13.0,0.0,0.0,0.0,0.0,,,,,,,,1.66,4.11
2006/11/27,17.2,17.4,17.1,17.4,131.0,2261.0,-0.5714,0.4079,19.0,0.0,0.0,0.0,0.0,,,,,,,,1.65,4.14
2006/11/28,17.4,17.4,17.1,17.4,72.0,1249.0,0.0,0.2242,30.0,0.0,0.0,0.0,0.0,,,,,,,,1.65,4.14
2006/11/29,17.5,17.5,17.2,17.45,10.0,181.0,0.2874,0.0311,10.0,0.0,0.0,0.0,0.0,,,,,,,,1.65,4.13
2006/11/30,17.45,17.45,17.15,17.3,58.0,1006.0,-0.8596,0.1783,26.0,0.0,0.0,0.0,0.0,,,,,,,,1.64,4.16
2006/12/01,17.7,17.7,17.2,17.25,30.0,519.0,-0.289,0.0922,15.0,0.0,0.0,0.0,0.0,,,,,,,,1.64,4.17
2006/12/04,17.4,17.8,17.4,17.6,69.0,1222.0,2.029,0.2121,35.0,0.0,0.0,0.0,0.0,,,,,,,,1.67,4.09
2006/12/05,17.6,18.2,17.4,17.9,93.0,1660.0,1.7045,0.2858,40.0,0.0,0.0,0.0,0.0,,,,,,,,1.7,4.02
2006/12/06,17.9,18.0,17.6,18.0,33.0,591.0,0.5587,0.1014,21.0,0.0,0.0,0.0,0.0,,,,,,,,1.71,4.0
2006/12/07,17.9,18.0,17.5,17.9,77.0,1381.0,-0.5556,0.2366,39.0,0.0,0.0,0.0,0.0,,,,,,,,1.7,4.02
2006/12/08,18.0,19.15,17.95,19.15,1799.0,34110.0,6.9832,5.5289,232.0,0.0,0.0,0.0,0.0,,,,,,,,1.82,3.76
2006/12/11,19.7,20.45,19.7,20.45,1512.0,30785.0,6.7885,4.6469,249.0,0.0,0.0,0.0,0.0,,,,,,,,1.94,3.52
2006/12/12,21.2,21.6,20.1,21.2,874.0,18111.0,3.6675,2.6861,273.0,0.0,0.0,0.0,0.0,,,,,,,,2.01,3.4
2006/12/13,21.2,21.45,20.8,20.95,428.0,9029.0,-1.1792,1.3154,136.0,0.0,0.0,0.0,0.0,,,,,,,,1.99,3.44
2006/12/14,21.2,21.6,20.8,20.85,492.0,10412.0,-0.4773,1.5121,142.0,0.0,0.0,0.0,0.0,,,,,,,,1.98,3.45
2006/12/15,21.6,22.3,20.9,22.3,1291.0,28527.0,6.9544,3.9677,257.0,0.0,0.0,0.0,0.0,,,,,,,,2.11,3.23
2006/12/18,23.1,23.4,22.3,22.8,768.0,17640.0,2.2422,2.3603,263.0,0.0,0.0,0.0,0.0,,,,,,,,2.16,3.16
2006/12/19,23.0,23.0,21.25,21.25,1346.0,29156.0,-6.7982,4.1367,309.0,0.0,0.0,0.0,0.0,,,,,,,,2.01,3.39
2006/12/20,19.8,21.25,19.8,21.0,523.0,10635.0,-1.1765,1.6074,150.0,0.0,0.0,0.0,0.0,,,,,,,,1.99,3.43
2006/12/21,20.5,21.1,20.5,21.0,313.0,6520.0,0.0,0.962,107.0,0.0,0.0,0.0,0.0,,,,,,,,1.99,3.43
2006/12/22,20.8,21.05,20.25,20.5,430.0,8897.0,-2.381,1.3215,95.0,0.0,0.0,0.0,0.0,,,,,,,,1.94,3.51
2006/12/25,20.4,21.0,20.4,20.45,443.0,9106.0,-0.2439,1.3615,99.0,0.0,0.0,0.0,0.0,,,,,,,,1.94,3.52
2006/12/26,20.4,21.6,20.3,21.2,281.0,5902.0,3.6675,0.8636,84.0,0.0,0.0,0.0,0.0,,,,,,,,2.01,3.4
2006/12/27,21.5,21.5,20.7,20.75,77.0,1615.0,-2.1226,0.2366,33.0,0.0,0.0,0.0,0.0,,,,,,,,1.97,3.47
2006/12/28,20.7,22.2,20.5,22.2,977.0,20908.0,6.988,3.0026,226.0,0.0,0.0,0.0,0.0,,,,,,,,2.1,3.24
2006/12/29,22.9,23.5,22.5,23.3,1131.0,25956.0,4.955,3.4759,338.0,0.0,0.0,0.0,0.0,,,,,,,,2.21,3.09
2007/01/02,24.0,24.2,23.3,23.4,1484.0,35355.0,0.4292,4.5608,247.0,0.0,0.0,0.0,0.0,,,,,,,,2.22,3.08
2007/01/03,23.4,23.6,22.0,22.1,557.0,12609.0,-5.5556,1.7118,167.0,0.0,0.0,0.0,0.0,,,,,,,,2.09,3.26
2007/01/04,22.1,23.25,22.1,23.0,561.0,12780.0,4.0724,1.7241,159.0,0.0,0.0,0.0,0.0,,,,,,,,2.18,3.13
2007/01/05,24.0,24.0,23.15,23.5,421.0,9941.0,2.1739,1.2939,160.0,0.0,0.0,0.0,0.0,,,,,,,,2.23,3.06
2007/01/08,23.3,23.3,22.4,22.9,1019.0,23203.0,-2.5532,3.1317,152.0,0.0,0.0,0.0,0.0,,,,,,,,2.17,3.14
2007/01/09,23.1,23.1,22.5,22.5,1517.0,34151.0,-1.7467,4.6622,72.0,0.0,0.0,0.0,0.0,,,,,,,,2.13,3.2
2007/01/10,22.5,22.5,22.1,22.2,415.0,9247.0,-1.3333,1.2754,83.0,0.0,0.0,0.0,0.0,,,,,,,,2.1,3.24
2007/01/11,22.2,22.2,20.65,20.65,783.0,16727.0,-6.982,2.4064,156.0,0.0,0.0,0.0,0.0,,,,,,,,1.96,3.49
2007/01/12,20.6,21.4,20.6,21.4,431.0,9111.0,3.632,1.3246,86.0,0.0,0.0,0.0,0.0,,,,,,,,2.03,3.36
2007/01/15,21.3,21.6,21.2,21.3,197.0,4228.0,-0.4673,0.6054,62.0,0.0,0.0,0.0,0.0,,,,,,,,2.02,3.38
2007/01/16,21.4,22.2,21.4,22.1,334.0,7327.0,3.7559,1.0265,89.0,0.0,0.0,0.0,0.0,,,,,,,,2.09,3.26
2007/01/17,22.2,22.8,22.2,22.8,385.0,8737.0,3.1674,1.1832,115.0,0.0,0.0,0.0,0.0,,,,,,,,2.16,3.16
2007/01/18,23.0,23.0,22.5,22.55,554.0,12630.0,-1.0965,1.7026,106.0,0.0,0.0,0.0,0.0,,,,,,,,2.14,3.19
2007/01/19,22.6,22.9,22.05,22.9,680.0,15411.0,1.5521,2.0899,148.0,0.0,0.0,0.0,0.0,,,,,,,,2.17,3.14
2007/01/22,23.5,23.5,22.7,22.8,589.0,13628.0,-0.4367,1.8102,152.0,0.0,0.0,0.0,0.0,,,,,,,,2.16,3.16
2007/01/23,23.0,23.0,22.3,22.4,155.0,3549.0,-1.7544,0.4764,63.0,0.0,0.0,0.0,0.0,,,,,,,,2.12,3.21
2007/01/24,22.4,22.7,22.2,22.3,237.0,5305.0,-0.4464,0.7284,55.0,0.0,0.0,0.0,0.0,,,,,,,,2.11,3.23
2007/01/25,22.3,22.3,21.3,21.4,221.0,4795.0,-4.0359,0.6792,70.0,0.0,0.0,0.0,0.0,,,,,,,,2.03,3.36
2007/01/26,21.4,21.8,21.4,21.8,127.0,2746.0,1.8692,0.3903,46.0,0.0,0.0,0.0,0.0,,,,,,,,2.07,3.3
2007/01/29,21.8,22.0,21.8,21.8,105.0,2311.0,0.0,0.3227,55.0,0.0,0.0,0.0,0.0,,,,,,,,2.07,3.3
2007/01/30,21.7,22.0,21.5,22.0,55.0,1198.0,0.9174,0.169,21.0,0.0,0.0,0.0,0.0,,,,,,,,2.09,3.27
2007/01/31,21.8,22.0,21.5,22.0,144.0,3135.0,0.0,0.4426,53.0,0.0,0.0,0.0,0.0,,,,,,,,2.09,3.27
2007/02/01,21.7,21.7,21.5,21.5,62.0,1340.0,-2.2727,0.1905,22.0,0.0,0.0,0.0,0.0,,,,,,,,2.04,3.35
2007/02/02,21.4,22.0,21.1,22.0,415.0,8973.0,2.3256,1.2754,67.0,0.0,0.0,0.0,0.0,,,,,,,,2.09,3.27
2007/02/05,22.0,22.0,21.6,21.6,39.0,852.0,-1.8182,0.1199,25.0,0.0,0.0,0.0,0.0,,,,,,,,2.05,3.33
2007/02/06,22.0,22.0,21.3,21.35,72.0,1556.0,-1.1574,0.2213,31.0,0.0,0.0,0.0,0.0,,,,,,,,2.02,3.37
2007/02/07,21.35,21.5,21.1,21.1,130.0,2768.0,-1.171,0.3995,48.0,0.0,0.0,0.0,0.0,,,,,,,,2.0,3.41
2007/02/08,21.1,21.4,20.5,21.3,178.0,3749.0,0.9479,0.5471,53.0,0.0,0.0,0.0,0.0,,,,,,,,2.02,3.38
2007/02/09,21.4,21.9,21.1,21.9,169.0,3653.0,2.8169,0.5194,49.0,0.0,0.0,0.0,0.0,,,,,,,,2.08,3.29
2007/02/12,21.9,22.0,21.3,21.3,75.0,1637.0,-2.7397,0.2305,40.0,0.0,0.0,0.0,0.0,,,,,,,,2.02,3.38
2007/02/13,21.65,21.65,21.1,21.2,90.0,1935.0,-0.4695,0.2766,27.0,0.0,0.0,0.0,0.0,,,,,,,,2.01,3.4
2007/02/14,21.0,21.4,21.0,21.2,59.0,1251.0,0.0,0.1813,26.0,0.0,0.0,0.0,0.0,,,,,,,,2.01,3.4
2007/02/26,22.0,22.0,21.0,21.0,67.0,1437.0,-0.9434,0.2059,40.0,0.0,0.0,0.0,0.0,,,,,,,,1.99,3.43
2007/02/27,21.05,21.05,20.7,20.7,109.0,2290.0,-1.4286,0.335,39.0,0.0,0.0,0.0,0.0,,,,,,,,1.96,3.48
2007/03/01,19.5,20.4,19.5,20.4,63.0,1269.0,-1.4493,0.1936,28.0,0.0,0.0,0.0,0.0,,,,,,,,1.93,3.53
2007/03/02,20.0,20.4,20.0,20.3,73.0,1481.0,-0.4902,0.2244,34.0,0.0,0.0,0.0,0.0,,,,,,,,1.92,3.55
2007/03/03,19.3,21.7,19.3,21.7,394.0,8421.0,6.8966,1.2109,113.0,0.0,0.0,0.0,0.0,,,,,,,,2.06,3.32
2007/03/05,22.0,22.7,21.7,22.3,896.0,19847.0,2.765,2.7537,209.0,0.0,0.0,0.0,0.0,,,,,,,,2.11,3.23
2007/03/06,22.7,22.9,21.85,22.35,785.0,17627.0,0.2242,2.4126,218.0,0.0,0.0,0.0,0.0,,,,,,,,2.12,3.22
2007/03/07,22.35,22.35,21.3,21.4,282.0,6138.0,-4.2506,0.8667,119.0,0.0,0.0,0.0,0.0,,,,,,,,2.03,3.36
2007/03/08,21.1,22.0,21.1,21.6,109.0,2349.0,0.9346,0.335,64.0,0.0,0.0,0.0,0.0,,,,,,,,2.05,3.33
2007/03/09,21.75,21.75,21.4,21.4,86.0,1873.0,-0.9259,0.2643,36.0,0.0,0.0,0.0,0.0,,,,,,,,2.03,3.36
2007/03/12,21.6,21.6,21.1,21.1,139.0,2999.0,-1.4019,0.4272,85.0,0.0,0.0,0.0,0.0,,,,,,,,2.0,3.41
2007/03/13,21.1,21.35,20.7,20.75,164.0,3449.0,-1.6588,0.504,60.0,0.0,0.0,0.0,0.0,,,,,,,,1.97,3.47
2007/03/14,20.4,20.5,19.7,19.95,256.0,5133.0,-3.8554,0.5197,94.0,0.0,0.0,0.0,0.0,,,,,,,,1.89,3.61
2007/03/15,19.95,21.2,19.95,21.2,443.0,9244.0,6.2657,0.8993,123.0,0.0,0.0,0.0,0.0,,,,,,,,2.01,3.4
2007/03/16,20.7,21.05,20.65,20.8,72.0,1498.0,-1.8868,0.1462,42.0,0.0,0.0,0.0,0.0,,,,,,,,1.97,3.46
2007/03/19,21.5,21.8,21.2,21.4,307.0,6611.0,2.8846,0.6232,118.0,0.0,0.0,0.0,0.0,,,,,,,,2.03,3.36
2007/03/20,21.8,21.8,21.1,21.1,293.0,6227.0,-1.4019,0.5948,66.0,0.0,0.0,0.0,0.0,,,,,,,,2.0,3.41
2007/03/21,21.0,21.75,21.0,21.5,155.0,3370.0,1.8957,0.3147,57.0,0.0,0.0,0.0,0.0,,,,,,,,2.04,3.35
2007/03/22,22.0,22.0,21.3,21.3,80.0,1737.0,-0.9302,0.1624,39.0,0.0,0.0,0.0,0.0,,,,,,,,2.02,3.38
2007/03/23,21.5,21.55,21.3,21.35,110.0,2364.0,0.2347,0.2233,34.0,0.0,0.0,0.0,0.0,,,,,,,,2.02,3.37
2007/03/26,21.35,21.8,21.35,21.4,127.0,2730.0,0.2342,0.2578,38.0,0.0,0.0,0.0,0.0,,,,,,,,2.03,3.36
2007/03/27,21.4,21.8,21.35,21.4,179.0,3856.0,0.0,0.3634,56.0,0.0,0.0,0.0,0.0,,,,,,,,2.03,3.36
2007/03/28,22.0,22.85,21.6,22.85,1414.0,31805.0,6.7757,2.8706,412.0,0.0,0.0,0.0,0.0,,,,,,,,2.17,3.15
2007/03/29,24.0,24.4,23.0,23.65,1844.0,43606.0,3.5011,3.7436,585.0,0.0,0.0,0.0,0.0,,,,,,,,2.24,3.04
2007/03/30,23.8,25.3,23.7,25.3,2834.0,70065.0,6.9767,5.7534,585.0,0.0,0.0,0.0,0.0,,,,,,,,2.4,2.85
2007/04/02,26.5,27.05,26.0,27.05,2744.0,73792.0,6.917,5.5707,500.0,258.0,0.0,0.0,258.0,,,,,,,,2.56,2.66
2007/04/03,28.4,28.7,25.3,25.6,4390.0,118305.0,-5.3604,8.9123,1126.0,1.0,0.0,0.0,1.0,,,,,,,,2.43,2.81
2007/04/04,25.5,25.6,24.5,24.6,1582.0,39511.0,-3.9063,3.2117,579.0,0.0,0.0,0.0,0.0,,,,,,,,2.33,2.93
2007/04/09,24.95,24.95,22.9,23.05,1321.0,31097.0,-6.3008,2.6818,469.0,-150.0,0.0,0.0,-150.0,,,,,,,,2.18,3.12
2007/04/10,22.8,23.8,22.15,23.6,748.0,17043.0,2.3861,1.5185,280.0,-1.0,0.0,0.0,-1.0,,,,,,,,2.24,3.05
2007/04/11,23.6,23.9,23.5,23.75,404.0,9547.0,0.6356,0.8202,165.0,0.0,0.0,0.0,0.0,,,,,,,,2.25,3.03
2007/04/12,23.2,24.5,23.2,24.3,510.0,12210.0,2.3158,1.0354,188.0,0.0,0.0,0.0,0.0,,,,,,,,2.3,2.96
2007/04/13,25.0,25.0,23.5,23.5,416.0,10086.0,-3.2922,0.8445,167.0,0.0,0.0,0.0,0.0,,,,,,,,2.23,3.06
2007/04/14,23.5,24.0,23.1,23.1,203.0,4769.0,-1.7021,0.4121,86.0,0.0,0.0,0.0,0.0,,,,,,,,2.19,3.12
2007/04/16,23.2,23.6,22.75,22.8,359.0,8224.0,-1.2987,0.7288,114.0,-58.0,0.0,0.0,-58.0,,,,,,,,2.16,3.16
2007/04/17,22.8,22.8,21.7,22.5,469.0,10440.0,-1.3158,0.9521,145.0,-50.0,0.0,0.0,-50.0,,,,,,,,2.13,3.2
2007/04/18,21.7,22.8,21.7,22.8,253.0,5672.0,1.3333,0.5136,97.0,0.0,0.0,0.0,0.0,,,,,,,,2.16,3.16
2007/04/19,23.0,23.9,22.5,22.85,343.0,7934.0,0.2193,0.6963,110.0,0.0,0.0,0.0,0.0,,,,,,,,2.17,3.15
2007/04/20,22.85,23.0,22.55,22.55,231.0,5294.0,-1.3129,0.469,73.0,0.0,0.0,0.0,0.0,,,,,,,,2.14,3.19
2007/04/23,23.9,24.0,22.9,24.0,601.0,14121.0,6.4302,1.2201,144.0,0.0,0.0,0.0,0.0,,,,,,,,2.27,3.0
2007/04/24,24.5,24.5,23.6,23.8,737.0,17836.0,-0.8333,1.4962,218.0,0.0,0.0,0.0,0.0,,,,,,,,2.26,3.03
2007/04/25,23.5,23.8,23.3,23.8,117.0,2751.0,0.0,0.2375,49.0,0.0,0.0,0.0,0.0,,,,,,,,2.26,3.03
2007/04/26,23.9,23.9,23.05,23.05,117.0,2727.0,-3.1513,0.2375,60.0,0.0,0.0,0.0,0.0,,,,,,,,2.18,3.12
2007/04/27,23.05,23.6,22.6,23.6,293.0,6831.0,2.3861,0.5948,109.0,0.0,0.0,0.0,0.0,,,,,,,,2.24,3.05
2007/04/30,23.2,23.2,22.9,22.9,127.0,2919.0,-2.9661,0.2578,49.0,0.0,0.0,0.0,0.0,,,,,,,,2.17,3.14
2007/05/02,22.5,23.1,22.5,22.6,163.0,3727.0,-1.31,0.3309,52.0,0.0,0.0,0.0,0.0,,,,,,,,2.14,3.19
2007/05/03,22.6,22.6,22.0,22.0,182.0,4060.0,-2.6549,0.3695,49.0,0.0,0.0,0.0,0.0,,,,,,,,2.09,3.27
2007/05/04,22.3,22.75,21.55,21.6,358.0,7792.0,-1.8182,0.7268,115.0,0.0,0.0,0.0,0.0,,,,,,,,2.05,3.33
2007/05/07,21.85,22.0,21.0,21.4,367.0,7808.0,-0.9259,0.7451,128.0,0.0,0.0,0.0,0.0,,,,,,,,2.03,3.36
2007/05/08,21.1,22.85,21.1,22.85,788.0,17721.0,6.7757,1.5997,193.0,0.0,0.0,0.0,0.0,,,,,,,,2.17,3.15
2007/05/09,23.0,24.2,23.0,24.0,1121.0,26603.0,5.0328,2.2758,383.0,0.0,0.0,0.0,0.0,,,,,,,,2.27,3.0
2007/05/10,24.0,24.0,22.6,23.1,615.0,14315.0,-3.75,1.2485,187.0,0.0,0.0,0.0,0.0,,,,,,,,2.15,3.12
2007/05/11,22.7,24.0,22.7,23.15,275.0,6465.0,0.2165,0.5583,119.0,0.0,0.0,0.0,0.0,,,,,,,,2.15,3.11
2007/05/14,23.8,23.8,22.2,22.7,310.0,7043.0,-1.9438,0.6293,188.0,0.0,0.0,0.0,0.0,,,,,,,,2.11,3.17
2007/05/15,22.0,22.65,21.8,22.15,87.0,1929.0,-2.4229,0.1766,48.0,0.0,0.0,0.0,0.0,,,,,,,,2.06,3.25
2007/05/16,22.4,22.45,21.85,22.0,206.0,4563.0,-0.6772,0.4182,103.0,0.0,0.0,0.0,0.0,,,,,,,,2.04,3.27
2007/05/17,22.0,22.3,21.35,21.9,934.0,20178.0,-0.4545,1.8961,232.0,0.0,0.0,0.0,0.0,,,,,,,,2.04,3.29
2007/05/18,22.0,22.6,21.75,21.8,214.0,4738.0,-0.4566,0.4344,111.0,0.0,0.0,0.0,0.0,,,,,,,,2.03,3.3
2007/05/21,22.0,22.0,20.95,21.0,958.0,20177.0,-3.6697,1.9449,329.0,0.0,0.0,0.0,0.0,,,,,,,,1.95,3.43
2007/05/22,21.6,21.6,20.5,20.9,842.0,17526.0,-0.4762,1.7094,288.0,0.0,0.0,0.0,0.0,,,,,,,,1.94,3.44
2007/05/23,21.0,21.0,20.05,20.3,831.0,16964.0,-2.8708,1.687,366.0,0.0,0.0,0.0,0.0,,,,,,,,1.89,3.55
2007/05/24,20.35,20.65,19.7,19.8,1179.0,23539.0,-2.4631,2.3935,577.0,0.0,0.0,0.0,0.0,,,,,,,,1.84,3.64
2007/05/25,19.75,20.4,19.75,20.0,788.0,15689.0,1.0101,1.5997,442.0,0.0,0.0,0.0,0.0,,,,,,,,1.86,3.6
2007/05/28,20.35,20.35,19.2,19.4,814.0,15879.0,-3.0,1.6525,252.0,0.0,0.0,0.0,0.0,,,,,,,,1.8,3.71
2007/05/29,19.4,19.8,19.0,19.3,790.0,15237.0,-0.5155,1.6038,390.0,0.0,0.0,0.0,0.0,,,,,,,,1.79,3.73
2007/05/30,19.3,19.9,19.3,19.9,859.0,16700.0,3.1088,1.7439,448.0,0.0,0.0,0.0,0.0,,,,,,,,1.85,3.62
2007/05/31,20.0,20.0,19.45,19.5,792.0,15518.0,-2.0101,1.6079,308.0,0.0,0.0,0.0,0.0,,,,,,,,1.81,3.69
2007/06/01,19.55,20.85,19.45,20.5,1782.0,36052.0,5.1282,3.6177,589.0,0.0,0.0,0.0,0.0,,,,,,,,1.91,3.51
2007/06/04,20.6,20.7,20.2,20.4,803.0,16518.0,-0.4878,1.6302,231.0,0.0,0.0,0.0,0.0,,,,,,,,1.9,3.53
2007/06/05,20.8,21.0,20.45,20.7,462.0,9570.0,1.4706,0.9379,192.0,0.0,0.0,0.0,0.0,,,,,,,,1.92,3.48
2007/06/06,20.75,20.95,20.2,20.25,307.0,6321.0,-2.1739,0.6232,134.0,0.0,0.0,0.0,0.0,,,,,,,,1.88,3.56
2007/06/07,19.45,20.8,19.45,20.6,360.0,7326.0,1.7284,0.7308,111.0,0.0,0.0,0.0,0.0,,,,,,,,1.91,3.5
2007/06/08,20.6,22.0,20.6,22.0,1831.0,39840.0,6.7961,3.7172,477.0,0.0,0.0,0.0,0.0,,,,,,,,2.04,3.27
2007/06/11,22.0,23.5,22.0,23.3,2013.0,46135.0,5.9091,4.0866,571.0,0.0,0.0,0.0,0.0,,,,,,,,2.17,3.09
2007/06/12,23.8,23.8,22.5,22.5,760.0,17393.0,-3.4335,1.5429,306.0,0.0,0.0,0.0,0.0,,,,,,,,2.09,3.2
2007/06/13,22.5,23.0,22.5,22.95,420.0,9532.0,2.0,0.8527,151.0,0.0,0.0,0.0,0.0,,,,,,,,2.13,3.14
2007/06/14,22.95,23.5,22.7,22.8,881.0,20452.0,-0.6536,1.7885,266.0,0.0,0.0,0.0,0.0,,,,,,,,2.12,3.16
2007/06/15,22.8,23.1,22.55,22.7,329.0,7482.0,-0.4386,0.6679,99.0,0.0,0.0,0.0,0.0,,,,,,,,2.11,3.17
2007/06/20,23.4,23.4,22.6,23.0,261.0,5985.0,1.3216,0.5299,100.0,0.0,0.0,0.0,0.0,,,,,,,,2.14,3.13
2007/06/21,23.0,23.0,22.05,22.2,679.0,15302.0,-3.4783,1.3785,141.0,0.0,0.0,0.0,0.0,,,,,,,,2.06,3.24
2007/06/22,22.2,22.9,22.2,22.4,196.0,4429.0,0.9009,0.3979,87.0,0.0,0.0,0.0,0.0,,,,,,,,2.08,3.21
2007/06/23,22.3,22.65,22.0,22.1,273.0,6060.0,-1.3393,0.5542,116.0,0.0,0.0,0.0,0.0,,,,,,,,2.05,3.26
2007/06/25,22.1,22.7,22.1,22.3,288.0,6466.0,0.905,0.5847,103.0,0.0,0.0,0.0,0.0,,,,,,,,2.07,3.23
2007/06/26,22.1,22.5,22.0,22.0,218.0,4837.0,-1.3453,0.4426,86.0,0.0,0.0,0.0,0.0,,,,,,,,2.04,3.27
2007/06/27,22.3,22.3,21.75,21.9,499.0,10969.0,-0.4545,1.013,177.0,0.0,0.0,0.0,0.0,,,,,,,,2.04,3.29
2007/06/28,22.0,22.45,21.9,22.0,273.0,6025.0,0.4566,0.5542,99.0,0.0,0.0,0.0,0.0,,,,,,,,2.04,3.27
2007/06/29,22.4,22.4,21.9,21.9,298.0,6550.0,-0.4545,0.605,101.0,0.0,0.0,0.0,0.0,,,,,,,,2.04,3.29
2007/07/02,22.0,23.35,22.0,23.25,958.0,21832.0,6.1644,1.9449,341.0,0.0,-1.0,0.0,-1.0,,,,,,,,2.16,3.1
2007/07/03,23.95,23.95,23.3,23.3,1107.0,26129.0,0.2151,2.2474,391.0,0.0,0.0,0.0,0.0,,,,,,,,2.17,3.09
2007/07/04,23.5,23.8,23.35,23.35,719.0,17003.0,0.2146,1.4597,223.0,0.0,0.0,0.0,0.0,,,,,,,,2.17,3.08
2007/07/05,23.4,23.75,23.3,23.35,443.0,10429.0,0.0,0.8993,146.0,0.0,0.0,0.0,0.0,,,,,,,,2.17,3.08
2007/07/06,23.0,23.35,23.0,23.2,430.0,9968.0,-0.6424,0.873,139.0,0.0,0.0,0.0,0.0,,,,,,,,2.16,3.1
2007/07/09,23.2,23.45,22.7,22.7,765.0,17622.0,-2.1552,1.553,185.0,0.0,0.0,0.0,0.0,,,,,,,,2.11,3.17
2007/07/10,22.7,23.2,22.7,23.0,359.0,8263.0,1.3216,0.7288,114.0,0.0,0.0,0.0,0.0,,,,,,,,2.14,3.13
2007/07/11,23.0,24.6,23.0,24.6,1615.0,39077.0,6.9565,3.2787,424.0,0.0,0.0,0.0,0.0,,,,,,,,2.29,2.93
2007/07/12,26.3,26.3,25.5,26.3,3421.0,89877.0,6.9106,6.9451,870.0,0.0,0.0,0.0,0.0,,,,,,,,2.44,2.74
2007/07/13,28.0,28.0,26.5,27.4,3513.0,96335.0,4.1825,7.1318,1187.0,0.0,0.0,0.0,0.0,,,,,,,,2.55,2.63
2007/07/16,27.4,28.0,26.3,26.4,1978.0,53638.0,-3.6496,4.0156,610.0,0.0,0.0,0.0,0.0,,,,,,,,2.45,2.73
2007/07/17,26.4,27.0,26.0,26.65,889.0,23565.0,0.947,1.8048,294.0,0.0,0.0,0.0,0.0,,,,,,,,2.48,2.7
2007/07/18,26.3,26.95,26.05,26.1,835.0,21975.0,-2.0638,1.6952,286.0,0.0,0.0,0.0,0.0,,,,,,,,2.43,2.76
2007/07/19,26.1,27.9,25.9,27.9,975.0,26841.0,6.8966,1.9794,325.0,0.0,0.0,0.0,0.0,,,,,,,,2.59,2.58
2007/07/20,29.85,29.85,28.05,29.85,3588.0,106576.0,6.9892,7.2841,925.0,0.0,0.0,0.0,0.0,,,,,,,,2.77,2.41
2007/07/23,30.0,31.9,29.0,31.8,2877.0,89133.0,6.5327,5.8407,1021.0,1.0,0.0,0.0,1.0,,,,,,,,2.96,2.26
2007/07/24,31.8,33.5,30.7,31.7,1888.0,59995.0,-0.3145,3.8329,698.0,-1.0,0.0,0.0,-1.0,,,,,,,,2.95,2.27
2007/07/25,31.7,33.0,30.5,31.1,2143.0,67407.0,-1.8927,4.3506,702.0,0.0,0.0,0.0,0.0,,,,,,,,2.89,2.32
2007/07/26,31.3,31.8,29.6,29.6,1571.0,48777.0,-4.8232,3.1893,574.0,25.0,0.0,0.0,25.0,,,,,,,,2.75,2.43
2007/07/27,28.0,29.6,27.6,28.9,1300.0,36776.0,-2.3649,2.6392,473.0,0.0,0.0,0.0,0.0,,,,,,,,2.69,2.49
2007/07/30,28.3,28.5,26.9,27.0,610.0,16755.0,-6.5744,1.2384,236.0,0.0,0.0,0.0,0.0,,,,,,,,2.51,2.67
2007/07/31,28.45,28.5,27.6,28.2,396.0,11073.0,4.4444,0.8039,190.0,0.0,0.0,0.0,0.0,,,,,,,,2.62,2.55
2007/08/01,28.0,29.75,27.8,28.6,711.0,20563.0,1.4184,1.4434,252.0,0.0,0.0,0.0,0.0,,,,,,,,2.66,2.52
2007/08/02,30.5,30.5,28.6,29.35,652.0,19014.0,2.6224,1.3236,266.0,0.0,0.0,0.0,0.0,,,,,,,,2.73,2.45
2007/08/03,29.7,29.9,28.55,28.6,280.0,8086.0,-2.5554,0.5684,115.0,0.0,0.0,0.0,0.0,,,,,,,,2.66,2.52
2007/08/06,28.6,28.6,27.25,27.85,289.0,8031.0,-2.6224,0.5867,122.0,0.0,0.0,0.0,0.0,,,,,,,,2.59,2.59
2007/08/07,27.85,28.3,26.0,26.3,564.0,15184.0,-5.5655,1.145,176.0,0.0,0.0,0.0,0.0,,,,,,,,2.44,2.74
2007/08/08,26.3,27.0,26.3,26.7,259.0,6870.0,1.5209,0.5258,117.0,0.0,0.0,0.0,0.0,,,,,,,,2.48,2.7
2007/08/09,27.8,27.8,27.0,27.2,362.0,9936.0,1.8727,0.7349,103.0,0.0,0.0,0.0,0.0,,,,,,,,2.53,2.65
2007/08/10,26.3,27.4,26.3,26.6,178.0,4711.0,-2.2059,0.3614,65.0,0.0,0.0,0.0,0.0,,,,,,,,2.47,2.71
2007/08/13,27.7,27.7,26.5,26.5,221.0,5975.0,-0.3759,0.4487,86.0,0.0,0.0,0.0,0.0,,,,,,,,2.46,2.72
2007/08/14,26.7,27.3,26.5,26.5,157.0,4216.0,0.0,0.3187,72.0,0.0,0.0,0.0,0.0,,,,,,,,2.46,2.72
2007/08/15,26.5,26.5,25.7,25.8,302.0,7858.0,-2.6415,0.6131,125.0,0.0,0.0,0.0,0.0,,,,,,,,2.4,2.79
2007/08/16,25.7,26.0,24.0,24.35,459.0,11264.0,-5.6202,0.9318,131.0,0.0,0.0,0.0,0.0,,,,,,,,2.26,2.96
2007/08/17,24.0,24.0,23.0,23.3,589.0,13742.0,-4.3121,1.1957,170.0,0.0,0.0,0.0,0.0,,,,,,,,2.17,3.09
2007/08/20,24.5,24.9,24.5,24.9,153.0,3788.0,6.867,0.3106,54.0,0.0,0.0,0.0,0.0,,,,,,,,2.31,2.89
2007/08/21,24.2,25.35,24.15,24.6,97.0,2416.0,-1.2048,0.1969,36.0,0.0,0.0,0.0,0.0,,,,,,,,2.29,2.93
2007/08/22,24.25,24.5,23.55,24.5,106.0,2558.0,-0.4065,0.2152,48.0,0.0,0.0,0.0,0.0,,,,,,,,2.28,2.94
2007/08/23,25.0,25.3,24.2,25.0,186.0,4635.0,2.0408,0.3776,64.0,0.0,0.0,0.0,0.0,,,,,,,,2.32,2.88
2007/08/24,25.0,25.2,24.7,24.8,154.0,3848.0,-0.8,0.3126,51.0,0.0,0.0,0.0,0.0,,,,,,,,2.3,2.9
2007/08/27,25.3,25.3,24.3,24.4,41.0,1007.0,-1.6129,0.0832,24.0,0.0,0.0,0.0,0.0,,,,,,,,2.27,2.95
2007/08/28,24.2,24.5,24.2,24.3,45.0,1095.0,-0.4098,0.0914,24.0,0.0,0.0,0.0,0.0,,,,,,,,2.26,2.96
2007/08/29,23.6,25.0,23.2,25.0,51.0,1217.0,2.8807,0.1035,28.0,0.0,0.0,0.0,0.0,,,,,,,,2.32,2.88
2007/08/30,25.5,25.5,24.3,24.45,65.0,1594.0,-2.2,0.132,36.0,0.0,0.0,0.0,0.0,,,,,,,,2.27,2.94
2007/08/31,24.3,24.5,24.1,24.5,80.0,1946.0,0.2045,0.1624,33.0,0.0,0.0,0.0,0.0,,,,,,,,2.28,2.94
2007/09/03,24.5,24.5,23.85,24.0,174.0,4181.0,-2.0408,0.3532,57.0,0.0,0.0,0.0,0.0,,,,,,,,2.23,3.0
2007/09/04,24.4,24.4,22.5,23.7,1049.0,24272.0,-1.25,2.1296,230.0,0.0,0.0,0.0,0.0,,,,,,,,2.2,3.04
2007/09/05,23.5,24.15,23.0,23.0,94.0,2196.0,-2.9536,0.1908,49.0,0.0,0.0,0.0,0.0,,,,,,,,2.14,3.13
2007/09/06,22.5,24.1,22.5,24.0,132.0,3121.0,4.3478,0.268,65.0,0.0,0.0,0.0,0.0,,,,,,,,2.23,3.0
2007/09/07,24.0,24.0,23.6,23.8,58.0,1397.0,-0.8333,0.1177,26.0,0.0,0.0,0.0,0.0,,,,,,,,2.21,3.03
2007/09/10,24.0,24.3,23.8,24.15,65.0,1570.0,1.4706,0.132,44.0,12.0,0.0,0.0,12.0,,,,,,,,2.24,2.98
2007/09/11,24.0,24.0,23.6,24.0,43.0,1027.0,-0.6211,0.0873,22.0,0.0,0.0,0.0,0.0,,,,,,,,2.23,3.0
2007/09/12,23.6,24.0,23.2,23.85,115.0,2699.0,-0.625,0.2335,45.0,0.0,0.0,0.0,0.0,,,,,,,,2.26,3.02
2007/09/13,23.95,23.95,23.25,23.25,112.0,2625.0,-2.5157,0.2274,29.0,0.0,0.0,0.0,0.0,,,,,,,,2.2,3.1
2007/09/14,23.25,23.5,23.25,23.3,143.0,3345.0,0.2151,0.2903,43.0,0.0,0.0,0.0,0.0,,,,,,,,2.21,3.09
2007/09/17,23.0,23.1,23.0,23.1,47.0,1087.0,-0.8584,0.0954,26.0,0.0,0.0,0.0,0.0,,,,,,,,2.19,3.12
2007/09/19,23.1,23.75,23.0,23.1,51.0,1199.0,0.0,0.1035,44.0,0.0,0.0,0.0,0.0,,,,,,,,2.19,3.12
2007/09/20,23.1,23.1,22.95,23.0,95.0,2191.0,-0.4329,0.1929,34.0,0.0,0.0,0.0,0.0,,,,,,,,2.18,3.13
2007/09/21,22.7,23.0,22.7,22.9,88.0,2015.0,-0.4348,0.1787,34.0,0.0,0.0,0.0,0.0,,,,,,,,2.17,3.14
2007/09/26,22.8,23.4,22.75,22.9,57.0,1309.0,0.0,0.1157,33.0,0.0,0.0,0.0,0.0,,,,,,,,2.17,3.14
2007/09/27,22.8,23.25,22.8,23.1,97.0,2224.0,0.8734,0.1969,28.0,0.0,0.0,0.0,0.0,,,,,,,,2.19,3.12
2007/09/28,22.8,23.1,22.8,23.0,116.0,2652.0,-0.4329,0.2355,32.0,0.0,0.0,0.0,0.0,,,,,,,,2.18,3.13
2007/09/29,23.0,23.0,22.8,23.0,99.0,2287.0,0.0,0.201,32.0,0.0,0.0,0.0,0.0,,,,,,,,2.18,3.13
2007/10/01,23.0,23.35,23.0,23.35,48.0,1122.0,1.5217,0.0974,30.0,0.0,0.0,0.0,0.0,,,,,,,,2.21,3.08
2007/10/02,23.5,24.9,23.5,24.5,179.0,4328.0,4.9251,0.3634,91.0,0.0,0.0,0.0,0.0,,,,,,,,2.32,2.94
2007/10/03,25.5,26.2,24.8,26.2,611.0,15644.0,6.9388,1.2404,210.0,0.0,0.0,0.0,0.0,,,,,,,,2.48,2.75
2007/10/04,26.0,26.65,25.6,25.6,414.0,10879.0,-2.2901,0.8405,162.0,-3.0,0.0,0.0,-3.0,,,,,,,,2.42,2.81
2007/10/05,25.6,25.8,24.8,25.3,69.0,1739.0,-1.1719,0.1401,44.0,0.0,0.0,0.0,0.0,,,,,,,,2.4,2.85
2007/10/08,25.0,25.0,24.4,24.45,35.0,865.0,-3.3597,0.0711,24.0,0.0,0.0,0.0,0.0,,,,,,,,2.32,2.94
2007/10/09,24.3,24.6,24.0,24.05,53.0,1278.0,-1.636,0.1076,30.0,0.0,0.0,0.0,0.0,,,,,,,,2.28,2.99
2007/10/11,24.05,24.4,24.05,24.4,14.0,361.0,1.4553,0.0284,10.0,0.0,0.0,0.0,0.0,,,,,,,,2.31,2.95
2007/10/12,24.2,24.5,23.6,23.6,69.0,1651.0,-3.2787,0.1401,43.0,0.0,0.0,0.0,0.0,,,,,,,,2.23,3.05
2007/10/15,23.6,23.6,23.3,23.5,13.0,305.0,-0.4237,0.0264,9.0,0.0,0.0,0.0,0.0,,,,,,,,2.23,3.06
2007/10/16,23.5,23.5,23.0,23.4,128.0,2980.0,-0.4255,0.2599,40.0,0.0,0.0,0.0,0.0,,,,,,,,2.22,3.08
2007/10/17,23.1,23.5,23.1,23.2,31.0,735.0,-0.8547,0.0629,20.0,-9.0,0.0,0.0,-9.0,,,,,,,,2.2,3.1
2007/10/18,23.2,23.95,23.2,23.95,47.0,1108.0,3.2328,0.0954,24.0,0.0,0.0,0.0,0.0,,,,,,,,2.27,3.01
2007/10/19,23.75,23.75,23.3,23.35,27.0,633.0,-2.5052,0.0548,21.0,0.0,0.0,0.0,0.0,,,,,,,,2.21,3.08
2007/10/22,21.8,23.5,21.8,22.65,59.0,1319.0,-2.9979,0.1198,38.0,0.0,0.0,0.0,0.0,,,,,,,,2.14,3.18
2007/10/23,22.65,23.35,22.65,23.0,64.0,1464.0,1.5453,0.1299,27.0,0.0,0.0,0.0,0.0,,,,,,,,2.18,3.13
2007/10/24,23.2,23.4,22.9,22.9,43.0,996.0,-0.4348,0.0873,31.0,0.0,0.0,0.0,0.0,,,,,,,,2.17,3.14
2007/10/25,23.3,23.3,22.75,22.9,24.0,559.0,0.0,0.0487,15.0,0.0,0.0,0.0,0.0,,,,,,,,2.17,3.14
2007/10/26,24.0,24.0,22.7,23.0,81.0,1890.0,0.4367,0.1644,32.0,0.0,0.0,0.0,0.0,,,,,,,,2.18,3.13
2007/10/29,23.0,23.0,22.5,22.6,53.0,1204.0,-1.7391,0.1076,20.0,0.0,0.0,0.0,0.0,,,,,,,,2.14,3.19
2007/10/30,22.6,23.0,22.6,22.9,80.0,1814.0,1.3274,0.1624,28.0,0.0,0.0,0.0,0.0,,,,,,,,2.17,3.14
2007/10/31,22.65,23.0,21.85,22.0,272.0,6041.0,-3.9301,0.5522,98.0,0.0,0.0,0.0,0.0,,,,,,,,2.08,3.27
2007/11/01,22.0,22.0,21.5,21.9,147.0,3219.0,-0.4545,0.2984,36.0,0.0,0.0,0.0,0.0,,,,,,,,2.07,3.29
2007/11/02,21.2,21.9,21.2,21.8,22.0,475.0,-0.4566,0.0447,11.0,0.0,0.0,0.0,0.0,,,,,,,,2.06,3.3
2007/11/05,22.0,22.0,21.5,22.0,102.0,2209.0,0.9174,0.2071,30.0,0.0,0.0,0.0,0.0,,,,,,,,2.08,3.27
2007/11/06,22.0,22.0,21.8,21.8,52.0,1140.0,-0.9091,0.1056,20.0,0.0,0.0,0.0,0.0,,,,,,,,2.06,3.3
2007/11/07,21.8,22.0,21.8,21.8,74.0,1624.0,0.0,0.1502,22.0,0.0,0.0,0.0,0.0,,,,,,,,2.06,3.3
2007/11/08,20.65,21.0,20.65,20.7,148.0,3065.0,-5.0459,0.3005,30.0,0.0,0.0,0.0,0.0,,,,,,,,1.96,3.48
2007/11/09,20.5,20.7,20.05,20.05,100.0,2032.0,-3.1401,0.203,45.0,0.0,0.0,0.0,0.0,,,,,,,,1.9,3.59
2007/11/12,20.0,20.0,18.65,18.75,170.0,3187.0,-6.4838,0.3451,43.0,0.0,0.0,0.0,0.0,,,,,,,,1.77,3.84
2007/11/13,18.1,19.0,18.1,18.5,60.0,1098.0,-1.3333,0.1218,25.0,0.0,0.0,0.0,0.0,,,,,,,,1.75,3.89
2007/11/14,18.5,19.75,18.5,19.75,218.0,4145.0,6.7568,0.4426,59.0,0.0,0.0,0.0,0.0,,,,,,,,1.86,3.65
2007/11/15,19.6,21.0,19.6,20.95,79.0,1610.0,6.0759,0.1604,36.0,0.0,0.0,0.0,0.0,,,,,,,,1.98,3.44
2007/11/16,20.95,21.25,20.4,21.2,122.0,2563.0,1.1933,0.2477,26.0,0.0,0.0,0.0,0.0,,,,,,,,2.0,3.4
2007/11/19,21.0,21.0,20.5,20.5,19.0,394.0,-3.3019,0.0386,8.0,0.0,0.0,0.0,0.0,,,,,,,,1.94,3.51
2007/11/20,20.5,20.5,20.5,20.5,53.0,1086.0,0.0,0.1076,18.0,0.0,0.0,0.0,0.0,,,,,,,,1.94,3.51
2007/11/21,20.8,20.8,20.1,20.1,35.0,716.0,-1.9512,0.0711,22.0,0.0,0.0,0.0,0.0,,,,,,,,1.9,3.58
2007/11/22,20.1,21.5,19.4,21.5,156.0,3278.0,6.9652,0.3167,68.0,0.0,0.0,0.0,0.0,,,,,,,,2.03,3.35
2007/11/23,22.3,22.3,21.2,21.2,48.0,1044.0,-1.3953,0.0974,28.0,0.0,0.0,0.0,0.0,,,,,,,,2.0,3.4
2007/11/26,20.55,21.2,20.55,21.2,15.0,310.0,0.0,0.0305,6.0,0.0,0.0,0.0,0.0,,,,,,,,2.0,3.4
2007/11/27,19.95,20.5,19.95,20.5,22.0,441.0,-3.3019,0.0447,9.0,0.0,0.0,0.0,0.0,,,,,,,,1.94,3.51
2007/11/28,20.1,20.1,19.7,19.7,15.0,301.0,-3.9024,0.0305,8.0,0.0,0.0,0.0,0.0,,,,,,,,1.86,3.65
2007/11/29,19.7,20.0,19.7,20.0,21.0,414.0,1.5228,0.0426,14.0,0.0,0.0,0.0,0.0,,,,,,,,1.89,3.6
2007/11/30,19.35,20.1,19.35,20.1,11.0,219.0,0.5,0.0223,10.0,0.0,0.0,0.0,0.0,,,,,,,,1.9,3.58
2007/12/03,20.1,20.9,18.7,18.7,106.0,2076.0,-6.9652,0.2152,55.0,0.0,0.0,0.0,0.0,,,,,,,,1.77,3.85
2007/12/04,19.5,20.0,19.5,20.0,48.0,955.0,6.9519,0.0974,24.0,0.0,0.0,0.0,0.0,,,,,,,,1.89,3.6
2007/12/05,20.0,20.5,19.7,20.3,21.0,423.0,1.5,0.0426,19.0,0.0,0.0,0.0,0.0,,,,,,,,1.92,3.55
2007/12/06,20.3,21.0,19.7,19.7,59.0,1215.0,-2.9557,0.1198,28.0,0.0,0.0,0.0,0.0,,,,,,,,1.86,3.65
2007/12/07,20.0,20.0,19.95,19.95,2.0,39.0,1.269,0.0041,2.0,0.0,0.0,0.0,0.0,,,,,,,,1.88,3.61
2007/12/10,20.0,21.3,20.0,21.3,141.0,2971.0,6.7669,0.2862,61.0,0.0,0.0,0.0,0.0,,,,,,,,2.01,3.38
2007/12/11,22.0,22.35,21.0,21.85,175.0,3879.0,2.5822,0.3553,82.0,0.0,0.0,0.0,0.0,,,,,,,,2.06,3.3
2007/12/12,22.5,22.5,20.4,21.5,21.0,462.0,-1.6018,0.0426,13.0,0.0,0.0,0.0,0.0,,,,,,,,2.03,3.35
2007/12/13,22.1,22.5,21.2,22.0,135.0,3000.0,2.3256,0.2741,69.0,0.0,0.0,0.0,0.0,,,,,,,,2.08,3.27
2007/12/14,22.0,22.95,21.35,22.0,221.0,4979.0,0.0,0.4487,69.0,0.0,0.0,0.0,0.0,,,,,,,,2.08,3.27
2007/12/17,20.8,21.55,20.6,20.6,59.0,1224.0,-6.3636,0.1198,40.0,0.0,0.0,0.0,0.0,,,,,,,,1.95,3.5
2007/12/18,20.05,20.05,19.5,20.0,36.0,716.0,-2.9126,0.0731,23.0,0.0,0.0,0.0,0.0,,,,,,,,1.89,3.6
2007/12/19,20.0,21.4,20.0,21.4,56.0,1157.0,7.0,0.1137,30.0,0.0,0.0,0.0,0.0,,,,,,,,2.02,3.36
2007/12/20,20.5,20.5,20.5,20.5,4.0,82.0,-4.2056,0.0081,3.0,0.0,0.0,0.0,0.0,,,,,,,,1.94,3.51
2007/12/21,21.0,21.9,20.0,21.9,107.0,2286.0,6.8293,0.2172,52.0,0.0,0.0,0.0,0.0,,,,,,,,2.07,3.29
2007/12/24,21.5,21.5,21.0,21.0,28.0,602.0,-4.1096,0.0568,17.0,0.0,0.0,0.0,0.0,,,,,,,,1.98,3.43
2007/12/25,21.0,21.2,20.1,20.5,62.0,1280.0,-2.381,0.1259,28.0,0.0,0.0,0.0,0.0,,,,,,,,1.94,3.51
2007/12/26,20.5,20.5,20.0,20.0,44.0,887.0,-2.439,0.0893,18.0,0.0,0.0,0.0,0.0,,,,,,,,1.89,3.6
2007/12/27,20.8,20.8,20.1,20.5,10.0,215.0,2.5,0.0203,10.0,0.0,0.0,0.0,0.0,,,,,,,,1.94,3.51
2007/12/28,20.0,21.0,20.0,20.7,48.0,1004.0,0.9756,0.0974,23.0,0.0,0.0,0.0,0.0,,,,,,,,1.95,3.48
2007/12/31,20.3,20.9,20.3,20.9,65.0,1328.0,0.9662,0.132,19.0,0.0,0.0,0.0,0.0,,,,,,,,1.97,3.44
2008/01/02,20.4,21.5,20.4,20.6,17.0,367.0,-1.4354,0.0345,15.0,0.0,0.0,0.0,0.0,,,,,,,,1.95,3.5
2008/01/03,20.6,20.8,20.1,20.8,17.0,346.0,0.9709,0.0345,13.0,0.0,0.0,0.0,0.0,,,,,,,,1.96,3.46
2008/01/04,20.3,21.2,20.3,21.0,15.0,314.0,0.9615,0.0305,12.0,0.0,0.0,0.0,0.0,,,,,,,,1.98,3.43
2008/01/07,20.15,20.15,20.0,20.0,11.0,220.0,-4.7619,0.0223,7.0,0.0,0.0,0.0,0.0,,,,,,,,1.89,3.6
2008/01/08,20.05,21.0,20.05,21.0,24.0,492.0,5.0,0.0487,18.0,0.0,0.0,0.0,0.0,,,,,,,,1.98,3.43
2008/01/09,20.5,20.7,20.05,20.2,66.0,1338.0,-3.8095,0.134,24.0,0.0,0.0,0.0,0.0,,,,,,,,1.91,3.56
2008/01/10,20.6,20.6,20.2,20.2,15.0,304.0,0.0,0.0305,4.0,0.0,0.0,0.0,0.0,,,,,,,,1.91,3.56
2008/01/11,20.5,20.5,20.45,20.45,10.0,209.0,1.2376,0.0203,6.0,0.0,0.0,0.0,0.0,,,,,,,,1.93,3.52
2008/01/14,20.6,21.6,20.5,21.6,67.0,1417.0,5.6235,0.136,30.0,0.0,0.0,0.0,0.0,,,,,,,,2.04,3.33
2008/01/15,21.45,22.6,21.45,22.0,280.0,6228.0,1.8519,0.5684,64.0,0.0,0.0,0.0,0.0,,,,,,,,2.08,3.27
2008/01/16,21.9,22.9,21.9,22.5,312.0,7003.0,2.2727,0.6334,52.0,0.0,0.0,0.0,0.0,,,,,,,,2.12,3.2
2008/01/17,23.0,23.3,22.05,23.1,326.0,7542.0,2.6667,0.6618,72.0,0.0,0.0,0.0,0.0,,,,,,,,2.18,3.12
2008/01/18,23.1,24.6,23.0,24.0,293.0,7043.0,3.8961,0.5948,96.0,0.0,0.0,0.0,0.0,,,,,,,,2.27,3.0
2008/01/21,24.5,24.5,24.1,24.1,61.0,1481.0,0.4167,0.1238,26.0,0.0,0.0,0.0,0.0,,,,,,,,2.28,2.99
2008/01/22,23.6,24.9,23.5,24.7,421.0,10274.0,2.4896,0.8547,120.0,0.0,0.0,0.0,0.0,,,,,,,,2.33,2.91
2008/01/23,24.7,25.15,24.2,25.1,803.0,20069.0,1.6194,1.63,184.0,0.0,0.0,0.0,0.0,,,,,,,,2.37,2.87
2008/01/24,24.5,25.1,23.4,24.5,322.0,8013.0,-2.3904,0.6536,75.0,0.0,0.0,0.0,0.0,,,,,,,,2.31,2.94
2008/01/25,24.8,24.8,23.75,24.4,68.0,1652.0,-0.4082,0.138,35.0,0.0,0.0,0.0,0.0,,,,,,,,2.3,2.95
2008/01/28,24.0,24.5,23.55,24.5,64.0,1552.0,0.4098,0.1299,18.0,0.0,0.0,0.0,0.0,,,,,,,,2.31,2.94
2008/01/29,24.45,24.95,23.5,24.7,69.0,1697.0,0.8163,0.1401,21.0,0.0,0.0,0.0,0.0,,,,,,,,2.33,2.91
2008/01/30,24.5,24.7,23.75,24.6,47.0,1151.0,-0.4049,0.0954,15.0,0.0,0.0,0.0,0.0,,,,,,,,2.32,2.93
2008/01/31,24.5,24.6,23.6,24.6,144.0,3495.0,0.0,0.292,41.0,0.0,0.0,0.0,0.0,,,,,,,,2.32,2.93
2008/02/01,24.6,25.0,24.15,25.0,155.0,3856.0,1.626,0.3144,44.0,0.0,0.0,0.0,0.0,,,,,,,,2.36,2.88
2008/02/12,25.0,25.0,24.55,24.85,40.0,992.0,-0.6,0.0811,15.0,0.0,0.0,0.0,0.0,,,,,,,,2.35,2.9
2008/02/13,23.15,24.5,23.15,23.75,31.0,737.0,-4.4266,0.0629,22.0,0.0,0.0,0.0,0.0,,,,,,,,2.24,3.03
2008/02/14,24.25,24.25,23.75,24.0,13.0,311.0,1.0526,0.0264,11.0,0.0,0.0,0.0,0.0,,,,,,,,2.27,3.0
2008/02/15,24.1,25.05,24.1,25.0,190.0,4744.0,4.1667,0.3853,63.0,0.0,0.0,0.0,0.0,,,,,,,,2.36,2.88
2008/02/18,26.5,26.6,25.5,26.3,273.0,7127.0,5.2,0.5537,84.0,0.0,0.0,0.0,0.0,,,,,,,,2.48,2.74
2008/02/19,26.6,26.8,26.0,26.3,258.0,6815.0,0.0,0.5232,106.0,0.0,0.0,0.0,0.0,,,,,,,,2.48,2.74
2008/02/20,26.3,26.45,25.8,26.15,158.0,4139.0,-0.5703,0.3204,52.0,0.0,0.0,0.0,0.0,,,,,,,,2.47,2.75
2008/02/21,26.0,26.3,25.9,26.1,251.0,6526.0,-0.1912,0.509,65.0,0.0,0.0,0.0,0.0,,,,,,,,2.46,2.76
2008/02/22,26.5,27.9,26.5,27.8,751.0,20782.0,6.5134,1.5231,264.0,0.0,0.0,0.0,0.0,,,,,,,,2.63,2.59
2008/02/25,27.5,27.5,25.9,25.9,511.0,13477.0,-6.8345,1.0363,208.0,0.0,0.0,0.0,0.0,,,,,,,,2.45,2.78
2008/02/26,25.2,25.4,24.3,24.8,172.0,4267.0,-4.2471,0.3488,71.0,0.0,0.0,0.0,0.0,,,,,,,,2.34,2.9
2008/02/27,24.5,24.8,23.5,24.7,65.0,1581.0,-0.4032,0.1318,44.0,0.0,0.0,0.0,0.0,,,,,,,,2.33,2.91
2008/02/29,24.3,26.2,24.3,25.2,137.0,3490.0,2.0243,0.2776,59.0,0.0,0.0,0.0,0.0,,,,,,,,2.38,2.86
2008/03/03,25.3,25.5,24.9,24.95,75.0,1881.0,-0.9921,0.152,30.0,0.0,0.0,0.0,0.0,,,,,,,,2.36,2.89
2008/03/04,24.9,25.4,24.65,24.9,161.0,4024.0,-0.2004,0.3262,44.0,0.0,0.0,0.0,0.0,,,,,,,,2.35,2.89
2008/03/05,25.0,25.7,24.9,25.7,77.0,1943.0,3.2129,0.156,38.0,0.0,0.0,0.0,0.0,,,,,,,,2.43,2.8
2008/03/06,25.5,26.25,25.4,26.25,401.0,10378.0,2.1401,0.8125,70.0,0.0,0.0,0.0,0.0,,,,,,,,2.48,2.74
2008/03/07,26.25,26.25,24.9,25.1,50.0,1269.0,-4.381,0.1013,22.0,0.0,0.0,0.0,0.0,,,,,,,,2.37,2.87
2008/03/10,25.35,25.35,24.7,24.75,65.0,1609.0,-1.3944,0.1317,27.0,0.0,0.0,0.0,0.0,,,,,,,,2.34,2.91
2008/03/11,25.0,25.2,25.0,25.05,127.0,3179.0,1.2121,0.2573,30.0,0.0,0.0,0.0,0.0,,,,,,,,2.37,2.87
2008/03/12,25.9,25.9,24.9,25.15,54.0,1350.0,0.3992,0.1094,21.0,0.0,0.0,0.0,0.0,,,,,,,,2.37,2.86
2008/03/13,24.85,25.15,24.7,24.7,33.0,818.0,-1.7893,0.0669,16.0,0.0,0.0,0.0,0.0,,,,,,,,2.33,2.91
2008/03/14,24.7,25.0,24.7,24.95,49.0,1214.0,1.0121,0.0993,22.0,0.0,0.0,0.0,0.0,,,,,,,,2.36,2.89
2008/03/17,24.95,25.4,24.7,24.75,47.0,1168.0,-0.8016,0.0952,19.0,0.0,0.0,0.0,0.0,,,,,,,,2.34,2.91
2008/03/18,25.0,25.0,24.75,24.75,19.0,470.0,0.0,0.0385,8.0,0.0,0.0,0.0,0.0,,,,,,,,2.34,2.91
2008/03/19,24.75,25.0,24.75,24.8,79.0,1977.0,0.202,0.1601,25.0,0.0,0.0,0.0,0.0,,,,,,,,2.34,2.9
2008/03/20,24.8,25.2,24.8,24.9,24.0,598.0,0.4032,0.0486,13.0,0.0,0.0,0.0,0.0,,,,,,,,2.35,2.89
2008/03/21,24.9,25.2,24.9,25.2,30.0,747.0,1.2048,0.0608,12.0,0.0,0.0,0.0,0.0,,,,,,,,2.38,2.86
2008/03/24,25.5,26.0,25.25,25.6,152.0,3915.0,1.5873,0.308,52.0,0.0,0.0,0.0,0.0,,,,,,,,2.42,2.81
2008/03/25,25.8,25.9,25.55,25.65,75.0,1931.0,0.1953,0.152,26.0,0.0,0.0,0.0,0.0,,,,,,,,2.42,2.81
2008/03/26,25.9,25.9,25.5,25.5,25.0,647.0,-0.5848,0.0507,7.0,0.0,0.0,0.0,0.0,,,,,,,,2.41,2.82
2008/03/27,25.7,25.8,23.8,25.0,76.0,1909.0,-1.9608,0.154,29.0,0.0,0.0,0.0,0.0,,,,,,,,2.36,2.88
2008/03/28,25.0,25.7,24.25,25.7,142.0,3609.0,2.8,0.2877,46.0,0.0,0.0,0.0,0.0,,,,,,,,2.43,2.8
2008/03/31,25.0,25.6,25.0,25.6,10.0,251.0,-0.3891,0.0202,5.0,0.0,0.0,0.0,0.0,,,,,,,,2.42,2.81
2008/04/01,25.2,25.4,25.15,25.25,56.0,1415.0,-1.3672,0.1134,24.0,0.0,0.0,0.0,0.0,,,,,,,,2.38,2.85
2008/04/02,25.3,25.6,25.3,25.5,54.0,1381.0,0.9901,0.1093,26.0,0.0,0.0,0.0,0.0,,,,,,,,2.41,2.82
2008/04/03,25.8,25.8,25.0,25.0,73.0,1856.0,-1.9608,0.1478,32.0,0.0,0.0,0.0,0.0,,,,,,,,2.36,2.88
2008/04/07,25.1,26.0,25.0,25.95,145.0,3731.0,3.8,0.2936,54.0,0.0,0.0,0.0,0.0,,,,,,,,2.45,2.77
2008/04/08,25.7,25.8,25.45,25.45,57.0,1463.0,-1.9268,0.1154,28.0,0.0,0.0,0.0,0.0,,,,,,,,2.4,2.83
2008/04/09,25.95,26.0,25.4,25.45,42.0,1096.0,0.0,0.085,23.0,0.0,0.0,0.0,0.0,,,,,,,,2.4,2.83
2008/04/10,25.95,26.2,25.55,26.0,78.0,2028.0,2.1611,0.1579,31.0,0.0,0.0,0.0,0.0,,,,,,,,2.46,2.77
2008/04/11,26.0,26.0,25.35,25.4,144.0,3681.0,-2.3077,0.2915,35.0,50.0,0.0,0.0,50.0,,,,,,,,2.4,2.83
2008/04/14,25.6,26.0,25.4,25.6,164.0,4212.0,0.7874,0.332,46.0,0.0,0.0,0.0,0.0,,,,,,,,2.42,2.81
2008/04/15,26.0,26.0,25.7,25.7,54.0,1400.0,0.3906,0.1093,23.0,0.0,0.0,0.0,0.0,,,,,,,,2.43,2.8
2008/04/16,25.7,25.7,24.6,25.0,262.0,6616.0,-2.7237,0.5304,85.0,1.0,0.0,0.0,1.0,,,,,,,,2.36,2.88
2008/04/17,25.3,25.3,24.5,25.0,126.0,3138.0,0.0,0.2551,40.0,0.0,0.0,0.0,0.0,,,,,,,,2.36,2.88
2008/04/18,25.3,25.6,25.1,25.15,190.0,4823.0,0.6,0.3846,30.0,0.0,0.0,0.0,0.0,,,,,,,,2.37,2.86
2008/04/21,25.0,25.65,24.75,25.65,366.0,9149.0,1.9881,0.7409,57.0,0.0,0.0,0.0,0.0,,,,,,,,2.42,2.81
2008/04/22,25.75,25.9,25.5,25.5,339.0,8733.0,-0.5848,0.6862,52.0,0.0,0.0,0.0,0.0,,,,,,,,2.41,2.82
2008/04/23,25.1,25.55,24.85,25.0,28.0,707.0,-1.9608,0.0567,18.0,0.0,0.0,0.0,0.0,,,,,,,,2.36,2.88
2008/04/24,25.0,25.5,25.0,25.4,67.0,1701.0,1.6,0.1356,23.0,0.0,0.0,0.0,0.0,,,,,,,,2.4,2.83
2008/04/25,25.8,26.0,25.0,25.95,580.0,14859.0,2.1654,1.1741,113.0,0.0,0.0,0.0,0.0,,,,,,,,2.45,2.77
2008/04/28,25.95,25.95,25.0,25.7,72.0,1832.0,-0.9634,0.1458,42.0,0.0,0.0,0.0,0.0,,,,,,,,2.43,2.8
2008/04/29,25.5,25.9,24.8,24.8,170.0,4264.0,-3.5019,0.3441,69.0,0.0,0.0,0.0,0.0,,,,,,,,2.34,2.9
2008/04/30,24.8,24.8,24.0,24.7,100.0,2445.0,-0.4032,0.2024,41.0,0.0,0.0,0.0,0.0,,,,,,,,2.33,2.91
2008/05/02,24.4,25.2,24.4,25.2,33.0,815.0,2.0243,0.0668,11.0,0.0,0.0,0.0,0.0,,,,,,,,2.38,2.86
2008/05/05,24.85,24.85,24.5,24.5,25.0,619.0,-2.7778,0.0506,8.0,0.0,0.0,0.0,0.0,,,,,,,,2.31,2.94
2008/05/06,24.6,24.6,24.25,24.25,14.0,341.0,-1.0204,0.0283,4.0,0.0,0.0,0.0,0.0,,,,,,,,2.29,2.97
2008/05/07,24.4,24.9,24.4,24.5,32.0,794.0,1.0309,0.0648,13.0,0.0,0.0,0.0,0.0,,,,,,,,2.31,2.94
2008/05/08,24.5,24.9,24.2,24.2,37.0,904.0,-1.2245,0.0749,13.0,0.0,0.0,0.0,0.0,,,,,,,,2.29,2.98
2008/05/09,24.3,24.4,24.3,24.4,4.0,97.0,0.8264,0.0081,3.0,0.0,0.0,0.0,0.0,,,,,,,116.19,2.11,2.95
2008/05/12,24.4,24.8,24.4,24.8,12.0,309.0,1.6393,0.0243,15.0,0.0,0.0,0.0,0.0,,,,,,,118.1,2.15,2.9
2008/05/13,24.4,24.8,24.0,24.6,24.0,582.0,-0.8065,0.0486,17.0,0.0,0.0,0.0,0.0,,,,,,,117.14,2.13,2.93
2008/05/14,24.2,24.5,24.0,24.45,74.0,1784.0,-0.6098,0.1498,24.0,0.0,0.0,0.0,0.0,,,,,,,116.43,2.12,2.94
2008/05/15,24.2,24.5,24.0,24.45,57.0,1386.0,0.0,0.1154,17.0,0.0,0.0,0.0,0.0,,,,,,,116.43,2.12,2.94
2008/05/16,24.1,24.3,23.8,24.3,76.0,1842.0,-0.6135,0.1538,40.0,0.0,0.0,0.0,0.0,,,,,,,115.71,2.11,2.96
2008/05/19,24.1,24.1,23.85,23.85,49.0,1175.0,-1.8519,0.0992,22.0,0.0,0.0,0.0,0.0,,,,,,,113.57,2.07,3.02
2008/05/20,24.2,24.2,23.8,23.9,10.0,252.0,0.2096,0.0202,7.0,0.0,0.0,0.0,0.0,,,,,,,113.81,2.07,3.01
2008/05/21,23.1,23.25,23.1,23.2,16.0,371.0,-2.9289,0.0324,16.0,0.0,0.0,0.0,0.0,,,,,,,110.48,2.01,3.1
2008/05/22,23.15,24.25,22.0,24.2,231.0,5425.0,4.3103,0.4676,49.0,0.0,0.0,0.0,0.0,,,,,,,115.24,2.1,2.98
2008/05/23,24.1,24.9,23.8,24.9,263.0,6352.0,2.8926,0.5324,46.0,0.0,0.0,0.0,0.0,,,,,,,118.57,2.16,2.89
2008/05/26,24.9,25.0,24.5,24.5,25.0,619.0,-1.6064,0.0506,13.0,0.0,0.0,0.0,0.0,,,,,,,116.67,2.12,2.94
2008/05/27,24.2,24.2,24.15,24.15,4.0,96.0,-1.4286,0.0081,4.0,0.0,0.0,0.0,0.0,,,,,,,115.0,2.09,2.98
2008/05/28,23.8,24.2,23.8,24.2,23.0,549.0,0.207,0.0466,17.0,0.0,0.0,0.0,0.0,,,,,,,115.24,2.1,2.98
2008/05/29,24.35,24.5,23.4,23.4,97.0,2287.0,-3.3058,0.1964,19.0,0.0,0.0,0.0,0.0,,,,,,,111.43,2.03,3.08
2008/05/30,23.05,23.05,23.0,23.0,24.0,552.0,-1.7094,0.0486,10.0,0.0,0.0,0.0,0.0,,,,,,,109.52,1.99,3.13
2008/06/02,23.8,23.8,23.8,23.8,1.0,23.0,3.4783,0.002,6.0,0.0,0.0,0.0,0.0,,,,,,,113.33,2.06,3.03
2008/06/03,23.8,23.8,23.8,23.8,2.0,47.0,0.0,0.004,2.0,0.0,0.0,0.0,0.0,,,,,,,113.33,2.06,3.03
2008/06/04,23.05,23.7,22.2,23.7,11.0,250.0,-0.4202,0.0223,11.0,0.0,0.0,0.0,0.0,,,,,,,112.86,2.05,3.04
2008/06/05,23.0,23.6,23.0,23.0,12.0,290.0,-2.9536,0.0243,11.0,0.0,0.0,0.0,0.0,,,,,,,109.52,1.99,3.13
2008/06/06,23.6,23.6,23.3,23.3,2.0,46.0,1.3043,0.004,2.0,0.0,0.0,0.0,0.0,,,,,,,110.95,2.02,3.09
2008/06/09,24.9,24.9,23.25,23.45,41.0,991.0,0.6438,0.083,24.0,0.0,0.0,0.0,0.0,,,,,,,111.67,2.03,3.07
2008/06/10,22.15,23.8,21.95,22.65,18.0,402.0,-3.4115,0.0364,16.0,0.0,0.0,0.0,0.0,,,,,,,107.86,1.96,3.18
2008/06/11,22.5,22.5,22.5,22.5,7.0,157.0,-0.6623,0.0142,10.0,0.0,0.0,0.0,0.0,,,,,,,107.14,1.95,3.2
2008/06/12,21.35,22.0,20.95,22.0,37.0,782.0,-2.2222,0.0749,30.0,0.0,0.0,0.0,0.0,,,,,,,104.76,1.91,3.27
2008/06/13,21.2,21.2,20.5,20.6,42.0,870.0,-6.3636,0.085,42.0,0.0,0.0,0.0,0.0,,,,,,,98.1,1.79,3.5
2008/06/16,20.7,21.05,20.7,21.05,7.0,147.0,2.1845,0.0142,17.0,0.0,0.0,0.0,0.0,,,,,,,100.24,1.82,3.42
2008/06/17,21.8,22.0,21.2,21.85,16.0,349.0,3.8005,0.0324,16.0,0.0,0.0,0.0,0.0,,,,,,,104.05,1.89,3.3
2008/06/18,21.2,22.05,21.2,22.05,9.0,197.0,0.9153,0.0182,14.0,0.0,0.0,0.0,0.0,,,,,,,105.0,1.91,3.27
2008/06/19,22.0,22.0,22.0,22.0,11.0,242.0,-0.2268,0.0223,6.0,0.0,0.0,0.0,0.0,,,,,,,104.76,1.91,3.27
2008/06/20,20.6,22.45,20.6,22.45,9.0,192.0,2.0455,0.0182,9.0,0.0,0.0,0.0,0.0,,,,,,,106.9,1.95,3.21
2008/06/23,21.5,21.5,21.5,21.5,3.0,64.0,-4.2316,0.0061,3.0,0.0,0.0,0.0,0.0,,,,,,,102.38,1.86,3.35
2008/06/24,21.5,21.5,21.5,21.5,3.0,64.0,0.0,0.0061,3.0,0.0,0.0,0.0,0.0,,,,,,,102.38,1.86,3.35
2008/06/25,21.5,21.5,21.5,21.5,0.0,0.0,0.0,0.0,8.0,0.0,0.0,0.0,0.0,,,,,,,102.38,1.86,
2008/06/26,20.35,21.5,20.35,21.5,239.0,4958.0,0.0,0.4838,14.0,0.0,0.0,0.0,0.0,,,,,,,102.38,1.86,3.35
2008/06/27,20.7,20.7,20.0,20.5,17.0,346.0,-4.6512,0.0344,14.0,0.0,0.0,0.0,0.0,,,,,,,97.62,1.78,3.51
2008/06/30,19.5,20.0,19.1,19.1,34.0,659.0,-6.8293,0.0688,19.0,0.0,0.0,0.0,0.0,,,,,,,90.95,1.66,3.77
2008/07/01,18.8,19.95,18.05,19.5,336.0,6479.0,2.0942,0.6802,68.0,0.0,0.0,0.0,0.0,,,,,,,92.86,1.69,3.69
2008/07/02,19.5,20.0,19.2,19.9,508.0,9935.0,2.0513,1.0284,39.0,0.0,0.0,0.0,0.0,,,,,,,94.76,1.72,3.62
2008/07/03,19.7,20.4,19.7,20.4,262.0,5189.0,2.5126,0.5304,31.0,0.0,0.0,0.0,0.0,,,,,,,97.14,1.77,3.53
2008/07/04,20.9,21.1,20.5,21.1,200.0,4152.0,3.4314,0.4049,18.0,0.0,0.0,0.0,0.0,,,,,,,100.48,1.83,3.41
2008/07/07,21.1,21.1,20.3,21.0,51.0,1052.0,-0.4739,0.1032,25.0,0.0,0.0,0.0,0.0,,,,,,,100.0,1.82,3.43
2008/07/08,21.0,21.0,21.0,21.0,0.0,0.0,0.0,0.0,0.0,0.0,0.0,0.0,0.0,,,,,,,100.0,1.82,
2008/07/09,19.8,20.95,19.7,19.7,204.0,4020.0,-6.1905,0.413,5.0,0.0,0.0,0.0,0.0,,,,,,,93.81,1.71,3.65
2008/07/10,19.5,21.0,19.5,21.0,54.0,1130.0,6.599,0.1093,22.0,0.0,0.0,0.0,0.0,,,,,,,100.0,1.82,3.43
2008/07/11,21.0,21.0,21.0,21.0,0.0,0.0,0.0,0.0,2.0,0.0,0.0,0.0,0.0,,,,,,,100.0,1.82,
2008/07/14,21.0,21.0,20.0,20.05,6.0,122.0,-4.5238,0.0121,5.0,0.0,0.0,0.0,0.0,,,,,,,95.48,1.74,3.59
2008/07/15,19.8,19.8,19.6,19.7,20.0,393.0,-1.7456,0.0405,11.0,0.0,0.0,0.0,0.0,,,,,,,93.81,1.71,3.65
2008/07/16,19.3,19.3,19.1,19.1,24.0,460.0,-3.0457,0.0486,13.0,0.0,0.0,0.0,0.0,,,,,,,90.95,1.66,3.77
2008/07/17,19.5,19.5,18.25,19.1,68.0,1248.0,0.0,0.1377,19.0,0.0,0.0,0.0,0.0,,,,,,,90.95,1.66,0.0
2008/07/18,18.6,18.6,17.8,18.6,73.0,1310.0,-2.6178,0.1478,15.0,0.0,0.0,0.0,0.0,,,,,,,88.57,1.61,0.0
2008/07/21,18.6,18.6,18.0,18.55,41.0,747.0,-0.2688,0.083,18.0,0.0,0.0,0.0,0.0,,,,,,,88.33,1.61,0.0
2008/07/22,18.55,19.7,18.55,19.5,19.0,363.0,5.1213,0.0385,10.0,0.0,0.0,0.0,0.0,,,,,,,92.86,1.69,0.0
2008/07/23,19.5,19.5,19.5,19.5,0.0,0.0,0.0,0.0,2.0,0.0,0.0,0.0,0.0,,,,,,,92.86,1.69,
2008/07/24,20.3,20.3,20.3,20.3,3.0,60.0,4.1026,0.0061,2.0,0.0,0.0,0.0,0.0,,,,,,,96.67,1.76,0.0
2008/07/25,21.0,21.0,19.15,20.5,18.0,360.0,0.9852,0.0364,9.0,0.0,0.0,0.0,0.0,,,,,,,97.62,1.78,0.0
2008/07/29,21.45,21.45,20.5,20.5,118.0,2453.0,0.0,0.2389,22.0,0.0,0.0,0.0,0.0,,,,,,,97.62,1.78,0.0
2008/07/30,19.1,20.5,19.1,20.5,7.0,139.0,0.0,0.0142,6.0,0.0,0.0,0.0,0.0,,,,,,,97.62,1.78,0.0
2008/07/31,21.0,21.0,20.1,21.0,379.0,7951.0,2.439,0.7672,19.0,0.0,0.0,0.0,0.0,,,,,,,100.0,1.82,0.0
2008/08/01,20.1,20.5,19.8,19.8,267.0,5298.0,-5.7143,0.5405,13.0,0.0,0.0,0.0,0.0,,,,,,,94.29,1.72,0.0
2008/08/04,19.8,20.0,18.45,19.0,221.0,4186.0,-4.0404,0.4474,33.0,0.0,0.0,0.0,0.0,,,,,,,90.48,1.65,0.0
2008/08/05,19.0,19.0,17.7,18.4,55.0,990.0,-3.1579,0.1113,25.0,0.0,0.0,0.0,0.0,,,,,,,87.62,1.59,0.0
2008/08/06,18.3,18.3,18.3,18.3,3.0,54.0,-0.5435,0.0061,2.0,0.0,0.0,0.0,0.0,,,,,,,87.14,1.59,0.0
2008/08/07,18.3,18.3,18.3,18.3,0.0,0.0,0.0,0.0,0.0,0.0,0.0,0.0,0.0,,,,,,,87.14,1.59,
2008/08/08,18.9,19.0,18.9,19.0,2.0,37.0,3.8251,0.004,2.0,0.0,0.0,0.0,0.0,,,,,,,90.48,1.65,0.0
2008/08/11,19.2,20.3,19.2,20.0,60.0,1195.0,5.2632,0.1215,29.0,0.0,0.0,0.0,0.0,,,,,,,95.24,1.73,0.0
2008/08/12,20.0,20.0,20.0,20.0,0.0,0.0,0.0,0.0,0.0,0.0,0.0,0.0,0.0,,,,,,,95.24,1.73,
2008/08/13,21.0,21.4,19.2,20.0,146.0,2925.0,0.0,0.2956,16.0,0.0,0.0,0.0,0.0,,,,,,,95.24,1.73,0.0
2008/08/14,20.0,21.0,20.0,21.0,10.0,204.0,5.0,0.0202,5.0,0.0,0.0,0.0,0.0,,,,,,,100.0,1.82,0.0
2008/08/15,20.0,20.0,20.0,20.0,4.0,80.0,-4.7619,0.0081,4.0,0.0,0.0,0.0,0.0,,,,,,,95.24,1.73,0.0
2008/08/18,19.8,19.8,19.8,19.8,5.0,99.0,-1.0,0.0101,3.0,0.0,0.0,0.0,0.0,,,,,,,94.29,1.72,0.0
2008/08/19,19.8,19.8,19.8,19.8,0.0,0.0,0.0,0.0,0.0,0.0,0.0,0.0,0.0,,,,,,,94.29,1.72,
2008/08/20,19.7,20.0,19.55,20.0,6.0,117.0,1.0101,0.0121,5.0,0.0,0.0,0.0,0.0,,,,,,,95.24,1.73,0.0
2008/08/21,20.0,20.0,19.5,20.0,10.0,199.0,0.0,0.0202,7.0,0.0,0.0,0.0,0.0,,,,,,,95.24,1.73,0.0
2008/08/22,20.0,20.0,20.0,20.0,5.0,100.0,0.0,0.0101,2.0,0.0,0.0,0.0,0.0,,,,,,,95.24,1.73,0.0
2008/08/25,19.35,19.95,19.35,19.95,4.0,79.0,-0.25,0.0081,3.0,0.0,0.0,0.0,0.0,,,,,,,95.0,1.73,0.0
2008/08/26,19.1,19.4,19.05,19.3,20.0,382.0,-3.2581,0.0405,12.0,0.0,0.0,0.0,0.0,,,,,,,91.9,1.67,0.0
2008/08/27,19.7,19.7,19.7,19.7,1.0,19.0,2.0725,0.002,1.0,0.0,0.0,0.0,0.0,,,,,,,93.81,1.71,0.0
2008/08/28,19.2,19.8,19.2,19.8,6.0,117.0,0.5076,0.0121,6.0,0.0,0.0,0.0,0.0,,,,,,,94.29,1.72,0.0
2008/08/29,18.45,19.85,18.45,19.8,10.0,195.0,0.0,0.0202,11.0,0.0,0.0,0.0,0.0,,,,,,,94.29,1.72,0.0
2008/09/01,20.5,20.5,19.2,19.2,17.0,330.0,-3.0303,0.0344,8.0,0.0,0.0,0.0,0.0,,,,,,,91.43,1.66,0.0
2008/09/02,20.5,20.5,19.3,19.35,7.0,138.0,0.7813,0.0142,5.0,0.0,0.0,0.0,0.0,,,,,,,92.14,1.68,0.0
2008/09/03,19.6,19.6,19.6,19.6,10.0,196.0,1.292,0.0202,6.0,0.0,0.0,0.0,0.0,,,,,,,93.33,1.7,0.0
2008/09/04,19.0,19.4,18.4,19.4,22.0,417.0,-1.0204,0.0445,15.0,0.0,0.0,0.0,0.0,,,,,,,92.38,1.68,0.0
2008/09/05,19.4,19.4,18.1,18.1,13.0,237.0,-6.701,0.0263,12.0,0.0,0.0,0.0,0.0,,,,,,,86.19,1.57,0.0
2008/09/08,18.9,19.35,18.5,19.35,11.0,217.0,6.9061,0.0223,11.0,0.0,0.0,0.0,0.0,,,,,,,6.84,1.39,0.0
2008/09/09,19.35,19.35,18.0,18.0,84.0,1521.0,-6.9767,0.17,33.0,0.0,0.0,0.0,0.0,,,,,,,6.36,1.29,0.0
2008/09/10,18.0,18.0,18.0,18.0,0.0,0.0,0.0,0.0,1.0,0.0,0.0,0.0,0.0,,,,,,,6.36,1.29,
2008/09/11,17.35,17.6,17.35,17.6,6.0,114.0,-2.2222,0.0121,8.0,0.0,0.0,0.0,0.0,,,,,,,6.22,1.26,0.0
2008/09/12,17.05,18.2,17.05,17.65,9.0,158.0,0.2841,0.0182,8.0,0.0,0.0,0.0,0.0,,,,,,,6.24,1.26,0.0
2008/09/15,17.4,17.8,16.45,17.8,35.0,593.0,0.8499,0.0709,17.0,0.0,0.0,0.0,0.0,,,,,,,6.29,1.28,0.0
2008/09/16,16.6,16.6,16.6,16.6,16.0,265.0,-6.7416,0.0324,15.0,0.0,0.0,0.0,0.0,,,,,,,5.87,1.19,0.0
2008/09/17,15.8,15.8,15.45,15.45,102.0,1583.0,-6.9277,0.2065,17.0,0.0,0.0,0.0,0.0,,,,,,,5.46,1.11,0.0
2008/09/18,14.4,15.45,14.4,15.2,150.0,2174.0,-1.6181,0.3036,20.0,0.0,0.0,0.0,0.0,,,,,,,5.37,1.09,0.0
2008/09/19,16.2,16.2,16.2,16.2,1.0,18.0,6.5789,0.002,3.0,0.0,0.0,0.0,0.0,,,,,,,5.72,1.16,0.0
2008/09/22,15.2,15.6,15.2,15.6,7.0,108.0,-3.7037,0.0142,6.0,0.0,0.0,0.0,0.0,,,,,,,5.51,1.12,0.0
2008/09/23,15.4,16.65,15.35,16.6,13.0,211.0,6.4103,0.0263,8.0,0.0,0.0,0.0,0.0,,,,,,,5.87,1.19,0.0
2008/09/24,15.65,15.65,15.65,15.65,10.0,158.0,-5.7229,0.0202,3.0,0.0,0.0,0.0,0.0,,,,,,,5.53,1.12,0.0
2008/09/25,16.7,16.7,16.0,16.0,3.0,48.0,2.2364,0.0061,3.0,0.0,0.0,0.0,0.0,,,,,,,5.65,1.15,0.0
2008/09/26,15.5,15.5,15.5,15.5,4.0,62.0,-3.125,0.0081,2.0,0.0,0.0,0.0,0.0,,,,,,,5.48,1.11,0.0
2008/09/30,15.5,15.5,15.5,15.5,0.0,0.0,0.0,0.0,0.0,0.0,0.0,0.0,0.0,,,,,,,5.48,1.11,
2008/10/01,15.0,15.0,15.0,15.0,5.0,75.0,-3.2258,0.0101,3.0,0.0,0.0,0.0,0.0,,,,,,,5.3,1.07,0.0
2008/10/02,15.0,15.7,14.5,15.5,22.0,322.0,3.3333,0.0445,7.0,0.0,0.0,0.0,0.0,,,,,,,5.48,1.11,0.0
2008/10/03,15.5,15.5,15.5,15.5,0.0,0.0,0.0,0.0,0.0,0.0,0.0,0.0,0.0,,,,,,,5.48,1.11,
2008/10/06,15.0,15.0,15.0,15.0,5.0,75.0,-3.2258,0.0101,2.0,0.0,0.0,0.0,0.0,,,,,,,5.3,1.07,0.0
2008/10/07,15.0,15.0,15.0,15.0,0.0,0.0,0.0,0.0,0.0,0.0,0.0,0.0,0.0,,,,,,,5.3,1.07,
2008/10/08,14.5,14.5,14.5,14.5,10.0,145.0,-3.3333,0.0202,4.0,0.0,0.0,0.0,0.0,,,,,,,5.12,1.04,0.0
2008/10/09,14.0,14.0,13.5,13.5,12.0,166.0,-6.8966,0.0243,5.0,0.0,0.0,0.0,0.0,,,,,,,4.77,0.97,0.0
2008/10/13,13.05,13.05,13.05,13.05,13.0,169.0,-3.3333,0.0263,6.0,0.0,0.0,0.0,0.0,,,,,,,4.61,0.93,0.0
2008/10/14,13.5,13.7,12.6,13.1,13.0,166.0,0.3831,0.0263,9.0,0.0,0.0,0.0,0.0,,,,,,,4.63,0.94,0.0
2008/10/15,13.5,13.5,12.85,12.9,35.0,454.0,-1.5267,0.0709,12.0,0.0,0.0,0.0,0.0,,,,,,,4.56,0.92,0.0
2008/10/16,12.45,12.45,12.45,12.45,11.0,136.0,-3.4884,0.0223,4.0,0.0,0.0,0.0,0.0,,,,,,,4.4,0.89,0.0
2008/10/17,12.2,12.6,12.05,12.6,30.0,362.0,1.2048,0.0607,13.0,0.0,0.0,0.0,0.0,,,,,,,4.45,0.9,0.0
2008/10/20,12.6,12.6,12.6,12.6,0.0,0.0,0.0,0.0,0.0,0.0,0.0,0.0,0.0,,,,,,,4.45,0.9,
2008/10/21,12.2,12.45,12.2,12.45,10.0,122.0,-1.1905,0.0202,5.0,0.0,0.0,0.0,0.0,,,,,,,4.4,0.89,0.0
2008/10/22,12.05,12.05,12.05,12.05,3.0,36.0,-3.2129,0.0061,3.0,0.0,0.0,0.0,0.0,,,,,,,4.26,0.86,0.0
2008/10/23,11.65,12.4,11.65,12.4,8.0,94.0,2.9046,0.0162,6.0,0.0,0.0,0.0,0.0,,,,,,,4.38,0.89,0.0
2008/10/24,12.0,12.0,12.0,12.0,4.0,48.0,-3.2258,0.0081,3.0,0.0,0.0,0.0,0.0,,,,,,,4.24,0.86,0.0
2008/10/27,11.4,11.4,11.4,11.4,8.0,91.0,-5.0,0.0162,5.0,0.0,0.0,0.0,0.0,,,,,,,4.03,0.82,0.0
2008/10/28,10.65,10.95,10.65,10.95,9.0,96.0,-3.9474,0.0182,6.0,0.0,0.0,0.0,0.0,,,,,,,3.87,0.78,0.0
2008/10/29,10.3,10.3,10.2,10.2,19.0,194.0,-6.8493,0.0385,9.0,0.0,0.0,0.0,0.0,,,,,,,3.6,0.73,0.0
2008/10/30,9.49,10.7,9.49,10.7,11.0,107.0,4.902,0.0223,5.0,0.0,0.0,0.0,0.0,,,,,,,3.78,0.77,0.0
2008/10/31,11.4,11.4,11.4,11.4,33.0,376.0,6.5421,0.0668,13.0,0.0,0.0,0.0,0.0,,,,,,,4.03,0.82,0.0
2008/11/03,12.0,12.15,12.0,12.0,44.0,529.0,5.2632,0.0891,20.0,0.0,0.0,0.0,0.0,,,,,,,4.24,0.86,0.0
2008/11/04,11.35,11.35,11.2,11.2,24.0,270.0,-6.6667,0.0486,13.0,0.0,0.0,0.0,0.0,,,,,,,3.96,0.8,0.0
2008/11/05,11.05,11.4,10.6,11.4,4.0,44.0,1.7857,0.0081,4.0,0.0,0.0,0.0,0.0,,,,,,,4.37,0.83,0.0
2008/11/06,11.4,11.4,11.4,11.4,0.0,0.0,0.0,0.0,0.0,0.0,0.0,0.0,0.0,,,,,,,4.37,0.83,
2008/11/07,10.65,11.85,10.65,11.85,10.0,108.0,3.9474,0.0202,10.0,0.0,0.0,0.0,0.0,,,,,,,4.54,0.86,0.0
2008/11/10,11.5,11.5,11.2,11.2,9.0,101.0,-5.4852,0.0182,6.0,0.0,0.0,0.0,0.0,,,,,,,4.29,0.81,0.0
2008/11/11,10.5,11.4,10.5,11.4,11.0,118.0,1.7857,0.0223,3.0,0.0,0.0,0.0,0.0,,,,,,,4.37,0.83,0.0
2008/11/12,11.75,11.75,11.75,11.75,1.0,11.0,3.0702,0.002,1.0,0.0,0.0,0.0,0.0,,,,,,,4.5,0.85,0.0
2008/11/13,10.95,10.95,10.95,10.95,1.0,10.0,-6.8085,0.002,1.0,0.0,0.0,0.0,0.0,,,,,,,4.2,0.8,0.0
2008/11/14,10.2,11.6,10.2,11.45,5.0,53.0,4.5662,0.0101,4.0,0.0,0.0,0.0,0.0,,,,,,,4.39,0.83,0.0
2008/11/17,10.65,10.65,10.65,10.65,5.0,53.0,-6.9869,0.0101,4.0,0.0,0.0,0.0,0.0,,,,,,,4.08,0.77,0.0
2008/11/18,9.91,10.6,9.91,10.5,81.0,807.0,-1.4085,0.164,12.0,0.0,0.0,0.0,0.0,,,,,,,4.02,0.76,0.0
2008/11/19,9.77,10.8,9.77,10.45,21.0,207.0,-0.4762,0.0425,10.0,0.0,0.0,0.0,0.0,,,,,,,4.0,0.76,0.0
2008/11/20,10.45,10.45,10.45,10.45,0.0,0.0,0.0,0.0,0.0,0.0,0.0,0.0,0.0,,,,,,,4.0,0.76,
2008/11/21,10.35,10.35,10.35,10.35,3.0,31.0,-0.9569,0.0061,3.0,0.0,0.0,0.0,0.0,,,,,,,3.97,0.75,0.0
2008/11/24,10.7,10.7,9.63,10.0,25.0,243.0,-3.3816,0.0506,13.0,0.0,0.0,0.0,0.0,,,,,,,3.83,0.73,0.0
2008/11/25,9.5,10.25,9.3,10.25,7.0,66.0,2.5,0.0142,5.0,0.0,0.0,0.0,0.0,,,,,,,3.93,0.75,0.0
2008/11/26,10.65,10.65,10.65,10.65,1.0,10.0,3.9024,0.002,1.0,0.0,0.0,0.0,0.0,,,,,,,4.08,0.77,0.0
2008/11/27,10.65,10.65,9.95,10.5,12.0,121.0,-1.4085,0.0243,11.0,0.0,0.0,0.0,0.0,,,,,,,4.02,0.76,0.0
2008/11/28,10.5,10.5,10.5,10.5,0.0,0.0,0.0,0.0,0.0,0.0,0.0,0.0,0.0,,,,,,,4.02,0.76,
2008/12/01,9.79,10.15,9.78,10.15,12.0,117.0,-3.3333,0.0243,9.0,0.0,0.0,0.0,0.0,,,,,,,3.89,0.74,0.0
2008/12/02,9.5,9.89,9.44,9.89,45.0,425.0,-2.5616,0.0911,12.0,-25.0,0.0,0.0,-25.0,,,,,,,3.79,0.72,0.0
2008/12/03,9.89,9.89,9.89,9.89,0.0,0.0,0.0,0.0,0.0,0.0,0.0,0.0,0.0,,,,,,,3.79,0.72,
2008/12/04,9.4,9.4,9.4,9.4,1.0,9.0,-4.9545,0.002,1.0,0.0,0.0,0.0,0.0,,,,,,,3.6,0.68,0.0
2008/12/05,9.0,9.0,8.8,8.8,16.0,142.0,-6.383,0.0324,4.0,0.0,0.0,0.0,0.0,,,,,,,3.37,0.64,0.0
2008/12/08,8.3,9.0,8.3,9.0,7.0,59.0,2.2727,0.0142,4.0,0.0,0.0,0.0,0.0,,,,,,,3.45,0.65,0.0
2008/12/09,9.0,9.0,9.0,9.0,0.0,0.0,0.0,0.0,0.0,0.0,0.0,0.0,0.0,,,,,,,3.45,0.65,
2008/12/10,9.0,9.0,9.0,9.0,0.0,0.0,0.0,0.0,0.0,0.0,0.0,0.0,0.0,,,,,,,3.45,0.65,
2008/12/11,9.0,9.0,9.0,9.0,0.0,0.0,0.0,0.0,0.0,0.0,0.0,0.0,0.0,,,,,,,3.45,0.65,
2008/12/12,8.6,8.6,8.4,8.4,26.0,222.0,-6.6667,0.0526,7.0,0.0,0.0,0.0,0.0,,,,,,,3.22,0.61,0.0
2008/12/15,8.4,8.98,8.4,8.98,7.0,59.0,6.9048,0.0142,3.0,0.0,0.0,0.0,0.0,,,,,,,3.44,0.65,0.0
2008/12/16,8.36,9.3,8.36,9.3,3.0,26.0,3.5635,0.0061,3.0,0.0,0.0,0.0,0.0,,,,,,,3.56,0.68,0.0
2008/12/17,9.5,9.5,8.65,9.3,18.0,160.0,0.0,0.0364,11.0,0.0,0.0,0.0,0.0,,,,,,,3.56,0.68,0.0
2008/12/18,9.0,9.5,9.0,9.5,6.0,55.0,2.1505,0.0121,5.0,0.0,0.0,0.0,0.0,,,,,,,3.64,0.69,0.0
2008/12/19,9.5,9.5,9.1,9.1,11.0,100.0,-4.2105,0.0223,5.0,0.0,0.0,0.0,0.0,,,,,,,3.49,0.66,0.0
2008/12/22,9.1,9.1,9.1,9.1,0.0,0.0,0.0,0.0,0.0,0.0,0.0,0.0,0.0,,,,,,,3.49,0.66,
2008/12/23,9.1,9.1,9.1,9.1,0.0,0.0,0.0,0.0,0.0,0.0,0.0,0.0,0.0,,,,,,,3.49,0.66,
2008/12/24,8.8,8.85,8.8,8.81,5.0,44.0,-3.1868,0.0101,3.0,0.0,0.0,0.0,0.0,,,,,,,3.38,0.64,0.0
2008/12/25,9.42,9.42,8.7,8.7,31.0,271.0,-1.2486,0.0628,11.0,0.0,0.0,0.0,0.0,,,,,,,3.33,0.63,0.0
2008/12/26,8.2,9.3,8.2,8.8,21.0,195.0,1.1494,0.0425,12.0,0.0,0.0,0.0,0.0,,,,,,,3.37,0.64,0.0
2008/12/29,9.41,9.41,9.41,9.41,5.0,47.0,6.9318,0.0101,5.0,0.0,0.0,0.0,0.0,,,,,,,3.61,0.68,0.0
2008/12/30,9.95,9.95,9.95,9.95,1.0,15.0,5.7386,0.002,4.0,0.0,0.0,0.0,0.0,,,,,,,3.81,0.72,0.0
2008/12/31,9.8,10.05,9.6,9.6,6.0,58.0,-3.5176,0.0121,5.0,0.0,0.0,0.0,0.0,,,,,,,3.68,0.7,0.0
2009/01/05,10.0,10.15,9.7,9.7,16.0,156.0,1.0417,0.0324,5.0,0.0,0.0,0.0,0.0,,,,,,,3.72,0.71,0.0
2009/01/06,9.8,10.0,9.8,10.0,2.0,19.0,3.0928,0.004,2.0,0.0,0.0,0.0,0.0,,,,,,,3.83,0.73,0.0
2009/01/07,9.8,9.8,9.8,9.8,2.0,19.0,-2.0,0.004,1.0,0.0,0.0,0.0,0.0,,,,,,,3.75,0.71,0.0
2009/01/08,9.8,9.8,9.8,9.8,0.0,0.0,0.0,0.0,1.0,0.0,0.0,0.0,0.0,,,,,,,3.75,0.71,
2009/01/09,9.3,9.3,9.3,9.3,4.0,37.0,-5.102,0.0081,2.0,0.0,0.0,0.0,0.0,,,,,,,3.56,0.68,0.0
2009/01/10,9.1,9.1,9.1,9.1,4.0,36.0,-2.1505,0.0081,1.0,0.0,0.0,0.0,0.0,,,,,,,3.49,0.66,0.0
2009/01/12,9.1,9.12,9.1,9.11,23.0,209.0,0.1099,0.0466,6.0,0.0,0.0,0.0,0.0,,,,,,,3.49,0.66,0.0
2009/01/13,9.74,9.74,9.74,9.74,6.0,58.0,6.9155,0.0121,5.0,0.0,0.0,0.0,0.0,,,,,,,3.73,0.71,0.0
2009/01/14,10.4,10.4,9.07,9.8,9.0,85.0,0.616,0.0182,9.0,0.0,0.0,0.0,0.0,,,,,,,3.75,0.71,0.0
2009/01/15,9.2,9.2,9.2,9.2,11.0,101.0,-6.1224,0.0223,2.0,0.0,0.0,0.0,0.0,,,,,,,3.52,0.67,0.0
2009/01/16,9.58,9.84,9.58,9.84,7.0,68.0,6.9565,0.0142,6.0,0.0,0.0,0.0,0.0,,,,,,,3.77,0.72,0.0
2009/01/17,10.4,10.4,10.4,10.4,1.0,16.0,5.6911,0.002,3.0,0.0,0.0,0.0,0.0,,,,,,,3.98,0.76,0.0
2009/01/19,9.68,10.4,9.68,10.4,5.0,51.0,0.0,0.0101,5.0,0.0,0.0,0.0,0.0,,,,,,,3.98,0.76,0.0
2009/01/20,10.4,10.4,9.8,10.35,14.0,138.0,-0.4808,0.0283,7.0,0.0,0.0,0.0,0.0,,,,,,,3.97,0.75,0.0
2009/01/21,9.7,10.2,9.7,10.15,4.0,39.0,-1.9324,0.0081,4.0,0.0,0.0,0.0,0.0,,,,,,,3.89,0.74,0.0
2009/02/02,10.15,10.15,10.15,10.15,0.0,0.0,0.0,0.0,0.0,0.0,0.0,0.0,0.0,,,,,,,3.89,0.74,
2009/02/03,10.4,10.4,10.2,10.2,20.0,204.0,0.4926,0.0405,7.0,0.0,0.0,0.0,0.0,,,,,,,3.91,0.74,0.0
2009/02/04,10.0,10.0,10.0,10.0,5.0,50.0,-1.9608,0.0101,4.0,0.0,0.0,0.0,0.0,,,,,,,3.83,0.73,0.0
2009/02/05,10.5,10.5,10.0,10.05,9.0,90.0,0.5,0.0182,5.0,0.0,0.0,0.0,0.0,,,,,,,3.85,0.73,0.0
2009/02/06,10.05,10.05,10.0,10.0,14.0,140.0,-0.4975,0.0283,4.0,0.0,0.0,0.0,0.0,,,,,,,3.83,0.73,0.0
2009/02/09,10.0,10.0,10.0,10.0,0.0,0.0,0.0,0.0,0.0,0.0,0.0,0.0,0.0,,,,,,,3.83,0.73,
2009/02/10,10.0,10.0,10.0,10.0,0.0,0.0,0.0,0.0,0.0,0.0,0.0,0.0,0.0,,,,,,,3.83,0.73,
2009/02/11,10.3,10.35,10.3,10.35,3.0,31.0,3.5,0.0061,2.0,0.0,0.0,0.0,0.0,,,,,,,3.97,0.75,0.0
2009/02/12,10.3,10.3,10.3,10.3,1.0,10.0,-0.4831,0.002,1.0,0.0,0.0,0.0,0.0,,,,,,,3.95,0.75,0.0
2009/02/13,10.0,10.05,10.0,10.05,3.0,30.0,-2.4272,0.0061,3.0,0.0,0.0,0.0,0.0,,,,,,,3.85,0.73,0.0
2009/02/16,10.05,10.05,10.05,10.05,0.0,0.0,0.0,0.0,0.0,0.0,0.0,0.0,0.0,,,,,,,3.85,0.73,
2009/02/17,10.0,10.0,10.0,10.0,16.0,160.0,-0.4975,0.0324,8.0,0.0,0.0,0.0,0.0,,,,,,,3.83,0.73,0.0
2009/02/18,10.0,10.0,10.0,10.0,9.0,90.0,0.0,0.0182,4.0,0.0,0.0,0.0,0.0,,,,,,,3.83,0.73,0.0
2009/02/19,10.0,10.0,10.0,10.0,5.0,50.0,0.0,0.0101,2.0,0.0,0.0,0.0,0.0,,,,,,,3.83,0.73,0.0
2009/02/20,10.0,10.3,10.0,10.0,11.0,111.0,0.0,0.0223,7.0,0.0,0.0,0.0,0.0,,,,,,,3.83,0.73,0.0
2009/02/23,10.0,10.0,10.0,10.0,1.0,10.0,0.0,0.002,4.0,0.0,0.0,0.0,0.0,,,,,,,3.83,0.73,0.0
2009/02/24,10.0,10.0,10.0,10.0,25.0,250.0,0.0,0.0506,2.0,0.0,0.0,0.0,0.0,,,,,,,3.83,0.73,0.0
2009/02/25,10.0,10.7,10.0,10.7,10.0,103.0,7.0,0.0202,5.0,0.0,0.0,0.0,0.0,,,,,,,4.1,0.78,0.0
2009/02/26,10.7,10.7,10.3,10.3,6.0,62.0,-3.7383,0.0121,2.0,0.0,0.0,0.0,0.0,,,,,,,3.95,0.75,0.0
2009/02/27,10.3,10.3,10.05,10.05,6.0,61.0,-2.4272,0.0121,3.0,0.0,0.0,0.0,0.0,,,,,,,3.85,0.73,0.0
2009/03/02,10.0,10.0,10.0,10.0,10.0,100.0,-0.4975,0.0202,3.0,0.0,0.0,0.0,0.0,,,,,,,3.83,0.73,0.0
2009/03/03,10.0,10.0,10.0,10.0,0.0,0.0,0.0,0.0,1.0,0.0,0.0,0.0,0.0,,,,,,,3.83,0.73,
2009/03/04,9.4,10.0,9.3,10.0,13.0,127.0,0.0,0.0263,13.0,0.0,0.0,0.0,0.0,,,,,,,3.83,0.73,0.0
2009/03/05,10.0,10.3,9.54,10.3,8.0,80.0,3.0,0.0162,6.0,0.0,0.0,0.0,0.0,,,,,,,3.95,0.75,0.0
2009/03/06,9.7,9.7,9.7,9.7,1.0,18.0,-5.8252,0.002,3.0,0.0,0.0,0.0,0.0,,,,,,,3.72,0.71,0.0
2009/03/09,10.2,10.3,10.2,10.2,18.0,184.0,5.1546,0.0364,9.0,0.0,0.0,0.0,0.0,,,,,,,3.91,0.74,0.0
2009/03/10,10.2,10.2,10.0,10.0,24.0,242.0,-1.9608,0.0486,9.0,0.0,0.0,0.0,0.0,,,,,,,3.83,0.73,0.0
2009/03/11,10.0,10.0,10.0,10.0,10.0,102.0,0.0,0.0202,6.0,0.0,0.0,0.0,0.0,,,,,,,3.83,0.73,0.0
2009/03/12,10.0,10.3,10.0,10.1,9.0,91.0,1.0,0.0182,8.0,0.0,0.0,0.0,0.0,,,,,,,3.87,0.73,0.0
2009/03/13,10.4,10.4,10.2,10.2,13.0,133.0,0.9901,0.0263,6.0,0.0,0.0,0.0,0.0,,,,,,,3.91,0.74,0.0
2009/03/16,10.3,10.6,10.3,10.6,19.0,201.0,3.9216,0.0385,18.0,0.0,0.0,0.0,0.0,,,,,,,4.06,0.77,0.0
2009/03/17,10.5,10.6,10.05,10.3,19.0,196.0,-2.8302,0.0385,7.0,0.0,0.0,0.0,0.0,,,,,,,3.95,0.75,0.0
2009/03/18,10.1,10.3,10.0,10.1,25.0,252.0,-1.9417,0.0506,14.0,0.0,0.0,0.0,0.0,,,,,,,3.87,0.73,0.0
2009/03/19,10.3,10.3,10.3,10.3,8.0,82.0,1.9802,0.0162,5.0,0.0,0.0,0.0,0.0,,,,,,,3.95,0.75,0.0
2009/03/20,10.05,10.05,10.05,10.05,1.0,10.0,-2.4272,0.002,1.0,0.0,0.0,0.0,0.0,,,,,,,3.85,0.73,0.0
2009/03/23,10.1,10.1,10.0,10.0,3.0,30.0,-0.4975,0.0061,4.0,0.0,0.0,0.0,0.0,,,,,,,3.83,0.73,0.0
2009/03/24,10.0,10.3,10.0,10.3,10.0,104.0,3.0,0.0202,10.0,0.0,0.0,0.0,0.0,,,,,,,3.95,0.75,0.0
2009/03/25,10.3,10.3,10.3,10.3,9.0,92.0,0.0,0.0182,9.0,0.0,0.0,0.0,0.0,,,,,,,3.95,0.75,0.0
2009/03/26,10.3,11.0,10.3,11.0,58.0,631.0,6.7961,0.1174,38.0,0.0,0.0,0.0,0.0,,,,,,,4.21,0.8,0.0
2009/03/27,11.0,11.5,11.0,11.45,31.0,346.0,4.0909,0.0628,21.0,0.0,0.0,0.0,0.0,,,,,,,4.39,0.83,0.0
2009/03/30,11.2,11.2,10.85,10.85,9.0,99.0,-5.2402,0.0182,10.0,0.0,0.0,0.0,0.0,,,,,,,4.16,0.79,0.0
2009/03/31,10.65,10.65,10.6,10.6,2.0,21.0,-2.3041,0.004,2.0,0.0,0.0,0.0,0.0,,,,,,,4.06,0.77,0.0
2009/04/01,10.5,10.55,10.5,10.55,2.0,21.0,-0.4717,0.004,2.0,0.0,0.0,0.0,0.0,,,,,,,4.04,0.77,0.0
2009/04/02,10.8,10.95,10.7,10.7,8.0,86.0,1.4218,0.0162,7.0,0.0,0.0,0.0,0.0,,,,,,,4.1,0.78,0.0
2009/04/03,9.98,11.4,9.98,11.4,66.0,741.0,6.5421,0.1336,32.0,0.0,0.0,0.0,0.0,,,,,,,4.37,0.83,0.0
2009/04/06,12.15,12.15,11.25,12.15,64.0,764.0,6.5789,0.1296,45.0,0.0,0.0,0.0,0.0,,,,,,,4.66,0.88,0.0
2009/04/07,12.15,13.0,12.15,13.0,47.0,592.0,6.9959,0.0951,29.0,0.0,0.0,0.0,0.0,,,,,,,4.98,0.95,0.0
2009/04/08,13.4,13.9,13.4,13.9,202.0,2800.0,6.9231,0.4089,39.0,0.0,0.0,0.0,0.0,,,,,,,5.33,1.01,0.0
2009/04/09,14.85,14.85,14.85,14.85,93.0,1384.0,6.8345,0.1883,36.0,0.0,0.0,0.0,0.0,,,,,,,5.69,1.08,0.0
2009/04/10,15.85,15.85,15.85,15.85,91.0,1442.0,6.734,0.1842,26.0,0.0,0.0,0.0,0.0,,,,,,,6.07,1.15,0.0
2009/04/13,16.95,16.95,16.1,16.3,251.0,4219.0,2.8391,0.5081,106.0,0.0,0.0,0.0,0.0,,,,,,,6.25,1.19,0.0
2009/04/14,15.2,15.9,15.2,15.4,151.0,2325.0,-5.5215,0.3057,58.0,0.0,0.0,0.0,0.0,,,,,,,5.9,1.12,0.0
2009/04/15,15.4,15.7,15.4,15.6,85.0,1318.0,1.2987,0.1721,41.0,0.0,0.0,0.0,0.0,,,,,,,5.98,1.13,0.0
2009/04/16,15.6,15.85,14.65,15.4,43.0,664.0,-1.2821,0.087,33.0,0.0,0.0,0.0,0.0,,,,,,,5.9,1.12,0.0
2009/04/17,15.2,15.5,15.1,15.4,55.0,849.0,0.0,0.1113,28.0,0.0,0.0,0.0,0.0,,,,,,,5.9,1.12,0.0
2009/04/20,15.4,15.4,15.2,15.2,31.0,475.0,-1.2987,0.0628,12.0,0.0,0.0,0.0,0.0,,,,,,,5.82,1.11,0.0
2009/04/21,14.9,16.2,14.6,15.75,44.0,683.0,3.6184,0.0891,21.0,0.0,0.0,0.0,0.0,,,,,,,6.03,1.15,0.0
2009/04/22,15.25,15.75,15.0,15.75,44.0,667.0,0.0,0.0891,20.0,0.0,0.0,0.0,0.0,,,,,,,6.03,1.15,0.0
2009/04/23,15.75,16.0,15.5,15.7,14.0,219.0,-0.3175,0.0283,11.0,0.0,0.0,0.0,0.0,,,,,,,6.02,1.14,0.0
2009/04/24,16.1,16.2,15.1,15.25,18.0,279.0,-2.8662,0.0364,15.0,0.0,0.0,0.0,0.0,,,,,,,5.84,1.11,0.0
2009/04/27,15.25,15.35,14.7,14.9,56.0,839.0,-2.2951,0.1134,31.0,0.0,0.0,0.0,0.0,,,,,,,5.71,1.08,0.0
2009/04/28,14.65,14.9,14.6,14.85,30.0,442.0,-0.3356,0.0607,16.0,0.0,0.0,0.0,0.0,,,,,,,5.69,1.08,0.0
2009/04/29,15.25,15.8,14.95,15.0,62.0,934.0,1.0101,0.1255,17.0,0.0,0.0,0.0,0.0,,,,,,,5.75,1.09,0.0
2009/04/30,14.85,15.6,14.85,15.6,30.0,462.0,4.0,0.0607,10.0,0.0,0.0,0.0,0.0,,,,,,,5.98,1.13,0.0
2009/05/04,15.85,16.65,15.85,16.65,49.0,808.0,6.7308,0.0992,24.0,0.0,0.0,0.0,0.0,,,,,,,6.38,1.21,0.0
2009/05/05,17.7,17.8,17.6,17.8,117.0,2096.0,6.9069,0.2368,49.0,0.0,0.0,0.0,0.0,0.0,0.0,0.0,0.0,0.0,0.0,6.82,1.29,0.0
2009/05/06,17.4,18.8,16.7,17.45,64.0,1107.0,-1.9663,0.1296,59.0,0.0,0.0,0.0,0.0,21.0,21.0,0.0,0.0,0.0,0.0,12.74,1.4,0.0
2009/05/07,17.45,18.65,17.45,18.65,83.0,1516.0,6.8768,0.168,47.0,0.0,0.0,0.0,0.0,33.0,25.0,13.0,0.0,0.0,0.0,13.61,1.49,0.0
2009/05/08,18.2,19.3,18.2,19.3,62.0,1154.0,3.4853,0.1255,41.0,0.0,0.0,0.0,0.0,30.0,18.0,21.0,0.0,0.0,0.0,14.09,1.55,0.0
2009/05/11,19.8,20.65,19.8,20.65,128.0,2614.0,6.9948,0.2591,49.0,0.0,0.0,0.0,0.0,31.0,9.0,8.0,0.0,0.0,0.0,15.07,1.65,0.0
2009/05/12,19.25,20.3,19.25,20.1,18.0,363.0,-2.6634,0.0364,16.0,0.0,0.0,0.0,0.0,29.0,6.0,8.0,0.0,0.0,0.0,14.67,1.61,0.0
2009/05/13,19.8,21.3,19.8,19.95,27.0,554.0,-0.7463,0.0547,23.0,0.0,0.0,0.0,0.0,33.0,6.0,2.0,0.0,0.0,0.0,14.56,1.6,0.0
2009/05/14,19.05,19.7,18.65,18.8,23.0,434.0,-5.7644,0.0466,13.0,0.0,0.0,0.0,0.0,34.0,4.0,3.0,0.0,0.0,0.0,13.72,1.51,0.0
2009/05/15,18.8,19.45,18.8,19.05,13.0,248.0,1.3298,0.0263,10.0,0.0,0.0,0.0,0.0,33.0,2.0,3.0,0.0,0.0,0.0,13.91,1.53,0.0
2009/05/18,18.4,19.2,18.4,19.15,10.0,196.0,0.5249,0.0202,11.0,0.0,0.0,0.0,0.0,34.0,3.0,2.0,0.0,0.0,0.0,13.98,1.53,0.0
2009/05/19,19.15,19.2,18.6,18.9,25.0,478.0,-1.3055,0.0506,13.0,0.0,0.0,0.0,0.0,38.0,4.0,0.0,0.0,0.0,0.0,13.8,1.51,0.0
2009/05/20,18.6,18.9,18.1,18.65,13.0,248.0,-1.3228,0.0263,11.0,0.0,0.0,0.0,0.0,40.0,3.0,1.0,0.0,0.0,0.0,13.61,1.49,0.0
2009/05/21,17.8,19.0,17.8,18.3,26.0,475.0,-1.8767,0.0526,19.0,0.0,0.0,0.0,0.0,47.0,10.0,3.0,0.0,0.0,0.0,13.36,1.47,0.0
2009/05/22,18.0,19.0,17.8,18.1,33.0,602.0,-1.0929,0.0668,28.0,0.0,0.0,0.0,0.0,57.0,12.0,2.0,0.0,0.0,0.0,13.21,1.45,0.0
2009/05/25,18.65,18.65,18.15,18.45,19.0,346.0,1.9337,0.0385,9.0,0.0,0.0,0.0,0.0,58.0,1.0,0.0,0.0,0.0,0.0,13.47,1.48,0.0
2009/05/26,18.65,18.8,17.8,17.8,29.0,529.0,-3.523,0.0587,16.0,0.0,0.0,0.0,0.0,55.0,4.0,7.0,0.0,0.0,0.0,12.99,1.43,0.0
2009/05/27,18.0,18.0,17.8,17.8,12.0,222.0,0.0,0.0243,8.0,0.0,0.0,0.0,0.0,55.0,0.0,0.0,0.0,0.0,0.0,12.99,1.43,0.0
2009/06/01,18.0,18.3,16.95,17.6,10.0,178.0,-1.1236,0.0202,9.0,0.0,0.0,0.0,0.0,49.0,1.0,7.0,0.0,0.0,0.0,12.85,1.41,0.0
2009/06/02,17.1,17.85,17.1,17.3,15.0,263.0,-1.7045,0.0304,13.0,0.0,0.0,0.0,0.0,49.0,2.0,2.0,0.0,0.0,0.0,12.63,1.39,0.0
2009/06/03,17.3,17.65,17.0,17.0,25.0,429.0,-1.7341,0.0506,18.0,0.0,0.0,0.0,0.0,49.0,3.0,3.0,0.0,0.0,0.0,12.41,1.36,0.0
2009/06/04,17.0,17.0,17.0,17.0,4.0,68.0,0.0,0.0081,3.0,0.0,0.0,0.0,0.0,49.0,0.0,0.0,0.0,0.0,0.0,12.41,1.36,0.0
2009/06/05,17.0,17.5,17.0,17.0,7.0,119.0,0.0,0.0142,8.0,0.0,0.0,0.0,0.0,49.0,0.0,0.0,0.0,0.0,0.0,12.41,1.36,0.0
2009/06/06,17.05,17.35,16.8,17.3,15.0,257.0,1.7647,0.0304,9.0,0.0,0.0,0.0,0.0,49.0,0.0,0.0,0.0,0.0,0.0,12.63,1.39,0.0
2009/06/08,17.2,17.25,17.2,17.2,9.0,159.0,-0.578,0.0182,8.0,0.0,0.0,0.0,0.0,49.0,0.0,0.0,0.0,0.0,0.0,12.55,1.38,0.0
2009/06/09,17.2,17.4,17.0,17.0,25.0,431.0,-1.1628,0.0506,13.0,0.0,0.0,0.0,0.0,51.0,6.0,4.0,0.0,0.0,0.0,12.41,1.36,0.0
2009/06/10,16.8,18.0,16.8,18.0,19.0,333.0,5.8824,0.0385,10.0,0.0,0.0,0.0,0.0,51.0,0.0,0.0,0.0,0.0,0.0,13.14,1.44,0.0
2009/06/11,17.95,17.95,17.8,17.8,4.0,71.0,-1.1111,0.0081,4.0,0.0,0.0,0.0,0.0,52.0,3.0,2.0,0.0,0.0,0.0,12.99,1.43,0.0
2009/06/12,17.7,17.7,17.2,17.2,5.0,87.0,-3.3708,0.0101,5.0,0.0,0.0,0.0,0.0,52.0,0.0,0.0,0.0,0.0,0.0,12.55,1.38,0.0
2009/06/15,17.0,17.0,16.5,16.6,11.0,184.0,-3.4884,0.0223,8.0,0.0,0.0,0.0,0.0,52.0,0.0,0.0,0.0,0.0,0.0,12.12,1.33,0.0
2009/06/16,16.8,16.8,16.15,16.6,6.0,99.0,0.0,0.0121,6.0,0.0,0.0,0.0,0.0,54.0,2.0,0.0,0.0,0.0,0.0,12.12,1.33,0.0
2009/06/17,16.4,16.4,16.4,16.4,5.0,82.0,-1.2048,0.0101,1.0,0.0,0.0,0.0,0.0,54.0,0.0,0.0,0.0,0.0,0.0,11.97,1.31,0.0
2009/06/18,16.3,16.3,16.1,16.1,6.0,96.0,-1.8293,0.0121,7.0,0.0,0.0,0.0,0.0,50.0,0.0,4.0,0.0,0.0,0.0,11.75,1.29,0.0
2009/06/19,16.1,16.8,16.1,16.8,2.0,37.0,4.3478,0.004,3.0,0.0,0.0,0.0,0.0,50.0,1.0,1.0,0.0,0.0,0.0,12.26,1.35,0.0
2009/06/22,16.6,16.6,16.6,16.6,1.0,19.0,-1.1905,0.002,4.0,0.0,0.0,0.0,0.0,50.0,0.0,0.0,0.0,0.0,0.0,12.12,1.33,0.0
2009/06/23,16.6,16.8,16.3,16.8,47.0,771.0,1.2048,0.0951,11.0,42.0,0.0,0.0,42.0,50.0,0.0,0.0,0.0,0.0,0.0,12.26,1.35,0.0
2009/06/24,17.25,17.4,17.25,17.25,3.0,51.0,2.6786,0.0061,4.0,0.0,0.0,0.0,0.0,53.0,3.0,0.0,0.0,0.0,0.0,12.59,1.38,0.0
2009/06/25,17.85,17.85,16.7,16.8,46.0,779.0,-2.6087,0.0931,10.0,-42.0,0.0,0.0,-42.0,55.0,4.0,2.0,0.0,0.0,0.0,12.26,1.35,0.0
2009/06/26,17.7,17.7,16.7,16.7,16.0,272.0,-0.5952,0.0324,11.0,0.0,0.0,0.0,0.0,58.0,4.0,1.0,0.0,0.0,0.0,12.19,1.34,0.0
2009/06/29,17.4,17.4,17.2,17.2,4.0,69.0,2.994,0.0081,3.0,0.0,0.0,0.0,0.0,60.0,3.0,1.0,0.0,0.0,0.0,12.55,1.38,0.0
2009/06/30,16.8,17.0,16.8,17.0,5.0,84.0,-1.1628,0.01,2.0,0.0,0.0,0.0,0.0,60.0,0.0,0.0,0.0,0.0,0.0,12.41,1.36,0.0
2009/07/01,17.45,17.5,17.45,17.45,7.0,122.0,2.6471,0.014,6.0,0.0,0.0,0.0,0.0,61.0,3.0,2.0,0.0,0.0,0.0,12.74,1.4,0.0
2009/07/02,17.45,18.35,17.45,17.55,15.0,270.0,0.5731,0.0299,13.0,0.0,0.0,0.0,0.0,60.0,6.0,7.0,0.0,4.0,4.0,12.81,1.41,0.0
2009/07/03,17.55,17.55,17.2,17.2,9.0,166.0,-1.9943,0.0179,12.0,0.0,0.0,0.0,0.0,62.0,5.0,3.0,0.0,9.0,5.0,12.55,1.38,0.0
2009/07/06,17.2,18.3,17.2,18.0,55.0,966.0,4.6512,0.1096,33.0,0.0,0.0,0.0,0.0,78.0,31.0,15.0,0.0,17.0,8.0,13.14,1.44,0.0
2009/07/07,18.0,18.2,17.6,18.0,16.0,297.0,0.0,0.0319,11.0,0.0,0.0,0.0,0.0,80.0,4.0,2.0,0.0,21.0,4.0,13.14,1.44,0.0
2009/07/08,18.3,18.75,18.0,18.0,34.0,619.0,0.0,0.0678,23.0,0.0,0.0,0.0,0.0,73.0,14.0,21.0,0.0,21.0,0.0,13.14,1.44,0.0
2009/07/09,18.2,18.2,17.7,18.0,37.0,668.0,0.0,0.0738,16.0,0.0,0.0,0.0,0.0,64.0,3.0,12.0,0.0,21.0,0.0,13.14,1.44,0.0
2009/07/10,17.9,17.9,17.6,17.6,28.0,496.0,-2.2222,0.0558,14.0,0.0,0.0,0.0,0.0,44.0,1.0,21.0,0.0,21.0,0.0,12.85,1.41,0.0
2009/07/13,17.4,17.85,17.4,17.85,2.0,35.0,1.4205,0.004,2.0,0.0,0.0,0.0,0.0,45.0,2.0,1.0,0.0,21.0,0.0,13.03,1.43,0.0
2009/07/14,18.1,18.1,17.3,17.4,22.0,388.0,-2.521,0.0439,12.0,0.0,0.0,0.0,0.0,47.0,2.0,0.0,0.0,0.0,0.0,12.7,1.39,0.0
2009/07/15,17.65,17.7,17.55,17.55,7.0,125.0,0.8621,0.014,7.0,0.0,0.0,0.0,0.0,47.0,0.0,0.0,0.0,0.0,0.0,12.81,1.41,0.0
2009/07/16,17.7,17.7,17.25,17.25,6.0,104.0,-1.7094,0.012,4.0,0.0,0.0,0.0,0.0,47.0,0.0,0.0,0.0,0.0,0.0,12.59,1.38,0.0
2009/07/17,17.4,17.4,17.25,17.35,21.0,364.0,0.5797,0.0419,10.0,0.0,0.0,0.0,0.0,51.0,11.0,7.0,0.0,0.0,0.0,12.66,1.39,0.0
2009/07/20,17.7,17.7,17.6,17.65,5.0,88.0,1.7291,0.01,5.0,0.0,0.0,0.0,0.0,51.0,0.0,0.0,0.0,0.0,0.0,12.88,1.41,0.0
2009/07/21,17.7,18.3,17.7,18.3,3.0,54.0,3.6827,0.006,3.0,0.0,0.0,0.0,0.0,52.0,2.0,1.0,0.0,0.0,0.0,13.36,1.47,0.0
2009/07/22,18.0,18.0,18.0,18.0,5.0,90.0,-1.6393,0.01,1.0,0.0,0.0,0.0,0.0,47.0,0.0,5.0,0.0,0.0,0.0,13.14,1.44,0.0
2009/07/23,18.0,18.15,18.0,18.15,17.0,306.0,0.8333,0.0339,10.0,0.0,0.0,0.0,0.0,46.0,2.0,3.0,0.0,0.0,0.0,13.25,1.45,0.0
2009/07/24,18.3,18.75,17.6,18.15,17.0,308.0,0.0,0.0339,13.0,0.0,0.0,0.0,0.0,49.0,4.0,1.0,0.0,0.0,0.0,13.25,1.45,0.0
2009/07/27,18.15,18.3,18.0,18.3,22.0,399.0,0.8264,0.0438,13.0,0.0,0.0,0.0,0.0,52.0,6.0,3.0,0.0,0.0,0.0,13.36,1.47,0.0
2009/07/28,18.3,18.3,18.3,18.3,15.0,274.0,0.0,0.0299,8.0,0.0,0.0,0.0,0.0,61.0,9.0,0.0,0.0,0.0,0.0,13.36,1.47,0.0
2009/07/29,19.55,19.55,18.65,19.55,120.0,2322.0,6.8306,0.2391,53.0,0.0,0.0,0.0,0.0,104.0,53.0,10.0,0.0,0.0,0.0,14.27,1.57,0.0
2009/07/30,20.9,20.9,20.9,20.9,169.0,3532.0,6.9054,0.3367,66.0,0.0,0.0,0.0,0.0,143.0,49.0,10.0,0.0,0.0,0.0,15.26,1.67,0.0
2009/07/31,22.35,22.35,22.35,22.35,499.0,11167.0,6.9378,0.9943,135.0,0.0,0.0,0.0,0.0,334.0,239.0,48.0,0.0,2.0,2.0,16.31,1.79,0.0
2009/08/03,23.7,23.7,22.1,23.0,445.0,10271.0,2.9083,0.8867,177.0,0.0,0.0,0.0,0.0,366.0,160.0,128.0,2.0,0.0,0.0,16.79,1.84,0.0
2009/08/04,23.15,24.6,22.15,24.5,538.0,12883.0,6.5217,1.072,125.0,0.0,0.0,0.0,0.0,354.0,77.0,89.0,0.0,0.0,0.0,17.88,1.96,0.0
2009/08/05,24.0,25.0,22.8,24.0,264.0,6205.0,-2.0408,0.526,106.0,0.0,0.0,0.0,0.0,383.0,117.0,88.0,0.0,0.0,0.0,17.52,1.92,0.0
2009/08/06,23.7,24.5,22.55,23.9,61.0,1468.0,-0.4167,0.1215,23.0,0.0,0.0,0.0,0.0,376.0,0.0,7.0,0.0,0.0,0.0,17.45,1.92,0.0
2009/08/10,23.8,25.0,22.6,23.9,282.0,6875.0,0.0,0.5619,93.0,0.0,0.0,0.0,0.0,354.0,0.0,22.0,0.0,0.0,0.0,17.45,1.92,0.0
2009/08/11,21.95,22.3,21.2,21.95,143.0,3134.0,-0.0219,0.261,68.0,0.0,0.0,0.0,0.0,396.0,44.0,2.0,0.0,78.0,78.0,16.02,1.76,4.05
2009/08/12,21.95,22.35,21.55,21.95,98.0,2145.0,0.0,0.1789,48.0,0.0,0.0,0.0,0.0,395.0,7.0,8.0,0.0,125.0,47.0,16.02,1.76,4.05
2009/08/13,21.95,22.0,21.5,22.0,87.0,1908.0,0.2278,0.1588,39.0,0.0,0.0,0.0,0.0,392.0,4.0,7.0,0.0,167.0,42.0,16.06,1.76,4.05
2009/08/14,21.5,22.2,21.4,21.95,83.0,1798.0,-0.2273,0.1515,44.0,0.0,0.0,0.0,0.0,400.0,15.0,7.0,0.0,167.0,0.0,16.02,1.76,4.05
2009/08/17,22.0,22.0,21.2,21.75,89.0,1930.0,-0.9112,0.1624,33.0,0.0,0.0,0.0,0.0,394.0,7.0,13.0,0.0,184.0,17.0,15.88,1.74,4.09
2009/08/18,21.2,21.45,20.5,21.45,225.0,4686.0,-1.3793,0.4107,82.0,0.0,0.0,0.0,0.0,360.0,24.0,58.0,0.0,184.0,0.0,15.66,1.72,4.15
2009/08/19,21.4,21.4,20.3,20.5,137.0,2813.0,-4.4289,0.2501,64.0,0.0,0.0,0.0,0.0,335.0,14.0,39.0,0.0,184.0,0.0,14.96,1.64,4.34
2009/08/20,20.3,20.5,20.05,20.05,12.0,246.0,-2.1951,0.0219,11.0,0.0,0.0,0.0,0.0,334.0,2.0,3.0,0.0,187.0,3.0,14.64,1.61,4.44
2009/08/21,20.05,21.45,20.05,20.1,124.0,2618.0,0.2494,0.2263,51.0,0.0,0.0,0.0,0.0,322.0,5.0,17.0,0.0,187.0,0.0,14.67,1.61,4.43
2009/08/24,20.2,20.5,20.1,20.5,125.0,2558.0,1.99,0.2282,51.0,0.0,0.0,0.0,0.0,318.0,6.0,10.0,0.0,158.0,0.0,14.96,1.64,4.34
2009/08/25,20.5,20.5,19.4,19.6,98.0,1929.0,-4.3902,0.1789,42.0,0.0,0.0,0.0,0.0,320.0,6.0,4.0,1.0,130.0,0.0,14.31,1.57,4.54
2009/08/26,19.6,19.7,19.0,19.0,29.0,562.0,-3.0612,0.0529,23.0,0.0,0.0,0.0,0.0,321.0,1.0,0.0,0.0,108.0,0.0,13.87,1.52,4.68
2009/08/27,19.3,19.3,19.0,19.05,99.0,1882.0,0.2632,0.1807,32.0,0.0,0.0,0.0,0.0,320.0,0.0,1.0,0.0,67.0,1.0,13.91,1.53,4.67
2009/08/28,18.8,18.8,18.25,18.25,101.0,1876.0,-4.1995,0.1843,49.0,0.0,0.0,0.0,0.0,305.0,13.0,28.0,0.0,67.0,0.0,13.32,1.46,4.88
2009/08/31,18.25,18.85,17.9,18.5,70.0,1290.0,1.3699,0.1257,42.0,0.0,0.0,0.0,0.0,314.0,14.0,5.0,0.0,47.0,8.0,13.5,1.48,4.81
2009/09/01,18.5,18.5,18.15,18.5,38.0,706.0,0.0,0.0682,23.0,0.0,0.0,0.0,0.0,338.0,25.0,1.0,0.0,61.0,14.0,13.5,1.48,4.81
2009/09/02,18.5,18.8,18.4,18.8,58.0,1078.0,1.6216,0.1041,35.0,0.0,0.0,0.0,0.0,345.0,15.0,8.0,0.0,61.0,0.0,,1.52,4.73
2009/09/03,18.8,18.85,18.5,18.55,73.0,1369.0,-1.3298,0.1311,30.0,0.0,0.0,0.0,0.0,366.0,31.0,10.0,0.0,63.0,2.0,,1.5,4.8
2009/09/04,18.8,19.5,18.6,19.0,63.0,1200.0,2.4259,0.1131,34.0,0.0,0.0,0.0,0.0,372.0,30.0,24.0,0.0,70.0,7.0,,1.54,4.68
2009/09/07,19.5,20.0,19.4,19.5,38.0,745.0,2.6316,0.0682,20.0,0.0,0.0,0.0,0.0,374.0,13.0,11.0,0.0,73.0,3.0,,1.58,4.56
2009/09/08,19.5,19.55,19.1,19.35,52.0,1027.0,-0.7692,0.0934,33.0,0.0,0.0,0.0,0.0,382.0,13.0,5.0,0.0,73.0,0.0,,1.57,4.6
2009/09/09,19.2,19.3,18.9,18.95,43.0,817.0,-2.0672,0.0772,23.0,0.0,0.0,0.0,0.0,408.0,29.0,3.0,0.0,73.0,0.0,,1.54,4.7
2009/09/10,19.0,19.0,18.7,18.8,16.0,310.0,-0.7916,0.0287,15.0,0.0,0.0,0.0,0.0,406.0,6.0,8.0,0.0,66.0,0.0,,1.52,4.73
2009/09/11,18.8,19.5,18.8,19.3,30.0,576.0,2.6596,0.0539,16.0,0.0,0.0,0.0,0.0,404.0,2.0,4.0,0.0,68.0,2.0,,1.56,4.61
2009/09/14,19.05,19.3,18.6,18.6,12.0,232.0,-3.6269,0.0215,13.0,0.0,0.0,0.0,0.0,404.0,0.0,0.0,0.0,68.0,0.0,,1.51,4.78
2009/09/15,18.7,18.8,17.3,18.6,62.0,1114.0,0.0,0.1113,27.0,0.0,0.0,0.0,0.0,416.0,12.0,0.0,0.0,68.0,0.0,,1.51,4.78
2009/09/16,18.2,18.9,18.2,18.55,13.0,241.0,-0.2688,0.0233,10.0,0.0,0.0,0.0,0.0,414.0,0.0,2.0,1.0,53.0,0.0,,1.5,4.8
2009/09/17,19.2,19.2,18.5,18.5,99.0,1845.0,-0.2695,0.1778,47.0,0.0,0.0,0.0,0.0,434.0,20.0,0.0,0.0,53.0,0.0,,1.5,4.81
2009/09/18,17.6,18.5,17.6,18.25,34.0,619.0,-1.3514,0.0611,25.0,0.0,0.0,0.0,0.0,437.0,9.0,6.0,1.0,45.0,0.0,,1.48,4.88
2009/09/21,18.8,19.2,18.55,18.65,70.0,1321.0,2.1918,0.1257,44.0,0.0,0.0,0.0,0.0,449.0,18.0,6.0,2.0,35.0,0.0,,1.51,4.77
2009/09/22,18.5,18.85,18.35,18.35,75.0,1396.0,-1.6086,0.1347,32.0,0.0,0.0,0.0,0.0,475.0,30.0,4.0,0.0,28.0,0.0,,1.49,4.85
2009/09/23,17.9,17.95,17.9,17.95,107.0,1929.0,-2.1798,0.1921,36.0,0.0,0.0,0.0,0.0,497.0,22.0,0.0,0.0,28.0,0.0,,1.45,4.96
2009/09/24,17.95,17.95,17.75,17.75,30.0,539.0,-1.1142,0.0539,12.0,0.0,0.0,0.0,0.0,507.0,10.0,0.0,0.0,21.0,0.0,,1.44,5.01
2009/09/25,18.1,18.65,18.05,18.05,12.0,228.0,1.6901,0.0215,12.0,0.0,0.0,0.0,0.0,515.0,9.0,1.0,0.0,18.0,0.0,,1.46,4.93
2009/09/28,17.85,19.3,17.85,19.3,59.0,1126.0,6.9252,0.1059,27.0,0.0,0.0,0.0,0.0,505.0,2.0,12.0,0.0,35.0,21.0,,1.56,4.61
2009/09/29,20.65,20.65,20.65,20.65,118.0,2436.0,6.9948,0.2119,33.0,0.0,0.0,0.0,0.0,573.0,82.0,14.0,0.0,51.0,16.0,,1.67,4.31
2009/09/30,22.05,22.05,21.3,21.4,1001.0,21956.0,3.632,1.7921,341.0,0.0,0.0,0.0,0.0,651.0,263.0,185.0,0.0,128.0,77.0,,1.73,4.16
2009/10/01,21.1,21.3,20.45,21.0,86.0,1804.0,-1.8692,0.154,58.0,0.0,0.0,0.0,0.0,669.0,33.0,15.0,27.0,101.0,0.0,,1.7,4.24
2009/10/02,20.1,20.5,19.95,19.95,93.0,1894.0,-5.0,0.1665,73.0,0.0,0.0,0.0,0.0,686.0,30.0,13.0,3.0,98.0,0.0,,1.62,4.46
2009/10/05,19.95,21.3,19.95,20.8,125.0,2613.0,4.2607,0.2238,86.0,0.0,0.0,0.0,0.0,705.0,45.0,26.0,0.0,119.0,21.0,,1.69,4.28
2009/10/06,20.8,21.05,20.3,20.65,36.0,748.0,-0.7212,0.0645,43.0,0.0,0.0,0.0,0.0,708.0,6.0,3.0,2.0,117.0,0.0,,1.67,4.31
2009/10/07,20.65,20.9,20.65,20.75,21.0,453.0,0.4843,0.0376,26.0,0.0,0.0,0.0,0.0,712.0,9.0,5.0,5.0,105.0,0.0,,1.68,4.29
2009/10/08,20.9,20.9,20.55,20.8,40.0,848.0,0.241,0.0716,34.0,0.0,0.0,0.0,0.0,714.0,13.0,11.0,2.0,103.0,0.0,,1.69,4.28
2009/10/09,20.6,20.8,20.3,20.6,19.0,406.0,-0.9615,0.034,29.0,0.0,0.0,0.0,0.0,709.0,3.0,8.0,2.0,74.0,0.0,,1.67,4.32
2009/10/12,20.9,20.9,20.0,20.2,93.0,1903.0,-1.9417,0.1665,52.0,0.0,0.0,0.0,0.0,688.0,40.0,61.0,2.0,37.0,1.0,,1.64,4.41
2009/10/13,20.5,20.65,20.3,20.3,39.0,799.0,0.495,0.0698,30.0,0.0,0.0,0.0,0.0,679.0,13.0,22.0,1.0,29.0,0.0,,1.65,4.38
2009/10/14,20.3,20.5,20.1,20.35,28.0,581.0,0.2463,0.0501,24.0,0.0,0.0,0.0,0.0,668.0,1.0,12.0,0.0,14.0,0.0,,1.65,4.37
2009/10/15,20.7,20.8,20.0,20.2,195.0,3945.0,-0.7371,0.3491,56.0,0.0,0.0,0.0,0.0,713.0,115.0,70.0,0.0,14.0,0.0,,1.64,4.41
2009/10/16,20.6,20.6,20.1,20.15,15.0,303.0,-0.2475,0.0269,13.0,0.0,0.0,0.0,0.0,714.0,2.0,1.0,0.0,14.0,0.0,,1.63,4.42
2009/10/19,19.8,20.0,19.8,19.9,27.0,549.0,-1.2407,0.0483,20.0,0.0,0.0,0.0,0.0,714.0,5.0,5.0,0.0,14.0,0.0,,1.61,4.47
2009/10/20,19.9,21.25,19.9,21.0,278.0,5775.0,5.5276,0.4977,101.0,0.0,0.0,0.0,0.0,842.0,220.0,92.0,0.0,20.0,6.0,,1.7,4.24
2009/10/21,21.0,21.0,20.3,20.5,38.0,783.0,-2.381,0.068,34.0,0.0,0.0,0.0,0.0,828.0,2.0,16.0,0.0,20.0,0.0,,1.66,4.34
2009/10/22,20.5,21.0,20.5,20.55,90.0,1858.0,0.2439,0.1611,37.0,0.0,0.0,0.0,0.0,879.0,65.0,14.0,0.0,63.0,43.0,,1.67,4.33
2009/10/23,20.55,20.55,20.3,20.3,57.0,1175.0,-1.2165,0.102,19.0,0.0,0.0,0.0,0.0,900.0,22.0,1.0,0.0,64.0,1.0,,1.65,4.38
2009/10/26,20.3,21.25,20.05,20.5,143.0,2940.0,0.9852,0.256,73.0,0.0,0.0,0.0,0.0,912.0,33.0,21.0,0.0,94.0,30.0,,1.66,4.34
2009/10/27,20.5,20.85,20.5,20.5,116.0,2404.0,0.0,0.2077,49.0,0.0,0.0,0.0,0.0,948.0,41.0,5.0,0.0,110.0,16.0,,1.66,4.34
2009/10/28,20.5,20.85,20.5,20.6,156.0,3236.0,0.4878,0.2793,73.0,0.0,0.0,0.0,0.0,924.0,32.0,56.0,0.0,152.0,42.0,,1.67,4.32
2009/10/29,20.6,20.6,20.15,20.3,122.0,2487.0,-1.4563,0.2184,61.0,0.0,0.0,0.0,0.0,949.0,56.0,31.0,0.0,159.0,7.0,,1.65,4.38
2009/10/30,20.0,20.9,20.0,20.9,101.0,2094.0,2.9557,0.1789,62.0,0.0,0.0,0.0,0.0,966.0,39.0,22.0,0.0,154.0,15.0,,1.69,4.26
2009/11/02,20.9,20.9,20.5,20.75,51.0,1055.0,-0.7177,0.0903,19.0,0.0,0.0,0.0,0.0,942.0,1.0,25.0,0.0,142.0,1.0,,1.68,4.29
2009/11/03,20.3,20.55,20.2,20.2,33.0,672.0,-2.6506,0.0584,17.0,0.0,0.0,0.0,0.0,924.0,0.0,18.0,0.0,128.0,0.0,,1.64,4.41
2009/11/04,20.2,20.3,20.2,20.25,19.0,387.0,0.2475,0.0336,10.0,0.0,0.0,0.0,0.0,924.0,0.0,0.0,0.0,113.0,13.0,,1.64,4.4
2009/11/05,20.2,20.3,20.1,20.2,16.0,323.0,-0.2469,0.0283,17.0,0.0,0.0,0.0,0.0,924.0,1.0,1.0,0.0,113.0,0.0,,1.8,4.41
2009/11/06,20.1,20.1,20.05,20.05,14.0,282.0,-0.7426,0.0248,13.0,0.0,0.0,0.0,0.0,910.0,0.0,14.0,0.0,64.0,0.0,,1.79,4.44
2009/11/09,20.0,20.1,20.0,20.1,50.0,1003.0,0.2494,0.0885,18.0,0.0,0.0,0.0,0.0,882.0,7.0,35.0,0.0,57.0,0.0,,1.79,4.43
2009/11/10,20.1,20.1,20.0,20.0,17.0,351.0,-0.4975,0.0301,16.0,0.0,0.0,0.0,0.0,873.0,1.0,10.0,0.0,57.0,0.0,,1.78,4.45
2009/11/11,19.9,20.1,19.9,20.1,42.0,847.0,0.5,0.0744,33.0,0.0,0.0,0.0,0.0,873.0,0.0,0.0,0.0,64.0,7.0,,1.79,4.43
2009/11/12,20.45,20.45,20.05,20.05,6.0,122.0,-0.2488,0.0106,5.0,0.0,0.0,0.0,0.0,873.0,0.0,0.0,0.0,40.0,4.0,,1.79,4.44
2009/11/13,19.9,20.3,19.9,20.3,18.0,367.0,1.2469,0.0319,12.0,0.0,0.0,0.0,0.0,872.0,0.0,1.0,0.0,40.0,0.0,,1.81,4.38
2009/11/16,19.85,20.3,19.85,20.2,27.0,549.0,-0.4926,0.0478,17.0,0.0,0.0,0.0,0.0,865.0,0.0,7.0,0.0,46.0,6.0,,1.8,4.41
2009/11/17,20.0,20.0,19.9,20.0,16.0,319.0,-0.9901,0.0283,9.0,0.0,0.0,0.0,0.0,867.0,2.0,0.0,0.0,46.0,0.0,,1.78,4.45
2009/11/18,19.9,20.15,19.85,20.15,22.0,439.0,0.75,0.039,8.0,0.0,0.0,0.0,0.0,868.0,6.0,5.0,0.0,46.0,0.0,,1.8,4.42
2009/11/19,20.15,20.2,20.05,20.1,58.0,1170.0,-0.2481,0.1027,22.0,0.0,0.0,0.0,0.0,869.0,4.0,2.0,0.0,41.0,0.0,,1.79,4.43
2009/11/20,20.1,20.1,20.0,20.0,33.0,664.0,-0.4975,0.0584,20.0,0.0,0.0,0.0,0.0,864.0,0.0,5.0,0.0,42.0,7.0,,1.78,4.45
2009/11/23,20.0,20.1,19.9,20.0,25.0,504.0,0.0,0.0443,18.0,0.0,0.0,0.0,0.0,854.0,0.0,10.0,0.0,36.0,0.0,,1.78,4.45
2009/11/24,20.15,20.15,20.0,20.0,14.0,289.0,0.0,0.0248,5.0,0.0,0.0,0.0,0.0,854.0,0.0,0.0,0.0,31.0,2.0,,1.78,4.45
2009/11/25,20.0,20.05,20.0,20.05,3.0,64.0,0.25,0.0053,4.0,0.0,0.0,0.0,0.0,854.0,0.0,0.0,0.0,31.0,0.0,,1.79,4.44
2009/11/26,20.05,20.05,20.0,20.0,23.0,460.0,-0.2494,0.0407,12.0,0.0,0.0,0.0,0.0,846.0,2.0,10.0,0.0,31.0,0.0,,1.78,4.45
2009/11/27,19.9,19.9,19.5,19.75,19.0,392.0,-1.25,0.0336,21.0,0.0,0.0,0.0,0.0,847.0,4.0,3.0,0.0,30.0,0.0,,1.76,4.51
2009/11/30,20.1,20.2,19.95,20.1,30.0,608.0,1.7722,0.0528,15.0,0.0,0.0,0.0,0.0,863.0,24.0,8.0,0.0,23.0,0.0,,1.79,4.43
2009/12/01,20.05,20.85,19.95,20.65,54.0,1106.0,2.7363,0.0951,22.0,0.0,0.0,0.0,0.0,876.0,25.0,12.0,0.0,15.0,0.0,,1.84,4.31
2009/12/02,20.85,20.85,20.1,20.55,39.0,804.0,-0.4843,0.0687,28.0,0.0,0.0,0.0,0.0,883.0,11.0,4.0,0.0,15.0,0.0,,1.83,4.33
2009/12/03,20.35,20.7,20.3,20.5,22.0,451.0,-0.2433,0.0387,19.0,0.0,0.0,0.0,0.0,884.0,7.0,6.0,0.0,15.0,0.0,,1.83,4.34
2009/12/04,20.5,20.7,20.4,20.6,58.0,1193.0,0.4878,0.1021,61.0,0.0,0.0,0.0,0.0,886.0,10.0,8.0,0.0,15.0,0.0,,1.84,4.32
2009/12/07,20.75,20.75,20.4,20.7,55.0,1137.0,0.4854,0.0969,103.0,0.0,0.0,0.0,0.0,879.0,15.0,22.0,0.0,34.0,19.0,,1.85,4.3
2009/12/08,20.7,20.7,20.6,20.6,17.0,351.0,-0.4831,0.0299,7.0,0.0,0.0,0.0,0.0,877.0,0.0,2.0,0.0,34.0,0.0,,1.84,4.32
2009/12/09,20.5,22.0,20.5,22.0,488.0,10619.0,6.7961,0.8595,195.0,0.0,0.0,0.0,0.0,936.0,162.0,103.0,0.0,102.0,68.0,,1.96,4.05
2009/12/10,22.0,22.6,21.3,21.95,205.0,4555.0,-0.2273,0.361,85.0,0.0,0.0,0.0,0.0,937.0,126.0,125.0,0.0,116.0,14.0,,1.96,4.05
2009/12/11,21.5,22.0,21.4,21.85,154.0,3355.0,-0.4556,0.2712,56.0,0.0,0.0,0.0,0.0,941.0,46.0,42.0,0.0,116.0,0.0,,1.95,4.07
2009/12/14,21.5,22.2,21.4,21.8,166.0,3624.0,-0.2288,0.2924,51.0,0.0,0.0,0.0,0.0,977.0,109.0,73.0,0.0,116.0,0.0,,1.94,4.08
2009/12/15,22.15,22.15,21.05,21.4,78.0,1701.0,-1.8349,0.1374,42.0,0.0,0.0,0.0,0.0,978.0,22.0,21.0,0.0,116.0,0.0,,1.91,4.16
2009/12/16,21.5,21.7,21.2,21.4,60.0,1302.0,0.0,0.1057,32.0,0.0,0.0,0.0,0.0,957.0,8.0,29.0,0.0,97.0,0.0,,1.91,4.16
2009/12/17,21.65,21.65,20.95,21.0,61.0,1285.0,-1.8692,0.1074,28.0,0.0,0.0,0.0,0.0,933.0,13.0,37.0,0.0,97.0,0.0,,1.87,4.24
2009/12/18,20.5,21.45,20.5,21.2,35.0,742.0,0.9524,0.0616,19.0,0.0,0.0,0.0,0.0,919.0,10.0,24.0,0.0,76.0,0.0,,1.89,4.2
2009/12/21,21.2,21.5,21.2,21.5,16.0,356.0,1.4151,0.0282,86.0,0.0,0.0,0.0,0.0,916.0,4.0,7.0,0.0,76.0,0.0,,1.92,4.14
2009/12/22,21.6,21.6,21.2,21.35,24.0,511.0,-0.6977,0.0423,19.0,0.0,0.0,0.0,0.0,904.0,5.0,17.0,0.0,62.0,0.0,,1.9,4.17
2009/12/23,21.45,21.6,21.25,21.25,27.0,580.0,-0.4684,0.0476,17.0,0.0,0.0,0.0,0.0,906.0,3.0,1.0,0.0,62.0,0.0,,1.9,4.19
2009/12/24,21.55,21.6,21.2,21.35,25.0,541.0,0.4706,0.044,19.0,0.0,0.0,0.0,0.0,898.0,1.0,9.0,0.0,62.0,0.0,,1.9,4.17
2009/12/25,21.5,21.6,21.25,21.35,33.0,705.0,0.0,0.0581,21.0,0.0,0.0,0.0,0.0,900.0,13.0,11.0,0.0,48.0,0.0,,1.9,4.17
2009/12/28,21.6,22.15,21.5,22.1,182.0,3979.0,3.5129,0.3205,63.0,0.0,0.0,0.0,0.0,871.0,28.0,57.0,0.0,14.0,0.0,,1.97,4.03
2009/12/29,22.3,22.3,21.7,21.7,54.0,1185.0,-1.81,0.0951,17.0,0.0,0.0,0.0,0.0,871.0,7.0,7.0,0.0,14.0,0.0,,1.94,4.1
2009/12/30,22.0,22.0,21.45,21.55,17.0,374.0,-0.6912,0.0299,16.0,0.0,0.0,0.0,0.0,874.0,5.0,2.0,0.0,14.0,0.0,,1.92,4.13
2009/12/31,21.85,22.2,21.6,21.9,137.0,2998.0,1.6241,0.2229,59.0,0.0,0.0,0.0,0.0,891.0,43.0,26.0,0.0,14.0,0.0,,1.95,4.06
2010/01/04,23.1,23.4,22.3,23.4,534.0,12397.0,6.8493,0.869,157.0,0.0,0.0,0.0,0.0,1127.0,308.0,72.0,0.0,35.0,21.0,,2.09,3.8
2010/01/05,22.05,23.2,22.05,22.5,206.0,4660.0,-3.8462,0.3352,91.0,0.0,0.0,0.0,0.0,1054.0,59.0,132.0,21.0,14.0,0.0,,2.01,3.96
2010/01/06,23.9,23.9,22.6,22.65,154.0,3569.0,0.6667,0.2506,72.0,0.0,0.0,0.0,0.0,987.0,30.0,97.0,0.0,14.0,0.0,,2.02,3.93
2010/01/07,23.45,23.45,21.8,22.6,78.0,1751.0,-0.2208,0.1269,49.0,0.0,0.0,0.0,0.0,984.0,29.0,32.0,0.0,14.0,0.0,,2.02,3.94
2010/01/08,22.6,23.95,22.6,23.2,181.0,4259.0,2.6549,0.2945,100.0,0.0,0.0,0.0,0.0,992.0,45.0,37.0,0.0,28.0,14.0,,2.07,3.84
2010/01/11,23.45,23.45,22.9,22.9,116.0,2684.0,-1.2931,0.1888,62.0,0.0,0.0,0.0,0.0,969.0,30.0,53.0,0.0,35.0,7.0,,2.04,3.89
2010/01/12,22.9,23.25,22.8,22.9,103.0,2384.0,0.0,0.1676,68.0,0.0,0.0,0.0,0.0,984.0,28.0,13.0,0.0,35.0,0.0,,2.04,3.89
2010/01/13,23.1,23.1,22.5,22.55,75.0,1711.0,-1.5284,0.122,39.0,0.0,0.0,0.0,0.0,984.0,8.0,8.0,0.0,35.0,0.0,,2.01,3.95
2010/01/14,22.95,24.1,22.1,24.1,207.0,4935.0,6.8736,0.3368,85.0,0.0,0.0,0.0,0.0,953.0,4.0,35.0,0.0,49.0,14.0,,2.15,3.69
2010/01/15,25.75,25.75,24.5,25.75,978.0,25170.0,6.8465,1.5915,244.0,-1.0,0.0,0.0,-1.0,1206.0,295.0,42.0,0.0,124.0,75.0,,2.3,3.46
2010/01/18,27.55,27.55,27.55,27.55,1393.0,38393.0,6.9903,2.2668,503.0,0.0,0.0,0.0,0.0,1432.0,428.0,202.0,0.0,239.0,115.0,,2.46,3.23
2010/01/19,29.45,29.45,28.5,29.1,3944.0,115753.0,5.6261,6.4179,1311.0,0.0,0.0,0.0,0.0,2825.0,1931.0,538.0,5.0,572.0,345.0,,2.6,3.06
2010/01/20,29.1,29.1,27.1,27.1,1125.0,31478.0,-6.8729,1.8307,549.0,0.0,0.0,0.0,0.0,2456.0,239.0,608.0,72.0,513.0,13.0,,2.42,3.28
2010/01/21,25.8,26.85,25.25,25.25,1210.0,30925.0,-6.8266,1.969,403.0,0.0,0.0,0.0,0.0,1905.0,276.0,827.0,1.0,505.0,0.0,,2.25,3.52
2010/01/22,24.75,26.9,24.35,26.5,556.0,14292.0,4.9505,0.9048,292.0,0.0,0.0,0.0,0.0,1971.0,213.0,147.0,0.0,512.0,7.0,,2.36,3.36
2010/01/25,28.35,28.35,24.65,25.1,845.0,22364.0,-5.283,1.375,349.0,0.0,0.0,0.0,0.0,2158.0,362.0,175.0,29.0,484.0,11.0,,2.24,3.55
2010/01/26,24.9,26.2,23.5,24.1,339.0,8346.0,-3.9841,0.5516,179.0,0.0,0.0,0.0,0.0,2114.0,68.0,112.0,0.0,448.0,1.0,,2.15,3.69
2010/01/27,23.9,25.0,23.5,23.5,258.0,6157.0,-2.4896,0.4198,131.0,1.0,0.0,0.0,1.0,2058.0,51.0,107.0,0.0,380.0,0.0,,2.1,3.79
2010/01/28,24.0,24.4,23.65,24.15,137.0,3314.0,2.766,0.2229,91.0,0.0,0.0,0.0,0.0,2017.0,27.0,68.0,0.0,210.0,0.0,,2.15,3.69
2010/01/29,23.65,23.65,23.0,23.55,130.0,3029.0,-2.4845,0.2067,75.0,0.0,0.0,0.0,0.0,1944.0,21.0,89.0,0.0,190.0,0.0,,2.1,3.78
2010/02/01,23.4,23.7,23.0,23.3,81.0,1881.0,-1.0616,0.1288,45.0,0.0,0.0,0.0,0.0,1947.0,26.0,23.0,0.0,160.0,0.0,,2.08,3.82
2010/02/02,23.5,23.7,22.9,23.05,158.0,3668.0,-1.073,0.2512,70.0,0.0,0.0,0.0,0.0,1903.0,6.0,50.0,0.0,160.0,0.0,,2.06,3.86
2010/02/03,23.3,23.45,23.05,23.3,129.0,2995.0,1.0846,0.2051,72.0,0.0,0.0,0.0,0.0,1864.0,15.0,54.0,0.0,160.0,0.0,,2.08,3.82
2010/02/04,24.9,24.9,24.1,24.9,333.0,8268.0,6.867,0.5294,187.0,0.0,0.0,0.0,0.0,1963.0,151.0,52.0,0.0,152.0,1.0,,2.22,3.57
2010/02/05,24.1,24.5,23.25,23.35,291.0,6894.0,-6.2249,0.4626,155.0,0.0,0.0,0.0,0.0,1896.0,61.0,128.0,0.0,152.0,0.0,,2.08,3.81
2010/02/06,23.35,23.6,22.0,22.85,163.0,3732.0,-2.1413,0.2591,85.0,0.0,0.0,0.0,0.0,1842.0,16.0,70.0,1.0,149.0,0.0,,2.04,3.89
2010/02/08,22.85,23.9,22.85,23.4,100.0,2353.0,2.407,0.159,65.0,0.0,0.0,0.0,0.0,1842.0,35.0,35.0,0.0,142.0,0.0,,2.09,3.8
2010/02/09,23.4,24.25,23.05,23.4,147.0,3464.0,0.0,0.2337,87.0,0.0,0.0,0.0,0.0,1864.0,43.0,21.0,0.0,135.0,0.0,,2.09,3.8
2010/02/10,23.8,24.0,21.9,21.9,384.0,8755.0,-6.4103,0.6104,140.0,0.0,0.0,0.0,0.0,1842.0,62.0,50.0,0.0,118.0,0.0,,1.95,4.06
2010/02/22,23.4,23.4,23.2,23.4,98.0,2300.0,6.8493,0.1558,55.0,0.0,0.0,0.0,0.0,1837.0,18.0,23.0,0.0,106.0,2.0,,2.09,3.8
2010/02/23,24.6,24.8,24.0,24.4,265.0,6485.0,4.2735,0.4213,128.0,7.0,0.0,0.0,7.0,1831.0,58.0,64.0,0.0,57.0,0.0,,2.18,3.65
2010/02/24,24.0,24.5,24.0,24.2,94.0,2270.0,-0.8197,0.1494,49.0,0.0,0.0,0.0,0.0,1815.0,40.0,56.0,0.0,57.0,0.0,,2.16,3.68
2010/02/25,24.35,24.7,23.85,24.0,164.0,3990.0,-0.8264,0.2607,69.0,-7.0,0.0,0.0,-7.0,1887.0,119.0,47.0,0.0,57.0,0.0,,2.14,3.71
2010/02/26,24.35,25.35,24.3,24.9,201.0,4976.0,3.75,0.3195,105.0,0.0,0.0,0.0,0.0,1919.0,83.0,51.0,3.0,55.0,1.0,,2.22,3.57
2010/03/01,24.8,25.3,24.8,25.15,90.0,2264.0,1.004,0.1431,46.0,0.0,0.0,0.0,0.0,1962.0,64.0,21.0,0.0,51.0,0.0,,2.24,3.54
2010/03/02,25.55,25.55,24.4,24.4,196.0,4879.0,-2.9821,0.3115,68.0,0.0,0.0,0.0,0.0,2027.0,142.0,77.0,1.0,50.0,0.0,,2.18,3.65
2010/03/03,24.9,25.4,24.4,25.4,191.0,4762.0,4.0984,0.3036,83.0,0.0,0.0,0.0,0.0,2055.0,89.0,61.0,0.0,34.0,0.0,,2.18,3.65
2010/03/04,25.5,26.4,25.1,26.35,406.0,10484.0,3.7402,0.6453,200.0,0.0,0.0,0.0,0.0,2196.0,265.0,124.0,0.0,34.0,0.0,,2.35,3.38
2010/03/05,27.2,27.2,26.4,26.5,246.0,6602.0,0.5693,0.391,119.0,0.0,0.0,0.0,0.0,2206.0,114.0,103.0,0.0,34.0,0.0,,2.36,3.36
2010/03/08,27.1,27.35,26.5,26.5,170.0,4565.0,0.0,0.2702,97.0,0.0,0.0,0.0,0.0,2198.0,65.0,73.0,0.0,32.0,0.0,,2.36,3.36
2010/03/09,26.8,27.0,25.9,27.0,202.0,5348.0,1.8868,0.3211,91.0,0.0,0.0,0.0,0.0,2206.0,71.0,63.0,0.0,32.0,0.0,,2.41,3.3
2010/03/10,27.0,27.0,26.1,26.35,138.0,3661.0,-2.4074,0.2193,86.0,0.0,0.0,0.0,0.0,2180.0,48.0,74.0,0.0,32.0,0.0,,2.35,3.38
2010/03/11,26.65,26.65,25.9,26.0,209.0,5437.0,-1.3283,0.3322,95.0,0.0,0.0,0.0,0.0,2163.0,32.0,49.0,0.0,32.0,0.0,,2.32,3.42
2010/03/12,26.05,26.2,25.5,25.55,107.0,2760.0,-1.7308,0.1701,46.0,0.0,0.0,0.0,0.0,2157.0,27.0,33.0,4.0,28.0,0.0,,2.28,3.48
2010/03/15,25.7,26.0,25.5,25.5,51.0,1310.0,-0.1957,0.0811,31.0,0.0,0.0,0.0,0.0,2145.0,5.0,17.0,0.0,28.0,0.0,,2.27,3.49
2010/03/16,25.0,25.8,25.0,25.7,70.0,1783.0,0.7843,0.1113,34.0,-1.0,0.0,0.0,-1.0,2147.0,4.0,2.0,0.0,28.0,0.0,,2.29,3.46
2010/03/17,25.6,25.8,25.5,25.8,36.0,934.0,0.3891,0.0572,25.0,0.0,0.0,0.0,0.0,2158.0,11.0,0.0,0.0,28.0,0.0,,2.3,3.45
2010/03/18,25.9,26.5,25.7,26.5,87.0,2289.0,2.7132,0.1383,44.0,7.0,0.0,0.0,7.0,2161.0,14.0,11.0,0.0,28.0,0.0,,2.36,3.36
2010/03/19,26.05,26.45,25.5,26.2,126.0,3265.0,-1.1321,0.2003,74.0,0.0,0.0,0.0,0.0,2191.0,41.0,11.0,1.0,15.0,0.0,,2.34,3.4
2010/03/22,26.15,28.0,25.7,28.0,347.0,9512.0,6.8702,0.5515,124.0,0.0,0.0,0.0,0.0,2270.0,113.0,34.0,0.0,16.0,1.0,,2.5,3.18
2010/03/23,29.95,29.95,28.6,29.95,3053.0,91044.0,6.9643,4.8527,948.0,0.0,0.0,0.0,0.0,3194.0,1277.0,353.0,0.0,31.0,15.0,,2.67,2.97
2010/03/24,31.5,31.5,29.0,29.4,2653.0,81550.0,-1.8364,4.2169,1124.0,0.0,0.0,0.0,0.0,3061.0,948.0,1081.0,12.0,24.0,5.0,,2.62,3.03
2010/03/25,28.35,29.8,28.35,28.75,396.0,11431.0,-2.2109,0.6294,231.0,0.0,0.0,30.0,30.0,3056.0,141.0,146.0,3.0,21.0,1.0,,2.56,3.1
2010/03/26,28.0,29.45,28.0,28.75,426.0,12216.0,0.0,0.6771,194.0,0.0,0.0,130.0,130.0,3019.0,77.0,114.0,0.0,21.0,0.0,,2.56,3.1
2010/03/29,29.0,29.8,28.8,28.85,534.0,15610.0,0.3478,0.8488,212.0,0.0,0.0,32.0,32.0,2995.0,130.0,154.0,4.0,26.0,10.0,,2.57,3.08
2010/03/30,29.4,29.5,28.2,28.75,368.0,10658.0,-0.3466,0.5849,161.0,0.0,0.0,33.0,33.0,2977.0,77.0,95.0,0.0,26.0,0.0,,2.56,3.1
2010/03/31,28.5,28.75,28.1,28.1,339.0,9622.0,-2.2609,0.535,137.0,0.0,0.0,0.0,0.0,2834.0,69.0,212.0,1.0,25.0,0.0,,2.51,3.17
2010/04/01,28.6,28.6,28.1,28.1,203.0,5762.0,0.0,0.3203,98.0,0.0,0.0,5.0,5.0,2825.0,60.0,69.0,2.0,23.0,0.0,,2.51,3.17
2010/04/02,28.1,28.45,28.1,28.1,141.0,3986.0,0.0,0.2225,64.0,0.0,0.0,-5.0,-5.0,2813.0,19.0,31.0,0.0,16.0,0.0,,2.51,3.17
2010/04/06,28.4,28.9,28.1,28.4,279.0,7975.0,1.0676,0.4403,121.0,0.0,0.0,-5.0,-5.0,2697.0,27.0,143.0,0.0,9.0,0.0,,2.53,3.13
2010/04/07,28.85,28.85,28.5,28.8,133.0,3822.0,1.4085,0.2099,74.0,0.0,0.0,-15.0,-15.0,2694.0,25.0,28.0,0.0,14.0,5.0,,2.57,3.09
2010/04/08,28.7,29.2,28.55,28.65,377.0,10939.0,-0.5208,0.5949,144.0,-7.0,0.0,-96.0,-103.0,2721.0,103.0,76.0,0.0,19.0,5.0,,2.56,3.11
2010/04/09,28.6,28.9,28.45,28.5,179.0,5131.0,-0.5236,0.2825,87.0,0.0,0.0,-2.0,-2.0,2680.0,42.0,83.0,13.0,6.0,0.0,,2.54,3.12
2010/04/12,28.6,28.8,28.3,28.35,221.0,6295.0,-0.5263,0.3488,81.0,0.0,0.0,0.0,0.0,2691.0,53.0,42.0,6.0,0.0,0.0,,2.53,3.14
2010/04/13,28.65,29.3,28.55,29.1,334.0,9676.0,2.6455,0.5271,125.0,0.0,0.0,-54.0,-54.0,2635.0,0.0,56.0,0.0,0.0,0.0,,2.6,3.06
2010/04/14,29.3,29.35,28.65,28.65,425.0,12300.0,-1.5464,0.6707,159.0,1.0,0.0,-53.0,-52.0,2544.0,0.0,91.0,0.0,0.0,0.0,,2.56,3.11
2010/04/15,28.6,30.65,28.6,30.65,2031.0,61700.0,6.9808,3.205,319.0,0.0,0.0,0.0,0.0,2287.0,0.0,257.0,0.0,0.0,0.0,,2.73,2.9
2010/04/16,32.75,32.75,31.75,32.5,7777.0,253978.0,6.0359,12.2726,2629.0,1.0,0.0,0.0,1.0,3639.0,1947.0,595.0,0.0,1057.0,1057.0,,2.9,2.74
2010/04/19,30.3,31.5,30.25,30.25,1379.0,42225.0,-6.9231,2.1523,644.0,0.0,0.0,0.0,0.0,3549.0,341.0,431.0,39.0,1018.0,0.0,,2.7,2.94
2010/04/20,30.0,30.5,28.2,29.0,1233.0,35788.0,-4.1322,1.9244,604.0,0.0,0.0,0.0,0.0,3622.0,404.0,331.0,0.0,1041.0,23.0,,2.59,3.07
2010/04/21,29.45,29.45,28.65,28.65,893.0,25863.0,-1.2069,1.3937,411.0,0.0,0.0,0.0,0.0,3512.0,151.0,255.0,44.0,1181.0,184.0,,2.56,3.11
2010/04/22,28.65,29.35,28.55,28.8,638.0,18516.0,0.5236,0.9958,350.0,0.0,0.0,0.0,0.0,3403.0,134.0,243.0,12.0,1238.0,69.0,,2.57,3.09
2010/04/23,29.0,29.1,28.6,28.6,590.0,17009.0,-0.6944,0.9208,295.0,1.0,0.0,0.0,1.0,3445.0,162.0,120.0,0.0,1221.0,16.0,,2.55,3.11
2010/04/26,28.9,29.2,28.5,28.55,436.0,12536.0,-0.1748,0.6805,216.0,0.0,0.0,0.0,0.0,3471.0,119.0,93.0,0.0,1200.0,2.0,,2.55,3.12
2010/04/27,28.55,28.6,28.1,28.2,380.0,10755.0,-1.2259,0.5931,188.0,0.0,0.0,0.0,0.0,3439.0,84.0,114.0,0.0,1151.0,0.0,,2.52,3.16
2010/04/28,27.0,28.05,27.0,27.0,439.0,12032.0,-4.2553,0.6852,188.0,0.0,0.0,0.0,0.0,3464.0,118.0,93.0,0.0,1151.0,0.0,,2.41,3.3
2010/04/29,27.2,28.5,27.2,27.75,295.0,8225.0,2.7778,0.4604,166.0,10.0,0.0,0.0,10.0,3465.0,90.0,89.0,0.0,1160.0,9.0,,2.48,3.21
2010/04/30,28.3,28.3,27.3,27.3,246.0,6816.0,-1.6216,0.3839,140.0,-10.0,0.0,0.0,-10.0,3481.0,62.0,46.0,0.0,1145.0,0.0,,2.44,3.26
2010/05/03,27.3,28.2,27.3,27.35,322.0,8933.0,0.1832,0.5026,169.0,0.0,0.0,0.0,0.0,3575.0,157.0,63.0,10.0,1129.0,8.0,,2.44,3.25
2010/05/04,27.4,27.8,27.15,27.3,315.0,8637.0,-0.1828,0.4916,139.0,0.0,0.0,0.0,0.0,3585.0,108.0,97.0,14.0,1110.0,0.0,,2.44,3.26
2010/05/05,26.3,27.0,26.2,26.2,400.0,10591.0,-4.0293,0.6243,180.0,0.0,0.0,0.0,0.0,3554.0,103.0,134.0,0.0,1100.0,0.0,21.83,2.0,3.4
2010/05/06,26.2,26.55,26.0,26.45,299.0,7849.0,0.9542,0.4667,125.0,-2.0,0.0,0.0,-2.0,3506.0,69.0,117.0,0.0,1090.0,0.0,22.04,2.02,3.36
2010/05/07,25.2,26.55,25.2,26.2,270.0,7049.0,-0.9452,0.4214,130.0,0.0,0.0,0.0,0.0,3490.0,48.0,64.0,1.0,1078.0,0.0,21.83,2.0,3.4
2010/05/10,26.1,27.0,26.1,26.6,111.0,2969.0,1.5267,0.1732,81.0,-1.0,0.0,0.0,-1.0,3515.0,56.0,31.0,0.0,1085.0,12.0,22.17,2.03,3.35
2010/05/11,26.8,27.0,26.05,26.05,151.0,4012.0,-2.0677,0.2357,78.0,6.0,0.0,0.0,6.0,3473.0,31.0,73.0,5.0,1070.0,0.0,21.71,1.99,3.42
2010/05/12,26.05,26.85,26.05,26.45,131.0,3452.0,1.5355,0.2045,76.0,0.0,0.0,0.0,0.0,3473.0,32.0,32.0,0.0,1079.0,9.0,22.04,2.02,3.36
2010/05/13,26.5,27.5,26.5,26.9,124.0,3351.0,1.7013,0.1935,72.0,0.0,0.0,0.0,0.0,3457.0,19.0,35.0,0.0,1069.0,5.0,22.42,2.05,3.31
2010/05/14,26.5,26.75,25.85,26.35,116.0,3058.0,-2.0446,0.181,67.0,2.0,0.0,0.0,2.0,3464.0,22.0,15.0,0.0,1009.0,0.0,21.96,2.01,3.38
2010/05/17,25.9,26.2,25.9,26.05,98.0,2554.0,-1.1385,0.153,55.0,0.0,0.0,0.0,0.0,3456.0,15.0,23.0,0.0,999.0,0.0,21.71,1.99,3.42
2010/05/18,26.05,26.3,26.0,26.2,246.0,6430.0,0.5758,0.3839,100.0,-8.0,0.0,0.0,-8.0,3458.0,21.0,19.0,34.0,878.0,0.0,21.83,2.0,3.4
2010/05/19,26.05,26.3,25.9,25.9,124.0,3231.0,-1.145,0.1935,57.0,0.0,0.0,0.0,0.0,3491.0,41.0,8.0,0.0,875.0,0.0,21.58,1.98,3.44
2010/05/20,26.1,26.3,25.9,25.9,125.0,3262.0,0.0,0.1951,69.0,0.0,0.0,0.0,0.0,3490.0,19.0,20.0,27.0,871.0,25.0,21.58,1.98,3.44
2010/05/21,24.5,25.3,24.4,24.6,287.0,7168.0,-5.0193,0.4479,100.0,0.0,0.0,0.0,0.0,3395.0,40.0,134.0,1.0,870.0,0.0,20.5,1.88,3.62
2010/05/24,25.0,25.55,24.6,25.2,147.0,3710.0,2.439,0.2294,60.0,0.0,0.0,0.0,0.0,3371.0,12.0,36.0,18.0,867.0,15.0,21.0,1.92,3.53
2010/05/25,25.2,25.2,24.1,24.65,156.0,3860.0,-2.1825,0.2435,67.0,0.0,0.0,0.0,0.0,3382.0,46.0,34.0,0.0,867.0,0.0,20.54,1.88,3.61
2010/05/26,24.65,25.0,24.6,24.9,143.0,3561.0,1.0142,0.2232,72.0,0.0,0.0,0.0,0.0,3360.0,58.0,75.0,0.0,836.0,0.0,20.75,1.9,3.57
2010/05/27,24.85,25.0,24.5,25.0,61.0,1512.0,0.4016,0.0952,32.0,1.0,0.0,0.0,1.0,3355.0,18.0,23.0,0.0,836.0,0.0,20.83,1.91,3.56
2010/05/28,25.15,26.3,25.05,26.2,115.0,2950.0,4.8,0.1795,75.0,3.0,0.0,0.0,3.0,3370.0,45.0,30.0,0.0,859.0,23.0,21.83,2.0,3.4
2010/05/31,26.7,26.8,26.3,26.6,122.0,3263.0,1.5267,0.1904,76.0,0.0,0.0,0.0,0.0,3381.0,61.0,50.0,0.0,829.0,0.0,22.17,2.03,3.35
2010/06/01,26.25,26.55,25.85,26.0,45.0,1191.0,-2.2556,0.0702,32.0,0.0,0.0,0.0,0.0,3378.0,10.0,13.0,0.0,821.0,0.0,21.67,1.98,3.42
2010/06/02,25.8,26.0,25.6,26.0,61.0,1573.0,0.0,0.0952,32.0,0.0,0.0,0.0,0.0,3355.0,3.0,26.0,0.0,797.0,0.0,21.67,1.98,3.42
2010/06/03,26.0,26.0,25.55,25.95,45.0,1169.0,-0.1923,0.0702,33.0,0.0,0.0,0.0,0.0,3359.0,9.0,5.0,0.0,792.0,0.0,21.63,1.98,3.43
2010/06/04,25.8,26.2,25.6,25.95,101.0,2612.0,0.0,0.1576,46.0,0.0,0.0,0.0,0.0,3382.0,32.0,9.0,0.0,790.0,0.0,21.63,1.98,3.43
2010/06/07,25.6,25.6,24.9,24.9,60.0,1510.0,-4.0462,0.0936,37.0,0.0,0.0,0.0,0.0,3378.0,2.0,6.0,0.0,790.0,0.0,20.75,1.9,3.57
2010/06/08,25.2,25.2,24.65,25.05,44.0,1095.0,0.6024,0.0687,28.0,0.0,0.0,0.0,0.0,3374.0,9.0,13.0,7.0,785.0,2.0,20.88,1.91,3.55
2010/06/09,25.0,25.2,24.45,25.05,62.0,1545.0,0.0,0.0968,39.0,0.0,0.0,0.0,0.0,3381.0,30.0,23.0,0.0,772.0,0.0,20.88,1.91,3.55
2010/06/10,25.2,25.4,24.65,25.35,60.0,1515.0,1.1976,0.0936,38.0,0.0,0.0,0.0,0.0,3384.0,26.0,23.0,0.0,772.0,0.0,21.13,1.94,3.51
2010/06/11,26.0,26.0,25.55,25.7,40.0,1037.0,1.3807,0.0624,33.0,0.0,0.0,0.0,0.0,3377.0,1.0,8.0,1.0,771.0,0.0,21.42,1.96,3.46
2010/06/14,25.7,26.3,25.55,26.05,35.0,905.0,1.3619,0.0546,17.0,0.0,0.0,0.0,0.0,3377.0,23.0,23.0,0.0,771.0,0.0,21.71,1.99,3.42
2010/06/15,26.0,26.05,25.5,25.5,41.0,1057.0,-2.1113,0.064,26.0,0.0,0.0,0.0,0.0,3376.0,12.0,9.0,0.0,771.0,0.0,21.25,1.95,3.49
2010/06/17,26.0,26.0,25.5,25.7,48.0,1239.0,0.7843,0.0749,25.0,0.0,0.0,0.0,0.0,3393.0,17.0,0.0,0.0,771.0,0.0,21.42,1.96,3.46
2010/06/18,25.5,25.5,25.0,25.2,54.0,1368.0,-1.9455,0.0843,29.0,0.0,0.0,0.0,0.0,3367.0,0.0,24.0,2.0,769.0,0.0,21.0,1.92,3.53
2010/06/21,25.2,25.8,25.0,25.55,89.0,2260.0,1.3889,0.1389,54.0,0.0,0.0,0.0,0.0,3368.0,5.0,4.0,0.0,769.0,0.0,21.29,1.95,3.48
2010/06/22,25.85,25.85,25.25,25.3,55.0,1401.0,-0.9785,0.0858,33.0,0.0,0.0,0.0,0.0,3377.0,14.0,5.0,0.0,769.0,0.0,21.08,1.93,3.52
2010/06/23,25.1,25.45,25.0,25.15,53.0,1342.0,-0.5929,0.0827,33.0,0.0,0.0,0.0,0.0,3374.0,13.0,16.0,0.0,769.0,0.0,20.96,1.92,3.54
2010/06/24,25.2,25.2,25.0,25.0,144.0,3610.0,-0.5964,0.2247,46.0,0.0,0.0,0.0,0.0,3366.0,2.0,10.0,73.0,189.0,0.0,20.83,1.91,3.56
2010/06/25,24.55,24.7,24.5,24.7,54.0,1339.0,-1.2,0.0843,36.0,0.0,0.0,0.0,0.0,3370.0,5.0,1.0,0.0,188.0,0.0,20.58,1.89,3.6
2010/06/28,24.4,24.85,24.4,24.65,10.0,246.0,-0.2024,0.0156,11.0,0.0,0.0,0.0,0.0,3368.0,4.0,1.0,0.0,115.0,0.0,20.54,1.88,3.61
2010/06/29,24.95,25.4,24.65,24.7,224.0,5582.0,0.2028,0.3496,68.0,0.0,0.0,0.0,0.0,3393.0,41.0,16.0,0.0,115.0,0.0,20.58,1.89,3.6
2010/06/30,24.15,25.4,24.0,24.85,343.0,8377.0,0.6073,0.5278,90.0,0.0,0.0,0.0,0.0,3390.0,16.0,19.0,0.0,115.0,0.0,20.71,1.9,3.58
2010/07/01,24.7,25.1,24.55,24.55,282.0,7001.0,-1.2072,0.4339,44.0,0.0,0.0,0.0,0.0,3390.0,7.0,7.0,2.0,103.0,0.0,20.46,1.87,3.63
2010/07/02,24.5,25.4,24.5,24.95,437.0,10913.0,1.6293,0.6724,99.0,0.0,0.0,0.0,0.0,3459.0,93.0,24.0,0.0,104.0,1.0,20.79,1.9,3.57
2010/07/05,25.0,25.2,24.55,24.9,123.0,3053.0,-0.2004,0.1893,58.0,0.0,0.0,0.0,0.0,3409.0,28.0,28.0,3.0,101.0,0.0,20.75,1.9,3.57
2010/07/06,24.5,24.7,24.5,24.55,132.0,3245.0,-1.4056,0.2031,50.0,0.0,0.0,0.0,0.0,3411.0,17.0,15.0,6.0,95.0,0.0,20.46,1.87,3.63
2010/07/07,24.55,24.7,24.35,24.35,63.0,1542.0,-0.8147,0.0969,40.0,0.0,0.0,0.0,0.0,3416.0,19.0,14.0,0.0,95.0,0.0,20.29,1.86,3.66
2010/07/08,24.8,24.95,24.35,24.4,412.0,10126.0,0.2053,0.634,68.0,0.0,0.0,0.0,0.0,3468.0,168.0,116.0,0.0,79.0,0.0,20.33,1.86,3.65
2010/07/09,24.4,25.0,24.4,24.6,48.0,1189.0,0.8197,0.0739,36.0,0.0,0.0,0.0,0.0,3464.0,13.0,17.0,0.0,79.0,0.0,20.5,1.88,3.62
2010/07/12,24.6,24.75,24.3,24.3,159.0,3911.0,-1.2195,0.2447,58.0,0.0,0.0,0.0,0.0,3507.0,65.0,22.0,0.0,79.0,0.0,20.25,1.85,3.66
2010/07/13,24.4,24.7,24.3,24.5,46.0,1141.0,0.823,0.0708,19.0,0.0,0.0,0.0,0.0,3511.0,15.0,11.0,0.0,79.0,0.0,20.42,1.87,3.63
2010/07/14,24.5,24.65,24.45,24.45,45.0,1103.0,-0.2041,0.0692,23.0,0.0,0.0,0.0,0.0,3498.0,2.0,15.0,0.0,79.0,0.0,20.38,1.87,3.64
2010/07/15,24.4,24.7,24.3,24.4,144.0,3532.0,-0.2045,0.2216,39.0,0.0,0.0,0.0,0.0,3526.0,30.0,2.0,0.0,7.0,0.0,20.33,1.86,3.65
2010/07/16,24.3,24.35,24.1,24.1,92.0,2232.0,-1.2295,0.1416,39.0,0.0,0.0,0.0,0.0,3529.0,4.0,1.0,0.0,7.0,0.0,20.08,1.84,3.69
2010/07/19,23.95,24.6,23.95,24.6,49.0,1198.0,2.0747,0.0754,27.0,0.0,0.0,0.0,0.0,3517.0,1.0,13.0,0.0,9.0,2.0,20.5,1.88,3.62
2010/07/20,24.9,24.9,24.05,24.25,171.0,4199.0,-1.4228,0.2631,55.0,4.0,0.0,0.0,4.0,3507.0,13.0,23.0,2.0,7.0,0.0,20.21,1.85,3.67
2010/07/21,24.4,24.55,24.0,24.5,103.0,2514.0,1.0309,0.1585,74.0,5.0,0.0,0.0,5.0,3504.0,0.0,3.0,0.0,7.0,0.0,20.42,1.87,3.63
2010/07/22,24.2,24.45,24.05,24.4,59.0,1429.0,-0.4082,0.0908,27.0,0.0,0.0,0.0,0.0,3504.0,1.0,1.0,0.0,7.0,0.0,20.33,1.86,3.65
2010/07/23,24.4,26.0,24.4,25.45,618.0,15470.0,4.3033,0.9505,194.0,1.0,0.0,0.0,1.0,3583.0,103.0,24.0,0.0,7.0,0.0,21.21,1.94,3.5
2010/07/26,25.3,25.3,25.0,25.0,122.0,3082.0,-1.7682,0.1876,52.0,0.0,0.0,0.0,0.0,3566.0,14.0,31.0,0.0,7.0,0.0,20.83,1.91,3.56
2010/07/27,25.25,25.3,25.0,25.0,114.0,2875.0,0.0,0.1753,47.0,0.0,0.0,0.0,0.0,3550.0,5.0,21.0,0.0,7.0,0.0,20.83,1.91,3.56
2010/07/28,25.0,25.75,25.0,25.3,202.0,5150.0,1.2,0.3107,68.0,0.0,0.0,0.0,0.0,3627.0,115.0,38.0,0.0,7.0,0.0,21.08,1.93,3.52
2010/07/29,25.2,25.25,25.1,25.15,52.0,1309.0,-0.5929,0.08,38.0,0.0,0.0,0.0,0.0,3608.0,3.0,22.0,0.0,7.0,0.0,20.96,1.92,3.54
2010/07/30,25.1,25.75,25.1,25.7,509.0,12931.0,2.1869,0.7829,83.0,0.0,0.0,0.0,0.0,3578.0,23.0,53.0,0.0,7.0,0.0,21.42,1.96,3.46
2010/08/02,26.15,26.9,26.1,26.55,651.0,17154.0,3.3074,1.0013,129.0,0.0,0.0,0.0,0.0,3592.0,70.0,56.0,0.0,7.0,0.0,22.13,2.03,3.35
2010/08/03,26.75,27.1,26.5,26.5,289.0,7705.0,-0.1883,0.4445,103.0,0.0,0.0,0.0,0.0,3548.0,49.0,93.0,0.0,0.0,0.0,22.08,2.02,3.36
2010/08/04,26.6,26.8,26.0,26.5,643.0,16946.0,0.0,0.989,129.0,0.0,0.0,0.0,0.0,3571.0,66.0,43.0,0.0,0.0,0.0,22.08,2.02,3.36
2010/08/05,26.5,26.55,26.35,26.5,161.0,4272.0,0.0,0.2476,69.0,0.0,0.0,0.0,0.0,3516.0,12.0,67.0,0.0,0.0,0.0,22.08,2.02,3.36
2010/08/06,26.5,26.8,26.5,26.8,184.0,4903.0,1.1321,0.283,69.0,5.0,0.0,0.0,5.0,3528.0,70.0,58.0,0.0,0.0,0.0,22.33,2.05,3.32
2010/08/09,26.9,27.5,26.8,27.0,246.0,6671.0,0.7463,0.3784,81.0,1.0,0.0,0.0,1.0,3480.0,0.0,48.0,0.0,0.0,0.0,22.5,2.06,3.3
2010/08/10,27.0,27.0,26.45,26.5,220.0,5882.0,-1.8519,0.3384,79.0,17.0,0.0,0.0,17.0,3386.0,0.0,94.0,0.0,0.0,0.0,22.08,2.02,3.36
2010/08/11,26.5,27.75,26.35,26.45,389.0,10493.0,-0.1887,0.5983,155.0,-51.0,0.0,0.0,-51.0,3338.0,0.0,48.0,0.0,0.0,0.0,22.04,2.02,5.52
2010/08/12,22.7,23.6,22.7,23.2,140.0,3247.0,0.5363,0.1875,69.0,-1.0,0.0,0.0,-1.0,3361.0,43.0,20.0,0.0,2.0,2.0,19.33,1.77,6.29
2010/08/13,23.8,23.9,23.5,23.9,60.0,1433.0,3.0172,0.0804,41.0,-1.0,0.0,0.0,-1.0,3356.0,5.0,10.0,0.0,2.0,0.0,19.92,1.82,6.11
2010/08/16,25.5,25.5,23.7,24.15,51.0,1241.0,1.046,0.0683,26.0,3.0,0.0,0.0,3.0,3338.0,13.0,31.0,0.0,2.0,0.0,20.13,1.84,6.05
2010/08/17,24.0,24.2,23.55,23.55,78.0,1860.0,-2.4845,0.1045,44.0,-1.0,0.0,0.0,-1.0,3330.0,19.0,27.0,2.0,0.0,0.0,19.63,1.8,6.2
2010/08/18,23.5,23.5,23.0,23.1,314.0,7283.0,-1.9108,0.4206,109.0,0.0,0.0,0.0,0.0,3267.0,68.0,131.0,0.0,0.0,0.0,19.25,1.76,6.32
2010/08/19,23.1,23.4,23.0,23.35,53.0,1225.0,1.0823,0.071,27.0,-1.0,0.0,0.0,-1.0,3271.0,6.0,2.0,0.0,0.0,0.0,19.46,1.78,6.25
2010/08/20,23.35,23.35,23.0,23.2,111.0,2576.0,-0.6424,0.1487,41.0,0.0,0.0,0.0,0.0,3249.0,2.0,22.0,0.0,0.0,0.0,19.33,1.77,6.29
2010/08/23,23.35,23.9,23.35,23.85,60.0,1421.0,2.8017,0.0804,35.0,8.0,0.0,0.0,8.0,3238.0,19.0,4.0,0.0,0.0,0.0,19.88,1.82,6.12
2010/08/24,23.5,24.0,23.5,23.65,103.0,2447.0,-0.8386,0.138,62.0,4.0,0.0,0.0,4.0,3228.0,17.0,27.0,0.0,0.0,0.0,19.71,1.81,6.17
2010/08/25,23.5,23.85,23.4,23.5,95.0,2256.0,-0.6342,0.1273,43.0,0.0,0.0,0.0,0.0,3233.0,5.0,0.0,0.0,0.0,0.0,19.58,1.79,6.21
2010/08/26,23.5,23.6,23.1,23.6,124.0,2901.0,0.4255,0.1661,51.0,-5.0,0.0,0.0,-5.0,3191.0,7.0,49.0,0.0,0.0,0.0,19.67,1.8,6.19
2010/08/27,23.5,23.5,23.15,23.2,85.0,1974.0,-1.6949,0.1139,38.0,0.0,0.0,0.0,0.0,3195.0,5.0,1.0,0.0,0.0,0.0,19.33,1.77,6.29
2010/08/30,23.4,23.5,23.25,23.25,48.0,1120.0,0.2155,0.0643,25.0,0.0,0.0,0.0,0.0,3185.0,5.0,15.0,0.0,0.0,0.0,19.38,1.77,6.28
2010/08/31,23.0,24.85,22.7,24.85,175.0,4230.0,6.8817,0.2273,59.0,0.0,0.0,0.0,0.0,3130.0,7.0,62.0,0.0,0.0,0.0,20.71,1.9,5.88
2010/09/01,25.5,26.0,24.95,25.5,1061.0,27006.0,2.6157,1.3784,503.0,0.0,0.0,0.0,0.0,3432.0,349.0,47.0,0.0,287.0,287.0,21.25,1.95,5.73
2010/09/02,26.55,27.25,26.3,27.25,2511.0,67495.0,6.8627,3.2621,996.0,-6.0,0.0,0.0,-6.0,3446.0,472.0,458.0,8.0,794.0,515.0,22.71,2.08,5.36
2010/09/03,27.25,27.6,26.3,26.7,1230.0,33215.0,-2.0183,1.5979,492.0,0.0,0.0,0.0,0.0,3242.0,176.0,380.0,227.0,737.0,170.0,22.25,2.04,5.47
2010/09/06,26.15,27.25,26.0,27.0,1095.0,29548.0,1.1236,1.4221,320.0,9.0,0.0,0.0,9.0,3230.0,147.0,159.0,43.0,713.0,20.0,13.04,1.95,5.41
2010/09/07,27.0,27.75,26.55,26.7,863.0,23524.0,-1.1111,1.1208,304.0,13.0,0.0,0.0,13.0,3217.0,123.0,136.0,20.0,698.0,5.0,12.9,1.93,5.47
2010/09/08,26.95,27.1,26.6,26.9,284.0,7628.0,0.7491,0.3688,139.0,0.0,0.0,0.0,0.0,3201.0,69.0,85.0,52.0,600.0,6.0,13.0,1.94,5.43
2010/09/09,27.0,27.5,26.85,27.45,959.0,26130.0,2.0446,1.2454,302.0,-38.0,0.0,0.0,-38.0,3053.0,129.0,277.0,105.0,502.0,7.0,13.26,1.98,5.32
2010/09/10,27.55,27.55,26.7,26.7,409.0,11080.0,-2.7322,0.5312,152.0,0.0,0.0,0.0,0.0,2964.0,129.0,218.0,41.0,466.0,5.0,12.9,1.93,5.47
2010/09/13,26.95,27.15,26.7,26.95,262.0,7067.0,0.9363,0.3403,76.0,10.0,0.0,0.0,10.0,2953.0,61.0,72.0,8.0,406.0,0.0,13.02,1.95,5.42
2010/09/14,26.95,27.3,26.8,27.0,131.0,3543.0,0.1855,0.1701,54.0,0.0,0.0,0.0,0.0,2962.0,28.0,19.0,7.0,400.0,2.0,13.04,1.95,5.41
2010/09/15,27.0,27.4,26.9,27.0,255.0,6903.0,0.0,0.3312,136.0,0.0,0.0,0.0,0.0,2948.0,54.0,68.0,3.0,396.0,0.0,13.04,1.95,5.41
2010/09/16,27.0,27.2,26.9,26.9,244.0,6605.0,-0.3704,0.3169,111.0,0.0,0.0,0.0,0.0,2914.0,6.0,40.0,15.0,382.0,1.0,13.0,1.94,5.43
2010/09/17,26.95,28.2,26.95,27.6,716.0,19778.0,2.6022,0.9299,305.0,17.0,0.0,0.0,17.0,3014.0,206.0,86.0,21.0,348.0,7.0,13.33,1.99,5.29
2010/09/20,27.7,29.1,27.0,28.6,1340.0,38448.0,3.6232,1.7402,440.0,0.0,0.0,0.0,0.0,2778.0,94.0,330.0,12.0,331.0,11.0,13.82,2.07,5.1
2010/09/21,29.0,29.45,28.4,28.4,339.0,9809.0,-0.6993,0.4403,160.0,4.0,0.0,0.0,4.0,2797.0,79.0,60.0,10.0,321.0,0.0,13.72,2.05,5.14
2010/09/23,28.4,29.0,28.2,28.65,400.0,11493.0,0.8803,0.5195,167.0,0.0,0.0,0.0,0.0,2706.0,17.0,108.0,0.0,321.0,0.0,13.84,2.07,5.1
2010/09/24,28.65,29.5,27.85,28.2,342.0,9785.0,-1.5707,0.4442,131.0,-22.0,0.0,0.0,-22.0,2695.0,50.0,61.0,0.0,326.0,5.0,13.62,2.04,5.18
2010/09/27,29.0,29.0,28.0,28.1,219.0,6202.0,-0.3546,0.2844,89.0,-4.0,0.0,0.0,-4.0,2644.0,30.0,81.0,0.0,326.0,0.0,13.57,2.03,5.2
2010/09/28,27.85,28.0,27.5,27.6,325.0,9048.0,-1.7794,0.4221,87.0,3.0,0.0,0.0,3.0,2603.0,29.0,70.0,7.0,319.0,0.0,13.33,1.99,5.29
2010/09/29,27.7,27.7,27.3,27.45,407.0,11196.0,-0.5435,0.5286,123.0,31.0,0.0,0.0,31.0,2493.0,77.0,187.0,9.0,310.0,0.0,13.26,1.98,5.32
2010/09/30,27.3,27.95,27.3,27.45,198.0,5455.0,0.0,0.2513,72.0,9.0,0.0,0.0,9.0,2445.0,18.0,66.0,11.0,299.0,0.0,13.26,1.98,5.32
2010/10/01,29.35,29.35,28.3,28.3,837.0,24126.0,3.0965,1.0623,348.0,16.0,0.0,0.0,16.0,2635.0,304.0,114.0,9.0,290.0,0.0,13.67,2.04,5.16
2010/10/04,28.35,28.35,27.75,27.95,389.0,10922.0,-1.2367,0.4937,141.0,13.0,0.0,0.0,13.0,2612.0,48.0,71.0,0.0,290.0,0.0,13.5,2.02,5.22
2010/10/05,27.95,28.65,27.95,28.3,480.0,13630.0,1.2522,0.6092,176.0,0.0,0.0,0.0,0.0,2611.0,29.0,30.0,5.0,332.0,47.0,13.67,2.04,5.16
2010/10/06,28.4,29.25,28.4,28.8,529.0,15245.0,1.7668,0.6714,190.0,18.0,0.0,0.0,18.0,2672.0,109.0,48.0,0.0,341.0,9.0,13.91,2.08,5.07
2010/10/07,28.8,28.8,28.35,28.35,161.0,4588.0,-1.5625,0.2043,76.0,0.0,0.0,0.0,0.0,2671.0,50.0,51.0,5.0,336.0,0.0,13.7,2.05,5.15
2010/10/08,28.4,28.7,28.2,28.2,133.0,3773.0,-0.5291,0.1688,42.0,0.0,0.0,0.0,0.0,2672.0,11.0,10.0,0.0,336.0,0.0,13.62,2.04,5.18
2010/10/11,28.25,29.0,28.25,28.25,265.0,7554.0,0.1773,0.3363,107.0,-30.0,0.0,0.0,-30.0,2701.0,88.0,59.0,0.0,310.0,0.0,13.65,2.04,5.17
2010/10/12,28.25,28.5,28.15,28.5,119.0,3362.0,0.885,0.151,71.0,-13.0,0.0,0.0,-13.0,2685.0,16.0,32.0,0.0,310.0,0.0,13.77,2.06,5.12
2010/10/13,28.5,29.2,28.3,28.3,281.0,8081.0,-0.7018,0.3566,93.0,0.0,0.0,0.0,0.0,2702.0,27.0,10.0,0.0,310.0,0.0,13.67,2.04,5.16
2010/10/14,28.3,28.95,28.15,28.9,539.0,15400.0,2.1201,0.6841,191.0,21.0,0.0,0.0,21.0,2743.0,87.0,46.0,0.0,351.0,41.0,13.96,2.09,5.05
2010/10/15,28.9,29.1,28.3,28.3,197.0,5679.0,-2.0761,0.25,77.0,0.0,0.0,0.0,0.0,2753.0,32.0,22.0,1.0,350.0,0.0,13.67,2.04,5.16
2010/10/18,28.35,28.35,27.6,27.95,299.0,8358.0,-1.2367,0.3795,88.0,-14.0,0.0,0.0,-14.0,2731.0,41.0,58.0,10.0,340.0,0.0,13.5,2.02,5.22
2010/10/19,27.65,27.8,27.25,27.3,137.0,3784.0,-2.3256,0.1739,65.0,-13.0,0.0,0.0,-13.0,2731.0,17.0,17.0,4.0,304.0,0.0,13.19,1.97,5.35
2010/10/20,27.5,27.9,27.4,27.5,35.0,979.0,0.7326,0.0444,24.0,0.0,0.0,0.0,0.0,2726.0,8.0,13.0,0.0,296.0,0.0,13.29,1.99,5.31
2010/10/21,27.55,27.75,27.35,27.35,133.0,3693.0,-0.5455,0.1688,51.0,0.0,0.0,0.0,0.0,2739.0,29.0,16.0,0.0,296.0,0.0,13.21,1.98,5.34
2010/10/22,27.5,27.7,27.2,27.3,72.0,1966.0,-0.1828,0.0914,52.0,0.0,0.0,0.0,0.0,2728.0,1.0,12.0,0.0,296.0,0.0,13.19,1.97,5.35
2010/10/25,27.2,27.45,27.05,27.05,71.0,1952.0,-0.9158,0.0901,37.0,0.0,0.0,0.0,0.0,2717.0,11.0,22.0,8.0,288.0,0.0,13.07,1.95,5.4
2010/10/26,27.05,28.2,27.05,28.2,245.0,6825.0,4.2514,0.3109,104.0,0.0,0.0,0.0,0.0,2733.0,28.0,12.0,4.0,313.0,29.0,13.62,2.04,5.18
2010/10/27,28.2,28.2,27.5,27.65,87.0,2461.0,-1.9504,0.1104,48.0,0.0,0.0,0.0,0.0,2729.0,6.0,10.0,0.0,329.0,16.0,13.36,2.0,5.28
2010/10/28,27.65,28.65,27.35,28.5,263.0,7454.0,3.0741,0.3338,111.0,0.0,0.0,0.0,0.0,2717.0,18.0,30.0,0.0,391.0,62.0,13.77,2.06,5.12
2010/10/29,27.9,28.0,27.8,27.9,59.0,1643.0,-2.1053,0.072,22.0,0.0,0.0,0.0,0.0,2729.0,12.0,0.0,0.0,391.0,0.0,13.48,2.02,5.23
2010/11/01,28.2,28.65,28.2,28.2,151.0,4317.0,1.0753,0.1841,81.0,0.0,0.0,0.0,0.0,2829.0,127.0,27.0,0.0,393.0,2.0,13.62,2.04,5.18
2010/11/02,27.8,28.0,27.8,27.85,97.0,2717.0,-1.2411,0.1183,33.0,0.0,0.0,0.0,0.0,2828.0,2.0,3.0,0.0,393.0,0.0,13.45,2.01,5.24
2010/11/03,27.85,28.0,27.5,27.8,233.0,6489.0,-0.1795,0.2841,57.0,-6.0,0.0,0.0,-6.0,2785.0,19.0,62.0,0.0,327.0,0.0,13.43,2.01,5.25
2010/11/04,28.2,28.2,27.6,27.7,146.0,4078.0,-0.3597,0.178,36.0,0.0,0.0,0.0,0.0,2780.0,14.0,19.0,0.0,295.0,0.0,14.89,2.28,5.27
2010/11/05,28.0,28.2,27.6,27.6,148.0,4126.0,-0.361,0.1805,59.0,0.0,0.0,0.0,0.0,2810.0,41.0,11.0,0.0,280.0,0.0,14.84,2.28,5.29
2010/11/08,27.6,28.2,27.6,28.0,219.0,6128.0,1.4493,0.2671,60.0,6.0,0.0,0.0,6.0,2764.0,8.0,54.0,0.0,282.0,2.0,15.05,2.31,5.21
2010/11/09,28.25,28.25,27.8,28.0,116.0,3245.0,0.0,0.1415,45.0,0.0,0.0,0.0,0.0,2804.0,45.0,5.0,0.0,274.0,0.0,15.05,2.31,5.21
2010/11/10,28.0,28.3,27.8,27.8,199.0,5563.0,-0.7143,0.2427,52.0,5.0,0.0,0.0,5.0,2884.0,81.0,1.0,0.0,274.0,0.0,14.95,2.29,5.25
2010/11/11,27.8,28.0,27.7,27.8,99.0,2782.0,0.0,0.1207,43.0,6.0,0.0,0.0,6.0,2862.0,2.0,14.0,0.0,282.0,8.0,14.95,2.29,5.25
2010/11/12,27.8,28.0,27.8,27.8,57.0,1591.0,0.0,0.0695,20.0,0.0,0.0,0.0,0.0,2868.0,10.0,4.0,0.0,282.0,0.0,14.95,2.29,5.25
2010/11/15,27.8,27.9,27.7,27.8,105.0,2941.0,0.0,0.128,31.0,0.0,0.0,0.0,0.0,2849.0,0.0,19.0,0.0,282.0,0.0,14.95,2.29,5.25
2010/11/16,27.85,28.0,27.7,27.8,140.0,3908.0,0.0,0.1707,32.0,0.0,0.0,0.0,0.0,2844.0,1.0,6.0,10.0,274.0,2.0,14.95,2.29,5.25
2010/11/17,27.8,27.85,27.8,27.85,73.0,2039.0,0.1799,0.089,31.0,0.0,0.0,0.0,0.0,2875.0,31.0,0.0,18.0,280.0,24.0,14.97,2.3,5.24
2010/11/18,27.85,28.9,27.85,28.7,402.0,11514.0,3.0521,0.4902,172.0,0.0,0.0,0.0,0.0,2928.0,102.0,49.0,3.0,274.0,5.0,15.43,2.37,5.09
2010/11/19,28.3,28.7,28.2,28.2,50.0,1445.0,-1.7422,0.061,31.0,0.0,0.0,0.0,0.0,2939.0,14.0,3.0,0.0,274.0,0.0,15.16,2.32,5.18
2010/11/22,28.0,28.3,28.0,28.1,114.0,3229.0,-0.3546,0.139,48.0,0.0,0.0,0.0,0.0,2940.0,3.0,2.0,0.0,306.0,32.0,15.11,2.32,5.2
2010/11/23,28.5,28.5,28.2,28.2,82.0,2320.0,0.3559,0.1,32.0,0.0,0.0,0.0,0.0,2933.0,21.0,28.0,0.0,314.0,8.0,15.16,2.32,5.18
2010/11/24,27.6,28.2,27.6,28.2,116.0,3274.0,0.0,0.1415,50.0,0.0,0.0,0.0,0.0,2907.0,0.0,26.0,0.0,290.0,0.0,15.16,2.32,5.18
2010/11/25,28.2,28.2,27.9,28.0,148.0,4163.0,-0.7092,0.1805,55.0,0.0,0.0,0.0,0.0,2815.0,10.0,102.0,0.0,290.0,0.0,15.05,2.31,5.21
2010/11/26,28.0,28.2,28.0,28.1,76.0,2150.0,0.3571,0.0927,34.0,0.0,0.0,0.0,0.0,2810.0,0.0,5.0,0.0,290.0,0.0,15.11,2.32,5.2
2010/11/29,28.1,28.3,28.0,28.0,114.0,3225.0,-0.3559,0.139,46.0,0.0,0.0,0.0,0.0,2806.0,2.0,6.0,0.0,258.0,0.0,15.05,2.31,5.21
2010/11/30,28.1,28.4,27.9,28.1,150.0,4230.0,0.3571,0.1755,67.0,6.0,0.0,0.0,6.0,2832.0,37.0,11.0,11.0,255.0,8.0,15.11,2.32,5.2
2010/12/01,28.4,29.2,28.1,29.0,205.0,5918.0,3.2028,0.2399,95.0,5.0,0.0,0.0,5.0,2866.0,51.0,17.0,6.0,249.0,0.0,15.59,2.39,5.03
2010/12/02,29.0,29.4,28.6,29.0,304.0,8821.0,0.0,0.3557,105.0,6.0,0.0,0.0,6.0,2883.0,36.0,19.0,5.0,236.0,0.0,15.59,2.39,5.03
2010/12/03,28.85,29.0,28.7,28.7,92.0,2673.0,-1.0345,0.1077,47.0,0.0,0.0,0.0,0.0,2911.0,32.0,4.0,0.0,228.0,0.0,15.43,2.37,5.09
2010/12/06,28.6,30.3,28.6,30.1,1182.0,35129.0,4.878,1.3832,447.0,6.0,0.0,0.0,6.0,3180.0,374.0,105.0,1.0,229.0,2.0,16.18,2.48,4.85
2010/12/07,30.1,30.1,29.5,30.0,316.0,9424.0,-0.3322,0.3698,145.0,0.0,0.0,0.0,0.0,3199.0,75.0,56.0,9.0,220.0,0.0,16.13,2.47,4.87
2010/12/08,30.0,30.7,30.0,30.0,270.0,8192.0,0.0,0.3159,127.0,0.0,0.0,0.0,0.0,3163.0,78.0,114.0,45.0,175.0,0.0,16.13,2.47,4.87
2010/12/09,30.0,30.3,29.85,30.0,140.0,4227.0,0.0,0.1638,75.0,0.0,0.0,0.0,0.0,3145.0,5.0,23.0,20.0,155.0,0.0,16.13,2.47,4.87
2010/12/10,30.0,30.0,29.15,29.15,203.0,5974.0,-2.8333,0.2375,94.0,0.0,0.0,0.0,0.0,3074.0,31.0,102.0,48.0,107.0,0.0,15.67,2.4,5.01
2010/12/13,29.5,30.05,29.3,29.7,251.0,7448.0,1.8868,0.2937,107.0,0.0,0.0,0.0,0.0,3096.0,68.0,46.0,0.0,117.0,10.0,15.97,2.45,4.92
2010/12/14,29.7,30.9,29.7,30.05,283.0,8535.0,1.1785,0.3312,126.0,0.0,0.0,0.0,0.0,3137.0,91.0,50.0,0.0,117.0,0.0,16.16,2.48,4.86
2010/12/15,30.0,30.5,29.65,30.0,210.0,6308.0,-0.1664,0.2457,75.0,0.0,0.0,0.0,0.0,3145.0,57.0,49.0,6.0,111.0,0.0,16.13,2.47,4.87
2010/12/16,30.0,30.2,29.65,29.65,211.0,6323.0,-1.1667,0.2469,83.0,6.0,0.0,0.0,6.0,3151.0,8.0,2.0,28.0,109.0,26.0,15.94,2.44,4.92
2010/12/17,29.85,30.4,29.85,30.0,159.0,4813.0,1.1804,0.1861,67.0,12.0,0.0,0.0,12.0,3148.0,50.0,53.0,0.0,126.0,17.0,16.13,2.47,4.87
2010/12/20,30.0,30.2,29.9,30.1,139.0,4196.0,0.3333,0.1627,52.0,10.0,0.0,0.0,10.0,3131.0,2.0,19.0,0.0,129.0,3.0,16.18,2.48,4.85
2010/12/21,30.05,30.4,30.0,30.1,96.0,2914.0,0.0,0.1123,38.0,0.0,0.0,0.0,0.0,3158.0,34.0,7.0,0.0,129.0,0.0,16.18,2.48,4.85
2010/12/22,30.35,30.35,30.05,30.1,233.0,7036.0,0.0,0.2727,79.0,16.0,0.0,0.0,16.0,3174.0,58.0,42.0,5.0,150.0,26.0,16.18,2.48,4.85
2010/12/23,30.15,32.2,30.15,31.6,1160.0,37169.0,4.9834,1.3574,451.0,0.0,0.0,0.0,0.0,3366.0,299.0,107.0,15.0,134.0,9.0,16.99,2.61,4.62
2010/12/24,31.7,33.8,31.2,33.5,842.0,27695.0,6.0127,0.9853,395.0,0.0,0.0,0.0,0.0,3464.0,251.0,153.0,0.0,128.0,4.0,18.01,2.76,4.36
2010/12/27,34.0,34.0,32.55,33.7,1178.0,39314.0,0.597,1.3785,296.0,-12.0,0.0,0.0,-12.0,3647.0,372.0,189.0,1.0,142.0,15.0,18.12,2.78,4.33
2010/12/28,33.6,33.7,33.05,33.2,271.0,9064.0,-1.4837,0.3171,123.0,0.0,0.0,0.0,0.0,3652.0,70.0,52.0,0.0,142.0,0.0,17.85,2.74,4.4
2010/12/29,33.0,33.5,33.0,33.0,271.0,9014.0,-0.6024,0.3171,127.0,0.0,0.0,0.0,0.0,3664.0,77.0,65.0,0.0,102.0,2.0,17.74,2.72,4.42
2010/12/30,33.4,34.4,33.0,33.75,362.0,12211.0,2.2727,0.4236,187.0,1.0,0.0,0.0,1.0,3863.0,228.0,29.0,2.0,124.0,24.0,18.15,2.78,4.33
2010/12/31,33.9,35.9,33.75,34.8,864.0,29900.0,3.1111,0.9885,335.0,-8.0,0.0,0.0,-8.0,4080.0,361.0,144.0,0.0,150.0,26.0,18.71,2.87,4.2
2011/01/03,34.05,35.2,34.05,34.2,418.0,14467.0,-1.7241,0.4782,187.0,15.0,0.0,0.0,15.0,3963.0,135.0,252.0,0.0,148.0,8.0,18.39,2.82,4.27
2011/01/04,34.2,34.5,33.6,33.6,230.0,7862.0,-1.7544,0.2631,114.0,1.0,0.0,0.0,1.0,3937.0,100.0,126.0,0.0,146.0,0.0,18.06,2.77,4.35
2011/01/05,33.6,34.8,33.6,34.0,265.0,9036.0,1.1905,0.3032,142.0,8.0,0.0,0.0,8.0,3935.0,99.0,101.0,2.0,144.0,0.0,18.28,2.8,4.29
2011/01/06,34.0,35.35,34.0,34.6,367.0,12731.0,1.7647,0.4199,133.0,0.0,0.0,0.0,0.0,4028.0,177.0,84.0,0.0,157.0,13.0,18.6,2.85,4.22
2011/01/07,35.0,35.1,34.0,34.05,411.0,14212.0,-1.5896,0.4702,159.0,-33.0,0.0,0.0,-33.0,4006.0,151.0,173.0,5.0,151.0,0.0,18.31,2.81,4.29
2011/01/10,33.95,34.4,33.9,34.0,302.0,10330.0,-0.1468,0.3455,110.0,-31.0,0.0,0.0,-31.0,3990.0,116.0,132.0,0.0,128.0,0.0,18.28,2.8,4.29
2011/01/11,34.3,34.8,33.6,33.6,501.0,17114.0,-1.1765,0.5732,163.0,0.0,0.0,0.0,0.0,3891.0,178.0,277.0,0.0,113.0,0.0,18.06,2.77,4.35
2011/01/12,34.0,34.1,33.0,33.0,378.0,12609.0,-1.7857,0.4325,137.0,30.0,0.0,0.0,30.0,3937.0,164.0,118.0,16.0,97.0,0.0,17.74,2.72,4.42
2011/01/13,32.6,33.0,32.4,32.4,328.0,10702.0,-1.8182,0.3753,125.0,0.0,0.0,0.0,0.0,3921.0,45.0,61.0,0.0,87.0,0.0,17.42,2.67,4.51
2011/01/14,32.0,33.6,32.0,33.0,172.0,5692.0,1.8519,0.1968,89.0,0.0,0.0,0.0,0.0,3928.0,33.0,26.0,0.0,87.0,0.0,17.74,2.72,4.42
2011/01/17,33.0,34.5,32.9,33.85,673.0,22829.0,2.5758,0.77,194.0,-26.0,0.0,0.0,-26.0,3900.0,135.0,163.0,0.0,112.0,25.0,18.2,2.79,4.31
2011/01/18,33.65,34.85,33.65,34.5,1022.0,35455.0,1.9202,1.1693,284.0,0.0,0.0,0.0,0.0,3878.0,174.0,196.0,0.0,112.0,0.0,18.55,2.84,4.23
2011/01/19,35.0,36.2,34.6,36.0,2968.0,105365.0,4.3478,3.3956,757.0,0.0,0.0,0.0,0.0,4067.0,719.0,530.0,0.0,136.0,24.0,19.35,2.97,4.06
2011/01/20,36.0,38.0,35.55,37.0,3414.0,127729.0,2.7778,3.9059,932.0,-26.0,0.0,0.0,-26.0,4223.0,609.0,453.0,3.0,242.0,114.0,19.89,3.05,3.95
2011/01/21,36.9,38.0,36.0,37.35,1103.0,41129.0,0.9459,1.2619,417.0,-1.0,0.0,0.0,-1.0,4150.0,210.0,283.0,3.0,261.0,22.0,20.08,3.08,3.91
2011/01/24,36.2,38.35,36.2,37.5,1467.0,55723.0,0.4016,1.6784,503.0,-20.0,0.0,0.0,-20.0,4091.0,234.0,265.0,0.0,273.0,12.0,20.16,3.09,3.89
2011/01/25,37.5,38.2,37.5,38.0,1179.0,44772.0,1.3333,1.3489,315.0,-29.0,0.0,0.0,-29.0,4040.0,65.0,116.0,5.0,272.0,9.0,20.43,3.13,3.84
2011/01/26,38.1,38.3,37.7,38.0,1462.0,55743.0,0.0,1.6727,347.0,-3.0,0.0,0.0,-3.0,3785.0,93.0,338.0,3.0,242.0,0.0,20.43,3.13,3.84
2011/01/27,37.7,38.2,37.55,37.55,579.0,21929.0,-1.1842,0.6624,197.0,-7.0,0.0,0.0,-7.0,3920.0,280.0,95.0,2.0,137.0,2.0,20.19,3.1,3.89
2011/01/28,37.55,37.8,36.5,36.9,762.0,28252.0,-1.731,0.8606,254.0,0.0,0.0,0.0,0.0,3778.0,35.0,177.0,21.0,107.0,2.0,19.84,3.04,3.96
2011/02/08,37.2,38.15,37.2,38.1,566.0,21486.0,3.252,0.6392,196.0,0.0,0.0,0.0,0.0,3785.0,118.0,111.0,0.0,112.0,5.0,20.48,3.14,3.83
2011/02/09,38.1,38.5,37.9,37.9,567.0,21687.0,-0.5249,0.6403,228.0,-4.0,0.0,0.0,-4.0,3894.0,166.0,57.0,1.0,113.0,2.0,20.38,3.12,3.85
2011/02/10,37.9,38.0,37.4,37.4,261.0,9838.0,-1.3193,0.2948,100.0,0.0,0.0,0.0,0.0,3801.0,15.0,108.0,4.0,109.0,0.0,20.11,3.08,3.9
2011/02/11,37.6,38.0,36.5,37.45,517.0,19377.0,0.1337,0.5839,137.0,0.0,0.0,0.0,0.0,3709.0,102.0,194.0,1.0,111.0,3.0,20.13,3.09,3.9
2011/02/14,37.8,37.8,36.5,37.0,201.0,7496.0,-1.2016,0.227,73.0,0.0,0.0,0.0,0.0,3686.0,29.0,52.0,2.0,109.0,1.0,19.89,3.05,3.95
2011/02/15,37.0,38.25,36.5,37.8,803.0,30403.0,2.1622,0.9069,206.0,0.0,0.0,0.0,0.0,3728.0,152.0,110.0,4.0,108.0,3.0,20.32,3.12,3.86
2011/02/16,38.0,38.0,37.4,37.85,418.0,15788.0,0.1323,0.4721,125.0,0.0,0.0,0.0,0.0,3610.0,22.0,140.0,0.0,126.0,21.0,20.35,3.12,3.86
2011/02/17,37.6,37.8,37.2,37.4,240.0,9033.0,-1.1889,0.271,68.0,0.0,0.0,0.0,0.0,3542.0,60.0,128.0,1.0,125.0,0.0,20.11,3.08,3.9
2011/02/18,37.5,37.7,37.4,37.6,249.0,9366.0,0.5348,0.2812,70.0,0.0,0.0,0.0,0.0,3588.0,55.0,9.0,0.0,125.0,0.0,20.22,3.1,3.88
2011/02/21,38.0,38.5,37.65,38.5,665.0,25420.0,2.3936,0.751,190.0,43.0,0.0,0.0,43.0,3701.0,216.0,103.0,0.0,135.0,10.0,20.7,3.17,3.79
2011/02/22,38.5,38.5,37.6,38.1,197.0,7527.0,-1.039,0.2225,84.0,-10.0,0.0,0.0,-10.0,3670.0,35.0,66.0,0.0,135.0,0.0,20.48,3.14,3.83
2011/02/23,38.0,38.2,37.5,37.7,375.0,14205.0,-1.0499,0.4235,118.0,-33.0,0.0,0.0,-33.0,3545.0,47.0,172.0,0.0,114.0,0.0,20.27,3.11,3.87
2011/02/24,37.8,38.35,37.65,37.85,308.0,11745.0,0.3979,0.3478,97.0,-11.0,0.0,0.0,-11.0,3531.0,16.0,30.0,25.0,91.0,2.0,20.35,3.12,3.86
2011/02/25,37.6,37.65,35.3,35.7,699.0,25164.0,-5.6803,0.7724,267.0,0.0,0.0,0.0,0.0,3463.0,111.0,178.0,15.0,76.0,0.0,19.19,2.94,4.09
2011/03/01,35.7,36.0,34.8,36.0,422.0,14937.0,0.8403,0.4663,132.0,0.0,0.0,0.0,0.0,3402.0,27.0,88.0,17.0,65.0,16.0,19.35,2.97,4.06
2011/03/02,35.8,36.9,35.5,36.05,274.0,9955.0,0.1389,0.3028,80.0,0.0,0.0,0.0,0.0,3366.0,54.0,90.0,3.0,82.0,20.0,19.38,2.97,4.05
2011/03/03,36.05,37.7,35.65,36.65,370.0,13544.0,1.6644,0.4089,145.0,0.0,0.0,0.0,0.0,3484.0,135.0,17.0,2.0,107.0,27.0,19.7,3.02,3.98
2011/03/04,36.3,37.5,35.0,35.0,440.0,15809.0,-4.502,0.4862,184.0,0.0,0.0,0.0,0.0,3566.0,112.0,30.0,3.0,104.0,0.0,18.82,2.89,4.17
2011/03/07,34.5,34.8,32.55,32.55,2008.0,65602.0,-7.0,2.2189,311.0,17.0,0.0,0.0,17.0,3408.0,134.0,292.0,22.0,82.0,0.0,17.5,2.68,4.49
2011/03/08,32.55,33.3,32.45,32.5,498.0,16302.0,-0.1536,0.5503,148.0,-11.0,0.0,0.0,-11.0,3451.0,115.0,72.0,3.0,112.0,38.0,17.47,2.68,4.49
2011/03/09,32.6,33.2,32.0,32.85,320.0,10514.0,1.0769,0.3536,108.0,0.0,0.0,0.0,0.0,3479.0,110.0,82.0,2.0,107.0,23.0,17.66,2.71,4.44
2011/03/10,32.9,33.65,32.75,33.5,371.0,12315.0,1.9787,0.41,145.0,-6.0,0.0,0.0,-6.0,3484.0,50.0,45.0,11.0,80.0,5.0,18.01,2.76,4.36
2011/03/11,32.85,33.5,32.65,33.45,146.0,4836.0,-0.1493,0.1613,69.0,0.0,0.0,0.0,0.0,3446.0,68.0,35.0,4.0,77.0,1.0,17.98,2.76,4.36
2011/03/14,33.05,33.05,32.35,32.4,285.0,9249.0,-3.139,0.3149,102.0,0.0,0.0,0.0,0.0,3486.0,172.0,132.0,36.0,41.0,0.0,17.42,2.67,4.51
2011/03/15,32.4,32.4,30.3,30.5,380.0,11974.0,-5.8642,0.4199,93.0,5.0,0.0,0.0,5.0,3467.0,134.0,153.0,5.0,36.0,0.0,16.4,2.51,4.79
2011/03/16,30.6,31.95,30.6,31.0,158.0,4910.0,1.6393,0.1746,102.0,0.0,0.0,0.0,0.0,3479.0,32.0,20.0,4.0,45.0,13.0,16.67,2.56,4.71
2011/03/17,30.4,31.2,30.4,30.7,65.0,2005.0,-0.9677,0.0718,33.0,0.0,0.0,0.0,0.0,3482.0,26.0,23.0,7.0,40.0,2.0,16.51,2.53,4.76
2011/03/18,31.75,32.8,31.75,32.5,57.0,1854.0,5.8632,0.063,42.0,3.0,0.0,0.0,3.0,3473.0,7.0,16.0,1.0,41.0,2.0,17.47,2.68,4.49
2011/03/21,32.4,32.6,32.05,32.05,32.0,1043.0,-1.3846,0.0354,22.0,0.0,0.0,0.0,0.0,3444.0,1.0,5.0,0.0,46.0,5.0,17.23,2.64,4.56
2011/03/22,32.1,32.5,31.4,32.5,25.0,812.0,1.4041,0.0276,20.0,3.0,0.0,0.0,3.0,3447.0,8.0,5.0,0.0,46.0,0.0,17.47,2.68,4.49
2011/03/23,32.0,32.4,31.85,32.3,19.0,633.0,-0.6154,0.021,14.0,7.0,0.0,0.0,7.0,3448.0,6.0,5.0,3.0,43.0,0.0,17.37,2.66,4.52
2011/03/24,32.0,32.45,31.95,32.1,39.0,1274.0,-0.6192,0.0431,30.0,1.0,0.0,0.0,1.0,3459.0,15.0,4.0,5.0,38.0,0.0,17.26,2.65,4.55
2011/03/25,31.9,32.0,31.5,32.0,52.0,1664.0,-0.3115,0.0575,34.0,0.0,0.0,0.0,0.0,3447.0,5.0,17.0,3.0,35.0,0.0,17.2,2.64,4.56
2011/03/28,31.9,32.0,31.55,31.9,17.0,556.0,-0.3125,0.0188,16.0,0.0,0.0,0.0,0.0,3447.0,0.0,0.0,0.0,35.0,0.0,17.15,2.63,4.58
2011/03/29,31.5,32.0,31.5,31.6,84.0,2679.0,-0.9404,0.0928,42.0,0.0,0.0,0.0,0.0,3441.0,6.0,12.0,1.0,34.0,0.0,16.99,2.61,4.62
2011/03/30,31.5,31.75,31.35,31.7,45.0,1448.0,0.3165,0.0497,32.0,0.0,0.0,0.0,0.0,3431.0,13.0,8.0,1.0,33.0,0.0,17.04,2.61,4.61
2011/03/31,31.8,31.9,31.2,31.8,36.0,1150.0,0.3155,0.0387,24.0,0.0,0.0,0.0,0.0,3410.0,1.0,22.0,0.0,33.0,0.0,17.1,2.62,4.59
2011/04/01,31.95,32.4,31.3,31.8,76.0,2415.0,0.0,0.0817,42.0,0.0,0.0,0.0,0.0,3377.0,12.0,45.0,13.0,20.0,0.0,17.1,2.62,4.59
2011/04/06,31.9,31.9,31.45,31.45,24.0,774.0,-1.1006,0.0258,12.0,0.0,0.0,0.0,0.0,3381.0,6.0,2.0,10.0,10.0,0.0,16.91,2.59,4.64
2011/04/07,31.5,31.8,31.0,31.45,78.0,2461.0,0.0,0.0839,44.0,0.0,0.0,0.0,0.0,3379.0,13.0,15.0,6.0,4.0,0.0,16.91,2.59,4.64
2011/04/08,31.45,31.8,31.0,31.65,59.0,1862.0,0.6359,0.0635,23.0,0.0,0.0,0.0,0.0,3411.0,37.0,5.0,4.0,0.0,0.0,17.02,2.61,4.61
2011/04/11,31.65,32.4,31.65,32.3,67.0,2150.0,2.0537,0.0721,36.0,0.0,0.0,0.0,0.0,3391.0,0.0,17.0,0.0,0.0,0.0,17.37,2.66,4.52
2011/04/12,32.3,32.3,31.8,32.3,33.0,1089.0,0.0,0.0355,19.0,0.0,0.0,0.0,0.0,3366.0,0.0,25.0,0.0,0.0,0.0,17.37,2.66,4.52
2011/04/13,32.3,32.65,31.8,32.4,52.0,1684.0,0.3096,0.0559,37.0,0.0,0.0,0.0,0.0,3359.0,0.0,7.0,0.0,0.0,0.0,17.42,2.67,4.51
2011/04/14,32.4,32.75,31.9,32.3,141.0,4540.0,-0.3086,0.1516,50.0,0.0,0.0,0.0,0.0,3454.0,103.0,8.0,0.0,0.0,0.0,17.37,2.66,4.52
2011/04/15,32.75,32.75,32.0,32.1,76.0,2495.0,-0.6192,0.0817,39.0,0.0,0.0,0.0,0.0,3453.0,29.0,30.0,0.0,0.0,0.0,17.26,2.65,4.55
2011/04/18,32.3,33.2,32.0,32.4,176.0,5736.0,0.9346,0.1893,71.0,0.0,0.0,0.0,0.0,3516.0,111.0,48.0,0.0,0.0,0.0,17.42,2.67,4.51
2011/04/19,32.0,32.3,31.55,31.55,46.0,1463.0,-2.6235,0.0495,23.0,0.0,0.0,0.0,0.0,3510.0,7.0,9.0,0.0,0.0,0.0,16.96,2.6,4.63
2011/04/20,31.8,32.0,31.5,31.8,42.0,1338.0,0.7924,0.0452,25.0,0.0,0.0,0.0,0.0,3510.0,23.0,23.0,0.0,0.0,0.0,17.1,2.62,4.59
2011/04/21,32.0,32.3,31.8,31.9,136.0,4357.0,0.3145,0.1463,31.0,0.0,0.0,0.0,0.0,3562.0,111.0,59.0,0.0,0.0,0.0,17.15,2.63,4.58
2011/04/22,31.8,31.9,31.5,31.9,39.0,1255.0,0.0,0.0419,20.0,0.0,0.0,0.0,0.0,3557.0,9.0,14.0,0.0,0.0,0.0,17.15,2.63,4.58
2011/04/25,31.45,32.1,31.45,31.8,54.0,1728.0,-0.3135,0.0581,17.0,0.0,0.0,0.0,0.0,3560.0,40.0,37.0,0.0,0.0,0.0,17.1,2.62,4.59
2011/04/26,31.8,32.0,30.5,31.4,269.0,8354.0,-1.2579,0.2893,81.0,0.0,0.0,0.0,0.0,3610.0,89.0,39.0,0.0,0.0,0.0,16.88,2.59,4.65
2011/04/27,31.35,31.9,31.15,31.5,78.0,2479.0,0.3185,0.0839,37.0,1.0,0.0,0.0,1.0,3594.0,5.0,21.0,0.0,0.0,0.0,16.94,2.6,4.63
2011/04/28,31.75,32.1,31.75,31.75,78.0,2502.0,0.7937,0.0839,29.0,0.0,0.0,0.0,0.0,3586.0,8.0,16.0,0.0,0.0,0.0,17.07,2.62,4.6
2011/04/29,31.8,32.0,31.7,31.85,106.0,3375.0,0.315,0.114,50.0,0.0,0.0,0.0,0.0,3544.0,24.0,66.0,0.0,0.0,0.0,17.12,2.63,4.58
2011/05/03,32.0,32.0,31.55,31.95,64.0,2045.0,0.314,0.0688,34.0,-3.0,0.0,0.0,-3.0,3530.0,16.0,30.0,0.0,0.0,0.0,17.18,2.63,4.57
2011/05/04,29.75,31.95,29.75,31.95,34.0,1086.0,0.0,0.0366,31.0,-1.0,0.0,0.0,-1.0,3535.0,13.0,8.0,0.0,0.0,0.0,17.18,2.63,4.57
2011/05/05,31.9,32.3,31.6,32.1,108.0,3463.0,0.4695,0.1162,40.0,3.0,0.0,0.0,3.0,3553.0,34.0,16.0,0.0,0.0,0.0,17.26,2.65,4.55
2011/05/06,32.3,32.65,32.1,32.1,128.0,4150.0,0.0,0.1377,40.0,0.0,0.0,0.0,0.0,3579.0,45.0,19.0,0.0,0.0,0.0,6.87,1.88,4.55
2011/05/09,32.1,32.55,32.1,32.5,207.0,6689.0,1.2461,0.2226,51.0,8.0,0.0,0.0,8.0,3515.0,10.0,74.0,0.0,0.0,0.0,6.96,1.91,4.49
2011/05/10,32.5,32.7,32.25,32.25,59.0,1919.0,-0.7692,0.0635,35.0,4.0,0.0,0.0,4.0,3497.0,14.0,32.0,0.0,0.0,0.0,6.91,1.89,4.53
2011/05/11,32.25,32.25,31.5,31.5,70.0,2243.0,-2.3256,0.0753,27.0,0.0,0.0,0.0,0.0,3456.0,5.0,46.0,0.0,0.0,0.0,6.75,1.85,4.63
2011/05/12,32.65,32.65,32.0,32.0,54.0,1747.0,1.5873,0.0581,29.0,0.0,0.0,0.0,0.0,3455.0,2.0,3.0,0.0,0.0,0.0,6.85,1.88,4.56
2011/05/13,32.55,32.55,32.0,32.05,21.0,681.0,0.1562,0.0226,20.0,0.0,0.0,0.0,0.0,3454.0,7.0,8.0,0.0,0.0,0.0,6.86,1.88,4.56
2011/05/16,32.05,32.3,31.85,31.95,93.0,2974.0,-0.312,0.1,25.0,0.0,0.0,0.0,0.0,3459.0,11.0,6.0,0.0,0.0,0.0,6.84,1.87,4.57
2011/05/17,31.95,31.95,31.6,31.8,51.0,1615.0,-0.4695,0.0548,11.0,0.0,0.0,0.0,0.0,3452.0,1.0,8.0,0.0,0.0,0.0,6.81,1.86,4.59
2011/05/18,32.0,32.25,31.8,31.9,27.0,881.0,0.3145,0.029,20.0,0.0,0.0,0.0,0.0,3440.0,0.0,12.0,0.0,0.0,0.0,6.83,1.87,4.58
2011/05/19,32.0,32.7,31.9,32.4,269.0,8696.0,1.5674,0.2893,82.0,0.0,0.0,0.0,0.0,3305.0,11.0,146.0,0.0,0.0,0.0,6.94,1.9,4.51
2011/05/20,32.8,32.8,32.15,32.3,158.0,5141.0,-0.3086,0.1699,35.0,0.0,0.0,0.0,0.0,3291.0,0.0,14.0,0.0,0.0,0.0,6.92,1.89,4.52
2011/05/23,32.3,32.35,31.9,32.3,144.0,4639.0,0.0,0.1549,31.0,0.0,0.0,0.0,0.0,3262.0,6.0,35.0,0.0,0.0,0.0,6.92,1.89,4.52
2011/05/24,31.65,32.5,31.25,32.45,77.0,2478.0,0.4644,0.0828,26.0,0.0,0.0,0.0,0.0,3262.0,9.0,9.0,0.0,0.0,0.0,6.95,1.9,4.5
2011/05/25,32.1,33.3,32.1,33.2,122.0,3983.0,2.3112,0.1312,56.0,0.0,0.0,0.0,0.0,3256.0,14.0,20.0,0.0,0.0,0.0,7.11,1.95,4.4
2011/05/26,33.25,34.3,33.0,34.3,212.0,7185.0,3.3133,0.228,133.0,0.0,0.0,0.0,0.0,3226.0,35.0,34.0,0.0,0.0,0.0,7.34,2.01,4.26
2011/05/27,34.3,34.75,33.95,34.15,119.0,4086.0,-0.4373,0.128,62.0,0.0,0.0,0.0,0.0,3217.0,11.0,20.0,0.0,0.0,0.0,7.31,2.0,4.28
2011/05/30,33.0,34.35,33.0,33.55,136.0,4656.0,-1.757,0.1463,71.0,0.0,0.0,0.0,0.0,3176.0,6.0,47.0,0.0,0.0,0.0,7.18,1.97,4.35
2011/05/31,34.1,34.85,34.0,34.85,212.0,7302.0,3.8748,0.228,88.0,5.0,0.0,0.0,5.0,3133.0,9.0,52.0,0.0,2.0,2.0,7.46,2.04,4.19
2011/06/01,34.7,35.4,34.6,35.1,94.0,3308.0,0.7174,0.1011,69.0,0.0,0.0,0.0,0.0,3117.0,6.0,22.0,0.0,2.0,0.0,7.52,2.06,4.16
2011/06/02,34.7,35.05,34.7,34.95,107.0,3737.0,-0.4274,0.1151,42.0,0.0,0.0,0.0,0.0,3115.0,12.0,14.0,2.0,0.0,0.0,7.48,2.05,4.18
2011/06/03,35.25,35.25,34.3,34.75,164.0,5683.0,-0.5722,0.1764,64.0,0.0,0.0,0.0,0.0,3105.0,11.0,21.0,0.0,0.0,0.0,7.44,2.04,4.2
2011/06/07,34.75,34.75,34.35,34.35,81.0,2796.0,-1.1511,0.0871,23.0,0.0,0.0,0.0,0.0,3081.0,2.0,26.0,0.0,0.0,0.0,7.36,2.01,4.25
2011/06/08,34.35,34.95,34.3,34.7,84.0,2901.0,1.0189,0.0903,30.0,5.0,0.0,0.0,5.0,3070.0,2.0,13.0,0.0,0.0,0.0,7.43,2.03,4.21
2011/06/09,34.95,34.95,34.4,34.85,39.0,1356.0,0.4323,0.0419,17.0,5.0,0.0,0.0,5.0,3061.0,7.0,16.0,0.0,0.0,0.0,7.46,2.04,4.19
2011/06/10,35.2,37.0,35.2,35.35,73.0,2613.0,1.4347,0.0785,61.0,0.0,0.0,0.0,0.0,3070.0,29.0,20.0,0.0,0.0,0.0,7.57,2.07,4.13
2011/06/13,35.5,36.0,34.5,34.8,172.0,5965.0,-1.5559,0.185,49.0,0.0,0.0,0.0,0.0,3074.0,20.0,14.0,0.0,0.0,0.0,7.45,2.04,4.2
2011/06/14,34.6,34.95,34.6,34.95,25.0,890.0,0.431,0.0269,22.0,0.0,0.0,0.0,0.0,3069.0,6.0,11.0,0.0,0.0,0.0,7.48,2.05,4.18
2011/06/15,34.8,34.85,34.1,34.15,162.0,5573.0,-2.289,0.1742,42.0,2.0,0.0,0.0,2.0,2995.0,1.0,75.0,0.0,0.0,0.0,7.31,2.0,4.28
2011/06/16,34.15,34.95,33.55,33.55,103.0,3532.0,-1.757,0.1108,30.0,0.0,0.0,0.0,0.0,2986.0,6.0,15.0,0.0,0.0,0.0,7.18,1.97,4.35
2011/06/17,34.45,34.7,34.0,34.0,40.0,1370.0,1.3413,0.043,26.0,0.0,0.0,0.0,0.0,2980.0,9.0,15.0,0.0,0.0,0.0,7.28,1.99,4.29
2011/06/20,34.6,34.6,34.15,34.15,8.0,274.0,0.4412,0.0086,5.0,0.0,0.0,0.0,0.0,2979.0,0.0,1.0,0.0,0.0,0.0,7.31,2.0,4.28
2011/06/21,34.95,34.95,34.1,34.5,59.0,2034.0,1.0249,0.0635,18.0,0.0,0.0,0.0,0.0,2978.0,5.0,6.0,0.0,40.0,40.0,7.39,2.02,4.23
2011/06/22,34.95,34.95,34.05,34.65,39.0,1358.0,0.4348,0.0419,30.0,0.0,0.0,0.0,0.0,2976.0,2.0,4.0,0.0,40.0,0.0,7.42,2.03,4.21
2011/06/23,34.65,34.75,34.3,34.3,10.0,349.0,-1.0101,0.0108,14.0,0.0,0.0,0.0,0.0,2973.0,0.0,3.0,0.0,40.0,0.0,7.34,2.01,4.26
2011/06/24,34.85,34.85,34.1,34.4,125.0,4285.0,0.2915,0.1344,38.0,0.0,0.0,0.0,0.0,2976.0,6.0,3.0,0.0,50.0,10.0,7.37,2.02,4.24
2011/06/27,34.4,34.75,34.3,34.3,37.0,1272.0,-0.2907,0.0398,25.0,0.0,0.0,0.0,0.0,2980.0,9.0,5.0,0.0,50.0,0.0,7.34,2.01,4.26
2011/06/28,34.5,34.5,34.1,34.4,52.0,1811.0,0.2915,0.0559,19.0,0.0,0.0,0.0,0.0,2980.0,2.0,2.0,0.0,10.0,0.0,7.37,2.02,4.24
2011/06/29,34.1,34.6,34.1,34.15,59.0,2028.0,-0.7267,0.0635,29.0,0.0,0.0,0.0,0.0,2980.0,1.0,1.0,0.0,10.0,0.0,7.31,2.0,4.28
2011/06/30,34.45,34.5,34.25,34.25,39.0,1349.0,0.2928,0.0419,14.0,0.0,0.0,0.0,0.0,2979.0,1.0,1.0,0.0,10.0,0.0,7.33,2.01,4.26
2011/07/01,34.95,34.95,34.3,34.5,47.0,1626.0,0.7299,0.0505,23.0,0.0,0.0,0.0,0.0,2981.0,5.0,3.0,0.0,0.0,0.0,7.39,2.02,4.23
2011/07/04,34.5,35.0,34.5,34.7,150.0,5250.0,0.5797,0.1612,55.0,0.0,0.0,0.0,0.0,2925.0,19.0,75.0,0.0,32.0,32.0,7.43,2.03,4.21
2011/07/05,34.8,35.45,34.8,35.35,122.0,4309.0,1.8732,0.1311,62.0,2.0,0.0,0.0,2.0,2892.0,21.0,29.0,0.0,63.0,31.0,7.57,2.07,4.13
2011/07/06,35.45,35.65,34.65,34.85,248.0,8663.0,-1.4144,0.2666,62.0,0.0,0.0,0.0,0.0,2912.0,37.0,17.0,0.0,63.0,0.0,7.46,2.04,4.19
2011/07/07,34.95,35.0,34.7,34.75,47.0,1640.0,-0.2869,0.0505,25.0,0.0,0.0,0.0,0.0,2917.0,16.0,11.0,0.0,63.0,0.0,7.44,2.04,4.2
2011/07/08,34.55,35.25,34.55,34.65,105.0,3643.0,-0.2878,0.1129,30.0,0.0,0.0,0.0,0.0,2930.0,21.0,8.0,0.0,48.0,0.0,7.42,2.03,4.21
2011/07/11,34.65,35.0,34.5,34.6,106.0,3683.0,-0.1443,0.1139,30.0,0.0,0.0,0.0,0.0,2925.0,2.0,7.0,0.0,5.0,0.0,7.41,2.03,4.22
2011/07/12,34.55,35.45,34.2,34.6,93.0,3226.0,0.0,0.1,56.0,-3.0,0.0,0.0,-3.0,2933.0,29.0,21.0,0.0,0.0,0.0,7.41,2.03,4.22
2011/07/13,34.95,34.95,34.5,34.6,72.0,2502.0,0.0,0.0774,28.0,0.0,0.0,0.0,0.0,2905.0,22.0,50.0,0.0,0.0,0.0,7.41,2.03,4.22
2011/07/14,34.9,35.15,34.8,34.8,129.0,4524.0,0.578,0.1387,67.0,0.0,0.0,0.0,0.0,2894.0,43.0,54.0,0.0,0.0,0.0,7.45,2.04,4.2
2011/07/15,34.5,35.2,34.5,34.8,218.0,7607.0,0.0,0.2343,58.0,3.0,0.0,0.0,3.0,2914.0,94.0,74.0,0.0,0.0,0.0,7.45,2.04,4.2
2011/07/18,34.8,36.2,34.8,35.4,208.0,7354.0,1.7241,0.2236,102.0,9.0,0.0,0.0,9.0,3012.0,129.0,31.0,0.0,0.0,0.0,7.58,2.08,4.12
2011/07/19,35.5,35.6,35.2,35.2,62.0,2196.0,-0.565,0.0666,42.0,0.0,0.0,0.0,0.0,3012.0,15.0,15.0,0.0,0.0,0.0,7.54,2.06,4.15
2011/07/20,35.2,35.45,35.05,35.2,84.0,2968.0,0.0,0.0903,48.0,4.0,0.0,0.0,4.0,3021.0,33.0,24.0,0.0,0.0,0.0,7.54,2.06,4.15
2011/07/21,35.25,35.35,35.15,35.3,72.0,2554.0,0.2841,0.0773,36.0,5.0,0.0,0.0,5.0,3010.0,18.0,29.0,0.0,0.0,0.0,7.56,2.07,4.14
2011/07/22,35.3,35.8,35.3,35.3,154.0,5465.0,0.0,0.1654,71.0,4.0,0.0,0.0,4.0,3006.0,40.0,44.0,0.0,0.0,0.0,7.56,2.07,4.14
2011/07/25,35.5,35.6,35.1,35.1,185.0,6539.0,-0.5666,0.1987,53.0,0.0,0.0,0.0,0.0,2978.0,5.0,33.0,0.0,0.0,0.0,7.52,2.06,4.16
2011/07/26,35.15,35.25,35.0,35.1,109.0,3847.0,0.0,0.1171,42.0,0.0,0.0,0.0,0.0,2978.0,6.0,6.0,0.0,0.0,0.0,7.52,2.06,4.16
2011/07/27,35.15,35.45,34.95,35.35,259.0,9123.0,0.7123,0.2782,84.0,0.0,0.0,0.0,0.0,3042.0,69.0,5.0,0.0,0.0,0.0,7.57,2.07,4.13
2011/07/28,35.35,35.4,35.0,35.4,131.0,4637.0,0.1414,0.1407,60.0,0.0,0.0,0.0,0.0,3053.0,20.0,9.0,0.0,0.0,0.0,7.58,2.08,4.12
2011/07/29,35.5,35.55,34.6,35.15,219.0,7708.0,-0.7062,0.2352,68.0,2.0,0.0,0.0,2.0,3072.0,30.0,11.0,0.0,0.0,0.0,7.53,2.06,4.15
2011/08/01,35.15,35.3,35.1,35.3,176.0,6221.0,0.4267,0.189,71.0,5.0,0.0,0.0,5.0,3075.0,24.0,21.0,0.0,0.0,0.0,7.56,2.07,4.14
2011/08/02,35.35,35.4,35.1,35.35,726.0,25551.0,0.1416,0.7798,110.0,0.0,0.0,0.0,0.0,3014.0,28.0,89.0,0.0,0.0,0.0,7.57,2.07,4.13
2011/08/03,35.25,35.35,34.9,35.2,563.0,19738.0,-0.4243,0.6047,96.0,-7.0,0.0,0.0,-7.0,2895.0,0.0,119.0,0.0,0.0,0.0,7.54,2.06,4.15
2011/08/04,35.2,35.2,34.05,34.25,590.0,20545.0,-2.6989,0.6337,102.0,-6.0,0.0,0.0,-6.0,2792.0,0.0,103.0,0.0,0.0,0.0,7.33,2.01,4.26
2011/08/05,32.8,33.45,32.0,32.2,470.0,15313.0,-5.9854,0.5048,140.0,-3.0,0.0,0.0,-3.0,2703.0,0.0,85.0,0.0,0.0,0.0,6.9,1.89,9.6
2011/08/08,25.0,25.5,23.5,24.75,262.0,6436.0,-1.7471,0.2231,79.0,-31.0,0.0,0.0,-31.0,2679.0,26.0,50.0,0.0,0.0,0.0,5.3,1.45,12.48
2011/08/09,23.5,26.35,23.5,26.0,110.0,2742.0,5.0505,0.0937,52.0,-20.0,0.0,0.0,-20.0,2692.0,26.0,13.0,0.0,13.0,13.0,5.57,1.52,11.88
2011/08/10,26.0,27.8,26.0,27.8,131.0,3576.0,6.9231,0.1116,75.0,0.0,0.0,0.0,0.0,2696.0,5.0,1.0,0.0,82.0,69.0,5.95,1.63,11.12
2011/08/11,27.7,27.7,26.5,27.5,65.0,1766.0,-1.0791,0.0554,32.0,-1.0,0.0,0.0,-1.0,2697.0,2.0,1.0,1.0,81.0,0.0,5.89,1.61,11.24
2011/08/12,27.5,28.5,27.5,27.5,164.0,4562.0,0.0,0.1397,54.0,0.0,0.0,0.0,0.0,2700.0,4.0,1.0,0.0,132.0,51.0,5.89,1.61,11.24
2011/08/15,27.95,27.95,27.45,27.45,108.0,2983.0,-0.1818,0.092,32.0,0.0,0.0,0.0,0.0,2704.0,7.0,3.0,0.0,185.0,53.0,5.88,1.61,11.26
2011/08/16,27.9,27.9,27.4,27.4,94.0,2596.0,-0.1821,0.08,42.0,0.0,0.0,0.0,0.0,2647.0,8.0,65.0,0.0,185.0,0.0,5.87,1.61,11.28
2011/08/17,27.8,28.3,27.4,27.7,132.0,3645.0,1.0949,0.1124,46.0,0.0,0.0,0.0,0.0,2603.0,11.0,55.0,0.0,123.0,2.0,5.93,1.62,11.16
2011/08/18,27.7,27.7,27.0,27.0,99.0,2695.0,-2.5271,0.0843,31.0,0.0,0.0,0.0,0.0,2587.0,0.0,16.0,0.0,123.0,0.0,5.78,1.58,11.44
2011/08/19,26.9,27.6,26.5,26.6,104.0,2801.0,-1.4815,0.0886,34.0,0.0,0.0,0.0,0.0,2547.0,1.0,41.0,0.0,70.0,0.0,5.7,1.56,11.62
2011/08/22,27.4,27.4,26.4,26.6,92.0,2473.0,0.0,0.0783,29.0,0.0,0.0,0.0,0.0,2526.0,0.0,21.0,0.0,72.0,2.0,5.7,1.56,11.62
2011/08/23,26.2,27.9,26.1,27.9,21.0,563.0,4.8872,0.0179,7.0,0.0,0.0,0.0,0.0,2528.0,2.0,0.0,0.0,72.0,0.0,5.97,1.64,11.08
2011/08/24,27.9,27.9,26.8,27.5,7.0,192.0,-1.4337,0.006,5.0,0.0,0.0,0.0,0.0,2530.0,2.0,0.0,0.0,72.0,0.0,5.89,1.61,11.24
2011/08/25,27.8,27.85,26.3,26.3,98.0,2620.0,-4.3636,0.0835,30.0,0.0,0.0,0.0,0.0,2528.0,3.0,5.0,0.0,72.0,0.0,5.63,1.54,11.75
2011/08/26,24.5,26.45,24.5,26.0,35.0,907.0,-1.1407,0.0298,27.0,0.0,0.0,0.0,0.0,2501.0,1.0,18.0,0.0,72.0,0.0,5.57,1.52,11.88
2011/08/29,26.3,27.8,26.0,26.15,52.0,1375.0,0.5769,0.0443,32.0,0.0,0.0,0.0,0.0,2502.0,3.0,2.0,0.0,115.0,43.0,5.6,1.53,11.82
2011/08/30,26.7,26.85,26.2,26.2,102.0,2701.0,0.1912,0.0869,60.0,0.0,0.0,0.0,0.0,2517.0,16.0,0.0,0.0,163.0,48.0,5.61,1.54,11.79
2011/08/31,26.4,26.7,26.1,26.35,58.0,1533.0,0.5725,0.0493,41.0,0.0,0.0,0.0,0.0,2510.0,5.0,1.0,0.0,204.0,41.0,5.64,1.54,11.73
2011/09/01,26.5,27.5,26.4,27.5,359.0,9767.0,4.3643,0.3054,140.0,0.0,0.0,0.0,0.0,2503.0,65.0,72.0,0.0,332.0,128.0,5.89,1.61,11.24
2011/09/02,27.9,28.1,27.2,28.05,392.0,10903.0,2.0,0.3335,141.0,0.0,0.0,0.0,0.0,2421.0,53.0,133.0,0.0,365.0,33.0,6.01,1.64,11.02
2011/09/05,27.5,28.0,27.5,27.55,166.0,4612.0,-1.7825,0.1412,59.0,0.0,0.0,0.0,0.0,2404.0,27.0,44.0,0.0,365.0,0.0,5.9,1.61,11.22
2011/09/06,27.55,28.4,27.5,28.2,317.0,8862.0,2.3593,0.2697,127.0,0.0,0.0,0.0,0.0,2365.0,7.0,46.0,0.0,400.0,35.0,5.16,1.57,10.96
2011/09/07,28.4,28.45,28.25,28.4,45.0,1280.0,0.7092,0.0383,31.0,0.0,0.0,0.0,0.0,2349.0,9.0,25.0,0.0,379.0,1.0,5.2,1.58,10.88
2011/09/08,28.2,28.2,27.9,28.2,71.0,1995.0,-0.7042,0.0604,22.0,0.0,0.0,0.0,0.0,2329.0,8.0,28.0,1.0,358.0,0.0,5.16,1.57,10.96
2011/09/09,28.15,28.3,28.0,28.0,79.0,2222.0,-0.7092,0.0672,20.0,0.0,0.0,0.0,0.0,2303.0,9.0,35.0,0.0,358.0,0.0,5.13,1.56,11.04
2011/09/13,27.6,27.6,26.7,26.7,62.0,1668.0,-4.6429,0.0527,16.0,0.0,0.0,0.0,0.0,2302.0,0.0,1.0,1.0,106.0,0.0,4.89,1.49,11.57
2011/09/14,26.8,26.8,26.2,26.2,66.0,1754.0,-1.8727,0.0561,35.0,0.0,0.0,0.0,0.0,2279.0,0.0,23.0,2.0,104.0,0.0,4.8,1.46,11.79
2011/09/15,26.25,26.9,26.25,26.9,36.0,983.0,2.6718,0.0306,29.0,-1.0,0.0,0.0,-1.0,2281.0,2.0,0.0,0.0,104.0,0.0,4.93,1.5,11.49
2011/09/16,26.9,27.2,26.3,27.1,71.0,1927.0,0.7435,0.0604,38.0,0.0,0.0,0.0,0.0,2257.0,3.0,0.0,0.0,104.0,0.0,4.96,1.51,11.4
2011/09/19,27.0,27.0,26.5,27.0,48.0,1315.0,-0.369,0.0408,28.0,0.0,0.0,0.0,0.0,2252.0,0.0,5.0,0.0,104.0,0.0,4.95,1.51,11.44
2011/09/20,27.0,27.1,26.7,27.1,42.0,1149.0,0.3704,0.0357,23.0,0.0,0.0,0.0,0.0,2243.0,1.0,10.0,0.0,104.0,0.0,4.96,1.51,11.4
2011/09/21,27.2,27.2,26.5,26.6,168.0,4529.0,-1.845,0.1429,47.0,0.0,0.0,0.0,0.0,2229.0,8.0,22.0,0.0,104.0,0.0,4.87,1.48,11.62
2011/09/22,26.5,26.75,26.25,26.4,87.0,2312.0,-0.7519,0.074,33.0,-4.0,0.0,0.0,-4.0,2182.0,0.0,47.0,0.0,104.0,0.0,4.84,1.47,11.7
2011/09/23,24.8,26.2,24.8,25.1,228.0,5788.0,-4.9242,0.1939,52.0,-4.0,0.0,0.0,-4.0,2192.0,14.0,4.0,0.0,104.0,0.0,4.6,1.4,12.31
2011/09/26,25.2,25.2,24.5,24.5,175.0,4349.0,-2.3904,0.1489,53.0,-4.0,0.0,0.0,-4.0,2171.0,1.0,22.0,0.0,104.0,0.0,4.49,1.37,12.61
2011/09/27,24.5,26.0,22.85,23.8,730.0,17254.0,-2.8571,0.621,175.0,27.0,0.0,0.0,27.0,2185.0,39.0,25.0,0.0,104.0,0.0,4.36,1.33,12.98
2011/09/28,23.8,23.8,23.05,23.05,36.0,870.0,-3.1513,0.0306,27.0,-1.0,0.0,0.0,-1.0,2163.0,3.0,25.0,0.0,3.0,1.0,4.22,1.29,13.41
2011/09/29,23.05,23.75,23.05,23.7,39.0,924.0,2.82,0.0332,16.0,2.0,0.0,0.0,2.0,2161.0,5.0,7.0,0.0,3.0,0.0,4.34,1.32,13.04
2011/09/30,23.9,24.0,23.75,23.75,47.0,1141.0,0.211,0.0397,23.0,0.0,0.0,0.0,0.0,2140.0,2.0,23.0,0.0,3.0,0.0,4.35,1.32,13.01
2011/10/03,23.6,23.75,23.6,23.75,32.0,777.0,0.0,0.0271,11.0,-4.0,0.0,0.0,-4.0,2119.0,0.0,21.0,0.0,3.0,0.0,4.35,1.32,13.01
2011/10/04,23.6,23.6,23.25,23.25,36.0,857.0,-2.1053,0.0304,19.0,0.0,0.0,0.0,0.0,2120.0,1.0,0.0,0.0,3.0,0.0,4.26,1.3,13.29
2011/10/05,24.0,24.0,23.3,23.5,77.0,1809.0,1.0753,0.0651,28.0,-3.0,0.0,0.0,-3.0,2119.0,0.0,1.0,0.0,3.0,0.0,4.3,1.31,13.15
2011/10/06,23.8,23.8,23.25,23.25,74.0,1754.0,-1.0638,0.0626,23.0,0.0,0.0,0.0,0.0,2050.0,0.0,69.0,0.0,3.0,0.0,4.26,1.3,13.29
2011/10/07,23.45,23.75,23.45,23.45,22.0,529.0,0.8602,0.0186,14.0,0.0,0.0,0.0,0.0,2043.0,1.0,8.0,0.0,1.0,0.0,4.29,1.31,13.18
2011/10/11,24.2,24.2,23.8,23.8,99.0,2399.0,1.4925,0.0837,34.0,0.0,0.0,0.0,0.0,2071.0,83.0,55.0,0.0,1.0,0.0,4.36,1.33,12.98
2011/10/12,23.8,23.9,23.5,23.5,76.0,1800.0,-1.2605,0.0642,30.0,0.0,0.0,0.0,0.0,2002.0,2.0,71.0,0.0,1.0,0.0,4.3,1.31,13.15
2011/10/13,23.8,23.9,23.35,23.8,51.0,1220.0,1.2766,0.0431,24.0,0.0,0.0,0.0,0.0,1992.0,7.0,17.0,0.0,1.0,0.0,4.36,1.33,12.98
2011/10/14,23.6,24.3,23.6,24.3,150.0,3603.0,2.1008,0.1268,39.0,0.0,0.0,0.0,0.0,2069.0,99.0,22.0,0.0,1.0,0.0,4.45,1.36,12.72
2011/10/17,24.8,24.8,24.2,24.25,15.0,390.0,-0.2058,0.0127,22.0,0.0,0.0,0.0,0.0,2073.0,5.0,1.0,0.0,1.0,0.0,4.44,1.35,12.74
2011/10/18,24.0,24.5,23.6,23.7,26.0,634.0,-2.268,0.022,17.0,0.0,0.0,0.0,0.0,2061.0,3.0,15.0,0.0,1.0,0.0,4.34,1.32,13.04
2011/10/19,23.75,23.8,23.7,23.7,16.0,381.0,0.0,0.0135,12.0,0.0,0.0,0.0,0.0,1945.0,2.0,6.0,0.0,1.0,0.0,4.34,1.32,13.04
2011/10/20,23.55,23.55,23.35,23.35,38.0,892.0,-1.4768,0.0321,13.0,0.0,0.0,0.0,0.0,1928.0,1.0,17.0,0.0,1.0,0.0,4.28,1.3,13.23
2011/10/21,23.35,23.8,23.1,23.5,13.0,303.0,0.6424,0.011,17.0,0.0,0.0,0.0,0.0,1919.0,2.0,3.0,0.0,1.0,0.0,4.3,1.31,13.15
2011/10/24,23.5,23.8,23.4,23.7,23.0,543.0,0.8511,0.0194,14.0,0.0,0.0,0.0,0.0,1908.0,0.0,11.0,0.0,1.0,0.0,4.34,1.32,13.04
2011/10/25,24.1,24.2,23.75,24.05,89.0,2126.0,1.4768,0.0752,34.0,0.0,0.0,0.0,0.0,1902.0,40.0,46.0,0.0,1.0,0.0,4.4,1.34,12.85
2011/10/26,23.95,24.0,23.7,23.75,35.0,853.0,-1.2474,0.0296,15.0,0.0,0.0,0.0,0.0,1883.0,0.0,19.0,0.0,1.0,0.0,4.35,1.32,13.01
2011/10/27,24.25,24.25,23.9,24.0,10.0,260.0,1.0526,0.0085,11.0,0.0,0.0,0.0,0.0,1879.0,1.0,5.0,0.0,1.0,0.0,4.4,1.34,12.88
2011/10/28,24.3,24.9,24.0,24.2,161.0,3921.0,0.8333,0.1361,66.0,0.0,0.0,0.0,0.0,1883.0,77.0,73.0,0.0,1.0,0.0,4.43,1.35,12.77
2011/10/31,23.8,23.8,23.4,23.5,79.0,1872.0,-2.8926,0.0668,34.0,0.0,0.0,0.0,0.0,1904.0,45.0,24.0,1.0,0.0,0.0,4.3,1.31,13.15
2011/11/01,23.3,23.45,22.8,23.0,169.0,3896.0,-2.1277,0.1429,86.0,0.0,0.0,0.0,0.0,1908.0,16.0,12.0,0.0,0.0,0.0,4.21,1.28,13.43
2011/11/02,22.5,23.0,22.5,23.0,45.0,1030.0,0.0,0.038,26.0,0.0,0.0,0.0,0.0,1911.0,7.0,4.0,0.0,0.0,0.0,4.21,1.28,13.43
2011/11/03,23.1,23.1,22.8,23.1,27.0,628.0,0.4348,0.0228,15.0,0.0,0.0,0.0,0.0,1905.0,2.0,8.0,0.0,0.0,0.0,4.23,1.29,13.38
2011/11/04,23.1,23.25,22.9,23.1,68.0,1580.0,0.0,0.0575,29.0,0.0,0.0,0.0,0.0,1908.0,3.0,0.0,0.0,0.0,0.0,4.23,1.29,13.38
2011/11/07,23.1,23.1,22.65,22.65,95.0,2183.0,-1.9481,0.0803,39.0,0.0,0.0,0.0,0.0,1897.0,2.0,13.0,0.0,0.0,0.0,4.15,1.26,13.64
2011/11/08,22.65,22.85,22.5,22.85,53.0,1198.0,0.883,0.0448,22.0,0.0,0.0,0.0,0.0,1895.0,3.0,5.0,0.0,0.0,0.0,5.18,1.59,13.52
2011/11/09,22.85,22.95,22.6,22.6,26.0,590.0,-1.0941,0.022,8.0,0.0,0.0,0.0,0.0,1895.0,3.0,3.0,0.0,0.0,0.0,5.12,1.57,13.67
2011/11/10,22.45,22.65,21.9,21.9,219.0,4880.0,-3.0973,0.1851,55.0,0.0,0.0,0.0,0.0,1820.0,12.0,87.0,0.0,0.0,0.0,4.97,1.52,14.11
2011/11/11,21.9,22.4,21.9,22.05,101.0,2256.0,0.6849,0.0854,33.0,0.0,0.0,0.0,0.0,1821.0,2.0,1.0,0.0,0.0,0.0,5.0,1.53,14.01
2011/11/14,22.1,22.95,22.05,22.8,134.0,3035.0,3.4014,0.1133,71.0,0.0,0.0,0.0,0.0,1847.0,26.0,0.0,0.0,0.0,0.0,5.17,1.59,13.55
2011/11/15,22.8,22.95,22.45,22.45,87.0,1980.0,-1.5351,0.0735,40.0,0.0,0.0,0.0,0.0,1840.0,4.0,11.0,0.0,0.0,0.0,5.09,1.56,13.76
2011/11/16,22.45,22.65,22.05,22.05,69.0,1548.0,-1.7817,0.0583,23.0,0.0,0.0,0.0,0.0,1841.0,2.0,1.0,0.0,0.0,0.0,5.0,1.53,14.01
2011/11/17,22.05,22.4,21.5,21.6,169.0,3676.0,-2.0408,0.1429,41.0,0.0,0.0,0.0,0.0,1836.0,8.0,13.0,0.0,0.0,0.0,4.9,1.5,14.31
2011/11/18,21.5,21.5,20.55,20.8,166.0,3448.0,-3.7037,0.1403,55.0,0.0,0.0,0.0,0.0,1842.0,12.0,6.0,0.0,0.0,0.0,4.72,1.45,14.86
2011/11/21,21.6,21.6,20.25,20.25,39.0,825.0,-2.6442,0.033,31.0,0.0,0.0,0.0,0.0,1835.0,2.0,9.0,0.0,0.0,0.0,4.59,1.41,15.26
2011/11/22,20.0,20.5,19.2,20.0,74.0,1514.0,-1.2346,0.0626,44.0,0.0,0.0,0.0,0.0,1827.0,0.0,8.0,0.0,1.0,1.0,4.54,1.39,15.45
2011/11/23,19.65,19.7,19.5,19.7,46.0,905.0,-1.5,0.0389,29.0,0.0,0.0,0.0,0.0,1826.0,6.0,7.0,0.0,1.0,0.0,4.47,1.37,15.69
2011/11/24,18.85,19.8,18.5,19.15,195.0,3741.0,-2.7919,0.1648,58.0,0.0,0.0,0.0,0.0,1813.0,9.0,22.0,0.0,1.0,0.0,4.34,1.33,16.14
2011/11/25,18.7,19.15,18.5,18.95,161.0,3019.0,-1.0444,0.1361,35.0,0.0,0.0,0.0,0.0,1809.0,6.0,10.0,0.0,1.0,0.0,4.3,1.32,16.31
2011/11/28,19.2,19.2,18.6,19.1,48.0,907.0,0.7916,0.0406,23.0,0.0,0.0,0.0,0.0,1782.0,0.0,27.0,0.0,2.0,1.0,4.33,1.33,16.18
2011/11/29,19.0,19.3,18.9,18.9,20.0,402.0,-1.0471,0.0169,10.0,4.0,0.0,0.0,4.0,1784.0,2.0,0.0,0.0,2.0,0.0,4.29,1.32,16.35
2011/11/30,20.2,20.2,20.0,20.0,72.0,1457.0,5.8201,0.0608,50.0,0.0,0.0,0.0,0.0,1801.0,17.0,0.0,0.0,3.0,1.0,4.54,1.39,15.45
2011/12/01,20.2,20.6,19.1,20.0,68.0,1349.0,0.0,0.0574,55.0,3.0,0.0,0.0,3.0,1799.0,12.0,14.0,0.0,4.0,1.0,4.54,1.39,15.45
2011/12/02,19.35,19.8,19.2,19.8,14.0,273.0,-1.0,0.0118,11.0,0.0,0.0,0.0,0.0,1797.0,1.0,3.0,1.0,3.0,0.0,4.49,1.38,15.61
2011/12/05,19.85,19.9,19.45,19.9,13.0,262.0,0.5051,0.011,11.0,0.0,0.0,0.0,0.0,1795.0,1.0,3.0,0.0,3.0,0.0,4.51,1.38,15.53
2011/12/06,19.9,19.9,19.25,19.7,19.0,378.0,-1.005,0.016,17.0,-2.0,0.0,0.0,-2.0,1797.0,3.0,1.0,0.0,3.0,0.0,4.47,1.37,15.69
2011/12/07,19.8,19.8,19.4,19.4,6.0,120.0,-1.5228,0.0051,6.0,-2.0,0.0,0.0,-2.0,1797.0,0.0,0.0,0.0,3.0,0.0,4.4,1.35,15.93
2011/12/08,19.3,19.7,19.3,19.7,7.0,151.0,1.5464,0.0059,10.0,-1.0,0.0,0.0,-1.0,1795.0,1.0,3.0,1.0,2.0,0.0,4.47,1.37,15.69
2011/12/09,19.3,19.5,19.3,19.5,11.0,214.0,-1.0152,0.0093,6.0,-1.0,0.0,0.0,-1.0,1681.0,0.0,0.0,0.0,2.0,0.0,4.42,1.36,15.85
2011/12/12,19.95,19.95,19.3,19.35,40.0,790.0,-0.7692,0.0338,31.0,-4.0,0.0,0.0,-4.0,1681.0,0.0,0.0,0.0,2.0,0.0,4.39,1.35,15.97
2011/12/13,19.4,19.4,19.2,19.2,15.0,289.0,-0.7752,0.0127,7.0,-1.0,0.0,0.0,-1.0,1680.0,0.0,1.0,0.0,2.0,0.0,4.35,1.34,16.09
2011/12/14,19.75,19.75,19.3,19.3,24.0,466.0,0.5208,0.0203,10.0,-1.0,0.0,0.0,-1.0,1680.0,0.0,0.0,0.0,2.0,0.0,4.38,1.34,16.01
2011/12/15,19.3,19.3,19.1,19.1,16.0,306.0,-1.0363,0.0135,14.0,0.0,0.0,0.0,0.0,1681.0,1.0,0.0,0.0,2.0,0.0,4.33,1.33,16.18
2011/12/16,19.1,19.4,19.1,19.4,4.0,80.0,1.5707,0.0034,5.0,0.0,0.0,0.0,0.0,1682.0,1.0,0.0,0.0,2.0,0.0,4.4,1.35,15.93
2011/12/19,18.5,18.7,18.1,18.7,88.0,1622.0,-3.6082,0.0743,45.0,0.0,0.0,0.0,0.0,1654.0,0.0,28.0,0.0,2.0,0.0,4.24,1.3,16.52
2011/12/20,18.95,19.0,18.5,18.7,13.0,247.0,0.0,0.011,12.0,0.0,0.0,0.0,0.0,1654.0,0.0,0.0,0.0,2.0,0.0,4.24,1.3,16.52
2011/12/21,19.5,19.65,19.0,19.4,16.0,308.0,3.7433,0.0135,11.0,0.0,0.0,0.0,0.0,1056.0,2.0,2.0,0.0,2.0,0.0,4.4,1.35,15.93
2011/12/22,19.05,19.4,18.7,18.85,5.0,96.0,-2.8351,0.0042,8.0,0.0,0.0,0.0,0.0,1057.0,2.0,1.0,0.0,2.0,0.0,4.27,1.31,16.39
2011/12/23,19.25,19.4,19.0,19.4,7.0,135.0,2.9178,0.0059,8.0,0.0,0.0,0.0,0.0,1056.0,1.0,2.0,0.0,2.0,0.0,4.4,1.35,15.93
2011/12/26,19.0,19.25,19.0,19.25,2.0,43.0,-0.7732,0.0017,3.0,0.0,0.0,0.0,0.0,1056.0,0.0,0.0,0.0,2.0,0.0,4.37,1.34,16.05
2011/12/27,19.2,19.2,19.2,19.2,2.0,38.0,-0.2597,0.0017,1.0,0.0,0.0,0.0,0.0,1050.0,0.0,2.0,0.0,2.0,0.0,4.35,1.34,16.09
2011/12/28,19.2,19.25,18.75,19.25,9.0,176.0,0.2604,0.0076,7.0,-1.0,0.0,0.0,-1.0,1050.0,0.0,0.0,0.0,2.0,0.0,4.37,1.34,16.05
2011/12/29,19.25,19.25,19.25,19.25,1.0,19.0,0.0,0.0008,1.0,0.0,0.0,0.0,0.0,1049.0,0.0,1.0,0.0,2.0,0.0,4.37,1.34,16.05
2011/12/30,18.65,19.2,18.65,18.8,134.0,2547.0,-2.3377,0.1132,50.0,0.0,0.0,0.0,0.0,1048.0,0.0,1.0,0.0,2.0,0.0,4.26,1.31,16.44
2012/01/02,20.1,20.1,19.4,19.4,38.0,759.0,3.1915,0.0321,24.0,0.0,0.0,0.0,0.0,1032.0,1.0,17.0,0.0,2.0,0.0,4.4,1.35,15.93
2012/01/03,19.3,19.3,19.15,19.15,5.0,96.0,-1.2887,0.0042,4.0,0.0,0.0,0.0,0.0,1032.0,0.0,0.0,0.0,2.0,0.0,4.34,1.33,16.14
2012/01/04,18.8,19.0,18.7,19.0,70.0,1326.0,-0.7833,0.0591,28.0,0.0,0.0,0.0,0.0,1031.0,0.0,0.0,0.0,2.0,0.0,4.31,1.32,16.26
2012/01/05,19.35,19.35,18.75,18.75,7.0,134.0,-1.3158,0.0059,6.0,0.0,0.0,0.0,0.0,1031.0,0.0,0.0,0.0,2.0,0.0,4.25,1.3,16.48
2012/01/06,18.7,19.0,18.7,19.0,40.0,769.0,1.3333,0.0338,21.0,0.0,0.0,0.0,0.0,1030.0,0.0,1.0,0.0,2.0,0.0,4.31,1.32,16.26
2012/01/09,18.95,19.0,18.7,18.7,11.0,207.0,-1.5789,0.0093,7.0,0.0,0.0,0.0,0.0,1030.0,0.0,0.0,0.0,2.0,0.0,4.24,1.3,16.52
2012/01/10,19.0,19.0,18.55,18.95,21.0,401.0,1.3369,0.0177,16.0,0.0,0.0,0.0,0.0,1028.0,0.0,0.0,0.0,2.0,0.0,4.3,1.32,16.31
2012/01/11,18.9,18.9,18.5,18.9,28.0,525.0,-0.2639,0.0237,15.0,0.0,0.0,0.0,0.0,1025.0,0.0,3.0,0.0,2.0,0.0,4.29,1.32,16.35
2012/01/12,18.9,19.25,18.6,19.25,26.0,494.0,1.8519,0.022,13.0,0.0,0.0,0.0,0.0,1018.0,0.0,5.0,0.0,2.0,0.0,4.37,1.34,16.05
2012/01/13,18.75,19.25,18.5,18.5,64.0,1215.0,-3.8961,0.0541,39.0,0.0,0.0,0.0,0.0,1035.0,20.0,3.0,0.0,2.0,0.0,4.2,1.29,16.7
2012/01/16,19.15,19.15,18.5,18.95,61.0,1152.0,2.4324,0.0515,38.0,-4.0,0.0,0.0,-4.0,1063.0,31.0,3.0,0.0,2.0,0.0,4.3,1.32,16.31
2012/01/17,18.65,18.95,18.6,18.8,29.0,543.0,-0.7916,0.0245,10.0,0.0,0.0,0.0,0.0,1079.0,16.0,0.0,0.0,2.0,0.0,4.26,1.31,16.44
2012/01/18,18.8,18.9,18.65,18.9,78.0,1483.0,0.5319,0.0659,19.0,-2.0,0.0,0.0,-2.0,1116.0,66.0,0.0,0.0,2.0,0.0,4.29,1.32,16.35
2012/01/30,19.0,19.2,18.8,19.1,55.0,1061.0,1.0582,0.0465,29.0,-4.0,0.0,0.0,-4.0,1115.0,44.0,45.0,0.0,2.0,0.0,4.33,1.33,16.18
2012/01/31,19.0,19.2,18.8,19.1,21.0,406.0,0.0,0.0177,17.0,-2.0,0.0,0.0,-2.0,1116.0,3.0,2.0,0.0,2.0,0.0,4.33,1.33,16.18
2012/02/01,18.9,19.35,18.85,19.35,39.0,743.0,1.3089,0.0329,27.0,-2.0,0.0,0.0,-2.0,1122.0,7.0,1.0,0.0,2.0,0.0,4.39,1.35,15.97
2012/02/02,19.35,20.0,19.25,20.0,222.0,4343.0,3.3592,0.1875,108.0,0.0,0.0,0.0,0.0,1044.0,40.0,118.0,0.0,2.0,0.0,4.54,1.39,15.45
2012/02/03,20.2,20.25,19.7,19.8,26.0,522.0,-1.0,0.022,14.0,0.0,0.0,0.0,0.0,1050.0,13.0,7.0,0.0,2.0,0.0,4.49,1.38,15.61
2012/02/04,20.1,20.1,19.75,19.85,107.0,2127.0,0.2525,0.0904,37.0,0.0,0.0,0.0,0.0,1101.0,70.0,19.0,0.0,2.0,0.0,4.5,1.38,15.57
2012/02/06,19.85,20.6,19.7,20.25,169.0,3367.0,2.0151,0.1427,49.0,0.0,0.0,0.0,0.0,1211.0,123.0,13.0,0.0,2.0,0.0,4.59,1.41,15.26
2012/02/07,20.2,20.3,19.85,20.1,61.0,1237.0,-0.7407,0.0515,38.0,0.0,0.0,0.0,0.0,1215.0,8.0,4.0,0.0,2.0,0.0,4.56,1.4,15.37
2012/02/08,20.15,20.15,19.75,20.0,35.0,703.0,-0.4975,0.0296,34.0,0.0,0.0,0.0,0.0,1215.0,9.0,4.0,0.0,2.0,0.0,4.54,1.39,15.45
2012/02/09,20.15,20.15,19.8,20.0,59.0,1181.0,0.0,0.0498,46.0,0.0,0.0,0.0,0.0,1233.0,21.0,3.0,0.0,2.0,0.0,4.54,1.39,15.45
2012/02/10,20.05,20.7,19.95,20.15,198.0,4010.0,0.75,0.1672,138.0,0.0,0.0,0.0,0.0,1254.0,46.0,22.0,0.0,2.0,0.0,4.57,1.4,15.33
2012/02/13,20.2,21.4,20.2,20.6,150.0,3133.0,2.2333,0.1267,105.0,0.0,0.0,0.0,0.0,1245.0,48.0,57.0,0.0,2.0,0.0,4.67,1.43,15.0
2012/02/14,20.7,21.0,20.4,20.6,57.0,1193.0,0.0,0.0481,44.0,0.0,0.0,0.0,0.0,1227.0,17.0,33.0,0.0,2.0,0.0,4.67,1.43,15.0
2012/02/15,20.6,21.45,20.5,20.8,141.0,2954.0,0.9709,0.1191,73.0,0.0,0.0,0.0,0.0,1219.0,28.0,36.0,0.0,2.0,0.0,4.72,1.45,14.86
2012/02/16,20.9,21.35,20.55,20.6,83.0,1756.0,-0.9615,0.0701,57.0,0.0,0.0,0.0,0.0,1177.0,12.0,39.0,0.0,2.0,0.0,4.67,1.43,15.0
2012/02/17,20.7,21.0,20.7,20.7,44.0,922.0,0.4854,0.0372,30.0,0.0,0.0,0.0,0.0,1182.0,12.0,7.0,0.0,2.0,0.0,4.69,1.44,14.93
2012/02/20,21.1,21.1,20.75,20.9,29.0,614.0,0.9662,0.0245,20.0,0.0,0.0,0.0,0.0,1188.0,11.0,5.0,0.0,2.0,0.0,4.74,1.45,14.78
2012/02/21,20.7,20.75,20.5,20.5,37.0,765.0,-1.9139,0.0313,28.0,0.0,0.0,0.0,0.0,1188.0,13.0,10.0,0.0,2.0,0.0,4.65,1.43,15.07
2012/02/22,20.4,20.9,20.35,20.9,64.0,1340.0,1.9512,0.0541,39.0,0.0,0.0,0.0,0.0,1212.0,39.0,15.0,0.0,2.0,0.0,4.74,1.45,14.78
2012/02/23,21.0,22.35,21.0,22.35,728.0,16163.0,6.9378,0.6149,226.0,0.0,0.0,0.0,0.0,1440.0,301.0,73.0,0.0,3.0,1.0,5.07,1.56,13.83
2012/02/24,22.9,23.5,22.4,22.7,586.0,13338.0,1.566,0.495,275.0,0.0,0.0,0.0,0.0,1348.0,189.0,281.0,0.0,43.0,40.0,5.15,1.58,13.61
2012/02/29,22.7,23.5,22.7,23.15,192.0,4429.0,1.9824,0.1622,115.0,0.0,0.0,0.0,0.0,1320.0,42.0,70.0,0.0,43.0,0.0,5.25,1.61,13.35
2012/03/01,23.15,23.15,22.9,22.95,119.0,2741.0,-0.8639,0.1005,61.0,0.0,0.0,0.0,0.0,1299.0,26.0,47.0,0.0,45.0,2.0,5.2,1.6,13.46
2012/03/02,23.1,23.45,23.1,23.1,112.0,2624.0,0.6536,0.0946,58.0,0.0,0.0,0.0,0.0,1289.0,27.0,35.0,0.0,65.0,20.0,5.24,1.61,13.38
2012/03/03,23.3,23.3,23.0,23.2,67.0,1548.0,0.4329,0.0566,34.0,0.0,0.0,0.0,0.0,1276.0,1.0,14.0,0.0,95.0,30.0,5.26,1.61,13.32
2012/03/05,23.4,23.8,23.35,23.5,165.0,3874.0,1.2931,0.1394,60.0,0.0,0.0,0.0,0.0,1249.0,23.0,50.0,0.0,70.0,10.0,7.3,1.64,13.15
2012/03/06,23.7,23.7,23.0,23.0,123.0,2860.0,-2.1277,0.1039,66.0,0.0,0.0,0.0,0.0,1250.0,24.0,23.0,0.0,70.0,0.0,7.14,1.6,13.43
2012/03/07,22.95,23.15,22.7,23.1,73.0,1676.0,0.4348,0.0617,45.0,0.0,0.0,0.0,0.0,1260.0,34.0,24.0,0.0,70.0,0.0,5.24,1.61,13.38
2012/03/08,23.2,24.7,23.2,24.7,189.0,4631.0,6.9264,0.1596,88.0,0.0,0.0,0.0,0.0,1385.0,136.0,11.0,0.0,70.0,0.0,5.6,1.72,12.51
2012/03/09,25.0,25.7,24.85,25.4,319.0,8069.0,2.834,0.2694,156.0,0.0,0.0,0.0,0.0,1421.0,116.0,80.0,0.0,100.0,30.0,5.76,1.77,12.17
2012/03/12,25.4,25.6,24.9,24.9,123.0,3105.0,-1.9685,0.1039,71.0,0.0,0.0,0.0,0.0,1389.0,18.0,50.0,0.0,33.0,0.0,5.65,1.73,12.41
2012/03/13,24.9,25.1,24.4,24.4,76.0,1884.0,-2.008,0.0642,53.0,0.0,0.0,0.0,0.0,1376.0,26.0,39.0,0.0,33.0,0.0,5.53,1.7,12.66
2012/03/14,24.55,24.75,23.9,24.0,227.0,5526.0,-1.6393,0.1917,109.0,0.0,0.0,0.0,0.0,1414.0,93.0,55.0,0.0,33.0,0.0,5.44,1.67,12.88
2012/03/15,23.95,24.45,23.95,24.2,123.0,2988.0,0.8333,0.1039,64.0,0.0,0.0,0.0,0.0,1438.0,28.0,4.0,0.0,33.0,0.0,5.49,1.68,12.77
2012/03/16,24.5,25.85,24.5,25.85,1256.0,32370.0,6.8182,1.0609,318.0,0.0,0.0,0.0,0.0,1491.0,292.0,239.0,0.0,120.0,117.0,5.86,1.8,11.95
2012/03/19,27.4,27.65,26.5,27.65,2050.0,56504.0,6.9632,1.7316,512.0,0.0,0.0,0.0,0.0,1593.0,379.0,277.0,0.0,415.0,295.0,6.27,1.92,11.18
2012/03/20,27.5,28.3,26.75,27.85,1069.0,29592.0,0.7233,0.9029,409.0,0.0,0.0,0.0,0.0,1591.0,224.0,226.0,2.0,482.0,69.0,6.32,1.94,11.1
2012/03/21,28.0,29.75,28.0,29.75,2434.0,71960.0,6.8223,2.0559,654.0,0.0,0.0,0.0,0.0,2267.0,829.0,153.0,0.0,767.0,285.0,6.75,2.07,10.39
2012/03/22,29.75,31.45,29.5,31.0,2574.0,79320.0,4.2017,2.1742,938.0,0.0,0.0,0.0,0.0,2288.0,530.0,509.0,0.0,945.0,178.0,7.03,2.16,9.97
2012/03/23,32.0,32.8,31.6,32.05,2421.0,77806.0,3.3871,2.0449,831.0,0.0,0.0,0.0,0.0,2896.0,1045.0,437.0,10.0,847.0,13.0,7.27,2.23,9.64
2012/03/26,32.05,32.05,30.8,31.5,984.0,30972.0,-1.7161,0.8311,480.0,0.0,0.0,0.0,0.0,2874.0,319.0,341.0,13.0,814.0,1.0,7.14,2.19,9.81
2012/03/27,31.5,32.0,29.3,29.3,1210.0,36923.0,-6.9841,1.022,447.0,1.0,0.0,0.0,1.0,2843.0,401.0,432.0,15.0,389.0,0.0,6.64,2.04,10.55
2012/03/28,28.9,29.55,28.3,28.7,1638.0,47329.0,-2.0478,1.3836,622.0,0.0,0.0,0.0,0.0,2833.0,571.0,581.0,8.0,175.0,17.0,6.51,2.0,10.77
2012/03/29,28.7,29.1,26.9,27.0,1131.0,31243.0,-5.9233,0.9553,399.0,-1.0,0.0,0.0,-1.0,2736.0,334.0,431.0,13.0,114.0,3.0,6.12,1.88,11.44
2012/03/30,27.0,27.2,25.6,27.0,1191.0,31479.0,0.0,0.9926,377.0,5.0,0.0,0.0,5.0,2863.0,495.0,368.0,1.0,89.0,0.0,6.12,1.88,11.44
2012/04/02,26.8,27.0,26.35,26.35,333.0,8874.0,-2.4074,0.2775,156.0,15.0,0.0,0.0,15.0,2826.0,79.0,116.0,2.0,57.0,0.0,5.98,1.83,11.73
2012/04/03,26.15,26.2,24.55,24.55,492.0,12276.0,-6.8311,0.41,205.0,5.0,0.0,0.0,5.0,2672.0,78.0,190.0,9.0,41.0,0.0,5.57,1.71,12.59
2012/04/05,23.15,24.25,22.85,24.0,246.0,5811.0,-2.2403,0.205,126.0,43.0,0.0,0.0,43.0,2621.0,55.0,106.0,2.0,24.0,0.0,5.44,1.67,12.88
2012/04/06,24.0,25.0,24.0,25.0,729.0,18086.0,4.1667,0.6075,206.0,83.0,0.0,0.0,83.0,2423.0,151.0,349.0,3.0,16.0,0.0,5.67,1.74,12.36
2012/04/09,24.2,24.85,24.2,24.5,267.0,6535.0,-2.0,0.2225,119.0,-37.0,0.0,0.0,-37.0,2268.0,26.0,181.0,3.0,0.0,0.0,5.56,1.7,12.61
2012/04/10,24.65,25.2,24.55,24.7,135.0,3336.0,0.8163,0.1125,79.0,5.0,0.0,0.0,5.0,2214.0,0.0,54.0,0.0,0.0,0.0,11.28,1.68,12.51
2012/04/11,24.2,24.6,24.2,24.45,196.0,4784.0,-1.0121,0.1633,90.0,-12.0,0.0,0.0,-12.0,2106.0,0.0,108.0,0.0,0.0,0.0,11.16,1.66,12.64
2012/04/12,24.5,25.15,24.35,24.7,247.0,6141.0,1.0225,0.2058,95.0,-22.0,0.0,0.0,-22.0,2040.0,0.0,66.0,0.0,0.0,0.0,11.28,1.68,12.51
2012/04/13,24.95,26.4,24.85,26.4,525.0,13529.0,6.8826,0.4375,238.0,6.0,0.0,0.0,6.0,2267.0,296.0,69.0,0.0,6.0,6.0,12.05,1.79,11.7
2012/04/16,26.3,27.4,26.0,26.5,540.0,14389.0,0.3788,0.45,257.0,-78.0,58.0,0.0,-20.0,2125.0,110.0,252.0,3.0,5.0,2.0,12.1,1.8,11.66
2012/04/17,26.8,27.0,25.5,25.6,314.0,8293.0,-3.3962,0.2617,131.0,-9.0,20.0,0.0,11.0,2057.0,52.0,120.0,1.0,5.0,1.0,11.69,1.74,12.07
2012/04/18,26.0,26.15,25.65,25.95,104.0,2684.0,1.3672,0.0867,61.0,12.0,0.0,0.0,12.0,2027.0,0.0,30.0,1.0,4.0,0.0,11.85,1.76,11.91
2012/04/19,26.0,26.2,25.5,25.6,153.0,3945.0,-1.3487,0.1275,75.0,12.0,10.0,0.0,22.0,2037.0,39.0,29.0,1.0,3.0,0.0,11.69,1.74,12.07
2012/04/20,25.5,26.0,25.5,25.8,152.0,3923.0,0.7813,0.1267,86.0,16.0,20.0,0.0,36.0,2014.0,8.0,31.0,0.0,9.0,6.0,11.78,1.75,11.98
2012/04/23,26.0,26.1,24.65,25.7,104.0,2675.0,-0.3876,0.0867,69.0,9.0,20.0,0.0,29.0,2004.0,10.0,20.0,1.0,8.0,0.0,11.74,1.75,12.02
2012/04/24,25.2,25.95,25.0,25.95,79.0,2011.0,0.9728,0.0658,41.0,0.0,19.0,0.0,19.0,1988.0,12.0,28.0,0.0,8.0,0.0,11.85,1.76,11.91
2012/04/25,25.0,26.0,25.0,26.0,64.0,1666.0,0.1927,0.0533,36.0,0.0,0.0,0.0,0.0,1976.0,4.0,16.0,0.0,8.0,0.0,11.87,1.77,11.88
2012/04/26,26.0,26.6,26.0,26.15,197.0,5184.0,0.5769,0.1642,66.0,0.0,21.0,0.0,21.0,1891.0,23.0,108.0,0.0,8.0,0.0,11.94,1.78,11.82
2012/04/27,26.5,26.6,26.2,26.2,227.0,6020.0,0.1912,0.1892,52.0,0.0,20.0,0.0,20.0,1910.0,128.0,109.0,0.0,8.0,0.0,11.96,1.78,11.79
2012/04/30,26.15,26.15,25.8,26.1,88.0,2294.0,-0.3817,0.0732,22.0,-1.0,20.0,0.0,19.0,1921.0,19.0,8.0,0.0,8.0,0.0,11.92,1.77,11.84
2012/05/02,26.35,27.25,26.35,27.0,307.0,8225.0,3.4483,0.2554,146.0,18.0,20.0,0.0,38.0,2051.0,202.0,72.0,0.0,8.0,0.0,12.33,1.83,11.44
2012/05/03,27.0,27.1,26.7,27.0,331.0,8922.0,0.0,0.2754,80.0,3.0,10.0,0.0,13.0,2008.0,66.0,109.0,0.0,8.0,0.0,12.33,1.83,11.44
2012/05/04,27.0,28.8,26.85,28.4,603.0,17011.0,5.1852,0.5017,223.0,18.0,0.0,0.0,18.0,2225.0,332.0,115.0,0.0,9.0,1.0,12.97,1.93,10.88
2012/05/07,28.2,28.2,27.5,27.55,108.0,2994.0,-2.993,0.0899,62.0,-6.0,0.0,0.0,-6.0,2195.0,28.0,58.0,0.0,9.0,0.0,21.36,1.87,11.22
2012/05/08,27.6,28.5,27.55,28.25,308.0,8693.0,2.5408,0.2563,107.0,6.0,0.0,0.0,6.0,2224.0,77.0,48.0,0.0,11.0,2.0,21.9,1.92,10.94
2012/05/09,28.25,29.4,28.25,28.8,400.0,11444.0,1.9469,0.3328,130.0,-1.0,0.0,0.0,-1.0,2259.0,87.0,52.0,2.0,9.0,0.0,22.33,1.96,10.73
2012/05/10,29.2,29.2,28.25,28.65,279.0,8008.0,-0.5208,0.2321,80.0,1.0,0.0,0.0,1.0,2236.0,69.0,92.0,0.0,9.0,0.0,22.21,1.95,10.79
2012/05/11,28.2,28.8,27.5,28.8,230.0,6459.0,0.5236,0.1914,73.0,1.0,0.0,0.0,1.0,2159.0,13.0,90.0,1.0,8.0,0.0,22.33,1.96,10.73
2012/05/14,28.0,28.0,27.45,27.45,90.0,2480.0,-4.6875,0.0749,35.0,2.0,0.0,0.0,2.0,1741.0,3.0,6.0,0.0,8.0,0.0,21.28,1.87,11.26
2012/05/15,27.0,27.45,26.65,27.45,181.0,4873.0,0.0,0.1506,53.0,8.0,0.0,0.0,8.0,1725.0,20.0,36.0,0.0,8.0,0.0,21.28,1.87,11.26
2012/05/16,27.05,27.45,26.9,27.1,58.0,1579.0,-1.275,0.0483,21.0,2.0,0.0,0.0,2.0,1721.0,19.0,23.0,0.0,8.0,0.0,21.01,1.84,11.4
2012/05/17,25.7,28.35,25.7,27.6,122.0,3368.0,1.845,0.1015,69.0,7.0,0.0,0.0,7.0,1668.0,2.0,55.0,0.0,9.0,1.0,21.4,1.88,11.2
2012/05/18,27.45,27.6,26.9,27.6,45.0,1235.0,0.0,0.0374,35.0,2.0,0.0,0.0,2.0,1656.0,8.0,20.0,0.0,9.0,0.0,21.4,1.88,11.2
2012/05/21,27.35,27.8,27.2,27.2,20.0,547.0,-1.4493,0.0166,12.0,3.0,0.0,0.0,3.0,1648.0,0.0,8.0,0.0,9.0,0.0,21.09,1.85,11.36
2012/05/22,27.05,28.4,27.0,28.4,117.0,3259.0,4.4118,0.0973,49.0,4.0,0.0,0.0,4.0,1620.0,50.0,78.0,0.0,10.0,1.0,22.02,1.93,10.88
2012/05/23,28.1,28.1,27.6,27.9,148.0,4122.0,-1.7606,0.1231,42.0,3.0,0.0,0.0,3.0,1618.0,5.0,7.0,0.0,10.0,0.0,21.63,1.9,11.08
2012/05/24,27.6,27.7,26.8,26.8,148.0,4039.0,-3.9427,0.1231,51.0,-8.0,0.0,0.0,-8.0,1606.0,13.0,25.0,1.0,9.0,0.0,20.78,1.82,11.53
2012/05/25,26.85,26.95,26.35,26.35,138.0,3677.0,-1.6791,0.1148,38.0,-7.0,0.0,0.0,-7.0,1525.0,6.0,87.0,0.0,9.0,0.0,20.43,1.79,11.73
2012/05/28,26.35,26.35,25.9,26.1,81.0,2103.0,-0.9488,0.0674,39.0,4.0,0.0,0.0,4.0,1529.0,4.0,0.0,1.0,9.0,1.0,20.23,1.77,11.84
2012/05/29,26.15,27.0,26.15,26.8,125.0,3303.0,2.682,0.104,56.0,6.0,0.0,0.0,6.0,1525.0,7.0,11.0,0.0,9.0,0.0,20.78,1.82,11.53
2012/05/30,26.8,26.8,25.9,26.0,99.0,2595.0,-2.9851,0.0824,41.0,8.0,0.0,0.0,8.0,1538.0,15.0,2.0,1.0,8.0,0.0,20.16,1.77,11.88
2012/05/31,25.9,26.75,25.6,26.75,59.0,1532.0,2.8846,0.0491,33.0,5.0,0.0,0.0,5.0,1515.0,13.0,36.0,0.0,9.0,1.0,20.74,1.82,11.55
2012/06/01,26.5,26.5,25.6,26.45,144.0,3727.0,-1.1215,0.1198,51.0,-3.0,0.0,0.0,-3.0,1502.0,35.0,48.0,0.0,9.0,0.0,20.5,1.8,11.68
2012/06/04,24.6,25.85,24.6,24.65,180.0,4474.0,-6.8053,0.1498,72.0,5.0,0.0,0.0,5.0,1453.0,7.0,56.0,0.0,9.0,0.0,19.11,1.68,12.54
2012/06/05,25.35,25.7,24.65,25.35,81.0,2043.0,2.8398,0.0674,34.0,7.0,0.0,0.0,7.0,1466.0,15.0,2.0,0.0,11.0,2.0,19.65,1.72,12.19
2012/06/06,25.5,25.5,24.55,24.8,123.0,3079.0,-2.1696,0.1023,44.0,1.0,0.0,0.0,1.0,1452.0,5.0,19.0,1.0,10.0,0.0,19.22,1.69,12.46
2012/06/07,25.3,25.75,24.8,24.9,87.0,2205.0,0.4032,0.0724,57.0,8.0,0.0,0.0,8.0,1475.0,29.0,6.0,1.0,12.0,3.0,19.3,1.69,12.41
2012/06/08,25.4,25.6,25.0,25.0,40.0,1014.0,0.4016,0.0333,29.0,-2.0,0.0,0.0,-2.0,1462.0,0.0,13.0,0.0,12.0,0.0,19.38,1.7,12.36
2012/06/11,25.7,26.0,25.5,25.7,77.0,1994.0,2.8,0.0641,38.0,0.0,0.0,0.0,0.0,1477.0,37.0,22.0,0.0,13.0,1.0,19.92,1.75,12.02
2012/06/12,25.7,26.4,25.7,25.9,203.0,5284.0,0.7782,0.1689,61.0,-7.0,0.0,0.0,-7.0,1498.0,35.0,14.0,0.0,13.0,0.0,20.08,1.76,11.93
2012/06/13,26.4,26.4,25.5,25.6,90.0,2332.0,-1.1583,0.0749,24.0,3.0,0.0,0.0,3.0,1467.0,0.0,31.0,1.0,12.0,0.0,19.84,1.74,12.07
2012/06/14,25.35,25.85,25.35,25.6,26.0,686.0,0.0,0.0216,11.0,-1.0,0.0,0.0,-1.0,1445.0,0.0,22.0,0.0,12.0,0.0,19.84,1.74,12.07
2012/06/15,26.25,26.3,25.7,25.7,187.0,4872.0,0.3906,0.1556,75.0,-3.0,0.0,0.0,-3.0,1491.0,70.0,24.0,3.0,10.0,1.0,19.92,1.75,12.02
2012/06/18,25.8,26.2,25.8,26.05,75.0,1954.0,1.3619,0.0624,26.0,3.0,0.0,0.0,3.0,1513.0,52.0,30.0,0.0,10.0,0.0,20.19,1.77,11.86
2012/06/19,26.2,26.2,25.5,26.05,41.0,1059.0,0.0,0.0341,23.0,-3.0,0.0,0.0,-3.0,1531.0,18.0,0.0,0.0,10.0,0.0,20.19,1.77,11.86
2012/06/20,25.8,26.0,25.8,25.8,63.0,1638.0,-0.9597,0.0524,14.0,0.0,0.0,0.0,0.0,1543.0,12.0,0.0,0.0,10.0,0.0,20.0,1.75,11.98
2012/06/21,25.8,26.05,25.8,26.0,38.0,1004.0,0.7752,0.0316,23.0,-8.0,0.0,0.0,-8.0,1543.0,11.0,11.0,0.0,10.0,0.0,20.16,1.77,11.88
2012/06/22,25.3,25.9,25.3,25.9,13.0,332.0,-0.3846,0.0108,15.0,1.0,0.0,0.0,1.0,1539.0,2.0,6.0,0.0,10.0,0.0,20.08,1.76,11.93
2012/06/25,25.8,26.0,25.75,26.0,8.0,206.0,0.3861,0.0067,7.0,0.0,0.0,0.0,0.0,1539.0,3.0,3.0,0.0,10.0,0.0,20.16,1.77,11.88
2012/06/26,25.7,27.0,25.7,27.0,119.0,3142.0,3.8462,0.099,70.0,-4.0,0.0,0.0,-4.0,1536.0,19.0,22.0,0.0,10.0,0.0,20.93,1.84,11.44
2012/06/27,27.2,27.9,27.0,27.8,409.0,11291.0,2.963,0.3403,159.0,0.0,0.0,0.0,0.0,1489.0,20.0,67.0,0.0,13.0,3.0,21.55,1.89,11.12
2012/06/28,29.0,29.7,27.1,29.0,1403.0,40472.0,4.3165,1.1673,377.0,-12.0,0.0,0.0,-12.0,1490.0,71.0,70.0,2.0,31.0,20.0,22.48,1.97,10.66
2012/06/29,28.85,30.0,28.4,29.6,708.0,20743.0,2.069,0.5891,242.0,4.0,0.0,0.0,4.0,1385.0,39.0,144.0,8.0,26.0,3.0,22.95,2.01,10.44
2012/07/02,29.0,29.55,28.7,28.7,92.0,2678.0,-3.0405,0.0765,43.0,-3.0,0.0,0.0,-3.0,1383.0,5.0,7.0,7.0,19.0,0.0,22.25,1.95,10.77
2012/07/03,28.5,28.7,28.1,28.7,152.0,4339.0,0.0,0.1265,67.0,9.0,0.0,0.0,9.0,1416.0,40.0,7.0,3.0,16.0,0.0,22.25,1.95,10.77
2012/07/04,28.7,29.3,28.5,28.7,222.0,6393.0,0.0,0.1847,59.0,-4.0,0.0,0.0,-4.0,1472.0,79.0,23.0,0.0,16.0,0.0,22.25,1.95,10.77
2012/07/05,28.7,28.75,28.4,28.7,162.0,4657.0,0.0,0.1348,58.0,-9.0,0.0,0.0,-9.0,1503.0,32.0,1.0,0.0,16.0,0.0,22.25,1.95,10.77
2012/07/06,28.4,28.6,27.9,27.9,115.0,3246.0,-2.7875,0.0957,42.0,-18.0,0.0,0.0,-18.0,1506.0,6.0,3.0,0.0,16.0,0.0,21.63,1.9,11.08
2012/07/09,27.9,27.9,27.3,27.35,37.0,1033.0,-1.9713,0.0308,24.0,0.0,0.0,0.0,0.0,1499.0,10.0,17.0,0.0,16.0,0.0,21.2,1.86,11.3
2012/07/10,27.35,28.0,27.35,27.95,80.0,2225.0,2.1938,0.0666,35.0,0.0,0.0,0.0,0.0,1529.0,30.0,0.0,0.0,21.0,5.0,21.67,1.9,11.06
2012/07/11,28.0,28.0,27.8,28.0,67.0,1871.0,0.1789,0.0557,21.0,-1.0,0.0,0.0,-1.0,1542.0,16.0,3.0,5.0,16.0,0.0,21.71,1.9,11.04
2012/07/12,28.0,28.45,28.0,28.0,22.0,617.0,0.0,0.0183,15.0,-2.0,0.0,0.0,-2.0,1542.0,2.0,2.0,0.0,16.0,0.0,21.71,1.9,11.04
2012/07/13,28.05,28.05,27.6,27.6,11.0,326.0,-1.4286,0.0092,9.0,0.0,0.0,0.0,0.0,1545.0,3.0,0.0,3.0,13.0,0.0,21.4,1.88,11.2
2012/07/16,27.7,28.5,27.7,28.5,14.0,393.0,3.2609,0.0116,13.0,-2.0,0.0,0.0,-2.0,1554.0,9.0,0.0,0.0,13.0,0.0,22.09,1.94,10.84
2012/07/17,28.0,28.05,27.25,27.55,112.0,3107.0,-3.3333,0.0932,29.0,-1.0,0.0,0.0,-1.0,1582.0,28.0,0.0,2.0,11.0,0.0,21.36,1.87,11.22
2012/07/18,28.4,28.55,27.8,27.8,20.0,562.0,0.9074,0.0166,12.0,-2.0,0.0,0.0,-2.0,1581.0,0.0,1.0,0.0,11.0,0.0,21.55,1.89,11.12
2012/07/19,28.0,28.2,27.9,28.2,19.0,532.0,1.4388,0.0158,10.0,2.0,0.0,0.0,2.0,1584.0,3.0,0.0,0.0,11.0,0.0,21.86,1.92,10.96
2012/07/20,28.0,28.05,27.6,27.65,38.0,1060.0,-1.9504,0.0316,13.0,-1.0,0.0,0.0,-1.0,1577.0,3.0,10.0,0.0,11.0,0.0,21.43,1.88,11.18
2012/07/23,27.5,27.5,26.8,27.35,18.0,488.0,-1.085,0.015,15.0,-2.0,0.0,0.0,-2.0,1571.0,6.0,12.0,1.0,10.0,0.0,21.2,1.86,11.3
2012/07/24,27.5,27.5,26.0,26.0,63.0,1703.0,-4.936,0.0524,25.0,1.0,0.0,0.0,1.0,1553.0,22.0,40.0,1.0,9.0,0.0,20.16,1.77,11.88
2012/07/25,26.5,26.9,25.95,26.3,115.0,3008.0,1.1538,0.0957,53.0,2.0,0.0,0.0,2.0,1554.0,28.0,27.0,0.0,9.0,0.0,20.39,1.79,11.75
2012/07/26,26.0,27.2,26.0,27.2,140.0,3680.0,3.4221,0.1165,62.0,4.0,0.0,0.0,4.0,1543.0,6.0,17.0,0.0,10.0,1.0,21.09,1.85,11.36
2012/07/27,27.25,28.9,27.25,28.5,637.0,18107.0,4.7794,0.53,164.0,-5.0,0.0,0.0,-5.0,1479.0,7.0,71.0,0.0,10.0,0.0,22.09,1.94,10.84
2012/07/30,28.25,29.0,27.8,28.2,32.0,915.0,-1.0526,0.0266,23.0,-3.0,0.0,0.0,-3.0,1478.0,11.0,9.0,0.0,10.0,0.0,21.86,1.92,10.96
2012/07/31,28.5,28.95,28.0,28.9,386.0,11057.0,2.4823,0.3212,112.0,1.0,0.0,0.0,1.0,1450.0,31.0,59.0,0.0,11.0,1.0,22.4,1.96,10.69
2012/08/01,29.0,29.05,28.4,29.0,324.0,9382.0,0.346,0.2696,103.0,4.0,0.0,0.0,4.0,1478.0,32.0,4.0,1.0,10.0,0.0,22.48,1.97,10.66
2012/08/03,28.5,29.15,28.5,29.0,471.0,13619.0,0.0,0.3919,72.0,-6.0,0.0,0.0,-6.0,1459.0,53.0,62.0,0.0,10.0,0.0,22.48,1.97,10.66
2012/08/06,28.85,29.0,28.6,28.9,47.0,1360.0,-0.3448,0.0391,16.0,0.0,0.0,0.0,0.0,1457.0,2.0,4.0,0.0,10.0,0.0,22.4,1.96,10.69
2012/08/07,29.0,30.05,29.0,29.9,2237.0,66826.0,3.4602,1.8613,526.0,0.0,-38.0,0.0,-38.0,1523.0,171.0,105.0,0.0,17.0,7.0,23.18,2.03,10.33
2012/08/08,30.0,30.0,29.0,29.85,454.0,13478.0,-0.1672,0.3777,163.0,-3.0,-80.0,0.0,-83.0,1517.0,15.0,21.0,0.0,17.0,0.0,23.14,2.03,10.35
2012/08/09,29.8,29.85,29.2,29.85,139.0,4124.0,0.0,0.1157,57.0,13.0,-20.0,0.0,-7.0,1512.0,40.0,38.0,0.0,17.0,0.0,23.14,2.03,10.35
2012/08/10,29.65,29.85,29.0,29.85,184.0,5425.0,0.0,0.1531,74.0,-2.0,0.0,0.0,-2.0,1505.0,21.0,28.0,0.0,18.0,1.0,23.14,2.03,10.35
2012/08/13,29.8,29.85,29.4,29.85,71.0,2122.0,0.0,0.0591,25.0,9.0,0.0,0.0,9.0,1499.0,5.0,11.0,0.0,11.0,0.0,23.14,2.03,10.35
2012/08/14,29.8,30.0,29.8,29.95,157.0,4697.0,0.335,0.1306,90.0,-8.0,-30.0,0.0,-38.0,1506.0,18.0,11.0,1.0,16.0,6.0,23.22,2.04,10.32
2012/08/15,30.0,30.0,29.7,29.7,24.0,720.0,-0.8347,0.02,12.0,-1.0,0.0,0.0,-1.0,1506.0,0.0,0.0,0.0,16.0,0.0,23.02,2.02,10.4
2012/08/16,29.8,29.8,29.2,29.35,94.0,2770.0,-1.1785,0.0782,74.0,13.0,-50.0,0.0,-37.0,1526.0,25.0,5.0,0.0,10.0,0.0,22.75,2.0,10.53
2012/08/17,29.35,29.4,29.0,29.35,49.0,1440.0,0.0,0.0408,39.0,2.0,-20.0,0.0,-18.0,1546.0,29.0,9.0,0.0,17.0,7.0,22.75,2.0,10.53
2012/08/20,28.75,29.4,28.75,29.35,95.0,2803.0,0.0,0.079,41.0,10.0,0.0,0.0,10.0,1523.0,40.0,63.0,0.0,17.0,0.0,22.75,2.0,10.53
2012/08/21,29.2,29.45,29.05,29.35,18.0,540.0,0.0,0.015,15.0,6.0,0.0,0.0,6.0,1522.0,4.0,5.0,0.0,10.0,0.0,22.75,2.0,10.53
2012/08/22,29.1,29.35,29.0,29.35,28.0,827.0,0.0,0.0233,18.0,3.0,0.0,0.0,3.0,1523.0,5.0,4.0,0.0,10.0,0.0,22.75,2.0,10.53
2012/08/23,29.25,29.9,29.1,29.75,99.0,2943.0,1.3629,0.0824,62.0,11.0,0.0,0.0,11.0,1537.0,21.0,7.0,0.0,13.0,3.0,23.06,2.02,10.39
2012/08/24,29.8,29.85,29.45,29.8,97.0,2903.0,0.1681,0.0807,50.0,3.0,0.0,0.0,3.0,1550.0,23.0,10.0,3.0,10.0,0.0,23.1,2.03,10.37
2012/08/27,29.8,29.95,29.3,29.3,109.0,3249.0,-1.6779,0.0907,49.0,3.0,0.0,0.0,3.0,1565.0,43.0,28.0,0.0,10.0,0.0,22.71,1.99,10.55
2012/08/28,29.6,29.85,29.3,29.4,130.0,3859.0,0.3413,0.1081,42.0,1.0,0.0,0.0,1.0,1514.0,2.0,53.0,0.0,10.0,0.0,22.79,2.0,10.51
2012/08/29,29.9,29.9,29.35,29.7,91.0,2706.0,1.0204,0.0757,51.0,3.0,0.0,0.0,3.0,1533.0,29.0,10.0,0.0,20.0,10.0,23.02,2.02,10.4
2012/08/30,30.1,30.2,29.9,29.95,278.0,8374.0,0.8418,0.2313,113.0,4.0,0.0,0.0,4.0,1562.0,32.0,3.0,0.0,20.0,0.0,23.22,2.04,10.32
2012/08/31,29.95,29.95,29.6,29.7,73.0,2186.0,-0.8347,0.0607,27.0,8.0,0.0,0.0,8.0,1537.0,7.0,32.0,0.0,20.0,0.0,23.02,2.02,10.4
2012/09/03,29.9,30.1,29.85,30.05,254.0,7628.0,1.1785,0.2113,95.0,10.0,0.0,0.0,10.0,1639.0,121.0,19.0,10.0,10.0,0.0,23.29,2.04,10.28
2012/09/04,30.05,30.1,29.85,30.05,666.0,19981.0,0.0,0.554,124.0,4.0,0.0,0.0,4.0,1702.0,241.0,178.0,3.0,7.0,0.0,23.29,2.04,10.28
2012/09/05,30.0,30.0,29.85,29.95,370.0,11061.0,-0.3328,0.3078,75.0,-4.0,0.0,0.0,-4.0,1748.0,46.0,0.0,0.0,7.0,0.0,23.22,2.04,10.32
2012/09/06,29.85,30.0,29.5,29.75,90.0,2681.0,-0.6678,0.0749,48.0,5.0,0.0,0.0,5.0,1748.0,17.0,17.0,6.0,0.0,0.0,23.06,1.89,10.39
2012/09/07,29.85,29.85,29.65,29.65,223.0,6632.0,-0.3361,0.1855,55.0,13.0,0.0,0.0,13.0,1748.0,0.0,0.0,0.0,0.0,0.0,12.25,1.89,10.42
2012/09/10,29.9,30.0,29.85,29.9,330.0,9876.0,0.8432,0.2745,115.0,23.0,0.0,3.0,26.0,1728.0,0.0,20.0,0.0,0.0,0.0,12.36,1.9,10.33
2012/09/11,29.9,29.9,29.65,29.75,461.0,13751.0,-0.5017,0.3835,122.0,-2.0,0.0,7.0,5.0,1541.0,0.0,103.0,0.0,0.0,0.0,12.29,1.89,5.04
2012/09/12,27.4,29.25,27.4,28.55,243.0,6997.0,4.1255,0.1921,154.0,20.0,0.0,-10.0,10.0,1530.0,34.0,45.0,0.0,0.0,0.0,11.8,1.82,5.25
2012/09/13,28.65,29.15,28.6,28.7,103.0,2996.0,0.5254,0.0814,53.0,9.0,0.0,0.0,9.0,1514.0,5.0,21.0,0.0,0.0,0.0,11.86,1.83,5.23
2012/09/14,29.5,29.5,28.6,28.8,142.0,4121.0,0.3484,0.1122,52.0,9.0,0.0,0.0,9.0,1468.0,9.0,55.0,0.0,0.0,0.0,11.9,1.83,5.21
2012/09/17,29.5,29.9,29.1,29.4,76.0,2264.0,2.0833,0.0601,41.0,-1.0,0.0,0.0,-1.0,1483.0,20.0,5.0,0.0,0.0,0.0,12.15,1.87,5.1
2012/09/18,29.4,29.4,28.65,29.35,173.0,5032.0,-0.1701,0.1367,84.0,-3.0,0.0,0.0,-3.0,1448.0,42.0,77.0,0.0,0.0,0.0,12.13,1.87,5.11
2012/09/19,29.3,29.4,29.1,29.2,110.0,3224.0,-0.5111,0.0869,68.0,-5.0,0.0,0.0,-5.0,1486.0,41.0,3.0,0.0,0.0,0.0,12.07,1.86,5.14
2012/09/20,29.4,29.5,29.15,29.3,87.0,2546.0,0.3425,0.0688,44.0,-8.0,0.0,0.0,-8.0,1485.0,7.0,8.0,0.0,0.0,0.0,12.11,1.86,5.12
2012/09/21,29.35,29.7,29.15,29.3,274.0,8078.0,0.0,0.2166,125.0,-1.0,0.0,0.0,-1.0,1578.0,103.0,10.0,0.0,0.0,0.0,12.11,1.86,5.12
2012/09/24,29.3,29.4,28.5,29.1,240.0,6997.0,-0.6826,0.1897,110.0,-3.0,0.0,0.0,-3.0,1574.0,87.0,91.0,0.0,0.0,0.0,12.02,1.85,5.15
2012/09/25,29.1,29.1,28.7,28.8,166.0,4797.0,-1.0309,0.1312,90.0,-1.0,0.0,0.0,-1.0,1476.0,10.0,108.0,0.0,1.0,1.0,11.9,1.83,5.21
2012/09/26,28.8,28.8,28.55,28.6,58.0,1662.0,-0.6944,0.0458,40.0,-15.0,0.0,0.0,-15.0,1480.0,7.0,3.0,0.0,1.0,0.0,11.82,1.82,5.24
2012/09/27,28.55,28.55,28.2,28.2,69.0,1957.0,-1.3986,0.0545,39.0,0.0,0.0,0.0,0.0,1484.0,20.0,16.0,0.0,1.0,0.0,11.65,1.79,5.32
2012/09/28,28.25,28.4,28.05,28.4,48.0,1375.0,0.7092,0.0377,31.0,-4.0,0.0,0.0,-4.0,1470.0,8.0,22.0,0.0,1.0,0.0,11.74,1.81,5.28
2012/10/01,28.4,28.75,28.4,28.7,61.0,1749.0,1.0563,0.048,33.0,-1.0,0.0,0.0,-1.0,1499.0,53.0,24.0,0.0,1.0,0.0,11.86,1.83,5.23
2012/10/02,28.8,29.05,28.6,29.0,78.0,2268.0,1.0453,0.0613,40.0,-1.0,0.0,0.0,-1.0,1531.0,50.0,16.0,0.0,1.0,0.0,11.98,1.84,5.17
2012/10/03,28.5,29.0,28.5,28.75,13.0,396.0,-0.8621,0.0102,13.0,-3.0,0.0,0.0,-3.0,1532.0,2.0,1.0,0.0,1.0,0.0,11.88,1.83,5.22
2012/10/04,28.7,28.7,28.5,28.65,38.0,1094.0,-0.3478,0.0299,27.0,-11.0,0.0,0.0,-11.0,1520.0,0.0,2.0,0.0,1.0,0.0,11.84,1.82,5.24
2012/10/05,28.7,28.7,28.2,28.2,45.0,1287.0,-1.5707,0.0354,26.0,3.0,0.0,0.0,3.0,1527.0,17.0,10.0,0.0,1.0,0.0,11.65,1.79,5.32
2012/10/08,28.5,28.7,27.75,28.0,85.0,2381.0,-0.7092,0.0668,48.0,-1.0,0.0,0.0,-1.0,1500.0,16.0,43.0,0.0,1.0,0.0,11.57,1.78,5.36
2012/10/09,27.9,27.95,27.5,27.5,182.0,5034.0,-1.7857,0.1431,51.0,3.0,0.0,0.0,3.0,1480.0,0.0,20.0,0.0,1.0,0.0,11.36,1.75,5.45
2012/10/11,26.3,27.15,26.3,27.05,81.0,2191.0,-1.6364,0.0637,46.0,26.0,0.0,0.0,26.0,1479.0,2.0,3.0,0.0,1.0,0.0,11.18,1.72,5.55
2012/10/12,27.1,27.45,26.5,26.5,356.0,9545.0,-2.0333,0.28,85.0,15.0,0.0,0.0,15.0,1493.0,22.0,8.0,0.0,1.0,0.0,10.95,1.69,5.66
2012/10/15,26.4,26.7,26.4,26.5,20.0,530.0,0.0,0.0157,20.0,0.0,0.0,0.0,0.0,1492.0,7.0,8.0,0.0,1.0,0.0,10.95,1.69,5.66
2012/10/16,26.95,26.95,26.7,26.9,85.0,2276.0,1.5094,0.0668,25.0,0.0,0.0,0.0,0.0,1498.0,9.0,3.0,0.0,1.0,0.0,11.12,1.71,5.58
2012/10/17,26.9,27.2,26.5,26.5,185.0,4935.0,-1.487,0.1455,54.0,11.0,0.0,0.0,11.0,1514.0,17.0,1.0,0.0,1.0,0.0,10.95,1.69,5.66
2012/10/18,27.0,27.0,26.6,26.9,63.0,1688.0,1.5094,0.0495,49.0,0.0,0.0,0.0,0.0,1504.0,1.0,11.0,0.0,1.0,0.0,11.12,1.71,5.58
2012/10/19,26.9,27.15,26.9,27.0,40.0,1098.0,0.3717,0.0315,34.0,-6.0,0.0,0.0,-6.0,1493.0,2.0,13.0,0.0,1.0,0.0,11.16,1.72,5.56
2012/10/22,26.0,27.2,26.0,27.1,39.0,1063.0,0.3704,0.0307,26.0,-5.0,0.0,0.0,-5.0,1472.0,4.0,25.0,0.0,2.0,1.0,11.2,1.72,5.54
2012/10/23,27.1,28.3,27.05,28.3,33.0,917.0,4.428,0.026,28.0,-2.0,0.0,0.0,-2.0,1463.0,1.0,10.0,0.0,3.0,1.0,11.69,1.8,5.3
2012/10/24,27.75,27.85,27.5,27.7,46.0,1286.0,-2.1201,0.0362,32.0,-7.0,0.0,0.0,-7.0,1463.0,0.0,0.0,1.0,2.0,0.0,11.45,1.76,5.42
2012/10/25,28.0,28.0,27.25,27.4,51.0,1422.0,-1.083,0.0401,44.0,2.0,0.0,0.0,2.0,1444.0,1.0,4.0,0.0,2.0,0.0,11.32,1.74,5.47
2012/10/26,27.9,27.9,26.8,27.0,20.0,547.0,-1.4599,0.0157,17.0,-5.0,0.0,0.0,-5.0,1439.0,0.0,5.0,0.0,2.0,0.0,11.16,1.72,5.56
2012/10/29,27.0,27.0,26.55,26.6,30.0,822.0,-1.4815,0.0236,17.0,-4.0,0.0,0.0,-4.0,1429.0,0.0,10.0,1.0,1.0,0.0,10.99,1.69,5.64
2012/10/30,26.8,27.3,26.65,27.0,151.0,4069.0,1.5038,0.1187,42.0,-4.0,0.0,0.0,-4.0,1428.0,0.0,1.0,0.0,1.0,0.0,11.16,1.72,5.56
2012/10/31,27.0,27.0,26.7,27.0,63.0,1699.0,0.0,0.0495,24.0,0.0,0.0,0.0,0.0,1402.0,4.0,30.0,0.0,1.0,0.0,11.16,1.72,5.56
2012/11/01,27.0,27.0,26.75,27.0,40.0,1096.0,0.0,0.0315,16.0,-2.0,0.0,0.0,-2.0,1396.0,0.0,6.0,0.0,1.0,0.0,11.16,1.72,5.56
2012/11/02,27.0,27.0,26.9,27.0,33.0,897.0,0.0,0.026,21.0,0.0,0.0,0.0,0.0,1401.0,7.0,2.0,0.0,1.0,0.0,11.16,1.72,5.56
2012/11/05,27.35,27.35,26.8,27.0,55.0,1514.0,0.0,0.0433,40.0,0.0,0.0,0.0,0.0,1381.0,9.0,29.0,0.0,2.0,1.0,8.39,1.67,5.56
2012/11/06,27.0,27.65,27.0,27.4,17.0,465.0,1.4815,0.0134,16.0,-1.0,0.0,0.0,-1.0,1380.0,0.0,1.0,0.0,2.0,0.0,8.51,1.7,5.47
2012/11/07,27.4,27.4,26.95,27.0,57.0,1557.0,-1.4599,0.0448,44.0,0.0,0.0,0.0,0.0,1383.0,13.0,10.0,0.0,2.0,0.0,8.39,1.67,5.56
2012/11/08,26.8,27.15,26.8,27.0,27.0,755.0,0.0,0.0212,20.0,-2.0,0.0,0.0,-2.0,1380.0,0.0,3.0,0.0,1.0,0.0,8.39,1.67,5.56
2012/11/09,26.95,27.15,26.95,27.15,52.0,1427.0,0.5556,0.0409,27.0,1.0,0.0,0.0,1.0,1348.0,1.0,33.0,0.0,1.0,0.0,8.43,1.68,5.52
2012/11/12,27.05,27.8,27.0,27.7,41.0,1132.0,2.0258,0.0322,36.0,1.0,0.0,0.0,1.0,1339.0,4.0,13.0,0.0,1.0,0.0,8.6,1.71,5.42
2012/11/13,27.05,27.65,26.95,27.45,21.0,587.0,-0.9025,0.0165,15.0,0.0,0.0,0.0,0.0,1340.0,1.0,0.0,0.0,1.0,0.0,8.52,1.7,5.46
2012/11/14,27.0,27.45,27.0,27.45,21.0,591.0,0.0,0.0165,18.0,1.0,0.0,0.0,1.0,1335.0,0.0,5.0,0.0,1.0,0.0,8.52,1.7,5.46
2012/11/15,26.5,27.4,26.5,27.1,15.0,432.0,-1.275,0.0118,15.0,-1.0,0.0,0.0,-1.0,1335.0,3.0,3.0,0.0,1.0,0.0,8.42,1.68,5.54
2012/11/16,27.1,27.4,27.0,27.0,47.0,1271.0,-0.369,0.037,31.0,1.0,0.0,0.0,1.0,1330.0,0.0,5.0,0.0,1.0,0.0,8.39,1.67,5.56
2012/11/19,27.05,27.05,26.8,26.8,56.0,1507.0,-0.7407,0.044,21.0,0.0,0.0,0.0,0.0,1330.0,2.0,2.0,0.0,1.0,0.0,8.32,1.66,5.6
2012/11/20,28.65,28.65,27.65,27.75,307.0,8674.0,3.5448,0.2414,156.0,1.0,0.0,0.0,1.0,1441.0,133.0,22.0,0.0,16.0,15.0,8.62,1.72,5.41
2012/11/21,28.45,28.45,27.7,27.75,186.0,5243.0,0.0,0.1463,90.0,-5.0,0.0,0.0,-5.0,1422.0,11.0,30.0,0.0,21.0,5.0,8.62,1.72,5.41
2012/11/22,28.0,28.15,27.5,27.8,78.0,2176.0,0.1802,0.0613,45.0,2.0,0.0,0.0,2.0,1439.0,18.0,1.0,0.0,21.0,0.0,8.63,1.72,5.4
2012/11/23,28.0,28.1,27.7,27.8,88.0,2463.0,0.0,0.0692,46.0,6.0,0.0,0.0,6.0,1433.0,3.0,9.0,20.0,1.0,0.0,8.63,1.72,5.4
2012/11/26,28.1,28.1,27.85,28.0,112.0,3137.0,0.7194,0.0881,39.0,2.0,0.0,0.0,2.0,1467.0,43.0,9.0,0.0,1.0,0.0,8.7,1.73,5.36
2012/11/27,28.1,28.1,27.8,27.8,79.0,2220.0,-0.7143,0.0621,42.0,1.0,0.0,0.0,1.0,1465.0,15.0,5.0,0.0,1.0,0.0,8.63,1.72,5.4
2012/11/28,27.8,27.8,27.55,27.65,39.0,1090.0,-0.5396,0.0307,24.0,0.0,0.0,0.0,0.0,1471.0,10.0,4.0,0.0,7.0,6.0,8.59,1.71,5.42
2012/11/29,29.0,29.55,28.2,28.65,509.0,14699.0,3.6166,0.4003,227.0,5.0,0.0,0.0,5.0,1500.0,98.0,69.0,0.0,135.0,128.0,8.9,1.77,5.24
2012/11/30,28.65,29.0,28.3,28.7,233.0,6693.0,0.1745,0.1832,126.0,-1.0,0.0,0.0,-1.0,1505.0,50.0,45.0,0.0,142.0,7.0,8.91,1.78,5.23
2012/12/03,28.7,28.9,28.55,28.55,76.0,2192.0,-0.5226,0.0598,41.0,-4.0,0.0,0.0,-4.0,1495.0,1.0,11.0,0.0,175.0,33.0,8.87,1.77,5.25
2012/12/04,28.45,28.65,28.3,28.55,63.0,1819.0,0.0,0.0495,41.0,-5.0,0.0,0.0,-5.0,1475.0,9.0,29.0,0.0,174.0,0.0,8.87,1.77,5.25
2012/12/05,28.5,28.55,28.3,28.4,101.0,2873.0,-0.5254,0.0794,56.0,-6.0,0.0,0.0,-6.0,1498.0,35.0,12.0,0.0,174.0,0.0,8.82,1.76,5.28
2012/12/06,28.0,28.75,28.0,28.3,147.0,4178.0,-0.3521,0.1156,88.0,-2.0,0.0,0.0,-2.0,1515.0,35.0,18.0,0.0,157.0,2.0,8.79,1.75,5.3
2012/12/07,28.6,28.6,28.1,28.4,95.0,2703.0,0.3534,0.0747,53.0,-11.0,0.0,0.0,-11.0,1496.0,16.0,35.0,0.0,157.0,0.0,8.82,1.76,5.28
2012/12/10,28.4,28.4,28.15,28.3,44.0,1261.0,-0.3521,0.0346,28.0,0.0,0.0,0.0,0.0,1473.0,9.0,31.0,0.0,3.0,0.0,8.79,1.75,5.3
2012/12/11,28.5,28.7,28.05,28.1,275.0,7806.0,-0.7067,0.2162,98.0,-13.0,0.0,0.0,-13.0,1452.0,45.0,66.0,1.0,2.0,0.0,8.73,1.74,5.34
2012/12/12,28.4,28.4,28.05,28.15,74.0,2101.0,0.1779,0.0582,50.0,-5.0,0.0,0.0,-5.0,1447.0,4.0,9.0,0.0,2.0,0.0,8.74,1.74,5.33
2012/12/13,28.0,28.4,28.0,28.05,169.0,4774.0,-0.3552,0.1329,111.0,-4.0,0.0,0.0,-4.0,1494.0,77.0,30.0,1.0,1.0,0.0,8.71,1.74,5.35
2012/12/14,28.05,29.35,28.05,28.9,395.0,11412.0,3.0303,0.3106,172.0,0.0,0.0,0.0,0.0,1557.0,105.0,42.0,0.0,8.0,7.0,8.98,1.79,5.19
2012/12/17,29.2,29.2,28.6,28.7,70.0,2021.0,-0.692,0.055,41.0,0.0,0.0,0.0,0.0,1541.0,5.0,21.0,0.0,8.0,0.0,8.91,1.78,5.23
2012/12/18,28.7,28.7,28.5,28.55,80.0,2304.0,-0.5226,0.0629,49.0,0.0,0.0,0.0,0.0,1522.0,4.0,23.0,0.0,8.0,0.0,8.87,1.77,5.25
2012/12/19,28.7,28.8,28.3,28.7,128.0,3661.0,0.5254,0.1006,64.0,-6.0,0.0,0.0,-6.0,1524.0,34.0,32.0,0.0,8.0,0.0,8.91,1.78,5.23
2012/12/20,28.7,28.85,28.6,28.65,209.0,6013.0,-0.1742,0.1643,68.0,0.0,0.0,0.0,0.0,1567.0,54.0,11.0,0.0,8.0,0.0,8.9,1.77,5.24
2012/12/21,28.7,28.8,28.3,28.6,135.0,3864.0,-0.1745,0.1062,68.0,0.0,0.0,0.0,0.0,1574.0,34.0,27.0,0.0,1.0,0.0,8.88,1.77,5.24
2012/12/22,28.6,28.7,28.4,28.6,40.0,1149.0,0.0,0.0315,32.0,0.0,0.0,0.0,0.0,1581.0,23.0,16.0,0.0,1.0,0.0,8.88,1.77,5.24
2012/12/24,28.8,29.25,28.4,29.2,347.0,10023.0,2.0979,0.2729,112.0,-4.0,0.0,0.0,-4.0,1617.0,70.0,34.0,0.0,1.0,0.0,9.07,1.81,5.14
2012/12/25,29.4,29.65,29.1,29.45,232.0,6843.0,0.8562,0.1824,95.0,0.0,0.0,0.0,0.0,1582.0,52.0,87.0,0.0,1.0,0.0,9.15,1.82,5.09
2012/12/26,29.5,29.8,29.25,29.4,210.0,6211.0,-0.1698,0.1651,97.0,0.0,0.0,0.0,0.0,1538.0,41.0,85.0,0.0,1.0,0.0,9.13,1.82,5.1
2012/12/27,29.4,29.4,29.1,29.4,131.0,3859.0,0.0,0.103,60.0,-1.0,0.0,0.0,-1.0,1558.0,51.0,31.0,0.0,1.0,0.0,9.13,1.82,5.1
2012/12/28,29.4,30.2,29.4,29.9,301.0,8967.0,1.7007,0.2283,128.0,0.0,0.0,0.0,0.0,1589.0,113.0,82.0,0.0,8.0,7.0,9.29,1.85,5.02
2013/01/02,30.15,30.95,30.0,30.5,610.0,18623.0,2.0067,0.4626,209.0,-1.0,0.0,0.0,-1.0,1657.0,148.0,80.0,0.0,15.0,7.0,9.47,1.89,4.92
2013/01/03,30.9,32.6,30.9,32.6,2214.0,71531.0,6.8852,1.6791,788.0,-1.0,0.0,0.0,-1.0,2308.0,754.0,103.0,0.0,463.0,448.0,10.12,2.02,4.6
2013/01/04,33.5,34.85,33.2,34.3,3785.0,130022.0,5.2147,2.8705,1705.0,-1.0,0.0,0.0,-1.0,2981.0,1212.0,539.0,2.0,875.0,414.0,10.65,2.12,4.37
2013/01/07,34.5,35.7,34.5,34.6,2410.0,84302.0,0.8746,1.8277,1231.0,-3.0,0.0,0.0,-3.0,3195.0,731.0,517.0,6.0,909.0,40.0,10.75,2.14,4.34
2013/01/08,35.0,35.0,33.95,34.6,1345.0,46482.0,0.0,1.02,731.0,14.0,0.0,0.0,14.0,3199.0,362.0,358.0,4.0,887.0,2.0,10.75,2.14,4.34
2013/01/09,35.0,36.5,35.0,35.8,2989.0,107005.0,3.4682,2.2668,1421.0,-1.0,0.0,0.0,-1.0,3897.0,1210.0,512.0,2.0,937.0,171.0,11.12,2.22,4.19
2013/01/10,36.2,36.8,35.55,35.75,2827.0,102395.0,-0.1397,2.144,1265.0,-2.0,0.0,0.0,-2.0,3819.0,768.0,846.0,8.0,746.0,54.0,11.1,2.21,4.2
2013/01/11,36.2,36.3,34.4,34.4,2137.0,74965.0,-3.7762,1.6207,1034.0,26.0,0.0,0.0,26.0,3780.0,611.0,650.0,34.0,542.0,0.0,10.68,2.13,4.36
2013/01/14,34.5,35.45,34.5,34.9,1637.0,57396.0,1.4535,1.2411,808.0,51.0,0.0,0.0,51.0,3884.0,538.0,433.0,0.0,515.0,4.0,10.84,2.16,4.3
2013/01/15,35.2,35.6,34.0,34.05,1245.0,43168.0,-2.4355,0.9439,645.0,-1.0,0.0,0.0,-1.0,3719.0,331.0,496.0,5.0,170.0,0.0,10.57,2.11,4.41
2013/01/16,34.2,34.6,34.05,34.2,663.0,22750.0,0.4405,0.5027,320.0,-14.0,0.0,0.0,-14.0,3696.0,158.0,181.0,0.0,133.0,5.0,10.62,2.12,4.39
2013/01/17,34.5,34.55,32.6,32.8,1151.0,38508.0,-4.0936,0.8726,532.0,18.0,0.0,0.0,18.0,3383.0,172.0,485.0,20.0,116.0,3.0,10.19,2.03,4.57
2013/01/18,33.45,33.9,33.25,33.6,483.0,16247.0,2.439,0.3662,269.0,-3.0,0.0,0.0,-3.0,3411.0,154.0,126.0,0.0,117.0,1.0,10.43,2.08,4.46
2013/01/21,33.65,33.65,32.9,33.2,423.0,14030.0,-1.1905,0.3207,240.0,-7.0,0.0,0.0,-7.0,3411.0,142.0,142.0,1.0,116.0,0.0,10.31,2.05,4.52
2013/01/22,33.3,33.3,32.8,33.0,381.0,12591.0,-0.6024,0.2889,230.0,32.0,0.0,0.0,32.0,3443.0,129.0,87.0,3.0,95.0,0.0,10.25,2.04,4.55
2013/01/23,32.55,33.55,32.55,33.3,391.0,12971.0,0.9091,0.2964,262.0,3.0,0.0,0.0,3.0,3470.0,143.0,116.0,1.0,94.0,0.0,10.34,2.06,4.5
2013/01/24,33.0,33.4,33.0,33.2,250.0,8292.0,-0.3003,0.1895,153.0,16.0,0.0,0.0,16.0,3454.0,51.0,61.0,7.0,45.0,0.0,10.31,2.05,4.52
2013/01/25,33.5,34.5,33.0,34.1,641.0,21633.0,2.7108,0.486,427.0,7.0,0.0,0.0,7.0,3457.0,205.0,202.0,1.0,44.0,0.0,10.59,2.11,4.4
2013/01/28,34.3,34.35,33.6,33.7,382.0,12973.0,-1.173,0.2896,240.0,28.0,0.0,0.0,28.0,3424.0,147.0,179.0,1.0,41.0,0.0,10.47,2.09,4.45
2013/01/29,33.7,33.9,33.3,33.3,384.0,12922.0,-1.1869,0.2911,237.0,29.0,0.0,0.0,29.0,3412.0,125.0,137.0,0.0,41.0,0.0,10.34,2.06,4.5
2013/01/30,33.7,33.7,33.3,33.45,269.0,8992.0,0.4505,0.2039,171.0,4.0,0.0,0.0,4.0,3442.0,127.0,97.0,0.0,42.0,1.0,10.39,2.07,4.48
2013/01/31,33.45,33.6,33.05,33.2,225.0,7485.0,-0.7474,0.1681,151.0,-2.0,0.0,0.0,-2.0,3453.0,60.0,48.0,13.0,29.0,0.0,10.31,2.05,4.52
2013/02/01,33.85,35.5,33.8,35.5,4455.0,157347.0,6.9277,3.3292,1486.0,46.0,0.0,0.0,46.0,4268.0,1543.0,728.0,0.0,105.0,76.0,11.02,2.2,4.23
2013/02/04,35.9,36.5,35.2,35.45,2762.0,98990.0,-0.1408,2.064,1465.0,79.0,0.0,0.0,79.0,3747.0,659.0,1180.0,20.0,122.0,37.0,11.01,2.19,4.23
2013/02/05,35.85,36.1,35.05,36.05,1280.0,45678.0,1.6925,0.9565,726.0,14.0,0.0,0.0,14.0,3589.0,273.0,431.0,29.0,114.0,21.0,11.2,2.23,4.16
2013/02/06,36.5,36.5,35.65,35.85,1087.0,39102.0,-0.5548,0.8123,508.0,26.0,0.0,0.0,26.0,3420.0,244.0,404.0,20.0,84.0,5.0,11.13,2.22,4.18
2013/02/18,36.15,36.8,35.7,35.75,756.0,27342.0,-0.2789,0.565,382.0,16.0,0.0,0.0,16.0,3423.0,279.0,251.0,7.0,78.0,1.0,11.1,2.21,4.2
2013/02/19,35.75,35.75,35.0,35.2,702.0,24747.0,-1.5385,0.5246,367.0,56.0,0.0,0.0,56.0,3349.0,163.0,237.0,14.0,64.0,0.0,10.93,2.18,4.26
2013/02/20,35.5,35.5,35.1,35.25,434.0,15327.0,0.142,0.3243,230.0,35.0,0.0,0.0,35.0,3386.0,130.0,93.0,5.0,59.0,0.0,10.95,2.18,4.26
2013/02/21,35.25,35.25,34.6,34.6,531.0,18538.0,-1.844,0.3968,297.0,26.0,0.0,0.0,26.0,3307.0,103.0,181.0,25.0,34.0,0.0,10.75,2.14,4.34
2013/02/22,34.6,34.6,34.0,34.0,633.0,21683.0,-1.7341,0.473,296.0,-12.0,0.0,0.0,-12.0,3235.0,164.0,236.0,3.0,31.0,0.0,10.56,2.1,4.41
2013/02/23,34.1,34.45,34.1,34.2,359.0,12318.0,0.5882,0.2683,171.0,0.0,0.0,0.0,0.0,3205.0,69.0,99.0,0.0,36.0,5.0,10.62,2.12,4.39
2013/02/25,34.1,34.45,34.1,34.1,294.0,10086.0,-0.2924,0.2197,143.0,25.0,0.0,0.0,25.0,3185.0,57.0,77.0,0.0,37.0,1.0,10.59,2.11,4.4
2013/02/26,33.5,34.75,33.5,34.2,217.0,7442.0,0.2933,0.1622,152.0,-18.0,0.0,0.0,-18.0,3222.0,85.0,48.0,0.0,15.0,0.0,10.62,2.12,4.39
2013/02/27,34.5,34.5,34.15,34.2,257.0,8811.0,0.0,0.1914,124.0,19.0,0.0,0.0,19.0,3226.0,69.0,65.0,5.0,10.0,0.0,10.62,2.12,4.39
2013/03/01,34.3,35.1,34.3,35.0,384.0,13425.0,2.3392,0.286,233.0,-5.0,0.0,0.0,-5.0,3222.0,132.0,136.0,0.0,12.0,2.0,10.87,2.17,4.29
2013/03/04,35.2,35.2,34.25,34.25,279.0,9687.0,-2.1429,0.2078,172.0,-29.0,0.0,0.0,-29.0,3192.0,57.0,87.0,0.0,13.0,1.0,10.64,2.12,4.38
2013/03/05,34.4,35.15,34.4,35.0,485.0,16943.0,2.1898,0.3612,254.0,4.0,0.0,0.0,4.0,3157.0,107.0,142.0,5.0,8.0,0.0,10.87,2.17,4.29
2013/03/06,35.3,35.3,34.7,34.75,235.0,8207.0,-0.7143,0.175,139.0,1.0,0.0,0.0,1.0,3110.0,28.0,75.0,0.0,8.0,0.0,10.79,2.15,4.32
2013/03/07,35.0,35.0,34.4,34.45,343.0,11887.0,-0.8633,0.2554,172.0,19.0,0.0,0.0,19.0,3025.0,28.0,111.0,1.0,7.0,0.0,10.7,2.13,4.35
2013/03/08,34.1,35.0,34.1,34.85,195.0,6780.0,1.1611,0.1452,130.0,8.0,0.0,0.0,8.0,2970.0,32.0,87.0,5.0,2.0,0.0,10.82,2.16,4.3
2013/03/11,35.0,35.15,34.5,34.95,328.0,11429.0,0.2869,0.2443,159.0,24.0,0.0,0.0,24.0,2957.0,73.0,86.0,2.0,0.0,0.0,10.85,2.16,4.29
2013/03/12,35.15,35.3,34.5,34.85,710.0,24863.0,-0.2861,0.5288,262.0,-14.0,0.0,0.0,-14.0,2782.0,0.0,175.0,0.0,0.0,0.0,10.82,2.16,4.3
2013/03/13,34.85,34.9,33.5,34.05,496.0,16957.0,-2.2956,0.3694,257.0,39.0,0.0,0.0,39.0,2711.0,0.0,71.0,0.0,0.0,0.0,10.57,2.11,4.41
2013/03/14,34.0,34.5,34.0,34.5,203.0,6968.0,1.3216,0.1512,117.0,0.0,0.0,0.0,0.0,2676.0,0.0,35.0,0.0,0.0,0.0,10.71,2.13,4.35
2013/03/15,34.65,34.75,34.3,34.3,214.0,7398.0,-0.5797,0.1594,120.0,2.0,0.0,0.0,2.0,2666.0,36.0,46.0,0.0,2.0,2.0,10.65,2.12,4.37
2013/03/18,34.2,34.2,33.8,33.8,267.0,9049.0,-1.4577,0.1988,134.0,7.0,0.0,0.0,7.0,2610.0,19.0,75.0,0.0,2.0,0.0,10.5,2.09,4.44
2013/03/19,33.6,34.8,33.6,34.5,248.0,8497.0,2.071,0.1847,139.0,15.0,0.0,0.0,15.0,2615.0,78.0,73.0,0.0,14.0,12.0,10.71,2.13,4.35
2013/03/20,34.0,34.5,34.0,34.15,104.0,3595.0,-1.0145,0.0775,65.0,19.0,0.0,0.0,19.0,2579.0,15.0,51.0,0.0,15.0,1.0,10.61,2.11,4.39
2013/03/21,34.45,34.85,34.45,34.65,228.0,7897.0,1.4641,0.1698,123.0,15.0,0.0,0.0,15.0,2618.0,79.0,40.0,0.0,15.0,0.0,10.76,2.14,4.33
2013/03/22,34.85,36.3,34.8,35.75,1128.0,40178.0,3.1746,0.8401,550.0,17.0,0.0,0.0,17.0,2952.0,584.0,250.0,2.0,17.0,4.0,11.1,2.21,4.2
2013/03/25,36.2,36.3,35.45,35.5,306.0,10985.0,-0.6993,0.2279,192.0,13.0,0.0,0.0,13.0,2895.0,128.0,185.0,2.0,15.0,0.0,11.02,2.2,4.23
2013/03/26,35.1,35.3,35.05,35.15,256.0,9016.0,-0.9859,0.1907,124.0,20.0,0.0,0.0,20.0,2932.0,124.0,87.0,0.0,15.0,0.0,10.92,2.18,4.27
2013/03/27,34.95,35.5,34.0,34.25,1055.0,36420.0,-2.5605,0.7857,487.0,44.0,0.0,0.0,44.0,2723.0,195.0,404.0,0.0,15.0,0.0,10.64,2.12,4.38
2013/03/28,34.05,34.5,34.05,34.5,371.0,12708.0,0.7299,0.2763,149.0,25.0,0.0,0.0,25.0,2737.0,107.0,93.0,0.0,17.0,2.0,10.71,2.13,4.35
2013/03/29,35.8,35.8,34.7,34.75,576.0,20222.0,0.7246,0.429,302.0,4.0,0.0,0.0,4.0,2759.0,147.0,125.0,0.0,18.0,1.0,10.79,2.15,4.32
2013/04/01,35.0,35.15,34.7,34.7,263.0,9191.0,-0.1439,0.1959,150.0,-2.0,0.0,0.0,-2.0,2740.0,32.0,51.0,0.0,19.0,1.0,10.78,2.15,4.32
2013/04/02,34.7,34.7,34.25,34.3,248.0,8558.0,-1.1527,0.1847,113.0,15.0,0.0,0.0,15.0,2654.0,25.0,111.0,0.0,19.0,0.0,10.65,2.12,4.37
2013/04/03,34.6,34.95,34.35,34.9,213.0,7373.0,1.7493,0.1586,109.0,30.0,0.0,0.0,30.0,2635.0,25.0,44.0,0.0,19.0,0.0,10.84,2.16,4.3
2013/04/08,34.9,35.4,34.4,35.35,1007.0,35243.0,1.2894,0.7499,518.0,-36.0,0.0,15.0,-21.0,2602.0,246.0,279.0,0.0,32.0,13.0,6.12,1.85,4.24
2013/04/09,35.4,35.5,34.75,34.75,355.0,12456.0,-1.6973,0.2644,206.0,-14.0,0.0,8.0,-6.0,2534.0,51.0,119.0,2.0,30.0,0.0,6.01,1.81,4.32
2013/04/10,34.75,35.35,34.7,34.7,260.0,9135.0,-0.1439,0.1936,158.0,-4.0,0.0,6.0,2.0,2554.0,79.0,59.0,0.0,35.0,5.0,6.0,1.81,4.32
2013/04/11,35.6,37.1,35.3,37.1,3642.0,133925.0,6.9164,2.7123,1400.0,103.0,0.0,108.0,211.0,3262.0,1230.0,522.0,1.0,61.0,27.0,6.42,1.94,4.04
2013/04/12,37.9,39.5,37.8,38.2,3638.0,140045.0,2.965,2.7093,1930.0,-37.0,0.0,48.0,11.0,3723.0,1268.0,807.0,5.0,128.0,72.0,6.61,1.99,3.93
2013/04/15,37.85,38.1,36.45,36.7,1431.0,53231.0,-3.9267,1.0657,750.0,33.0,0.0,13.0,46.0,3718.0,492.0,497.0,87.0,41.0,0.0,6.35,1.92,4.09
2013/04/16,36.0,37.45,35.7,36.95,1054.0,38924.0,0.6812,0.785,551.0,-21.0,0.0,30.0,9.0,3666.0,282.0,334.0,2.0,42.0,3.0,6.39,1.93,4.06
2013/04/17,37.25,39.45,36.6,39.05,2580.0,99799.0,5.6834,1.9214,1317.0,8.0,0.0,61.0,69.0,3883.0,718.0,501.0,0.0,127.0,85.0,6.76,2.04,3.84
2013/04/18,38.6,39.3,38.3,38.5,1192.0,46230.0,-1.4085,0.8877,699.0,20.0,0.0,-47.0,-27.0,3798.0,309.0,394.0,5.0,129.0,7.0,6.66,2.01,3.9
2013/04/19,38.8,40.1,38.6,39.1,1448.0,57076.0,1.5584,1.0784,867.0,120.0,0.0,20.0,140.0,3814.0,476.0,449.0,1.0,154.0,26.0,6.76,2.04,3.84
2013/04/22,39.3,40.0,38.75,39.25,1287.0,50798.0,0.3836,0.9585,690.0,168.0,0.0,9.0,177.0,3881.0,356.0,289.0,3.0,192.0,41.0,6.79,2.05,3.82
2013/04/23,39.55,41.0,38.75,39.15,3478.0,138992.0,-0.2548,2.5902,1723.0,4.0,0.0,128.0,132.0,4684.0,1309.0,506.0,12.0,213.0,33.0,6.77,2.04,3.83
2013/04/24,39.5,39.55,38.6,38.8,1289.0,50256.0,-0.894,0.96,710.0,73.0,0.0,-49.0,24.0,4545.0,373.0,512.0,39.0,173.0,0.0,6.71,2.03,3.87
2013/04/25,38.4,40.0,38.4,39.3,1103.0,43407.0,1.2887,0.8214,691.0,-8.0,0.0,-5.0,-13.0,4629.0,408.0,324.0,15.0,167.0,9.0,6.8,2.05,3.82
2013/04/26,39.35,40.25,38.9,38.9,1194.0,47300.0,-1.0178,0.8892,659.0,-14.0,0.0,-25.0,-39.0,4749.0,475.0,355.0,13.0,157.0,3.0,6.73,2.03,3.86
2013/04/29,39.1,39.35,38.0,38.1,894.0,34318.0,-2.0566,0.6658,440.0,-19.0,0.0,-15.0,-34.0,4514.0,172.0,407.0,94.0,63.0,0.0,6.59,1.99,3.94
2013/04/30,38.5,38.5,37.7,38.0,634.0,24130.0,-0.2625,0.4722,351.0,51.0,0.0,12.0,63.0,4441.0,132.0,205.0,18.0,44.0,0.0,6.57,1.98,3.95
2013/05/02,38.45,38.8,38.15,38.3,275.0,10576.0,0.7895,0.2048,195.0,-18.0,0.0,22.0,4.0,4419.0,80.0,102.0,1.0,44.0,1.0,6.63,2.0,3.92
2013/05/03,38.65,38.7,37.8,37.8,404.0,15439.0,-1.3055,0.3009,242.0,-16.0,0.0,12.0,-4.0,4404.0,100.0,115.0,0.0,44.0,0.0,6.54,1.97,3.97
2013/05/06,38.4,38.5,37.9,38.2,316.0,12079.0,1.0582,0.2353,184.0,-23.0,0.0,-5.0,-28.0,4411.0,80.0,73.0,10.0,35.0,1.0,6.61,1.99,3.93
2013/05/07,38.4,38.4,37.65,37.65,389.0,14771.0,-1.4398,0.2897,216.0,-17.0,0.0,-25.0,-42.0,4347.0,84.0,147.0,0.0,36.0,1.0,6.51,1.97,3.98
2013/05/08,37.65,38.3,37.65,37.7,418.0,15903.0,0.1328,0.3113,206.0,-15.0,0.0,55.0,40.0,4242.0,52.0,157.0,2.0,35.0,1.0,6.52,1.97,3.98
2013/05/09,38.2,39.9,37.85,39.4,1500.0,58770.0,4.5093,1.1171,772.0,-17.0,0.0,60.0,43.0,4283.0,379.0,338.0,3.0,44.0,13.0,6.82,2.06,3.81
2013/05/10,39.7,39.7,38.6,38.7,551.0,21513.0,-1.7766,0.4103,321.0,-12.0,0.0,-58.0,-70.0,4275.0,212.0,220.0,6.0,38.0,0.0,6.7,2.02,3.88
2013/05/13,38.7,38.7,37.7,37.7,500.0,19136.0,-2.584,0.3724,268.0,-50.0,0.0,2.0,-48.0,4195.0,65.0,145.0,1.0,37.0,0.0,6.52,1.97,3.98
2013/05/14,37.7,38.45,37.7,38.05,233.0,8874.0,0.9284,0.1735,148.0,1.0,0.0,-23.0,-22.0,4172.0,44.0,67.0,2.0,36.0,1.0,6.58,1.99,3.94
2013/05/15,38.9,38.9,38.15,38.15,205.0,7862.0,0.2628,0.1527,149.0,-2.0,0.0,-7.0,-9.0,4180.0,66.0,58.0,0.0,42.0,6.0,6.6,1.99,3.93
2013/05/16,38.2,38.8,37.9,38.1,501.0,19181.0,-0.1311,0.3731,279.0,-14.0,0.0,-34.0,-48.0,4154.0,130.0,156.0,6.0,36.0,0.0,6.59,1.99,3.94
2013/05/17,38.0,39.65,38.0,39.0,1424.0,55578.0,2.3622,1.0605,711.0,-20.0,0.0,-10.0,-30.0,4455.0,556.0,255.0,0.0,39.0,3.0,6.75,2.04,3.85
2013/05/20,39.2,40.5,39.0,39.55,1446.0,57570.0,1.4103,1.0769,713.0,-14.0,0.0,76.0,62.0,4393.0,466.0,527.0,0.0,50.0,11.0,6.84,2.07,3.79
2013/05/21,39.55,40.1,38.8,38.9,752.0,29608.0,-1.6435,0.56,358.0,0.0,0.0,-57.0,-57.0,4417.0,226.0,202.0,10.0,40.0,0.0,6.73,2.03,3.86
2013/05/22,39.0,39.2,38.1,38.25,617.0,23737.0,-1.671,0.4595,300.0,-20.0,0.0,31.0,11.0,4331.0,174.0,260.0,5.0,35.0,0.0,6.62,2.0,3.92
2013/05/23,38.25,38.5,38.0,38.0,567.0,21660.0,-0.6536,0.4223,187.0,-8.0,0.0,-10.0,-18.0,4140.0,71.0,262.0,3.0,32.0,0.0,6.57,1.98,3.95
2013/05/24,38.0,38.5,37.9,37.9,351.0,13378.0,-0.2632,0.2614,181.0,0.0,0.0,-43.0,-43.0,4043.0,62.0,159.0,1.0,32.0,1.0,6.56,1.98,3.96
2013/05/27,37.95,38.35,37.9,38.2,353.0,13437.0,0.7916,0.2629,110.0,0.0,0.0,-5.0,-5.0,4080.0,68.0,31.0,0.0,35.0,3.0,6.61,1.99,3.93
2013/05/28,38.2,38.45,38.0,38.0,204.0,7810.0,-0.5236,0.1519,88.0,0.0,0.0,-10.0,-10.0,4081.0,71.0,70.0,3.0,32.0,0.0,6.57,1.98,3.95
2013/05/29,38.3,38.4,38.0,38.0,498.0,18989.0,0.0,0.3709,158.0,0.0,0.0,-5.0,-5.0,3950.0,52.0,183.0,2.0,30.0,0.0,6.57,1.98,3.95
2013/05/30,38.0,38.0,37.3,37.35,636.0,23957.0,-1.7105,0.4737,278.0,0.0,0.0,-43.0,-43.0,3927.0,109.0,132.0,0.0,30.0,0.0,6.46,1.95,4.02
2013/05/31,37.6,37.85,37.1,37.3,609.0,22793.0,-0.1339,0.4503,228.0,11.0,0.0,-20.0,-9.0,3885.0,64.0,99.0,13.0,22.0,5.0,6.45,1.95,4.02
2013/06/03,36.9,37.6,36.9,37.0,354.0,13186.0,-0.8043,0.2617,164.0,4.0,0.0,0.0,4.0,3730.0,61.0,216.0,5.0,18.0,1.0,5.35,2.43,4.05
2013/06/04,37.3,37.5,36.7,36.7,513.0,19014.0,-0.8108,0.3793,195.0,4.0,0.0,-8.0,-4.0,3637.0,88.0,181.0,2.0,16.0,0.0,5.31,2.41,4.09
2013/06/05,36.55,37.1,36.45,36.85,216.0,7970.0,0.4087,0.1597,101.0,0.0,0.0,0.0,0.0,3662.0,97.0,72.0,0.0,17.0,1.0,5.33,2.42,4.07
2013/06/06,37.1,37.1,36.4,36.8,127.0,4664.0,-0.1357,0.0939,80.0,-7.0,0.0,-2.0,-9.0,3652.0,20.0,30.0,0.0,17.0,0.0,5.33,2.42,4.08
2013/06/07,37.0,37.0,35.8,35.9,289.0,10473.0,-2.4457,0.2137,158.0,-1.0,0.0,-13.0,-14.0,3600.0,38.0,90.0,0.0,17.0,0.0,5.2,2.36,4.18
2013/06/10,36.2,36.7,35.75,36.4,351.0,12704.0,1.3928,0.2595,174.0,-24.0,0.0,9.0,-15.0,3554.0,33.0,79.0,1.0,17.0,1.0,5.27,2.39,4.12
2013/06/11,36.6,36.7,36.3,36.3,196.0,7163.0,-0.2747,0.1449,121.0,-81.0,0.0,-1.0,-82.0,3561.0,25.0,18.0,0.0,18.0,1.0,5.25,2.38,4.13
2013/06/13,36.0,36.1,35.8,35.9,433.0,15560.0,-1.1019,0.3201,178.0,-66.0,0.0,-14.0,-80.0,3514.0,9.0,56.0,1.0,17.0,0.0,5.2,2.36,4.18
2013/06/14,36.2,36.2,35.5,35.55,255.0,9127.0,-0.9749,0.1885,109.0,3.0,0.0,-3.0,0.0,3463.0,15.0,66.0,2.0,15.0,0.0,5.14,2.33,4.22
2013/06/17,35.55,36.15,35.55,35.85,131.0,4715.0,0.8439,0.0969,83.0,-26.0,0.0,9.0,-17.0,3467.0,29.0,25.0,0.0,16.0,1.0,5.19,2.35,4.18
2013/06/18,35.85,36.0,35.6,35.8,150.0,5365.0,-0.1395,0.1109,93.0,-31.0,0.0,3.0,-28.0,3467.0,28.0,28.0,0.0,16.0,0.0,5.18,2.35,4.19
2013/06/19,35.75,36.0,35.75,35.75,135.0,4858.0,-0.1397,0.0998,89.0,-13.0,0.0,3.0,-10.0,3435.0,22.0,54.0,1.0,15.0,0.0,5.17,2.35,4.2
2013/06/20,35.75,35.75,35.5,35.65,118.0,4204.0,-0.2797,0.0872,55.0,0.0,0.0,0.0,0.0,3411.0,17.0,41.0,0.0,15.0,0.0,5.16,2.34,4.21
2013/06/21,35.5,35.65,35.15,35.55,260.0,9215.0,-0.2805,0.1922,85.0,0.0,0.0,-1.0,-1.0,3268.0,12.0,153.0,1.0,14.0,0.0,5.14,2.33,4.22
2013/06/24,35.65,36.0,35.65,36.0,69.0,2472.0,1.2658,0.051,37.0,7.0,0.0,0.0,7.0,3251.0,8.0,14.0,0.0,14.0,0.0,5.21,2.36,4.17
2013/06/25,36.0,36.1,35.2,35.6,131.0,4677.0,-1.1111,0.0969,78.0,-5.0,0.0,-8.0,-13.0,3245.0,24.0,21.0,0.0,14.0,0.0,5.15,2.34,4.21
2013/06/26,36.0,36.0,35.6,35.6,85.0,3039.0,0.0,0.0628,36.0,-2.0,0.0,-3.0,-5.0,3228.0,27.0,44.0,0.0,14.0,0.0,5.15,2.34,4.21
2013/06/27,35.6,36.0,35.4,35.8,148.0,5281.0,0.5618,0.1094,50.0,3.0,0.0,40.0,43.0,3172.0,35.0,91.0,0.0,16.0,2.0,5.18,2.35,4.19
2013/06/28,36.0,36.0,35.65,35.65,82.0,2941.0,-0.419,0.0606,56.0,-12.0,0.0,-19.0,-31.0,3175.0,16.0,13.0,1.0,15.0,0.0,5.16,2.34,4.21
2013/07/01,35.6,37.2,35.4,36.95,185.0,6721.0,3.6466,0.1368,126.0,1.0,0.0,4.0,5.0,3178.0,37.0,34.0,0.0,20.0,5.0,5.35,2.43,4.06
2013/07/02,36.5,37.2,36.45,36.5,163.0,6003.0,-1.2179,0.1205,100.0,-7.0,0.0,-20.0,-27.0,3208.0,49.0,19.0,6.0,14.0,0.0,5.28,2.4,4.11
2013/07/03,36.6,36.8,36.3,36.3,128.0,4675.0,-0.5479,0.0946,54.0,0.0,0.0,15.0,15.0,3224.0,35.0,19.0,0.0,14.0,0.0,5.25,2.38,4.13
2013/07/04,36.1,36.95,36.1,36.2,35.0,1276.0,-0.2755,0.0259,27.0,-1.0,0.0,7.0,6.0,3208.0,0.0,16.0,0.0,14.0,0.0,5.24,2.38,4.14
2013/07/05,36.2,36.25,35.85,36.0,184.0,6646.0,-0.5525,0.136,85.0,1.0,0.0,23.0,24.0,3150.0,46.0,104.0,1.0,13.0,0.0,5.21,2.36,4.17
2013/07/08,36.8,36.8,36.0,36.2,75.0,2722.0,0.5556,0.0554,49.0,2.0,0.0,0.0,2.0,3148.0,15.0,17.0,2.0,12.0,1.0,5.24,2.38,4.14
2013/07/09,36.4,36.6,36.35,36.4,101.0,3702.0,0.5525,0.0747,60.0,7.0,0.0,-6.0,1.0,3159.0,17.0,6.0,0.0,12.0,0.0,5.27,2.39,4.12
2013/07/10,36.8,36.8,36.4,36.6,106.0,3919.0,0.5495,0.0784,70.0,1.0,0.0,-5.0,-4.0,3156.0,18.0,21.0,0.0,12.0,0.0,5.3,2.4,4.1
2013/07/11,36.85,37.3,36.7,37.0,228.0,8476.0,1.0929,0.1686,124.0,5.0,0.0,0.0,5.0,3125.0,24.0,55.0,0.0,11.0,0.0,5.35,2.43,4.05
2013/07/12,37.2,37.3,37.0,37.25,205.0,7615.0,0.6757,0.1516,107.0,5.0,0.0,-2.0,3.0,3198.0,86.0,13.0,0.0,11.0,0.0,5.39,2.45,4.03
2013/07/15,37.7,38.7,37.25,38.5,482.0,18472.0,3.3557,0.3564,235.0,14.0,0.0,29.0,43.0,3340.0,222.0,80.0,0.0,11.0,0.0,5.57,2.53,3.9
2013/07/16,38.8,39.4,38.55,39.2,582.0,22711.0,1.8182,0.4303,297.0,1.0,0.0,60.0,61.0,3548.0,317.0,107.0,0.0,9.0,0.0,5.67,2.57,3.83
2013/07/17,39.9,40.2,39.2,39.75,897.0,35546.0,1.4031,0.6632,391.0,5.0,0.0,41.0,46.0,3637.0,279.0,190.0,1.0,8.0,0.0,5.75,2.61,3.77
2013/07/18,39.9,40.15,39.5,39.8,486.0,19387.0,0.1258,0.3593,248.0,16.0,0.0,41.0,57.0,3547.0,81.0,171.0,6.0,2.0,0.0,5.76,2.61,3.77
2013/07/19,39.8,40.05,39.2,39.4,328.0,12998.0,-1.005,0.2425,150.0,10.0,0.0,70.0,80.0,3502.0,0.0,45.0,0.0,0.0,0.0,5.7,2.59,3.81
2013/07/22,39.4,39.6,39.1,39.3,542.0,21305.0,-0.2538,0.4007,225.0,32.0,0.0,51.0,83.0,3255.0,0.0,247.0,0.0,0.0,0.0,5.69,2.58,3.82
2013/07/23,39.4,39.7,38.8,39.45,1319.0,51778.0,0.3817,0.9752,561.0,18.0,0.0,411.0,429.0,3019.0,0.0,236.0,0.0,0.0,0.0,5.71,2.59,2.76
2013/07/24,33.2,33.3,32.8,33.0,1450.0,47977.0,1.0913,0.8853,687.0,11.0,0.0,-450.0,-439.0,3398.0,485.0,80.0,0.0,49.0,49.0,4.78,2.17,3.3
2013/07/25,33.5,33.5,33.05,33.2,672.0,22345.0,0.6061,0.4103,275.0,10.0,0.0,-198.0,-188.0,3515.0,235.0,118.0,0.0,59.0,10.0,4.8,2.18,3.28
2013/07/26,35.0,35.5,33.5,35.35,2110.0,74236.0,6.4759,1.2883,830.0,52.0,0.0,24.0,76.0,3779.0,622.0,358.0,0.0,146.0,87.0,5.12,2.32,3.08
2013/07/29,35.3,35.3,34.5,34.6,1050.0,36571.0,-2.1216,0.6411,486.0,-1.0,0.0,31.0,30.0,3464.0,107.0,422.0,8.0,138.0,0.0,5.01,2.27,3.15
2013/07/30,34.6,35.5,34.6,35.1,399.0,14046.0,1.4451,0.2436,256.0,16.0,0.0,-42.0,-26.0,3475.0,128.0,117.0,0.0,143.0,5.0,5.08,2.3,3.11
2013/07/31,35.05,36.9,35.05,36.75,839.0,30442.0,4.7009,0.5123,446.0,-10.0,0.0,37.0,27.0,3603.0,273.0,145.0,0.0,185.0,42.0,5.32,2.41,2.97
2013/08/01,38.0,38.25,37.2,37.5,1560.0,59061.0,2.0408,0.9525,796.0,-33.0,0.0,38.0,5.0,3669.0,488.0,422.0,2.0,287.0,104.0,0.0,0.0,2.91
2013/08/02,38.5,38.5,36.8,36.9,1009.0,37985.0,-1.6,0.6161,588.0,-36.0,0.0,1.0,-35.0,3572.0,140.0,237.0,15.0,275.0,3.0,0.0,0.0,2.95
2013/08/05,37.1,37.1,35.8,36.6,673.0,24502.0,-0.813,0.4109,341.0,93.0,0.0,0.0,93.0,3484.0,107.0,195.0,2.0,273.0,0.0,0.0,2.4,2.98
2013/08/06,36.6,36.6,36.0,36.25,384.0,13906.0,-0.9563,0.2345,233.0,19.0,0.0,-11.0,8.0,3438.0,69.0,115.0,38.0,231.0,0.0,5.57,2.38,3.01
2013/08/07,36.0,36.25,35.55,35.8,352.0,12644.0,-1.2414,0.2149,194.0,18.0,0.0,-26.0,-8.0,3363.0,35.0,110.0,8.0,195.0,0.0,5.5,2.35,3.04
2013/08/08,35.7,36.45,35.7,35.9,220.0,7942.0,0.2793,0.1343,146.0,14.0,0.0,-6.0,8.0,3350.0,22.0,35.0,0.0,144.0,0.0,5.51,2.36,3.04
2013/08/09,35.9,36.3,35.75,35.8,155.0,5587.0,-0.2786,0.0946,101.0,1.0,0.0,10.0,11.0,3293.0,12.0,69.0,2.0,143.0,1.0,5.5,2.35,3.04
2013/08/12,35.8,36.3,35.05,35.1,408.0,14481.0,-1.9553,0.2491,194.0,14.0,0.0,-32.0,-18.0,3254.0,86.0,125.0,0.0,144.0,1.0,5.39,2.3,3.11
2013/08/13,35.5,35.5,34.65,34.9,269.0,9400.0,-0.5698,0.1642,155.0,10.0,0.0,0.0,10.0,3194.0,26.0,86.0,2.0,138.0,0.0,5.36,2.29,3.12
2013/08/14,35.0,35.0,34.5,34.5,189.0,6549.0,-1.1461,0.1154,113.0,-5.0,0.0,-12.0,-17.0,3227.0,67.0,34.0,0.0,138.0,0.0,5.3,2.27,3.16
2013/08/15,34.0,34.5,33.8,33.9,238.0,8098.0,-1.7391,0.1453,151.0,-5.0,0.0,-15.0,-20.0,3234.0,33.0,26.0,10.0,128.0,0.0,5.21,2.23,3.22
2013/08/16,33.6,34.1,33.35,33.35,576.0,19364.0,-1.6224,0.3517,243.0,-5.0,0.0,-10.0,-15.0,2965.0,79.0,338.0,10.0,123.0,5.0,7.58,2.19,3.27
2013/08/19,33.0,33.75,33.0,33.75,253.0,8474.0,1.1994,0.1545,154.0,-4.0,0.0,0.0,-4.0,2969.0,34.0,30.0,0.0,129.0,6.0,7.67,2.22,3.23
2013/08/20,33.75,33.85,32.7,32.7,318.0,10565.0,-3.1111,0.1942,189.0,-8.0,0.0,-33.0,-41.0,2993.0,79.0,55.0,0.0,135.0,6.0,7.43,2.15,3.33
2013/08/22,32.1,33.05,32.05,33.05,179.0,5811.0,1.0703,0.1093,115.0,20.0,0.0,-12.0,8.0,2985.0,20.0,28.0,0.0,141.0,7.0,7.51,2.17,3.3
2013/08/23,33.05,33.55,33.05,33.55,243.0,8087.0,1.5129,0.1484,186.0,-3.0,0.0,-1.0,-4.0,3018.0,69.0,36.0,22.0,89.0,1.0,7.63,2.21,3.25
2013/08/26,33.45,33.5,32.75,32.85,270.0,8937.0,-2.0864,0.1649,195.0,-24.0,0.0,-5.0,-29.0,3038.0,80.0,60.0,9.0,48.0,0.0,7.47,2.16,3.32
2013/08/27,32.85,32.95,32.25,32.6,208.0,6771.0,-0.761,0.127,126.0,-13.0,0.0,-8.0,-21.0,3002.0,8.0,44.0,3.0,39.0,0.0,7.41,2.14,3.34
2013/08/28,32.05,32.5,32.05,32.45,149.0,4829.0,-0.4601,0.091,101.0,-2.0,0.0,-15.0,-17.0,3003.0,32.0,23.0,0.0,6.0,0.0,7.38,2.13,3.36
2013/08/29,32.5,32.85,32.45,32.8,161.0,5257.0,1.0786,0.0983,94.0,0.0,0.0,-36.0,-36.0,3010.0,19.0,12.0,0.0,6.0,0.0,7.45,2.16,3.32
2013/08/30,32.8,33.0,32.65,33.0,115.0,3780.0,0.6098,0.0702,79.0,-9.0,0.0,26.0,17.0,2997.0,6.0,19.0,1.0,5.0,0.0,7.5,2.17,3.3
2013/09/02,33.0,33.15,32.7,32.8,164.0,5412.0,-0.6061,0.1001,82.0,-8.0,0.0,-22.0,-30.0,3006.0,11.0,2.0,1.0,4.0,0.0,7.45,2.16,3.32
2013/09/03,32.6,33.2,32.6,32.95,162.0,5370.0,0.4573,0.0988,94.0,-4.0,0.0,-9.0,-13.0,2996.0,9.0,19.0,1.0,3.0,0.0,7.49,2.17,3.31
2013/09/04,32.95,33.1,32.8,32.8,127.0,4199.0,-0.4552,0.0775,86.0,-10.0,0.0,-7.0,-17.0,2981.0,3.0,18.0,0.0,3.0,0.0,7.45,2.16,3.32
2013/09/05,33.0,33.1,32.45,32.45,508.0,16591.0,-1.0671,0.3099,199.0,-4.0,0.0,-62.0,-66.0,2764.0,34.0,251.0,0.0,3.0,0.0,7.38,2.13,3.36
2013/09/06,32.6,32.7,32.45,32.45,148.0,4831.0,0.0,0.0903,89.0,0.0,0.0,-22.0,-22.0,2738.0,28.0,54.0,0.0,3.0,0.0,7.38,2.13,3.36
2013/09/09,32.45,32.45,32.0,32.25,181.0,5852.0,-0.6163,0.1104,102.0,-10.0,0.0,-58.0,-68.0,2729.0,6.0,15.0,0.0,4.0,1.0,7.33,2.12,3.38
2013/09/10,32.35,32.35,31.8,31.8,362.0,11611.0,-1.3953,0.2209,135.0,-8.0,0.0,-15.0,-23.0,2574.0,17.0,156.0,0.0,6.0,2.0,7.23,2.09,3.43
2013/09/11,32.0,32.0,31.6,31.6,200.0,6368.0,-0.6289,0.122,122.0,-3.0,0.0,-20.0,-23.0,2616.0,56.0,14.0,0.0,6.0,0.0,7.18,2.08,3.45
2013/09/12,31.6,31.8,31.45,31.6,112.0,3552.0,0.0,0.0683,83.0,-1.0,8.0,-3.0,4.0,2630.0,21.0,7.0,0.0,6.0,0.0,7.18,2.08,3.45
2013/09/13,31.8,31.9,31.55,31.9,96.0,3047.0,0.9494,0.0586,58.0,-4.0,8.0,-16.0,-12.0,2657.0,37.0,10.0,1.0,5.0,0.0,7.25,2.1,3.42
2013/09/14,31.95,32.4,31.8,32.1,202.0,6479.0,0.627,0.1232,102.0,0.0,0.0,-9.0,-9.0,2633.0,18.0,42.0,0.0,3.0,0.0,7.3,2.11,3.4
2013/09/16,32.35,32.35,31.9,31.9,179.0,5766.0,-0.6231,0.1092,95.0,8.0,0.0,0.0,8.0,2611.0,17.0,39.0,0.0,3.0,0.0,7.25,2.1,3.42
2013/09/17,31.95,32.45,31.95,32.2,98.0,3184.0,0.9404,0.0598,84.0,-4.0,0.0,-1.0,-5.0,2636.0,39.0,11.0,0.0,3.0,0.0,7.32,2.12,3.39
2013/09/18,32.2,32.2,32.0,32.1,56.0,1802.0,-0.3106,0.0342,32.0,0.0,0.0,0.0,0.0,2644.0,30.0,12.0,0.0,3.0,0.0,7.3,2.11,3.4
2013/09/23,32.2,33.1,32.2,33.0,162.0,5328.0,2.8037,0.0988,129.0,-6.0,0.0,-2.0,-8.0,2682.0,84.0,46.0,0.0,3.0,0.0,7.5,2.17,3.3
2013/09/24,33.0,33.05,32.7,32.7,86.0,2855.0,-0.9091,0.0525,61.0,-10.0,0.0,3.0,-7.0,2689.0,24.0,17.0,0.0,3.0,0.0,7.43,2.15,3.33
2013/09/25,33.1,33.1,32.55,32.55,59.0,1960.0,-0.4587,0.036,52.0,-9.0,0.0,4.0,-5.0,2699.0,22.0,12.0,0.0,3.0,0.0,7.4,2.14,3.35
2013/09/26,32.3,32.5,32.1,32.25,89.0,2880.0,-0.9217,0.0543,78.0,-14.0,0.0,-4.0,-18.0,2703.0,9.0,5.0,0.0,5.0,2.0,7.33,2.12,3.38
2013/09/27,32.55,32.55,30.5,31.0,462.0,14462.0,-3.876,0.2819,280.0,-13.0,0.0,-18.0,-31.0,2677.0,42.0,66.0,1.0,12.0,8.0,7.05,2.04,3.52
2013/09/30,31.0,31.5,30.85,31.4,172.0,5377.0,1.2903,0.1049,70.0,-2.0,-1.0,0.0,-3.0,2685.0,20.0,12.0,0.0,12.0,0.0,7.14,2.06,3.47
2013/10/01,31.2,31.4,31.2,31.25,134.0,4190.0,-0.4777,0.0818,77.0,-2.0,0.0,0.0,-2.0,2702.0,26.0,9.0,0.0,12.0,0.0,7.1,2.05,3.49
2013/10/02,31.25,31.25,30.9,30.9,197.0,6139.0,-1.12,0.1202,89.0,0.0,0.0,-9.0,-9.0,2653.0,18.0,67.0,1.0,11.0,0.0,7.02,2.03,3.53
2013/10/03,30.9,31.3,30.9,31.2,143.0,4459.0,0.9709,0.0872,86.0,2.0,0.0,-28.0,-26.0,2621.0,6.0,38.0,1.0,11.0,1.0,7.09,2.05,3.49
2013/10/04,31.1,31.3,30.95,31.0,96.0,2998.0,-0.641,0.0586,47.0,0.0,0.0,0.0,0.0,2618.0,12.0,15.0,0.0,12.0,1.0,7.05,2.04,3.52
2013/10/07,31.5,31.5,31.05,31.2,149.0,4678.0,0.6452,0.0909,73.0,-2.0,0.0,-41.0,-43.0,2618.0,28.0,28.0,0.0,12.0,0.0,7.09,2.05,3.49
2013/10/08,31.0,31.45,31.0,31.3,130.0,4071.0,0.3205,0.0793,58.0,3.0,0.0,-9.0,-6.0,2632.0,23.0,9.0,0.0,12.0,0.0,7.11,2.06,3.48
2013/10/09,31.4,31.8,31.4,31.65,137.0,4358.0,1.1182,0.0836,87.0,-2.0,0.0,-3.0,-5.0,2701.0,84.0,15.0,1.0,11.0,0.0,7.19,2.08,3.44
2013/10/11,31.8,31.8,31.4,31.5,107.0,3390.0,-0.4739,0.0653,72.0,5.0,0.0,-1.0,4.0,2724.0,51.0,28.0,0.0,11.0,0.0,7.16,2.07,3.46
2013/10/14,31.2,31.5,31.0,31.25,177.0,5542.0,-0.7937,0.108,94.0,-8.0,0.0,-1.0,-9.0,2734.0,20.0,10.0,0.0,12.0,1.0,7.1,2.05,3.49
2013/10/15,31.4,32.6,31.4,31.7,183.0,5875.0,1.44,0.1116,115.0,9.0,0.0,1.0,10.0,2808.0,99.0,25.0,0.0,12.0,0.0,7.2,2.08,3.44
2013/10/16,31.6,32.25,31.6,32.0,200.0,6407.0,0.9464,0.122,110.0,9.0,0.0,-1.0,8.0,2819.0,69.0,58.0,0.0,13.0,1.0,7.27,2.1,3.41
2013/10/17,32.15,32.3,32.05,32.3,321.0,10357.0,0.9375,0.1958,132.0,0.0,0.0,-24.0,-24.0,2918.0,262.0,163.0,1.0,11.0,1.0,7.34,2.12,3.37
2013/10/18,32.3,33.15,32.1,32.95,253.0,8251.0,2.0124,0.1544,147.0,-7.0,0.0,-1.0,-8.0,3048.0,180.0,50.0,0.0,11.0,0.0,7.49,2.17,3.31
2013/10/21,35.25,35.25,34.45,35.25,1312.0,46063.0,6.9803,0.8004,598.0,11.0,0.0,0.0,11.0,3127.0,628.0,549.0,2.0,36.0,27.0,8.01,2.32,3.09
2013/10/22,35.9,35.95,35.0,35.25,1257.0,44676.0,0.0,0.7669,538.0,-43.0,-3.0,-2.0,-48.0,3258.0,490.0,359.0,1.0,65.0,30.0,8.01,2.32,3.09
2013/10/23,35.0,35.35,34.55,34.55,309.0,10737.0,-1.9858,0.1885,184.0,-19.0,0.0,0.0,-19.0,3210.0,59.0,107.0,56.0,14.0,5.0,7.85,2.27,3.15
2013/10/24,34.55,34.85,33.8,34.15,210.0,7196.0,-1.1577,0.1281,143.0,0.0,0.0,0.0,0.0,3208.0,34.0,36.0,0.0,14.0,0.0,7.76,2.25,3.19
2013/10/25,34.05,34.05,33.25,33.3,295.0,9899.0,-2.489,0.18,160.0,-18.0,0.0,0.0,-18.0,3201.0,67.0,74.0,5.0,9.0,0.0,7.57,2.19,3.27
2013/10/28,33.3,33.65,33.1,33.6,167.0,5596.0,0.9009,0.1019,86.0,0.0,0.0,-1.0,-1.0,3260.0,67.0,8.0,0.0,9.0,0.0,7.64,2.21,3.24
2013/10/29,33.7,34.05,33.5,34.0,300.0,10169.0,1.1905,0.183,123.0,-2.0,0.0,0.0,-2.0,3239.0,37.0,58.0,0.0,10.0,1.0,7.73,2.24,3.21
2013/10/30,34.1,34.1,33.65,33.65,177.0,6009.0,-1.0294,0.108,90.0,-14.0,0.0,0.0,-14.0,3240.0,32.0,31.0,0.0,10.0,0.0,7.65,2.21,3.24
2013/10/31,33.7,33.85,33.55,33.85,108.0,3656.0,0.5944,0.0659,68.0,-23.0,0.0,0.0,-23.0,3229.0,24.0,35.0,0.0,10.0,0.0,7.69,2.23,3.22
2013/11/01,33.95,33.95,33.3,33.3,137.0,4600.0,-1.6248,0.0836,71.0,-9.0,0.0,0.0,-9.0,3233.0,27.0,23.0,0.0,10.0,0.0,7.57,2.19,3.27
2013/11/04,33.2,33.5,33.0,33.2,131.0,4341.0,-0.3003,0.0799,66.0,-11.0,0.0,0.0,-11.0,3231.0,41.0,43.0,0.0,10.0,0.0,7.55,2.18,3.28
2013/11/05,33.25,33.25,32.65,32.65,171.0,5633.0,-1.6566,0.1043,106.0,-16.0,0.0,0.0,-16.0,3240.0,57.0,48.0,0.0,10.0,0.0,7.42,2.15,3.34
2013/11/06,32.7,32.7,32.3,32.45,93.0,3023.0,-0.6126,0.0567,55.0,-9.0,0.0,0.0,-9.0,3244.0,27.0,23.0,1.0,9.0,0.0,7.38,2.13,3.36
2013/11/07,32.5,32.85,32.45,32.55,65.0,2138.0,0.3082,0.0397,46.0,-12.0,0.0,0.0,-12.0,3271.0,31.0,4.0,0.0,10.0,1.0,7.4,2.14,3.35
2013/11/08,32.75,32.8,32.45,32.65,69.0,2269.0,0.3072,0.0421,39.0,-14.0,0.0,0.0,-14.0,3285.0,34.0,20.0,1.0,9.0,0.0,7.42,2.15,3.34
2013/11/11,32.8,32.85,32.45,32.45,69.0,2259.0,-0.6126,0.0421,47.0,-8.0,0.0,0.0,-8.0,3294.0,13.0,4.0,0.0,9.0,0.0,7.38,2.13,3.36
2013/11/12,32.8,32.8,32.1,32.15,71.0,2300.0,-0.9245,0.0433,52.0,5.0,0.0,1.0,6.0,3267.0,9.0,36.0,0.0,14.0,5.0,7.31,2.11,3.39
2013/11/13,32.15,32.45,32.15,32.4,73.0,2360.0,0.7776,0.0445,48.0,-10.0,0.0,0.0,-10.0,3254.0,17.0,30.0,1.0,13.0,0.0,7.36,2.13,3.36
2013/11/14,32.6,33.8,32.4,33.4,293.0,9764.0,3.0864,0.1788,198.0,-22.0,0.0,-1.0,-23.0,3220.0,55.0,89.0,0.0,16.0,3.0,7.59,2.67,3.26
2013/11/15,33.8,33.8,33.0,33.2,184.0,6130.0,-0.5988,0.1123,95.0,-10.0,0.0,0.0,-10.0,3244.0,44.0,20.0,0.0,16.0,0.0,12.21,2.66,3.28
2013/11/18,34.0,34.9,33.8,33.8,611.0,20940.0,1.8072,0.3728,306.0,-8.0,0.0,0.0,-8.0,3288.0,179.0,135.0,2.0,21.0,7.0,12.43,2.7,3.22
2013/11/19,33.8,34.2,33.8,33.9,158.0,5395.0,0.2959,0.0964,75.0,-7.0,0.0,0.0,-7.0,3379.0,96.0,5.0,2.0,21.0,2.0,12.46,2.71,3.22
2013/11/20,34.1,34.7,34.0,34.2,381.0,13116.0,0.885,0.2324,152.0,-3.0,0.0,0.0,-3.0,3438.0,95.0,36.0,0.0,29.0,8.0,12.57,2.74,3.19
2013/11/21,34.2,34.2,33.5,33.5,175.0,5946.0,-2.0468,0.1068,109.0,-3.0,0.0,0.0,-3.0,3417.0,63.0,84.0,0.0,35.0,6.0,12.32,2.68,3.25
2013/11/22,34.0,34.0,33.55,33.7,122.0,4122.0,0.597,0.0744,65.0,-1.0,0.0,0.0,-1.0,3436.0,37.0,18.0,8.0,42.0,15.0,12.39,2.7,3.23
2013/11/25,33.95,34.15,33.6,34.0,234.0,7928.0,0.8902,0.1428,87.0,3.0,0.0,0.0,3.0,3531.0,119.0,24.0,5.0,37.0,0.0,12.5,2.72,3.21
2013/11/26,34.0,34.2,33.95,34.1,156.0,5329.0,0.2941,0.0952,87.0,0.0,0.0,0.0,0.0,3533.0,57.0,55.0,1.0,36.0,0.0,12.54,2.73,3.2
2013/11/27,34.0,34.15,33.95,34.0,119.0,4064.0,-0.2933,0.0726,64.0,0.0,0.0,0.0,0.0,3561.0,43.0,15.0,0.0,36.0,0.0,12.5,2.72,3.21
2013/11/28,34.1,34.1,33.7,33.9,176.0,6017.0,-0.2941,0.1074,98.0,40.0,0.0,0.0,40.0,3591.0,58.0,28.0,1.0,35.0,0.0,12.46,2.71,3.22
2013/11/29,34.0,34.2,33.9,34.2,388.0,13234.0,0.885,0.2366,130.0,15.0,0.0,0.0,15.0,3800.0,224.0,15.0,0.0,37.0,2.0,12.57,2.74,3.19
2013/12/02,34.9,36.55,34.6,36.25,2762.0,99694.0,5.9942,1.6844,1068.0,0.0,0.0,0.0,0.0,4686.0,1220.0,334.0,1.0,88.0,52.0,13.33,2.9,3.01
2013/12/03,35.9,35.9,35.4,35.65,716.0,25523.0,-1.6552,0.4366,398.0,-8.0,0.0,0.0,-8.0,4594.0,238.0,330.0,29.0,60.0,1.0,13.11,2.85,3.06
2013/12/04,35.5,37.8,35.5,37.2,1707.0,63016.0,4.3478,1.041,839.0,24.0,0.0,219.0,243.0,4910.0,563.0,247.0,1.0,107.0,48.0,13.68,2.98,2.93
2013/12/05,37.6,38.3,36.5,37.85,1636.0,61664.0,1.7473,0.9977,735.0,-33.0,0.0,107.0,74.0,5294.0,673.0,289.0,1.0,157.0,51.0,13.92,3.03,2.88
2013/12/06,37.3,37.95,37.3,37.4,648.0,24382.0,-1.1889,0.3952,354.0,4.0,0.0,0.0,4.0,5213.0,183.0,264.0,1.0,165.0,11.0,13.75,2.99,2.91
2013/12/09,37.8,37.9,37.0,37.05,417.0,15647.0,-0.9358,0.2543,227.0,33.0,0.0,0.0,33.0,5195.0,107.0,125.0,24.0,141.0,0.0,13.62,2.96,2.94
2013/12/10,37.3,37.65,37.0,37.15,316.0,11790.0,0.2699,0.1927,168.0,-9.0,0.0,0.0,-9.0,5175.0,84.0,104.0,0.0,144.0,4.0,13.66,2.97,2.93
2013/12/11,36.8,37.35,36.0,36.3,526.0,19351.0,-2.288,0.3208,297.0,-18.0,0.0,0.0,-18.0,5207.0,165.0,133.0,50.0,96.0,2.0,13.35,2.9,3.0
2013/12/12,36.4,36.75,35.7,36.05,382.0,13771.0,-0.6887,0.233,230.0,-2.0,0.0,0.0,-2.0,5083.0,81.0,205.0,8.0,91.0,3.0,13.25,2.88,3.02
2013/12/13,36.1,36.8,36.0,36.6,168.0,6147.0,1.5257,0.1025,97.0,11.0,0.0,0.0,11.0,5027.0,30.0,36.0,2.0,91.0,2.0,13.46,2.93,2.98
2013/12/16,36.7,37.0,36.5,36.7,281.0,10335.0,0.2732,0.1714,159.0,-8.0,0.0,0.0,-8.0,5107.0,166.0,86.0,0.0,94.0,3.0,13.49,2.94,2.97
2013/12/17,38.0,38.2,37.15,37.3,805.0,30293.0,1.6349,0.4909,363.0,-9.0,0.0,0.0,-9.0,5219.0,332.0,220.0,4.0,121.0,31.0,13.71,2.98,2.92
2013/12/18,37.3,37.6,36.95,37.0,286.0,10670.0,-0.8043,0.1744,151.0,-6.0,0.0,0.0,-6.0,5236.0,125.0,108.0,7.0,114.0,0.0,13.6,2.96,2.95
2013/12/19,37.1,37.4,36.7,36.8,153.0,5665.0,-0.5405,0.0933,102.0,-3.0,0.0,0.0,-3.0,5243.0,38.0,31.0,3.0,111.0,0.0,13.53,2.94,2.96
2013/12/20,37.15,37.3,36.7,36.75,126.0,4660.0,-0.1359,0.0768,87.0,-3.0,0.0,0.0,-3.0,5263.0,61.0,41.0,11.0,100.0,0.0,13.51,2.94,2.97
2013/12/23,36.75,36.8,36.25,36.3,366.0,13336.0,-1.2245,0.2232,149.0,-2.0,0.0,0.0,-2.0,5244.0,131.0,145.0,1.0,72.0,0.0,13.35,2.9,3.0
2013/12/24,36.3,36.3,35.75,35.75,349.0,12575.0,-1.5152,0.2128,169.0,-3.0,0.0,0.0,-3.0,5141.0,78.0,181.0,2.0,70.0,0.0,13.14,2.86,3.05
2013/12/25,35.75,36.05,35.45,35.9,192.0,6876.0,0.4196,0.1171,123.0,-15.0,0.0,0.0,-15.0,5089.0,29.0,81.0,0.0,71.0,1.0,13.2,2.87,3.04
2013/12/26,36.15,36.15,35.4,35.55,225.0,8024.0,-0.9749,0.1372,112.0,-9.0,0.0,0.0,-9.0,5098.0,71.0,62.0,1.0,70.0,0.0,13.07,2.84,3.07
2013/12/27,35.55,35.6,35.15,35.15,268.0,9497.0,-1.1252,0.1634,147.0,4.0,0.0,0.0,4.0,5053.0,66.0,111.0,0.0,10.0,0.0,12.92,2.81,3.1
2013/12/30,35.15,36.45,35.15,36.0,372.0,13394.0,2.4182,0.2269,176.0,-4.0,1.0,0.0,-3.0,4934.0,31.0,150.0,0.0,10.0,0.0,13.24,2.88,3.03
2013/12/31,36.2,36.2,35.5,35.6,224.0,8029.0,-1.1111,0.1364,97.0,-1.0,0.0,0.0,-1.0,4933.0,35.0,36.0,0.0,11.0,1.0,13.09,2.85,3.06
2014/01/02,36.0,36.0,35.5,35.75,147.0,5257.0,0.4213,0.0895,71.0,-3.0,1.0,0.0,-2.0,4955.0,65.0,43.0,0.0,12.0,1.0,13.14,2.86,3.05
2014/01/03,35.5,35.6,35.15,35.3,211.0,7495.0,-1.2587,0.1285,108.0,-2.0,0.0,0.0,-2.0,4975.0,73.0,53.0,4.0,7.0,0.0,12.98,2.82,3.09
2014/01/06,35.25,35.25,32.85,33.0,1613.0,53341.0,-6.5156,0.9822,561.0,0.0,0.0,-53.0,-53.0,4804.0,282.0,413.0,4.0,72.0,69.0,12.13,2.64,3.3
2014/01/07,32.85,33.25,32.85,33.0,334.0,11076.0,0.0,0.2034,178.0,12.0,0.0,1.0,13.0,4793.0,65.0,76.0,33.0,52.0,13.0,12.13,2.64,3.3
2014/01/08,33.45,33.5,33.1,33.3,121.0,4059.0,0.9091,0.0737,87.0,2.0,0.0,0.0,2.0,4818.0,40.0,15.0,8.0,44.0,0.0,12.24,2.66,3.27
2014/01/09,33.4,33.4,33.0,33.05,170.0,5654.0,-0.7508,0.1035,80.0,4.0,0.0,0.0,4.0,4799.0,17.0,36.0,19.0,25.0,0.0,12.15,2.64,3.3
2014/01/10,32.8,33.35,32.7,33.1,212.0,7028.0,0.1513,0.1291,104.0,9.0,0.0,0.0,9.0,4797.0,64.0,66.0,0.0,25.0,0.0,12.17,2.65,3.29
2014/01/13,33.15,33.35,33.1,33.1,191.0,6337.0,0.0,0.1163,86.0,11.0,0.0,0.0,11.0,4830.0,41.0,8.0,2.0,24.0,1.0,12.17,2.65,3.29
2014/01/14,33.1,33.4,33.1,33.2,76.0,2539.0,0.3021,0.0463,42.0,6.0,0.0,0.0,6.0,4822.0,4.0,12.0,0.0,26.0,2.0,12.21,2.66,3.28
2014/01/15,33.2,33.25,33.0,33.1,106.0,3542.0,-0.3012,0.0645,63.0,-10.0,0.0,0.0,-10.0,4790.0,6.0,38.0,1.0,25.0,0.0,12.17,2.65,3.29
2014/01/16,33.3,34.65,33.1,33.8,256.0,8676.0,2.1148,0.1559,143.0,-1.0,0.0,-1.0,-2.0,4810.0,65.0,45.0,7.0,22.0,4.0,12.43,2.7,3.22
2014/01/17,33.8,34.0,33.4,33.5,120.0,4032.0,-0.8876,0.0731,64.0,-1.0,0.0,0.0,-1.0,4800.0,25.0,35.0,0.0,22.0,0.0,12.32,2.68,3.25
2014/01/20,33.8,33.85,33.5,33.8,105.0,3542.0,0.8955,0.0639,69.0,0.0,0.0,0.0,0.0,4789.0,12.0,23.0,3.0,22.0,3.0,12.43,2.7,3.22
2014/01/21,34.0,34.0,33.6,33.7,132.0,4487.0,-0.2959,0.0804,71.0,15.0,0.0,0.0,15.0,4781.0,28.0,36.0,0.0,23.0,1.0,12.39,2.7,3.23
2014/01/22,34.0,34.0,33.55,33.7,140.0,4738.0,0.0,0.0853,63.0,0.0,0.0,0.0,0.0,4716.0,34.0,99.0,0.0,23.0,0.0,12.39,2.7,3.23
2014/01/23,34.5,35.5,33.95,34.9,832.0,29063.0,3.5608,0.5066,459.0,-10.0,0.0,0.0,-10.0,4635.0,174.0,251.0,6.0,18.0,1.0,12.83,2.79,3.12
2014/01/24,35.1,35.9,35.1,35.35,443.0,15755.0,1.2894,0.2698,246.0,0.0,0.0,0.0,0.0,4627.0,71.0,79.0,1.0,29.0,12.0,13.0,2.83,3.08
2014/01/27,35.2,35.2,34.0,34.4,386.0,13379.0,-2.6874,0.2349,183.0,6.0,0.0,0.0,6.0,4598.0,51.0,80.0,10.0,19.0,0.0,12.65,2.75,3.17
2014/02/05,33.5,34.35,33.5,34.35,213.0,7251.0,-0.1453,0.1296,103.0,-28.0,0.0,-1.0,-29.0,4652.0,63.0,9.0,0.0,19.0,0.0,12.63,2.75,3.17
2014/02/06,34.5,35.5,34.5,35.0,286.0,10066.0,1.8923,0.174,167.0,-17.0,0.0,0.0,-17.0,4782.0,158.0,28.0,0.0,19.0,0.0,12.87,2.8,3.11
2014/02/07,35.1,35.3,34.65,34.8,274.0,9601.0,-0.5714,0.1667,148.0,-25.0,0.0,-54.0,-79.0,4835.0,125.0,72.0,0.0,19.0,0.0,12.79,2.78,3.13
2014/02/10,34.8,37.2,34.8,37.2,1995.0,73702.0,6.8966,1.2141,645.0,9.0,0.0,-1.0,8.0,5380.0,963.0,418.0,0.0,23.0,4.0,13.68,2.98,2.93
2014/02/11,37.6,37.9,36.5,37.35,1958.0,72968.0,0.4032,1.1915,938.0,-26.0,0.0,-81.0,-107.0,5495.0,772.0,657.0,6.0,32.0,15.0,13.73,2.99,2.92
2014/02/12,37.45,37.45,36.3,36.65,886.0,32656.0,-1.8742,0.5392,407.0,-14.0,0.0,-135.0,-149.0,5627.0,328.0,196.0,9.0,28.0,6.0,13.47,2.93,2.97
2014/02/13,36.7,37.4,36.4,37.1,347.0,12797.0,1.2278,0.2112,176.0,2.0,0.0,-1.0,1.0,5570.0,66.0,123.0,5.0,32.0,9.0,13.64,2.97,2.94
2014/02/14,37.1,37.4,36.9,36.9,359.0,13357.0,-0.5391,0.2185,185.0,-5.0,0.0,0.0,-5.0,5625.0,161.0,106.0,2.0,35.0,5.0,13.57,2.95,2.95
2014/02/17,36.8,37.2,36.7,36.9,184.0,6805.0,0.0,0.112,107.0,8.0,0.0,0.0,8.0,5627.0,46.0,44.0,0.0,46.0,11.0,13.57,2.95,2.95
2014/02/18,36.6,36.9,36.55,36.7,252.0,9248.0,-0.542,0.1534,116.0,23.0,0.0,0.0,23.0,5536.0,37.0,128.0,1.0,45.0,2.0,13.49,2.94,2.97
2014/02/19,36.6,36.95,36.55,36.8,267.0,9789.0,0.2725,0.1625,109.0,24.0,-1.0,0.0,23.0,5518.0,94.0,112.0,4.0,41.0,0.0,13.53,2.94,2.96
2014/02/20,36.8,37.1,36.5,36.6,230.0,8474.0,-0.5435,0.14,114.0,16.0,0.0,0.0,16.0,5492.0,53.0,79.0,1.0,41.0,1.0,13.46,2.93,2.98
2014/02/21,36.75,36.95,36.5,36.6,181.0,6647.0,0.0,0.1101,94.0,7.0,0.0,0.0,7.0,5467.0,39.0,64.0,6.0,35.0,0.0,13.46,2.93,2.98
2014/02/24,36.8,37.0,36.4,36.45,187.0,6859.0,-0.4098,0.1138,101.0,5.0,0.0,0.0,5.0,5427.0,73.0,113.0,10.0,25.0,0.0,13.4,2.92,2.99
2014/02/25,37.5,37.5,36.6,36.6,162.0,6000.0,0.4115,0.0986,78.0,7.0,0.0,0.0,7.0,5387.0,26.0,66.0,0.0,25.0,0.0,13.46,2.93,2.98
2014/02/26,36.6,36.7,36.4,36.5,184.0,6751.0,-0.2732,0.112,67.0,-7.0,0.0,0.0,-7.0,5388.0,104.0,103.0,0.0,25.0,0.0,13.42,2.92,2.99
2014/02/27,36.3,36.65,36.3,36.45,194.0,7089.0,-0.137,0.1181,74.0,-5.0,0.0,0.0,-5.0,5351.0,86.0,54.0,0.0,25.0,0.0,13.4,2.92,2.99
2014/03/03,36.6,36.6,36.0,36.15,221.0,7993.0,-0.823,0.1345,79.0,-14.0,0.0,0.0,-14.0,5375.0,94.0,70.0,0.0,28.0,3.0,13.29,2.89,3.02
2014/03/04,36.6,37.0,36.25,36.25,208.0,7617.0,0.2766,0.1266,128.0,11.0,0.0,0.0,11.0,5331.0,33.0,77.0,0.0,28.0,0.0,13.33,2.9,3.01
2014/03/05,36.5,36.7,36.25,36.45,288.0,10504.0,0.5517,0.1753,124.0,0.0,0.0,0.0,0.0,5303.0,67.0,95.0,2.0,36.0,10.0,13.4,2.92,2.99
2014/03/06,36.9,36.9,36.15,36.15,183.0,6690.0,-0.823,0.1114,92.0,3.0,0.0,0.0,3.0,5260.0,41.0,84.0,0.0,36.0,0.0,13.29,2.89,3.02
2014/03/07,36.2,36.4,35.75,35.8,369.0,13317.0,-0.9682,0.2246,142.0,-7.0,0.0,0.0,-7.0,5128.0,74.0,206.0,0.0,36.0,0.0,13.16,2.86,3.04
2014/03/10,35.8,36.0,35.7,35.8,98.0,3509.0,0.0,0.0596,65.0,15.0,-1.0,0.0,14.0,5136.0,31.0,23.0,2.0,34.0,0.0,13.16,2.86,3.04
2014/03/11,35.9,36.0,35.45,35.45,117.0,4183.0,-0.9777,0.0712,66.0,-1.0,0.0,3.0,2.0,5110.0,50.0,76.0,0.0,34.0,0.0,13.03,2.84,3.07
2014/03/12,35.5,35.55,34.9,35.1,288.0,10117.0,-0.9873,0.1753,132.0,-6.0,0.0,0.0,-6.0,5080.0,45.0,75.0,0.0,35.0,1.0,12.9,2.81,3.11
2014/03/13,35.1,35.1,34.75,34.75,146.0,5123.0,-0.9972,0.0888,89.0,0.0,0.0,0.0,0.0,5065.0,22.0,37.0,0.0,35.0,0.0,12.78,2.78,3.14
2014/03/14,34.65,34.8,34.5,34.8,207.0,7182.0,0.1439,0.126,94.0,0.0,0.0,0.0,0.0,5061.0,36.0,40.0,2.0,34.0,1.0,12.79,2.78,3.13
2014/03/17,35.0,36.5,34.8,36.3,1092.0,39002.0,4.3103,0.6645,156.0,-7.0,0.0,0.0,-7.0,5981.0,961.0,41.0,2.0,35.0,3.0,13.35,2.9,3.0
2014/03/18,36.1,36.45,35.35,35.6,171.0,6149.0,-1.9284,0.1041,79.0,-10.0,0.0,0.0,-10.0,6013.0,78.0,46.0,2.0,34.0,1.0,13.09,2.85,3.06
2014/03/19,35.5,35.9,35.35,35.5,398.0,14218.0,-0.2809,0.2422,58.0,-11.0,0.0,0.0,-11.0,6084.0,338.0,10.0,0.0,36.0,2.0,13.05,2.84,3.07
2014/03/20,35.3,35.4,35.0,35.15,74.0,2629.0,-0.9859,0.045,52.0,-13.0,0.0,0.0,-13.0,6079.0,26.0,31.0,3.0,32.0,0.0,12.92,2.81,3.1
2014/03/21,35.15,35.45,35.0,35.2,99.0,3493.0,0.1422,0.0602,53.0,-8.0,0.0,0.0,-8.0,6062.0,17.0,34.0,3.0,29.0,0.0,12.94,2.82,3.1
2014/03/24,34.75,35.35,34.75,35.2,84.0,2946.0,0.0,0.0511,49.0,-9.0,0.0,0.0,-9.0,6049.0,5.0,18.0,11.0,18.0,0.0,12.94,2.82,3.1
2014/03/25,35.0,36.5,35.0,35.9,112.0,4010.0,1.9886,0.0682,67.0,-3.0,0.0,-3.0,-6.0,6082.0,60.0,27.0,0.0,18.0,0.0,13.2,2.87,3.04
2014/03/26,36.35,37.65,35.95,36.05,1076.0,39313.0,0.4178,0.6548,512.0,-18.0,0.0,0.0,-18.0,6579.0,569.0,72.0,10.0,14.0,6.0,13.25,2.88,3.02
2014/03/27,36.5,36.9,35.9,36.05,408.0,14881.0,0.0,0.2483,201.0,-5.0,0.0,0.0,-5.0,6612.0,124.0,91.0,0.0,16.0,2.0,13.25,2.9,3.02
2014/03/28,36.0,36.45,35.75,36.2,252.0,9090.0,0.4161,0.1534,140.0,-12.0,0.0,0.0,-12.0,6656.0,111.0,67.0,0.0,18.0,2.0,157.39,2.91,3.01
2014/03/31,36.2,36.5,35.9,36.0,223.0,8069.0,-0.5525,0.1357,116.0,1.0,0.0,1.0,2.0,6618.0,129.0,167.0,3.0,15.0,0.0,156.52,2.9,3.03
2014/04/01,36.3,36.8,35.9,36.0,302.0,10945.0,0.0,0.1838,158.0,-1.0,0.0,0.0,-1.0,6677.0,132.0,73.0,0.0,15.0,0.0,156.52,2.9,3.03
2014/04/02,36.05,36.3,35.9,35.9,153.0,5543.0,-0.2778,0.0931,85.0,-8.0,0.0,0.0,-8.0,6639.0,29.0,67.0,0.0,15.0,0.0,156.09,2.89,3.04
2014/04/03,35.9,36.3,35.75,36.3,193.0,6970.0,1.1142,0.1174,126.0,-13.0,-3.0,-1.0,-17.0,6635.0,113.0,117.0,0.0,15.0,0.0,157.83,2.92,3.0
2014/04/07,36.0,36.3,35.8,35.8,204.0,7352.0,-1.3774,0.1241,93.0,-29.0,0.0,1.0,-28.0,6641.0,66.0,60.0,0.0,15.0,0.0,155.65,2.88,3.04
2014/04/08,36.2,36.2,35.8,35.8,121.0,4366.0,0.0,0.0736,59.0,1.0,0.0,0.0,1.0,6665.0,32.0,8.0,0.0,15.0,0.0,155.65,2.88,3.04
2014/04/09,36.0,36.3,35.8,36.2,126.0,4552.0,1.1173,0.0767,79.0,-2.0,0.0,0.0,-2.0,6680.0,75.0,60.0,0.0,15.0,0.0,157.39,2.91,3.01
2014/04/10,36.2,36.2,35.8,35.85,139.0,5003.0,-0.9669,0.0846,67.0,-1.0,0.0,0.0,-1.0,6677.0,23.0,26.0,2.0,13.0,0.0,155.87,2.88,3.04
2014/04/11,35.45,35.95,35.4,35.7,248.0,8836.0,-0.4184,0.1509,75.0,-3.0,0.0,0.0,-3.0,6650.0,30.0,57.0,0.0,13.0,0.0,155.22,2.87,3.05
2014/04/14,35.4,35.65,35.15,35.65,137.0,4859.0,-0.1401,0.0834,65.0,0.0,0.0,0.0,0.0,6602.0,14.0,62.0,0.0,13.0,0.0,155.0,2.87,3.06
2014/04/15,35.65,35.85,35.6,35.6,210.0,7485.0,-0.1403,0.1278,64.0,7.0,0.0,0.0,7.0,6554.0,69.0,117.0,7.0,6.0,0.0,154.78,2.86,3.06
2014/04/16,35.6,36.25,35.6,36.05,166.0,5942.0,1.264,0.101,97.0,37.0,0.0,0.0,37.0,6458.0,19.0,115.0,3.0,3.0,0.0,156.74,2.9,3.02
2014/04/17,36.05,36.2,35.7,36.0,155.0,5575.0,-0.1387,0.0943,67.0,-4.0,0.0,0.0,-4.0,6452.0,76.0,82.0,3.0,0.0,0.0,156.52,2.9,3.03
2014/04/18,36.3,36.3,35.3,35.3,134.0,4780.0,-1.9444,0.0815,65.0,-4.0,0.0,0.0,-4.0,6396.0,0.0,56.0,0.0,0.0,0.0,153.48,2.84,3.09
2014/04/21,35.3,35.5,35.3,35.4,164.0,5804.0,0.2833,0.0998,52.0,0.0,-1.0,0.0,-1.0,6351.0,0.0,45.0,0.0,0.0,0.0,153.91,2.85,3.08
2014/04/22,35.3,35.35,35.2,35.3,156.0,5502.0,-0.2825,0.0949,60.0,0.0,0.0,0.0,0.0,6311.0,0.0,40.0,0.0,0.0,0.0,153.48,2.84,3.09
2014/04/23,35.2,35.4,35.1,35.1,271.0,9552.0,-0.5666,0.1649,73.0,1.0,0.0,0.0,1.0,6381.0,89.0,19.0,0.0,3.0,3.0,152.61,2.82,3.11
2014/04/24,35.1,35.1,34.75,34.75,270.0,9430.0,-0.9972,0.1643,97.0,0.0,0.0,0.0,0.0,6274.0,23.0,130.0,3.0,2.0,2.0,151.09,2.8,3.14
2014/04/25,34.75,35.0,34.2,34.2,231.0,7986.0,-1.5827,0.1406,115.0,-11.0,0.0,0.0,-11.0,6211.0,34.0,97.0,0.0,2.0,0.0,148.7,2.75,3.19
2014/04/28,31.85,33.85,31.85,33.3,231.0,7644.0,-2.6316,0.1406,118.0,-7.0,0.0,0.0,-7.0,6251.0,62.0,22.0,0.0,3.0,1.0,144.78,2.68,3.27
2014/04/29,33.3,34.6,33.0,34.4,249.0,8466.0,3.3033,0.1515,71.0,2.0,0.0,0.0,2.0,6325.0,108.0,34.0,0.0,4.0,1.0,149.57,2.77,3.17
2014/04/30,34.4,34.7,33.6,33.6,199.0,6770.0,-2.3256,0.1211,70.0,-1.0,1.0,0.0,0.0,6258.0,73.0,140.0,0.0,5.0,1.0,146.09,2.7,3.24
2014/05/02,33.6,34.45,33.6,34.45,267.0,9158.0,2.5298,0.1625,42.0,2.0,0.0,0.0,2.0,6284.0,34.0,8.0,1.0,7.0,3.0,149.78,2.77,3.16
2014/05/05,34.75,35.45,34.45,35.3,240.0,8446.0,2.4673,0.1461,70.0,-1.0,0.0,-1.0,-2.0,6349.0,77.0,12.0,0.0,10.0,3.0,153.48,2.84,3.09
2014/05/06,35.7,35.7,34.9,34.9,200.0,7043.0,-1.1331,0.1217,78.0,-8.0,0.0,0.0,-8.0,6331.0,96.0,112.0,0.0,11.0,1.0,151.74,2.81,3.12
2014/05/07,35.05,35.1,34.8,34.8,364.0,12696.0,-0.2865,0.2215,41.0,-4.0,0.0,0.0,-4.0,6351.0,43.0,23.0,0.0,11.0,0.0,151.3,2.8,3.13
2014/05/08,35.0,35.2,34.7,34.9,81.0,2852.0,0.2874,0.0493,33.0,1.0,0.0,0.0,1.0,6385.0,42.0,7.0,0.0,11.0,0.0,151.74,2.81,3.12
2014/05/09,34.7,34.95,34.5,34.9,82.0,2852.0,0.0,0.0499,34.0,0.0,0.0,0.0,0.0,6356.0,3.0,32.0,0.0,11.0,0.0,151.74,2.81,3.12
2014/05/12,35.0,35.3,35.0,35.2,111.0,3920.0,0.8596,0.0675,45.0,0.0,0.0,0.0,0.0,6316.0,10.0,50.0,0.0,12.0,1.0,153.04,2.83,3.1
2014/05/13,35.2,35.3,34.3,35.15,201.0,7062.0,-0.142,0.1223,90.0,-1.0,0.0,0.0,-1.0,6320.0,46.0,42.0,0.0,17.0,5.0,152.83,2.83,3.1
2014/05/14,35.0,35.0,34.85,34.95,48.0,1680.0,-0.569,0.0292,21.0,0.0,0.0,1.0,1.0,6313.0,16.0,13.0,0.0,17.0,0.0,151.96,2.86,0.74
2014/05/15,34.85,35.1,34.85,35.1,98.0,3434.0,0.4292,0.0596,55.0,1.0,0.0,1.0,2.0,6315.0,22.0,20.0,2.0,21.0,6.0,0.0,2.87,0.74
2014/05/16,35.0,35.1,34.95,35.1,25.0,890.0,0.0,0.0152,18.0,2.0,0.0,0.0,2.0,6308.0,6.0,13.0,0.0,21.0,0.0,0.0,2.87,0.74
2014/05/19,35.1,35.3,34.9,35.15,149.0,5242.0,0.1425,0.0907,69.0,7.0,0.0,0.0,7.0,6291.0,54.0,71.0,0.0,21.0,0.0,0.0,2.88,0.74
2014/05/20,35.2,35.5,34.85,34.9,187.0,6562.0,-0.7112,0.1138,64.0,8.0,0.0,0.0,8.0,6238.0,44.0,97.0,0.0,21.0,0.0,0.0,2.86,0.74
2014/05/21,35.0,35.4,35.0,35.2,178.0,6280.0,0.8596,0.1083,62.0,-4.0,0.0,0.0,-4.0,6258.0,53.0,33.0,1.0,21.0,1.0,0.0,2.88,0.74
2014/05/22,36.0,37.2,36.0,36.4,655.0,24006.0,3.4091,0.3986,340.0,6.0,0.0,0.0,6.0,6495.0,352.0,115.0,2.0,69.0,50.0,0.0,2.98,0.71
2014/05/23,36.8,37.0,36.4,36.75,467.0,17144.0,0.9615,0.2842,270.0,1.0,0.0,0.0,1.0,6624.0,204.0,75.0,0.0,102.0,33.0,0.0,3.01,0.71
2014/05/26,36.75,37.0,36.65,36.65,569.0,20957.0,-0.2721,0.3463,296.0,-6.0,-4.0,0.0,-10.0,6637.0,160.0,147.0,0.0,114.0,12.0,0.0,3.0,0.71
2014/05/27,36.65,36.65,36.25,36.25,237.0,8677.0,-1.0914,0.1442,121.0,13.0,-5.0,0.0,8.0,6578.0,61.0,120.0,0.0,114.0,0.0,0.0,2.97,0.72
2014/05/28,36.3,36.5,36.15,36.3,127.0,4624.0,0.1379,0.0773,69.0,2.0,0.0,0.0,2.0,6585.0,28.0,21.0,0.0,115.0,1.0,0.0,2.97,0.72
2014/05/29,36.35,36.45,36.1,36.2,133.0,4837.0,-0.2755,0.0809,66.0,9.0,0.0,0.0,9.0,6585.0,13.0,13.0,0.0,115.0,0.0,0.0,2.96,0.72
2014/05/30,36.1,36.6,36.1,36.2,167.0,6066.0,0.0,0.1016,78.0,6.0,0.0,0.0,6.0,6583.0,22.0,24.0,0.0,130.0,15.0,0.0,2.96,0.72
2014/06/03,36.3,36.3,35.6,35.9,168.0,6035.0,-0.8287,0.1022,103.0,10.0,0.0,0.0,10.0,6590.0,61.0,54.0,0.0,146.0,16.0,0.0,2.94,0.72
2014/06/04,35.7,35.75,35.3,35.3,222.0,7905.0,-1.6713,0.1351,83.0,9.0,0.0,0.0,9.0,6522.0,28.0,96.0,51.0,95.0,0.0,0.0,2.89,0.74
2014/06/05,35.35,35.5,34.8,34.85,308.0,10757.0,-1.2748,0.1874,136.0,-8.0,0.0,0.0,-8.0,6511.0,81.0,92.0,0.0,115.0,20.0,0.0,2.85,0.75
2014/06/06,35.0,35.4,34.8,34.8,131.0,4602.0,-0.1435,0.0797,74.0,4.0,0.0,1.0,5.0,6454.0,15.0,72.0,20.0,95.0,0.0,0.0,2.85,0.75
2014/06/09,34.8,34.8,34.35,34.4,153.0,5302.0,-1.1494,0.0931,76.0,8.0,0.0,0.0,8.0,6385.0,38.0,103.0,9.0,86.0,0.0,0.0,2.82,0.76
2014/06/10,34.4,34.75,34.4,34.75,172.0,5965.0,1.0174,0.1047,64.0,2.0,0.0,0.0,2.0,6372.0,27.0,40.0,0.0,86.0,0.0,0.0,2.84,0.75
2014/06/11,35.0,35.3,34.7,34.95,240.0,8395.0,0.5755,0.1461,67.0,4.0,0.0,0.0,4.0,6223.0,14.0,163.0,0.0,86.0,0.0,0.0,2.86,0.74
2014/06/12,35.0,35.25,34.85,35.05,145.0,5106.0,0.2861,0.0882,51.0,-3.0,0.0,0.0,-3.0,6239.0,33.0,17.0,0.0,86.0,0.0,0.0,2.87,0.74
2014/06/13,35.05,35.1,34.85,34.95,188.0,6587.0,-0.2853,0.1144,60.0,-1.0,0.0,0.0,-1.0,6201.0,56.0,94.0,0.0,86.0,0.0,0.0,2.86,0.74
2014/06/16,34.95,35.3,34.7,35.0,202.0,7083.0,0.1431,0.1229,69.0,2.0,0.0,0.0,2.0,6245.0,45.0,1.0,0.0,86.0,0.0,0.0,2.86,0.74
2014/06/17,35.1,35.85,35.0,35.05,134.0,4733.0,0.1429,0.0815,74.0,-10.0,0.0,6.0,-4.0,6238.0,21.0,28.0,0.0,86.0,0.0,0.0,2.87,0.74
2014/06/18,35.5,36.0,35.1,36.0,284.0,10082.0,2.7104,0.1728,184.0,64.0,0.0,-1.0,63.0,6215.0,38.0,61.0,1.0,85.0,0.0,0.0,2.95,0.72
2014/06/19,36.0,36.25,36.0,36.1,226.0,8186.0,0.2778,0.1375,97.0,7.0,0.0,0.0,7.0,6240.0,62.0,37.0,0.0,85.0,0.0,0.0,2.95,0.72
2014/06/20,36.05,36.1,35.95,35.95,184.0,6635.0,-0.4155,0.112,79.0,2.0,0.0,0.0,2.0,6294.0,111.0,57.0,0.0,85.0,0.0,0.0,2.94,0.72
2014/06/23,36.0,36.2,35.4,35.9,147.0,5294.0,-0.1391,0.0895,91.0,9.0,0.0,1.0,10.0,6292.0,24.0,26.0,0.0,85.0,0.0,0.0,2.94,0.72
2014/06/24,35.9,36.15,35.6,36.1,94.0,3395.0,0.5571,0.0572,72.0,32.0,0.0,3.0,35.0,6277.0,7.0,22.0,0.0,85.0,0.0,0.0,2.95,0.72
2014/06/25,36.0,36.15,35.85,35.95,60.0,2173.0,-0.4155,0.0365,38.0,19.0,0.0,0.0,19.0,6282.0,16.0,11.0,0.0,94.0,9.0,,2.94,0.72
2014/06/26,35.95,35.95,35.4,35.4,148.0,5290.0,-1.5299,0.0901,93.0,22.0,0.0,0.0,22.0,6228.0,22.0,76.0,0.0,94.0,0.0,0.0,2.9,0.73
2014/06/27,35.2,35.5,34.9,35.5,91.0,3198.0,0.2825,0.0554,51.0,13.0,0.0,0.0,13.0,6216.0,9.0,20.0,0.0,94.0,0.0,0.0,2.91,0.73
2014/06/30,35.4,35.55,35.2,35.3,113.0,4002.0,-0.5634,0.0687,53.0,12.0,0.0,0.0,12.0,6214.0,20.0,22.0,0.0,94.0,0.0,0.0,2.89,0.74
2014/07/01,35.3,35.9,35.25,35.4,73.0,2617.0,0.2833,0.0444,49.0,14.0,0.0,0.0,14.0,6225.0,21.0,10.0,0.0,9.0,1.0,0.0,2.9,0.73
2014/07/02,35.5,35.6,35.1,35.4,94.0,3338.0,0.0,0.0572,58.0,-2.0,0.0,0.0,-2.0,6220.0,29.0,34.0,1.0,8.0,0.0,0.0,2.9,0.73
2014/07/03,35.2,35.8,35.1,35.25,150.0,5321.0,-0.4237,0.0912,61.0,-4.0,0.0,1.0,-3.0,6213.0,19.0,26.0,0.0,9.0,1.0,0.0,2.88,0.74
2014/07/04,35.3,35.95,35.1,35.3,121.0,4341.0,0.1418,0.0736,65.0,-6.0,0.0,-1.0,-7.0,6239.0,40.0,14.0,0.0,12.0,3.0,0.0,2.89,0.74
2014/07/07,35.3,35.5,35.1,35.45,71.0,2514.0,0.4249,0.0432,43.0,-1.0,0.0,0.0,-1.0,6273.0,51.0,17.0,0.0,12.0,0.0,0.0,2.9,0.73
2014/07/08,35.3,35.7,35.3,35.7,80.0,2868.0,0.7052,0.0487,29.0,0.0,0.0,0.0,0.0,6298.0,42.0,17.0,0.0,12.0,0.0,0.0,2.92,0.73
2014/07/09,35.7,35.95,35.5,35.95,122.0,4361.0,0.7003,0.0742,45.0,-1.0,0.0,0.0,-1.0,6287.0,24.0,35.0,0.0,13.0,1.0,0.0,2.94,0.72
2014/07/10,36.3,36.8,36.1,36.7,528.0,19249.0,2.0862,0.3211,209.0,-6.0,0.0,2.0,-4.0,6408.0,199.0,78.0,3.0,27.0,17.0,0.0,3.0,0.71
2014/07/11,38.7,38.7,36.35,36.65,1028.0,38261.0,-0.1362,0.6253,475.0,-13.0,0.0,2.0,-11.0,6648.0,462.0,222.0,7.0,68.0,48.0,0.0,3.0,0.71
2014/07/14,36.65,36.65,35.15,35.15,340.0,12084.0,-4.0928,0.2068,156.0,5.0,0.0,0.0,5.0,6583.0,102.0,167.0,2.0,74.0,8.0,0.0,2.88,0.74
2014/07/15,35.2,35.8,35.2,35.3,141.0,5004.0,0.4267,0.0858,65.0,-5.0,0.0,0.0,-5.0,6594.0,42.0,31.0,0.0,74.0,0.0,0.0,2.89,0.74
2014/07/16,35.35,35.35,34.7,35.05,242.0,8506.0,-0.7082,0.1472,101.0,-35.0,0.0,-2.0,-37.0,6577.0,20.0,37.0,0.0,91.0,30.0,0.0,2.87,0.74
2014/07/17,35.05,35.1,34.65,34.8,236.0,8236.0,-0.7133,0.1435,104.0,3.0,0.0,0.0,3.0,6476.0,47.0,148.0,3.0,86.0,44.0,0.0,2.85,0.75
2014/07/18,34.8,35.15,34.75,34.75,114.0,3976.0,-0.1437,0.0693,48.0,28.0,0.0,0.0,28.0,6431.0,2.0,47.0,0.0,80.0,0.0,0.0,2.84,0.75
2014/07/21,34.8,35.75,34.8,35.2,66.0,2351.0,1.295,0.0401,42.0,-4.0,0.0,0.0,-4.0,6467.0,55.0,19.0,0.0,80.0,0.0,0.0,2.88,0.74
2014/07/22,35.2,35.5,35.0,35.0,77.0,2728.0,-0.5682,0.0468,60.0,29.0,0.0,1.0,30.0,6425.0,12.0,54.0,0.0,51.0,1.0,0.0,2.86,0.74
2014/07/24,35.5,35.5,35.1,35.35,211.0,7439.0,1.0,0.1283,65.0,2.0,0.0,0.0,2.0,6378.0,24.0,71.0,0.0,7.0,0.0,0.0,2.89,0.74
2014/07/25,35.7,35.7,34.95,35.4,74.0,2607.0,0.1414,0.045,49.0,-7.0,0.0,0.0,-7.0,6348.0,4.0,34.0,1.0,6.0,0.0,0.0,2.9,0.73
2014/07/28,35.0,35.5,35.0,35.45,52.0,1861.0,0.1412,0.0316,46.0,12.0,0.0,1.0,13.0,6332.0,3.0,19.0,0.0,6.0,0.0,0.0,2.9,0.73
2014/07/29,35.4,35.4,34.9,35.2,97.0,3407.0,-0.7052,0.059,58.0,31.0,0.0,5.0,36.0,6306.0,6.0,32.0,0.0,6.0,0.0,0.0,2.88,0.74
2014/07/30,34.8,35.4,34.8,35.3,163.0,5741.0,0.2841,0.0991,77.0,24.0,6.0,0.0,30.0,6293.0,26.0,39.0,0.0,8.0,2.0,0.0,2.89,0.74
2014/07/31,35.3,35.35,34.95,35.2,165.0,5828.0,-0.2833,0.1001,58.0,13.0,0.0,0.0,13.0,6278.0,7.0,22.0,1.0,7.0,0.0,0.0,2.88,0.74
2014/08/01,35.0,35.1,34.9,34.9,32.0,1123.0,-0.8523,0.0194,23.0,16.0,0.0,0.0,16.0,6269.0,5.0,12.0,0.0,7.0,0.0,0.0,2.86,0.74
2014/08/04,35.05,35.2,35.0,35.05,65.0,2287.0,0.4298,0.0394,23.0,1.0,0.0,0.0,1.0,6304.0,43.0,8.0,0.0,7.0,0.0,0.0,2.87,0.74
2014/08/05,35.0,35.2,34.95,35.05,63.0,2240.0,0.0,0.0382,32.0,0.0,0.0,-1.0,-1.0,6324.0,30.0,10.0,0.0,7.0,0.0,0.0,2.87,0.74
2014/08/06,35.05,35.2,35.0,35.1,304.0,10703.0,0.1427,0.1845,80.0,-5.0,0.0,0.0,-5.0,6396.0,97.0,25.0,0.0,7.0,0.0,0.0,2.87,0.74
2014/08/07,35.1,35.2,34.9,35.2,154.0,5444.0,0.2849,0.0935,58.0,-18.0,0.0,-2.0,-20.0,6412.0,24.0,8.0,0.0,7.0,0.0,0.0,2.88,0.74
2014/08/08,34.8,35.4,34.8,35.3,254.0,8904.0,0.2841,0.1542,75.0,-38.0,0.0,0.0,-38.0,6533.0,126.0,5.0,0.0,7.0,0.0,0.0,2.89,0.74
2014/08/11,35.25,35.25,34.7,35.2,473.0,16519.0,-0.2833,0.2871,83.0,-15.0,0.0,0.0,-15.0,6228.0,25.0,327.0,0.0,7.0,0.0,0.0,2.88,0.74
2014/08/12,35.3,35.3,34.8,35.2,167.0,5857.0,0.0,0.1014,48.0,-5.0,0.0,-5.0,-10.0,6208.0,20.0,40.0,0.0,7.0,0.0,0.0,2.88,0.74
2014/08/13,35.2,35.6,34.95,34.95,476.0,16726.0,-0.7102,0.2889,187.0,38.0,0.0,-1.0,37.0,6208.0,124.0,124.0,0.0,7.0,0.0,0.0,1.99,0.72
2014/08/14,35.2,36.0,35.05,35.95,810.0,28790.0,2.8612,0.4916,324.0,-42.0,0.0,-3.0,-45.0,6537.0,500.0,171.0,2.0,5.0,0.0,7.28,2.04,0.7
2014/08/15,36.3,36.35,35.4,35.95,341.0,12246.0,0.0,0.207,186.0,-15.0,0.0,-2.0,-17.0,6543.0,153.0,147.0,2.0,3.0,0.0,7.28,2.04,0.7
2014/08/18,35.9,35.9,35.1,35.1,105.0,3719.0,-2.3644,0.0637,53.0,-13.0,0.0,0.0,-13.0,6513.0,0.0,30.0,0.0,0.0,0.0,7.11,2.0,0.71
2014/08/19,35.1,35.45,34.9,35.05,320.0,11215.0,-0.1425,0.1942,57.0,-7.0,0.0,0.0,-7.0,6264.0,0.0,249.0,0.0,0.0,0.0,7.1,1.99,0.71
2014/08/20,35.05,35.2,35.0,35.1,326.0,11442.0,0.1427,0.1979,77.0,-3.0,0.0,0.0,-3.0,6209.0,0.0,55.0,0.0,0.0,0.0,7.11,2.0,0.71
2014/08/21,34.8,34.8,34.3,34.4,76.0,2641.0,0.544,0.045,54.0,3.0,7.0,0.0,10.0,6205.0,13.0,17.0,0.0,11.0,11.0,6.96,1.96,0.73
2014/08/22,34.6,35.1,34.45,34.9,260.0,9057.0,1.4535,0.1538,127.0,30.0,0.0,0.0,30.0,6140.0,69.0,134.0,0.0,21.0,10.0,7.06,1.99,0.72
2014/08/25,34.9,35.2,34.9,35.15,172.0,6051.0,0.7163,0.1017,88.0,27.0,0.0,0.0,27.0,6080.0,16.0,76.0,0.0,21.0,0.0,7.12,2.0,0.71
2014/08/26,35.2,35.2,35.0,35.0,79.0,2776.0,-0.4267,0.0467,36.0,24.0,0.0,0.0,24.0,6075.0,25.0,30.0,1.0,22.0,2.0,7.09,1.99,0.71
2014/08/27,35.15,36.8,35.15,36.4,706.0,25588.0,4.0,0.4176,303.0,26.0,0.0,0.0,26.0,6350.0,420.0,145.0,0.0,31.0,9.0,7.37,2.07,0.69
2014/08/28,36.7,36.7,35.5,35.9,259.0,9319.0,-1.3736,0.1532,139.0,3.0,0.0,1.0,4.0,6340.0,128.0,138.0,3.0,35.0,7.0,7.27,2.04,0.7
2014/08/29,35.9,36.4,35.9,36.05,154.0,5571.0,0.4178,0.0911,86.0,-2.0,0.0,-1.0,-3.0,6395.0,93.0,38.0,0.0,51.0,16.0,7.3,2.05,0.69
2014/09/01,36.15,36.15,35.5,35.5,148.0,5295.0,-1.5257,0.0875,78.0,10.0,0.0,0.0,10.0,6288.0,4.0,111.0,1.0,50.0,0.0,7.19,2.02,0.7
2014/09/02,35.55,35.55,35.3,35.5,81.0,2901.0,0.0,0.0479,38.0,6.0,0.0,0.0,6.0,6264.0,10.0,34.0,0.0,50.0,0.0,7.19,2.02,0.7
2014/09/03,35.5,35.95,35.5,35.8,89.0,3181.0,0.8451,0.0526,34.0,4.0,0.0,0.0,4.0,6307.0,67.0,24.0,0.0,53.0,3.0,7.25,2.04,0.7
2014/09/04,35.8,35.8,35.45,35.5,94.0,3357.0,-0.838,0.0556,39.0,15.0,0.0,0.0,15.0,6251.0,0.0,56.0,0.0,49.0,0.0,7.19,2.02,0.7
2014/09/05,35.5,35.8,35.4,35.5,63.0,2261.0,0.0,0.0373,25.0,3.0,0.0,0.0,3.0,6242.0,9.0,18.0,0.0,49.0,0.0,7.19,2.02,0.7
2014/09/09,35.4,35.9,35.4,35.7,43.0,1543.0,0.5634,0.0254,28.0,8.0,0.0,0.0,8.0,6230.0,15.0,26.0,0.0,49.0,0.0,7.23,2.03,0.7
2014/09/10,35.7,36.35,35.5,35.9,183.0,6563.0,0.5602,0.1082,71.0,-13.0,0.0,0.0,-13.0,6223.0,41.0,38.0,0.0,49.0,0.0,7.27,2.04,0.7
2014/09/11,36.4,37.0,35.9,35.9,377.0,13730.0,0.0,0.223,182.0,-35.0,0.0,0.0,-35.0,6344.0,170.0,49.0,0.0,54.0,5.0,7.27,2.04,0.7
2014/09/12,35.9,36.0,35.6,35.6,171.0,6131.0,-0.8357,0.1011,66.0,0.0,0.0,0.0,0.0,6310.0,98.0,132.0,0.0,55.0,1.0,7.21,2.03,0.7
2014/09/15,35.8,35.9,35.5,35.5,83.0,2967.0,-0.2809,0.0491,34.0,2.0,0.0,-1.0,1.0,6283.0,36.0,39.0,0.0,56.0,1.0,7.19,2.02,0.7
2014/09/16,35.5,35.55,35.1,35.2,95.0,3379.0,-0.8451,0.0562,38.0,-1.0,0.0,0.0,-1.0,6302.0,29.0,10.0,1.0,55.0,0.0,7.13,2.0,0.71
2014/09/17,35.2,35.7,35.2,35.6,131.0,4653.0,1.1364,0.0775,93.0,-3.0,0.0,0.0,-3.0,6332.0,56.0,26.0,0.0,56.0,1.0,7.21,2.03,0.7
2014/09/18,35.9,35.9,35.3,35.4,121.0,4305.0,-0.5618,0.0716,43.0,1.0,0.0,0.0,1.0,6357.0,43.0,18.0,2.0,54.0,0.0,7.17,2.01,0.71
2014/09/19,35.7,35.7,35.45,35.55,90.0,3216.0,0.4237,0.0532,24.0,1.0,0.0,0.0,1.0,6339.0,0.0,18.0,0.0,55.0,1.0,7.2,2.02,0.7
2014/09/22,35.55,35.55,35.15,35.4,107.0,3780.0,-0.4219,0.0633,42.0,0.0,0.0,0.0,0.0,6335.0,21.0,25.0,1.0,64.0,10.0,7.17,2.01,0.71
2014/09/23,35.4,35.7,35.4,35.6,59.0,2122.0,0.565,0.0349,53.0,-4.0,43.0,0.0,39.0,6317.0,2.0,20.0,0.0,65.0,1.0,7.21,2.03,0.7
2014/09/24,35.8,35.8,35.35,35.35,103.0,3690.0,-0.7022,0.0609,73.0,25.0,0.0,0.0,25.0,6275.0,13.0,55.0,1.0,73.0,9.0,7.16,2.01,0.71
2014/09/25,35.4,35.7,35.3,35.35,188.0,6656.0,0.0,0.1112,62.0,-2.0,0.0,-1.0,-3.0,6185.0,37.0,127.0,0.0,81.0,8.0,7.16,2.01,0.71
2014/09/26,35.1,35.65,35.0,35.0,206.0,7242.0,-0.9901,0.1218,84.0,-28.0,0.0,0.0,-28.0,6170.0,44.0,59.0,0.0,107.0,26.0,7.09,1.99,0.71
2014/09/29,35.05,35.15,34.95,34.95,120.0,4231.0,-0.1429,0.071,92.0,-14.0,0.0,0.0,-14.0,6173.0,11.0,8.0,0.0,108.0,1.0,7.07,1.99,0.72
2014/09/30,34.95,35.4,34.9,35.15,247.0,8666.0,0.5722,0.1461,141.0,45.0,0.0,1.0,46.0,6128.0,19.0,64.0,0.0,99.0,0.0,7.12,2.0,0.71
2014/10/01,35.0,35.2,35.0,35.1,63.0,2242.0,-0.1422,0.0373,51.0,-2.0,0.0,-1.0,-3.0,6123.0,16.0,21.0,0.0,99.0,0.0,7.11,2.0,0.71
2014/10/02,35.0,35.1,34.9,34.9,75.0,2625.0,-0.5698,0.0444,50.0,-14.0,0.0,0.0,-14.0,6133.0,13.0,3.0,0.0,99.0,0.0,7.06,1.99,0.72
2014/10/03,34.85,35.2,34.85,35.05,52.0,1823.0,0.4298,0.0308,47.0,1.0,0.0,-1.0,0.0,6134.0,6.0,5.0,0.0,99.0,0.0,7.1,1.99,0.71
2014/10/06,35.1,35.2,35.05,35.2,94.0,3301.0,0.428,0.0556,53.0,4.0,0.0,0.0,4.0,6095.0,15.0,54.0,0.0,99.0,0.0,7.13,2.0,0.71
2014/10/07,35.05,35.2,35.05,35.2,198.0,6960.0,0.0,0.1171,65.0,-14.0,0.0,-1.0,-15.0,6036.0,41.0,100.0,0.0,99.0,0.0,7.13,2.0,0.71
2014/10/08,35.1,35.3,35.1,35.25,185.0,6521.0,0.142,0.1094,66.0,-10.0,0.0,0.0,-10.0,6016.0,25.0,36.0,0.0,99.0,0.0,7.14,2.01,0.71
2014/10/09,35.25,35.6,34.85,35.25,190.0,6702.0,0.0,0.1124,73.0,0.0,0.0,-1.0,-1.0,5925.0,23.0,108.0,0.0,99.0,0.0,7.14,2.01,0.71
2014/10/13,34.9,34.9,33.8,34.3,569.0,19501.0,-2.695,0.3365,156.0,9.0,0.0,2.0,11.0,5595.0,31.0,361.0,3.0,101.0,5.0,6.94,1.95,0.73
2014/10/14,34.0,34.3,34.0,34.15,45.0,1558.0,-0.4373,0.0266,34.0,-3.0,0.0,0.0,-3.0,5586.0,1.0,10.0,6.0,105.0,10.0,6.91,1.94,0.73
2014/10/15,34.05,34.15,33.7,34.0,149.0,5056.0,-0.4392,0.0881,80.0,-43.0,0.0,0.0,-43.0,5555.0,12.0,43.0,6.0,99.0,0.0,6.88,1.93,0.74
2014/10/16,33.7,34.0,33.3,34.0,133.0,4487.0,0.0,0.0787,65.0,-10.0,0.0,0.0,-10.0,5535.0,8.0,28.0,0.0,109.0,10.0,6.88,1.93,0.74
2014/10/17,33.7,34.1,33.55,34.1,317.0,10727.0,0.2941,0.1875,115.0,-51.0,0.0,-3.0,-54.0,5429.0,7.0,112.0,1.0,204.0,96.0,6.9,1.94,0.73
2014/10/20,34.1,34.45,34.0,34.35,119.0,4088.0,0.7331,0.0704,71.0,-28.0,0.0,0.0,-28.0,5465.0,72.0,36.0,1.0,203.0,0.0,6.95,1.95,0.73
2014/10/21,34.35,34.4,34.15,34.4,76.0,2624.0,0.1456,0.0449,42.0,-19.0,2.0,0.0,-17.0,5466.0,7.0,6.0,0.0,206.0,3.0,6.96,1.96,0.73
2014/10/22,34.4,34.95,34.35,34.95,157.0,5448.0,1.5988,0.0929,82.0,-2.0,0.0,0.0,-2.0,5484.0,40.0,22.0,0.0,216.0,10.0,7.07,1.99,0.72
2014/10/23,34.7,35.0,34.6,35.0,117.0,4086.0,0.1431,0.0692,54.0,11.0,2.0,0.0,13.0,5424.0,0.0,60.0,3.0,218.0,5.0,7.09,1.99,0.71
2014/10/24,35.0,35.1,34.55,34.6,124.0,4317.0,-1.1429,0.0733,79.0,-45.0,0.0,0.0,-45.0,5405.0,14.0,33.0,10.0,212.0,4.0,7.0,1.97,0.72
2014/10/27,34.6,34.65,34.2,34.3,178.0,6122.0,-0.8671,0.1053,95.0,-28.0,0.0,0.0,-28.0,5343.0,6.0,68.0,3.0,214.0,5.0,6.94,1.95,0.73
2014/10/28,34.5,34.55,34.25,34.5,139.0,4798.0,0.5831,0.0822,62.0,6.0,0.0,0.0,6.0,5311.0,19.0,51.0,10.0,209.0,5.0,6.98,1.96,0.72
2014/10/29,34.5,35.1,34.4,35.1,171.0,5962.0,1.7391,0.1011,90.0,46.0,0.0,0.0,46.0,5296.0,22.0,37.0,0.0,216.0,7.0,7.11,2.0,0.71
2014/10/30,35.1,35.15,34.7,35.0,102.0,3589.0,-0.2849,0.0603,49.0,34.0,0.0,0.0,34.0,5297.0,16.0,15.0,0.0,216.0,0.0,7.09,1.99,0.71
2014/10/31,35.1,35.4,35.0,35.0,152.0,5360.0,0.0,0.0899,56.0,37.0,0.0,0.0,37.0,5289.0,16.0,24.0,0.0,216.0,0.0,7.09,1.99,0.71
2014/11/03,35.3,36.8,35.1,36.0,501.0,18125.0,2.8571,0.2963,232.0,7.0,0.0,0.0,7.0,5331.0,100.0,58.0,5.0,214.0,3.0,7.29,2.05,0.69
2014/11/04,36.0,36.0,35.8,35.8,118.0,4263.0,-0.5556,0.0698,57.0,-24.0,0.0,0.0,-24.0,5339.0,11.0,3.0,0.0,214.0,0.0,7.25,2.04,0.7
2014/11/05,36.4,36.4,35.55,35.95,122.0,4392.0,0.419,0.0722,55.0,-1.0,0.0,0.0,-1.0,5338.0,13.0,14.0,0.0,216.0,2.0,7.28,2.04,0.7
2014/11/06,35.8,35.95,35.55,35.8,107.0,3846.0,-0.4172,0.0633,47.0,9.0,0.0,0.0,9.0,5305.0,7.0,40.0,0.0,216.0,0.0,7.25,2.04,0.7
2014/11/07,35.8,35.8,35.45,35.6,119.0,4246.0,-0.5587,0.0704,45.0,2.0,0.0,0.0,2.0,5274.0,18.0,49.0,1.0,215.0,0.0,7.21,2.03,0.7
2014/11/10,35.9,36.0,35.55,35.55,199.0,7143.0,-0.1404,0.1177,73.0,15.0,0.0,1.0,16.0,5214.0,42.0,102.0,0.0,215.0,0.0,7.2,2.02,0.7
2014/11/11,35.8,35.8,35.55,35.55,131.0,4681.0,0.0,0.0775,67.0,39.0,0.0,0.0,39.0,5184.0,19.0,49.0,0.0,215.0,0.0,7.2,2.02,0.7
2014/11/12,36.3,36.35,35.75,35.9,415.0,14948.0,0.9845,0.2454,206.0,-30.0,0.0,0.0,-30.0,5117.0,114.0,181.0,0.0,215.0,0.0,7.27,1.74,0.7
2014/11/13,36.0,36.0,35.55,35.8,260.0,9296.0,-0.2786,0.1538,117.0,-37.0,0.0,0.0,-37.0,5084.0,41.0,74.0,0.0,215.0,0.0,4.29,1.74,0.7
2014/11/14,35.9,36.0,35.55,35.6,136.0,4873.0,-0.5587,0.0804,66.0,4.0,0.0,-1.0,3.0,5046.0,30.0,68.0,0.0,215.0,0.0,4.27,1.73,0.7
2014/11/17,36.5,36.5,35.8,35.85,334.0,12074.0,0.7022,0.1975,175.0,42.0,0.0,0.0,42.0,5029.0,103.0,120.0,0.0,215.0,0.0,4.3,1.74,0.7
2014/11/18,36.0,36.2,35.65,35.75,397.0,14276.0,-0.2789,0.2348,149.0,-7.0,0.0,0.0,-7.0,4926.0,98.0,201.0,0.0,217.0,2.0,4.29,1.73,0.7
2014/11/19,35.9,36.0,35.7,35.75,135.0,4852.0,0.0,0.0798,64.0,-4.0,0.0,0.0,-4.0,4933.0,18.0,11.0,0.0,217.0,0.0,4.29,1.73,0.7
2014/11/20,35.75,35.95,35.65,35.75,137.0,4939.0,0.0,0.081,59.0,21.0,0.0,0.0,21.0,4916.0,19.0,36.0,0.0,217.0,0.0,4.29,1.73,0.7
2014/11/21,35.8,36.0,35.75,35.85,159.0,5727.0,0.2797,0.094,73.0,1.0,0.0,0.0,1.0,4913.0,32.0,34.0,0.0,217.0,0.0,4.3,1.74,0.7
2014/11/24,35.85,36.2,35.85,36.0,238.0,8581.0,0.4184,0.1408,101.0,33.0,0.0,1.0,34.0,4927.0,27.0,13.0,0.0,217.0,0.0,4.32,1.75,0.69
2014/11/25,36.15,36.2,35.95,36.0,240.0,8653.0,0.0,0.1419,104.0,3.0,0.0,-1.0,2.0,4935.0,29.0,21.0,0.0,217.0,0.0,4.32,1.75,0.69
2014/11/26,35.95,36.6,35.9,36.1,489.0,17770.0,0.2778,0.2892,197.0,5.0,0.0,0.0,5.0,4889.0,120.0,156.0,0.0,230.0,13.0,4.33,1.75,0.69
2014/11/27,36.1,36.5,36.05,36.5,457.0,16552.0,1.108,0.2703,199.0,16.0,0.0,0.0,16.0,4921.0,118.0,86.0,13.0,217.0,0.0,4.38,1.77,0.68
2014/11/28,36.55,37.55,36.5,36.5,928.0,34364.0,0.0,0.5488,466.0,27.0,0.0,0.0,27.0,5000.0,284.0,205.0,0.0,237.0,20.0,4.38,1.77,0.68
2014/12/01,35.7,36.8,35.7,36.2,336.0,12195.0,-0.8219,0.1987,187.0,25.0,0.0,1.0,26.0,4955.0,80.0,125.0,5.0,252.0,20.0,4.34,1.76,0.69
2014/12/02,36.25,38.1,36.25,37.25,1395.0,52142.0,2.9006,0.825,686.0,103.0,0.0,1.0,104.0,5080.0,507.0,382.0,0.0,261.0,9.0,4.47,1.81,0.67
2014/12/03,37.5,39.45,37.2,39.25,2800.0,107650.0,5.3691,1.656,1224.0,54.0,0.0,1.0,55.0,5638.0,1032.0,474.0,0.0,280.0,19.0,4.71,1.9,0.64
2014/12/04,40.0,40.0,38.25,38.55,1344.0,52338.0,-1.7834,0.7949,666.0,37.0,0.0,-1.0,36.0,5590.0,477.0,525.0,4.0,286.0,10.0,4.62,1.87,0.65
2014/12/05,38.5,39.5,38.3,38.75,1022.0,39897.0,0.5188,0.6044,570.0,109.0,31.0,-1.0,139.0,5561.0,239.0,258.0,5.0,306.0,25.0,4.65,1.88,0.65
2014/12/08,38.75,38.8,38.1,38.1,706.0,27039.0,-1.6774,0.4176,335.0,14.0,0.0,0.0,14.0,5611.0,318.0,268.0,2.0,304.0,0.0,4.57,1.85,0.66
2014/12/09,37.95,38.6,37.6,38.4,634.0,24150.0,0.7874,0.375,324.0,47.0,0.0,0.0,47.0,5663.0,203.0,151.0,4.0,292.0,2.0,4.6,1.86,0.65
2014/12/10,38.3,38.75,37.95,38.4,302.0,11587.0,0.0,0.1786,202.0,46.0,0.0,0.0,46.0,5612.0,62.0,113.0,1.0,293.0,2.0,4.6,1.86,0.65
2014/12/11,38.6,39.5,38.6,39.0,625.0,24441.0,1.5625,0.3696,362.0,6.0,0.0,0.0,6.0,5677.0,238.0,172.0,0.0,303.0,10.0,4.68,1.89,0.64
2014/12/12,39.2,39.4,38.8,38.8,440.0,17159.0,-0.5128,0.2602,203.0,9.0,0.0,0.0,9.0,5590.0,145.0,232.0,1.0,305.0,3.0,4.65,1.88,0.64
2014/12/15,38.3,38.8,38.3,38.7,319.0,12294.0,-0.2577,0.1887,184.0,7.0,0.0,1.0,8.0,5547.0,87.0,130.0,0.0,307.0,2.0,4.64,1.88,0.65
2014/12/16,38.7,38.85,38.3,38.3,259.0,9969.0,-1.0336,0.1532,152.0,26.0,20.0,4.0,50.0,5501.0,57.0,103.0,0.0,307.0,0.0,4.59,1.86,0.65
2014/12/17,38.3,38.6,37.8,38.0,396.0,15122.0,-0.7833,0.2342,187.0,-15.0,0.0,2.0,-13.0,5546.0,112.0,65.0,17.0,289.0,0.0,4.56,1.84,0.66
2014/12/18,38.2,38.55,37.8,38.0,307.0,11696.0,0.0,0.1816,153.0,23.0,0.0,0.0,23.0,5531.0,68.0,83.0,2.0,288.0,1.0,4.56,1.84,0.66
2014/12/19,38.8,38.8,37.6,37.8,396.0,15078.0,-0.5263,0.2342,180.0,4.0,0.0,-7.0,-3.0,5501.0,74.0,104.0,2.0,286.0,0.0,4.53,1.83,0.66
2014/12/22,37.8,38.25,37.6,37.8,127.0,4838.0,0.0,0.0751,70.0,5.0,0.0,0.0,5.0,5491.0,19.0,29.0,0.0,286.0,0.0,4.53,1.83,0.66
2014/12/23,37.8,38.2,37.8,38.0,133.0,5077.0,0.5291,0.0787,88.0,27.0,0.0,0.0,27.0,5464.0,8.0,35.0,1.0,286.0,1.0,4.56,1.84,0.66
2014/12/24,38.0,38.3,37.95,37.95,143.0,5462.0,-0.1316,0.0846,84.0,8.0,0.0,0.0,8.0,5424.0,29.0,69.0,0.0,286.0,0.0,4.55,1.84,0.66
2014/12/25,38.05,38.5,38.0,38.2,169.0,6481.0,0.6588,0.1,103.0,-4.0,0.0,0.0,-4.0,5479.0,84.0,29.0,1.0,285.0,0.0,4.58,1.85,0.65
2014/12/26,38.2,38.8,38.2,38.45,272.0,10501.0,0.6545,0.1609,150.0,-12.0,0.0,0.0,-12.0,5511.0,110.0,77.0,0.0,285.0,0.0,4.61,1.87,0.65
2014/12/27,38.45,38.5,38.15,38.5,150.0,5764.0,0.13,0.0887,71.0,0.0,0.0,0.0,0.0,5453.0,37.0,95.0,1.0,284.0,0.0,4.62,1.87,0.65
2014/12/29,38.5,38.55,38.15,38.15,176.0,6753.0,-0.9091,0.1041,96.0,7.0,0.0,0.0,7.0,5438.0,37.0,52.0,14.0,274.0,4.0,4.57,1.85,0.66
2014/12/30,38.1,38.2,37.8,37.85,263.0,9997.0,-0.7864,0.1555,114.0,-9.0,0.0,0.0,-9.0,5348.0,25.0,115.0,6.0,268.0,0.0,4.54,1.84,0.66
2014/12/31,37.85,38.0,37.6,38.0,199.0,7511.0,0.3963,0.1175,98.0,-8.0,0.0,0.0,-8.0,5361.0,53.0,40.0,0.0,268.0,0.0,4.56,1.84,0.66
2015/01/05,38.0,38.05,37.8,37.95,167.0,6341.0,-0.1316,0.0986,109.0,-13.0,0.0,-1.0,-14.0,5380.0,64.0,45.0,0.0,268.0,0.0,4.55,1.84,0.66
2015/01/06,37.7,37.8,37.5,37.8,244.0,9190.0,-0.3953,0.144,111.0,-8.0,0.0,0.0,-8.0,5317.0,13.0,76.0,0.0,268.0,0.0,4.53,1.83,0.66
2015/01/07,37.65,38.0,37.5,37.55,137.0,5186.0,-0.6614,0.0809,81.0,1.0,0.0,0.0,1.0,5261.0,9.0,65.0,0.0,268.0,0.0,4.5,1.82,0.67
2015/01/08,37.7,37.8,37.5,37.5,104.0,3949.0,-0.1332,0.0614,71.0,-14.0,0.0,0.0,-14.0,5236.0,23.0,48.0,0.0,272.0,4.0,4.5,1.82,0.67
2015/01/09,37.55,37.95,37.55,37.8,58.0,2199.0,0.8,0.0342,35.0,19.0,0.0,1.0,20.0,5208.0,2.0,30.0,4.0,269.0,1.0,4.53,1.83,0.66
2015/01/12,37.6,37.95,37.55,37.65,166.0,6281.0,-0.3968,0.098,72.0,-7.0,0.0,0.0,-7.0,5143.0,9.0,74.0,0.0,269.0,0.0,4.51,1.83,0.66
2015/01/13,37.9,37.9,37.6,37.6,113.0,4267.0,-0.1328,0.0667,61.0,-12.0,0.0,1.0,-11.0,5124.0,14.0,33.0,0.0,269.0,0.0,4.51,1.82,0.66
2015/01/14,37.65,37.8,37.5,37.65,177.0,6659.0,0.133,0.1045,74.0,-20.0,0.0,0.0,-20.0,5096.0,8.0,36.0,0.0,269.0,0.0,4.51,1.83,0.66
2015/01/15,37.5,37.6,37.1,37.1,220.0,8227.0,-1.4608,0.1299,104.0,-24.0,0.0,0.0,-24.0,5026.0,28.0,98.0,1.0,268.0,0.0,4.45,1.8,0.67
2015/01/16,37.1,37.3,36.65,36.75,247.0,9130.0,-0.9434,0.1458,129.0,-32.0,0.0,-1.0,-33.0,4986.0,36.0,76.0,0.0,268.0,0.0,4.41,1.78,0.68
2015/01/19,37.0,37.0,36.3,36.3,229.0,8359.0,-1.2245,0.1352,99.0,-6.0,0.0,0.0,-6.0,4940.0,12.0,58.0,0.0,268.0,0.0,4.35,1.76,0.69
2015/01/20,36.6,37.3,36.6,36.8,151.0,5572.0,1.3774,0.0891,82.0,1.0,0.0,0.0,1.0,4952.0,93.0,81.0,0.0,268.0,0.0,4.41,1.79,0.68
2015/01/21,37.0,37.0,36.4,36.7,241.0,8830.0,-0.2717,0.1423,77.0,3.0,0.0,0.0,3.0,4916.0,164.0,200.0,0.0,268.0,0.0,4.4,1.78,0.68
2015/01/22,36.7,36.95,36.7,36.95,141.0,5228.0,0.6812,0.0832,66.0,-4.0,1.0,0.0,-3.0,4875.0,18.0,59.0,0.0,268.0,0.0,4.43,1.79,0.68
2015/01/23,37.0,37.0,36.75,36.8,69.0,2555.0,-0.406,0.0407,57.0,-3.0,0.0,0.0,-3.0,4861.0,15.0,29.0,0.0,268.0,0.0,4.41,1.79,0.68
2015/01/26,36.9,37.0,36.35,36.35,126.0,4609.0,-1.2228,0.0744,65.0,-8.0,0.0,0.0,-8.0,4813.0,27.0,75.0,0.0,268.0,0.0,4.36,1.76,0.69
2015/01/27,36.7,36.7,36.4,36.45,62.0,2289.0,0.2751,0.0366,48.0,-7.0,0.0,0.0,-7.0,4785.0,0.0,28.0,0.0,268.0,0.0,4.37,1.77,0.69
2015/01/28,36.3,38.2,36.3,37.25,265.0,9781.0,2.1948,0.1564,112.0,4.0,0.0,0.0,4.0,4793.0,159.0,151.0,0.0,269.0,1.0,4.47,1.81,0.67
2015/01/29,37.05,37.15,36.8,36.8,73.0,2719.0,-1.2081,0.0431,46.0,-15.0,0.0,0.0,-15.0,4783.0,19.0,28.0,1.0,268.0,0.0,4.41,1.79,0.68
2015/01/30,36.8,37.1,36.65,36.75,102.0,3758.0,-0.1359,0.0602,65.0,-19.0,-5.0,0.0,-24.0,4795.0,50.0,38.0,0.0,268.0,0.0,4.41,1.78,0.68
2015/02/02,36.75,37.1,36.65,36.7,78.0,2868.0,-0.1361,0.046,46.0,-2.0,0.0,0.0,-2.0,4809.0,23.0,9.0,0.0,268.0,0.0,4.4,1.78,0.68
2015/02/03,36.6,36.8,36.35,36.65,187.0,6850.0,-0.1362,0.1104,116.0,-34.0,0.0,0.0,-34.0,4811.0,24.0,22.0,0.0,268.0,0.0,4.39,1.78,0.68
2015/02/04,36.9,36.9,36.45,36.5,163.0,5969.0,-0.4093,0.0962,91.0,-38.0,0.0,0.0,-38.0,4800.0,21.0,32.0,0.0,268.0,0.0,4.38,1.77,0.68
2015/02/05,37.0,38.7,36.75,38.0,1604.0,60810.0,4.1096,0.9468,818.0,-51.0,0.0,0.0,-51.0,5042.0,524.0,282.0,0.0,281.0,13.0,4.56,1.84,0.66
2015/02/06,38.3,38.4,37.8,38.1,487.0,18543.0,0.2632,0.2875,280.0,-10.0,0.0,0.0,-10.0,5019.0,146.0,169.0,0.0,289.0,8.0,4.57,1.85,0.66
2015/02/09,38.4,38.4,37.75,37.75,500.0,19102.0,-0.9186,0.2951,241.0,-4.0,0.0,0.0,-4.0,4962.0,146.0,203.0,2.0,287.0,0.0,4.53,1.83,0.66
2015/02/10,37.75,37.95,37.5,37.5,285.0,10763.0,-0.6623,0.1682,146.0,35.0,0.0,6.0,41.0,4900.0,69.0,128.0,2.0,285.0,0.0,4.5,1.82,0.67
2015/02/11,37.75,37.85,37.4,37.6,317.0,11905.0,0.2667,0.1871,155.0,-9.0,0.0,0.0,-9.0,4895.0,57.0,62.0,1.0,284.0,0.0,4.51,1.82,0.66
2015/02/12,37.8,37.9,37.5,37.9,150.0,5671.0,0.7979,0.0885,102.0,-4.0,0.0,0.0,-4.0,4907.0,54.0,42.0,0.0,284.0,0.0,4.54,1.84,0.66
2015/02/13,38.0,39.0,38.0,38.65,1486.0,57403.0,1.9789,0.8772,758.0,-50.0,-2.0,-2.0,-54.0,5029.0,491.0,364.0,0.0,297.0,13.0,4.63,1.88,0.65
2015/02/24,39.0,40.3,38.7,40.15,2192.0,86849.0,3.881,1.2939,1075.0,51.0,0.0,0.0,51.0,5274.0,664.0,412.0,0.0,301.0,4.0,4.81,1.95,0.62
2015/02/25,40.8,42.5,40.6,42.5,3112.0,129412.0,5.8531,1.837,1586.0,16.0,0.0,-1.0,15.0,5931.0,1247.0,590.0,1.0,343.0,43.0,5.1,2.06,0.59
2015/02/26,42.8,42.8,41.4,42.55,1894.0,79999.0,0.1176,1.1121,1001.0,36.0,-2.0,0.0,34.0,6154.0,517.0,294.0,30.0,380.0,67.0,5.1,2.06,0.59
2015/03/02,42.6,43.45,42.6,42.85,1270.0,54603.0,0.7051,0.7457,674.0,-20.0,0.0,116.0,96.0,6155.0,302.0,298.0,4.0,406.0,31.0,5.14,2.08,0.58
2015/03/03,43.0,43.0,42.4,42.65,906.0,38666.0,-0.4667,0.532,412.0,17.0,0.0,35.0,52.0,6253.0,326.0,227.0,7.0,397.0,0.0,5.11,2.07,0.59
2015/03/04,42.4,43.0,42.35,42.35,666.0,28401.0,-0.7034,0.3911,381.0,40.0,20.0,10.0,70.0,6297.0,234.0,189.0,5.0,393.0,1.0,5.08,2.05,0.59
2015/03/05,42.5,42.9,42.3,42.35,624.0,26569.0,0.0,0.3664,309.0,52.0,-1.0,-1.0,50.0,6455.0,298.0,138.0,1.0,370.0,0.0,5.08,2.05,0.59
2015/03/06,42.4,45.3,42.4,44.6,5618.0,251395.0,5.3129,3.2989,2466.0,54.0,0.0,49.0,103.0,7889.0,2419.0,982.0,3.0,794.0,441.0,5.35,2.16,0.56
2015/03/09,44.2,44.45,43.45,44.0,1967.0,86459.0,-1.3453,1.155,1001.0,-2.0,-1.0,-210.0,-213.0,7743.0,670.0,816.0,22.0,786.0,14.0,5.28,2.13,0.57
2015/03/10,44.0,44.3,42.5,42.7,1550.0,66988.0,-2.9545,0.9102,760.0,1.0,0.0,0.0,1.0,7523.0,476.0,696.0,2.0,788.0,4.0,5.12,2.07,0.59
2015/03/11,42.7,44.4,42.7,43.55,1983.0,86897.0,1.9906,1.1644,988.0,-15.0,0.0,-2.0,-17.0,7662.0,690.0,551.0,0.0,855.0,67.0,5.22,2.11,0.57
2015/03/12,43.9,44.4,43.35,43.8,1280.0,56063.0,0.5741,0.7516,617.0,-16.0,0.0,4.0,-12.0,7859.0,585.0,388.0,0.0,462.0,7.0,5.25,2.13,0.57
2015/03/13,44.0,44.4,43.85,44.1,1231.0,54325.0,0.6849,0.7228,576.0,-10.0,0.0,0.0,-10.0,7953.0,481.0,387.0,10.0,450.0,12.0,5.29,2.14,0.57
2015/03/16,43.9,44.45,43.6,43.65,688.0,30180.0,-1.0204,0.404,393.0,-20.0,1.0,4.0,-15.0,8018.0,270.0,205.0,2.0,448.0,0.0,5.23,2.12,0.57
2015/03/17,43.95,44.15,43.6,43.85,657.0,28855.0,0.4582,0.3858,327.0,2.0,0.0,21.0,23.0,8067.0,268.0,219.0,2.0,448.0,2.0,5.26,2.13,0.57
2015/03/18,43.9,43.9,42.7,42.75,1163.0,50261.0,-2.5086,0.6829,597.0,-6.0,0.0,40.0,34.0,7913.0,364.0,513.0,77.0,374.0,3.0,5.13,2.07,0.58
2015/03/19,43.1,43.85,42.85,43.45,789.0,34307.0,1.6374,0.4633,434.0,44.0,-1.0,21.0,64.0,8105.0,334.0,142.0,2.0,383.0,11.0,5.21,2.11,0.58
2015/03/20,43.7,44.5,43.7,43.8,1498.0,66080.0,0.8055,0.8796,714.0,32.0,-1.0,0.0,31.0,8376.0,659.0,384.0,148.0,373.0,138.0,5.25,2.13,0.57
2015/03/23,44.0,44.9,44.0,44.6,1399.0,62307.0,1.8265,0.8215,755.0,17.0,-1.0,0.0,16.0,8569.0,591.0,398.0,2.0,430.0,59.0,5.35,2.16,0.56
2015/03/24,45.0,45.0,44.0,44.25,1014.0,45034.0,-0.7848,0.5954,526.0,-40.0,-1.0,0.0,-41.0,8651.0,487.0,405.0,3.0,462.0,35.0,5.31,2.15,0.56
2015/03/25,44.7,46.95,44.7,45.5,3727.0,170867.0,2.8249,2.1885,1839.0,-5.0,-1.0,13.0,7.0,9267.0,1508.0,892.0,23.0,502.0,186.0,5.46,2.21,0.55
2015/03/26,45.5,46.35,45.0,45.8,1918.0,87628.0,0.6593,1.1209,1014.0,-38.0,0.0,-19.0,-57.0,9346.0,779.0,690.0,3.0,372.0,34.0,5.49,2.22,0.55
2015/03/27,46.3,46.3,45.15,45.3,1118.0,50880.0,-1.0917,0.6533,576.0,-11.0,0.0,11.0,0.0,9459.0,504.0,391.0,86.0,288.0,2.0,5.43,2.14,0.55
2015/03/30,45.45,45.5,42.15,42.15,2852.0,122662.0,-6.9536,1.6667,1430.0,-14.0,0.0,-62.0,-76.0,9104.0,817.0,1172.0,15.0,271.0,25.0,4.68,1.99,0.59
2015/03/31,42.2,42.7,40.3,42.5,2016.0,83492.0,0.8304,1.1759,1073.0,176.0,0.0,-21.0,155.0,9055.0,607.0,656.0,29.0,115.0,4.0,4.72,2.0,0.59
2015/04/01,42.5,42.5,41.3,41.6,860.0,35870.0,-2.1176,0.5016,413.0,-15.0,0.0,0.0,-15.0,9136.0,279.0,198.0,0.0,115.0,14.0,4.62,1.96,0.6
2015/04/02,42.0,42.3,41.1,41.35,835.0,34902.0,-0.601,0.487,427.0,93.0,0.0,-1.0,92.0,9078.0,198.0,256.0,17.0,98.0,0.0,4.59,1.95,0.6
2015/04/07,41.6,42.25,41.25,41.7,571.0,23855.0,0.8464,0.333,304.0,-2.0,0.0,0.0,-2.0,9104.0,154.0,128.0,0.0,98.0,1.0,4.63,1.97,0.6
2015/04/08,41.7,42.15,41.7,41.95,478.0,20049.0,0.5995,0.2788,227.0,-20.0,0.0,0.0,-20.0,9092.0,79.0,91.0,3.0,97.0,2.0,4.66,1.98,0.6
2015/04/09,42.2,42.3,41.8,42.0,408.0,17182.0,0.1192,0.238,232.0,-35.0,0.0,0.0,-35.0,9075.0,104.0,121.0,22.0,82.0,7.0,4.66,1.98,0.6
2015/04/10,42.7,42.8,42.0,42.1,312.0,13160.0,0.2381,0.182,159.0,-50.0,0.0,0.0,-50.0,9157.0,148.0,65.0,0.0,82.0,0.0,4.67,1.98,0.59
2015/04/13,43.0,43.0,42.55,42.8,938.0,40128.0,1.6627,0.5471,457.0,10.0,0.0,0.0,10.0,9344.0,356.0,169.0,9.0,75.0,2.0,4.75,2.02,0.58
2015/04/14,42.8,43.35,42.7,42.7,706.0,30265.0,-0.2336,0.4118,313.0,-13.0,0.0,0.0,-13.0,9439.0,267.0,172.0,3.0,74.0,2.0,4.74,2.01,0.59
2015/04/15,43.0,43.0,42.1,42.1,504.0,21384.0,-1.4052,0.294,350.0,-2.0,-110.0,0.0,-112.0,9521.0,174.0,92.0,4.0,72.0,2.0,4.67,1.98,0.59
2015/04/16,42.5,42.85,42.1,42.15,418.0,17746.0,0.1188,0.2438,228.0,-4.0,0.0,-10.0,-14.0,9478.0,165.0,169.0,47.0,25.0,0.0,4.68,1.99,0.59
2015/04/17,42.7,42.7,42.1,42.1,373.0,15750.0,-0.1186,0.2176,207.0,12.0,0.0,0.0,12.0,9351.0,47.0,153.0,0.0,28.0,3.0,4.67,1.98,0.59
2015/04/20,42.1,42.1,41.55,41.7,315.0,13170.0,-0.9501,0.1837,162.0,13.0,0.0,1.0,14.0,9320.0,125.0,156.0,3.0,25.0,0.0,4.63,1.97,0.6
2015/04/21,42.0,42.0,41.3,41.4,511.0,21258.0,-0.7194,0.298,236.0,20.0,0.0,0.0,20.0,9282.0,221.0,259.0,12.0,14.0,1.0,4.59,1.95,0.6
2015/04/22,41.9,41.9,41.4,41.7,293.0,12250.0,0.7246,0.1709,166.0,13.0,0.0,1.0,14.0,9257.0,73.0,98.0,3.0,11.0,0.0,4.63,1.97,0.6
2015/04/23,42.0,42.5,41.8,42.5,427.0,18042.0,1.9185,0.2491,229.0,46.0,0.0,-1.0,45.0,9343.0,201.0,115.0,11.0,0.0,0.0,4.72,2.0,0.59
2015/04/24,42.6,42.8,42.25,42.65,558.0,23795.0,0.3529,0.3255,280.0,18.0,0.0,11.0,29.0,9432.0,283.0,194.0,0.0,0.0,0.0,4.73,2.01,0.59
2015/04/27,42.85,42.9,42.4,42.8,389.0,16616.0,0.3517,0.2269,202.0,73.0,0.0,2.0,75.0,9478.0,200.0,154.0,0.0,0.0,0.0,4.75,2.02,0.58
2015/04/28,42.8,43.0,42.6,43.0,448.0,19226.0,0.4673,0.2613,211.0,25.0,0.0,1.0,26.0,9622.0,327.0,183.0,0.0,0.0,0.0,4.77,2.03,0.58
2015/04/29,43.2,43.3,42.7,42.7,447.0,19190.0,-0.6977,0.2607,245.0,51.0,0.0,7.0,58.0,9757.0,248.0,113.0,0.0,0.0,0.0,4.74,2.01,0.59
2015/04/30,43.0,43.15,42.8,42.95,462.0,19861.0,0.5855,0.2633,264.0,103.0,0.0,0.0,103.0,9873.0,189.0,73.0,0.0,3.0,3.0,4.77,2.02,0.58
2015/05/04,43.0,43.0,42.5,42.95,452.0,19372.0,0.0,0.2576,219.0,10.0,0.0,-7.0,3.0,9829.0,92.0,136.0,1.0,2.0,0.0,4.77,2.02,0.58
2015/05/05,43.0,43.0,42.55,42.9,263.0,11277.0,-0.1164,0.1499,151.0,34.0,0.0,0.0,34.0,9824.0,82.0,87.0,0.0,3.0,1.0,4.76,2.02,0.58
2015/05/06,42.6,42.9,42.5,42.8,259.0,11071.0,-0.2331,0.1476,151.0,12.0,0.0,0.0,12.0,9877.0,123.0,70.0,0.0,4.0,1.0,4.75,2.02,0.58
2015/05/07,42.8,42.8,42.55,42.55,219.0,9351.0,-0.5841,0.1248,155.0,35.0,0.0,0.0,35.0,9889.0,70.0,58.0,0.0,5.0,1.0,4.72,2.01,0.59
2015/05/08,42.6,42.8,42.45,42.5,291.0,12384.0,-0.1175,0.1658,152.0,34.0,0.0,0.0,34.0,9847.0,56.0,98.0,0.0,5.0,0.0,4.72,2.0,0.59
2015/05/11,42.65,42.95,42.0,42.0,422.0,17886.0,-1.1765,0.2405,212.0,25.0,0.0,1.0,26.0,9757.0,101.0,191.0,0.0,20.0,15.0,4.66,1.98,0.6
2015/05/12,42.0,43.0,41.4,42.9,597.0,25353.0,2.1429,0.3402,339.0,41.0,0.0,3.0,44.0,9863.0,246.0,140.0,1.0,22.0,3.0,4.76,2.02,0.58
2015/05/13,43.5,44.0,42.6,42.75,2005.0,86502.0,-0.3497,1.1426,852.0,1.0,0.0,-1.0,0.0,9516.0,501.0,848.0,2.0,24.0,4.0,4.74,2.02,12.16
2015/05/14,42.2,42.75,40.3,42.0,1195.0,49935.0,-1.7544,0.681,632.0,-56.0,0.0,-3.0,-59.0,9317.0,239.0,438.0,0.0,46.0,22.0,4.66,1.88,12.38
2015/05/15,42.0,42.0,41.0,41.5,424.0,17509.0,-1.1905,0.2416,243.0,-6.0,0.0,-1.0,-7.0,9213.0,43.0,146.0,9.0,45.0,8.0,4.05,1.86,12.53
2015/05/18,41.5,41.95,41.05,41.5,302.0,12577.0,0.0,0.1721,170.0,-11.0,0.0,-2.0,-13.0,9164.0,26.0,75.0,11.0,44.0,10.0,4.05,1.86,12.53
2015/05/19,41.4,42.0,41.4,41.65,392.0,16368.0,0.3614,0.2234,177.0,36.0,0.0,-2.0,34.0,9158.0,71.0,77.0,11.0,35.0,2.0,4.06,1.86,12.48
2015/05/20,41.65,41.9,41.5,41.55,242.0,10111.0,-0.2401,0.1379,153.0,43.0,0.0,-1.0,42.0,9093.0,51.0,116.0,5.0,30.0,0.0,4.05,1.86,12.52
2015/05/21,41.35,41.45,40.9,41.05,491.0,20198.0,-1.2034,0.2798,254.0,11.0,0.0,-6.0,5.0,8996.0,61.0,156.0,6.0,24.0,0.0,4.0,1.84,12.67
2015/05/22,40.8,41.35,40.7,40.85,241.0,9890.0,-0.4872,0.1373,148.0,-22.0,0.0,-1.0,-23.0,8931.0,25.0,50.0,0.0,26.0,2.0,3.99,1.83,12.73
2015/05/25,40.85,40.85,40.25,40.3,570.0,23060.0,-1.3464,0.3248,213.0,-39.0,0.0,-1.0,-40.0,8845.0,171.0,246.0,1.0,26.0,1.0,3.93,1.8,12.9
2015/05/26,40.2,40.5,38.4,38.85,1215.0,47532.0,-3.598,0.6924,551.0,44.0,0.0,0.0,44.0,8708.0,529.0,644.0,5.0,40.0,19.0,3.79,1.74,13.38
2015/05/27,38.8,39.5,38.8,39.25,451.0,17676.0,1.0296,0.257,231.0,35.0,0.0,0.0,35.0,8796.0,171.0,83.0,3.0,53.0,16.0,3.83,1.76,13.25
2015/05/28,40.0,40.1,39.55,39.9,288.0,11530.0,1.6561,0.1641,192.0,54.0,0.0,0.0,54.0,8826.0,119.0,89.0,5.0,48.0,0.0,3.89,1.79,13.03
2015/05/29,39.9,40.9,39.9,40.45,297.0,12048.0,1.3784,0.1693,195.0,8.0,0.0,0.0,8.0,8814.0,72.0,84.0,1.0,49.0,2.0,3.95,1.81,12.86
2015/06/01,40.45,40.45,39.5,39.75,276.0,10990.0,-1.7305,0.1573,150.0,-65.0,0.0,1.0,-64.0,8798.0,64.0,80.0,2.0,47.0,0.0,3.88,1.78,13.08
2015/06/02,40.1,40.1,39.6,39.75,216.0,8614.0,0.0,0.1231,136.0,42.0,0.0,-1.0,41.0,8450.0,11.0,78.0,0.0,48.0,1.0,3.88,1.78,13.08
2015/06/03,40.2,40.2,39.05,39.1,217.0,8543.0,-1.6352,0.1237,129.0,-41.0,0.0,-1.0,-42.0,8388.0,29.0,91.0,12.0,37.0,1.0,3.81,1.75,13.3
2015/06/04,39.1,39.2,38.55,38.6,378.0,14663.0,-1.2788,0.2154,223.0,-75.0,0.0,0.0,-75.0,7990.0,27.0,51.0,1.0,36.0,0.0,3.77,1.73,13.47
2015/06/05,39.0,39.0,38.4,39.0,176.0,6825.0,1.0363,0.1003,119.0,-58.0,0.0,0.0,-58.0,7976.0,19.0,31.0,0.0,36.0,0.0,3.8,1.74,13.33
2015/06/08,39.0,39.6,39.0,39.5,186.0,7318.0,1.2821,0.106,140.0,-42.0,0.0,-1.0,-43.0,7944.0,27.0,59.0,4.0,32.0,0.0,3.85,1.77,13.16
2015/06/09,39.0,39.5,38.5,38.55,147.0,5706.0,-2.4051,0.0838,105.0,-12.0,0.0,-1.0,-13.0,7961.0,41.0,22.0,0.0,34.0,2.0,3.76,1.72,13.49
2015/06/10,38.6,39.25,38.6,39.15,169.0,6602.0,1.5564,0.0963,104.0,-24.0,0.0,0.0,-24.0,7989.0,45.0,17.0,0.0,34.0,0.0,3.82,1.75,13.28
2015/06/11,39.35,39.5,38.7,38.7,112.0,4359.0,-1.1494,0.0638,92.0,-58.0,0.0,0.0,-58.0,7996.0,24.0,17.0,0.0,34.0,0.0,3.78,1.73,13.44
2015/06/12,38.5,39.6,38.5,39.1,145.0,5693.0,1.0336,0.0826,109.0,-13.0,0.0,0.0,-13.0,7999.0,29.0,25.0,2.0,32.0,0.0,3.81,1.75,13.3
2015/06/15,38.7,39.25,38.7,38.95,70.0,2734.0,-0.3836,0.0399,59.0,-1.0,0.0,0.0,-1.0,8004.0,8.0,3.0,1.0,31.0,0.0,3.8,1.74,13.35
2015/06/16,38.8,38.85,38.4,38.45,166.0,6407.0,-1.2837,0.0946,114.0,-45.0,0.0,0.0,-45.0,7939.0,11.0,57.0,19.0,17.0,5.0,3.75,1.72,13.52
2015/06/17,38.4,38.9,38.4,38.7,180.0,6973.0,0.6502,0.1026,138.0,-62.0,0.0,1.0,-61.0,7950.0,27.0,16.0,2.0,17.0,2.0,3.78,1.73,13.44
2015/06/18,38.7,39.0,38.6,38.7,133.0,5161.0,0.0,0.0758,75.0,-20.0,0.0,0.0,-20.0,7949.0,7.0,8.0,1.0,16.0,0.0,3.78,1.73,13.44
2015/06/22,38.85,39.15,38.5,38.7,105.0,4074.0,0.0,0.0598,69.0,-9.0,1.0,0.0,-8.0,7956.0,16.0,9.0,0.0,17.0,1.0,3.78,1.73,13.44
2015/06/23,39.0,39.0,38.65,38.7,161.0,6243.0,0.0,0.0918,94.0,-5.0,0.0,5.0,0.0,7925.0,47.0,78.0,0.0,17.0,0.0,3.78,1.73,13.44
2015/06/24,39.0,39.0,38.6,38.6,127.0,4923.0,-0.2584,0.0724,81.0,20.0,0.0,0.0,20.0,7934.0,30.0,21.0,0.0,17.0,0.0,3.77,1.73,13.47
2015/06/25,38.5,38.9,38.5,38.6,118.0,4574.0,0.0,0.0672,77.0,10.0,0.0,0.0,10.0,7929.0,47.0,52.0,2.0,15.0,0.0,3.77,1.73,13.47
2015/06/26,38.65,38.75,38.5,38.75,155.0,5978.0,0.3886,0.0883,90.0,20.0,0.0,0.0,20.0,7931.0,24.0,22.0,0.0,15.0,0.0,3.78,1.73,13.42
2015/06/29,38.75,38.85,38.5,38.5,155.0,6006.0,-0.6452,0.0883,100.0,-34.0,0.0,0.0,-34.0,7900.0,9.0,40.0,0.0,15.0,0.0,3.76,1.72,13.51
2015/06/30,38.45,38.45,38.05,38.35,144.0,5523.0,-0.3896,0.0821,97.0,-15.0,0.0,0.0,-15.0,7837.0,15.0,63.0,0.0,15.0,0.0,3.74,1.72,13.56
2015/07/01,38.15,38.4,37.4,38.1,305.0,11607.0,-0.6519,0.1738,160.0,1.0,0.0,2.0,3.0,7813.0,86.0,108.0,0.0,15.0,0.0,3.72,1.7,13.65
2015/07/02,38.1,38.1,37.15,37.3,326.0,12259.0,-2.0997,0.1858,209.0,-12.0,0.0,0.0,-12.0,7792.0,38.0,59.0,0.0,35.0,20.0,3.64,1.67,13.94
2015/07/03,37.0,37.4,36.8,37.4,232.0,8597.0,0.2681,0.1322,157.0,-17.0,0.0,-2.0,-19.0,7741.0,6.0,57.0,13.0,38.0,16.0,3.65,1.67,13.9
2015/07/06,37.6,37.6,36.7,37.15,229.0,8469.0,-0.6684,0.1305,138.0,-2.0,0.0,0.0,-2.0,7668.0,14.0,87.0,0.0,38.0,0.0,3.62,1.66,14.0
2015/07/07,37.0,37.2,36.6,36.9,211.0,7783.0,-0.6729,0.1202,130.0,-12.0,0.0,0.0,-12.0,7643.0,17.0,42.0,11.0,28.0,1.0,3.6,1.65,14.09
2015/07/08,36.6,36.6,35.3,35.35,513.0,18361.0,-4.2005,0.2924,211.0,23.0,0.0,2.0,25.0,7401.0,27.0,264.0,3.0,26.0,1.0,3.45,1.58,14.71
2015/07/09,35.0,35.35,32.7,34.6,333.0,11278.0,-2.1216,0.1898,199.0,33.0,0.0,1.0,34.0,7353.0,27.0,72.0,0.0,28.0,2.0,3.38,1.55,15.03
2015/07/13,31.35,34.4,31.35,32.85,470.0,15546.0,-5.0578,0.2678,295.0,-22.0,0.0,-2.0,-24.0,7316.0,65.0,102.0,2.0,38.0,12.0,3.2,1.47,15.83
2015/07/14,33.3,33.75,32.9,33.1,271.0,8976.0,0.761,0.1544,207.0,-51.0,0.0,-3.0,-54.0,7083.0,49.0,77.0,0.0,39.0,1.0,3.23,1.48,15.71
2015/07/15,33.45,33.45,32.7,32.9,266.0,8781.0,-0.6042,0.1516,133.0,-17.0,3.0,-1.0,-15.0,7049.0,33.0,67.0,0.0,39.0,0.0,3.21,1.47,15.81
2015/07/16,33.25,33.25,32.9,32.95,97.0,3243.0,0.152,0.0553,89.0,1.0,0.0,0.0,1.0,7069.0,35.0,15.0,0.0,39.0,0.0,3.21,1.47,15.78
2015/07/17,32.95,33.85,32.85,33.4,177.0,5878.0,1.3657,0.1009,134.0,16.0,16.0,1.0,33.0,7076.0,14.0,7.0,0.0,39.0,0.0,3.26,1.49,15.57
2015/07/20,33.45,33.6,33.1,33.6,130.0,4335.0,0.5988,0.0741,86.0,-5.0,0.0,-1.0,-6.0,7064.0,7.0,19.0,10.0,29.0,0.0,3.28,1.5,15.48
2015/07/21,33.25,33.8,33.2,33.8,287.0,9566.0,0.5952,0.1636,126.0,37.0,0.0,-1.0,36.0,7045.0,7.0,26.0,0.0,29.0,0.0,3.3,1.51,15.38
2015/07/22,33.7,33.8,33.45,33.75,161.0,5434.0,-0.1479,0.0918,74.0,22.0,0.0,4.0,26.0,7048.0,7.0,4.0,0.0,29.0,0.0,3.29,1.51,15.41
2015/07/23,33.85,33.85,33.2,33.8,272.0,9106.0,0.1481,0.155,126.0,36.0,0.0,2.0,38.0,7035.0,8.0,21.0,0.0,29.0,0.0,3.3,1.51,15.38
2015/07/24,33.8,34.0,33.5,33.8,130.0,4378.0,0.0,0.0741,65.0,22.0,1.0,1.0,24.0,7020.0,5.0,20.0,2.0,27.0,0.0,3.3,1.51,15.38
2015/07/27,33.95,33.95,33.1,33.25,318.0,10652.0,-1.6272,0.1812,143.0,15.0,0.0,10.0,25.0,6977.0,8.0,44.0,1.0,27.0,1.0,3.24,1.49,15.64
2015/07/28,33.2,33.25,32.6,33.25,97.0,3234.0,0.0,0.0553,87.0,18.0,4.0,4.0,26.0,6936.0,4.0,45.0,2.0,26.0,1.0,3.24,1.49,15.64
2015/07/29,33.1,33.5,33.1,33.5,89.0,3000.0,0.7519,0.0507,64.0,24.0,0.0,0.0,24.0,6943.0,38.0,26.0,0.0,26.0,0.0,3.27,1.5,15.52
2015/07/30,33.35,33.7,33.2,33.2,166.0,5556.0,-0.8955,0.0946,82.0,26.0,0.0,4.0,30.0,6949.0,87.0,81.0,3.0,24.0,1.0,3.24,1.49,15.66
2015/07/31,33.35,33.45,33.0,33.05,378.0,12564.0,-0.4518,0.2154,130.0,73.0,0.0,-4.0,69.0,6944.0,209.0,214.0,0.0,25.0,1.0,3.22,1.48,15.73
2015/08/03,32.9,33.25,32.7,32.85,119.0,3906.0,-0.6051,0.0678,82.0,18.0,0.0,-1.0,17.0,6894.0,4.0,52.0,1.0,27.0,3.0,3.2,1.47,15.83
2015/08/04,32.5,32.9,31.8,31.8,760.0,24679.0,-3.1963,0.4331,240.0,2.0,0.0,4.0,6.0,6863.0,567.0,598.0,2.0,28.0,3.0,3.1,1.42,16.35
2015/08/05,31.7,31.7,29.15,30.0,666.0,20252.0,-5.6604,0.3795,334.0,43.0,0.0,4.0,47.0,6692.0,87.0,258.0,3.0,32.0,7.0,2.93,1.34,17.33
2015/08/06,30.0,30.35,29.8,29.8,246.0,7398.0,-0.6667,0.1402,103.0,28.0,0.0,-1.0,27.0,6621.0,22.0,90.0,0.0,35.0,3.0,2.91,1.33,17.45
2015/08/07,29.8,30.2,29.8,30.2,70.0,2108.0,1.3423,0.0399,57.0,20.0,0.0,0.0,20.0,6602.0,10.0,28.0,1.0,35.0,1.0,2.95,1.35,17.22
2015/08/10,30.1,30.2,29.65,30.1,189.0,5673.0,-0.3311,0.1077,65.0,10.0,0.0,-1.0,9.0,6582.0,22.0,42.0,1.0,34.0,0.0,2.94,1.35,17.28
2015/08/11,30.05,30.6,29.85,29.9,132.0,3980.0,-0.6645,0.0752,101.0,-24.0,0.0,-14.0,-38.0,6596.0,16.0,2.0,3.0,32.0,1.0,2.92,1.34,17.39
2015/08/12,29.9,30.0,29.4,29.75,502.0,14810.0,-0.5017,0.2861,122.0,4.0,0.0,6.0,10.0,6435.0,25.0,145.0,5.0,31.0,4.0,2.9,1.57,17.48
2015/08/13,30.0,30.0,29.45,29.75,169.0,5015.0,0.0,0.0963,68.0,12.0,0.0,-3.0,9.0,6333.0,21.0,123.0,2.0,29.0,0.0,5.6,1.57,17.48
2015/08/14,30.0,30.6,29.95,30.0,237.0,7168.0,0.8403,0.135,149.0,8.0,0.0,-1.0,7.0,6393.0,72.0,12.0,0.0,29.0,0.0,5.65,1.59,17.33
2015/08/17,30.0,30.05,29.65,29.65,250.0,7471.0,-1.1667,0.1425,64.0,9.0,0.0,0.0,9.0,6365.0,4.0,32.0,2.0,28.0,1.0,5.58,1.57,17.54
2015/08/18,29.65,30.0,29.45,29.45,245.0,7222.0,-0.6745,0.1396,56.0,-1.0,0.0,-4.0,-5.0,6357.0,9.0,17.0,0.0,28.0,0.0,5.55,1.56,17.66
2015/08/19,29.45,29.65,27.0,27.15,915.0,25437.0,-7.8098,0.5214,326.0,-30.0,0.0,-1.0,-31.0,6061.0,86.0,267.0,1.0,61.0,34.0,5.11,1.44,19.15
2015/08/20,27.45,27.5,27.05,27.3,251.0,6849.0,0.5525,0.143,70.0,7.0,0.0,0.0,7.0,6055.0,14.0,20.0,4.0,60.0,3.0,5.14,1.44,19.05
2015/08/21,27.3,27.3,26.0,26.0,630.0,16536.0,-4.7619,0.359,191.0,25.0,0.0,-4.0,21.0,5858.0,36.0,233.0,0.0,88.0,28.0,4.9,1.38,20.0
2015/08/24,25.95,25.95,23.4,23.4,769.0,18253.0,-10.0,0.4382,276.0,-42.0,0.0,2.0,-40.0,5635.0,100.0,279.0,3.0,85.0,0.0,4.41,1.24,22.22
2015/08/25,21.5,23.5,21.5,23.4,791.0,17959.0,0.0,0.4507,176.0,53.0,0.0,1.0,54.0,5556.0,414.0,489.0,5.0,80.0,0.0,4.41,1.24,22.22
2015/08/26,23.2,24.4,23.15,23.4,343.0,8093.0,0.0,0.1955,154.0,31.0,0.0,0.0,31.0,5502.0,39.0,23.0,21.0,80.0,21.0,4.41,1.24,22.22
2015/08/27,24.1,24.2,23.8,24.0,342.0,8220.0,2.5641,0.1949,151.0,49.0,0.0,-4.0,45.0,5484.0,42.0,60.0,2.0,91.0,13.0,4.52,1.27,21.67
2015/08/28,24.8,24.8,24.3,24.5,139.0,3417.0,2.0833,0.0792,104.0,30.0,0.0,-2.0,28.0,5446.0,14.0,52.0,0.0,98.0,7.0,4.61,1.3,21.22
2015/08/31,24.55,25.95,24.5,25.55,139.0,3562.0,4.2857,0.0792,103.0,8.0,-2.0,-1.0,5.0,5450.0,28.0,24.0,1.0,111.0,14.0,4.81,1.35,20.35
2015/09/01,27.0,27.7,26.3,27.45,374.0,10172.0,7.4364,0.2131,278.0,-34.0,-4.0,-3.0,-41.0,5489.0,84.0,44.0,5.0,132.0,26.0,5.17,1.45,18.94
2015/09/02,27.2,28.0,26.55,27.9,228.0,6287.0,1.6393,0.1299,152.0,-12.0,0.0,-1.0,-13.0,5514.0,54.0,29.0,0.0,143.0,11.0,5.25,1.48,18.64
2015/09/03,27.8,30.5,27.8,29.5,410.0,12037.0,5.7348,0.2336,260.0,-23.0,0.0,-1.0,-24.0,5499.0,49.0,64.0,12.0,158.0,27.0,5.56,1.56,17.63
2015/09/04,29.5,30.5,27.15,27.35,913.0,26475.0,-7.2881,0.5203,477.0,-39.0,0.0,1.0,-38.0,5698.0,249.0,50.0,8.0,155.0,5.0,5.15,1.45,19.01
2015/09/07,27.35,28.5,26.7,27.0,472.0,13048.0,-1.2797,0.269,271.0,44.0,0.0,0.0,44.0,5772.0,109.0,35.0,16.0,161.0,22.0,5.08,1.43,19.26
2015/09/08,27.6,27.8,27.2,27.4,363.0,9977.0,1.4815,0.2066,200.0,10.0,0.0,0.0,10.0,5792.0,45.0,25.0,6.0,321.0,166.0,5.16,1.45,18.98
2015/09/09,27.75,28.1,27.5,27.7,489.0,13566.0,1.0949,0.2784,302.0,36.0,0.0,1.0,37.0,5789.0,54.0,57.0,49.0,425.0,153.0,5.22,1.47,18.77
2015/09/10,27.9,28.15,27.6,28.0,483.0,13473.0,1.083,0.275,278.0,27.0,0.0,1.0,28.0,5800.0,32.0,20.0,15.0,536.0,126.0,5.27,1.48,18.57
2015/09/11,28.5,28.65,28.05,28.05,515.0,14579.0,0.1786,0.2932,301.0,2.0,0.0,0.0,2.0,5844.0,84.0,40.0,33.0,517.0,14.0,5.28,1.48,18.54
2015/09/14,28.4,28.95,28.35,28.5,560.0,16036.0,1.6043,0.3188,305.0,30.0,0.0,-2.0,28.0,5864.0,58.0,38.0,130.0,387.0,0.0,5.37,1.51,18.25
2015/09/15,29.4,29.5,28.75,29.5,434.0,12674.0,3.5088,0.2471,293.0,8.0,0.0,0.0,8.0,5940.0,139.0,63.0,30.0,324.0,5.0,5.56,1.56,17.63
2015/09/16,30.0,30.45,29.95,30.1,715.0,21617.0,2.0339,0.407,387.0,14.0,0.0,0.0,14.0,5985.0,195.0,150.0,25.0,263.0,0.0,5.67,1.59,17.24
2015/09/17,30.5,30.7,29.9,29.9,880.0,26528.0,-0.6645,0.501,344.0,28.0,0.0,2.0,30.0,5885.0,295.0,395.0,38.0,194.0,1.0,5.63,1.58,17.36
2015/09/18,30.45,30.8,30.0,30.8,1253.0,38352.0,3.01,0.7133,334.0,77.0,0.0,0.0,77.0,5827.0,648.0,706.0,194.0,0.0,0.0,5.8,1.63,16.85
2015/09/21,30.9,31.5,30.4,31.5,1887.0,58949.0,2.2727,1.0742,512.0,-29.0,7.0,-2.0,-24.0,6090.0,436.0,173.0,0.0,0.0,0.0,5.93,1.67,16.48
2015/09/22,31.5,33.6,31.5,33.0,2056.0,66844.0,4.7619,1.1704,725.0,9.0,0.0,0.0,9.0,6208.0,495.0,377.0,0.0,0.0,0.0,6.21,1.75,15.73
2015/09/23,33.0,33.3,31.8,31.8,1953.0,63069.0,-3.6364,1.1118,1063.0,-131.0,0.0,0.0,-131.0,6035.0,436.0,609.0,0.0,0.0,0.0,5.99,1.68,16.32
2015/09/24,25.8,25.8,23.15,23.15,3396.0,81730.0,-5.9075,1.7213,1039.0,-255.0,0.0,0.0,-255.0,6067.0,417.0,385.0,0.0,438.0,438.0,4.36,1.22,22.42
2015/09/25,23.2,23.25,22.1,22.5,661.0,14982.0,-2.8078,0.335,343.0,-58.0,0.0,0.0,-58.0,5948.0,103.0,221.0,1.0,531.0,94.0,4.24,1.19,23.07
2015/09/30,22.55,22.6,21.5,21.55,754.0,16436.0,-4.2222,0.3822,414.0,-127.0,0.0,0.0,-127.0,5992.0,178.0,132.0,2.0,575.0,46.0,4.06,1.14,24.08
2015/10/01,21.65,22.2,21.65,21.9,302.0,6643.0,1.6241,0.1531,199.0,-26.0,0.0,-5.0,-31.0,5985.0,60.0,67.0,13.0,606.0,44.0,4.12,1.16,23.7
2015/10/02,22.0,22.35,21.75,21.8,220.0,4815.0,-0.4566,0.1115,149.0,-44.0,4.0,0.0,-40.0,5941.0,33.0,52.0,4.0,602.0,0.0,4.11,1.15,23.81
2015/10/05,22.2,22.2,21.75,22.0,315.0,6924.0,0.9174,0.1597,197.0,-55.0,0.0,-6.0,-61.0,5956.0,74.0,58.0,0.0,601.0,10.0,4.14,1.16,23.59
2015/10/06,22.15,22.15,21.65,21.65,381.0,8320.0,-1.5909,0.1931,211.0,-81.0,0.0,0.0,-81.0,5932.0,51.0,75.0,3.0,613.0,15.0,4.08,1.15,23.97
2015/10/07,21.4,21.9,21.35,21.65,281.0,6057.0,0.0,0.1424,206.0,-23.0,0.0,0.0,-23.0,5958.0,49.0,23.0,1.0,612.0,0.0,4.08,1.15,23.97
2015/10/08,21.5,21.75,21.1,21.5,377.0,8059.0,-0.6928,0.191,181.0,-31.0,0.0,0.0,-31.0,5966.0,39.0,31.0,5.0,625.0,18.0,4.05,1.14,24.14
2015/10/12,21.0,21.4,20.95,21.05,266.0,5627.0,-2.093,0.1348,175.0,10.0,0.0,0.0,10.0,5937.0,26.0,55.0,0.0,625.0,0.0,3.96,1.11,24.66
2015/10/13,21.15,21.3,21.1,21.1,187.0,3966.0,0.2375,0.0947,112.0,-14.0,0.0,0.0,-14.0,5919.0,33.0,25.0,0.0,608.0,0.0,3.97,1.12,24.6
2015/10/14,21.0,21.55,21.0,21.35,160.0,3422.0,1.1848,0.0811,93.0,22.0,0.0,0.0,22.0,5897.0,29.0,51.0,16.0,533.0,1.0,4.02,1.13,24.31
2015/10/15,21.6,21.65,21.3,21.3,167.0,3591.0,-0.2342,0.0846,103.0,-8.0,0.0,0.0,-8.0,5843.0,8.0,62.0,0.0,485.0,0.0,4.01,1.13,24.37
2015/10/16,21.35,21.5,21.35,21.45,101.0,2165.0,0.7042,0.0512,58.0,0.0,0.0,0.0,0.0,5846.0,24.0,21.0,8.0,454.0,9.0,4.04,1.13,24.2
2015/10/19,21.45,21.55,21.4,21.4,97.0,2090.0,-0.2331,0.0491,66.0,-14.0,0.0,0.0,-14.0,5850.0,5.0,1.0,1.0,452.0,5.0,4.03,1.13,24.25
2015/10/20,21.5,21.65,21.35,21.65,136.0,2916.0,1.1682,0.0689,68.0,-13.0,0.0,0.0,-13.0,5850.0,15.0,15.0,0.0,428.0,1.0,4.08,1.15,23.97
2015/10/21,21.65,21.65,21.4,21.65,100.0,2170.0,0.0,0.0507,72.0,-14.0,0.0,0.0,-14.0,5838.0,2.0,11.0,0.0,440.0,13.0,4.08,1.15,23.97
2015/10/22,21.45,21.65,21.45,21.6,75.0,1635.0,-0.2309,0.038,49.0,-1.0,0.0,0.0,-1.0,5812.0,5.0,7.0,0.0,453.0,13.0,4.07,1.14,24.03
2015/10/23,21.7,21.85,21.45,21.55,124.0,2690.0,-0.2315,0.0628,79.0,-18.0,0.0,0.0,-18.0,5794.0,13.0,26.0,0.0,456.0,3.0,4.06,1.14,24.08
2015/10/26,21.35,21.6,21.35,21.55,183.0,3938.0,0.0,0.0927,75.0,-8.0,0.0,0.0,-8.0,5766.0,13.0,19.0,12.0,449.0,5.0,4.06,1.14,24.08
2015/10/27,21.6,21.6,21.35,21.4,163.0,3504.0,-0.6961,0.0826,71.0,-4.0,0.0,0.0,-4.0,5772.0,7.0,1.0,2.0,444.0,10.0,4.03,1.13,24.25
2015/10/28,21.4,21.45,21.35,21.4,119.0,2546.0,0.0,0.0603,51.0,1.0,0.0,0.0,1.0,5747.0,8.0,13.0,13.0,414.0,0.0,4.03,1.13,24.25
2015/10/29,21.4,21.5,21.35,21.4,59.0,1264.0,0.0,0.0299,32.0,-3.0,0.0,0.0,-3.0,5738.0,1.0,9.0,5.0,409.0,0.0,4.03,1.13,24.25
2015/10/30,21.4,21.4,21.3,21.3,127.0,2722.0,-0.4673,0.0642,82.0,-56.0,0.0,0.0,-56.0,5732.0,6.0,12.0,12.0,397.0,0.0,4.01,1.13,24.37
2015/11/02,21.4,21.5,21.3,21.4,101.0,2158.0,0.4695,0.0511,58.0,3.0,0.0,0.0,3.0,5733.0,2.0,1.0,0.0,389.0,5.0,4.03,1.13,24.25
2015/11/03,21.4,21.5,21.3,21.3,111.0,2382.0,-0.4673,0.0561,76.0,-30.0,0.0,0.0,-30.0,5710.0,2.0,25.0,0.0,389.0,0.0,4.01,1.13,24.37
2015/11/04,21.1,21.5,21.1,21.45,205.0,4387.0,0.7042,0.1036,145.0,31.0,5.0,1.0,37.0,5698.0,3.0,14.0,1.0,359.0,11.0,4.04,1.13,24.2
2015/11/05,21.6,21.6,21.25,21.25,184.0,3932.0,-0.9324,0.093,86.0,-36.0,0.0,0.0,-36.0,5693.0,3.0,7.0,0.0,386.0,37.0,4.0,1.12,24.42
2015/11/06,21.1,21.35,21.1,21.25,149.0,3177.0,0.0,0.0753,175.0,13.0,0.0,-1.0,12.0,5687.0,5.0,11.0,0.0,380.0,0.0,4.0,1.12,24.42
2015/11/09,21.15,21.25,21.0,21.0,174.0,3686.0,-1.1765,0.088,184.0,-2.0,0.0,0.0,-2.0,5685.0,3.0,5.0,6.0,285.0,6.0,3.95,1.11,24.71
2015/11/10,21.0,21.15,20.75,20.95,111.0,2328.0,-0.2381,0.0561,110.0,0.0,0.0,0.0,0.0,5669.0,0.0,14.0,1.0,273.0,0.0,3.95,1.11,24.77
2015/11/11,21.15,21.3,20.75,20.75,223.0,4679.0,-0.9547,0.1127,130.0,-3.0,0.0,0.0,-3.0,5669.0,10.0,4.0,0.0,279.0,33.0,12.5,1.25,25.01
2015/11/12,20.55,20.95,20.55,20.9,66.0,1384.0,0.7229,0.0334,73.0,2.0,0.0,0.0,2.0,5669.0,1.0,1.0,0.0,279.0,0.0,12.59,1.26,24.83
2015/11/13,20.9,20.9,20.6,20.85,95.0,1982.0,-0.2392,0.048,76.0,-10.0,0.0,0.0,-10.0,5641.0,4.0,32.0,0.0,274.0,1.0,12.56,1.26,24.89
2015/11/16,20.5,20.6,19.45,20.0,275.0,5498.0,-4.0767,0.139,142.0,5.0,0.0,5.0,10.0,5650.0,11.0,2.0,1.0,298.0,25.0,12.05,1.2,25.95
2015/11/17,20.0,20.5,19.9,20.15,325.0,6586.0,0.75,0.1643,135.0,4.0,0.0,0.0,4.0,5631.0,5.0,24.0,15.0,302.0,19.0,12.14,1.21,25.76
2015/11/18,20.15,20.3,20.1,20.15,82.0,1660.0,0.0,0.0415,63.0,-5.0,0.0,0.0,-5.0,5633.0,3.0,1.0,1.0,313.0,12.0,12.14,1.21,25.76
2015/11/19,20.15,20.4,20.1,20.1,140.0,2832.0,-0.2481,0.0708,70.0,10.0,0.0,0.0,10.0,5635.0,3.0,1.0,0.0,313.0,0.0,12.11,1.21,25.82
2015/11/20,20.05,20.25,20.05,20.15,83.0,1675.0,0.2488,0.042,61.0,15.0,0.0,1.0,16.0,5616.0,4.0,23.0,0.0,313.0,0.0,12.14,1.21,25.76
2015/11/23,20.2,20.2,19.9,19.9,243.0,4874.0,-1.2407,0.1228,90.0,8.0,0.0,-1.0,7.0,5589.0,8.0,35.0,0.0,315.0,2.0,11.99,1.2,26.08
2015/11/24,19.9,20.1,19.8,19.85,74.0,1476.0,-0.2513,0.0374,53.0,9.0,0.0,0.0,9.0,5587.0,17.0,14.0,1.0,278.0,7.0,11.96,1.2,26.15
2015/11/25,19.85,19.95,19.55,19.85,219.0,4315.0,0.0,0.1107,128.0,-2.0,0.0,-1.0,-3.0,5574.0,21.0,34.0,2.0,307.0,31.0,11.96,1.2,26.15
2015/11/26,19.8,20.05,19.75,20.0,130.0,2585.0,0.7557,0.0657,72.0,5.0,0.0,1.0,6.0,5552.0,44.0,66.0,0.0,307.0,0.0,12.05,1.2,25.95
2015/11/27,20.1,20.1,19.7,19.9,77.0,1542.0,-0.5,0.0389,41.0,3.0,0.0,-1.0,2.0,5565.0,13.0,0.0,0.0,307.0,0.0,11.99,1.2,26.08
2015/11/30,19.6,19.9,19.6,19.8,90.0,1790.0,-0.5025,0.0454,58.0,-11.0,0.0,0.0,-11.0,5590.0,29.0,4.0,4.0,303.0,0.0,11.93,1.19,26.21
2015/12/01,19.55,20.05,19.55,19.95,109.0,2178.0,0.7576,0.055,69.0,1.0,0.0,1.0,2.0,5612.0,34.0,12.0,1.0,302.0,0.0,12.02,1.2,26.02
2015/12/02,19.85,20.1,19.85,20.0,137.0,2750.0,0.2506,0.0692,80.0,19.0,0.0,2.0,21.0,5638.0,34.0,8.0,0.0,302.0,0.0,12.05,1.2,25.95
2015/12/03,19.7,20.1,19.7,20.0,88.0,1763.0,0.0,0.0444,60.0,9.0,0.0,1.0,10.0,5632.0,10.0,16.0,0.0,302.0,0.0,12.05,1.2,25.95
2015/12/04,20.0,20.1,19.85,20.0,191.0,3823.0,0.0,0.0964,69.0,4.0,0.0,0.0,4.0,5629.0,42.0,45.0,10.0,293.0,1.0,12.05,1.2,25.95
2015/12/07,20.0,20.1,19.9,20.05,120.0,2417.0,0.25,0.0606,68.0,9.0,0.0,1.0,10.0,5620.0,1.0,10.0,5.0,299.0,11.0,12.08,1.21,25.89
2015/12/08,19.2,20.05,19.2,20.0,112.0,2241.0,-0.2494,0.0565,61.0,21.0,0.0,1.0,22.0,5613.0,0.0,6.0,1.0,301.0,3.0,12.05,1.2,25.95
2015/12/09,19.8,20.0,19.8,19.95,174.0,3462.0,-0.25,0.0879,65.0,-11.0,0.0,0.0,-11.0,5611.0,1.0,3.0,1.0,300.0,0.0,12.02,1.2,26.02
2015/12/10,19.95,19.95,19.8,19.95,143.0,2859.0,0.0,0.0722,56.0,-23.0,0.0,-1.0,-24.0,5578.0,5.0,38.0,3.0,298.0,1.0,12.02,1.2,26.02
2015/12/11,20.0,20.1,19.65,19.7,85.0,1694.0,-1.2531,0.0429,52.0,-31.0,0.0,1.0,-30.0,5579.0,4.0,3.0,1.0,297.0,0.0,11.87,1.19,26.35
2015/12/14,19.6,19.9,19.4,19.6,226.0,4447.0,-0.5076,0.1141,67.0,-21.0,0.0,1.0,-20.0,5567.0,5.0,17.0,0.0,306.0,9.0,11.81,1.18,26.48
2015/12/15,19.6,19.75,19.5,19.6,98.0,1934.0,0.0,0.0495,55.0,-35.0,0.0,0.0,-35.0,5550.0,2.0,19.0,0.0,306.0,0.0,11.81,1.18,26.48
2015/12/16,19.95,19.95,19.3,19.7,92.0,1825.0,0.5102,0.0465,56.0,-5.0,0.0,0.0,-5.0,5530.0,1.0,21.0,19.0,266.0,0.0,11.87,1.19,26.35
2015/12/17,19.55,19.85,19.55,19.85,67.0,1323.0,0.7614,0.0338,47.0,10.0,0.0,0.0,10.0,5530.0,3.0,3.0,6.0,260.0,0.0,11.96,1.2,26.15
2015/12/18,19.85,19.95,19.8,19.95,71.0,1416.0,0.5038,0.0358,54.0,33.0,0.0,0.0,33.0,5525.0,0.0,5.0,0.0,260.0,6.0,12.02,1.2,26.02
2015/12/21,19.7,20.0,19.7,19.95,93.0,1861.0,0.0,0.047,61.0,21.0,0.0,1.0,22.0,5519.0,0.0,6.0,0.0,260.0,0.0,12.02,1.2,26.02
2015/12/22,19.95,20.1,19.75,19.95,99.0,1981.0,0.0,0.05,54.0,7.0,0.0,0.0,7.0,5514.0,1.0,6.0,0.0,260.0,0.0,12.02,1.2,26.02
2015/12/23,20.0,20.1,19.9,20.0,174.0,3486.0,0.2506,0.0879,64.0,-12.0,0.0,0.0,-12.0,5522.0,9.0,1.0,0.0,260.0,0.0,12.05,1.2,25.95
2015/12/24,20.1,20.1,19.8,20.0,77.0,1541.0,0.0,0.0389,52.0,7.0,0.0,-1.0,6.0,5521.0,0.0,1.0,0.0,260.0,0.0,12.05,1.2,25.95
2015/12/25,20.1,20.1,19.9,19.95,49.0,997.0,-0.25,0.0247,30.0,3.0,0.0,-3.0,0.0,5515.0,0.0,6.0,0.0,260.0,0.0,12.02,1.2,26.02
2015/12/28,20.15,21.8,20.15,21.3,408.0,8689.0,6.7669,0.206,305.0,13.0,-22.0,0.0,-9.0,5593.0,97.0,19.0,0.0,322.0,62.0,12.83,1.28,24.37
2015/12/29,21.3,21.5,20.4,20.4,176.0,3671.0,-4.2254,0.0889,142.0,-10.0,-24.0,6.0,-28.0,5594.0,29.0,28.0,6.0,325.0,9.0,12.29,1.23,25.44
2015/12/30,20.8,21.3,20.7,20.95,279.0,5848.0,2.6961,0.1409,125.0,-20.0,0.0,0.0,-20.0,5602.0,55.0,47.0,20.0,305.0,0.0,12.62,1.26,24.77
2015/12/31,20.95,20.95,20.3,20.35,100.0,2047.0,-2.864,0.0505,74.0,-12.0,0.0,1.0,-11.0,5616.0,25.0,11.0,2.0,303.0,0.0,12.26,1.23,25.5
2016/01/04,20.4,20.45,19.85,20.05,84.0,1702.0,-1.4742,0.0424,66.0,-12.0,0.0,1.0,-11.0,5594.0,6.0,28.0,0.0,320.0,18.0,12.08,1.21,25.89
2016/01/05,19.8,20.0,19.8,19.85,43.0,862.0,-0.9975,0.0217,39.0,-6.0,0.0,1.0,-5.0,5593.0,0.0,1.0,0.0,314.0,0.0,11.96,1.2,26.15
2016/01/06,19.9,19.9,19.4,19.4,109.0,2151.0,-2.267,0.055,85.0,-10.0,0.0,1.0,-9.0,5582.0,10.0,19.0,10.0,304.0,0.0,11.69,1.17,26.75
2016/01/07,19.5,19.5,18.8,18.9,146.0,2787.0,-2.5773,0.0737,97.0,-17.0,0.0,0.0,-17.0,5545.0,3.0,40.0,44.0,260.0,0.0,11.39,1.14,27.46
2016/01/08,18.8,19.3,18.8,19.3,57.0,1094.0,2.1164,0.0288,41.0,1.0,0.0,0.0,1.0,5535.0,6.0,6.0,0.0,252.0,0.0,11.63,1.16,26.89
2016/01/11,19.4,20.1,19.2,19.25,169.0,3339.0,-0.2591,0.0853,105.0,8.0,0.0,-1.0,7.0,5585.0,66.0,16.0,0.0,252.0,0.0,11.6,1.16,26.96
2016/01/12,19.3,19.3,19.1,19.1,37.0,709.0,-0.7792,0.0187,35.0,-9.0,0.0,-2.0,-11.0,5583.0,6.0,8.0,0.0,252.0,0.0,11.51,1.15,27.17
2016/01/13,19.45,19.45,19.0,19.1,91.0,1753.0,0.0,0.0459,45.0,-37.0,0.0,1.0,-36.0,5557.0,2.0,28.0,0.0,252.0,0.0,11.51,1.15,27.17
2016/01/14,19.05,19.05,18.7,19.05,126.0,2381.0,-0.2618,0.0636,68.0,-38.0,0.0,-5.0,-43.0,5548.0,2.0,11.0,1.0,251.0,0.0,11.48,1.15,27.24
2016/01/15,19.25,19.5,18.9,19.5,134.0,2560.0,2.3622,0.0677,80.0,7.0,0.0,1.0,8.0,5540.0,4.0,12.0,30.0,222.0,1.0,11.75,1.17,26.62
2016/01/18,19.2,19.4,19.0,19.4,137.0,2636.0,-0.5128,0.0692,53.0,-47.0,0.0,-7.0,-54.0,5552.0,17.0,2.0,0.0,222.0,0.0,11.69,1.17,26.75
2016/01/19,19.3,19.4,19.2,19.4,16.0,311.0,0.0,0.0081,12.0,0.0,0.0,1.0,1.0,5550.0,0.0,2.0,0.0,222.0,0.0,11.69,1.17,26.75
2016/01/20,19.2,19.2,18.4,19.2,172.0,3244.0,-1.0309,0.0868,75.0,10.0,0.0,8.0,18.0,5475.0,5.0,80.0,10.0,212.0,0.0,11.57,1.16,27.03
2016/01/21,19.0,19.0,18.4,18.8,280.0,5208.0,-2.0833,0.1414,133.0,-8.0,0.0,-3.0,-11.0,5494.0,24.0,5.0,17.0,192.0,1.0,11.33,1.13,27.61
2016/01/22,18.7,18.85,18.55,18.75,64.0,1200.0,-0.266,0.0323,40.0,-7.0,0.0,-4.0,-11.0,5468.0,12.0,38.0,0.0,195.0,3.0,11.3,1.13,27.68
2016/01/25,18.75,18.9,18.65,18.8,28.0,541.0,0.2667,0.0141,26.0,1.0,0.0,0.0,1.0,5451.0,1.0,13.0,1.0,194.0,0.0,11.33,1.13,27.61
2016/01/26,18.9,18.9,18.7,18.85,41.0,779.0,0.266,0.0207,34.0,-1.0,0.0,0.0,-1.0,5389.0,3.0,11.0,0.0,194.0,0.0,11.36,1.14,27.53
2016/01/27,18.85,18.95,18.55,18.95,98.0,1840.0,0.5305,0.0495,39.0,3.0,0.0,6.0,9.0,5375.0,0.0,14.0,0.0,194.0,0.0,11.42,1.14,27.39
2016/01/28,19.1,19.1,18.75,19.0,38.0,717.0,0.2639,0.0192,26.0,-1.0,0.0,-4.0,-5.0,5373.0,3.0,5.0,0.0,194.0,0.0,11.45,1.14,27.32
2016/01/29,19.3,19.3,18.9,19.15,79.0,1518.0,0.7895,0.0399,47.0,3.0,0.0,0.0,3.0,5369.0,4.0,8.0,3.0,191.0,0.0,11.54,1.15,27.1
2016/01/30,19.3,19.4,19.1,19.1,54.0,1043.0,-0.2611,0.0273,38.0,0.0,0.0,0.0,0.0,5327.0,2.0,3.0,0.0,191.0,0.0,11.51,1.15,27.17
2016/02/01,19.4,19.4,19.0,19.0,93.0,1785.0,-0.5236,0.047,54.0,9.0,0.0,5.0,14.0,5310.0,37.0,22.0,0.0,191.0,0.0,11.45,1.14,27.32
2016/02/02,19.2,19.3,18.85,18.85,63.0,1205.0,-0.7895,0.0318,53.0,4.0,0.0,2.0,6.0,5316.0,24.0,18.0,0.0,191.0,0.0,11.36,1.14,27.53
2016/02/03,18.85,19.4,18.8,19.4,69.0,1323.0,2.9178,0.0348,42.0,-5.0,0.0,-11.0,-16.0,5311.0,8.0,10.0,0.0,191.0,0.0,11.69,1.17,26.75
2016/02/15,19.4,19.4,19.0,19.05,46.0,893.0,-1.8041,0.0232,29.0,0.0,0.0,1.0,1.0,5321.0,15.0,5.0,0.0,191.0,0.0,11.48,1.15,27.24
2016/02/16,18.95,19.1,18.9,19.0,74.0,1406.0,-0.2625,0.0374,42.0,10.0,0.0,5.0,15.0,5303.0,6.0,24.0,0.0,191.0,0.0,11.45,1.14,27.32
2016/02/17,19.1,19.15,18.85,18.85,41.0,787.0,-0.7895,0.0207,35.0,5.0,0.0,1.0,6.0,5295.0,2.0,10.0,0.0,191.0,0.0,11.36,1.14,27.53
2016/02/18,19.1,19.1,18.9,19.05,44.0,844.0,1.061,0.0222,31.0,6.0,0.0,1.0,7.0,5290.0,17.0,20.0,0.0,191.0,0.0,11.48,1.15,27.24
2016/02/19,19.1,19.1,18.85,19.0,32.0,609.0,-0.2625,0.0162,31.0,1.0,0.0,0.0,1.0,5282.0,1.0,9.0,0.0,191.0,0.0,11.45,1.14,27.32
2016/02/22,19.1,19.1,18.9,19.0,28.0,532.0,0.0,0.0141,16.0,3.0,0.0,0.0,3.0,5282.0,0.0,0.0,0.0,191.0,0.0,11.45,1.14,27.32
2016/02/23,19.05,19.1,18.8,19.1,49.0,935.0,0.5263,0.0247,38.0,2.0,0.0,-2.0,0.0,5270.0,1.0,13.0,0.0,191.0,0.0,11.51,1.15,27.17
2016/02/24,19.1,19.15,18.95,19.1,44.0,855.0,0.0,0.0222,37.0,-1.0,0.0,0.0,-1.0,5268.0,17.0,11.0,0.0,191.0,0.0,11.51,1.15,27.17
2016/02/25,19.1,19.1,18.95,19.0,25.0,493.0,-0.5236,0.0126,25.0,0.0,0.0,0.0,0.0,5275.0,13.0,6.0,0.0,191.0,0.0,11.45,1.14,27.32
2016/02/26,19.1,19.1,18.95,19.0,36.0,690.0,0.0,0.0182,31.0,1.0,0.0,0.0,1.0,5273.0,1.0,3.0,0.0,191.0,0.0,11.45,1.14,27.32
2016/03/01,19.1,19.15,18.95,19.05,59.0,1132.0,0.2632,0.0298,44.0,-6.0,0.0,0.0,-6.0,5245.0,5.0,3.0,0.0,191.0,0.0,11.48,1.15,27.24
2016/03/02,19.05,19.4,19.05,19.25,94.0,1816.0,1.0499,0.0475,64.0,-12.0,0.0,-2.0,-14.0,5245.0,21.0,21.0,0.0,191.0,0.0,11.6,1.16,26.96
2016/03/03,19.25,20.5,19.25,20.1,318.0,6330.0,4.4156,0.1605,227.0,-10.0,0.0,-2.0,-12.0,5251.0,73.0,42.0,0.0,194.0,3.0,12.11,1.21,25.82
2016/03/04,20.2,20.75,20.2,20.35,184.0,3771.0,1.2438,0.0929,136.0,3.0,0.0,0.0,3.0,5256.0,27.0,22.0,0.0,194.0,0.0,12.26,1.23,25.5
2016/03/07,20.65,21.8,20.6,21.65,662.0,14217.0,6.3882,0.3342,368.0,8.0,0.0,0.0,8.0,5389.0,202.0,69.0,0.0,206.0,12.0,13.04,1.3,23.97
2016/03/08,21.95,22.35,21.35,21.55,308.0,6705.0,-0.4619,0.1555,211.0,16.0,0.0,0.0,16.0,5386.0,51.0,54.0,0.0,206.0,0.0,12.98,1.3,24.08
2016/03/09,21.7,21.7,21.3,21.4,158.0,3392.0,-0.6961,0.0798,107.0,8.0,0.0,0.0,8.0,5379.0,48.0,55.0,0.0,211.0,5.0,12.89,1.29,24.25
2016/03/10,21.35,21.6,21.2,21.4,140.0,3015.0,0.0,0.0707,80.0,38.0,0.0,4.0,42.0,5362.0,28.0,45.0,0.0,211.0,0.0,12.89,1.29,24.25
2016/03/11,21.4,21.4,20.95,21.0,171.0,3627.0,-1.8692,0.0863,85.0,37.0,0.0,3.0,40.0,5300.0,32.0,40.0,1.0,199.0,0.0,12.65,1.27,24.71
2016/03/14,21.0,21.25,20.9,21.0,79.0,1673.0,0.0,0.0399,55.0,-2.0,0.0,-1.0,-3.0,5317.0,39.0,22.0,1.0,198.0,0.0,12.65,1.27,24.71
2016/03/15,20.9,20.9,20.0,20.2,236.0,4788.0,-3.8095,0.1191,107.0,5.0,0.0,0.0,5.0,5214.0,21.0,124.0,25.0,182.0,9.0,12.17,1.22,25.69
2016/03/16,19.9,20.8,19.9,20.35,128.0,2617.0,0.7426,0.0646,60.0,-4.0,0.0,-6.0,-10.0,5212.0,16.0,18.0,5.0,177.0,0.0,12.26,1.23,25.5
2016/03/17,20.25,20.45,20.15,20.2,51.0,1045.0,-0.7371,0.0257,29.0,4.0,0.0,1.0,5.0,4912.0,18.0,5.0,0.0,176.0,0.0,12.17,1.22,25.69
2016/03/18,20.0,20.35,20.0,20.3,193.0,3905.0,0.495,0.0974,79.0,-30.0,0.0,-3.0,-33.0,4937.0,34.0,9.0,0.0,176.0,0.0,12.23,1.22,25.57
2016/03/21,20.3,20.5,20.25,20.35,28.0,579.0,0.2463,0.0141,24.0,-8.0,0.0,1.0,-7.0,4943.0,7.0,1.0,0.0,168.0,0.0,12.26,1.23,25.5
2016/03/22,20.2,20.5,20.05,20.3,53.0,1092.0,-0.2457,0.0268,33.0,-18.0,0.0,-1.0,-19.0,4940.0,5.0,8.0,0.0,168.0,0.0,12.23,1.22,25.57
2016/03/23,20.2,20.9,20.1,20.55,222.0,4561.0,1.2315,0.1121,111.0,18.0,0.0,0.0,18.0,5001.0,69.0,7.0,0.0,173.0,5.0,12.38,1.24,25.26
2016/03/24,20.65,20.9,20.5,20.65,192.0,3979.0,0.4866,0.0969,93.0,6.0,0.0,0.0,6.0,5029.0,40.0,12.0,0.0,176.0,3.0,12.44,1.24,25.13
2016/03/25,21.05,21.6,21.0,21.0,741.0,15732.0,1.6949,0.3741,368.0,-19.0,0.0,0.0,-19.0,5149.0,209.0,89.0,3.0,260.0,90.0,5.82,1.1,24.71
2016/03/28,21.35,21.45,21.1,21.1,464.0,9873.0,0.4762,0.2343,231.0,40.0,0.0,0.0,40.0,5139.0,189.0,199.0,0.0,301.0,43.0,5.84,1.11,24.6
2016/03/29,21.2,21.25,20.85,20.95,227.0,4779.0,-0.7109,0.1146,121.0,5.0,0.0,4.0,9.0,5118.0,48.0,69.0,0.0,306.0,5.0,5.8,1.1,24.77
2016/03/30,20.95,21.25,20.9,21.05,181.0,3826.0,0.4773,0.0914,78.0,16.0,0.0,2.0,18.0,5191.0,102.0,29.0,0.0,313.0,10.0,5.83,1.1,24.66
2016/03/31,21.05,21.2,21.05,21.05,215.0,4544.0,0.0,0.1084,86.0,28.0,0.0,0.0,28.0,5174.0,20.0,37.0,0.0,309.0,0.0,5.83,1.1,24.66
2016/04/01,21.35,21.35,21.0,21.2,256.0,5425.0,0.7126,0.1291,91.0,-19.0,0.0,0.0,-19.0,5177.0,43.0,40.0,25.0,231.0,2.0,5.87,1.11,24.48
2016/04/06,21.2,21.2,20.85,20.9,138.0,2910.0,-1.4151,0.0696,69.0,32.0,0.0,0.0,32.0,5158.0,9.0,28.0,0.0,231.0,0.0,5.79,1.1,24.83
2016/04/07,20.8,20.85,20.5,20.85,185.0,3816.0,-0.2392,0.0933,89.0,-7.0,0.0,2.0,-5.0,5094.0,9.0,73.0,2.0,198.0,0.0,5.78,1.09,24.89
2016/04/08,20.6,20.65,20.15,20.25,112.0,2283.0,-2.8777,0.0565,65.0,31.0,0.0,1.0,32.0,5080.0,10.0,24.0,1.0,257.0,60.0,5.61,1.06,25.63
2016/04/11,20.35,20.35,20.05,20.15,202.0,4103.0,-0.4938,0.1019,89.0,1.0,0.0,1.0,2.0,5083.0,18.0,14.0,5.0,242.0,7.0,5.58,1.06,25.76
2016/04/12,20.15,20.35,20.15,20.2,641.0,12975.0,0.2481,0.3232,110.0,23.0,0.0,0.0,23.0,5099.0,31.0,15.0,1.0,241.0,0.0,5.6,1.06,25.69
2016/04/13,20.2,20.3,20.1,20.15,663.0,13405.0,-0.2475,0.3343,89.0,30.0,0.0,0.0,30.0,5118.0,24.0,5.0,18.0,167.0,0.0,5.58,1.06,25.76
2016/04/14,20.25,20.35,20.15,20.35,586.0,11878.0,0.9926,0.2955,115.0,64.0,0.0,1.0,65.0,5152.0,40.0,6.0,0.0,167.0,0.0,5.64,1.07,25.5
2016/04/15,20.3,20.3,20.2,20.25,569.0,11535.0,-0.4914,0.2869,103.0,-23.0,0.0,0.0,-23.0,5183.0,42.0,11.0,0.0,167.0,0.0,5.61,1.06,25.63
2016/04/18,20.3,21.45,20.1,21.45,891.0,18347.0,5.9259,0.4493,255.0,11.0,0.0,-5.0,6.0,5228.0,112.0,67.0,134.0,0.0,0.0,5.94,1.12,24.2
2016/04/19,21.95,22.1,21.5,21.5,508.0,11085.0,0.2331,0.2562,284.0,-3.0,0.0,0.0,-3.0,5259.0,150.0,119.0,0.0,0.0,0.0,5.96,1.13,24.14
2016/04/20,21.6,21.8,21.25,21.4,354.0,7609.0,-0.4651,0.1785,153.0,-16.0,0.0,0.0,-16.0,5333.0,129.0,55.0,0.0,0.0,0.0,5.93,1.12,24.25
2016/04/21,21.4,21.5,21.2,21.5,136.0,2922.0,0.4673,0.0686,68.0,16.0,0.0,1.0,17.0,5247.0,10.0,66.0,0.0,0.0,0.0,5.96,1.13,24.14
2016/04/22,21.6,23.65,21.55,23.45,1904.0,44176.0,9.0698,0.9601,856.0,53.0,0.0,-1.0,52.0,5536.0,495.0,206.0,0.0,237.0,237.0,6.5,1.23,22.13
2016/04/25,23.45,23.85,23.0,23.0,1053.0,24583.0,-1.919,0.531,583.0,84.0,0.0,8.0,92.0,5425.0,148.0,259.0,2.0,300.0,65.0,6.37,1.21,22.57
2016/04/26,23.05,23.55,22.2,22.95,1100.0,25179.0,-0.2174,0.5547,441.0,41.0,0.0,0.0,41.0,5417.0,176.0,184.0,37.0,215.0,12.0,6.36,1.2,22.61
2016/04/27,23.3,23.5,22.45,22.6,620.0,14152.0,-1.5251,0.3126,276.0,-53.0,0.0,0.0,-53.0,5302.0,103.0,218.0,15.0,207.0,8.0,6.26,1.19,22.96
2016/04/28,22.6,22.6,21.4,21.7,1114.0,24418.0,-3.9823,0.5618,422.0,43.0,0.0,-1.0,42.0,5199.0,127.0,230.0,68.0,220.0,81.0,6.01,1.14,23.92
2016/04/29,21.7,22.15,21.5,21.85,244.0,5329.0,0.6912,0.1228,151.0,46.0,0.0,-3.0,43.0,5201.0,44.0,42.0,13.0,210.0,4.0,6.05,1.15,23.75
2016/05/03,21.9,22.3,21.55,21.9,344.0,7574.0,0.2288,0.1731,166.0,31.0,0.0,0.0,31.0,5137.0,44.0,108.0,9.0,237.0,36.0,6.07,1.15,23.7
2016/05/04,21.55,22.0,21.55,21.6,233.0,5065.0,-1.3699,0.1173,94.0,24.0,0.0,-2.0,22.0,5130.0,30.0,37.0,4.0,233.0,0.0,5.98,1.13,24.03
2016/05/05,21.6,21.8,21.55,21.75,124.0,2702.0,0.6944,0.0624,67.0,-15.0,0.0,1.0,-14.0,5096.0,18.0,24.0,0.0,233.0,0.0,6.02,1.14,23.86
2016/05/06,21.9,22.4,21.6,22.05,598.0,13182.0,1.3793,0.3009,135.0,373.0,0.0,-1.0,372.0,5123.0,51.0,24.0,0.0,234.0,1.0,6.11,1.16,23.54
2016/05/09,22.4,22.4,21.85,22.1,559.0,12371.0,0.2268,0.2813,110.0,416.0,0.0,0.0,416.0,5134.0,24.0,13.0,3.0,231.0,0.0,6.12,1.16,23.48
2016/05/10,22.2,22.2,21.5,21.55,826.0,17945.0,-2.4887,0.4157,184.0,570.0,0.0,1.0,571.0,5017.0,70.0,187.0,0.0,231.0,0.0,5.97,1.13,24.08
2016/05/11,21.8,21.85,21.3,21.85,564.0,12142.0,1.3921,0.2838,152.0,341.0,0.0,0.0,341.0,5016.0,18.0,19.0,6.0,225.0,0.0,6.05,1.15,23.75
2016/05/12,22.45,23.3,22.3,22.3,790.0,17958.0,2.0595,0.3976,407.0,13.0,0.0,-3.0,10.0,5077.0,215.0,154.0,0.0,358.0,133.0,6.18,1.17,13.9
2016/05/13,22.4,22.45,21.6,22.05,416.0,9190.0,-1.1211,0.2093,271.0,-92.0,0.0,-4.0,-96.0,5067.0,74.0,84.0,0.0,410.0,52.0,6.32,1.11,14.06
2016/05/16,22.1,22.2,21.85,21.85,192.0,4226.0,-0.907,0.0966,101.0,-4.0,0.0,0.0,-4.0,5028.0,39.0,78.0,5.0,416.0,11.0,6.26,1.1,14.19
2016/05/17,21.75,21.8,21.5,21.7,240.0,5207.0,-0.6865,0.1208,136.0,-20.0,0.0,0.0,-20.0,5013.0,24.0,39.0,0.0,417.0,1.0,6.22,1.09,14.29
2016/05/18,21.75,22.15,21.6,21.8,101.0,2217.0,0.4608,0.0508,67.0,-5.0,0.0,0.0,-5.0,4992.0,8.0,29.0,0.0,413.0,1.0,6.25,1.1,14.22
2016/05/19,21.8,21.85,21.7,21.7,50.0,1088.0,-0.4587,0.0252,34.0,-12.0,0.0,0.0,-12.0,4998.0,12.0,6.0,0.0,413.0,0.0,6.22,1.09,14.29
2016/05/20,21.9,22.0,21.75,21.75,208.0,4572.0,0.2304,0.1047,80.0,15.0,0.0,0.0,15.0,5022.0,43.0,19.0,0.0,407.0,0.0,6.23,1.09,14.25
2016/05/23,21.9,22.3,21.8,22.0,275.0,6089.0,1.1494,0.1384,114.0,12.0,0.0,0.0,12.0,5017.0,25.0,30.0,1.0,440.0,34.0,6.3,1.11,14.09
2016/05/24,22.25,22.25,21.9,21.95,100.0,2218.0,-0.2273,0.0503,64.0,-1.0,0.0,0.0,-1.0,5017.0,3.0,3.0,0.0,450.0,10.0,6.29,1.1,14.12
2016/05/25,22.3,22.3,21.9,22.0,324.0,7148.0,0.2278,0.163,105.0,34.0,0.0,0.0,34.0,4987.0,20.0,50.0,0.0,460.0,10.0,6.3,1.11,14.09
2016/05/26,22.1,22.25,21.95,21.95,195.0,4310.0,-0.2273,0.0981,85.0,-16.0,0.0,0.0,-16.0,4918.0,18.0,87.0,0.0,460.0,0.0,6.29,1.1,14.12
2016/05/27,22.15,22.4,22.05,22.2,194.0,4308.0,1.139,0.0976,102.0,4.0,0.0,-3.0,1.0,4908.0,41.0,51.0,0.0,475.0,15.0,6.36,1.12,13.96
2016/05/30,22.35,22.35,22.1,22.25,161.0,3584.0,0.2252,0.081,97.0,18.0,0.0,0.0,18.0,4913.0,23.0,18.0,0.0,479.0,4.0,6.38,1.12,13.93
2016/05/31,22.3,22.3,22.1,22.25,148.0,3283.0,0.0,0.0745,74.0,19.0,0.0,0.0,19.0,4906.0,24.0,31.0,0.0,488.0,9.0,6.38,1.12,13.93
2016/06/01,22.25,22.95,22.1,22.75,552.0,12448.0,2.2472,0.2778,235.0,-27.0,0.0,0.0,-27.0,5163.0,309.0,52.0,0.0,503.0,15.0,6.52,1.14,13.63
2016/06/02,22.8,23.3,22.75,22.75,884.0,20357.0,0.0,0.4449,359.0,-19.0,0.0,0.0,-19.0,5272.0,268.0,159.0,1.0,531.0,29.0,6.52,1.14,13.63
2016/06/03,22.75,22.85,22.25,22.4,247.0,5590.0,-1.5385,0.1243,140.0,1.0,0.0,0.0,1.0,5268.0,58.0,41.0,0.0,551.0,20.0,6.42,1.13,13.84
2016/06/04,22.6,22.7,22.4,22.4,138.0,3121.0,0.0,0.0694,77.0,0.0,0.0,-1.0,-1.0,5234.0,35.0,69.0,0.0,551.0,0.0,6.42,1.13,13.84
2016/06/06,22.65,22.65,22.4,22.6,186.0,4202.0,0.8929,0.0936,95.0,-51.0,0.0,0.0,-51.0,5176.0,27.0,77.0,0.0,551.0,0.0,6.48,1.14,13.72
2016/06/07,23.0,23.15,22.65,22.65,588.0,13505.0,0.2212,0.2959,236.0,13.0,0.0,6.0,19.0,5118.0,100.0,158.0,0.0,573.0,22.0,6.49,1.14,13.69
2016/06/08,22.9,22.9,22.8,22.85,119.0,2726.0,0.883,0.0599,70.0,-6.0,0.0,0.0,-6.0,5114.0,29.0,33.0,0.0,572.0,0.0,6.55,1.15,13.57
2016/06/13,23.0,23.0,22.6,22.8,222.0,5064.0,-0.2188,0.1117,112.0,-28.0,0.0,0.0,-28.0,5089.0,35.0,60.0,0.0,584.0,12.0,6.53,1.15,13.6
2016/06/14,22.85,23.1,22.85,22.9,364.0,8379.0,0.4386,0.1832,167.0,24.0,0.0,0.0,24.0,5133.0,55.0,11.0,0.0,673.0,89.0,6.56,1.15,13.54
2016/06/15,22.95,23.05,22.95,23.0,409.0,9424.0,0.4367,0.2058,156.0,20.0,0.0,0.0,20.0,5058.0,23.0,93.0,0.0,703.0,30.0,6.59,1.16,13.48
2016/06/16,23.2,23.25,22.9,23.15,350.0,8080.0,0.6522,0.1761,143.0,15.0,0.0,0.0,15.0,5016.0,58.0,100.0,0.0,708.0,5.0,6.63,1.16,13.39
2016/06/17,23.2,23.25,22.95,23.1,401.0,9292.0,-0.216,0.2018,149.0,-4.0,0.0,0.0,-4.0,5021.0,55.0,50.0,0.0,772.0,64.0,6.62,1.16,13.42
2016/06/20,23.15,23.15,23.05,23.1,147.0,3401.0,0.0,0.074,79.0,18.0,0.0,4.0,22.0,4975.0,30.0,76.0,0.0,772.0,0.0,6.62,1.16,13.42
2016/06/21,23.15,23.15,22.95,23.1,345.0,7961.0,0.0,0.1736,119.0,45.0,0.0,0.0,45.0,4985.0,48.0,38.0,0.0,774.0,2.0,6.62,1.16,13.42
2016/06/22,23.15,23.15,22.95,23.0,378.0,8739.0,-0.4329,0.1902,110.0,1.0,0.0,0.0,1.0,4946.0,7.0,46.0,1.0,811.0,38.0,6.59,1.16,13.48
2016/06/23,23.05,23.1,22.95,23.0,235.0,5419.0,0.0,0.1183,76.0,7.0,0.0,0.0,7.0,4943.0,19.0,22.0,0.0,810.0,0.0,6.59,1.16,13.48
2016/06/24,23.1,23.1,22.55,22.6,438.0,9983.0,-1.7391,0.2204,167.0,-5.0,0.0,-2.0,-7.0,4883.0,37.0,97.0,0.0,810.0,0.0,6.48,1.14,13.72
2016/06/27,22.45,22.85,22.4,22.85,208.0,4718.0,1.1062,0.1047,90.0,28.0,0.0,-1.0,27.0,4860.0,40.0,63.0,0.0,810.0,0.0,6.55,1.15,13.57
2016/06/28,22.8,22.9,22.65,22.85,193.0,4406.0,0.0,0.0971,92.0,-11.0,0.0,0.0,-11.0,4843.0,11.0,28.0,0.0,700.0,0.0,6.55,1.15,13.57
2016/06/29,23.0,23.15,22.95,23.1,520.0,11992.0,1.0941,0.2617,203.0,64.0,0.0,0.0,64.0,4902.0,107.0,48.0,0.0,614.0,37.0,6.62,1.16,13.42
2016/06/30,23.25,23.25,23.0,23.2,249.0,5776.0,0.4329,0.1251,117.0,7.0,0.0,0.0,7.0,4925.0,52.0,29.0,0.0,629.0,15.0,6.65,1.17,13.36
2016/07/01,23.3,23.3,23.1,23.15,190.0,4404.0,-0.2155,0.0955,94.0,25.0,0.0,-1.0,24.0,4868.0,1.0,58.0,0.0,612.0,0.0,6.63,1.16,13.39
2016/07/04,23.25,23.25,23.1,23.25,205.0,4770.0,0.432,0.103,97.0,20.0,0.0,0.0,20.0,4872.0,33.0,29.0,0.0,613.0,9.0,6.66,1.17,13.33
2016/07/05,23.2,23.35,23.15,23.25,250.0,5817.0,0.0,0.1256,117.0,30.0,0.0,-2.0,28.0,4895.0,54.0,31.0,0.0,559.0,5.0,6.66,1.17,13.33
2016/07/06,23.3,23.3,23.05,23.15,269.0,6237.0,-0.4301,0.1351,90.0,-8.0,0.0,0.0,-8.0,4885.0,15.0,25.0,0.0,551.0,12.0,6.63,1.16,13.39
2016/07/07,23.2,23.3,23.15,23.2,193.0,4491.0,0.216,0.097,73.0,6.0,0.0,0.0,6.0,4892.0,25.0,17.0,0.0,541.0,1.0,6.65,1.17,13.36
2016/07/11,23.3,23.4,23.15,23.25,253.0,5888.0,0.2155,0.1271,93.0,-3.0,0.0,-1.0,-4.0,4888.0,13.0,17.0,0.0,514.0,2.0,6.66,1.17,13.33
2016/07/12,23.2,23.3,23.1,23.3,123.0,2874.0,0.2151,0.0618,58.0,-1.0,0.0,0.0,-1.0,4862.0,2.0,28.0,0.0,531.0,17.0,6.68,1.17,13.3
2016/07/13,23.3,23.3,23.15,23.25,231.0,5385.0,-0.2146,0.116,110.0,-8.0,0.0,0.0,-8.0,4827.0,6.0,41.0,0.0,546.0,15.0,6.66,1.17,13.33
2016/07/14,23.25,23.3,23.15,23.2,321.0,7455.0,-0.2151,0.1613,82.0,3.0,0.0,0.0,3.0,4724.0,23.0,126.0,0.0,546.0,0.0,6.65,1.17,13.36
2016/07/15,23.2,23.3,23.15,23.25,256.0,5955.0,0.2155,0.1286,87.0,1.0,0.0,0.0,1.0,4721.0,33.0,36.0,0.0,546.0,0.0,6.66,1.17,13.33
2016/07/18,23.05,23.3,23.05,23.25,290.0,6736.0,0.0,0.1457,110.0,59.0,0.0,0.0,59.0,4679.0,21.0,63.0,0.0,547.0,24.0,6.66,1.17,13.33
2016/07/19,23.3,23.3,23.15,23.15,208.0,4829.0,-0.4301,0.1045,75.0,1.0,0.0,2.0,3.0,4684.0,18.0,13.0,0.0,615.0,68.0,6.63,1.16,13.39
2016/07/20,23.25,23.25,23.15,23.2,260.0,6030.0,0.216,0.1306,91.0,5.0,0.0,1.0,6.0,4645.0,2.0,41.0,0.0,679.0,64.0,6.65,1.17,13.36
2016/07/21,23.25,23.3,23.2,23.25,355.0,8265.0,0.2155,0.1783,104.0,1.0,0.0,7.0,8.0,4686.0,134.0,93.0,5.0,635.0,11.0,6.66,1.17,13.33
2016/07/22,23.25,23.3,23.2,23.25,338.0,7864.0,0.0,0.1698,97.0,12.0,0.0,0.0,12.0,4686.0,21.0,21.0,6.0,581.0,0.0,6.66,1.17,13.33
2016/07/25,23.3,23.3,23.15,23.25,211.0,4904.0,0.0,0.106,75.0,-1.0,0.0,1.0,0.0,4694.0,10.0,2.0,0.0,575.0,24.0,6.66,1.17,13.33
2016/07/26,23.35,23.4,23.3,23.35,435.0,10164.0,0.4301,0.2185,182.0,-10.0,0.0,0.0,-10.0,4764.0,86.0,16.0,0.0,545.0,0.0,6.69,1.17,13.28
2016/07/27,23.4,24.8,23.4,24.1,1224.0,29439.0,3.212,0.6149,611.0,26.0,0.0,1.0,27.0,4897.0,252.0,119.0,17.0,665.0,137.0,6.91,1.21,12.86
2016/07/28,24.65,24.65,24.1,24.2,667.0,16218.0,0.4149,0.3351,333.0,69.0,0.0,0.0,69.0,4826.0,66.0,137.0,0.0,681.0,22.0,6.93,1.22,12.81
2016/07/29,24.3,24.35,24.2,24.25,262.0,6364.0,0.2066,0.1309,149.0,11.0,0.0,0.0,11.0,4814.0,34.0,46.0,0.0,644.0,0.0,6.95,1.22,12.78
2016/08/01,24.5,24.6,24.25,24.35,228.0,5568.0,0.4124,0.1139,141.0,-7.0,0.0,0.0,-7.0,4786.0,16.0,44.0,0.0,522.0,0.0,6.98,1.22,12.73
2016/08/02,24.35,24.9,24.35,24.8,688.0,17009.0,1.848,0.3438,244.0,-133.0,0.0,0.0,-133.0,4864.0,138.0,60.0,0.0,522.0,0.0,7.11,1.25,12.5
2016/08/03,24.85,24.85,24.4,24.65,556.0,13695.0,-0.6048,0.2779,204.0,-181.0,0.0,-2.0,-183.0,4901.0,88.0,51.0,0.0,522.0,0.0,7.06,1.24,12.58
2016/08/04,24.95,24.95,24.8,24.95,541.0,13494.0,1.217,0.2704,227.0,-226.0,0.0,-3.0,-229.0,4939.0,100.0,62.0,0.0,522.0,0.0,7.15,1.25,12.34
2016/08/05,25.0,25.1,24.5,24.5,1043.0,25897.0,-1.8036,0.5212,431.0,-121.0,0.0,1.0,-120.0,5073.0,205.0,71.0,0.0,522.0,0.0,7.02,1.23,12.57
2016/08/08,24.7,24.85,24.35,24.4,862.0,21197.0,-0.4082,0.4308,337.0,-184.0,0.0,0.0,-184.0,5113.0,74.0,34.0,113.0,409.0,0.0,6.99,1.23,12.62
2016/08/09,24.55,24.55,24.0,24.3,504.0,12233.0,-0.4098,0.2519,233.0,-67.0,0.0,0.0,-67.0,5144.0,65.0,34.0,0.0,409.0,0.0,6.96,1.22,12.67
2016/08/10,24.75,24.75,24.2,24.3,708.0,17306.0,0.0,0.3538,242.0,-176.0,0.0,0.0,-176.0,5339.0,263.0,68.0,0.0,409.0,0.0,6.23,1.38,12.67
2016/08/11,24.55,24.55,24.25,24.4,540.0,13187.0,0.4115,0.2699,218.0,-226.0,0.0,-1.0,-227.0,5328.0,44.0,55.0,9.0,400.0,0.0,6.26,1.39,12.62
2016/08/12,24.5,24.75,24.4,24.7,1066.0,26140.0,1.2295,0.5327,272.0,-371.0,0.0,0.0,-371.0,5199.0,104.0,233.0,1.0,0.0,0.0,6.33,1.41,12.47
2016/08/15,24.8,25.0,24.7,24.7,1698.0,42205.0,0.0,0.8486,477.0,-257.0,0.0,0.0,-257.0,5235.0,75.0,39.0,0.0,0.0,0.0,6.33,1.41,12.47
2016/08/16,24.8,24.8,24.2,24.4,911.0,22278.0,-1.2146,0.4553,416.0,-137.0,0.0,-1.0,-138.0,5132.0,80.0,183.0,0.0,0.0,0.0,6.26,1.39,12.62
2016/08/17,24.45,24.5,24.1,24.4,1878.0,45684.0,0.0,0.9385,623.0,-279.0,0.0,68.0,-211.0,5008.0,71.0,33.0,0.0,0.0,0.0,6.26,1.39,12.62
2016/08/18,21.4,21.4,20.75,21.0,1836.0,38858.0,-0.8723,0.9065,478.0,748.0,0.0,-69.0,679.0,5108.0,151.0,51.0,0.0,170.0,170.0,5.38,1.2,14.67
2016/08/19,21.0,21.0,20.5,20.6,595.0,12319.0,-1.9048,0.2938,252.0,-58.0,0.0,1.0,-57.0,5146.0,105.0,67.0,3.0,252.0,85.0,5.28,1.17,14.95
2016/08/22,20.6,20.6,20.05,20.35,572.0,11602.0,-1.2136,0.2824,220.0,-10.0,0.0,0.0,-10.0,5163.0,47.0,28.0,2.0,317.0,67.0,5.22,1.16,15.14
2016/08/23,20.35,20.35,20.25,20.3,240.0,4880.0,-0.2457,0.1185,102.0,60.0,0.0,0.0,60.0,5128.0,2.0,37.0,2.0,350.0,41.0,5.21,1.16,15.17
2016/08/24,20.3,20.55,20.2,20.45,170.0,3476.0,0.7389,0.0839,91.0,21.0,0.0,0.0,21.0,5123.0,26.0,16.0,1.0,361.0,12.0,5.24,1.16,15.06
2016/08/25,20.45,20.5,20.3,20.4,101.0,2066.0,-0.2445,0.0499,63.0,10.0,0.0,-4.0,6.0,5142.0,25.0,6.0,0.0,364.0,3.0,5.23,1.16,15.1
2016/08/26,20.5,20.5,20.3,20.5,228.0,4674.0,0.4902,0.1126,94.0,34.0,0.0,-1.0,33.0,5162.0,26.0,6.0,0.0,295.0,0.0,5.26,1.17,15.02
2016/08/29,20.4,20.4,20.2,20.25,478.0,9707.0,-1.2195,0.236,146.0,209.0,0.0,-1.0,208.0,5148.0,10.0,24.0,0.0,302.0,7.0,5.19,1.15,15.21
2016/08/30,20.25,20.85,20.25,20.8,216.0,4411.0,2.716,0.1067,95.0,95.0,0.0,0.0,95.0,5148.0,7.0,6.0,0.0,312.0,10.0,5.33,1.18,14.81
2016/08/31,20.8,20.85,20.5,20.6,166.0,3442.0,-0.9615,0.0818,100.0,-23.0,0.0,-2.0,-25.0,5167.0,33.0,14.0,1.0,312.0,1.0,5.28,1.17,14.95
2016/09/01,20.6,20.6,20.3,20.3,95.0,1943.0,-1.4563,0.0468,66.0,10.0,0.0,3.0,13.0,5163.0,9.0,12.0,0.0,312.0,0.0,5.21,1.16,15.17
2016/09/02,20.4,20.55,20.25,20.35,184.0,3748.0,0.2463,0.0907,82.0,68.0,0.0,0.0,68.0,5163.0,13.0,13.0,0.0,312.0,0.0,5.22,1.16,15.14
2016/09/05,20.35,20.6,20.2,20.4,137.0,2794.0,0.2457,0.0675,51.0,23.0,0.0,0.0,23.0,5170.0,9.0,2.0,0.0,313.0,1.0,5.23,1.16,15.1
2016/09/06,20.4,20.55,20.3,20.35,122.0,2498.0,-0.2451,0.0601,54.0,26.0,0.0,-1.0,25.0,5175.0,9.0,4.0,0.0,313.0,0.0,5.22,1.16,15.14
2016/09/07,20.35,20.45,20.3,20.3,145.0,2969.0,-0.2457,0.0715,81.0,39.0,0.0,-4.0,35.0,5164.0,9.0,20.0,0.0,319.0,6.0,5.21,1.16,15.17
2016/09/08,20.3,20.5,20.3,20.35,80.0,1632.0,0.2463,0.0394,49.0,8.0,0.0,0.0,8.0,5151.0,5.0,14.0,0.0,319.0,0.0,5.22,1.16,15.14
2016/09/09,20.3,20.5,20.3,20.35,84.0,1709.0,0.0,0.0414,49.0,33.0,0.0,0.0,33.0,5164.0,16.0,1.0,0.0,319.0,0.0,5.22,1.16,15.14
2016/09/10,20.25,20.3,20.2,20.25,98.0,1986.0,-0.4914,0.0483,63.0,69.0,0.0,-2.0,67.0,5124.0,2.0,42.0,0.0,319.0,0.0,5.19,1.15,15.21
2016/09/12,20.2,20.5,20.2,20.35,156.0,3182.0,0.4938,0.0769,73.0,33.0,0.0,0.0,33.0,5095.0,6.0,33.0,0.0,319.0,0.0,5.22,1.16,15.14
2016/09/13,20.35,20.4,20.25,20.35,109.0,2228.0,0.0,0.0537,50.0,33.0,0.0,0.0,33.0,5072.0,2.0,19.0,0.0,319.0,0.0,5.22,1.16,15.14
2016/09/14,20.3,20.55,20.25,20.4,147.0,3005.0,0.2457,0.0725,79.0,52.0,0.0,0.0,52.0,5063.0,4.0,13.0,0.0,319.0,0.0,5.23,1.16,15.1
2016/09/19,20.4,20.6,20.4,20.55,160.0,3289.0,0.7353,0.0789,81.0,4.0,0.0,-4.0,0.0,5064.0,43.0,42.0,0.0,319.0,0.0,5.27,1.17,14.99
2016/09/20,20.6,20.65,20.4,20.4,129.0,2651.0,-0.7299,0.0636,88.0,6.0,0.0,0.0,6.0,5025.0,14.0,53.0,0.0,319.0,0.0,5.23,1.16,15.1
2016/09/21,20.6,20.85,20.4,20.8,169.0,3506.0,1.9608,0.0833,132.0,67.0,0.0,-4.0,63.0,4995.0,7.0,32.0,0.0,322.0,3.0,5.33,1.18,14.81
2016/09/22,20.8,20.8,20.55,20.7,96.0,1996.0,-0.4808,0.0473,69.0,-5.0,0.0,0.0,-5.0,4991.0,14.0,5.0,0.0,322.0,0.0,5.31,1.18,14.88
2016/09/23,20.7,20.7,20.5,20.55,32.0,673.0,-0.7246,0.0158,44.0,-6.0,0.0,0.0,-6.0,4991.0,2.0,2.0,0.0,292.0,0.0,5.27,1.17,14.99
2016/09/26,20.55,20.6,20.35,20.35,59.0,1212.0,-0.9732,0.0291,40.0,2.0,0.0,0.0,2.0,4918.0,4.0,16.0,0.0,292.0,0.0,5.22,1.16,15.14
2016/09/29,20.5,20.5,20.35,20.35,79.0,1621.0,0.0,0.0389,53.0,10.0,0.0,0.0,10.0,4897.0,3.0,24.0,0.0,292.0,0.0,5.22,1.16,15.14
2016/09/30,20.6,20.6,20.25,20.3,265.0,5407.0,-0.2457,0.1306,99.0,53.0,0.0,-7.0,46.0,4892.0,8.0,13.0,0.0,292.0,0.0,5.21,1.16,15.17
2016/10/03,20.3,20.5,20.15,20.25,165.0,3346.0,-0.2463,0.0813,69.0,-4.0,0.0,-3.0,-7.0,4888.0,1.0,5.0,0.0,292.0,0.0,5.19,1.15,15.21
2016/10/04,20.25,20.35,20.2,20.25,117.0,2383.0,0.0,0.0577,66.0,14.0,0.0,0.0,14.0,4896.0,14.0,6.0,0.0,292.0,0.0,5.19,1.15,15.21
2016/10/05,20.25,20.35,20.25,20.3,104.0,2112.0,0.2469,0.0513,51.0,-1.0,0.0,0.0,-1.0,4893.0,3.0,6.0,0.0,292.0,0.0,5.21,1.16,15.17
2016/10/06,20.25,20.35,20.2,20.3,160.0,3253.0,0.0,0.0789,81.0,7.0,0.0,0.0,7.0,4820.0,8.0,11.0,0.0,292.0,0.0,5.21,1.16,15.17
2016/10/07,20.25,20.35,20.25,20.35,90.0,1828.0,0.2463,0.0444,49.0,-18.0,0.0,0.0,-18.0,4815.0,0.0,5.0,0.0,292.0,0.0,5.22,1.16,15.14
2016/10/11,20.5,20.5,20.2,20.25,330.0,6696.0,-0.4914,0.1626,120.0,1.0,0.0,1.0,2.0,4621.0,20.0,214.0,0.0,292.0,0.0,5.19,1.15,15.21
2016/10/12,20.2,20.25,20.1,20.2,174.0,3527.0,-0.2469,0.0858,58.0,0.0,0.0,5.0,5.0,4586.0,3.0,1.0,0.0,292.0,0.0,5.18,1.15,15.25
2016/10/13,20.2,20.3,20.1,20.15,414.0,8338.0,-0.2475,0.204,72.0,2.0,0.0,0.0,2.0,4535.0,2.0,53.0,0.0,292.0,0.0,5.17,1.15,15.29
2016/10/14,20.15,20.25,20.1,20.15,90.0,1832.0,0.0,0.0444,54.0,-3.0,0.0,8.0,5.0,4544.0,11.0,2.0,0.0,292.0,0.0,5.17,1.15,15.29
2016/10/17,20.15,20.15,19.95,19.95,219.0,4403.0,-0.9926,0.1079,102.0,-2.0,0.0,0.0,-2.0,4544.0,18.0,18.0,0.0,292.0,0.0,5.12,1.14,15.44
2016/10/18,19.95,19.95,19.75,19.75,541.0,10718.0,-1.0025,0.2666,166.0,-8.0,0.0,-2.0,-10.0,4509.0,9.0,44.0,0.0,292.0,0.0,5.06,1.12,15.59
2016/10/19,19.55,19.7,19.55,19.55,580.0,11366.0,-1.0127,0.2859,180.0,-9.0,0.0,-3.0,-12.0,4547.0,43.0,5.0,0.0,293.0,1.0,5.01,1.11,15.75
2016/10/20,19.5,20.0,19.5,19.95,344.0,6745.0,2.046,0.1695,149.0,10.0,22.0,-4.0,28.0,4578.0,34.0,3.0,0.0,293.0,0.0,5.12,1.14,15.44
2016/10/21,19.9,19.95,19.8,19.85,108.0,2155.0,-0.5013,0.0532,81.0,2.0,22.0,-4.0,20.0,4604.0,28.0,2.0,0.0,293.0,0.0,5.09,1.13,15.52
2016/10/24,19.95,20.05,19.95,19.95,140.0,2803.0,0.5038,0.069,69.0,8.0,0.0,0.0,8.0,4615.0,38.0,27.0,0.0,293.0,0.0,5.12,1.14,15.44
2016/10/25,20.05,20.05,19.85,19.9,113.0,2258.0,-0.2506,0.0557,52.0,14.0,0.0,0.0,14.0,4583.0,6.0,38.0,0.0,293.0,0.0,5.1,1.13,15.48
2016/10/26,19.9,19.9,19.8,19.9,81.0,1609.0,0.0,0.0399,39.0,12.0,0.0,0.0,12.0,4580.0,0.0,3.0,0.0,293.0,0.0,5.1,1.13,15.48
2016/10/27,19.9,19.9,19.75,19.9,61.0,1215.0,0.0,0.0301,40.0,-1.0,0.0,0.0,-1.0,4566.0,0.0,14.0,0.0,293.0,0.0,5.1,1.13,15.48
2016/10/28,19.9,19.9,19.75,19.8,87.0,1728.0,-0.5025,0.0429,39.0,-9.0,0.0,0.0,-9.0,4561.0,0.0,2.0,0.0,293.0,0.0,5.08,1.13,15.56
2016/10/31,19.8,19.9,19.75,19.85,30.0,598.0,0.2525,0.0148,29.0,-5.0,0.0,2.0,-3.0,4561.0,2.0,2.0,1.0,292.0,0.0,5.09,1.13,15.52
2016/11/01,19.8,19.9,19.8,19.85,33.0,656.0,0.0,0.0163,22.0,-3.0,0.0,1.0,-2.0,4554.0,0.0,6.0,0.0,292.0,0.0,5.09,1.13,15.52
2016/11/02,19.9,20.0,19.75,19.8,121.0,2410.0,-0.2519,0.0596,74.0,-17.0,0.0,17.0,0.0,4545.0,2.0,11.0,0.0,298.0,6.0,5.08,1.13,15.56
2016/11/03,19.75,19.8,19.55,19.7,182.0,3585.0,-0.5051,0.0896,62.0,2.0,0.0,7.0,9.0,4480.0,1.0,66.0,0.0,301.0,3.0,5.05,1.12,15.63
2016/11/04,19.7,19.75,19.65,19.7,130.0,2559.0,0.0,0.064,36.0,0.0,0.0,0.0,0.0,4400.0,4.0,84.0,0.0,301.0,0.0,5.05,1.12,15.63
2016/11/07,19.65,19.85,19.65,19.85,80.0,1592.0,0.7614,0.0394,30.0,10.0,0.0,1.0,11.0,4362.0,2.0,40.0,0.0,301.0,0.0,5.09,1.13,15.52
2016/11/08,19.6,19.7,19.6,19.7,138.0,2716.0,-0.7557,0.068,30.0,0.0,0.0,0.0,0.0,4362.0,0.0,0.0,0.0,301.0,0.0,4.9,1.12,15.63
2016/11/09,19.6,19.65,19.25,19.25,298.0,5788.0,-2.2843,0.1468,128.0,-21.0,0.0,-29.0,-50.0,4349.0,5.0,18.0,0.0,301.0,0.0,4.79,1.1,16.0
2016/11/10,19.25,19.5,19.25,19.45,93.0,1811.0,1.039,0.0458,51.0,-2.0,0.0,-3.0,-5.0,4304.0,3.0,8.0,0.0,301.0,0.0,4.84,1.11,15.84
2016/11/11,19.55,19.55,19.35,19.4,48.0,947.0,-0.2571,0.0236,23.0,-2.0,0.0,0.0,-2.0,4307.0,4.0,1.0,0.0,301.0,0.0,4.83,1.11,15.88
2016/11/14,19.4,19.5,19.35,19.35,65.0,1279.0,-0.2577,0.032,39.0,-1.0,0.0,1.0,0.0,4307.0,0.0,0.0,0.0,301.0,0.0,4.81,1.1,15.92
2016/11/15,19.3,19.65,19.3,19.5,74.0,1444.0,0.7752,0.0364,50.0,7.0,0.0,0.0,7.0,4311.0,9.0,0.0,0.0,301.0,0.0,4.85,1.11,15.79
2016/11/16,19.5,19.6,19.4,19.6,125.0,2433.0,0.5128,0.0616,57.0,9.0,0.0,-3.0,6.0,4344.0,40.0,7.0,0.0,301.0,0.0,4.88,1.12,15.71
2016/11/17,19.55,19.6,19.5,19.6,61.0,1200.0,0.0,0.03,37.0,-4.0,0.0,-1.0,-5.0,4346.0,10.0,7.0,0.0,301.0,0.0,4.88,1.12,15.71
2016/11/18,19.6,19.6,19.5,19.55,75.0,1474.0,-0.2551,0.0369,40.0,0.0,0.0,0.0,0.0,4347.0,1.0,0.0,1.0,300.0,0.0,4.86,1.12,15.75
2016/11/21,19.55,19.55,19.5,19.5,90.0,1757.0,-0.2558,0.0443,37.0,3.0,0.0,0.0,3.0,4350.0,3.0,0.0,0.0,300.0,0.0,4.85,1.11,15.79
2016/11/22,19.6,19.7,19.55,19.65,50.0,994.0,0.7692,0.0246,28.0,0.0,0.0,1.0,1.0,4371.0,26.0,5.0,0.0,300.0,0.0,4.89,1.12,15.67
2016/11/23,19.65,19.65,19.35,19.5,167.0,3262.0,-0.7634,0.0823,62.0,-1.0,0.0,1.0,0.0,4191.0,5.0,0.0,4.0,296.0,0.0,4.85,1.11,15.79
2016/11/24,19.65,19.65,19.45,19.45,52.0,1022.0,-0.2564,0.0256,24.0,5.0,0.0,0.0,5.0,4183.0,2.0,10.0,0.0,296.0,0.0,4.84,1.11,15.84
2016/11/25,19.5,19.5,19.4,19.45,71.0,1389.0,0.0,0.035,24.0,0.0,0.0,0.0,0.0,4181.0,0.0,2.0,0.0,296.0,0.0,4.84,1.11,15.84
2016/11/28,19.5,19.55,19.45,19.45,87.0,1707.0,0.0,0.0429,44.0,4.0,0.0,1.0,5.0,3996.0,16.0,12.0,0.0,296.0,0.0,4.84,1.11,15.84
2016/11/29,19.55,19.65,19.45,19.55,102.0,2008.0,0.5141,0.0502,62.0,4.0,0.0,0.0,4.0,4009.0,13.0,0.0,0.0,296.0,0.0,4.86,1.12,15.75
2016/11/30,19.55,20.2,19.55,19.8,175.0,3489.0,1.2788,0.0861,117.0,12.0,0.0,-1.0,11.0,4068.0,77.0,18.0,0.0,311.0,15.0,4.93,1.13,15.56
2016/12/01,20.0,20.0,19.6,19.6,69.0,1377.0,-1.0101,0.0339,49.0,4.0,0.0,0.0,4.0,4077.0,18.0,9.0,0.0,311.0,0.0,4.88,1.12,15.71
2016/12/02,19.6,20.1,19.6,20.05,171.0,3423.0,2.2959,0.0841,107.0,2.0,0.0,-4.0,-2.0,4147.0,89.0,19.0,0.0,297.0,1.0,4.99,1.14,15.36
2016/12/05,20.1,20.1,19.85,19.85,35.0,708.0,-0.9975,0.0172,29.0,0.0,0.0,0.0,0.0,4154.0,12.0,3.0,1.0,296.0,0.0,4.94,1.13,15.52
2016/12/06,20.0,20.0,19.75,19.75,48.0,961.0,-0.5038,0.0236,38.0,3.0,0.0,2.0,5.0,4161.0,23.0,16.0,0.0,296.0,0.0,4.91,1.13,15.59
2016/12/07,19.75,19.8,19.65,19.8,64.0,1264.0,0.2532,0.0315,31.0,2.0,0.0,0.0,2.0,4143.0,1.0,19.0,0.0,296.0,0.0,4.93,1.13,15.56
2016/12/08,19.9,19.9,19.65,19.8,39.0,778.0,0.0,0.0192,35.0,-3.0,0.0,0.0,-3.0,4144.0,3.0,1.0,0.0,296.0,0.0,4.93,1.13,15.56
2016/12/09,19.8,19.8,19.65,19.8,24.0,485.0,0.0,0.0118,23.0,0.0,0.0,0.0,0.0,4147.0,6.0,3.0,0.0,296.0,0.0,4.93,1.13,15.56
2016/12/12,19.8,19.8,19.5,19.75,155.0,3047.0,-0.2525,0.0763,63.0,6.0,0.0,7.0,13.0,4158.0,15.0,4.0,0.0,296.0,0.0,4.91,1.13,15.59
2016/12/13,19.7,19.7,19.6,19.7,90.0,1769.0,-0.2532,0.0443,43.0,0.0,0.0,0.0,0.0,4180.0,22.0,0.0,0.0,296.0,0.0,4.9,1.12,15.63
2016/12/14,19.7,19.75,19.65,19.65,79.0,1573.0,-0.2538,0.0389,42.0,-9.0,0.0,0.0,-9.0,4192.0,24.0,12.0,0.0,296.0,0.0,4.89,1.12,15.67
2016/12/15,19.65,19.75,19.6,19.75,82.0,1622.0,0.5089,0.0403,36.0,-1.0,0.0,1.0,0.0,4162.0,4.0,34.0,0.0,296.0,0.0,4.91,1.13,15.59
2016/12/16,19.7,19.7,19.55,19.6,72.0,1427.0,-0.7595,0.0354,48.0,2.0,0.0,11.0,13.0,4149.0,5.0,13.0,0.0,296.0,0.0,4.88,1.12,15.71
2016/12/19,19.4,19.7,19.4,19.7,311.0,6093.0,0.5102,0.153,38.0,0.0,0.0,0.0,0.0,4156.0,8.0,1.0,0.0,296.0,0.0,4.9,1.12,15.63
2016/12/20,19.7,19.7,19.5,19.7,53.0,1041.0,0.0,0.0261,36.0,2.0,0.0,5.0,7.0,4146.0,9.0,7.0,0.0,296.0,0.0,4.9,1.12,15.63
2016/12/21,19.7,19.7,19.55,19.55,57.0,1125.0,-0.7614,0.028,47.0,-12.0,0.0,7.0,-5.0,4151.0,9.0,4.0,0.0,302.0,6.0,4.86,1.12,15.75
2016/12/22,19.45,19.5,19.35,19.35,78.0,1531.0,-1.023,0.0384,44.0,-3.0,0.0,1.0,-2.0,4140.0,3.0,14.0,0.0,302.0,0.0,4.81,1.1,15.92
2016/12/23,19.35,19.45,19.35,19.45,46.0,907.0,0.5168,0.0226,29.0,-7.0,0.0,1.0,-6.0,4146.0,10.0,4.0,0.0,302.0,0.0,4.84,1.11,15.84
2016/12/26,19.5,19.5,19.35,19.35,40.0,775.0,-0.5141,0.0197,25.0,0.0,0.0,0.0,0.0,4149.0,3.0,0.0,0.0,314.0,12.0,4.81,1.1,15.92
2016/12/27,19.45,19.45,19.35,19.45,62.0,1211.0,0.5168,0.0305,29.0,0.0,0.0,0.0,0.0,4161.0,12.0,0.0,0.0,314.0,0.0,4.84,1.11,15.84
2016/12/28,19.45,19.45,19.2,19.4,147.0,2851.0,-0.2571,0.0723,41.0,17.0,0.0,0.0,17.0,4173.0,12.0,0.0,0.0,314.0,0.0,4.83,1.11,15.88
2016/12/29,19.45,19.45,19.25,19.4,32.0,620.0,0.0,0.0157,23.0,1.0,0.0,-1.0,0.0,4171.0,1.0,3.0,0.0,314.0,0.0,4.83,1.11,15.88
2016/12/30,19.4,20.5,19.4,19.5,159.0,3151.0,0.5155,0.0781,107.0,-5.0,0.0,0.0,-5.0,4230.0,91.0,30.0,0.0,314.0,0.0,4.85,1.11,15.79
2017/01/03,19.5,19.65,19.4,19.5,46.0,906.0,0.0,0.0226,39.0,-7.0,0.0,0.0,-7.0,4257.0,29.0,2.0,0.0,314.0,0.0,4.85,1.11,15.79
2017/01/04,19.5,20.0,19.45,19.8,183.0,3617.0,1.5385,0.0899,69.0,-11.0,0.0,0.0,-11.0,4227.0,16.0,46.0,0.0,344.0,30.0,4.93,1.13,15.56
2017/01/05,19.8,20.0,19.75,19.9,182.0,3622.0,0.5051,0.0894,68.0,-2.0,1.0,0.0,-1.0,4193.0,19.0,49.0,0.0,349.0,5.0,4.95,1.14,15.48
2017/01/06,19.9,19.95,19.7,19.9,67.0,1337.0,0.0,0.0329,37.0,3.0,-5.0,0.0,-2.0,4192.0,1.0,2.0,0.0,319.0,0.0,4.95,1.14,15.48
2017/01/09,19.9,19.95,19.75,19.8,123.0,2448.0,-0.5025,0.0604,43.0,-6.0,0.0,0.0,-6.0,4149.0,12.0,55.0,0.0,314.0,0.0,4.93,1.13,15.56
2017/01/10,19.85,20.0,19.75,19.9,145.0,2877.0,0.5051,0.0712,53.0,0.0,0.0,0.0,0.0,4081.0,19.0,85.0,0.0,314.0,0.0,4.95,1.14,15.48
2017/01/11,19.85,19.9,19.8,19.85,84.0,1669.0,-0.2513,0.0413,42.0,0.0,0.0,0.0,0.0,4053.0,2.0,30.0,0.0,314.0,0.0,4.94,1.13,15.52
2017/01/12,19.85,19.95,19.8,19.8,127.0,2544.0,-0.2519,0.0624,47.0,0.0,0.0,0.0,0.0,3988.0,2.0,67.0,0.0,314.0,0.0,4.93,1.13,15.56
2017/01/13,19.8,20.0,19.75,19.85,155.0,3086.0,0.2525,0.0762,55.0,-5.0,0.0,0.0,-5.0,3913.0,1.0,76.0,4.0,310.0,0.0,4.94,1.13,15.52
2017/01/16,19.8,19.85,19.75,19.85,140.0,2788.0,0.0,0.0688,36.0,-1.0,0.0,0.0,-1.0,3838.0,0.0,75.0,6.0,304.0,0.0,4.94,1.13,15.52
2017/01/17,19.8,19.85,19.75,19.75,67.0,1334.0,-0.5038,0.0329,37.0,0.0,0.0,0.0,0.0,3808.0,3.0,33.0,0.0,304.0,0.0,4.91,1.13,15.59
2017/01/18,19.8,19.85,19.75,19.85,155.0,3078.0,0.5063,0.0762,79.0,20.0,0.0,0.0,20.0,3716.0,0.0,92.0,0.0,304.0,0.0,4.94,1.13,15.52
2017/01/19,19.85,19.85,19.7,19.8,134.0,2667.0,-0.2519,0.0658,54.0,-12.0,0.0,-1.0,-13.0,3634.0,0.0,82.0,0.0,304.0,0.0,4.93,1.13,15.56
2017/01/20,19.8,19.8,19.2,19.7,233.0,4565.0,-0.5051,0.1145,90.0,-5.0,0.0,0.0,-5.0,3516.0,1.0,119.0,0.0,304.0,0.0,4.9,1.12,15.63
2017/01/23,19.7,19.7,19.45,19.6,165.0,3235.0,-0.5076,0.0811,59.0,-5.0,0.0,0.0,-5.0,3466.0,0.0,48.0,0.0,304.0,0.0,4.88,1.12,15.71
2017/01/24,19.6,19.8,19.5,19.8,287.0,5627.0,1.0204,0.1408,75.0,1.0,0.0,0.0,1.0,3075.0,14.0,210.0,0.0,304.0,0.0,4.93,1.13,15.56
2017/02/02,19.8,20.0,19.7,19.85,98.0,1944.0,0.2525,0.0481,49.0,-13.0,0.0,0.0,-13.0,3067.0,3.0,1.0,0.0,304.0,0.0,4.94,1.13,15.52
2017/02/03,19.95,20.0,19.75,20.0,68.0,1372.0,0.7557,0.0334,49.0,-1.0,4.0,0.0,3.0,3066.0,0.0,1.0,0.0,304.0,0.0,4.98,1.14,15.4
2017/02/06,20.0,21.3,20.0,20.8,526.0,10925.0,4.0,0.2581,283.0,12.0,0.0,0.0,12.0,3120.0,86.0,32.0,0.0,304.0,0.0,5.17,1.19,14.81
2017/02/07,20.8,20.8,20.6,20.65,112.0,2316.0,-0.7212,0.055,75.0,-4.0,0.0,1.0,-3.0,3135.0,26.0,11.0,0.0,310.0,6.0,5.14,1.18,14.92
2017/02/08,20.6,21.0,20.6,20.7,164.0,3421.0,0.2421,0.0805,91.0,-23.0,0.0,-2.0,-25.0,3102.0,9.0,41.0,0.0,310.0,0.0,5.15,1.18,14.88
2017/02/09,20.7,20.85,20.6,20.8,113.0,2351.0,0.4831,0.0554,68.0,-12.0,0.0,0.0,-12.0,3121.0,29.0,10.0,0.0,310.0,0.0,5.17,1.19,14.81
2017/02/10,20.8,20.9,20.65,20.75,114.0,2380.0,-0.2404,0.0559,64.0,-7.0,0.0,0.0,-7.0,3117.0,5.0,9.0,0.0,310.0,0.0,5.16,1.18,14.84
2017/02/13,20.8,20.9,20.75,20.9,222.0,4619.0,0.7229,0.1089,76.0,0.0,0.0,0.0,0.0,3099.0,1.0,19.0,1.0,303.0,0.0,5.2,1.19,14.74
2017/02/14,21.2,21.2,20.9,20.95,272.0,5727.0,0.2392,0.1335,117.0,0.0,0.0,-1.0,-1.0,3217.0,119.0,1.0,0.0,303.0,0.0,5.21,1.2,14.7
2017/02/15,21.15,21.2,21.0,21.05,197.0,4174.0,0.4773,0.0967,109.0,14.0,0.0,0.0,14.0,3217.0,25.0,25.0,0.0,303.0,0.0,5.24,1.2,14.63
2017/02/16,21.05,21.3,21.0,21.1,204.0,4311.0,0.2375,0.1001,83.0,0.0,0.0,0.0,0.0,3259.0,55.0,13.0,0.0,303.0,0.0,5.25,1.2,14.6
2017/02/17,21.35,23.15,21.3,23.0,1411.0,31999.0,9.0047,0.6923,661.0,20.0,0.0,200.0,220.0,3597.0,446.0,108.0,0.0,322.0,19.0,5.72,1.31,13.39
2017/02/18,22.95,23.0,22.6,22.75,396.0,9063.0,-1.087,0.1943,215.0,0.0,0.0,0.0,0.0,3571.0,91.0,117.0,0.0,322.0,0.0,5.66,1.3,13.54
2017/02/20,22.8,23.5,22.8,23.4,878.0,20427.0,2.8571,0.4308,383.0,-13.0,0.0,0.0,-13.0,3706.0,285.0,150.0,0.0,327.0,5.0,5.82,1.34,13.16
2017/02/21,23.5,23.65,22.85,23.45,492.0,11493.0,0.2137,0.2414,207.0,-3.0,0.0,1.0,-2.0,3716.0,229.0,219.0,0.0,333.0,6.0,5.83,1.34,13.13
2017/02/22,23.45,23.45,22.85,23.05,237.0,5499.0,-1.7058,0.1163,131.0,29.0,0.0,1.0,30.0,3735.0,36.0,17.0,0.0,409.0,95.0,5.73,1.32,13.36
2017/02/23,23.1,23.15,23.0,23.05,213.0,4936.0,0.0,0.1045,97.0,-2.0,0.0,1.0,-1.0,3352.0,84.0,60.0,0.0,416.0,7.0,5.73,1.32,13.36
2017/02/24,23.0,23.0,22.9,23.0,86.0,1974.0,-0.2169,0.0421,61.0,1.0,0.0,0.0,1.0,3343.0,7.0,16.0,1.0,415.0,0.0,5.72,1.31,13.39
2017/03/01,23.0,23.15,22.9,23.1,276.0,6355.0,0.4348,0.135,121.0,16.0,0.0,0.0,16.0,3412.0,108.0,39.0,0.0,409.0,0.0,5.75,1.32,13.33
2017/03/02,23.3,23.75,23.2,23.25,600.0,14018.0,0.6494,0.2935,228.0,9.0,0.0,0.0,9.0,3786.0,402.0,28.0,0.0,675.0,273.0,5.78,1.33,13.25
2017/03/03,23.05,23.55,23.05,23.55,514.0,12045.0,1.2903,0.2515,187.0,41.0,0.0,0.0,41.0,3839.0,193.0,140.0,0.0,723.0,48.0,5.86,1.34,13.08
2017/03/06,23.55,24.1,23.55,24.1,788.0,18813.0,2.3355,0.3855,298.0,76.0,0.0,0.0,76.0,4008.0,364.0,195.0,0.0,725.0,2.0,6.0,1.38,12.78
2017/03/07,24.1,24.15,23.9,24.05,524.0,12592.0,-0.2075,0.2563,170.0,-8.0,0.0,0.0,-8.0,4146.0,223.0,84.0,0.0,726.0,1.0,5.98,1.37,12.81
2017/03/08,24.05,24.05,23.8,24.05,315.0,7565.0,0.0,0.1541,118.0,-2.0,0.0,0.0,-2.0,4237.0,120.0,27.0,28.0,379.0,0.0,5.98,1.37,12.81
2017/03/09,23.95,24.0,23.55,23.55,366.0,8681.0,-2.079,0.179,127.0,-8.0,0.0,1.0,-7.0,4154.0,96.0,179.0,0.0,354.0,0.0,5.86,1.34,13.08
2017/03/10,23.55,23.6,22.9,23.5,375.0,8696.0,-0.2123,0.1835,170.0,10.0,0.0,0.0,10.0,4190.0,115.0,79.0,5.0,335.0,0.0,5.85,1.34,13.11
2017/03/13,23.4,23.8,23.25,23.8,202.0,4755.0,1.2766,0.0988,99.0,1.0,0.0,0.0,1.0,4295.0,133.0,27.0,0.0,354.0,20.0,5.92,1.36,12.94
2017/03/14,23.85,23.9,23.5,23.75,334.0,7945.0,-0.2101,0.1634,108.0,11.0,0.0,0.0,11.0,4501.0,232.0,25.0,0.0,408.0,54.0,5.91,1.36,12.97
2017/03/15,23.7,23.8,23.4,23.8,178.0,4210.0,0.2105,0.0871,70.0,14.0,0.0,-8.0,6.0,4465.0,64.0,100.0,0.0,408.0,0.0,5.92,1.36,12.94
2017/03/16,23.7,23.85,23.7,23.8,218.0,5186.0,0.0,0.1066,98.0,41.0,0.0,3.0,44.0,4503.0,93.0,55.0,0.0,407.0,0.0,5.92,1.36,12.94
2017/03/17,23.8,23.95,23.6,23.6,249.0,5939.0,-0.8403,0.1218,113.0,38.0,0.0,3.0,41.0,4474.0,11.0,40.0,0.0,441.0,54.0,5.87,1.35,13.05
2017/03/20,23.65,23.85,23.65,23.8,364.0,8675.0,0.8475,0.1781,145.0,13.0,-5.0,4.0,12.0,3436.0,23.0,15.0,3.0,485.0,101.0,5.92,1.36,12.94
2017/03/21,23.8,23.8,23.55,23.7,245.0,5812.0,-0.4202,0.1199,89.0,13.0,-5.0,0.0,8.0,3400.0,66.0,102.0,1.0,479.0,0.0,5.9,1.35,13.0
2017/03/22,23.5,23.8,23.25,23.8,386.0,9141.0,0.4219,0.1888,99.0,28.0,0.0,0.0,28.0,3478.0,180.0,102.0,0.0,479.0,0.0,5.92,1.36,12.94
2017/03/23,23.75,25.25,23.75,24.7,1240.0,30415.0,3.7815,0.6066,491.0,88.0,0.0,81.0,169.0,3668.0,372.0,182.0,0.0,411.0,0.0,6.14,1.41,12.47
2017/03/24,25.0,25.05,24.5,24.5,592.0,14657.0,-0.8097,0.2896,186.0,-11.0,0.0,100.0,89.0,3686.0,95.0,75.0,7.0,0.0,0.0,6.09,1.4,12.57
2017/03/27,24.7,24.7,23.65,23.7,602.0,14423.0,-3.2653,0.2945,257.0,-28.0,0.0,0.0,-28.0,3414.0,60.0,332.0,0.0,0.0,0.0,5.9,1.35,13.0
2017/03/28,23.7,23.9,23.1,23.4,327.0,7727.0,-1.2658,0.16,157.0,-2.0,0.0,-81.0,-83.0,3393.0,75.0,96.0,0.0,0.0,0.0,5.82,1.34,13.16
2017/03/29,23.4,23.65,23.15,23.6,180.0,4216.0,0.8547,0.0881,91.0,15.0,0.0,0.0,15.0,3388.0,13.0,18.0,0.0,0.0,0.0,5.87,1.35,13.05
2017/03/30,23.4,24.1,23.4,23.95,373.0,8905.0,1.4831,0.1825,109.0,-8.0,0.0,0.0,-8.0,3651.0,302.0,39.0,0.0,6.0,6.0,5.96,1.37,12.86
2017/03/31,23.9,24.0,23.75,23.9,197.0,4721.0,-0.2088,0.0953,82.0,-17.0,0.0,0.0,-17.0,3735.0,86.0,2.0,0.0,6.0,0.0,13.2,1.35,12.89
2017/04/05,23.95,24.1,23.4,23.55,274.0,6458.0,-1.4644,0.1326,141.0,-52.0,0.0,-90.0,-142.0,3758.0,33.0,10.0,0.0,6.0,0.0,13.01,1.33,13.08
2017/04/06,23.45,23.6,23.35,23.4,143.0,3370.0,-0.6369,0.0692,62.0,-21.0,0.0,0.0,-21.0,3820.0,91.0,29.0,0.0,6.0,0.0,12.93,1.32,13.16
2017/04/07,23.5,23.5,23.4,23.4,79.0,1852.0,0.0,0.0382,56.0,-31.0,0.0,0.0,-31.0,3834.0,18.0,4.0,0.0,6.0,0.0,12.93,1.32,13.16
2017/04/10,22.8,23.25,22.8,23.15,299.0,6899.0,-1.0684,0.1447,115.0,-51.0,0.0,0.0,-51.0,3829.0,18.0,23.0,0.0,9.0,3.0,12.79,1.31,13.3
2017/04/11,23.3,23.5,23.1,23.2,519.0,12127.0,0.216,0.2512,196.0,-64.0,0.0,0.0,-64.0,3752.0,43.0,120.0,0.0,14.0,5.0,12.82,1.31,13.28
2017/04/12,23.5,23.5,23.2,23.5,149.0,3488.0,1.2931,0.0721,62.0,-1.0,0.0,0.0,-1.0,3776.0,48.0,9.0,0.0,14.0,0.0,12.98,1.33,13.11
2017/04/13,23.5,23.5,23.3,23.35,79.0,1854.0,-0.6383,0.0382,55.0,-13.0,0.0,-1.0,-14.0,3766.0,11.0,21.0,0.0,14.0,0.0,12.9,1.32,13.19
2017/04/14,23.55,23.6,23.25,23.35,203.0,4752.0,0.0,0.0982,87.0,-17.0,-1.0,0.0,-18.0,3679.0,18.0,105.0,0.0,14.0,0.0,12.9,1.32,9.42
2017/04/17,23.4,23.4,23.0,23.4,126.0,2927.0,0.2141,0.061,65.0,-24.0,0.0,0.0,-24.0,3687.0,13.0,5.0,0.0,14.0,0.0,12.93,1.32,9.4
2017/04/18,23.4,23.5,23.3,23.4,124.0,2919.0,0.0,0.06,57.0,-3.0,0.0,0.0,-3.0,3689.0,2.0,0.0,0.0,14.0,0.0,12.93,1.32,9.4
2017/04/19,23.6,23.6,23.0,23.0,138.0,3203.0,-1.7094,0.0668,61.0,18.0,0.0,1.0,19.0,3681.0,3.0,11.0,0.0,14.0,0.0,12.71,1.3,9.57
2017/04/20,23.15,23.15,22.95,23.0,202.0,4659.0,0.0,0.0978,69.0,3.0,0.0,-91.0,-88.0,3654.0,0.0,27.0,0.0,14.0,0.0,12.71,1.3,9.57
2017/04/21,23.1,23.95,23.1,23.35,119.0,2799.0,1.5217,0.0576,62.0,-4.0,0.0,0.0,-4.0,3716.0,73.0,11.0,0.0,14.0,0.0,12.9,1.32,9.42
2017/04/24,23.4,23.4,23.35,23.35,94.0,2200.0,0.0,0.0455,32.0,9.0,0.0,0.0,9.0,3709.0,3.0,10.0,0.0,14.0,0.0,12.9,1.32,9.42
2017/04/25,23.4,23.55,23.25,23.5,80.0,1868.0,0.6424,0.0387,32.0,10.0,0.0,-42.0,-32.0,3694.0,3.0,5.0,0.0,14.0,0.0,12.98,1.33,9.36
2017/04/26,23.45,23.45,23.0,23.0,468.0,10835.0,-2.1277,0.2265,155.0,19.0,0.0,-77.0,-58.0,3572.0,10.0,3.0,0.0,347.0,333.0,12.71,1.3,9.57
2017/04/27,23.0,23.35,23.0,23.3,125.0,2906.0,1.3043,0.0605,65.0,-2.0,0.0,0.0,-2.0,3571.0,2.0,3.0,0.0,352.0,5.0,12.87,1.32,9.44
2017/04/28,23.45,23.45,23.0,23.3,70.0,1638.0,0.0,0.0339,25.0,3.0,0.0,-1.0,2.0,3573.0,2.0,0.0,0.0,352.0,0.0,12.87,1.32,9.44
2017/05/02,23.3,23.45,23.3,23.45,59.0,1395.0,0.6438,0.0286,39.0,5.0,0.0,0.0,5.0,3573.0,0.0,0.0,0.0,352.0,0.0,12.96,1.32,9.38
2017/05/03,23.45,23.5,23.3,23.5,98.0,2309.0,0.2132,0.0474,60.0,4.0,0.0,0.0,4.0,3572.0,1.0,2.0,0.0,352.0,0.0,12.98,1.33,9.36
2017/05/04,23.5,23.6,23.3,23.3,77.0,1806.0,-0.8511,0.0373,41.0,20.0,0.0,0.0,20.0,3573.0,2.0,0.0,0.0,354.0,2.0,12.87,1.32,9.44
2017/05/05,23.55,23.6,23.3,23.45,98.0,2306.0,0.6438,0.0474,47.0,-5.0,0.0,0.0,-5.0,3585.0,23.0,9.0,0.0,354.0,0.0,12.96,1.32,9.38
2017/05/08,23.5,23.7,23.35,23.7,109.0,2565.0,1.0661,0.0528,51.0,-2.0,0.0,0.0,-2.0,3569.0,7.0,23.0,0.0,354.0,0.0,13.09,1.34,9.28
2017/05/09,23.7,23.7,23.2,23.3,251.0,5885.0,-1.6878,0.1215,67.0,-10.0,0.0,0.0,-10.0,3393.0,22.0,198.0,0.0,356.0,2.0,12.87,1.32,9.44
2017/05/10,23.45,23.65,23.35,23.6,106.0,2500.0,1.2876,0.0513,76.0,-31.0,0.0,0.0,-31.0,3423.0,69.0,39.0,0.0,356.0,0.0,13.04,1.33,9.32
2017/05/11,23.5,23.55,23.3,23.4,170.0,4000.0,-0.8475,0.0823,62.0,14.0,0.0,0.0,14.0,3304.0,2.0,121.0,0.0,356.0,0.0,12.93,1.32,9.4
2017/05/12,23.1,23.35,23.1,23.35,268.0,6211.0,-0.2137,0.1297,91.0,-2.0,0.0,0.0,-2.0,3113.0,6.0,197.0,0.0,356.0,0.0,12.9,1.32,9.42
2017/05/15,23.2,23.35,22.8,23.3,438.0,10066.0,-0.2141,0.212,155.0,-21.0,0.0,0.0,-21.0,2739.0,10.0,384.0,10.0,346.0,0.0,30.66,1.33,9.44
2017/05/16,23.3,23.4,23.1,23.25,38.0,882.0,-0.2146,0.0184,24.0,-1.0,0.0,0.0,-1.0,2729.0,0.0,10.0,0.0,346.0,0.0,30.59,1.33,9.46
2017/05/17,23.25,23.25,23.1,23.2,29.0,677.0,-0.2151,0.014,21.0,0.0,0.0,0.0,0.0,2722.0,0.0,7.0,0.0,346.0,0.0,30.53,1.33,9.48
2017/05/18,23.1,23.2,22.8,23.2,109.0,2499.0,0.0,0.0528,47.0,0.0,0.0,1.0,1.0,2722.0,0.0,0.0,5.0,341.0,0.0,30.53,1.33,9.48
2017/05/19,23.2,23.2,22.95,23.2,64.0,1476.0,0.0,0.031,34.0,5.0,0.0,-1.0,4.0,2723.0,1.0,0.0,0.0,341.0,0.0,30.53,1.33,9.48
2017/05/22,23.2,23.3,23.2,23.3,56.0,1311.0,0.431,0.0271,36.0,-14.0,0.0,0.0,-14.0,2719.0,1.0,5.0,0.0,341.0,0.0,30.66,1.33,9.44
2017/05/23,23.05,23.3,23.05,23.25,29.0,684.0,-0.2146,0.014,23.0,1.0,0.0,-1.0,0.0,2712.0,0.0,7.0,0.0,341.0,0.0,30.59,1.33,9.46
2017/05/24,23.2,23.5,23.2,23.4,85.0,1992.0,0.6452,0.0411,65.0,9.0,0.0,0.0,9.0,2702.0,0.0,10.0,0.0,341.0,0.0,30.79,1.34,9.4
2017/05/25,23.4,23.6,23.35,23.6,300.0,7048.0,0.8547,0.1452,52.0,2.0,0.0,0.0,2.0,2814.0,171.0,59.0,0.0,341.0,0.0,31.05,1.35,9.32
2017/05/26,23.7,23.7,23.45,23.6,114.0,2699.0,0.0,0.0552,61.0,9.0,0.0,0.0,9.0,2808.0,3.0,9.0,0.0,341.0,0.0,31.05,1.35,9.32
2017/05/31,23.35,23.6,23.35,23.6,188.0,4430.0,0.0,0.091,35.0,6.0,0.0,0.0,6.0,2941.0,134.0,1.0,0.0,341.0,0.0,31.05,1.35,9.32
2017/06/01,23.7,23.9,23.65,23.8,802.0,19100.0,0.8475,0.3881,84.0,4.0,0.0,-1.0,3.0,3642.0,726.0,25.0,0.0,341.0,0.0,31.32,1.36,9.24
2017/06/02,23.8,25.35,23.65,25.05,1342.0,32697.0,5.2521,0.6495,586.0,3.0,0.0,-2.0,1.0,4011.0,457.0,88.0,3.0,338.0,0.0,32.96,1.43,8.78
2017/06/03,25.1,26.6,25.05,25.8,1908.0,49615.0,2.994,0.9234,982.0,0.0,0.0,0.0,0.0,4186.0,386.0,211.0,0.0,338.0,0.0,33.95,1.47,8.53
2017/06/05,25.95,26.0,25.75,25.85,726.0,18789.0,0.1938,0.3514,309.0,16.0,-13.0,0.0,3.0,4240.0,124.0,70.0,0.0,64.0,7.0,34.01,1.48,8.51
2017/06/06,25.85,25.9,25.4,25.4,495.0,12676.0,-1.7408,0.2396,242.0,24.0,-20.0,0.0,4.0,4171.0,24.0,93.0,0.0,34.0,0.0,33.42,1.45,8.66
2017/06/07,25.45,25.9,25.25,25.35,410.0,10476.0,-0.1969,0.1984,207.0,4.0,0.0,0.0,4.0,4178.0,43.0,36.0,0.0,116.0,82.0,33.36,1.45,8.68
2017/06/08,25.8,25.8,25.4,25.65,340.0,8688.0,1.1834,0.1645,145.0,-79.0,0.0,0.0,-79.0,4179.0,30.0,27.0,0.0,152.0,36.0,33.75,1.47,8.58
2017/06/09,25.7,25.75,25.45,25.65,189.0,4862.0,0.0,0.0915,94.0,14.0,0.0,0.0,14.0,4155.0,7.0,31.0,0.0,156.0,4.0,33.75,1.47,8.58
2017/06/12,25.2,25.3,24.9,25.15,391.0,9834.0,-1.9493,0.1892,164.0,-44.0,0.0,0.0,-44.0,4127.0,12.0,40.0,0.0,152.0,0.0,33.09,1.44,8.75
2017/06/13,25.75,25.75,25.2,25.35,133.0,3403.0,0.7952,0.0644,81.0,-5.0,0.0,0.0,-5.0,4120.0,5.0,12.0,0.0,67.0,0.0,33.36,1.45,8.68
2017/06/14,25.35,25.35,24.8,25.1,228.0,5736.0,-0.9862,0.1103,132.0,1.0,0.0,0.0,1.0,4130.0,26.0,16.0,0.0,40.0,0.0,33.03,1.43,8.76
2017/06/15,25.2,25.4,25.1,25.1,119.0,3005.0,0.0,0.0576,61.0,10.0,0.0,0.0,10.0,4099.0,16.0,46.0,0.0,40.0,0.0,33.03,1.43,8.76
2017/06/16,25.2,25.2,25.05,25.05,103.0,2596.0,-0.1992,0.0498,50.0,-4.0,0.0,-1.0,-5.0,4057.0,5.0,47.0,0.0,40.0,0.0,32.96,1.43,8.78
2017/06/19,25.05,25.5,24.8,25.15,211.0,5317.0,0.3992,0.1021,113.0,-6.0,0.0,-1.0,-7.0,4052.0,23.0,28.0,0.0,60.0,20.0,33.09,1.44,8.75
2017/06/20,25.2,25.2,25.0,25.15,223.0,5613.0,0.0,0.1079,122.0,-10.0,0.0,1.0,-9.0,3989.0,9.0,62.0,0.0,115.0,55.0,33.09,1.44,8.75
2017/06/21,25.1,25.5,25.0,25.2,178.0,4513.0,0.1988,0.0861,110.0,27.0,0.0,8.0,35.0,3964.0,0.0,25.0,0.0,121.0,6.0,33.16,1.44,8.73
2017/06/22,25.1,25.4,25.1,25.3,142.0,3602.0,0.3968,0.0687,78.0,33.0,0.0,0.0,33.0,3967.0,11.0,8.0,0.0,121.0,0.0,33.29,1.45,8.7
2017/06/23,25.45,25.75,25.35,25.35,266.0,6762.0,0.1976,0.1287,97.0,-1.0,0.0,0.0,-1.0,3959.0,9.0,17.0,0.0,121.0,0.0,33.36,1.45,8.68
2017/06/26,25.35,25.5,25.15,25.45,347.0,8817.0,0.3945,0.1679,159.0,80.0,0.0,11.0,91.0,3985.0,88.0,62.0,0.0,40.0,0.0,33.49,1.45,8.64
2017/06/27,25.5,25.5,25.3,25.45,185.0,4707.0,0.0,0.0895,89.0,36.0,0.0,0.0,36.0,3986.0,5.0,4.0,0.0,40.0,0.0,33.49,1.45,8.64
2017/06/28,25.45,25.5,25.35,25.4,212.0,5383.0,-0.1965,0.1026,96.0,19.0,0.0,-1.0,18.0,4006.0,23.0,3.0,0.0,0.0,0.0,33.42,1.45,8.66
2017/06/29,25.4,25.8,25.4,25.8,384.0,9866.0,1.5748,0.1858,202.0,32.0,0.0,0.0,32.0,4131.0,175.0,50.0,0.0,0.0,0.0,33.95,1.47,8.53
2017/06/30,25.8,26.7,25.7,26.4,943.0,24822.0,2.3256,0.4538,454.0,8.0,0.0,0.0,8.0,4430.0,352.0,53.0,0.0,1.0,1.0,34.74,1.51,8.33
2017/07/03,26.5,26.7,26.4,26.65,643.0,17115.0,0.947,0.3094,285.0,-10.0,0.0,0.0,-10.0,4391.0,46.0,85.0,0.0,1.0,0.0,35.07,1.52,8.26
2017/07/04,26.75,26.8,26.4,26.4,487.0,12931.0,-0.9381,0.2344,169.0,-50.0,0.0,0.0,-50.0,4320.0,74.0,145.0,0.0,1.0,0.0,34.74,1.51,8.33
2017/07/05,26.4,26.4,26.0,26.3,456.0,11983.0,-0.3788,0.2194,177.0,-33.0,0.0,0.0,-33.0,4320.0,63.0,63.0,0.0,1.0,0.0,34.61,1.5,8.37
2017/07/06,26.2,26.75,26.15,26.6,514.0,13669.0,1.1407,0.2473,214.0,-70.0,0.0,2.0,-68.0,4391.0,192.0,121.0,0.0,1.0,0.0,35.0,1.52,8.23
2017/07/07,26.55,27.0,26.55,26.85,756.0,20181.0,0.9398,0.3638,185.0,-11.0,0.0,0.0,-11.0,4837.0,486.0,40.0,0.0,1.0,0.0,35.33,1.53,8.16
2017/07/10,26.9,26.95,26.55,26.8,235.0,6294.0,-0.1862,0.1131,126.0,-8.0,0.0,0.0,-8.0,4808.0,39.0,67.0,0.0,1.0,0.0,35.26,1.53,8.17
2017/07/11,27.1,27.25,26.75,26.8,1012.0,27303.0,0.0,0.487,424.0,-11.0,0.0,4.0,-7.0,4647.0,248.0,408.0,0.0,1.0,0.0,35.26,1.53,8.17
2017/07/12,26.7,26.85,26.4,26.65,436.0,11625.0,-0.5597,0.2098,161.0,-120.0,0.0,-4.0,-124.0,4576.0,45.0,116.0,1.0,0.0,0.0,35.07,1.52,8.22
2017/07/13,26.75,26.75,26.45,26.45,594.0,15798.0,-0.7505,0.2858,164.0,-140.0,0.0,0.0,-140.0,4508.0,80.0,148.0,0.0,0.0,0.0,34.8,1.51,8.28
2017/07/14,26.45,26.45,25.9,26.0,872.0,22830.0,-1.7013,0.4196,283.0,-160.0,0.0,-2.0,-162.0,4210.0,85.0,383.0,0.0,0.0,0.0,34.21,1.49,8.42
2017/07/17,26.0,26.2,25.95,26.05,830.0,21637.0,0.1923,0.3994,234.0,-210.0,0.0,-3.0,-213.0,4027.0,55.0,238.0,0.0,0.0,0.0,34.28,1.49,8.41
2017/07/18,26.05,26.15,25.85,25.9,1239.0,32210.0,-0.5758,0.5962,385.0,-44.0,0.0,3.0,-41.0,3897.0,102.0,232.0,0.0,0.0,0.0,34.08,1.48,8.46
2017/07/19,23.6,23.95,23.6,23.8,572.0,13632.0,1.3987,0.2696,342.0,-143.0,0.0,-4.0,-147.0,3855.0,32.0,74.0,0.0,0.0,0.0,31.32,1.36,9.2
2017/07/20,23.9,24.45,23.85,24.4,360.0,8710.0,2.521,0.1697,192.0,-44.0,0.0,0.0,-44.0,3877.0,49.0,27.0,0.0,7.0,7.0,32.11,1.39,8.98
2017/07/21,24.5,24.6,24.0,24.1,450.0,10894.0,-1.2295,0.2121,166.0,-67.0,0.0,0.0,-67.0,3850.0,32.0,59.0,0.0,113.0,106.0,31.71,1.38,9.09
2017/07/24,24.3,24.55,24.3,24.55,406.0,9911.0,1.8672,0.1914,139.0,-1.0,0.0,0.0,-1.0,3815.0,7.0,42.0,0.0,113.0,0.0,32.3,1.4,8.92
2017/07/25,24.4,24.65,24.3,24.6,172.0,4208.0,0.2037,0.0811,77.0,-27.0,0.0,-1.0,-28.0,3799.0,12.0,28.0,0.0,113.0,0.0,32.37,1.41,8.9
2017/07/26,24.55,24.8,24.5,24.6,266.0,6568.0,0.0,0.1254,75.0,-1.0,0.0,-5.0,-6.0,3923.0,142.0,18.0,0.0,113.0,0.0,32.37,1.41,8.9
2017/07/27,24.7,24.7,24.55,24.55,102.0,2517.0,-0.2033,0.0481,56.0,2.0,0.0,0.0,2.0,3913.0,24.0,34.0,0.0,8.0,0.0,32.3,1.4,8.92
2017/07/28,24.55,24.65,24.3,24.3,564.0,13847.0,-1.0183,0.2658,88.0,-1.0,0.0,0.0,-1.0,4305.0,410.0,18.0,0.0,8.0,0.0,31.97,1.39,9.01
2017/07/31,24.3,24.35,24.05,24.15,67.0,1645.0,-0.6173,0.0293,45.0,-4.0,0.0,0.0,-4.0,4312.0,17.0,8.0,0.0,8.0,0.0,31.78,1.38,9.07
2017/08/01,24.25,24.6,24.15,24.5,348.0,8517.0,1.4493,0.1522,121.0,23.0,0.0,0.0,23.0,4378.0,90.0,24.0,0.0,8.0,0.0,32.24,1.4,8.94
2017/08/02,24.55,24.55,24.3,24.3,141.0,3439.0,-0.8163,0.0617,55.0,8.0,0.0,0.0,8.0,4344.0,25.0,59.0,0.0,8.0,0.0,31.97,1.39,9.01
2017/08/03,24.3,24.4,24.15,24.4,103.0,2511.0,0.4115,0.0451,62.0,4.0,0.0,0.0,4.0,4334.0,2.0,12.0,0.0,24.0,16.0,32.11,1.39,8.98
2017/08/04,24.3,24.3,24.15,24.25,111.0,2685.0,-0.6148,0.0486,63.0,-19.0,0.0,-2.0,-21.0,4323.0,15.0,26.0,0.0,54.0,30.0,31.91,1.39,9.03
2017/08/07,24.45,24.55,24.4,24.55,169.0,4140.0,1.2371,0.0739,73.0,-12.0,0.0,0.0,-12.0,4417.0,101.0,7.0,0.0,47.0,0.0,32.3,1.4,8.92
2017/08/08,24.55,25.0,24.55,25.0,892.0,21994.0,1.833,0.3902,168.0,-3.0,0.0,-1.0,-4.0,5083.0,686.0,20.0,0.0,47.0,0.0,32.89,1.43,8.76
2017/08/09,25.5,26.3,25.5,25.75,962.0,24783.0,3.0,0.4208,365.0,10.0,0.0,-1.0,9.0,5311.0,423.0,195.0,0.0,4.0,2.0,33.88,1.47,8.5
2017/08/10,25.6,25.95,25.35,25.65,528.0,13557.0,-0.3883,0.231,224.0,22.0,0.0,1.0,23.0,5368.0,136.0,79.0,2.0,4.0,2.0,33.75,1.47,8.54
2017/08/11,25.5,25.6,25.45,25.6,266.0,6804.0,-0.1949,0.1164,136.0,33.0,0.0,0.0,33.0,5358.0,37.0,47.0,0.0,4.0,0.0,33.68,1.46,8.55
2017/08/14,26.0,26.1,25.6,25.6,940.0,24370.0,0.0,0.4112,315.0,-17.0,0.0,0.0,-17.0,5366.0,148.0,140.0,1.0,4.0,1.0,6.15,1.32,8.55
2017/08/15,25.9,26.65,25.85,26.1,1579.0,41241.0,1.9531,0.6907,511.0,52.0,0.0,221.0,273.0,5508.0,182.0,40.0,0.0,5.0,1.0,6.27,1.35,8.39
2017/08/16,26.3,26.85,26.05,26.7,1115.0,29606.0,2.2989,0.4877,430.0,100.0,0.0,1.0,101.0,5310.0,83.0,281.0,0.0,6.0,1.0,6.42,1.38,8.2
2017/08/17,26.95,29.35,26.95,29.35,3118.0,89724.0,9.9251,1.3639,1322.0,595.0,0.0,-2.0,593.0,5519.0,489.0,279.0,0.0,533.0,528.0,7.06,1.52,7.46
2017/08/18,29.75,31.0,29.75,31.0,4044.0,123370.0,5.6218,1.7689,1884.0,22.0,0.0,25.0,47.0,5861.0,659.0,317.0,1.0,939.0,407.0,7.45,1.6,7.06
2017/08/21,31.2,32.5,30.6,31.3,2580.0,81580.0,0.9677,1.1285,1189.0,-98.0,0.0,0.0,-98.0,5532.0,410.0,739.0,3.0,1146.0,210.0,7.52,1.62,7.0
2017/08/22,31.2,31.4,30.0,30.5,1496.0,45630.0,-2.5559,0.6544,669.0,268.0,0.0,5.0,273.0,5629.0,322.0,225.0,8.0,1148.0,11.0,7.33,1.57,7.18
2017/08/23,31.0,31.35,30.8,30.9,786.0,24346.0,1.3115,0.3438,381.0,225.0,8.0,-4.0,229.0,5502.0,84.0,211.0,5.0,1127.0,19.0,7.43,1.6,7.09
2017/08/24,31.0,31.4,30.8,30.8,647.0,20094.0,-0.3236,0.283,376.0,134.0,9.0,4.0,147.0,5429.0,41.0,114.0,0.0,326.0,0.0,7.4,1.59,7.11
2017/08/25,31.0,32.65,30.8,32.6,1930.0,61388.0,5.8442,0.8442,1029.0,150.0,0.0,0.0,150.0,5684.0,445.0,189.0,4.0,331.0,16.0,7.84,1.68,6.72
2017/08/28,32.6,34.85,32.6,34.2,2519.0,85574.0,4.908,1.1018,1200.0,99.0,0.0,49.0,148.0,5789.0,337.0,232.0,11.0,313.0,53.0,8.22,1.77,6.4
2017/08/29,34.2,35.0,33.6,34.65,1311.0,45189.0,1.3158,0.5734,724.0,163.0,0.0,0.0,163.0,5816.0,175.0,148.0,0.0,317.0,55.0,8.33,1.79,6.32
2017/08/30,34.5,34.95,34.2,34.8,1000.0,34565.0,0.4329,0.4374,481.0,126.0,0.0,5.0,131.0,5706.0,141.0,251.0,6.0,278.0,23.0,8.37,1.8,6.29
2017/08/31,34.8,34.9,34.2,34.3,746.0,25767.0,-1.4368,0.321,426.0,64.0,0.0,27.0,91.0,5614.0,82.0,174.0,2.0,278.0,2.0,8.25,1.77,6.38
2017/09/01,34.4,34.4,33.35,33.35,1300.0,44064.0,-2.7697,0.5594,584.0,201.0,0.0,0.0,201.0,5406.0,89.0,297.0,5.0,224.0,35.0,8.02,1.72,6.57
2017/09/04,33.5,35.4,33.5,34.9,1380.0,47776.0,4.6477,0.5938,779.0,409.0,0.0,24.0,433.0,5372.0,164.0,198.0,1.0,187.0,5.0,8.39,1.8,6.28
2017/09/05,35.1,35.95,34.9,34.95,1208.0,42658.0,0.1433,0.5198,539.0,-14.0,0.0,20.0,6.0,5400.0,170.0,142.0,14.0,200.0,34.0,8.4,1.8,6.27
2017/09/06,34.95,34.95,34.2,34.55,614.0,21286.0,-1.1445,0.2642,294.0,158.0,0.0,-1.0,157.0,5376.0,44.0,68.0,1.0,173.0,1.0,8.31,1.78,6.34
2017/09/07,34.8,35.5,34.55,35.5,1448.0,50749.0,2.7496,0.6231,526.0,537.0,0.0,0.0,537.0,5354.0,113.0,135.0,1.0,155.0,11.0,8.53,1.83,6.17
2017/09/08,36.3,36.3,35.55,35.6,1541.0,55312.0,0.2817,0.6631,703.0,180.0,-1.0,-20.0,159.0,5294.0,152.0,212.0,1.0,414.0,260.0,8.56,1.84,6.15
2017/09/11,36.0,36.15,34.85,35.75,1173.0,41495.0,0.4213,0.5048,571.0,444.0,0.0,92.0,536.0,5191.0,92.0,195.0,14.0,388.0,1.0,8.59,1.85,6.13
2017/09/12,36.05,36.05,35.4,35.5,829.0,29663.0,-0.6993,0.3567,456.0,386.0,0.0,-77.0,309.0,5186.0,77.0,82.0,1.0,426.0,39.0,8.53,1.83,6.17
2017/09/13,35.5,36.0,35.45,35.45,635.0,22616.0,-0.1408,0.2732,309.0,339.0,0.0,0.0,339.0,5150.0,31.0,67.0,0.0,411.0,0.0,8.52,1.83,6.18
2017/09/14,35.5,35.7,35.1,35.45,386.0,13713.0,0.0,0.1661,249.0,223.0,0.0,0.0,223.0,5083.0,3.0,70.0,0.0,316.0,1.0,8.52,1.83,6.18
2017/09/15,35.45,35.6,34.95,35.15,563.0,19895.0,-0.8463,0.2423,366.0,47.0,0.0,0.0,47.0,5063.0,36.0,56.0,2.0,137.0,0.0,8.45,1.81,6.23
2017/09/18,34.8,35.25,34.8,34.9,397.0,13911.0,-0.7112,0.1708,205.0,272.0,0.0,0.0,272.0,5012.0,8.0,59.0,10.0,106.0,0.0,8.39,1.8,6.28
2017/09/19,34.95,34.95,33.6,34.35,679.0,23440.0,-1.5759,0.2922,446.0,269.0,0.0,-14.0,255.0,4953.0,26.0,85.0,5.0,112.0,11.0,8.26,1.77,6.38
2017/09/20,34.55,34.55,34.0,34.05,234.0,8035.0,-0.8734,0.1007,199.0,89.0,0.0,0.0,89.0,4925.0,6.0,34.0,10.0,102.0,0.0,8.19,1.76,6.43
2017/09/21,34.15,36.0,34.15,35.5,948.0,33577.0,4.2584,0.4079,479.0,221.0,0.0,61.0,282.0,5018.0,140.0,47.0,0.0,103.0,1.0,8.53,1.83,6.17
2017/09/22,35.4,35.4,34.7,34.9,575.0,20143.0,-1.6901,0.2474,381.0,225.0,0.0,-3.0,222.0,5020.0,61.0,59.0,1.0,104.0,2.0,8.39,1.8,6.28
2017/09/25,35.0,35.0,33.95,35.0,546.0,18761.0,0.2865,0.2349,323.0,82.0,0.0,-6.0,76.0,5032.0,51.0,39.0,1.0,110.0,7.0,8.41,1.81,6.26
2017/09/26,35.0,35.05,34.1,34.1,344.0,11862.0,-2.5714,0.148,231.0,-29.0,0.0,-74.0,-103.0,5049.0,38.0,21.0,0.0,110.0,0.0,8.2,1.76,6.42
2017/09/27,34.2,34.45,34.0,34.15,174.0,5943.0,0.1466,0.0749,100.0,21.0,0.0,0.0,21.0,5018.0,6.0,37.0,0.0,126.0,16.0,8.21,1.76,6.41
2017/09/28,34.2,34.25,33.5,33.65,277.0,9368.0,-1.4641,0.1192,177.0,-10.0,0.0,0.0,-10.0,5065.0,68.0,21.0,2.0,135.0,11.0,8.09,1.74,6.51
2017/09/29,33.05,33.5,31.6,32.2,1397.0,45029.0,-4.3091,0.6011,589.0,123.0,0.0,71.0,194.0,5150.0,145.0,55.0,36.0,398.0,299.0,7.74,1.66,6.8
2017/09/30,32.9,32.9,31.9,32.25,322.0,10363.0,0.1553,0.1382,220.0,0.0,0.0,-88.0,-88.0,5201.0,55.0,4.0,31.0,406.0,39.0,7.75,1.66,6.79
2017/10/02,32.7,32.7,32.25,32.7,429.0,13928.0,1.3953,0.1842,222.0,69.0,0.0,-2.0,67.0,5220.0,29.0,10.0,103.0,534.0,231.0,7.86,1.69,6.7
2017/10/03,33.8,34.1,33.0,33.75,439.0,14746.0,3.211,0.1884,261.0,31.0,0.0,-36.0,-5.0,5316.0,123.0,27.0,9.0,543.0,18.0,8.11,1.74,6.49
2017/10/05,34.0,34.9,33.75,34.7,622.0,21406.0,2.8148,0.267,310.0,42.0,0.0,0.0,42.0,5332.0,73.0,57.0,8.0,437.0,5.0,8.34,1.79,6.31
2017/10/06,34.8,34.85,34.2,34.25,327.0,11305.0,-1.2968,0.1404,155.0,-14.0,0.0,-26.0,-40.0,5292.0,16.0,56.0,10.0,379.0,8.0,8.23,1.77,6.39
2017/10/11,34.2,34.25,33.55,33.8,263.0,8929.0,-1.3139,0.1129,153.0,42.0,0.0,-5.0,37.0,5309.0,78.0,61.0,0.0,316.0,1.0,8.13,1.74,6.48
2017/10/12,33.7,34.7,33.5,33.7,284.0,9681.0,-0.2959,0.1219,129.0,22.0,0.0,72.0,94.0,5321.0,19.0,6.0,0.0,267.0,0.0,8.1,1.74,6.5
2017/10/13,33.2,33.7,33.2,33.35,235.0,7876.0,-1.0386,0.1009,180.0,13.0,0.0,-51.0,-38.0,5329.0,42.0,34.0,0.0,217.0,0.0,8.02,1.72,6.57
2017/10/16,33.5,34.0,33.1,33.9,243.0,8175.0,1.6492,0.1043,148.0,32.0,0.0,-12.0,20.0,5384.0,87.0,32.0,0.0,84.0,0.0,8.15,1.75,6.46
2017/10/17,33.6,33.95,33.3,33.3,162.0,5455.0,-1.7699,0.0695,86.0,38.0,0.0,-17.0,21.0,5371.0,10.0,23.0,0.0,84.0,0.0,8.0,1.72,6.58
2017/10/18,33.3,33.5,32.5,33.45,213.0,7061.0,0.4505,0.0914,134.0,8.0,0.0,25.0,33.0,5358.0,17.0,30.0,1.0,81.0,5.0,8.04,1.73,6.55
2017/10/19,33.0,33.65,33.0,33.45,128.0,4297.0,0.0,0.0549,79.0,46.0,-1.0,-13.0,32.0,5364.0,44.0,38.0,0.0,81.0,0.0,8.04,1.73,6.55
2017/10/20,33.35,33.6,33.05,33.5,146.0,4898.0,0.1495,0.0627,93.0,-9.0,0.0,-14.0,-23.0,5383.0,27.0,8.0,0.0,84.0,4.0,8.05,1.73,6.54
2017/10/23,33.5,34.45,33.5,33.75,504.0,17132.0,0.7463,0.2164,188.0,-25.0,0.0,-9.0,-34.0,5460.0,227.0,150.0,0.0,84.0,0.0,8.11,1.74,6.49
2017/10/24,33.75,33.9,33.55,33.9,99.0,3352.0,0.4444,0.0425,89.0,-5.0,0.0,2.0,-3.0,5448.0,2.0,14.0,0.0,84.0,0.0,8.15,1.75,6.46
2017/10/25,33.5,33.85,33.3,33.8,179.0,6025.0,-0.295,0.0768,113.0,-37.0,0.0,0.0,-37.0,5454.0,9.0,3.0,0.0,84.0,0.0,8.13,1.74,6.48
2017/10/26,34.05,34.05,33.5,33.6,117.0,3957.0,-0.5917,0.0502,67.0,-36.0,0.0,0.0,-36.0,5466.0,14.0,2.0,2.0,82.0,0.0,8.08,1.73,6.52
2017/10/27,33.55,33.55,33.05,33.05,339.0,11299.0,-1.6369,0.1455,145.0,-30.0,0.0,3.0,-27.0,5435.0,40.0,71.0,0.0,82.0,0.0,7.94,1.71,6.63
2017/10/30,33.15,33.6,33.0,33.6,319.0,10610.0,1.6641,0.1369,98.0,-20.0,0.0,66.0,46.0,5483.0,63.0,15.0,0.0,82.0,0.0,8.08,1.73,6.52
2017/10/31,33.5,33.55,33.05,33.5,275.0,9176.0,-0.2976,0.1177,154.0,-27.0,0.0,-88.0,-115.0,5572.0,96.0,7.0,0.0,82.0,0.0,8.05,1.73,6.54
2017/11/01,33.5,33.5,33.3,33.35,55.0,1858.0,-0.4478,0.0235,50.0,-10.0,0.0,0.0,-10.0,5562.0,0.0,10.0,0.0,82.0,0.0,8.02,1.72,6.57
2017/11/02,33.15,33.45,33.15,33.45,50.0,1682.0,0.2999,0.0214,44.0,-3.0,0.0,0.0,-3.0,5562.0,6.0,6.0,0.0,82.0,0.0,8.04,1.73,6.55
2017/11/03,33.4,33.8,33.4,33.5,153.0,5153.0,0.1495,0.0655,102.0,-42.0,0.0,0.0,-42.0,5560.0,6.0,8.0,0.0,82.0,0.0,8.05,1.73,6.54
2017/11/06,33.55,33.6,33.25,33.4,117.0,3939.0,-0.2985,0.0501,85.0,-52.0,0.0,0.0,-52.0,5584.0,25.0,1.0,0.0,82.0,0.0,8.03,1.72,6.56
2017/11/07,33.8,34.3,33.75,33.9,426.0,14496.0,1.497,0.1824,299.0,-112.0,0.0,-13.0,-125.0,5624.0,93.0,53.0,1.0,106.0,25.0,8.15,1.75,6.46
2017/11/08,34.1,34.85,34.0,34.25,989.0,34079.0,1.0324,0.4235,571.0,-247.0,0.0,34.0,-213.0,5767.0,203.0,60.0,0.0,106.0,0.0,8.23,1.77,6.39
2017/11/09,34.6,34.6,33.3,33.3,707.0,23878.0,-2.7737,0.3027,393.0,-237.0,0.0,-31.0,-268.0,5664.0,91.0,194.0,0.0,106.0,0.0,8.0,1.72,6.58
2017/11/10,33.35,34.7,33.35,34.25,437.0,14934.0,2.8529,0.1871,284.0,36.0,0.0,20.0,56.0,5637.0,33.0,60.0,5.0,140.0,39.0,8.23,1.77,6.39
2017/11/13,34.5,34.8,33.8,33.8,331.0,11367.0,-1.3139,0.1417,184.0,-18.0,0.0,-32.0,-50.0,5661.0,73.0,49.0,2.0,121.0,0.0,8.54,1.69,6.48
2017/11/14,33.8,33.9,33.65,33.8,142.0,4811.0,0.0,0.0608,113.0,-17.0,0.0,-35.0,-52.0,5679.0,31.0,13.0,0.0,121.0,0.0,8.54,1.69,6.48
2017/11/15,33.7,34.1,33.4,33.4,241.0,8097.0,-1.1834,0.1032,206.0,-77.0,0.0,-70.0,-147.0,5683.0,9.0,5.0,0.0,131.0,10.0,8.43,1.67,6.56
2017/11/16,33.4,33.55,32.85,33.0,400.0,13281.0,-1.1976,0.1713,251.0,-122.0,0.0,-56.0,-178.0,5718.0,43.0,8.0,4.0,113.0,0.0,8.33,1.65,6.64
2017/11/17,33.1,33.2,32.6,32.8,403.0,13267.0,-0.6061,0.1726,268.0,-123.0,0.0,-32.0,-155.0,5737.0,78.0,56.0,0.0,117.0,25.0,8.28,1.64,6.68
2017/11/20,33.0,33.0,32.4,32.5,330.0,10755.0,-0.9146,0.1413,194.0,-16.0,0.0,-38.0,-54.0,5736.0,14.0,7.0,4.0,115.0,2.0,8.21,1.63,6.74
2017/11/21,32.5,32.85,32.5,32.75,133.0,4349.0,0.7692,0.0569,112.0,6.0,0.0,-44.0,-38.0,5746.0,12.0,2.0,0.0,115.0,0.0,8.27,1.64,6.69
2017/11/22,32.65,32.9,32.6,32.9,147.0,4818.0,0.458,0.0629,101.0,43.0,0.0,0.0,43.0,5753.0,7.0,0.0,0.0,115.0,0.0,8.31,1.65,6.66
2017/11/23,33.0,33.1,32.8,32.9,177.0,5847.0,0.0,0.0758,142.0,-42.0,0.0,0.0,-42.0,5770.0,24.0,6.0,0.0,101.0,0.0,8.31,1.65,6.66
2017/11/24,33.0,33.1,32.55,32.9,195.0,6421.0,0.0,0.0835,130.0,-40.0,0.0,-1.0,-41.0,5854.0,96.0,12.0,0.0,101.0,0.0,8.31,1.65,6.66
2017/11/27,33.0,33.5,32.95,33.15,209.0,6992.0,0.7599,0.0895,164.0,-13.0,0.0,17.0,4.0,5891.0,58.0,21.0,28.0,73.0,0.0,8.37,1.66,6.61
2017/11/28,33.2,33.2,32.65,32.85,107.0,3545.0,-0.905,0.0458,94.0,-36.0,0.0,0.0,-36.0,5904.0,17.0,4.0,0.0,73.0,0.0,8.3,1.65,6.67
2017/11/29,32.9,33.0,32.4,32.75,176.0,5783.0,-0.3044,0.0754,124.0,-61.0,0.0,0.0,-61.0,5899.0,40.0,45.0,0.0,73.0,0.0,8.27,1.64,6.69
2017/11/30,32.75,32.95,32.4,32.5,246.0,8029.0,-0.7634,0.1053,188.0,-53.0,0.0,-17.0,-70.0,5893.0,18.0,24.0,2.0,71.0,0.0,8.21,1.63,6.74
2017/12/01,32.5,32.65,32.2,32.4,163.0,5291.0,-0.3077,0.0698,117.0,-34.0,0.0,0.0,-34.0,5874.0,4.0,23.0,1.0,70.0,0.0,8.18,1.62,6.76
2017/12/04,32.6,32.6,32.25,32.35,131.0,4269.0,-0.1543,0.0561,78.0,-35.0,0.0,0.0,-35.0,5879.0,11.0,6.0,0.0,70.0,0.0,8.17,1.62,6.77
2017/12/05,32.25,32.5,32.0,32.0,217.0,6997.0,-1.0819,0.0929,146.0,-100.0,0.0,0.0,-100.0,5904.0,37.0,12.0,2.0,73.0,5.0,8.08,1.6,6.84
2017/12/06,31.8,31.8,31.0,31.2,378.0,11874.0,-2.5,0.1618,250.0,-70.0,0.0,0.0,-70.0,5839.0,11.0,76.0,0.0,89.0,16.0,7.88,1.56,7.02
2017/12/07,31.2,31.35,31.0,31.3,138.0,4304.0,0.3205,0.0591,102.0,-41.0,0.0,0.0,-41.0,5841.0,19.0,17.0,9.0,80.0,0.0,7.9,1.57,7.0
2017/12/08,31.5,31.5,31.0,31.35,117.0,3657.0,0.1597,0.0501,83.0,-33.0,0.0,0.0,-33.0,5862.0,24.0,3.0,1.0,81.0,2.0,7.92,1.57,6.99
2017/12/11,31.6,32.3,31.6,31.95,282.0,9025.0,1.9139,0.1207,159.0,-28.0,0.0,-7.0,-35.0,5851.0,16.0,27.0,6.0,215.0,140.0,8.07,1.6,6.85
2017/12/12,32.2,32.2,31.75,31.75,99.0,3162.0,-0.626,0.0424,64.0,-3.0,0.0,0.0,-3.0,5829.0,5.0,26.0,7.0,207.0,0.0,8.02,1.59,6.9
2017/12/13,31.75,31.95,31.2,31.95,77.0,2469.0,0.6299,0.033,71.0,-14.0,0.0,-5.0,-19.0,5820.0,3.0,12.0,0.0,207.0,0.0,8.07,1.6,6.85
2017/12/14,32.1,32.2,31.75,32.0,69.0,2223.0,0.1565,0.0295,59.0,-19.0,0.0,0.0,-19.0,5814.0,6.0,10.0,0.0,207.0,0.0,8.08,1.6,6.84
2017/12/15,31.7,31.8,31.6,31.75,99.0,3150.0,-0.7813,0.0424,78.0,-52.0,0.0,0.0,-52.0,5816.0,2.0,0.0,0.0,163.0,0.0,8.02,1.59,6.9
2017/12/18,31.8,31.8,31.5,31.65,100.0,3168.0,-0.315,0.0428,73.0,-32.0,0.0,-1.0,-33.0,5827.0,11.0,0.0,0.0,131.0,0.0,7.99,1.59,6.92
2017/12/19,31.7,31.7,31.2,31.35,190.0,5971.0,-0.9479,0.0813,94.0,-21.0,0.0,0.0,-21.0,5829.0,2.0,0.0,0.0,131.0,0.0,7.92,1.57,6.99
2017/12/20,31.7,31.7,31.15,31.55,69.0,2163.0,0.638,0.0295,46.0,-10.0,0.0,0.0,-10.0,5826.0,0.0,3.0,0.0,131.0,0.0,7.97,1.58,6.94
2017/12/21,31.55,31.8,31.4,31.6,136.0,4318.0,0.1585,0.0582,84.0,-27.0,0.0,0.0,-27.0,5832.0,9.0,3.0,0.0,131.0,0.0,7.98,1.58,6.93
2017/12/22,31.8,31.9,31.35,31.7,152.0,4810.0,0.3165,0.0651,93.0,3.0,0.0,0.0,3.0,5844.0,16.0,4.0,10.0,121.0,0.0,8.01,1.59,6.91
2017/12/25,31.7,31.8,31.5,31.65,79.0,2507.0,-0.1577,0.0338,56.0,1.0,0.0,0.0,1.0,5855.0,25.0,14.0,0.0,78.0,0.0,7.99,1.59,6.92
2017/12/26,31.85,31.85,31.55,31.6,351.0,11123.0,-0.158,0.1502,128.0,-37.0,-5.0,-2.0,-44.0,6034.0,205.0,26.0,0.0,78.0,0.0,7.98,1.58,6.93
2017/12/27,31.65,34.75,31.65,34.75,1307.0,43571.0,9.9684,0.5595,570.0,241.0,-5.0,35.0,271.0,6299.0,385.0,120.0,2.0,103.0,27.0,8.78,1.74,6.3
2017/12/28,34.5,34.55,33.45,33.65,874.0,29760.0,-3.1655,0.3741,427.0,-289.0,-5.0,25.0,-269.0,6528.0,295.0,66.0,9.0,106.0,12.0,8.5,1.69,6.51
2017/12/29,34.0,35.5,34.0,34.95,1537.0,53490.0,3.8633,0.6575,744.0,-139.0,0.0,-6.0,-145.0,6595.0,295.0,228.0,24.0,94.0,12.0,8.83,1.75,6.27
2018/01/02,35.0,35.4,34.4,35.2,734.0,25707.0,0.7153,0.314,347.0,-39.0,0.0,17.0,-22.0,6480.0,127.0,242.0,0.0,98.0,4.0,8.89,1.76,6.22
2018/01/03,35.5,35.9,34.7,35.6,915.0,32555.0,1.1364,0.3914,454.0,-4.0,0.0,23.0,19.0,6396.0,163.0,247.0,0.0,72.0,0.0,8.99,1.78,6.15
2018/01/04,35.6,35.85,35.0,35.2,489.0,17266.0,-1.1236,0.2092,226.0,-53.0,0.0,-30.0,-83.0,6371.0,71.0,96.0,0.0,72.0,0.0,8.89,1.76,6.22
2018/01/05,35.25,35.35,34.8,34.9,409.0,14314.0,-0.8523,0.175,205.0,-42.0,0.0,-16.0,-58.0,6431.0,181.0,121.0,0.0,73.0,1.0,8.81,1.75,6.28
2018/01/08,35.05,35.3,35.0,35.1,333.0,11722.0,0.5731,0.1425,179.0,-34.0,0.0,14.0,-20.0,6451.0,76.0,56.0,0.0,73.0,0.0,8.86,1.76,6.24
2018/01/09,34.85,35.0,34.85,35.0,248.0,8661.0,-0.2849,0.1061,132.0,-15.0,0.0,-23.0,-38.0,6543.0,150.0,58.0,0.0,64.0,0.0,8.84,1.75,6.26
2018/01/10,34.9,36.7,34.65,36.2,1349.0,48392.0,3.4286,0.5771,646.0,133.0,0.0,157.0,290.0,6646.0,336.0,233.0,0.0,75.0,11.0,9.14,1.81,6.05
2018/01/11,36.2,36.2,34.2,35.25,1117.0,39091.0,-2.6243,0.4778,580.0,-373.0,0.0,-98.0,-471.0,6754.0,395.0,287.0,0.0,76.0,1.0,8.9,1.77,6.21
2018/01/12,34.95,35.25,34.6,34.8,245.0,8577.0,-1.2766,0.1048,172.0,-32.0,0.0,-55.0,-87.0,6778.0,89.0,65.0,0.0,76.0,0.0,8.79,1.74,6.29
2018/01/15,34.9,34.95,34.5,34.7,195.0,6782.0,-0.2874,0.0834,113.0,-18.0,0.0,6.0,-12.0,6749.0,26.0,24.0,1.0,145.0,70.0,8.76,1.74,6.31
2018/01/16,34.7,34.75,34.5,34.7,125.0,4344.0,0.0,0.0535,92.0,-6.0,0.0,-3.0,-9.0,6763.0,26.0,12.0,1.0,137.0,0.0,8.76,1.74,6.31
2018/01/17,34.55,34.65,34.25,34.45,171.0,5923.0,-0.7205,0.0732,131.0,-4.0,0.0,-1.0,-5.0,6735.0,25.0,53.0,0.0,148.0,11.0,8.7,1.73,6.36
2018/01/18,34.7,34.9,34.35,34.5,367.0,12671.0,0.1451,0.157,174.0,-63.0,0.0,1.0,-62.0,6770.0,105.0,70.0,1.0,150.0,3.0,8.71,1.73,6.35
2018/01/19,34.7,34.7,34.3,34.5,204.0,7025.0,0.0,0.0873,139.0,10.0,0.0,0.0,10.0,6749.0,16.0,37.0,0.0,150.0,0.0,8.71,1.73,6.35
2018/01/22,34.3,34.5,34.1,34.35,356.0,12213.0,-0.4348,0.1523,188.0,31.0,0.0,-43.0,-12.0,6812.0,161.0,98.0,11.0,104.0,0.0,8.67,1.72,6.38
2018/01/23,34.35,34.4,33.9,34.05,315.0,10738.0,-0.8734,0.1348,177.0,5.0,0.0,-3.0,2.0,6764.0,42.0,90.0,14.0,132.0,56.0,8.6,1.71,6.43
2018/01/24,34.1,34.35,33.9,34.05,84.0,2865.0,0.0,0.0359,50.0,-1.0,0.0,-2.0,-3.0,6768.0,17.0,13.0,0.0,132.0,0.0,8.6,1.71,6.43
2018/01/25,34.05,34.1,33.9,34.0,234.0,7966.0,-0.1468,0.1001,169.0,-37.0,0.0,0.0,-37.0,6877.0,119.0,10.0,0.0,174.0,42.0,8.59,1.7,6.44
2018/01/26,33.85,33.95,33.65,33.95,251.0,8496.0,-0.1471,0.1074,180.0,-75.0,0.0,0.0,-75.0,6876.0,60.0,61.0,1.0,173.0,0.0,8.57,1.7,6.45
2018/01/29,34.0,34.0,33.5,33.5,286.0,9628.0,-1.3255,0.1223,133.0,-84.0,0.0,0.0,-84.0,6871.0,38.0,43.0,2.0,171.0,0.0,8.46,1.68,6.54
2018/01/30,33.5,33.75,33.3,33.3,126.0,4250.0,-0.597,0.0539,87.0,-30.0,0.0,0.0,-30.0,6881.0,15.0,5.0,0.0,171.0,0.0,8.41,1.67,6.58
2018/01/31,33.05,33.4,33.0,33.4,120.0,4011.0,0.3003,0.0513,64.0,-3.0,0.0,1.0,-2.0,6899.0,34.0,16.0,0.0,143.0,0.0,8.43,1.67,6.56
2018/02/01,33.4,34.2,33.15,34.0,180.0,6097.0,1.7964,0.0769,109.0,-14.0,0.0,0.0,-14.0,6923.0,36.0,12.0,0.0,133.0,0.0,8.59,1.7,6.44
2018/02/02,33.85,34.0,33.6,33.95,193.0,6557.0,-0.1471,0.0825,105.0,-11.0,0.0,0.0,-11.0,6884.0,2.0,41.0,0.0,111.0,6.0,8.57,1.7,6.45
2018/02/05,33.7,33.7,33.5,33.7,102.0,3451.0,-0.7364,0.0436,94.0,5.0,0.0,0.0,5.0,6889.0,8.0,3.0,0.0,76.0,0.0,8.51,1.69,6.5
2018/02/06,32.7,32.7,31.6,31.7,650.0,20880.0,-5.9347,0.2777,314.0,-204.0,0.0,-4.0,-208.0,6911.0,136.0,114.0,0.0,78.0,2.0,8.01,1.59,6.91
2018/02/07,32.4,32.8,32.05,32.2,163.0,5286.0,1.5773,0.0696,137.0,-65.0,0.0,-1.0,-66.0,6962.0,58.0,7.0,0.0,46.0,0.0,8.13,1.61,6.8
2018/02/08,33.0,33.4,32.2,33.0,231.0,7584.0,2.4845,0.0987,143.0,50.0,0.0,5.0,55.0,6982.0,45.0,25.0,0.0,47.0,1.0,8.33,1.65,6.64
2018/02/09,32.1,32.55,31.9,32.15,194.0,6270.0,-2.5758,0.0829,129.0,-54.0,0.0,-16.0,-70.0,7014.0,41.0,9.0,0.0,47.0,0.0,8.12,1.61,6.81
2018/02/12,32.0,32.4,31.35,32.3,470.0,14994.0,0.4666,0.2008,287.0,-194.0,0.0,-3.0,-197.0,7024.0,46.0,36.0,1.0,46.0,0.0,8.16,1.62,6.78
2018/02/21,32.6,32.8,32.3,32.6,178.0,5799.0,0.9288,0.0761,134.0,-39.0,0.0,15.0,-24.0,7087.0,68.0,5.0,0.0,46.0,0.0,8.23,1.63,6.72
2018/02/22,32.4,33.45,32.3,32.9,73.0,2405.0,0.9202,0.0312,39.0,-16.0,0.0,0.0,-16.0,7104.0,21.0,4.0,0.0,46.0,0.0,8.31,1.65,6.66
2018/02/23,32.9,33.2,32.85,32.9,135.0,4469.0,0.0,0.0577,91.0,-52.0,0.0,-1.0,-53.0,7117.0,26.0,12.0,0.0,46.0,0.0,8.31,1.65,6.66
2018/02/26,32.9,33.1,32.65,32.8,79.0,2607.0,-0.304,0.0338,42.0,-4.0,0.0,-5.0,-9.0,7103.0,15.0,29.0,0.0,46.0,0.0,8.28,1.64,6.68
2018/02/27,32.9,33.2,32.7,32.85,148.0,4879.0,0.1524,0.0632,87.0,-41.0,0.0,0.0,-41.0,7131.0,37.0,9.0,0.0,46.0,0.0,8.3,1.65,6.67
2018/03/01,32.3,33.0,32.3,32.8,64.0,2099.0,-0.1522,0.0273,49.0,-18.0,0.0,1.0,-17.0,7124.0,3.0,10.0,0.0,46.0,0.0,8.28,1.64,6.68
2018/03/02,32.8,32.8,32.3,32.5,121.0,3925.0,-0.9146,0.0517,88.0,-56.0,0.0,0.0,-56.0,7148.0,26.0,2.0,1.0,46.0,1.0,8.21,1.63,6.74
2018/03/05,32.7,32.7,31.9,31.9,130.0,4179.0,-1.8462,0.0555,110.0,-102.0,0.0,2.0,-100.0,7160.0,15.0,3.0,6.0,40.0,0.0,8.06,1.6,6.87
2018/03/06,32.4,32.4,31.9,31.95,129.0,4154.0,0.1567,0.0551,106.0,-54.0,0.0,-2.0,-56.0,7154.0,17.0,23.0,0.0,40.0,0.0,8.07,1.6,6.85
2018/03/07,31.8,32.3,31.8,32.05,191.0,6162.0,0.313,0.0816,87.0,-39.0,0.0,-5.0,-44.0,7192.0,38.0,0.0,1.0,40.0,1.0,8.09,1.61,6.83
2018/03/08,32.45,32.5,32.05,32.35,68.0,2228.0,0.936,0.029,50.0,3.0,0.0,0.0,3.0,7227.0,35.0,0.0,0.0,40.0,0.0,8.17,1.62,6.77
2018/03/09,32.7,32.7,32.35,32.35,104.0,3384.0,0.0,0.0444,80.0,-15.0,0.0,0.0,-15.0,7266.0,56.0,17.0,0.0,40.0,0.0,8.17,1.62,6.77
2018/03/12,32.65,32.95,32.5,32.7,323.0,10555.0,1.0819,0.138,160.0,-3.0,0.0,1.0,-2.0,7276.0,22.0,12.0,0.0,40.0,0.0,8.26,1.64,6.7
2018/03/13,32.9,32.95,32.7,32.8,272.0,8932.0,0.3058,0.1162,165.0,27.0,0.0,1.0,28.0,7235.0,54.0,95.0,0.0,40.0,0.0,8.28,1.64,6.68
2018/03/14,32.95,33.95,32.95,33.95,493.0,16563.0,3.5061,0.2106,295.0,1.0,0.0,0.0,1.0,7248.0,90.0,77.0,1.0,39.0,0.0,8.57,1.7,6.45
2018/03/15,35.05,35.65,34.65,35.1,1445.0,50847.0,3.3873,0.6173,651.0,4.0,0.0,265.0,269.0,7256.0,266.0,258.0,5.0,42.0,8.0,8.86,1.76,6.24
2018/03/16,35.0,35.35,34.65,35.25,414.0,14503.0,0.4274,0.1768,249.0,3.0,0.0,3.0,6.0,7246.0,45.0,55.0,6.0,43.0,7.0,8.9,1.77,6.21
2018/03/19,35.2,35.2,34.55,34.75,390.0,13568.0,-1.4184,0.1666,184.0,14.0,0.0,-75.0,-61.0,7203.0,48.0,91.0,7.0,37.0,1.0,8.78,1.74,6.3
2018/03/20,34.55,34.65,34.25,34.45,144.0,4972.0,-0.8633,0.0615,93.0,-8.0,0.0,-8.0,-16.0,7165.0,10.0,48.0,1.0,36.0,0.0,8.7,1.73,6.36
2018/03/21,35.3,35.9,34.9,35.0,637.0,22499.0,1.5965,0.2721,365.0,2.0,0.0,-3.0,-1.0,7034.0,93.0,224.0,0.0,36.0,0.0,7.2,1.76,6.26
2018/03/22,35.5,35.5,34.65,35.0,377.0,13254.0,0.0,0.161,192.0,-4.0,0.0,-5.0,-9.0,6944.0,27.0,117.0,1.0,35.0,0.0,7.2,1.76,6.26
2018/03/23,33.5,34.75,33.5,34.65,219.0,7533.0,-1.0,0.0935,128.0,8.0,0.0,-53.0,-45.0,6953.0,14.0,5.0,0.0,28.0,0.0,7.13,1.74,6.32
2018/03/26,35.25,35.25,34.8,34.85,205.0,7183.0,0.5772,0.0876,104.0,-15.0,0.0,2.0,-13.0,6937.0,16.0,32.0,0.0,28.0,0.0,7.17,1.75,6.28
2018/03/27,35.0,35.35,34.95,35.1,133.0,4688.0,0.7174,0.0568,104.0,14.0,0.0,0.0,14.0,6921.0,30.0,46.0,0.0,28.0,0.0,7.22,1.77,6.24
2018/03/28,35.1,35.45,34.95,35.4,350.0,12389.0,0.8547,0.1495,187.0,35.0,0.0,41.0,76.0,6929.0,125.0,117.0,1.0,27.0,0.0,7.28,1.78,6.19
2018/03/29,35.65,35.7,35.2,35.2,310.0,11006.0,-0.565,0.1324,155.0,4.0,0.0,21.0,25.0,6890.0,48.0,87.0,1.0,26.0,0.0,7.24,1.77,6.22
2018/03/30,35.25,35.5,35.25,35.35,254.0,8983.0,0.4261,0.1085,153.0,71.0,0.0,-48.0,23.0,6892.0,57.0,55.0,0.0,26.0,0.0,7.27,1.78,6.2
2018/03/31,35.4,35.85,35.25,35.85,336.0,11938.0,1.4144,0.1403,183.0,0.0,0.0,0.0,0.0,6869.0,138.0,161.0,0.0,26.0,0.0,7.38,1.8,6.11
2018/04/02,35.9,35.95,35.5,35.9,511.0,18279.0,0.1395,0.2134,261.0,-81.0,0.0,0.0,-81.0,6880.0,148.0,129.0,1.0,32.0,10.0,7.39,1.81,6.1
2018/04/03,36.05,36.05,35.45,35.75,256.0,9164.0,-0.4178,0.1069,125.0,-53.0,0.0,-1.0,-54.0,6844.0,38.0,74.0,27.0,0.0,0.0,7.36,1.8,6.13
2018/04/09,35.8,36.05,35.65,36.0,709.0,25488.0,0.6993,0.2961,191.0,-203.0,0.0,0.0,-203.0,6958.0,157.0,43.0,0.0,0.0,0.0,7.41,1.81,6.08
2018/04/10,36.0,36.05,35.85,35.9,650.0,23377.0,-0.2778,0.2715,155.0,-271.0,0.0,0.0,-271.0,6999.0,60.0,19.0,0.0,0.0,0.0,7.39,1.81,6.1
2018/04/11,35.9,36.0,35.5,35.95,1012.0,36341.0,0.1393,0.4226,239.0,-155.0,0.0,13.0,-142.0,6952.0,67.0,114.0,0.0,0.0,0.0,7.4,1.81,6.09
2018/04/12,35.95,35.95,35.7,35.9,150.0,5393.0,-0.1391,0.0626,103.0,0.0,0.0,0.0,0.0,6924.0,15.0,43.0,0.0,0.0,0.0,7.39,1.81,6.1
2018/04/13,35.9,35.95,35.6,35.65,484.0,17334.0,-0.6964,0.2021,181.0,-1.0,0.0,0.0,-1.0,7065.0,143.0,2.0,0.0,0.0,0.0,7.34,1.79,6.14
2018/04/16,35.7,35.7,35.05,35.1,417.0,14798.0,-1.5428,0.1741,118.0,8.0,0.0,0.0,8.0,6870.0,35.0,230.0,0.0,0.0,0.0,7.22,1.77,6.24
2018/04/17,35.1,35.2,34.8,35.0,775.0,27119.0,-0.2849,0.3237,232.0,2.0,0.0,31.0,33.0,6885.0,281.0,265.0,0.0,4.0,4.0,7.2,1.76,6.26
2018/04/18,35.0,35.25,34.9,34.9,504.0,17662.0,-0.2857,0.2105,170.0,-17.0,0.0,2.0,-15.0,7086.0,211.0,10.0,0.0,4.0,0.0,7.18,1.76,6.28
2018/04/19,35.0,37.8,35.0,37.8,2310.0,85229.0,8.3095,0.9647,979.0,218.0,0.0,3.0,221.0,7477.0,627.0,236.0,0.0,39.0,35.0,7.78,1.9,5.79
2018/04/20,37.6,39.2,36.65,38.9,2526.0,96251.0,2.9101,1.0549,1321.0,-105.0,46.0,55.0,-4.0,7600.0,572.0,449.0,0.0,70.0,31.0,8.0,1.96,5.63
2018/04/23,39.15,39.4,38.15,38.8,1349.0,52396.0,-0.2571,0.5634,680.0,-30.0,50.0,-8.0,12.0,7617.0,271.0,254.0,1.0,94.0,25.0,7.98,1.95,5.64
2018/04/24,38.9,39.3,38.1,38.85,696.0,26966.0,0.1289,0.2907,433.0,45.0,0.0,18.0,63.0,7666.0,149.0,100.0,0.0,122.0,28.0,7.99,1.95,5.64
2018/04/25,38.95,39.0,38.5,38.85,709.0,27532.0,0.0,0.2961,386.0,28.0,17.0,-5.0,40.0,7829.0,229.0,66.0,0.0,140.0,18.0,7.99,1.95,5.64
2018/04/26,39.25,40.0,37.5,38.85,1942.0,75740.0,0.0,0.811,1028.0,29.0,0.0,4.0,33.0,8086.0,479.0,222.0,3.0,144.0,7.0,7.99,1.95,5.64
2018/04/27,39.5,39.65,38.9,39.0,1309.0,51343.0,0.3861,0.5467,578.0,110.0,0.0,-38.0,72.0,7973.0,173.0,286.0,1.0,156.0,13.0,8.02,1.96,5.62
2018/04/30,39.9,39.95,37.05,37.65,3171.0,122576.0,-3.4615,1.3243,1365.0,35.0,0.0,-22.0,13.0,6966.0,172.0,1179.0,4.0,162.0,10.0,7.75,1.89,11.95
2018/05/02,37.6,37.65,36.4,36.55,2277.0,84416.0,-2.9216,0.9509,793.0,327.0,0.0,-18.0,309.0,6631.0,81.0,416.0,6.0,166.0,10.0,7.52,1.84,12.31
2018/05/03,36.4,36.55,35.7,35.95,1365.0,49120.0,-1.6416,0.5701,692.0,305.0,0.0,0.0,305.0,6576.0,71.0,126.0,33.0,136.0,3.0,7.4,1.81,12.52
2018/05/04,35.95,36.55,35.95,36.2,387.0,14020.0,0.6954,0.1616,259.0,-76.0,0.0,0.0,-76.0,6538.0,43.0,79.0,3.0,133.0,0.0,7.45,1.82,12.43
2018/05/07,36.5,36.7,36.2,36.6,339.0,12383.0,1.105,0.1416,230.0,-58.0,0.0,0.0,-58.0,6533.0,61.0,66.0,4.0,129.0,0.0,7.53,1.84,12.3
2018/05/08,36.8,36.8,36.25,36.6,336.0,12265.0,0.0,0.1403,199.0,-95.0,0.0,-32.0,-127.0,6431.0,18.0,116.0,0.0,129.0,0.0,7.53,1.84,12.3
2018/05/09,36.6,36.8,35.85,35.9,1087.0,39225.0,-1.9126,0.454,373.0,142.0,0.0,4.0,146.0,6424.0,94.0,101.0,0.0,130.0,1.0,7.39,1.81,12.53
2018/05/10,36.0,36.4,35.85,35.9,449.0,16181.0,0.0,0.1875,196.0,26.0,0.0,-100.0,-74.0,6431.0,19.0,12.0,38.0,92.0,0.0,7.39,1.81,12.53
2018/05/11,36.0,36.0,35.1,35.45,1050.0,37182.0,-1.2535,0.4385,426.0,-93.0,0.0,0.0,-93.0,6027.0,104.0,508.0,12.0,86.0,6.0,7.29,1.78,12.69
2018/05/14,37.8,38.0,36.4,36.75,1325.0,49243.0,3.6671,0.5534,688.0,0.0,0.0,0.0,0.0,6085.0,291.0,233.0,0.0,86.0,0.0,7.56,1.85,12.24
2018/05/15,36.9,37.0,36.1,36.85,472.0,17275.0,0.2721,0.1971,311.0,-42.0,0.0,1.0,-41.0,6112.0,82.0,55.0,2.0,84.0,0.0,7.82,1.88,12.21
2018/05/16,36.55,36.95,36.45,36.5,565.0,20701.0,-0.9498,0.236,285.0,39.0,0.0,0.0,39.0,6030.0,28.0,110.0,3.0,81.0,0.0,7.75,1.86,12.33
2018/05/17,36.55,36.65,36.25,36.5,263.0,9602.0,0.0,0.1098,171.0,-5.0,0.0,8.0,3.0,5998.0,12.0,44.0,0.0,80.0,0.0,7.75,1.86,12.33
2018/05/18,36.5,36.8,36.4,36.45,536.0,19617.0,-0.137,0.2238,275.0,40.0,0.0,20.0,60.0,6071.0,124.0,51.0,0.0,80.0,1.0,7.74,1.86,12.35
2018/05/21,36.55,36.8,36.5,36.6,313.0,11480.0,0.4115,0.1307,138.0,22.0,0.0,0.0,22.0,6043.0,47.0,75.0,10.0,70.0,0.0,7.77,1.87,12.3
2018/05/22,36.75,36.8,36.4,36.4,255.0,9338.0,-0.5464,0.1065,137.0,5.0,0.0,0.0,5.0,6030.0,41.0,54.0,0.0,70.0,0.0,7.73,1.86,12.36
2018/05/23,36.45,36.55,36.25,36.35,504.0,18401.0,-0.1374,0.2105,177.0,48.0,0.0,0.0,48.0,6021.0,25.0,34.0,0.0,70.0,0.0,7.72,1.86,12.38
2018/05/24,36.3,36.4,36.15,36.25,482.0,17491.0,-0.2751,0.2013,200.0,18.0,0.0,-1.0,17.0,5972.0,29.0,78.0,0.0,70.0,0.0,7.7,1.85,12.41
2018/05/25,36.25,36.3,36.0,36.15,400.0,14467.0,-0.2759,0.1671,187.0,-8.0,0.0,0.0,-8.0,5748.0,29.0,253.0,0.0,70.0,0.0,7.68,1.85,12.45
2018/05/28,36.1,36.3,36.1,36.15,205.0,7449.0,0.0,0.0856,120.0,2.0,0.0,0.0,2.0,5704.0,6.0,50.0,2.0,68.0,0.0,7.68,1.85,12.45
2018/05/29,36.1,36.3,36.05,36.2,195.0,7066.0,0.1383,0.0814,98.0,-19.0,0.0,0.0,-19.0,5666.0,6.0,44.0,0.0,68.0,0.0,7.69,1.85,12.43
2018/05/30,36.2,36.2,36.0,36.05,340.0,12267.0,-0.4144,0.142,160.0,-13.0,0.0,0.0,-13.0,5699.0,45.0,12.0,2.0,66.0,0.0,7.65,1.84,12.48
2018/05/31,36.05,36.4,36.0,36.15,319.0,11537.0,0.2774,0.1332,166.0,4.0,0.0,0.0,4.0,5693.0,31.0,37.0,0.0,66.0,0.0,7.68,1.85,12.45
2018/06/01,36.15,36.3,35.95,36.1,570.0,20567.0,-0.1383,0.238,253.0,59.0,0.0,0.0,59.0,5505.0,16.0,203.0,0.0,66.0,0.0,7.66,1.84,12.47
2018/06/04,36.2,36.8,36.2,36.75,509.0,18665.0,1.8006,0.2126,261.0,129.0,0.0,-3.0,126.0,5484.0,41.0,62.0,0.0,66.0,0.0,7.8,1.88,12.24
2018/06/05,37.0,38.2,36.6,36.7,854.0,31736.0,-0.1361,0.3567,452.0,-1.0,0.0,0.0,-1.0,5520.0,71.0,35.0,0.0,66.0,0.0,7.79,1.87,12.26
2018/06/06,36.9,37.25,36.7,36.95,675.0,24934.0,0.6812,0.2819,314.0,-15.0,0.0,0.0,-15.0,5497.0,31.0,54.0,0.0,73.0,7.0,7.85,1.89,12.18
2018/06/07,37.4,37.4,36.85,36.85,484.0,17900.0,-0.2706,0.2021,228.0,21.0,0.0,-28.0,-7.0,5469.0,14.0,42.0,0.0,73.0,0.0,7.82,1.88,12.21
2018/06/08,37.2,37.2,36.55,36.55,627.0,23049.0,-0.8141,0.2619,250.0,18.0,0.0,-31.0,-13.0,5476.0,36.0,29.0,6.0,67.0,0.0,7.76,1.87,12.31
2018/06/11,36.7,37.0,36.45,36.5,754.0,27647.0,-0.1368,0.3149,305.0,37.0,0.0,-8.0,29.0,5397.0,41.0,120.0,0.0,67.0,0.0,7.75,1.86,12.33
2018/06/12,36.75,36.8,36.5,36.55,394.0,14436.0,0.137,0.1645,179.0,34.0,0.0,-1.0,33.0,5383.0,16.0,30.0,2.0,65.0,0.0,7.76,1.87,12.31
2018/06/13,36.55,36.8,36.5,36.8,450.0,16485.0,0.684,0.1879,187.0,22.0,0.0,0.0,22.0,5294.0,39.0,128.0,5.0,60.0,0.0,7.81,1.88,12.23
2018/06/14,37.5,37.5,36.85,36.9,1344.0,49899.0,0.2717,0.5613,579.0,12.0,0.0,0.0,12.0,4849.0,119.0,564.0,0.0,60.0,0.0,7.83,1.88,12.2
2018/06/15,37.0,37.25,36.9,37.05,397.0,14729.0,0.4065,0.1658,211.0,6.0,0.0,0.0,6.0,4849.0,57.0,57.0,0.0,74.0,14.0,7.87,1.89,12.15
2018/06/19,37.1,37.5,37.0,37.15,816.0,30348.0,0.2699,0.3408,343.0,98.0,0.0,0.0,98.0,4431.0,35.0,72.0,0.0,74.0,0.0,7.89,1.9,12.11
2018/06/20,37.3,37.3,36.8,37.05,551.0,20374.0,-0.2692,0.2301,202.0,33.0,0.0,2.0,35.0,4375.0,15.0,71.0,0.0,74.0,0.0,7.87,1.89,12.15
2018/06/21,37.05,37.1,36.9,36.95,828.0,30616.0,-0.2699,0.3458,227.0,-21.0,0.0,0.0,-21.0,4371.0,7.0,11.0,45.0,29.0,0.0,7.85,1.89,12.18
2018/06/22,36.9,37.1,36.85,37.0,471.0,17399.0,0.1353,0.1967,134.0,13.0,0.0,0.0,13.0,4349.0,0.0,22.0,0.0,29.0,0.0,7.86,1.89,12.16
2018/06/25,37.3,37.3,36.9,37.0,570.0,21157.0,0.0,0.238,145.0,-21.0,0.0,0.0,-21.0,4363.0,24.0,10.0,0.0,29.0,0.0,7.86,1.89,12.16
2018/06/26,37.0,37.0,36.55,36.9,574.0,21134.0,-0.2703,0.2397,173.0,-19.0,0.0,2.0,-17.0,4343.0,8.0,28.0,4.0,11.0,0.0,7.83,1.88,12.2
2018/06/27,36.8,36.9,36.5,36.55,495.0,18194.0,-0.9485,0.2067,205.0,-38.0,0.0,0.0,-38.0,4301.0,7.0,46.0,0.0,11.0,0.0,7.76,1.87,12.31
2018/06/28,36.55,36.55,36.05,36.2,269.0,9774.0,-0.9576,0.1123,192.0,-45.0,0.0,1.0,-44.0,4285.0,14.0,30.0,0.0,11.0,0.0,7.69,1.85,12.43
2018/06/29,36.15,36.2,36.0,36.1,322.0,11654.0,-0.2762,0.1321,189.0,-50.0,-34.0,1.0,-83.0,4228.0,28.0,85.0,0.0,11.0,0.0,7.66,1.84,12.47
2018/07/02,36.1,36.2,35.2,35.2,538.0,19205.0,-2.4931,0.2208,350.0,-82.0,-40.0,-3.0,-125.0,4252.0,84.0,60.0,0.0,11.0,0.0,7.47,1.8,12.78
2018/07/03,35.2,35.4,34.05,34.3,826.0,28626.0,-2.5568,0.339,462.0,-79.0,-39.0,0.0,-118.0,4253.0,91.0,90.0,0.0,13.0,2.0,7.28,1.75,13.12
2018/07/04,34.0,34.3,33.4,34.3,1021.0,34510.0,0.0,0.419,407.0,-2.0,0.0,0.0,-2.0,4252.0,46.0,47.0,0.0,20.0,7.0,7.28,1.75,13.12
2018/07/05,34.3,34.3,33.95,34.05,217.0,7383.0,-0.7289,0.089,74.0,-59.0,0.0,0.0,-59.0,4244.0,0.0,8.0,0.0,21.0,1.0,7.23,1.74,13.22
2018/07/06,34.05,34.3,33.6,33.8,447.0,15144.0,-0.7342,0.1834,146.0,-66.0,0.0,0.0,-66.0,4213.0,11.0,42.0,1.0,20.0,0.0,7.18,1.73,13.31
2018/07/09,34.0,34.1,33.7,34.0,164.0,5567.0,0.5917,0.0673,105.0,-24.0,0.0,0.0,-24.0,4215.0,4.0,2.0,0.0,20.0,0.0,7.22,1.74,13.24
2018/07/10,34.2,34.2,34.0,34.15,138.0,4702.0,0.4412,0.0566,81.0,-36.0,0.0,0.0,-36.0,4188.0,4.0,31.0,0.0,20.0,0.0,7.25,1.74,13.18
2018/07/11,34.0,34.05,33.8,33.9,152.0,5158.0,-0.7321,0.0624,121.0,-84.0,0.0,-2.0,-86.0,4194.0,8.0,2.0,0.0,20.0,0.0,7.2,1.73,13.27
2018/07/12,33.9,34.0,33.8,33.95,154.0,5258.0,0.1475,0.0632,95.0,-35.0,0.0,0.0,-35.0,4218.0,25.0,1.0,13.0,7.0,0.0,7.21,1.73,13.25
2018/07/13,34.1,34.15,33.95,33.95,201.0,6857.0,0.0,0.0825,98.0,-95.0,0.0,0.0,-95.0,4136.0,6.0,48.0,0.0,7.0,0.0,7.21,1.73,13.25
2018/07/16,34.0,34.0,33.7,33.7,250.0,8461.0,-0.7364,0.1026,132.0,-108.0,0.0,-1.0,-109.0,4125.0,3.0,14.0,7.0,0.0,0.0,7.15,1.72,13.35
2018/07/17,33.7,33.8,33.4,33.5,256.0,8603.0,-0.5935,0.1051,154.0,-159.0,0.0,1.0,-158.0,4125.0,15.0,15.0,0.0,7.0,7.0,7.11,1.71,13.43
2018/07/18,33.75,34.2,33.65,34.2,161.0,5479.0,2.0896,0.0661,112.0,-45.0,0.0,0.0,-45.0,4130.0,11.0,6.0,0.0,7.0,0.0,7.26,1.75,13.16
2018/07/19,34.2,34.35,33.8,33.8,133.0,4545.0,-1.1696,0.0546,106.0,-85.0,0.0,0.0,-85.0,4133.0,9.0,6.0,0.0,7.0,0.0,7.18,1.73,13.31
2018/07/20,34.0,34.0,33.45,33.65,208.0,6991.0,-0.4438,0.0854,142.0,-64.0,0.0,0.0,-64.0,4141.0,13.0,5.0,0.0,94.0,87.0,7.14,1.72,13.37
2018/07/23,33.55,33.65,33.3,33.45,126.0,4237.0,-0.5944,0.0517,91.0,-56.0,0.0,0.0,-56.0,4134.0,4.0,11.0,0.0,107.0,19.0,7.1,1.71,13.45
2018/07/24,33.45,33.7,33.45,33.55,127.0,4276.0,0.299,0.0521,80.0,-22.0,0.0,0.0,-22.0,4139.0,11.0,6.0,0.0,109.0,2.0,7.12,1.71,13.41
2018/07/25,33.55,33.8,33.5,33.65,81.0,2730.0,0.2981,0.0332,67.0,-28.0,0.0,0.0,-28.0,4131.0,0.0,8.0,0.0,115.0,6.0,7.14,1.72,13.37
2018/07/26,33.65,33.75,33.5,33.5,151.0,5108.0,-0.4458,0.062,104.0,-32.0,0.0,0.0,-32.0,4088.0,17.0,60.0,0.0,115.0,0.0,7.11,1.71,13.43
2018/07/27,33.75,34.8,33.55,34.05,293.0,9966.0,1.6418,0.1202,146.0,-43.0,0.0,65.0,22.0,4094.0,7.0,1.0,0.0,115.0,0.0,7.23,1.74,13.22
2018/07/30,34.0,34.2,33.6,33.65,159.0,5393.0,-1.1747,0.0652,108.0,-43.0,0.0,0.0,-43.0,4105.0,17.0,6.0,0.0,69.0,3.0,7.14,1.72,13.37
2018/07/31,33.6,34.5,33.45,34.4,229.0,7803.0,2.2288,0.0939,169.0,-29.0,0.0,0.0,-29.0,4109.0,29.0,25.0,1.0,61.0,0.0,7.3,1.76,13.08
2018/08/01,34.4,34.5,34.0,34.25,128.0,4414.0,-0.436,0.0525,81.0,-31.0,0.0,0.0,-31.0,4109.0,6.0,6.0,2.0,59.0,0.0,7.27,1.75,13.14
2018/08/02,34.25,34.45,34.25,34.25,360.0,12378.0,0.0,0.1476,144.0,-66.0,0.0,-4.0,-70.0,4107.0,11.0,13.0,0.0,46.0,8.0,7.27,1.75,13.14
2018/08/03,34.35,34.45,34.0,34.1,305.0,10437.0,-0.438,0.1251,133.0,-63.0,0.0,0.0,-63.0,4107.0,30.0,30.0,0.0,122.0,76.0,7.24,1.74,13.2
2018/08/06,34.4,34.5,34.3,34.45,85.0,2931.0,1.0264,0.0349,62.0,0.0,0.0,0.0,0.0,4111.0,8.0,4.0,0.0,122.0,0.0,7.31,1.76,13.06
2018/08/07,35.0,35.8,34.75,35.75,817.0,28675.0,3.7736,0.335,327.0,93.0,0.0,0.0,93.0,4058.0,98.0,151.0,0.0,150.0,28.0,7.59,1.83,12.59
2018/08/08,35.9,36.9,35.9,36.2,704.0,25631.0,1.2587,0.2887,272.0,-80.0,0.0,-18.0,-98.0,4034.0,24.0,48.0,0.0,112.0,0.0,7.69,1.85,12.43
2018/08/09,36.3,36.75,35.9,36.0,260.0,9398.0,-0.5525,0.1066,174.0,25.0,0.0,-48.0,-23.0,4031.0,20.0,23.0,0.0,33.0,1.0,7.64,1.84,12.5
2018/08/10,36.05,36.05,35.65,35.65,247.0,8864.0,-0.9722,0.1012,152.0,-6.0,0.0,0.0,-6.0,4005.0,31.0,55.0,1.0,31.0,0.0,7.57,1.82,12.62
2018/08/13,35.7,35.7,34.8,35.05,379.0,13297.0,-1.683,0.1553,221.0,-35.0,0.0,1.0,-34.0,4050.0,71.0,26.0,0.0,4.0,0.0,7.44,1.79,12.84
2018/08/14,35.15,35.4,35.0,35.4,201.0,7106.0,0.9986,0.0824,110.0,7.0,0.0,0.0,7.0,4040.0,5.0,15.0,0.0,4.0,0.0,32.48,2.32,12.71
2018/08/15,35.4,35.4,35.0,35.05,223.0,7857.0,-0.9887,0.0914,113.0,16.0,0.0,0.0,16.0,3962.0,7.0,85.0,0.0,4.0,0.0,32.16,2.3,12.84
2018/08/16,35.05,35.6,34.6,35.05,204.0,7136.0,0.0,0.0836,132.0,-14.0,0.0,34.0,20.0,3962.0,13.0,12.0,0.0,4.0,0.0,32.16,2.3,12.61
2018/08/17,35.05,35.35,34.9,34.9,148.0,5200.0,-0.428,0.0606,98.0,-27.0,0.0,3.0,-24.0,3932.0,8.0,38.0,0.0,4.0,0.0,32.02,2.29,12.66
2018/08/20,34.8,35.05,34.75,34.8,222.0,7755.0,-0.2865,0.091,120.0,16.0,0.0,0.0,16.0,3930.0,3.0,5.0,1.0,3.0,0.0,31.93,2.28,12.7
2018/08/21,34.8,35.0,34.65,34.8,439.0,15303.0,0.0,0.1799,132.0,11.0,0.0,0.0,11.0,3936.0,7.0,1.0,0.0,3.0,0.0,31.93,2.28,12.7
2018/08/22,34.8,34.8,34.7,34.7,238.0,8280.0,-0.2874,0.0975,143.0,0.0,0.0,0.0,0.0,3938.0,2.0,0.0,0.0,3.0,0.0,31.83,2.27,12.74
2018/08/23,34.7,34.9,34.65,34.65,299.0,10403.0,-0.1441,0.1225,120.0,-76.0,0.0,-1.0,-77.0,4038.0,102.0,2.0,1.0,2.0,0.0,31.79,2.27,12.76
2018/08/24,34.65,34.65,33.9,34.2,650.0,22219.0,-1.2987,0.2663,314.0,-95.0,0.0,0.0,-95.0,4111.0,93.0,20.0,2.0,0.0,0.0,31.38,2.24,12.92
2018/08/27,34.2,34.65,33.95,33.95,919.0,31319.0,-0.731,0.3766,327.0,-89.0,0.0,-32.0,-121.0,4199.0,229.0,141.0,0.0,0.0,0.0,31.15,2.22,13.02
2018/08/28,33.95,34.45,33.95,34.3,1721.0,58733.0,1.0309,0.7052,317.0,-40.0,0.0,0.0,-40.0,4492.0,422.0,129.0,0.0,0.0,0.0,31.47,2.25,12.89
2018/08/29,34.55,34.6,34.15,34.3,2095.0,72103.0,0.0,0.8585,677.0,-102.0,0.0,0.0,-102.0,4650.0,285.0,127.0,0.0,0.0,0.0,31.47,2.25,12.89
2018/08/30,29.5,30.2,29.5,30.05,1187.0,35406.0,0.4819,0.4864,370.0,365.0,0.0,0.0,365.0,4252.0,42.0,440.0,0.0,69.0,69.0,27.57,1.97,14.71
2018/08/31,30.05,30.05,29.4,29.6,316.0,9392.0,-1.4975,0.1295,204.0,-40.0,0.0,0.0,-40.0,4260.0,37.0,28.0,0.0,70.0,1.0,27.16,1.94,14.93
2018/09/03,29.6,29.65,29.1,29.1,186.0,5456.0,-1.6892,0.0762,115.0,-1.0,0.0,0.0,-1.0,4263.0,27.0,24.0,0.0,70.0,0.0,26.7,1.91,15.19
2018/09/04,29.1,29.3,28.6,28.6,248.0,7152.0,-1.7182,0.1016,188.0,-46.0,0.0,0.0,-46.0,4278.0,31.0,16.0,0.0,73.0,3.0,26.24,1.87,15.45
2018/09/05,28.6,28.75,28.3,28.35,262.0,7469.0,-0.8741,0.1074,120.0,-30.0,0.0,0.0,-30.0,4271.0,11.0,13.0,0.0,73.0,0.0,26.01,1.86,15.59
2018/09/06,28.4,28.5,27.55,27.65,312.0,8753.0,-2.4691,0.1278,194.0,-18.0,0.0,0.0,-18.0,4286.0,17.0,2.0,0.0,75.0,2.0,25.37,1.81,15.99
2018/09/07,26.8,27.3,26.75,26.75,444.0,11939.0,-3.255,0.1819,236.0,51.0,0.0,0.0,51.0,4296.0,51.0,34.0,1.0,74.0,0.0,24.54,1.75,16.52
2018/09/10,26.75,26.75,26.0,26.15,310.0,8117.0,-2.243,0.127,154.0,41.0,0.0,0.0,41.0,4256.0,27.0,67.0,0.0,77.0,3.0,23.99,1.71,16.9
2018/09/11,25.95,26.4,25.95,26.2,228.0,5954.0,0.1912,0.0934,87.0,9.0,0.0,0.0,9.0,4238.0,13.0,16.0,2.0,75.0,0.0,24.04,1.72,16.87
2018/09/12,26.45,26.45,26.1,26.25,134.0,3527.0,0.1908,0.0549,88.0,-33.0,0.0,1.0,-32.0,4241.0,23.0,10.0,0.0,75.0,0.0,24.08,1.72,16.84
2018/09/13,26.25,26.65,26.25,26.6,207.0,5491.0,1.3333,0.0848,111.0,30.0,0.0,0.0,30.0,4233.0,3.0,7.0,5.0,70.0,0.0,24.4,1.74,16.62
2018/09/14,26.65,26.8,26.5,26.8,128.0,3419.0,0.7519,0.0524,76.0,-31.0,0.0,0.0,-31.0,4231.0,8.0,10.0,0.0,70.0,0.0,24.59,1.76,16.49
2018/09/17,26.9,27.15,26.8,27.0,171.0,4610.0,0.7463,0.0701,86.0,-20.0,0.0,0.0,-20.0,4242.0,20.0,8.0,0.0,70.0,0.0,24.77,1.77,16.37
2018/09/18,27.0,27.1,26.85,27.05,95.0,2583.0,0.1852,0.0389,73.0,35.0,0.0,-2.0,33.0,4241.0,2.0,3.0,0.0,70.0,0.0,24.82,1.77,16.34
2018/09/19,27.1,27.5,27.1,27.4,207.0,5669.0,1.2939,0.0848,138.0,49.0,0.0,-2.0,47.0,4237.0,16.0,20.0,0.0,70.0,0.0,25.14,1.8,16.13
2018/09/20,27.7,28.4,27.55,28.2,434.0,12144.0,2.9197,0.1778,215.0,68.0,0.0,1.0,69.0,4269.0,60.0,28.0,0.0,70.0,0.0,25.87,1.85,15.67
2018/09/21,28.35,29.0,28.35,28.9,270.0,7747.0,2.4823,0.1106,163.0,43.0,0.0,0.0,43.0,4244.0,9.0,28.0,24.0,47.0,1.0,26.51,1.89,15.29
2018/09/25,28.9,29.7,28.9,29.35,298.0,8789.0,1.5571,0.1221,146.0,1.0,0.0,0.0,1.0,4231.0,8.0,21.0,20.0,40.0,13.0,26.93,1.92,15.06
2018/09/26,29.4,29.45,28.9,28.9,180.0,5267.0,-1.5332,0.0738,114.0,-1.0,0.0,0.0,-1.0,4224.0,18.0,25.0,11.0,29.0,0.0,26.51,1.89,15.29
2018/09/27,28.6,28.6,28.1,28.35,218.0,6191.0,-1.9031,0.0893,121.0,-5.0,0.0,0.0,-5.0,3961.0,49.0,15.0,1.0,35.0,7.0,26.01,1.86,15.59
2018/09/28,28.35,28.45,28.1,28.35,95.0,2700.0,0.0,0.0389,71.0,-19.0,0.0,-1.0,-20.0,3973.0,16.0,4.0,0.0,40.0,5.0,26.01,1.86,15.59
2018/10/01,28.25,28.45,28.25,28.35,47.0,1333.0,0.0,0.0193,30.0,-1.0,0.0,0.0,-1.0,3974.0,1.0,0.0,0.0,40.0,0.0,26.01,1.86,15.59
2018/10/02,29.5,29.5,28.4,28.7,179.0,5135.0,1.2346,0.0733,103.0,-4.0,0.0,0.0,-4.0,3957.0,33.0,44.0,17.0,23.0,0.0,26.33,1.88,15.4
2018/10/03,28.7,28.9,28.6,28.8,61.0,1754.0,0.3484,0.025,51.0,10.0,0.0,-1.0,9.0,3958.0,6.0,5.0,0.0,23.0,0.0,26.42,1.89,15.35
2018/10/04,28.5,29.25,28.5,29.0,284.0,8231.0,0.6944,0.1164,124.0,79.0,0.0,-1.0,78.0,3952.0,96.0,100.0,9.0,14.0,0.0,26.61,1.9,15.24
2018/10/05,28.6,28.85,28.6,28.8,283.0,8141.0,-0.6897,0.116,136.0,42.0,0.0,5.0,47.0,3900.0,65.0,117.0,0.0,15.0,1.0,26.42,1.89,15.35
2018/10/08,28.8,29.35,28.8,29.05,172.0,4990.0,0.8681,0.0705,129.0,50.0,0.0,0.0,50.0,3888.0,33.0,45.0,5.0,10.0,0.0,26.65,1.9,15.22
2018/10/09,29.45,29.6,29.05,29.5,455.0,13335.0,1.5491,0.1864,240.0,108.0,0.0,1.0,109.0,3778.0,28.0,138.0,0.0,10.0,0.0,27.06,1.93,14.98
2018/10/11,28.9,28.9,27.4,27.85,480.0,13436.0,-5.5932,0.1967,319.0,51.0,0.0,-5.0,46.0,3757.0,36.0,55.0,2.0,49.0,41.0,25.55,1.83,15.87
2018/10/12,27.55,28.45,27.05,28.35,452.0,12543.0,1.7953,0.1852,243.0,12.0,0.0,-1.0,11.0,3671.0,21.0,77.0,8.0,41.0,0.0,26.01,1.86,15.59
2018/10/15,28.8,28.85,28.05,28.85,173.0,4924.0,1.7637,0.0709,141.0,86.0,0.0,0.0,86.0,3642.0,1.0,30.0,0.0,51.0,10.0,26.47,1.89,15.32
2018/10/16,28.6,29.5,28.6,28.8,255.0,7449.0,-0.1733,0.1045,157.0,30.0,0.0,0.0,30.0,3619.0,41.0,64.0,0.0,51.0,0.0,26.42,1.89,15.35
2018/10/17,28.9,29.0,28.6,28.6,120.0,3457.0,-0.6944,0.0492,96.0,60.0,0.0,0.0,60.0,3625.0,8.0,2.0,0.0,29.0,0.0,26.24,1.87,15.45
2018/10/18,28.9,28.9,28.1,28.35,85.0,2428.0,-0.8741,0.0348,76.0,38.0,0.0,8.0,46.0,3611.0,1.0,15.0,0.0,18.0,0.0,26.01,1.86,15.59
2018/10/19,28.9,29.85,27.65,29.85,1796.0,52809.0,5.291,0.7359,625.0,772.0,0.0,-8.0,764.0,3563.0,7.0,55.0,2.0,38.0,22.0,27.39,1.96,14.81
2018/10/22,29.45,29.55,29.3,29.5,229.0,6735.0,-1.1725,0.0938,181.0,-55.0,0.0,0.0,-55.0,3563.0,31.0,31.0,22.0,21.0,5.0,27.06,1.93,14.98
2018/10/23,29.35,29.35,28.35,28.7,144.0,4150.0,-2.7119,0.059,95.0,-16.0,0.0,0.0,-16.0,3568.0,17.0,12.0,5.0,19.0,3.0,26.33,1.88,15.4
2018/10/24,28.5,28.5,27.8,28.0,139.0,3911.0,-2.439,0.057,103.0,-27.0,0.0,0.0,-27.0,3567.0,14.0,15.0,0.0,19.0,0.0,25.69,1.83,15.79
2018/10/25,27.4,27.4,26.9,27.1,227.0,6154.0,-3.2143,0.093,144.0,-33.0,0.0,0.0,-33.0,3537.0,11.0,41.0,0.0,19.0,0.0,24.86,1.78,16.31
2018/10/26,27.5,27.5,26.3,27.0,316.0,8434.0,-0.369,0.1295,154.0,2.0,0.0,0.0,2.0,3388.0,17.0,166.0,0.0,19.0,0.0,24.77,1.77,16.37
2018/10/29,26.9,26.9,26.6,26.7,96.0,2568.0,-1.1111,0.0393,60.0,-13.0,0.0,0.0,-13.0,3386.0,20.0,2.0,1.0,18.0,0.0,24.5,1.75,16.55
2018/10/30,26.75,26.75,26.5,26.6,141.0,3764.0,-0.3745,0.0578,81.0,-46.0,0.0,-4.0,-50.0,3393.0,16.0,9.0,0.0,18.0,0.0,24.4,1.74,16.62
2018/10/31,26.75,27.1,26.6,26.8,170.0,4551.0,0.7519,0.0696,99.0,-38.0,0.0,-1.0,-39.0,3421.0,35.0,7.0,0.0,19.0,1.0,24.59,1.76,16.49
2018/11/01,26.55,26.7,26.35,26.5,209.0,5545.0,-1.1194,0.0856,97.0,-2.0,0.0,0.0,-2.0,3431.0,35.0,25.0,0.0,20.0,1.0,24.31,1.74,16.68
2018/11/02,26.5,26.5,26.1,26.4,225.0,5919.0,-0.3774,0.0922,157.0,7.0,0.0,0.0,7.0,3402.0,24.0,53.0,0.0,21.0,1.0,24.22,1.73,16.74
2018/11/05,26.2,26.4,26.1,26.3,108.0,2839.0,-0.3788,0.0442,82.0,49.0,0.0,0.0,49.0,3399.0,3.0,6.0,0.0,21.0,0.0,24.13,1.72,16.81
2018/11/06,26.2,26.55,26.1,26.35,101.0,2650.0,0.1901,0.0414,69.0,17.0,0.0,0.0,17.0,3386.0,7.0,20.0,5.0,16.0,0.0,24.17,1.73,16.77
2018/11/07,26.35,26.35,26.1,26.2,52.0,1365.0,-0.5693,0.0213,33.0,4.0,0.0,0.0,4.0,3389.0,5.0,2.0,0.0,16.0,0.0,24.04,1.72,16.87
2018/11/08,26.2,26.25,26.0,26.1,254.0,6646.0,-0.3817,0.1041,159.0,28.0,0.0,0.0,28.0,3389.0,8.0,4.0,0.0,16.0,0.0,23.94,1.71,16.93
2018/11/09,26.1,26.3,26.0,26.3,78.0,2034.0,0.7663,0.032,54.0,1.0,0.0,0.0,1.0,3402.0,13.0,0.0,0.0,20.0,4.0,24.13,1.72,16.81
2018/11/12,26.3,26.3,25.8,25.8,172.0,4472.0,-1.9011,0.0705,127.0,-39.0,0.0,0.0,-39.0,3398.0,27.0,31.0,0.0,34.0,14.0,23.67,1.69,17.13
2018/11/13,25.6,26.0,25.6,25.9,49.0,1289.0,0.3876,0.0201,40.0,-1.0,0.0,0.0,-1.0,3407.0,12.0,3.0,0.0,35.0,1.0,23.76,1.7,17.07
2018/11/14,25.9,26.2,25.85,26.0,45.0,1184.0,0.3861,0.0184,49.0,22.0,0.0,0.0,22.0,3409.0,3.0,1.0,0.0,35.0,0.0,30.59,1.75,17.0
2018/11/15,26.0,26.0,25.7,25.85,82.0,2118.0,-0.5769,0.0336,55.0,-6.0,0.0,0.0,-6.0,3409.0,1.0,1.0,0.0,35.0,0.0,30.41,1.74,17.1
2018/11/16,25.85,25.9,25.75,25.8,93.0,2411.0,-0.1934,0.0381,67.0,23.0,0.0,0.0,23.0,3412.0,3.0,0.0,4.0,31.0,0.0,30.35,1.74,17.13
2018/11/19,25.7,25.9,25.6,25.9,71.0,1830.0,0.3876,0.0291,52.0,2.0,0.0,0.0,2.0,3425.0,14.0,1.0,2.0,29.0,0.0,30.47,1.74,17.07
2018/11/20,25.8,26.25,25.8,26.1,97.0,2528.0,0.7722,0.0397,61.0,6.0,0.0,-1.0,5.0,3432.0,13.0,6.0,8.0,21.0,0.0,30.71,1.76,16.93
2018/11/21,25.9,26.15,25.9,26.15,23.0,625.0,0.1916,0.0094,25.0,10.0,0.0,0.0,10.0,3431.0,0.0,1.0,0.0,21.0,0.0,30.76,1.76,16.9
2018/11/22,26.6,26.65,26.05,26.1,58.0,1521.0,-0.1912,0.0238,46.0,13.0,0.0,0.0,13.0,3432.0,3.0,2.0,1.0,20.0,0.0,30.71,1.76,16.93
2018/11/23,26.25,26.25,25.9,26.0,31.0,812.0,-0.3831,0.0127,24.0,5.0,0.0,0.0,5.0,3430.0,0.0,2.0,2.0,18.0,0.0,30.59,1.75,17.0
2018/11/26,26.0,26.65,26.0,26.5,147.0,3910.0,1.9231,0.0602,126.0,53.0,0.0,1.0,54.0,3427.0,5.0,8.0,3.0,15.0,0.0,31.18,1.78,16.68
2018/11/27,26.5,26.5,26.1,26.45,355.0,9367.0,-0.1887,0.1454,88.0,60.0,0.0,0.0,60.0,3428.0,172.0,171.0,5.0,10.0,0.0,31.12,1.78,16.71
2018/11/28,26.5,26.55,26.2,26.5,107.0,2836.0,0.189,0.0438,67.0,2.0,0.0,0.0,2.0,3447.0,23.0,4.0,2.0,8.0,0.0,31.18,1.78,16.68
2018/11/29,26.55,26.7,26.25,26.4,724.0,19123.0,-0.3774,0.2966,88.0,15.0,0.0,0.0,15.0,3464.0,617.0,600.0,3.0,5.0,0.0,31.06,1.78,16.74
2018/11/30,26.45,26.55,26.3,26.5,269.0,7121.0,0.3788,0.1102,62.0,33.0,0.0,-9.0,24.0,3466.0,144.0,142.0,0.0,5.0,0.0,31.18,1.78,16.68
2018/12/03,26.6,26.7,26.45,26.55,258.0,6876.0,0.1887,0.1057,160.0,-14.0,0.0,0.0,-14.0,3513.0,56.0,9.0,0.0,5.0,0.0,31.24,1.79,16.65
2018/12/04,26.55,26.75,26.5,26.5,113.0,3024.0,-0.1883,0.0463,96.0,-32.0,0.0,0.0,-32.0,3518.0,5.0,0.0,0.0,5.0,0.0,31.18,1.78,16.68
2018/12/05,26.4,26.6,26.3,26.6,85.0,2255.0,0.3774,0.0348,48.0,4.0,0.0,-1.0,3.0,3512.0,0.0,6.0,0.0,9.0,4.0,31.29,1.79,16.62
2018/12/06,26.6,26.65,26.2,26.2,163.0,4303.0,-1.5038,0.0668,104.0,-12.0,0.0,0.0,-12.0,3517.0,11.0,6.0,4.0,5.0,0.0,30.82,1.76,16.87
2018/12/07,26.5,26.5,26.3,26.4,35.0,925.0,0.7634,0.0143,28.0,7.0,0.0,0.0,7.0,3504.0,0.0,8.0,0.0,5.0,0.0,31.06,1.78,16.74
2018/12/10,26.4,26.4,26.3,26.35,70.0,1846.0,-0.1894,0.0287,29.0,6.0,0.0,0.0,6.0,3505.0,3.0,2.0,0.0,5.0,0.0,31.0,1.77,16.77
2018/12/11,26.2,26.25,26.0,26.15,189.0,4945.0,-0.759,0.0774,96.0,2.0,0.0,0.0,2.0,3509.0,5.0,1.0,0.0,5.0,0.0,30.76,1.76,16.9
2018/12/12,26.1,26.4,26.1,26.4,102.0,2698.0,0.956,0.0418,68.0,45.0,0.0,0.0,45.0,3505.0,1.0,5.0,0.0,5.0,0.0,31.06,1.78,16.74
2018/12/13,26.25,26.4,26.25,26.3,96.0,2530.0,-0.3788,0.0393,48.0,7.0,0.0,0.0,7.0,3483.0,0.0,17.0,0.0,5.0,0.0,30.94,1.77,16.81
2018/12/14,26.4,26.5,26.3,26.35,161.0,4246.0,0.1901,0.066,58.0,-30.0,0.0,0.0,-30.0,3483.0,55.0,55.0,0.0,5.0,0.0,31.0,1.77,16.77
2018/12/17,26.3,26.7,26.3,26.65,117.0,3124.0,1.1385,0.0479,81.0,33.0,0.0,0.0,33.0,3486.0,5.0,2.0,0.0,5.0,0.0,31.35,1.79,16.59
2018/12/18,26.7,26.8,26.5,26.7,96.0,2563.0,0.1876,0.0393,56.0,10.0,0.0,0.0,10.0,3483.0,1.0,4.0,2.0,3.0,0.0,31.41,1.8,16.55
2018/12/19,26.65,26.75,26.55,26.65,42.0,1119.0,-0.1873,0.0172,30.0,4.0,0.0,0.0,4.0,3484.0,1.0,0.0,0.0,3.0,0.0,31.35,1.79,16.59
2018/12/20,26.5,26.8,26.5,26.7,110.0,2940.0,0.1876,0.0451,67.0,9.0,0.0,0.0,9.0,3484.0,0.0,0.0,0.0,3.0,0.0,31.41,1.8,16.55
2018/12/21,26.8,26.8,26.6,26.7,103.0,2763.0,0.0,0.0422,59.0,17.0,0.0,0.0,17.0,3488.0,6.0,2.0,0.0,3.0,0.0,31.41,1.8,16.55
2018/12/22,26.7,26.75,26.6,26.7,60.0,1622.0,0.0,0.0246,30.0,0.0,0.0,0.0,0.0,3482.0,1.0,7.0,0.0,3.0,0.0,31.41,1.8,16.55
2018/12/24,26.65,27.4,26.65,27.2,177.0,4800.0,1.8727,0.0725,106.0,20.0,0.0,0.0,20.0,3500.0,34.0,16.0,2.0,1.0,0.0,32.0,1.83,16.25
2018/12/25,27.35,27.55,26.85,26.85,197.0,5372.0,-1.2868,0.0807,118.0,8.0,0.0,0.0,8.0,3486.0,21.0,35.0,0.0,1.0,0.0,31.59,1.81,16.46
2018/12/26,26.95,27.95,26.95,27.4,250.0,6907.0,2.0484,0.1024,165.0,30.0,0.0,0.0,30.0,3497.0,24.0,13.0,0.0,3.0,2.0,32.24,1.85,16.13
2018/12/27,28.35,28.35,27.7,27.9,173.0,4841.0,1.8248,0.0709,103.0,-10.0,0.0,0.0,-10.0,3486.0,13.0,24.0,0.0,6.0,3.0,32.82,1.88,15.84
2018/12/28,28.2,28.2,27.9,28.1,160.0,4497.0,0.7168,0.0656,119.0,12.0,0.0,0.0,12.0,3493.0,9.0,2.0,0.0,10.0,4.0,33.06,1.89,15.73
2019/01/02,28.65,28.65,28.0,28.2,114.0,3219.0,0.3559,0.0467,98.0,-65.0,0.0,0.0,-65.0,3493.0,10.0,10.0,0.0,11.0,1.0,33.18,1.9,15.67
2019/01/03,28.15,28.25,28.05,28.05,176.0,4970.0,-0.5319,0.0721,122.0,11.0,0.0,0.0,11.0,3498.0,28.0,23.0,0.0,12.0,1.0,33.0,1.89,15.76
2019/01/04,28.05,28.15,27.85,27.85,230.0,6444.0,-0.713,0.0942,100.0,24.0,0.0,0.0,24.0,3501.0,17.0,14.0,0.0,12.0,0.0,32.76,1.88,15.87
2019/01/07,28.0,28.15,28.0,28.1,71.0,2017.0,0.8977,0.0291,55.0,22.0,0.0,0.0,22.0,3501.0,4.0,4.0,0.0,14.0,2.0,33.06,1.89,15.73
2019/01/08,28.2,28.2,28.05,28.2,40.0,1132.0,0.3559,0.0164,43.0,-4.0,0.0,0.0,-4.0,3501.0,0.0,0.0,0.0,14.0,0.0,33.18,1.9,15.67
2019/01/09,28.45,28.6,28.25,28.4,93.0,2642.0,0.7092,0.0381,71.0,14.0,0.0,1.0,15.0,3495.0,8.0,14.0,0.0,16.0,2.0,33.41,1.91,15.56
2019/01/10,28.5,29.25,28.5,28.9,604.0,17453.0,1.7606,0.2475,161.0,17.0,0.0,0.0,17.0,3547.0,390.0,338.0,0.0,21.0,5.0,34.0,1.95,15.29
2019/01/11,28.9,29.15,28.85,29.0,316.0,9161.0,0.346,0.1295,130.0,12.0,0.0,0.0,12.0,3491.0,9.0,63.0,0.0,22.0,1.0,34.12,1.95,15.24
2019/01/14,29.0,29.15,29.0,29.0,103.0,3016.0,0.0,0.0422,67.0,3.0,0.0,-1.0,2.0,3483.0,3.0,11.0,0.0,24.0,2.0,34.12,1.95,15.24
2019/01/15,29.0,29.3,29.0,29.05,99.0,2886.0,0.1724,0.0406,78.0,12.0,0.0,1.0,13.0,3480.0,3.0,6.0,0.0,25.0,1.0,34.18,1.96,15.22
2019/01/16,29.2,29.2,29.0,29.0,136.0,3955.0,-0.1721,0.0557,82.0,13.0,0.0,0.0,13.0,3474.0,1.0,7.0,0.0,25.0,0.0,34.12,1.95,15.24
2019/01/17,29.2,29.4,29.0,29.0,201.0,5858.0,0.0,0.0823,79.0,-2.0,0.0,25.0,23.0,3474.0,11.0,11.0,0.0,25.0,0.0,34.12,1.95,15.24
2019/01/18,29.15,29.2,29.05,29.1,91.0,2673.0,0.3448,0.0373,78.0,50.0,0.0,0.0,50.0,3471.0,0.0,3.0,0.0,26.0,1.0,34.24,1.96,15.19
2019/01/21,29.6,29.7,29.15,29.6,854.0,25247.0,1.7182,0.3499,141.0,27.0,0.0,0.0,27.0,3457.0,630.0,644.0,0.0,27.0,1.0,34.82,1.99,14.93
2019/01/22,29.6,30.4,29.6,30.2,367.0,11044.0,2.027,0.1504,250.0,71.0,0.0,0.0,71.0,3480.0,71.0,48.0,0.0,31.0,4.0,35.53,2.03,14.64
2019/01/23,30.2,31.0,30.2,31.0,412.0,12643.0,2.649,0.1688,233.0,43.0,0.0,0.0,43.0,3468.0,18.0,30.0,0.0,32.0,1.0,36.47,2.09,14.26
2019/01/24,31.1,32.0,31.05,31.5,654.0,20695.0,1.6129,0.2679,354.0,-4.0,0.0,23.0,19.0,3554.0,158.0,72.0,0.0,34.0,2.0,37.06,2.12,14.03
2019/01/25,31.6,32.0,30.6,30.7,888.0,27458.0,-2.5397,0.3638,294.0,-70.0,0.0,0.0,-70.0,3579.0,435.0,410.0,2.0,34.0,2.0,36.12,2.07,14.4
2019/01/28,30.7,31.2,30.1,30.75,331.0,10163.0,0.1629,0.1356,203.0,-11.0,0.0,48.0,37.0,3494.0,10.0,20.0,3.0,32.0,1.0,36.18,2.07,14.37
2019/01/29,30.75,30.75,30.4,30.75,103.0,3155.0,0.0,0.0422,78.0,-16.0,0.0,8.0,-8.0,3468.0,21.0,29.0,0.0,32.0,0.0,36.18,2.07,14.37
2019/01/30,30.75,31.2,30.7,30.9,158.0,4899.0,0.4878,0.0647,84.0,4.0,0.0,0.0,4.0,3452.0,6.0,17.0,0.0,32.0,0.0,36.35,2.08,14.3
2019/02/11,30.8,31.5,30.8,31.5,134.0,4185.0,1.9417,0.0549,105.0,36.0,0.0,-1.0,35.0,3464.0,17.0,3.0,1.0,31.0,0.0,37.06,2.12,14.03
2019/02/12,31.7,31.9,31.4,31.7,231.0,7343.0,0.6349,0.0946,130.0,34.0,0.0,0.0,34.0,3424.0,7.0,47.0,0.0,35.0,4.0,37.29,2.13,13.94
2019/02/13,31.5,31.95,31.3,31.9,188.0,5946.0,0.6309,0.077,107.0,-18.0,0.0,48.0,30.0,3418.0,10.0,16.0,1.0,34.0,0.0,37.53,2.15,13.86
2019/02/14,31.5,31.8,31.5,31.55,131.0,4167.0,-1.0972,0.0537,80.0,-6.0,0.0,-1.0,-7.0,3357.0,16.0,27.0,0.0,34.0,0.0,37.12,2.12,14.01
2019/02/15,31.55,31.6,30.95,31.0,157.0,4921.0,-1.7433,0.0643,115.0,-24.0,0.0,-8.0,-32.0,3370.0,32.0,19.0,2.0,34.0,2.0,36.47,2.09,14.26
2019/02/18,30.9,31.0,30.5,30.8,213.0,6555.0,-0.6452,0.0873,112.0,-30.0,0.0,6.0,-24.0,3418.0,77.0,29.0,2.0,32.0,0.0,36.2353,2.07,14.35
2019/02/19,30.65,30.85,30.6,30.7,62.0,1913.0,-0.3247,0.0254,48.0,-8.0,0.0,0.0,-8.0,3435.0,18.0,1.0,0.0,33.0,1.0,36.12,2.07,14.4
2019/02/20,30.95,31.05,30.7,31.0,190.0,5888.0,0.9772,0.0778,103.0,41.0,0.0,0.0,41.0,3446.0,21.0,10.0,0.0,33.0,0.0,36.47,2.09,14.26
2019/02/21,31.0,31.0,30.65,30.7,107.0,3297.0,-0.9677,0.0438,85.0,0.0,0.0,0.0,0.0,3461.0,15.0,0.0,0.0,57.0,24.0,36.1176,2.07,14.4
2019/02/22,30.7,30.7,30.6,30.7,63.0,1946.0,0.0,0.0258,55.0,-8.0,0.0,0.0,-8.0,3471.0,10.0,0.0,3.0,54.0,0.0,36.1176,2.07,14.4
2019/02/25,30.7,30.7,30.3,30.3,139.0,4252.0,-1.3029,0.0569,97.0,-9.0,0.0,0.0,-9.0,3468.0,7.0,10.0,1.0,53.0,0.0,35.65,2.04,14.59
2019/02/26,30.35,30.75,30.35,30.6,54.0,1667.0,0.9901,0.0221,45.0,2.0,0.0,0.0,2.0,3475.0,17.0,10.0,1.0,52.0,0.0,36.0,2.06,14.44
2019/02/27,30.8,30.9,30.7,30.75,151.0,4652.0,0.4902,0.0619,90.0,-37.0,0.0,0.0,-37.0,3467.0,17.0,25.0,0.0,52.0,0.0,36.1765,2.07,14.37
2019/03/04,31.0,31.0,30.5,30.65,213.0,6546.0,-0.3252,0.0873,95.0,-14.0,0.0,0.0,-14.0,3488.0,39.0,18.0,0.0,29.0,1.0,36.0588,2.06,14.42
2019/03/05,30.6,30.65,30.45,30.45,243.0,7426.0,-0.6525,0.0995,117.0,20.0,0.0,0.0,20.0,3503.0,25.0,10.0,1.0,28.0,0.0,35.82,2.05,14.52
2019/03/06,30.5,30.5,30.3,30.4,406.0,12336.0,-0.1642,0.1663,136.0,8.0,0.0,0.0,8.0,3547.0,45.0,1.0,1.0,27.0,0.0,35.7647,2.05,14.54
2019/03/07,30.55,30.65,30.45,30.5,186.0,5712.0,0.3289,0.0762,78.0,-5.0,0.0,0.0,-5.0,3556.0,15.0,6.0,0.0,29.0,2.0,35.8824,2.05,14.49
2019/03/08,30.5,30.85,30.5,30.85,125.0,3845.0,1.1475,0.0512,59.0,25.0,0.0,0.0,25.0,3562.0,8.0,2.0,0.0,30.0,1.0,36.29,2.08,14.33
2019/03/11,30.85,31.35,30.85,31.15,317.0,9864.0,0.9724,0.1299,188.0,3.0,0.0,-5.0,-2.0,3552.0,34.0,44.0,0.0,70.0,40.0,36.6471,2.1,14.19
2019/03/12,31.3,31.3,31.05,31.05,216.0,6733.0,-0.321,0.0885,100.0,-32.0,0.0,-15.0,-47.0,3569.0,29.0,12.0,0.0,86.0,16.0,36.5294,2.09,14.24
2019/03/13,31.1,31.1,30.85,31.1,125.0,3875.0,0.161,0.0512,74.0,1.0,0.0,9.0,10.0,3582.0,21.0,8.0,2.0,84.0,0.0,36.5882,2.09,14.21
2019/03/14,31.1,31.2,31.0,31.1,179.0,5593.0,0.0,0.0733,81.0,-12.0,0.0,0.0,-12.0,3652.0,72.0,2.0,0.0,124.0,40.0,36.5882,2.09,14.21
2019/03/15,31.25,31.4,31.15,31.2,270.0,8459.0,0.3215,0.1106,169.0,-2.0,0.0,0.0,-2.0,3711.0,64.0,5.0,0.0,153.0,29.0,36.71,2.1,14.17
2019/03/18,31.4,31.65,31.3,31.65,551.0,17331.0,1.4423,0.2257,261.0,26.0,0.0,-20.0,6.0,3727.0,21.0,5.0,0.0,252.0,99.0,37.24,2.13,13.97
2019/03/19,31.7,32.5,31.7,32.3,763.0,24472.0,2.0537,0.3126,359.0,6.0,0.0,0.0,6.0,4002.0,362.0,84.0,0.0,300.0,48.0,38.0,2.18,13.68
2019/03/20,32.45,32.5,32.15,32.4,393.0,12714.0,0.3096,0.161,205.0,-12.0,0.0,0.0,-12.0,4057.0,98.0,43.0,0.0,301.0,1.0,38.12,2.18,13.64
2019/03/21,32.45,32.5,32.05,32.1,227.0,7317.0,-0.9259,0.093,147.0,-21.0,0.0,0.0,-21.0,3992.0,29.0,94.0,0.0,245.0,0.0,37.76,2.16,13.77
2019/03/22,32.2,32.3,31.95,32.1,244.0,7832.0,0.0,0.1,114.0,-17.0,0.0,0.0,-17.0,3992.0,30.0,30.0,0.0,97.0,1.0,37.76,2.16,13.77
2019/03/25,32.1,32.7,31.9,32.5,444.0,14386.0,1.2461,0.1819,279.0,51.0,0.0,0.0,51.0,4134.0,165.0,23.0,0.0,44.0,3.0,38.24,2.19,13.6
2019/03/26,32.3,32.95,32.3,32.85,384.0,12558.0,1.0769,0.1573,218.0,18.0,0.0,0.0,18.0,4186.0,58.0,6.0,0.0,64.0,20.0,38.65,2.21,13.46
2019/03/27,32.85,32.9,32.4,32.7,406.0,13277.0,-0.4566,0.1663,208.0,18.0,0.0,0.0,18.0,4329.0,156.0,13.0,5.0,67.0,16.0,38.47,2.2,13.52
2019/03/28,32.7,33.45,32.45,33.15,794.0,26269.0,1.3761,0.3253,360.0,39.0,0.0,0.0,39.0,4398.0,152.0,83.0,0.0,134.0,67.0,39.0,2.23,13.33
2019/03/29,33.2,33.4,32.9,33.1,247.0,8215.0,-0.1508,0.101,137.0,-7.0,0.0,0.0,-7.0,4376.0,27.0,49.0,8.0,126.0,0.0,38.94,2.23,13.35
2019/04/01,33.05,33.8,33.0,33.3,612.0,20451.0,0.6042,0.2503,287.0,34.0,0.0,0.0,34.0,4429.0,87.0,34.0,10.0,100.0,0.0,175.26,2.15,13.27
2019/04/02,33.3,33.35,33.15,33.3,236.0,7860.0,0.0,0.0965,139.0,7.0,0.0,0.0,7.0,4465.0,74.0,38.0,4.0,72.0,0.0,175.26,2.15,13.27
2019/04/03,33.3,33.45,33.2,33.3,229.0,7653.0,0.0,0.0937,151.0,-13.0,0.0,0.0,-13.0,4512.0,76.0,28.0,15.0,0.0,0.0,175.26,2.15,13.27
2019/04/08,33.5,33.65,33.35,33.5,322.0,10797.0,0.6006,0.1317,163.0,28.0,0.0,10.0,38.0,4520.0,30.0,22.0,0.0,0.0,0.0,176.32,2.16,13.19
2019/04/09,33.6,34.3,33.6,34.0,907.0,30827.0,1.4925,0.371,352.0,1.0,0.0,0.0,1.0,4909.0,470.0,81.0,0.0,0.0,0.0,178.95,2.19,13.0
2019/04/10,34.1,34.2,33.8,33.95,508.0,17280.0,-0.1471,0.2078,267.0,-8.0,0.0,0.0,-8.0,4988.0,141.0,62.0,0.0,0.0,0.0,178.68,2.19,13.02
2019/04/11,33.8,33.85,31.05,31.8,2372.0,76494.0,-6.3328,0.9703,1285.0,-57.0,0.0,-36.0,-93.0,4513.0,256.0,731.0,0.0,26.0,26.0,167.37,2.05,13.9
2019/04/12,31.8,32.1,31.35,31.8,519.0,16479.0,0.0,0.2123,326.0,-4.0,0.0,-22.0,-26.0,4559.0,75.0,29.0,0.0,29.0,3.0,167.37,2.05,13.9
2019/04/15,31.8,32.1,31.6,31.65,567.0,18086.0,-0.4717,0.2319,261.0,-78.0,0.0,0.0,-78.0,4397.0,16.0,178.0,0.0,29.0,0.0,166.58,2.04,13.97
2019/04/16,31.65,32.0,31.6,32.0,285.0,9087.0,1.1058,0.1166,196.0,18.0,0.0,0.0,18.0,4397.0,22.0,22.0,0.0,29.0,0.0,168.42,2.06,13.81
2019/04/17,31.95,31.95,31.45,31.6,494.0,15653.0,-1.25,0.2021,282.0,-79.0,0.0,0.0,-79.0,4314.0,73.0,156.0,7.0,22.0,0.0,166.32,2.04,13.99
2019/04/18,31.8,31.8,31.05,31.05,410.0,12858.0,-1.7405,0.1677,253.0,-85.0,0.0,1.0,-84.0,4271.0,48.0,91.0,10.0,12.0,0.0,163.42,2.0,14.24
2019/04/19,31.1,31.8,31.0,31.6,369.0,11599.0,1.7713,0.1509,244.0,63.0,0.0,17.0,80.0,4261.0,42.0,52.0,0.0,13.0,1.0,166.32,2.04,13.99
2019/04/22,31.85,32.0,31.7,31.8,421.0,13422.0,0.6329,0.1722,181.0,25.0,0.0,0.0,25.0,4272.0,37.0,26.0,1.0,12.0,0.0,167.37,2.05,13.9
2019/04/23,31.8,32.3,31.8,32.2,244.0,7828.0,1.2579,0.0998,165.0,59.0,0.0,0.0,59.0,4321.0,72.0,23.0,0.0,12.0,0.0,169.47,2.07,13.73
2019/04/24,32.2,32.2,31.9,32.1,180.0,5782.0,-0.3106,0.0736,116.0,-38.0,0.0,0.0,-38.0,4335.0,32.0,18.0,0.0,12.0,0.0,168.95,2.07,13.77
2019/04/25,31.95,32.0,31.8,31.9,135.0,4309.0,-0.6231,0.0552,86.0,-52.0,0.0,0.0,-52.0,4345.0,25.0,15.0,0.0,12.0,0.0,167.89,2.06,13.86
2019/04/26,31.8,32.0,31.25,31.25,392.0,12387.0,-2.0376,0.1604,228.0,-64.0,0.0,0.0,-64.0,4311.0,81.0,115.0,3.0,11.0,2.0,164.47,2.01,14.14
2019/04/29,31.3,31.6,31.3,31.45,251.0,7896.0,0.64,0.1027,144.0,1.0,0.0,0.0,1.0,4255.0,34.0,10.0,0.0,13.0,2.0,165.53,2.03,3.18
2019/04/30,31.4,31.55,31.4,31.5,65.0,2046.0,0.159,0.0266,43.0,-4.0,0.0,0.0,-4.0,4251.0,2.0,6.0,0.0,13.0,0.0,165.79,2.03,3.17
2019/05/02,31.85,31.95,31.25,31.3,621.0,19541.0,-0.6349,0.2539,294.0,52.0,0.0,0.0,52.0,4370.0,151.0,32.0,0.0,13.0,0.0,164.74,2.02,3.19
2019/05/03,31.45,31.5,31.0,31.15,545.0,17007.0,-0.4792,0.2229,228.0,-24.0,0.0,0.0,-24.0,4444.0,98.0,23.0,0.0,13.0,0.0,163.95,2.01,3.21
2019/05/06,31.15,31.15,30.2,30.4,978.0,29977.0,-2.4077,0.3999,439.0,156.0,0.0,0.0,156.0,4663.0,244.0,25.0,1.0,12.0,0.0,160.0,1.96,3.29
2019/05/07,30.5,30.65,30.35,30.4,924.0,28187.0,0.0,0.3779,316.0,150.0,0.0,0.0,150.0,4642.0,105.0,126.0,0.0,12.0,0.0,160.0,1.96,3.29
2019/05/08,30.4,31.25,30.35,31.2,314.0,9668.0,2.6316,0.1284,193.0,48.0,0.0,0.0,48.0,4639.0,27.0,30.0,2.0,12.0,2.0,164.21,2.01,3.21
2019/05/09,31.3,31.45,31.05,31.3,413.0,12953.0,0.3205,0.1689,208.0,86.0,0.0,-1.0,85.0,4632.0,43.0,50.0,0.0,14.0,2.0,164.74,2.02,3.19
2019/05/10,31.3,31.65,31.05,31.2,398.0,12489.0,-0.3195,0.1628,187.0,28.0,0.0,1.0,29.0,4678.0,80.0,34.0,2.0,40.0,28.0,164.21,2.01,3.21
2019/05/13,31.25,31.9,31.25,31.75,709.0,22434.0,1.7628,0.2899,344.0,46.0,0.0,3.0,49.0,4771.0,136.0,43.0,8.0,82.0,50.0,167.11,2.05,3.15
2019/05/14,31.65,31.95,31.4,31.8,500.0,15873.0,0.1575,0.2045,247.0,29.0,0.0,3.0,32.0,4882.0,119.0,8.0,13.0,72.0,3.0,167.37,2.05,3.14
2019/05/15,30.85,31.25,30.1,30.2,2304.0,70226.0,-5.0314,0.9422,1090.0,-47.0,0.0,1.0,-46.0,4541.0,317.0,658.0,70.0,60.0,58.0,11.06,1.69,3.31
2019/05/16,30.25,30.9,29.95,30.5,632.0,19253.0,0.9934,0.2584,414.0,31.0,0.0,138.0,169.0,4503.0,77.0,115.0,11.0,79.0,30.0,11.17,1.71,3.28
2019/05/17,30.7,30.7,30.2,30.2,243.0,7404.0,-0.9836,0.0994,131.0,11.0,0.0,1.0,12.0,4524.0,59.0,38.0,29.0,57.0,7.0,11.06,1.69,3.31
2019/05/20,30.25,30.45,30.05,30.15,234.0,7076.0,-0.1656,0.0957,145.0,64.0,0.0,3.0,67.0,4548.0,26.0,2.0,30.0,27.0,0.0,11.04,1.69,3.32
2019/05/21,30.45,30.5,30.1,30.5,207.0,6268.0,1.1609,0.0846,126.0,62.0,0.0,1.0,63.0,4576.0,38.0,10.0,9.0,23.0,5.0,11.17,1.71,3.28
2019/05/22,30.55,30.6,29.75,29.8,828.0,24866.0,-2.2951,0.3386,334.0,96.0,0.0,4.0,100.0,4812.0,284.0,48.0,6.0,20.0,3.0,10.92,1.67,3.36
2019/05/23,29.8,29.9,29.6,29.8,533.0,15853.0,0.0,0.218,273.0,119.0,0.0,1.0,120.0,4818.0,61.0,55.0,1.0,20.0,1.0,10.92,1.67,3.36
2019/05/24,29.8,30.5,29.8,30.2,378.0,11454.0,1.3423,0.1546,282.0,173.0,0.0,-1.0,172.0,4809.0,16.0,23.0,0.0,30.0,10.0,11.06,1.69,3.31
2019/05/27,30.55,30.9,30.4,30.5,1045.0,32095.0,0.9934,0.4273,569.0,323.0,0.0,0.0,323.0,4784.0,53.0,78.0,2.0,51.0,23.0,11.17,1.71,3.28
2019/05/28,30.7,31.4,30.6,31.1,1455.0,45055.0,1.9672,0.595,782.0,353.0,0.0,0.0,353.0,5025.0,313.0,72.0,2.0,213.0,164.0,11.39,1.74,3.22
2019/05/29,31.1,31.2,30.55,30.65,553.0,17031.0,-1.4469,0.2261,305.0,62.0,0.0,-3.0,59.0,5206.0,195.0,14.0,9.0,216.0,12.0,11.23,1.72,3.26
2019/05/30,30.95,31.1,30.65,30.65,546.0,16821.0,0.0,0.2233,291.0,104.0,0.0,0.0,104.0,5266.0,84.0,24.0,1.0,219.0,4.0,11.23,1.72,3.26
2019/05/31,30.65,31.0,30.6,30.7,450.0,13827.0,0.1631,0.184,268.0,118.0,0.0,-4.0,114.0,5270.0,35.0,31.0,20.0,199.0,0.0,11.25,1.72,3.26
2019/06/03,30.7,30.85,30.5,30.8,134.0,4127.0,0.3257,0.0548,94.0,61.0,0.0,-1.0,60.0,5273.0,14.0,11.0,15.0,184.0,0.0,11.28,1.72,3.25
2019/06/04,30.8,30.9,30.65,30.65,129.0,3979.0,-0.487,0.0528,95.0,0.0,0.0,15.0,15.0,5256.0,1.0,18.0,25.0,161.0,2.0,11.23,1.72,3.26
2019/06/05,30.7,30.75,30.65,30.75,151.0,4646.0,0.3263,0.0617,77.0,0.0,0.0,8.0,8.0,5268.0,25.0,13.0,0.0,161.0,0.0,11.26,1.72,3.25
2019/06/06,30.8,30.8,30.45,30.5,151.0,4618.0,-0.813,0.0617,104.0,0.0,0.0,6.0,6.0,5250.0,2.0,20.0,8.0,157.0,4.0,11.17,1.71,3.28
2019/06/10,30.6,30.6,30.2,30.3,346.0,10512.0,-0.6557,0.1415,188.0,-7.0,0.0,18.0,11.0,5213.0,19.0,56.0,13.0,146.0,2.0,11.1,1.7,3.3
2019/06/11,30.6,30.7,30.3,30.4,422.0,12843.0,0.33,0.1726,233.0,60.0,0.0,15.0,75.0,5262.0,52.0,3.0,6.0,142.0,2.0,11.14,1.7,3.29
2019/06/12,30.5,30.5,30.2,30.2,222.0,6740.0,-0.6579,0.0908,159.0,25.0,0.0,0.0,25.0,5271.0,17.0,8.0,19.0,123.0,0.0,11.06,1.69,3.31
2019/06/13,30.25,30.3,29.95,30.1,245.0,7378.0,-0.3311,0.1002,159.0,-69.0,0.0,3.0,-66.0,5246.0,2.0,27.0,15.0,109.0,1.0,11.03,1.68,3.32
2019/06/14,30.1,30.1,29.65,29.65,674.0,20101.0,-1.495,0.2756,352.0,-19.0,0.0,0.0,-19.0,5257.0,65.0,54.0,8.0,101.0,0.0,10.86,1.66,3.37
2019/06/17,29.7,29.9,29.65,29.85,235.0,6990.0,0.6745,0.0961,129.0,5.0,0.0,1.0,6.0,5247.0,4.0,14.0,8.0,93.0,0.0,10.93,1.67,3.35
2019/06/18,30.0,30.0,29.7,29.75,182.0,5422.0,-0.335,0.0744,94.0,-15.0,0.0,0.0,-15.0,5244.0,4.0,7.0,1.0,94.0,2.0,10.9,1.66,3.36
2019/06/19,29.9,30.05,29.75,29.95,205.0,6152.0,0.6723,0.0838,116.0,-5.0,0.0,1.0,-4.0,5254.0,12.0,2.0,5.0,89.0,0.0,10.97,1.68,3.34
2019/06/20,30.1,30.2,29.95,30.2,183.0,5505.0,0.8347,0.0748,123.0,-2.0,0.0,53.0,51.0,5249.0,21.0,26.0,1.0,88.0,0.0,11.06,1.69,3.31
2019/06/21,30.45,30.45,30.05,30.05,151.0,4579.0,-0.4967,0.0617,102.0,14.0,0.0,1.0,15.0,5259.0,14.0,4.0,1.0,87.0,0.0,11.01,1.68,3.33
2019/06/24,30.05,30.25,30.0,30.0,177.0,5331.0,-0.1664,0.0724,115.0,16.0,0.0,1.0,17.0,5265.0,6.0,0.0,1.0,86.0,0.0,10.99,1.68,3.33
2019/06/25,30.0,30.05,29.95,30.0,116.0,3482.0,0.0,0.0474,72.0,-21.0,0.0,-2.0,-23.0,5268.0,6.0,3.0,1.0,85.0,0.0,10.99,1.68,3.33
2019/06/26,30.0,30.0,29.7,29.75,419.0,12506.0,-0.8333,0.1713,201.0,-125.0,0.0,2.0,-123.0,5292.0,31.0,7.0,1.0,84.0,0.0,10.9,1.66,3.36
2019/06/27,29.85,30.1,29.7,30.05,171.0,5136.0,1.0084,0.0699,131.0,-5.0,0.0,-3.0,-8.0,5289.0,1.0,3.0,1.0,83.0,0.0,11.01,1.68,3.33
2019/06/28,29.95,29.95,29.75,29.85,177.0,5290.0,-0.6656,0.0723,117.0,-37.0,0.0,0.0,-37.0,5275.0,14.0,28.0,0.0,93.0,10.0,10.93,1.67,3.35
2019/07/01,29.85,30.0,29.75,29.85,241.0,7194.0,0.0,0.0985,122.0,-37.0,0.0,-1.0,-38.0,5238.0,24.0,61.0,0.0,93.0,0.0,10.93,1.67,3.35
2019/07/02,29.85,29.85,29.65,29.65,411.0,12216.0,-0.67,0.168,173.0,-79.0,0.0,0.0,-79.0,5237.0,8.0,9.0,0.0,93.0,0.0,10.86,1.66,3.37
2019/07/03,29.65,29.65,29.5,29.5,284.0,8407.0,-0.5059,0.1161,169.0,-70.0,0.0,0.0,-70.0,5218.0,25.0,31.0,0.0,95.0,2.0,10.81,1.65,3.39
2019/07/04,29.6,29.8,29.6,29.6,126.0,3745.0,0.339,0.0515,72.0,6.0,0.0,0.0,6.0,5220.0,14.0,12.0,2.0,93.0,0.0,10.84,1.66,3.38
2019/07/05,29.85,29.85,29.7,29.7,140.0,4184.0,0.3378,0.0572,75.0,-20.0,0.0,1.0,-19.0,5212.0,1.0,9.0,0.0,93.0,0.0,10.88,1.66,3.37
2019/07/08,29.75,29.8,29.6,29.65,250.0,7437.0,-0.1684,0.1022,131.0,-91.0,0.0,-1.0,-92.0,5204.0,9.0,17.0,0.0,93.0,0.0,10.86,1.66,3.37
2019/07/09,29.7,29.8,29.6,29.6,363.0,10781.0,-0.1686,0.1484,189.0,-50.0,0.0,-1.0,-51.0,5195.0,7.0,16.0,1.0,92.0,0.0,10.84,1.66,3.38
2019/07/10,29.8,29.8,29.6,29.65,211.0,6258.0,0.1689,0.0862,108.0,-52.0,0.0,0.0,-52.0,5070.0,22.0,8.0,0.0,92.0,0.0,10.86,1.66,3.37
2019/07/11,29.75,29.75,29.5,29.55,229.0,6801.0,-0.3373,0.0936,138.0,-11.0,0.0,0.0,-11.0,5057.0,2.0,12.0,0.0,92.0,0.0,10.82,1.65,3.38
2019/07/12,29.8,29.8,29.55,29.7,212.0,6309.0,0.5076,0.0866,89.0,-16.0,0.0,-21.0,-37.0,5037.0,5.0,25.0,0.0,92.0,0.0,10.88,1.66,3.37
2019/07/15,29.75,29.8,29.65,29.65,137.0,4079.0,-0.1684,0.056,75.0,-5.0,0.0,-21.0,-26.0,5026.0,1.0,12.0,0.0,92.0,0.0,10.86,1.66,3.37
2019/07/16,29.7,29.75,29.65,29.7,133.0,3975.0,0.1686,0.0544,72.0,-5.0,0.0,-10.0,-15.0,5025.0,3.0,4.0,0.0,93.0,1.0,10.88,1.66,3.37
2019/07/17,29.75,29.75,29.5,29.6,283.0,8394.0,-0.3367,0.1157,164.0,-18.0,0.0,0.0,-18.0,5033.0,8.0,0.0,0.0,93.0,0.0,10.84,1.66,3.38
2019/07/18,29.65,29.7,29.5,29.5,316.0,9349.0,-0.3378,0.1292,146.0,11.0,0.0,0.0,11.0,5035.0,3.0,1.0,1.0,92.0,0.0,10.81,1.65,3.39
2019/07/19,29.7,29.7,29.55,29.6,140.0,4154.0,0.339,0.0572,74.0,-1.0,0.0,0.0,-1.0,5039.0,4.0,0.0,1.0,91.0,0.0,10.84,1.66,3.38
2019/07/22,29.6,29.85,29.55,29.7,204.0,6059.0,0.3378,0.0834,109.0,16.0,0.0,0.0,16.0,5038.0,7.0,8.0,0.0,91.0,0.0,10.88,1.66,3.37
2019/07/23,29.7,29.9,29.7,29.8,241.0,7195.0,0.3367,0.0985,124.0,-20.0,0.0,-3.0,-23.0,5041.0,9.0,6.0,0.0,91.0,0.0,10.92,1.67,3.36
2019/07/24,29.95,29.95,29.65,29.65,553.0,16475.0,-0.5034,0.226,250.0,-6.0,0.0,0.0,-6.0,5046.0,15.0,10.0,78.0,13.0,0.0,10.86,1.66,3.37
2019/07/25,29.65,29.85,29.65,29.75,188.0,5598.0,0.3373,0.0768,87.0,18.0,0.0,0.0,18.0,5045.0,3.0,4.0,0.0,13.0,0.0,10.9,1.66,3.36
2019/07/26,29.8,29.8,29.4,29.4,705.0,20867.0,-1.1765,0.2881,267.0,23.0,0.0,0.0,23.0,4958.0,3.0,90.0,13.0,0.0,0.0,10.77,1.65,3.4
2019/07/29,29.6,29.9,29.6,29.85,271.0,8103.0,1.5306,0.1108,185.0,59.0,0.0,-3.0,56.0,4972.0,21.0,7.0,0.0,0.0,0.0,10.93,1.67,3.35
2019/07/30,29.9,30.1,29.8,29.9,381.0,11428.0,0.1675,0.1557,208.0,-16.0,0.0,-3.0,-19.0,5002.0,43.0,13.0,0.0,0.0,0.0,10.95,1.67,3.34
2019/07/31,29.9,29.9,29.75,29.9,330.0,9856.0,0.0,0.1349,192.0,3.0,0.0,3.0,6.0,5003.0,19.0,17.0,0.0,0.0,0.0,10.95,1.67,3.34
2019/08/01,28.2,28.4,27.9,28.3,378.0,10670.0,1.052,0.1471,231.0,-51.0,0.0,-2.0,-53.0,4995.0,20.0,28.0,0.0,0.0,0.0,10.37,1.58,3.53
2019/08/02,28.25,28.25,28.0,28.05,276.0,7751.0,-0.8834,0.1074,151.0,-29.0,0.0,2.0,-27.0,5008.0,27.0,14.0,0.0,0.0,0.0,10.27,1.57,3.57
2019/08/05,28.2,28.2,28.05,28.05,239.0,6733.0,0.0,0.093,129.0,-33.0,0.0,0.0,-33.0,5013.0,11.0,6.0,0.0,0.0,0.0,10.27,1.57,3.57
2019/08/06,27.85,28.25,27.6,28.25,282.0,7866.0,0.713,0.1098,153.0,-57.0,0.0,0.0,-57.0,5017.0,18.0,14.0,0.0,0.0,0.0,10.35,1.58,3.54
2019/08/07,28.4,28.4,28.2,28.25,60.0,1696.0,0.0,0.0234,42.0,-3.0,0.0,0.0,-3.0,5009.0,2.0,10.0,0.0,0.0,0.0,10.35,1.58,3.54
2019/08/08,28.25,28.35,28.15,28.35,85.0,2406.0,0.354,0.0331,49.0,-18.0,0.0,0.0,-18.0,5006.0,10.0,13.0,0.0,0.0,0.0,10.38,1.59,3.53
2019/08/12,28.35,29.1,28.35,29.0,197.0,5691.0,2.2928,0.0767,131.0,6.0,0.0,-7.0,-1.0,4981.0,7.0,32.0,0.0,10.0,10.0,10.62,1.62,3.45
2019/08/13,29.0,29.0,28.6,28.8,142.0,4092.0,-0.6897,0.0553,104.0,-30.0,0.0,0.0,-30.0,4982.0,10.0,9.0,0.0,10.0,0.0,10.55,1.61,3.47
2019/08/14,28.9,28.95,28.8,28.85,95.0,2747.0,0.1736,0.037,57.0,-15.0,0.0,0.0,-15.0,5003.0,23.0,2.0,0.0,10.0,0.0,8.34,1.6,3.47
2019/08/15,28.55,28.55,28.0,28.0,904.0,25413.0,-2.9463,0.3519,376.0,-20.0,0.0,-237.0,-257.0,5064.0,74.0,13.0,0.0,10.0,0.0,8.09,1.55,3.57
2019/08/16,28.1,28.25,28.0,28.0,532.0,14911.0,0.0,0.2071,169.0,48.0,0.0,0.0,48.0,5057.0,10.0,17.0,10.0,0.0,0.0,8.09,1.55,3.57
2019/08/19,28.25,28.25,27.95,28.1,140.0,3928.0,0.3571,0.0545,74.0,-37.0,0.0,0.0,-37.0,5052.0,6.0,11.0,0.0,7.0,7.0,8.12,1.56,3.56
2019/08/20,28.05,28.1,27.95,27.95,214.0,6009.0,-0.5338,0.0833,99.0,11.0,0.0,0.0,11.0,5041.0,9.0,20.0,4.0,3.0,0.0,8.08,1.55,3.58
2019/08/21,28.0,28.1,28.0,28.05,103.0,2904.0,0.3578,0.0401,79.0,33.0,0.0,-9.0,24.0,5039.0,6.0,8.0,0.0,29.0,26.0,8.11,1.56,3.57
2019/08/22,28.2,28.3,28.1,28.1,64.0,1806.0,0.1783,0.0249,46.0,3.0,0.0,0.0,3.0,5047.0,15.0,7.0,2.0,27.0,0.0,8.12,1.56,3.56
2019/08/23,28.0,28.1,27.75,27.75,565.0,15771.0,-1.2456,0.2199,181.0,-40.0,0.0,0.0,-40.0,5051.0,7.0,3.0,2.0,27.0,2.0,8.02,1.54,3.6
2019/08/26,27.55,28.1,27.55,27.65,321.0,8944.0,-0.3604,0.125,136.0,-17.0,0.0,0.0,-17.0,5053.0,20.0,18.0,0.0,43.0,16.0,7.99,1.53,3.62
2019/08/27,27.85,27.85,27.7,27.7,101.0,2809.0,0.1808,0.0393,68.0,-15.0,0.0,0.0,-15.0,5056.0,6.0,3.0,0.0,43.0,0.0,8.01,1.54,3.61
2019/08/28,27.7,27.85,27.55,27.55,361.0,9976.0,-0.5415,0.1405,176.0,-24.0,0.0,0.0,-24.0,5048.0,9.0,17.0,1.0,43.0,1.0,7.96,1.53,3.63
2019/08/29,27.55,27.65,27.35,27.35,747.0,20505.0,-0.726,0.2908,305.0,-65.0,0.0,-11.0,-76.0,5053.0,14.0,9.0,34.0,10.0,1.0,7.9,1.52,3.66
2019/08/30,27.4,27.55,27.4,27.5,175.0,4813.0,0.5484,0.0681,132.0,-9.0,0.0,-1.0,-10.0,5035.0,12.0,30.0,0.0,10.0,0.0,7.95,1.53,3.64
2019/09/02,27.5,27.6,27.45,27.55,122.0,3374.0,0.1818,0.0475,95.0,-10.0,0.0,0.0,-10.0,5029.0,1.0,7.0,0.0,10.0,0.0,7.96,1.53,3.63
2019/09/03,27.55,27.7,27.55,27.65,79.0,2193.0,0.363,0.0308,72.0,-5.0,0.0,0.0,-5.0,5022.0,0.0,7.0,0.0,10.0,0.0,7.99,1.53,3.62
2019/09/04,27.75,28.3,27.75,28.3,340.0,9545.0,2.3508,0.1323,270.0,40.0,0.0,0.0,40.0,4999.0,13.0,36.0,0.0,10.0,0.0,8.18,1.57,3.53
2019/09/05,28.3,28.5,28.25,28.3,145.0,4122.0,0.0,0.0564,126.0,-25.0,0.0,0.0,-25.0,5002.0,5.0,2.0,0.0,19.0,9.0,8.18,1.57,3.53
2019/09/06,28.45,28.45,28.0,28.05,90.0,2555.0,-0.8834,0.035,77.0,-23.0,0.0,0.0,-23.0,5022.0,22.0,2.0,0.0,19.0,0.0,8.11,1.56,3.57
2019/09/09,28.25,28.3,27.9,27.95,94.0,2658.0,-0.3565,0.0366,69.0,-21.0,0.0,0.0,-21.0,5025.0,6.0,3.0,0.0,19.0,0.0,8.08,1.55,3.58
2019/09/10,28.05,28.05,27.85,27.85,118.0,3320.0,-0.3578,0.0459,92.0,-14.0,0.0,0.0,-14.0,5025.0,3.0,3.0,0.0,19.0,0.0,8.05,1.55,3.59
2019/09/11,27.9,28.0,27.85,27.9,75.0,2120.0,0.1795,0.0292,61.0,-16.0,0.0,0.0,-16.0,5025.0,0.0,0.0,0.0,10.0,0.0,8.06,1.55,3.58
2019/09/12,28.0,28.05,27.9,28.05,110.0,3096.0,0.5376,0.0428,83.0,7.0,0.0,0.0,7.0,4862.0,5.0,12.0,0.0,13.0,3.0,8.11,1.56,3.57
2019/09/16,28.0,28.2,28.0,28.1,86.0,2435.0,0.1783,0.0335,67.0,-3.0,0.0,-1.0,-4.0,4861.0,1.0,1.0,0.0,13.0,0.0,8.12,1.56,3.56
2019/09/17,28.1,28.2,27.95,27.95,193.0,5428.0,-0.5338,0.0751,91.0,-9.0,0.0,0.0,-9.0,4860.0,21.0,22.0,0.0,13.0,0.0,8.08,1.55,3.58
2019/09/18,28.0,28.15,27.95,28.1,70.0,1990.0,0.5367,0.0272,73.0,27.0,0.0,0.0,27.0,4852.0,2.0,10.0,0.0,13.0,0.0,8.12,1.56,3.56
2019/09/19,28.1,28.15,28.05,28.05,54.0,1517.0,-0.1779,0.021,53.0,-8.0,0.0,0.0,-8.0,4851.0,0.0,1.0,0.0,13.0,0.0,8.11,1.56,3.57
2019/09/20,28.2,28.2,27.95,28.0,145.0,4081.0,-0.1783,0.0564,82.0,-16.0,0.0,0.0,-16.0,4840.0,4.0,15.0,0.0,13.0,0.0,8.09,1.55,3.57
2019/09/23,28.0,28.1,27.75,27.85,294.0,8198.0,-0.5357,0.1144,162.0,-11.0,0.0,0.0,-11.0,4828.0,9.0,21.0,0.0,13.0,0.0,8.05,1.55,3.59
2019/09/24,27.75,27.9,27.3,27.4,1097.0,30242.0,-1.6158,0.427,414.0,-62.0,0.0,0.0,-62.0,4824.0,14.0,18.0,0.0,15.0,2.0,7.92,1.52,3.65
2019/09/25,27.4,27.5,26.9,27.0,940.0,25479.0,-1.4599,0.3659,425.0,-26.0,0.0,0.0,-26.0,4847.0,51.0,28.0,0.0,17.0,2.0,7.8,1.5,3.7
2019/09/26,27.0,27.1,26.9,27.0,260.0,7036.0,0.0,0.1012,195.0,-75.0,0.0,0.0,-75.0,4850.0,9.0,6.0,0.0,22.0,5.0,7.8,1.5,3.7
2019/09/27,26.95,26.95,26.8,26.8,255.0,6857.0,-0.7407,0.0993,178.0,-135.0,0.0,0.0,-135.0,4863.0,13.0,0.0,2.0,20.0,0.0,7.75,1.49,3.73
2019/10/01,26.8,26.95,26.6,26.65,237.0,6361.0,-0.5597,0.0923,170.0,-47.0,0.0,0.0,-47.0,4845.0,13.0,31.0,0.0,20.0,0.0,7.7,1.48,3.75
2019/10/02,26.65,27.1,26.6,27.0,164.0,4425.0,1.3133,0.0638,134.0,-62.0,0.0,0.0,-62.0,4837.0,4.0,12.0,0.0,20.0,0.0,7.8,1.5,3.7
2019/10/03,26.9,27.2,26.9,27.1,114.0,3082.0,0.3704,0.0444,97.0,-22.0,0.0,0.0,-22.0,4837.0,1.0,1.0,0.0,20.0,0.0,7.83,1.5,3.69
2019/10/04,27.1,27.15,26.75,26.8,440.0,11820.0,-1.107,0.1713,200.0,-65.0,0.0,0.0,-65.0,4834.0,11.0,14.0,0.0,20.0,0.0,7.75,1.49,3.73
2019/10/07,26.8,26.85,26.4,26.45,876.0,23249.0,-1.306,0.341,390.0,-77.0,0.0,0.0,-77.0,4874.0,48.0,3.0,0.0,20.0,0.0,7.64,1.47,3.78
2019/10/08,26.45,26.6,26.3,26.3,344.0,9097.0,-0.5671,0.1339,166.0,-26.0,0.0,0.0,-26.0,4865.0,10.0,12.0,0.0,38.0,18.0,7.6,1.46,3.8
2019/10/09,26.45,26.45,26.0,26.15,390.0,10211.0,-0.5703,0.1518,219.0,-16.0,0.0,0.0,-16.0,4874.0,11.0,2.0,1.0,37.0,0.0,7.56,1.45,3.82
2019/10/14,26.55,26.9,26.55,26.75,407.0,10898.0,2.2945,0.1584,304.0,-128.0,0.0,0.0,-128.0,4923.0,57.0,8.0,0.0,39.0,2.0,7.73,1.48,3.74
2019/10/15,26.8,26.85,26.6,26.75,196.0,5247.0,0.0,0.0763,158.0,-102.0,0.0,0.0,-102.0,4779.0,3.0,4.0,9.0,37.0,7.0,7.73,1.48,3.74
2019/10/16,26.75,27.15,26.5,26.6,631.0,16840.0,-0.5607,0.2456,362.0,-60.0,0.0,0.0,-60.0,4643.0,22.0,1.0,2.0,35.0,0.0,7.69,1.48,3.76
2019/10/17,26.85,27.05,26.6,26.6,735.0,19693.0,0.0,0.2861,401.0,28.0,0.0,0.0,28.0,4584.0,41.0,8.0,0.0,35.0,0.0,7.69,1.48,3.76
2019/10/18,26.7,26.85,26.1,26.45,2611.0,68882.0,-0.5639,1.0163,868.0,-837.0,0.0,-18.0,-855.0,4694.0,224.0,32.0,4.0,33.0,2.0,7.64,1.47,3.78
2019/10/21,26.9,27.45,26.8,27.3,1626.0,44222.0,3.2136,0.6329,835.0,622.0,0.0,0.0,622.0,4600.0,123.0,217.0,10.0,165.0,142.0,7.89,1.51,3.66
2019/10/22,27.5,27.7,27.35,27.65,700.0,19276.0,1.2821,0.2725,448.0,50.0,0.0,0.0,50.0,4649.0,108.0,59.0,18.0,187.0,40.0,7.99,1.53,3.62
2019/10/23,27.7,27.75,27.5,27.6,427.0,11800.0,-0.1808,0.1662,280.0,-20.0,0.0,0.0,-20.0,4650.0,16.0,15.0,0.0,191.0,4.0,7.98,1.53,3.62
2019/10/24,27.6,27.75,27.25,27.25,802.0,22027.0,-1.2681,0.3122,381.0,132.0,0.0,0.0,132.0,4633.0,19.0,36.0,12.0,185.0,6.0,7.88,1.51,3.67
2019/10/25,27.35,27.55,27.35,27.55,268.0,7373.0,1.1009,0.1043,167.0,49.0,0.0,0.0,49.0,4636.0,13.0,10.0,0.0,74.0,0.0,7.96,1.53,3.63
2019/10/28,27.55,27.55,27.35,27.35,203.0,5571.0,-0.726,0.079,134.0,-28.0,0.0,0.0,-28.0,4617.0,18.0,36.0,1.0,39.0,0.0,7.9,1.52,3.66
2019/10/29,27.45,27.55,27.4,27.5,163.0,4496.0,0.5484,0.0634,112.0,-7.0,0.0,0.0,-7.0,4579.0,4.0,42.0,0.0,39.0,0.0,7.95,1.53,3.64
2019/10/30,27.5,27.5,27.35,27.4,942.0,25823.0,-0.3636,0.3667,312.0,170.0,0.0,0.0,170.0,4820.0,252.0,11.0,2.0,28.0,0.0,7.92,1.52,3.65
2019/10/31,27.45,27.7,27.3,27.35,574.0,15780.0,-0.1825,0.2233,284.0,73.0,0.0,0.0,73.0,4834.0,18.0,3.0,0.0,28.0,0.0,7.9,1.52,3.66
2019/11/01,27.5,27.5,27.2,27.2,444.0,12124.0,-0.5484,0.1727,222.0,39.0,0.0,0.0,39.0,4874.0,43.0,3.0,0.0,46.0,18.0,7.86,1.51,3.68
2019/11/04,27.35,27.65,27.2,27.35,1122.0,30702.0,0.5515,0.4364,476.0,206.0,0.0,0.0,206.0,5008.0,140.0,6.0,18.0,28.0,0.0,7.9,1.52,3.66
2019/11/05,27.5,27.5,27.3,27.4,732.0,20050.0,0.1828,0.2847,322.0,77.0,0.0,0.0,77.0,5026.0,32.0,14.0,0.0,29.0,1.0,7.92,1.52,3.65
2019/11/06,28.65,28.7,28.05,28.45,3377.0,95772.0,3.8321,1.3136,1528.0,252.0,0.0,0.0,252.0,4812.0,309.0,523.0,3.0,62.0,36.0,8.22,1.58,3.51
2019/11/07,28.6,28.85,28.4,28.7,1931.0,55280.0,0.8787,0.7511,920.0,227.0,0.0,39.0,266.0,5026.0,285.0,69.0,1.0,125.0,64.0,8.29,1.59,3.48
2019/11/08,28.7,30.0,28.7,29.65,2743.0,80587.0,3.3101,1.067,1315.0,83.0,0.0,0.0,83.0,5063.0,247.0,210.0,6.0,148.0,29.0,8.57,1.65,3.37
2019/11/11,29.65,29.85,28.95,29.1,1721.0,50346.0,-1.855,0.6695,788.0,-269.0,0.0,12.0,-257.0,5086.0,172.0,149.0,15.0,136.0,3.0,8.41,1.61,3.44
2019/11/12,29.1,29.5,29.0,29.5,620.0,18160.0,1.3746,0.2412,348.0,-82.0,0.0,0.0,-82.0,5059.0,30.0,57.0,0.0,138.0,27.0,8.53,1.64,3.39
2019/11/13,29.6,29.7,29.25,29.4,928.0,27326.0,-0.339,0.361,410.0,6.0,0.0,13.0,19.0,5010.0,77.0,125.0,3.0,124.0,7.0,7.74,1.68,3.4
2019/11/14,29.4,29.4,28.75,28.85,668.0,19350.0,-1.8707,0.2598,372.0,-25.0,0.0,5.0,-20.0,4964.0,49.0,80.0,5.0,96.0,3.0,7.59,1.65,3.47
2019/11/15,28.85,29.1,28.8,28.9,259.0,7509.0,0.1733,0.1007,166.0,-19.0,0.0,10.0,-9.0,4921.0,17.0,59.0,2.0,97.0,3.0,7.61,1.65,3.46
2019/11/18,28.9,28.9,28.3,28.4,1166.0,33301.0,-1.7301,0.4536,527.0,-112.0,0.0,0.0,-112.0,5018.0,124.0,27.0,6.0,95.0,4.0,7.47,1.62,3.52
2019/11/19,28.55,28.8,28.3,28.4,493.0,14047.0,0.0,0.1918,295.0,34.0,0.0,0.0,34.0,5055.0,91.0,45.0,17.0,84.0,6.0,7.47,1.62,3.52
2019/11/20,28.5,28.5,28.25,28.35,286.0,8116.0,-0.1761,0.1113,180.0,34.0,0.0,0.0,34.0,5062.0,17.0,10.0,1.0,66.0,0.0,7.46,1.62,3.53
2019/11/21,28.2,28.35,28.0,28.1,883.0,24841.0,-0.8818,0.3435,337.0,-21.0,0.0,0.0,-21.0,5048.0,66.0,80.0,10.0,56.0,0.0,7.39,1.6,3.56
2019/11/22,28.2,28.2,28.0,28.05,494.0,13868.0,-0.1779,0.1922,260.0,-19.0,0.0,0.0,-19.0,5062.0,24.0,9.0,2.0,60.0,6.0,7.38,1.6,3.57
2019/11/25,28.25,28.6,28.2,28.55,521.0,14808.0,1.7825,0.2027,312.0,12.0,0.0,0.0,12.0,5058.0,41.0,45.0,11.0,58.0,9.0,7.51,1.63,3.5
2019/11/26,28.6,28.9,28.5,28.55,571.0,16399.0,0.0,0.2221,329.0,-57.0,0.0,0.0,-57.0,5050.0,58.0,66.0,4.0,57.0,3.0,7.51,1.63,3.5
2019/11/27,28.55,28.65,28.45,28.6,338.0,9637.0,0.1751,0.1315,198.0,-75.0,0.0,0.0,-75.0,5043.0,12.0,19.0,0.0,57.0,0.0,7.53,1.63,3.5
2019/11/28,28.6,28.6,28.3,28.35,316.0,8989.0,-0.8741,0.1229,197.0,-123.0,0.0,0.0,-123.0,5002.0,16.0,57.0,2.0,55.0,0.0,7.46,1.62,3.53
2019/11/29,28.4,28.4,27.9,27.95,856.0,24043.0,-1.4109,0.3329,446.0,-178.0,0.0,-80.0,-258.0,5095.0,112.0,19.0,8.0,48.0,1.0,7.36,1.6,3.58
2019/12/02,27.95,28.1,27.85,28.05,457.0,12803.0,0.3578,0.1777,240.0,-65.0,0.0,0.0,-65.0,5119.0,30.0,6.0,2.0,87.0,41.0,7.38,1.6,3.57
2019/12/03,28.1,28.2,28.0,28.05,322.0,9046.0,0.0,0.1252,164.0,-50.0,0.0,0.0,-50.0,5170.0,55.0,4.0,10.0,78.0,1.0,7.38,1.6,3.57
2019/12/04,28.0,28.1,28.0,28.05,173.0,4862.0,0.0,0.0673,101.0,-30.0,0.0,0.0,-30.0,5204.0,37.0,3.0,1.0,77.0,0.0,7.38,1.6,3.57
2019/12/05,28.15,28.15,27.95,28.0,404.0,11345.0,-0.1783,0.1571,235.0,-121.0,0.0,0.0,-121.0,5243.0,39.0,0.0,4.0,73.0,0.0,7.37,1.6,3.57
2019/12/06,28.0,28.15,28.0,28.05,200.0,5617.0,0.1786,0.0778,116.0,-54.0,0.0,-1.0,-55.0,5230.0,8.0,11.0,0.0,73.0,0.0,7.38,1.6,3.57
2019/12/09,28.05,28.15,28.0,28.05,329.0,9248.0,0.0,0.1279,169.0,-64.0,0.0,0.0,-64.0,5266.0,54.0,14.0,1.0,72.0,0.0,7.38,1.6,3.57
2019/12/10,28.05,28.15,28.0,28.05,340.0,9548.0,0.0,0.1322,179.0,-60.0,0.0,0.0,-60.0,5288.0,31.0,9.0,0.0,72.0,0.0,7.38,1.6,3.57
2019/12/11,28.0,28.0,27.85,27.9,636.0,17770.0,-0.5348,0.2473,303.0,-173.0,0.0,0.0,-173.0,5283.0,57.0,60.0,4.0,70.0,2.0,7.34,1.59,3.58
2019/12/12,27.9,27.95,27.8,27.9,293.0,8177.0,0.0,0.1139,176.0,-5.0,0.0,1.0,-4.0,5305.0,39.0,17.0,1.0,69.0,0.0,7.34,1.59,3.58
2019/12/13,27.9,28.1,27.75,27.9,355.0,9913.0,0.0,0.1381,181.0,-18.0,0.0,1.0,-17.0,5277.0,59.0,73.0,10.0,60.0,1.0,7.34,1.59,3.58
2019/12/16,27.9,28.0,27.8,27.95,163.0,4563.0,0.1792,0.0634,125.0,-2.0,0.0,0.0,-2.0,5285.0,10.0,2.0,5.0,55.0,0.0,7.36,1.6,3.58
2019/12/17,27.95,28.35,27.95,28.25,479.0,13514.0,1.0733,0.1863,292.0,-45.0,0.0,0.0,-45.0,5266.0,10.0,29.0,1.0,54.0,0.0,7.43,1.61,3.54
2019/12/18,28.3,28.3,27.9,28.0,663.0,18592.0,-0.885,0.2578,291.0,-40.0,0.0,0.0,-40.0,5312.0,57.0,11.0,2.0,52.0,0.0,7.37,1.6,3.57
2019/12/19,28.0,28.0,27.9,27.95,205.0,5745.0,-0.1786,0.0797,109.0,-19.0,0.0,0.0,-19.0,5288.0,0.0,24.0,1.0,51.0,0.0,7.36,1.6,3.58
2019/12/20,27.95,28.05,27.9,28.05,151.0,4229.0,0.3578,0.0587,87.0,-24.0,0.0,0.0,-24.0,5286.0,9.0,11.0,2.0,49.0,0.0,7.38,1.6,3.57
2019/12/23,28.05,28.15,28.0,28.15,210.0,5915.0,0.3565,0.0817,130.0,35.0,0.0,0.0,35.0,5279.0,13.0,20.0,0.0,49.0,0.0,7.41,1.61,3.55
2019/12/24,28.2,28.2,28.1,28.15,201.0,5672.0,0.0,0.0782,93.0,-21.0,0.0,0.0,-21.0,5324.0,56.0,11.0,0.0,49.0,0.0,7.41,1.61,3.55
2019/12/25,28.15,28.2,28.1,28.2,256.0,7227.0,0.1776,0.0996,123.0,25.0,0.0,0.0,25.0,5323.0,3.0,4.0,1.0,48.0,0.0,7.42,1.61,3.55
2019/12/26,28.2,28.2,28.1,28.1,483.0,13622.0,-0.3546,0.1878,182.0,30.0,0.0,0.0,30.0,5390.0,88.0,16.0,0.0,48.0,0.0,7.39,1.6,3.56
2019/12/27,28.2,28.45,28.2,28.45,1025.0,29084.0,1.2456,0.3986,411.0,171.0,0.0,0.0,171.0,5572.0,241.0,59.0,0.0,52.0,4.0,7.49,1.62,3.51
2019/12/30,28.55,28.85,28.55,28.75,810.0,23268.0,1.0545,0.315,409.0,110.0,0.0,0.0,110.0,5735.0,183.0,20.0,9.0,44.0,1.0,7.57,1.64,3.48
2019/12/31,28.75,28.95,28.55,28.65,369.0,10616.0,-0.3478,0.1435,214.0,-42.0,0.0,0.0,-42.0,5767.0,48.0,16.0,2.0,42.0,0.0,7.54,1.64,3.49
2020/01/02,28.65,28.8,28.45,28.6,466.0,13351.0,-0.1745,0.1812,225.0,38.0,0.0,0.0,38.0,5719.0,44.0,92.0,0.0,42.0,0.0,7.53,1.63,3.5
2020/01/03,28.65,28.7,28.4,28.65,421.0,12022.0,0.1748,0.1637,223.0,41.0,0.0,-1.0,40.0,5717.0,59.0,58.0,0.0,43.0,1.0,7.54,1.64,3.49
2020/01/06,28.55,28.55,28.15,28.2,733.0,20772.0,-1.5707,0.2851,270.0,-42.0,0.0,0.0,-42.0,5793.0,97.0,10.0,2.0,41.0,0.0,7.42,1.61,3.55
2020/01/07,28.2,28.35,28.1,28.35,241.0,6807.0,0.5319,0.0937,168.0,5.0,0.0,0.0,5.0,5807.0,34.0,20.0,0.0,43.0,2.0,7.46,1.62,3.53
2020/01/08,28.15,28.3,28.1,28.15,323.0,9117.0,-0.7055,0.1256,134.0,-59.0,0.0,-1.0,-60.0,5821.0,37.0,23.0,3.0,50.0,10.0,7.41,1.61,3.55
2020/01/09,28.2,28.35,28.0,28.05,1353.0,38008.0,-0.3552,0.5262,380.0,-57.0,0.0,0.0,-57.0,5907.0,112.0,26.0,3.0,47.0,0.0,7.38,1.6,3.57
2020/01/10,28.1,28.6,28.1,28.35,298.0,8450.0,1.0695,0.1159,184.0,-8.0,0.0,0.0,-8.0,5912.0,14.0,9.0,0.0,47.0,0.0,7.46,1.62,3.53
2020/01/13,28.45,28.45,28.15,28.3,627.0,17760.0,-0.1764,0.2438,247.0,70.0,0.0,0.0,70.0,5914.0,30.0,28.0,0.0,47.0,0.0,7.45,1.62,3.53
2020/01/14,28.25,28.35,28.15,28.25,291.0,8231.0,-0.1767,0.1132,149.0,3.0,0.0,0.0,3.0,5932.0,19.0,1.0,0.0,47.0,0.0,7.43,1.61,3.54
2020/01/15,28.35,28.35,28.15,28.2,219.0,6193.0,-0.177,0.0852,129.0,46.0,0.0,0.0,46.0,5933.0,5.0,4.0,8.0,39.0,0.0,7.42,1.61,3.55
2020/01/16,28.2,28.4,28.2,28.4,249.0,7062.0,0.7092,0.0968,145.0,62.0,0.0,0.0,62.0,5907.0,6.0,32.0,0.0,39.0,0.0,7.47,1.62,3.52
2020/01/17,28.4,28.5,28.3,28.45,305.0,8665.0,0.1761,0.1186,136.0,68.0,0.0,0.0,68.0,5895.0,10.0,22.0,2.0,37.0,0.0,7.49,1.62,3.51
2020/01/20,28.45,29.25,28.45,28.9,1966.0,56678.0,1.5817,0.7646,1028.0,157.0,0.0,0.0,157.0,5967.0,113.0,41.0,0.0,37.0,0.0,7.61,1.65,3.46
2020/01/30,28.15,28.25,27.75,27.75,1636.0,45807.0,-3.9792,0.6362,710.0,-329.0,0.0,2.0,-327.0,5998.0,141.0,109.0,5.0,44.0,12.0,7.3,1.58,3.6
2020/01/31,27.75,28.25,27.75,28.2,777.0,21781.0,1.6216,0.3022,358.0,-40.0,0.0,-2.0,-42.0,5958.0,30.0,69.0,2.0,45.0,3.0,7.42,1.61,3.55
2020/02/03,27.95,28.0,27.65,27.75,1080.0,30011.0,-1.5957,0.42,426.0,-161.0,0.0,3.0,-158.0,5987.0,95.0,66.0,4.0,42.0,1.0,7.3,1.58,3.6
2020/02/04,27.8,27.9,27.7,27.75,884.0,24572.0,0.0,0.3438,376.0,-113.0,0.0,-2.0,-115.0,6003.0,61.0,44.0,10.0,33.0,1.0,7.3,1.58,3.6
2020/02/05,27.8,28.0,27.7,27.9,351.0,9782.0,0.5405,0.1365,184.0,-64.0,0.0,0.0,-64.0,5988.0,28.0,43.0,0.0,33.0,0.0,7.34,1.59,3.58
2020/02/06,28.0,28.0,27.8,27.9,1115.0,31087.0,0.0,0.4336,465.0,72.0,0.0,0.0,72.0,6022.0,46.0,12.0,0.0,33.0,0.0,7.34,1.59,3.58
2020/02/07,27.95,27.95,27.75,27.8,283.0,7894.0,-0.3584,0.1101,179.0,-82.0,0.0,0.0,-82.0,6010.0,33.0,45.0,0.0,33.0,0.0,7.32,1.59,3.6
2020/02/10,27.75,27.75,27.4,27.6,677.0,18703.0,-0.7194,0.2633,242.0,-100.0,0.0,0.0,-100.0,5982.0,144.0,172.0,4.0,32.0,3.0,7.26,1.58,3.62
2020/02/11,27.7,28.05,27.7,27.95,308.0,8625.0,1.2681,0.1198,183.0,62.0,0.0,0.0,62.0,5978.0,7.0,11.0,2.0,30.0,0.0,7.36,1.6,3.58
2020/02/12,27.85,28.05,27.85,27.95,309.0,8646.0,0.0,0.1202,180.0,15.0,0.0,0.0,15.0,5986.0,17.0,9.0,1.0,29.0,0.0,7.36,1.6,3.58
2020/02/13,27.95,28.1,27.9,27.9,430.0,12052.0,-0.1789,0.1672,212.0,50.0,0.0,0.0,50.0,6005.0,34.0,15.0,2.0,28.0,1.0,7.34,1.59,3.58
2020/02/14,27.9,28.1,27.9,27.9,354.0,9922.0,0.0,0.1377,185.0,86.0,0.0,0.0,86.0,6049.0,67.0,23.0,0.0,28.0,0.0,7.34,1.59,3.58
2020/02/17,27.85,27.95,27.8,27.9,266.0,7436.0,0.0,0.1034,142.0,29.0,0.0,0.0,29.0,6054.0,12.0,7.0,0.0,28.0,0.0,7.34,1.59,3.58
2020/02/18,27.9,28.0,27.85,27.85,206.0,5756.0,-0.1792,0.0801,131.0,16.0,0.0,0.0,16.0,6023.0,1.0,32.0,1.0,27.0,0.0,7.33,1.59,3.59
2020/02/19,27.85,28.1,27.8,27.9,815.0,22769.0,0.1795,0.3169,325.0,123.0,0.0,0.0,123.0,6012.0,7.0,17.0,0.0,122.0,95.0,7.34,1.59,3.58
2020/02/20,28.0,28.0,27.9,27.95,132.0,3717.0,0.1792,0.0513,94.0,10.0,0.0,0.0,10.0,6014.0,4.0,2.0,1.0,121.0,0.0,7.36,1.6,3.58
2020/02/21,28.0,28.0,27.8,27.85,208.0,5803.0,-0.3578,0.0809,125.0,-17.0,0.0,-1.0,-18.0,5976.0,10.0,48.0,0.0,121.0,0.0,7.33,1.59,3.59
2020/02/24,27.75,27.95,27.75,27.8,377.0,10509.0,-0.1795,0.1466,194.0,-27.0,0.0,0.0,-27.0,5968.0,8.0,16.0,0.0,121.0,0.0,7.32,1.59,3.6
2020/02/25,27.7,27.8,27.65,27.8,721.0,19991.0,0.0,0.2804,327.0,-47.0,0.0,0.0,-47.0,5986.0,24.0,6.0,0.0,96.0,1.0,7.32,1.59,3.6
2020/02/26,27.65,27.8,27.5,27.55,732.0,20232.0,-0.8993,0.2847,347.0,-40.0,0.0,0.0,-40.0,5974.0,24.0,35.0,0.0,96.0,0.0,7.25,1.57,3.63
2020/02/27,27.55,27.65,27.45,27.45,416.0,11451.0,-0.363,0.1617,251.0,-158.0,0.0,0.0,-158.0,5970.0,16.0,20.0,10.0,88.0,2.0,7.22,1.57,3.64
2020/03/02,27.1,27.55,26.7,27.3,730.0,19878.0,-0.5464,0.2838,355.0,233.0,0.0,0.0,233.0,5959.0,17.0,28.0,1.0,87.0,0.0,7.18,1.56,3.66
2020/03/03,27.5,27.7,27.45,27.6,334.0,9207.0,1.0989,0.1298,174.0,-45.0,0.0,0.0,-45.0,5960.0,15.0,14.0,0.0,87.0,0.0,7.26,1.58,3.62
2020/03/04,27.55,27.55,27.4,27.55,137.0,3786.0,-0.1812,0.0533,76.0,15.0,0.0,0.0,15.0,5976.0,23.0,7.0,3.0,84.0,0.0,7.25,1.57,3.63
2020/03/05,27.6,27.75,27.6,27.7,480.0,13307.0,0.5445,0.1866,204.0,112.0,0.0,0.0,112.0,5991.0,18.0,3.0,0.0,84.0,0.0,7.29,1.58,3.61
2020/03/06,27.7,27.7,27.55,27.6,170.0,4703.0,-0.361,0.0661,86.0,-14.0,0.0,0.0,-14.0,6014.0,23.0,0.0,0.0,84.0,0.0,7.26,1.58,3.62
2020/03/09,27.5,27.5,27.15,27.15,628.0,17159.0,-1.6304,0.2441,329.0,-301.0,0.0,0.0,-301.0,5918.0,35.0,101.0,10.0,75.0,1.0,7.14,1.55,3.68
2020/03/10,27.0,27.4,26.8,27.35,537.0,14514.0,0.7366,0.2088,275.0,-62.0,0.0,0.0,-62.0,5936.0,33.0,15.0,0.0,80.0,5.0,7.2,1.56,3.66
2020/03/11,27.4,27.55,27.1,27.15,242.0,6604.0,-0.7313,0.0941,139.0,-64.0,0.0,0.0,-64.0,5905.0,20.0,51.0,5.0,6.0,0.0,7.14,1.55,3.68
2020/03/12,26.95,26.95,26.25,26.25,1425.0,37812.0,-3.3149,0.554,552.0,-212.0,0.0,-29.0,-241.0,5898.0,58.0,65.0,0.0,14.0,8.0,6.91,1.5,3.81
2020/03/13,24.0,24.9,24.0,24.55,1716.0,41472.0,-6.4762,0.6671,712.0,-66.0,0.0,0.0,-66.0,5744.0,75.0,228.0,8.0,6.0,0.0,6.46,1.4,4.07
2020/03/16,24.55,24.9,24.1,24.35,485.0,11914.0,-0.8147,0.1885,282.0,-33.0,0.0,0.0,-33.0,5740.0,7.0,11.0,0.0,7.0,1.0,6.41,1.39,4.11
2020/03/17,23.5,24.0,23.3,23.8,840.0,19996.0,-2.2587,0.3265,343.0,200.0,0.0,0.0,200.0,5711.0,21.0,48.0,0.0,7.0,0.0,6.26,1.36,4.2
2020/03/18,23.85,23.95,23.15,23.25,661.0,15514.0,-2.3109,0.257,323.0,-126.0,0.0,0.0,-126.0,5712.0,23.0,22.0,0.0,12.0,5.0,6.12,1.33,4.3
2020/03/19,22.6,22.6,20.95,21.0,2135.0,45572.0,-9.6774,0.83,539.0,277.0,0.0,0.0,277.0,5552.0,652.0,807.0,5.0,50.0,43.0,5.53,1.2,4.76
2020/03/20,21.2,23.0,21.2,22.25,539.0,12062.0,5.9524,0.2095,278.0,-34.0,0.0,1.0,-33.0,5574.0,31.0,6.0,45.0,5.0,0.0,5.86,1.27,4.49
2020/03/23,22.0,22.25,21.5,21.9,312.0,6822.0,-1.573,0.1213,167.0,-11.0,0.0,0.0,-11.0,5562.0,14.0,26.0,0.0,5.0,0.0,5.76,1.25,4.57
2020/03/24,22.15,23.25,22.15,23.0,461.0,10595.0,5.0228,0.1792,239.0,-14.0,0.0,0.0,-14.0,5602.0,65.0,25.0,2.0,3.0,0.0,6.05,1.31,4.35
2020/03/25,23.75,24.1,23.6,23.65,594.0,14229.0,2.8261,0.2309,259.0,-6.0,0.0,0.0,-6.0,5576.0,30.0,11.0,0.0,3.0,0.0,6.22,1.35,4.23
2020/03/26,24.0,25.9,23.95,25.65,913.0,22824.0,8.4567,0.3549,486.0,121.0,0.0,-1.0,120.0,5610.0,55.0,21.0,0.0,3.0,0.0,6.75,1.46,3.9
2020/03/27,25.95,26.0,25.45,25.45,733.0,18866.0,-0.7797,0.285,320.0,-78.0,0.0,0.0,-78.0,5590.0,55.0,75.0,0.0,7.0,4.0,6.7,1.45,3.93
2020/03/30,25.0,25.45,24.5,25.45,356.0,8952.0,0.0,0.1384,203.0,67.0,0.0,0.0,67.0,5589.0,4.0,5.0,4.0,11.0,8.0,6.7,1.45,3.93
2020/03/31,25.8,25.95,25.6,25.75,496.0,12789.0,1.1788,0.1928,261.0,5.0,0.0,0.0,5.0,5608.0,64.0,35.0,8.0,3.0,0.0,7.17,1.44,3.88
2020/04/01,25.75,25.95,25.55,25.95,256.0,6637.0,0.7767,0.0995,140.0,48.0,0.0,0.0,48.0,5626.0,28.0,10.0,3.0,0.0,0.0,7.23,1.46,3.85
2020/04/06,25.85,25.9,25.75,25.85,362.0,9375.0,-0.3854,0.1407,174.0,62.0,0.0,0.0,62.0,5695.0,69.0,0.0,0.0,0.0,0.0,7.2,1.45,3.87
2020/04/07,25.95,26.25,25.85,26.05,337.0,8780.0,0.7737,0.131,164.0,20.0,0.0,0.0,20.0,5746.0,71.0,20.0,0.0,0.0,0.0,7.26,1.46,3.84
2020/04/08,26.05,26.2,26.05,26.2,290.0,7590.0,0.5758,0.1127,168.0,26.0,0.0,0.0,26.0,5747.0,33.0,32.0,0.0,0.0,0.0,7.3,1.47,3.82
2020/04/09,28.8,28.8,28.3,28.55,7301.0,209691.0,8.9695,2.8382,2190.0,-31.0,0.0,0.0,-31.0,6235.0,640.0,152.0,0.0,35.0,35.0,7.95,1.6,3.5
2020/04/10,28.3,28.55,27.75,28.55,1973.0,55420.0,0.0,0.767,1135.0,10.0,0.0,0.0,10.0,6095.0,120.0,260.0,2.0,160.0,127.0,7.95,1.6,3.5
2020/04/13,28.55,28.6,27.9,28.2,882.0,24989.0,-1.2259,0.3429,425.0,-38.0,0.0,0.0,-38.0,6199.0,195.0,91.0,5.0,206.0,51.0,7.86,1.58,3.55
2020/04/14,28.2,28.4,28.0,28.35,509.0,14392.0,0.5319,0.1979,297.0,95.0,0.0,0.0,95.0,6118.0,13.0,94.0,5.0,214.0,15.0,7.9,1.59,3.53
2020/04/15,28.5,28.55,28.2,28.4,728.0,20667.0,0.1764,0.283,351.0,40.0,0.0,0.0,40.0,6153.0,63.0,28.0,32.0,185.0,3.0,7.91,1.59,3.52
2020/04/16,28.1,28.4,28.1,28.25,271.0,7675.0,-0.5282,0.1053,172.0,5.0,0.0,0.0,5.0,6133.0,24.0,44.0,9.0,179.0,3.0,7.87,1.58,3.54
2020/04/17,28.45,28.5,28.2,28.25,594.0,16860.0,0.0,0.2309,325.0,24.0,0.0,0.0,24.0,6140.0,51.0,44.0,17.0,175.0,13.0,7.87,1.58,3.54
2020/04/20,28.15,28.35,28.15,28.25,377.0,10661.0,0.0,0.1466,177.0,7.0,0.0,0.0,7.0,6120.0,0.0,20.0,14.0,161.0,0.0,7.87,1.58,3.54
2020/04/21,28.2,28.2,27.6,27.75,687.0,19172.0,-1.7699,0.2671,398.0,-160.0,0.0,0.0,-160.0,6021.0,50.0,149.0,34.0,139.0,12.0,7.73,1.56,3.6
2020/04/22,27.5,27.85,27.2,27.8,315.0,8704.0,0.1802,0.1225,185.0,8.0,0.0,0.0,8.0,6029.0,20.0,12.0,6.0,136.0,3.0,7.74,1.56,3.6
2020/04/23,27.8,28.05,27.7,28.0,205.0,5735.0,0.7194,0.0797,132.0,-6.0,0.0,0.0,-6.0,6042.0,18.0,5.0,17.0,120.0,1.0,7.8,1.57,3.57
2020/04/24,27.8,28.0,27.8,27.85,400.0,11161.0,-0.5357,0.1555,153.0,7.0,0.0,0.0,7.0,6038.0,7.0,11.0,15.0,105.0,0.0,7.76,1.56,3.59
2020/04/27,28.0,28.2,28.0,28.1,463.0,13025.0,0.8977,0.18,226.0,110.0,0.0,0.0,110.0,6020.0,9.0,27.0,20.0,86.0,1.0,7.83,1.58,3.56
2020/04/28,28.2,28.5,28.2,28.4,677.0,19220.0,1.0676,0.2632,307.0,29.0,0.0,0.0,29.0,5989.0,38.0,54.0,10.0,80.0,4.0,7.91,1.59,3.52
2020/04/29,28.45,29.4,28.45,29.15,1350.0,39139.0,2.6408,0.5248,677.0,93.0,0.0,0.0,93.0,6219.0,283.0,53.0,24.0,63.0,7.0,8.12,1.63,10.29
2020/04/30,29.5,29.6,29.25,29.35,878.0,25837.0,0.6861,0.3413,495.0,91.0,0.0,0.0,91.0,6332.0,237.0,123.0,2.0,63.0,2.0,8.18,1.65,10.22
2020/05/04,29.05,29.2,28.75,29.1,591.0,17177.0,-0.8518,0.2297,287.0,-81.0,0.0,0.0,-81.0,6318.0,29.0,43.0,2.0,61.0,0.0,8.11,1.63,10.31
2020/05/05,29.2,29.35,29.0,29.2,369.0,10786.0,0.3436,0.1434,198.0,-64.0,0.0,0.0,-64.0,6277.0,21.0,62.0,12.0,49.0,0.0,8.13,1.64,10.27
2020/05/06,29.2,29.2,29.0,29.0,351.0,10203.0,-0.6849,0.1364,205.0,-42.0,0.0,0.0,-42.0,6237.0,13.0,53.0,4.0,45.0,0.0,8.08,1.63,10.34
2020/05/07,29.05,29.45,29.0,29.25,625.0,18259.0,0.8621,0.243,304.0,21.0,0.0,0.0,21.0,6208.0,33.0,62.0,4.0,41.0,0.0,8.15,1.64,10.26
2020/05/08,29.35,29.4,29.1,29.1,642.0,18793.0,-0.5128,0.2496,272.0,28.0,0.0,0.0,28.0,6240.0,46.0,14.0,0.0,41.0,0.0,8.11,1.63,10.31
2020/05/11,29.2,29.45,29.05,29.1,1245.0,36399.0,0.0,0.484,391.0,113.0,0.0,0.0,113.0,6119.0,26.0,147.0,0.0,41.0,0.0,12.76,1.55,10.31
2020/05/12,29.25,29.25,28.7,28.7,1071.0,30926.0,-1.3746,0.4163,502.0,-70.0,0.0,0.0,-70.0,6122.0,61.0,58.0,0.0,88.0,47.0,12.59,1.53,10.45
2020/05/13,28.6,28.85,28.6,28.7,819.0,23521.0,0.0,0.3184,337.0,31.0,0.0,0.0,31.0,6167.0,53.0,8.0,0.0,129.0,41.0,12.59,1.53,10.45
2020/05/14,28.65,28.75,28.3,28.3,731.0,20854.0,-1.3937,0.2842,360.0,-45.0,0.0,0.0,-45.0,6220.0,75.0,22.0,1.0,170.0,42.0,12.41,1.51,10.6
2020/05/15,28.4,28.45,28.15,28.35,665.0,18831.0,0.1767,0.2585,284.0,12.0,0.0,0.0,12.0,6286.0,94.0,28.0,0.0,179.0,9.0,12.43,1.51,10.58
2020/05/18,28.45,28.9,28.3,28.35,994.0,28358.0,0.0,0.3864,425.0,163.0,0.0,5.0,168.0,6201.0,28.0,113.0,3.0,185.0,9.0,12.43,1.51,10.58
2020/05/19,28.55,28.65,28.35,28.35,716.0,20398.0,0.0,0.2783,286.0,69.0,0.0,2.0,71.0,6212.0,29.0,18.0,85.0,107.0,7.0,12.43,1.51,10.58
2020/05/20,28.5,28.5,28.4,28.5,363.0,10340.0,0.5291,0.1411,166.0,89.0,0.0,0.0,89.0,6211.0,5.0,6.0,21.0,86.0,0.0,12.5,1.52,10.53
2020/05/21,28.55,28.8,28.45,28.6,837.0,23978.0,0.3509,0.3254,374.0,107.0,0.0,0.0,107.0,6215.0,25.0,21.0,6.0,87.0,7.0,12.54,1.52,10.49
2020/05/22,28.5,28.65,28.4,28.55,349.0,9967.0,-0.1748,0.1357,194.0,-80.0,0.0,0.0,-80.0,6217.0,6.0,4.0,1.0,88.0,2.0,12.52,1.52,10.51
2020/05/25,28.55,28.75,28.45,28.7,519.0,14832.0,0.5254,0.2018,233.0,44.0,0.0,0.0,44.0,6227.0,22.0,12.0,10.0,79.0,1.0,12.59,1.53,10.45
2020/05/26,28.8,28.9,28.7,28.8,901.0,25974.0,0.3484,0.3503,354.0,144.0,0.0,0.0,144.0,6267.0,44.0,4.0,15.0,67.0,3.0,12.63,1.54,10.42
2020/05/27,28.95,29.1,28.85,28.95,947.0,27436.0,0.5208,0.3681,413.0,142.0,0.0,0.0,142.0,5941.0,85.0,13.0,4.0,66.0,3.0,12.7,1.54,10.36
2020/05/28,29.2,29.3,28.85,28.9,1210.0,35192.0,-0.1727,0.4704,426.0,-80.0,0.0,0.0,-80.0,5974.0,347.0,190.0,2.0,64.0,0.0,12.68,1.54,10.38
2020/05/29,28.8,29.9,28.8,29.15,1105.0,32194.0,0.8651,0.4296,415.0,-99.0,0.0,0.0,-99.0,5987.0,430.0,417.0,1.0,64.0,1.0,12.79,1.55,10.29
2020/06/01,29.3,29.45,29.2,29.35,1044.0,30649.0,0.6861,0.4058,438.0,306.0,0.0,4.0,310.0,5972.0,35.0,50.0,0.0,66.0,2.0,12.87,1.56,10.22
2020/06/02,29.55,29.8,29.45,29.45,1873.0,55485.0,0.3407,0.7281,662.0,235.0,0.0,0.0,235.0,6055.0,501.0,418.0,0.0,74.0,8.0,12.92,1.57,10.19
2020/06/03,29.6,29.85,29.5,29.85,1603.0,47648.0,1.3582,0.6232,589.0,565.0,0.0,5.0,570.0,5802.0,49.0,302.0,7.0,70.0,3.0,13.09,1.59,10.05
2020/06/04,30.15,30.95,30.0,30.95,2674.0,81185.0,3.6851,1.0395,1212.0,426.0,0.0,0.0,426.0,6170.0,419.0,51.0,6.0,68.0,4.0,13.57,1.65,9.69
2020/06/05,31.0,31.5,31.0,31.45,2062.0,64550.0,1.6155,0.8016,1001.0,292.0,0.0,0.0,292.0,6502.0,403.0,71.0,26.0,50.0,8.0,13.79,1.68,9.54
2020/06/08,31.8,32.3,31.5,31.65,2594.0,82708.0,0.6359,1.0084,1068.0,257.0,0.0,1.0,258.0,6398.0,532.0,636.0,10.0,40.0,0.0,13.88,1.69,9.48
2020/06/09,31.7,32.0,31.65,31.8,1046.0,33271.0,0.4739,0.4066,512.0,267.0,0.0,0.0,267.0,6406.0,30.0,22.0,0.0,40.0,0.0,13.95,1.7,9.43
2020/06/10,31.7,31.7,31.15,31.15,1966.0,61548.0,-2.044,0.7643,988.0,-36.0,0.0,1.0,-35.0,6376.0,107.0,137.0,0.0,42.0,2.0,13.66,1.66,9.63
2020/06/11,31.15,31.2,30.1,30.2,1844.0,56218.0,-3.0498,0.7168,1014.0,-330.0,0.0,0.0,-330.0,6503.0,170.0,43.0,3.0,40.0,1.0,13.25,1.61,9.93
2020/06/12,29.6,30.9,29.55,30.85,1520.0,46018.0,2.1523,0.5909,781.0,217.0,0.0,0.0,217.0,6530.0,78.0,51.0,1.0,41.0,2.0,13.53,1.64,9.72
2020/06/15,30.9,31.7,30.8,31.0,1444.0,45168.0,0.4862,0.5613,747.0,-19.0,0.0,0.0,-19.0,6572.0,228.0,186.0,1.0,50.0,10.0,13.6,1.65,9.68
2020/06/16,31.3,32.5,31.3,31.95,2637.0,84352.0,3.0645,1.0251,1220.0,318.0,0.0,1.0,319.0,6702.0,284.0,154.0,1.0,102.0,53.0,14.01,1.7,9.39
2020/06/17,32.4,32.4,31.65,31.95,1547.0,49332.0,0.0,0.6014,585.0,-137.0,0.0,0.0,-137.0,6746.0,192.0,148.0,3.0,99.0,0.0,14.01,1.7,9.39
2020/06/18,31.95,32.05,31.6,31.95,665.0,21167.0,0.0,0.2585,332.0,-149.0,0.0,0.0,-149.0,6836.0,132.0,42.0,0.0,108.0,9.0,14.01,1.7,9.39
2020/06/19,31.95,31.95,31.65,31.8,806.0,25620.0,-0.4695,0.3133,351.0,-23.0,0.0,0.0,-23.0,6749.0,49.0,136.0,0.0,108.0,0.0,13.95,1.7,9.43
2020/06/22,32.5,32.5,31.85,31.95,1138.0,36511.0,0.4717,0.4424,469.0,-19.0,0.0,0.0,-19.0,6794.0,118.0,73.0,0.0,74.0,17.0,14.01,1.7,9.39
2020/06/23,32.0,32.15,31.55,32.0,906.0,28898.0,0.1565,0.3522,396.0,-154.0,0.0,0.0,-154.0,6718.0,44.0,120.0,1.0,73.0,0.0,14.04,1.71,9.38
2020/06/24,31.95,31.95,31.7,31.8,603.0,19216.0,-0.625,0.2344,252.0,-53.0,0.0,0.0,-53.0,6736.0,66.0,48.0,0.0,73.0,0.0,7.99,1.59,6.92
2020/06/29,31.7,31.75,31.5,31.55,667.0,21122.0,-0.7862,0.2593,309.0,-28.0,0.0,0.0,-28.0,6605.0,78.0,209.0,0.0,73.0,0.0,13.84,1.68,9.51
2020/06/30,31.9,31.9,31.6,31.7,368.0,11665.0,0.4754,0.143,178.0,-58.0,0.0,-2.0,-60.0,6569.0,5.0,41.0,0.0,73.0,0.0,13.9,1.69,9.46
2020/07/01,31.9,32.3,31.75,32.05,2704.0,86462.0,1.1041,1.0508,575.0,452.0,0.0,0.0,452.0,6447.0,1339.0,1427.0,0.0,73.0,0.0,14.06,1.71,9.36
2020/07/02,32.3,32.4,32.1,32.4,1104.0,35612.0,1.092,0.429,499.0,195.0,0.0,0.0,195.0,6409.0,108.0,146.0,0.0,73.0,0.0,14.21,1.73,9.26
2020/07/03,32.55,34.55,32.55,34.4,4594.0,154726.0,6.1728,1.7852,2125.0,1114.0,0.0,0.0,1114.0,6743.0,538.0,178.0,2.0,88.0,17.0,15.09,1.83,8.72
2020/07/06,34.6,34.6,33.6,34.4,4402.0,149956.0,0.0,1.7106,1848.0,-816.0,0.0,6.0,-810.0,7314.0,862.0,291.0,1.0,87.0,0.0,15.09,1.83,8.72
2020/07/07,34.4,34.9,33.85,34.8,2986.0,103176.0,1.1628,1.1604,1369.0,705.0,0.0,-1.0,704.0,8050.0,872.0,136.0,0.0,50.0,0.0,15.26,1.86,8.62
2020/07/08,34.55,34.9,34.4,34.6,1257.0,43582.0,-0.5747,0.4885,669.0,-362.0,0.0,0.0,-362.0,7993.0,94.0,151.0,1.0,49.0,0.0,15.18,1.84,8.67
2020/07/09,34.6,34.6,33.4,33.6,2431.0,82392.0,-2.8902,0.9447,1340.0,-239.0,0.0,0.0,-239.0,7657.0,263.0,599.0,0.0,32.0,0.0,14.74,1.79,8.93
2020/07/10,33.65,33.7,32.75,32.9,1986.0,65609.0,-2.0833,0.7718,1084.0,-313.0,0.0,0.0,-313.0,7653.0,94.0,98.0,6.0,26.0,0.0,14.43,1.75,9.12
2020/07/13,32.95,33.45,32.95,33.1,597.0,19785.0,0.6079,0.232,378.0,-267.0,0.0,0.0,-267.0,7664.0,26.0,15.0,0.0,26.0,0.0,14.52,1.76,9.06
2020/07/14,33.1,33.2,32.95,32.95,823.0,27193.0,-0.4532,0.3198,424.0,-231.0,0.0,0.0,-231.0,7620.0,32.0,76.0,0.0,26.0,0.0,14.45,1.76,9.1
2020/07/15,33.1,33.35,32.95,33.15,821.0,27236.0,0.607,0.319,390.0,12.0,0.0,6.0,18.0,7594.0,90.0,116.0,1.0,25.0,0.0,14.54,1.77,9.05
2020/07/16,33.15,33.65,33.15,33.35,975.0,32539.0,0.6033,0.3789,476.0,36.0,0.0,-9.0,27.0,7623.0,78.0,49.0,0.0,25.0,0.0,14.63,1.78,9.0
2020/07/17,33.6,33.6,33.0,33.05,978.0,32475.0,-0.8996,0.38,469.0,-209.0,0.0,3.0,-206.0,7572.0,49.0,100.0,2.0,23.0,0.0,14.5,1.76,9.08
2020/07/20,33.1,33.3,32.7,33.0,901.0,29743.0,-0.1513,0.3501,431.0,6.0,0.0,0.0,6.0,7612.0,74.0,34.0,0.0,23.0,0.0,14.47,1.76,9.09
2020/07/21,33.1,33.25,33.05,33.1,851.0,28227.0,0.303,0.3307,410.0,54.0,0.0,13.0,67.0,7611.0,57.0,57.0,0.0,23.0,0.0,14.52,1.76,9.06
2020/07/22,33.3,33.3,33.1,33.2,989.0,32811.0,0.3021,0.3843,428.0,-57.0,0.0,-8.0,-65.0,7538.0,63.0,135.0,23.0,0.0,0.0,14.56,1.77,9.04
2020/07/23,33.2,33.2,32.95,33.1,1670.0,55254.0,-0.3012,0.6489,534.0,-643.0,0.0,0.0,-643.0,7326.0,41.0,251.0,0.0,0.0,0.0,14.52,1.76,9.06
2020/07/24,33.05,33.05,32.55,32.6,2566.0,84242.0,-1.5106,0.9971,941.0,-795.0,0.0,0.0,-795.0,6930.0,69.0,465.0,0.0,0.0,0.0,14.3,1.74,9.2
2020/07/27,32.65,32.8,32.0,32.0,3266.0,105436.0,-1.8405,1.2691,1267.0,-615.0,0.0,19.0,-596.0,6709.0,131.0,352.0,0.0,0.0,0.0,14.04,1.71,9.38
2020/07/28,27.25,27.3,26.6,27.05,3918.0,106230.0,-0.7683,1.3814,1330.0,677.0,0.0,-21.0,656.0,6822.0,388.0,275.0,0.0,122.0,122.0,11.86,1.44,11.09
2020/07/29,27.05,28.25,26.8,27.8,1549.0,43072.0,2.7726,0.5461,870.0,46.0,0.0,-3.0,43.0,6839.0,148.0,131.0,1.0,169.0,48.0,12.19,1.48,10.79
2020/07/30,27.8,28.35,27.8,28.05,838.0,23494.0,0.8993,0.2955,364.0,-272.0,0.0,-1.0,-273.0,6816.0,12.0,35.0,1.0,171.0,3.0,12.3,1.5,10.7
2020/07/31,28.15,28.2,28.0,28.15,356.0,10009.0,0.3565,0.1255,190.0,-78.0,0.0,-6.0,-84.0,6800.0,1.0,17.0,1.0,170.0,0.0,12.35,1.5,10.66
2020/08/03,28.05,28.05,27.6,27.75,956.0,26547.0,-1.421,0.3371,412.0,-456.0,0.0,-2.0,-458.0,6794.0,9.0,15.0,20.0,150.0,0.0,12.17,1.48,10.81
2020/08/04,27.75,27.8,27.6,27.65,632.0,17506.0,-0.3604,0.2228,348.0,-136.0,0.0,0.0,-136.0,6797.0,15.0,11.0,2.0,148.0,0.0,12.13,1.47,10.85
2020/08/05,27.65,27.95,27.55,27.55,482.0,13337.0,-0.3617,0.1699,229.0,-127.0,0.0,0.0,-127.0,6792.0,23.0,24.0,0.0,218.0,70.0,12.08,1.47,10.89
2020/08/06,27.65,27.9,27.35,27.55,828.0,22767.0,0.0,0.2919,298.0,-236.0,0.0,-3.0,-239.0,6821.0,34.0,5.0,0.0,218.0,0.0,12.08,1.47,10.89
2020/08/07,27.55,27.65,27.45,27.45,371.0,10210.0,-0.363,0.1308,210.0,-140.0,0.0,0.0,-140.0,6820.0,23.0,24.0,0.0,220.0,2.0,12.04,1.46,10.93
2020/08/10,27.35,27.7,27.35,27.45,388.0,10667.0,0.0,0.1368,221.0,-125.0,0.0,58.0,-67.0,6813.0,5.0,12.0,0.0,224.0,4.0,20.04,1.68,10.93
2020/08/11,27.45,27.45,27.15,27.2,842.0,22954.0,-0.9107,0.2969,446.0,-223.0,0.0,-56.0,-279.0,6851.0,44.0,6.0,0.0,190.0,36.0,19.85,1.66,11.03
2020/08/12,27.2,27.25,27.05,27.05,656.0,17778.0,-0.5515,0.2313,293.0,-160.0,0.0,4.0,-156.0,6871.0,26.0,6.0,2.0,188.0,0.0,19.74,1.65,11.09
2020/08/13,27.1,27.15,27.05,27.1,426.0,11563.0,0.1848,0.1502,198.0,-114.0,0.0,1.0,-113.0,6910.0,50.0,11.0,7.0,181.0,0.0,19.78,1.66,11.07
2020/08/14,27.05,27.15,26.95,27.1,573.0,15493.0,0.0,0.202,294.0,-54.0,0.0,-5.0,-59.0,6746.0,38.0,202.0,25.0,207.0,51.0,19.78,1.66,11.07
2020/08/17,27.05,27.7,27.05,27.6,1062.0,29199.0,1.845,0.3744,507.0,-126.0,0.0,159.0,33.0,6843.0,103.0,6.0,13.0,218.0,24.0,20.15,1.69,10.87
2020/08/18,27.7,27.9,27.55,27.65,597.0,16516.0,0.1812,0.2105,330.0,-31.0,0.0,-126.0,-157.0,6841.0,47.0,49.0,2.0,274.0,58.0,20.18,1.69,10.85
2020/08/19,27.65,29.35,27.65,29.0,2062.0,59228.0,4.8825,0.727,1080.0,43.0,0.0,90.0,133.0,6821.0,201.0,191.0,2.0,289.0,17.0,21.17,1.77,10.34
2020/08/20,28.6,29.0,27.8,28.15,1423.0,40194.0,-2.931,0.5017,670.0,-251.0,0.0,-123.0,-374.0,6982.0,318.0,157.0,5.0,285.0,1.0,20.55,1.72,10.66
2020/08/21,28.3,28.8,28.3,28.7,726.0,20761.0,1.9538,0.256,363.0,81.0,0.0,3.0,84.0,6995.0,53.0,40.0,0.0,287.0,2.0,20.95,1.75,10.45
2020/08/24,28.85,28.9,28.15,28.5,711.0,20222.0,-0.6969,0.2507,279.0,-88.0,0.0,1.0,-87.0,7000.0,37.0,32.0,0.0,287.0,0.0,20.8,1.74,10.53
2020/08/25,28.6,28.7,28.45,28.6,684.0,19567.0,0.3509,0.2412,216.0,-15.0,0.0,0.0,-15.0,6947.0,37.0,90.0,33.0,255.0,1.0,20.88,1.75,10.49
2020/08/26,28.8,29.0,28.6,28.7,612.0,17615.0,0.3497,0.2158,237.0,-28.0,0.0,130.0,102.0,6949.0,38.0,35.0,30.0,225.0,0.0,20.95,1.75,10.45
2020/08/27,28.95,28.95,28.6,28.7,264.0,7594.0,0.0,0.0931,148.0,-67.0,0.0,10.0,-57.0,6928.0,11.0,32.0,0.0,225.0,0.0,20.95,1.75,10.45
2020/08/28,28.75,29.35,28.75,29.05,1341.0,38977.0,1.2195,0.4728,784.0,358.0,0.0,0.0,358.0,6757.0,83.0,133.0,27.0,202.0,4.0,21.2,1.78,10.33
2020/08/31,29.1,29.35,29.0,29.0,481.0,14008.0,-0.1721,0.1354,408.0,-66.0,0.0,0.0,-66.0,6764.0,30.0,23.0,0.0,207.0,6.0,21.17,1.77,10.34
2020/09/01,29.0,29.0,28.8,28.85,636.0,18376.0,-0.5172,0.179,365.0,-39.0,0.0,8.0,-31.0,6726.0,3.0,41.0,5.0,202.0,0.0,21.06,1.76,10.4
2020/09/02,28.85,28.9,28.65,28.65,581.0,16739.0,-0.6932,0.1635,274.0,-62.0,0.0,-8.0,-70.0,6728.0,11.0,9.0,7.0,195.0,0.0,20.91,1.75,10.47
2020/09/03,28.65,28.75,28.45,28.55,727.0,20791.0,-0.349,0.2046,348.0,-27.0,0.0,-3.0,-30.0,6702.0,14.0,40.0,0.0,195.0,0.0,20.84,1.75,10.51
2020/09/04,28.45,28.55,27.45,28.45,719.0,20301.0,-0.3503,0.2024,307.0,83.0,0.0,0.0,83.0,6733.0,42.0,11.0,0.0,195.0,0.0,20.77,1.74,10.54
2020/09/07,28.4,29.25,28.4,28.8,1316.0,38066.0,1.2302,0.3704,668.0,404.0,0.0,-1.0,403.0,6679.0,72.0,126.0,0.0,208.0,13.0,21.02,1.76,10.42
2020/09/08,29.0,31.2,28.9,30.4,4421.0,133888.0,5.5556,1.2443,2192.0,574.0,0.0,96.0,670.0,6452.0,201.0,428.0,6.0,204.0,2.0,22.19,1.86,9.87
2020/09/09,30.0,31.0,29.85,31.0,1706.0,52097.0,1.9737,0.4802,951.0,-62.0,0.0,89.0,27.0,6626.0,307.0,133.0,2.0,203.0,1.0,22.63,1.89,9.68
2020/09/10,31.0,31.0,30.4,30.75,1267.0,38913.0,-0.8065,0.3566,702.0,-27.0,0.0,-14.0,-41.0,6696.0,150.0,80.0,1.0,205.0,3.0,22.45,1.88,9.76
2020/09/11,30.35,30.45,29.0,29.15,3162.0,93291.0,-5.2033,0.8899,1443.0,-275.0,0.0,-293.0,-568.0,6849.0,290.0,130.0,3.0,212.0,10.0,21.28,1.78,10.29
2020/09/14,29.15,29.25,28.9,29.05,670.0,19492.0,-0.3431,0.1886,387.0,-78.0,0.0,1.0,-77.0,6880.0,93.0,62.0,0.0,223.0,11.0,21.2,1.78,10.33
2020/09/15,29.1,29.95,29.1,29.9,840.0,24814.0,2.926,0.2364,434.0,11.0,0.0,21.0,32.0,6968.0,116.0,28.0,10.0,213.0,0.0,21.82,1.83,10.03
2020/09/16,30.0,30.05,29.55,29.7,613.0,18270.0,-0.6689,0.1725,332.0,-48.0,0.0,-18.0,-66.0,6959.0,21.0,30.0,0.0,215.0,2.0,21.68,1.82,10.1
2020/09/17,29.55,30.4,29.55,29.85,917.0,27553.0,0.5051,0.2581,442.0,30.0,0.0,27.0,57.0,6655.0,42.0,43.0,0.0,234.0,19.0,21.79,1.82,10.05
2020/09/18,29.9,30.2,29.75,29.85,589.0,17649.0,0.0,0.1658,304.0,-21.0,0.0,-160.0,-181.0,6648.0,28.0,33.0,1.0,233.0,0.0,21.79,1.82,10.05
2020/09/21,29.85,29.9,29.6,29.75,524.0,15572.0,-0.335,0.1475,314.0,81.0,0.0,-11.0,70.0,6559.0,2.0,91.0,0.0,282.0,49.0,21.72,1.82,10.08
2020/09/22,29.8,29.8,29.3,29.5,594.0,17538.0,-0.8403,0.1672,291.0,-7.0,0.0,-5.0,-12.0,6579.0,37.0,17.0,0.0,282.0,0.0,21.53,1.8,10.17
2020/09/23,29.7,29.7,29.3,29.4,432.0,12709.0,-0.339,0.1216,237.0,-141.0,0.0,1.0,-140.0,6590.0,34.0,23.0,1.0,281.0,0.0,21.46,1.8,10.2
2020/09/24,29.4,29.4,28.8,28.9,1050.0,30431.0,-1.7007,0.2955,507.0,-354.0,0.0,-9.0,-363.0,6621.0,112.0,76.0,0.0,281.0,0.0,21.79,1.82,10.05
2020/09/25,28.9,29.0,28.45,28.5,878.0,25219.0,-1.3841,0.2471,418.0,-29.0,0.0,-1.0,-30.0,6616.0,31.0,36.0,8.0,274.0,1.0,20.8,1.74,10.53
2020/09/28,28.8,28.9,28.55,28.6,430.0,12335.0,0.3509,0.121,212.0,-31.0,0.0,-1.0,-32.0,6637.0,36.0,15.0,3.0,271.0,0.0,20.88,1.75,10.49
2020/09/29,28.65,29.0,28.65,28.85,234.0,6775.0,0.8741,0.0659,157.0,-12.0,0.0,0.0,-12.0,6659.0,33.0,11.0,0.0,271.0,0.0,21.06,1.76,10.4
2020/09/30,28.85,29.1,28.75,28.8,359.0,10379.0,-0.1733,0.101,188.0,-117.0,0.0,0.0,-117.0,6671.0,70.0,8.0,3.0,268.0,0.0,21.02,1.76,10.42
2020/10/05,28.8,28.9,28.6,28.7,312.0,8975.0,-0.3472,0.0878,219.0,-155.0,0.0,0.0,-155.0,6696.0,34.0,9.0,0.0,268.0,0.0,20.95,1.75,10.45
2020/10/06,28.7,29.2,28.7,29.0,386.0,11161.0,1.0453,0.1086,243.0,-59.0,0.0,3.0,-56.0,6721.0,35.0,10.0,0.0,268.0,0.0,21.17,1.77,10.34
2020/10/07,29.2,29.2,28.9,29.0,456.0,13226.0,0.0,0.1283,211.0,20.0,0.0,-8.0,12.0,6743.0,29.0,7.0,0.0,268.0,0.0,21.17,1.77,10.34
2020/10/08,29.0,29.1,28.9,29.1,337.0,9794.0,0.3448,0.0948,150.0,-24.0,0.0,0.0,-24.0,6775.0,43.0,11.0,0.0,268.0,0.0,21.24,1.78,10.31
2020/10/12,29.2,29.3,28.95,29.05,188.0,5461.0,-0.1718,0.0529,155.0,-41.0,0.0,0.0,-41.0,6797.0,26.0,4.0,0.0,268.0,0.0,21.2,1.78,10.33
2020/10/13,29.0,29.05,28.9,29.05,227.0,6604.0,0.0,0.0639,152.0,-49.0,0.0,0.0,-49.0,6798.0,23.0,22.0,3.0,265.0,0.0,21.2,1.78,10.33
2020/10/14,29.1,29.3,28.95,29.15,549.0,15955.0,0.3442,0.1545,249.0,78.0,0.0,8.0,86.0,6887.0,101.0,12.0,22.0,252.0,9.0,21.28,1.78,10.29
2020/10/15,29.3,29.8,29.2,29.55,876.0,25864.0,1.3722,0.2465,477.0,62.0,0.0,15.0,77.0,6795.0,176.0,268.0,84.0,168.0,0.0,21.57,1.81,10.15
2020/10/16,29.65,30.15,29.55,29.65,1140.0,34064.0,0.3384,0.3209,589.0,94.0,0.0,94.0,188.0,6649.0,209.0,355.0,3.0,165.0,0.0,21.64,1.81,10.12
2020/10/19,29.65,30.0,29.65,30.0,668.0,19969.0,1.1804,0.188,383.0,180.0,0.0,-37.0,143.0,6526.0,76.0,199.0,0.0,165.0,0.0,21.9,1.83,10.0
2020/10/20,30.0,30.2,29.65,29.75,707.0,21141.0,-0.8333,0.199,335.0,68.0,0.0,-6.0,62.0,6394.0,147.0,279.0,2.0,163.0,0.0,21.72,1.82,10.08
2020/10/21,29.75,30.0,29.65,29.9,697.0,20796.0,0.5042,0.1962,308.0,318.0,0.0,-26.0,292.0,6020.0,31.0,405.0,90.0,74.0,1.0,21.82,1.83,10.03
2020/10/22,29.9,30.45,29.8,30.25,2119.0,64050.0,1.1706,0.5964,809.0,604.0,0.0,25.0,629.0,5900.0,53.0,173.0,13.0,61.0,0.0,22.08,1.85,9.92
2020/10/23,30.3,30.4,30.05,30.1,493.0,14905.0,-0.4959,0.1388,256.0,-32.0,0.0,-38.0,-70.0,5818.0,39.0,121.0,61.0,0.0,0.0,21.97,1.84,9.97
2020/10/26,30.0,30.05,29.85,29.9,523.0,15672.0,-0.6645,0.1472,289.0,56.0,0.0,-11.0,45.0,5781.0,34.0,71.0,0.0,0.0,0.0,21.82,1.83,10.03
2020/10/27,29.8,30.15,29.8,29.9,412.0,12363.0,0.0,0.116,272.0,45.0,0.0,18.0,63.0,5852.0,75.0,4.0,0.0,0.0,0.0,21.82,1.83,10.03
2020/10/28,29.9,30.0,29.8,29.8,606.0,18129.0,-0.3344,0.1706,249.0,-42.0,0.0,-9.0,-51.0,5779.0,48.0,121.0,0.0,0.0,0.0,21.75,1.82,10.07
2020/10/29,29.6,29.65,29.2,29.55,469.0,13827.0,-0.0318,0.1233,256.0,12.0,0.0,-15.0,-3.0,5767.0,28.0,36.0,0.0,12.0,12.0,21.57,1.81,10.15
2020/10/30,29.6,29.95,29.6,29.65,415.0,12343.0,0.3384,0.1091,256.0,4.0,0.0,2.0,6.0,5809.0,49.0,7.0,5.0,18.0,11.0,21.64,1.81,10.12
2020/11/02,29.9,30.35,29.75,29.9,956.0,28639.0,0.8432,0.2514,510.0,132.0,0.0,-4.0,128.0,5822.0,21.0,8.0,0.0,22.0,4.0,21.82,1.83,10.03
2020/11/03,30.1,30.1,29.6,29.7,720.0,21434.0,-0.6689,0.1893,342.0,-63.0,0.0,0.0,-63.0,5829.0,45.0,38.0,0.0,22.0,0.0,21.68,1.82,10.1
2020/11/04,29.7,29.8,29.3,29.45,553.0,16299.0,-0.8418,0.1454,318.0,-285.0,0.0,0.0,-285.0,5848.0,51.0,32.0,3.0,19.0,0.0,21.5,1.8,10.19
2020/11/05,29.45,29.45,29.2,29.25,613.0,17966.0,-0.6791,0.1612,234.0,-95.0,0.0,-1.0,-96.0,5834.0,43.0,57.0,0.0,29.0,10.0,21.35,1.79,10.26
2020/11/06,29.2,29.25,28.85,28.9,1068.0,30973.0,-1.1966,0.2808,534.0,-169.0,0.0,0.0,-169.0,5865.0,67.0,34.0,3.0,27.0,1.0,21.09,1.77,10.38
2020/11/09,28.9,29.15,28.7,28.9,953.0,27533.0,0.0,0.2506,482.0,-82.0,0.0,-7.0,-89.0,5941.0,103.0,27.0,1.0,32.0,6.0,38.73,2.1,10.33
2020/11/10,28.9,29.2,28.8,28.9,687.0,19897.0,0.0,0.1806,320.0,-7.0,0.0,0.0,-7.0,6097.0,167.0,11.0,1.0,42.0,11.0,32.11,1.74,10.38
2020/11/11,28.8,29.1,28.8,29.05,520.0,15084.0,0.519,0.1367,326.0,-24.0,0.0,0.0,-24.0,6115.0,21.0,3.0,0.0,61.0,19.0,32.28,1.74,10.33
2020/11/12,29.1,29.1,28.9,29.0,420.0,12192.0,-0.1721,0.1104,213.0,-65.0,0.0,0.0,-65.0,6132.0,23.0,6.0,0.0,115.0,54.0,38.67,2.09,10.34
2020/11/13,29.0,29.0,28.85,28.95,345.0,10001.0,-0.1724,0.0907,263.0,-213.0,0.0,0.0,-213.0,6163.0,31.0,0.0,0.0,126.0,11.0,38.6,2.09,10.36
2020/11/16,29.0,29.3,28.9,29.05,509.0,14802.0,0.3454,0.1338,339.0,-57.0,0.0,2.0,-55.0,6161.0,16.0,16.0,2.0,221.0,97.0,38.73,2.1,10.33
2020/11/17,29.15,29.15,28.9,28.95,388.0,11262.0,-0.3442,0.102,276.0,-106.0,0.0,0.0,-106.0,6171.0,12.0,0.0,0.0,248.0,27.0,38.6,2.09,10.36
2020/11/18,28.95,29.15,28.85,29.05,412.0,11973.0,0.3454,0.1083,282.0,-69.0,0.0,-1.0,-70.0,6171.0,22.0,2.0,1.0,289.0,42.0,38.73,2.1,10.33
2020/11/19,29.1,29.1,28.95,28.95,251.0,7300.0,-0.3442,0.066,161.0,-31.0,0.0,1.0,-30.0,6199.0,28.0,0.0,0.0,298.0,9.0,38.6,2.09,10.36
2020/11/20,29.15,29.15,28.95,29.0,371.0,10770.0,0.1727,0.0976,195.0,-45.0,0.0,-1.0,-46.0,6181.0,27.0,45.0,0.0,307.0,9.0,38.67,2.09,10.34
2020/11/23,29.05,29.9,29.0,29.7,1502.0,44235.0,2.4138,0.3949,665.0,95.0,0.0,10.0,105.0,6245.0,96.0,32.0,2.0,475.0,170.0,39.6,2.14,10.1
2020/11/24,29.5,29.5,29.25,29.4,1902.0,55884.0,-1.0101,0.5001,1521.0,-142.0,0.0,5.0,-137.0,6284.0,94.0,55.0,314.0,114.0,0.0,39.2,2.12,10.2
2020/11/25,29.4,29.8,29.25,29.65,922.0,27191.0,0.8503,0.2424,614.0,95.0,0.0,0.0,95.0,6289.0,19.0,14.0,14.0,90.0,0.0,39.53,2.14,10.12
2020/11/26,29.65,29.8,29.6,29.75,505.0,15014.0,0.3373,0.1328,357.0,105.0,0.0,0.0,105.0,6323.0,51.0,16.0,10.0,76.0,0.0,39.67,2.15,10.08
2020/11/27,29.75,31.3,29.65,30.95,2176.0,65970.0,4.0336,0.5722,1258.0,257.0,0.0,73.0,330.0,6468.0,225.0,80.0,12.0,118.0,54.0,41.27,2.23,9.69
2020/11/30,31.05,32.1,31.0,31.55,2837.0,89386.0,1.9386,0.746,1640.0,-260.0,0.0,-12.0,-272.0,6867.0,556.0,117.0,4.0,115.0,1.0,42.07,2.28,9.51
2020/12/01,31.25,31.5,30.55,30.75,1679.0,51792.0,-2.5357,0.4415,892.0,-219.0,0.0,-19.0,-238.0,6959.0,188.0,96.0,3.0,112.0,0.0,41.0,2.22,9.76
2020/12/02,30.75,30.9,30.45,30.9,1099.0,33655.0,0.4878,0.289,556.0,-75.0,0.0,-2.0,-77.0,6981.0,38.0,16.0,23.0,86.0,1.0,41.2,2.23,9.71
2020/12/03,30.9,30.95,30.55,30.8,541.0,16692.0,-0.3236,0.1423,334.0,55.0,0.0,-28.0,27.0,6989.0,40.0,32.0,15.0,70.0,0.0,41.07,2.22,9.74
2020/12/04,30.65,31.5,30.65,31.3,1237.0,38612.0,1.6234,0.3253,722.0,227.0,0.0,7.0,234.0,7079.0,160.0,70.0,14.0,58.0,2.0,41.73,2.26,9.58
2020/12/07,31.4,31.6,31.1,31.5,1022.0,32080.0,0.639,0.2687,639.0,76.0,0.0,-6.0,70.0,7059.0,54.0,74.0,7.0,51.0,0.0,42.0,2.27,9.52
2020/12/08,30.7,30.9,29.7,29.85,4061.0,122302.0,-5.2381,1.0678,1896.0,-162.0,0.0,-85.0,-247.0,7032.0,228.0,255.0,3.0,89.0,41.0,39.8,2.16,10.05
2020/12/09,29.75,29.75,28.9,29.7,2370.0,69385.0,-0.5025,0.6232,1186.0,102.0,0.0,-1.0,101.0,7170.0,148.0,10.0,3.0,230.0,144.0,39.6,2.14,10.1
2020/12/10,29.65,30.2,29.5,29.95,1221.0,36572.0,0.8418,0.3211,608.0,287.0,0.0,0.0,287.0,7240.0,110.0,40.0,4.0,231.0,5.0,39.93,2.16,10.02
2020/12/11,29.85,30.0,29.25,29.45,1334.0,39314.0,-1.6694,0.3508,582.0,-77.0,0.0,-8.0,-85.0,7274.0,48.0,14.0,33.0,219.0,21.0,39.27,2.13,10.19
2020/12/14,29.45,29.75,29.35,29.7,563.0,16637.0,0.8489,0.148,319.0,87.0,0.0,-57.0,30.0,7247.0,13.0,40.0,43.0,175.0,0.0,39.6,2.14,10.1
2020/12/15,29.6,30.2,29.55,30.0,1339.0,40146.0,1.0101,0.3521,478.0,-9.0,0.0,-8.0,-17.0,7274.0,58.0,31.0,6.0,170.0,1.0,40.0,2.17,10.0
2020/12/16,30.0,30.85,30.0,30.8,1038.0,31696.0,2.6667,0.2729,666.0,301.0,0.0,15.0,316.0,7282.0,63.0,55.0,15.0,158.0,3.0,41.07,2.22,9.74
2020/12/17,30.5,30.95,30.45,30.85,1167.0,35800.0,0.1623,0.3069,439.0,77.0,0.0,-17.0,60.0,7308.0,54.0,28.0,0.0,158.0,0.0,41.13,2.23,9.72
2020/12/18,30.85,31.1,30.8,30.8,741.0,22912.0,-0.1621,0.1948,396.0,118.0,0.0,-3.0,115.0,7355.0,107.0,60.0,3.0,154.0,0.0,41.07,2.22,9.74
2020/12/21,30.8,31.1,30.6,31.05,879.0,27254.0,0.8117,0.2311,474.0,321.0,0.0,-9.0,312.0,7398.0,74.0,31.0,0.0,154.0,0.0,41.4,2.24,9.66
2020/12/22,31.05,31.05,29.8,30.1,945.0,28768.0,-3.0596,0.2485,545.0,-97.0,0.0,-4.0,-101.0,7469.0,111.0,40.0,2.0,151.0,0.0,40.13,2.17,9.97
2020/12/23,30.2,30.7,30.1,30.5,400.0,12220.0,1.3289,0.1052,268.0,76.0,0.0,0.0,76.0,7500.0,73.0,42.0,0.0,151.0,0.0,40.67,2.2,9.84
2020/12/24,30.55,30.7,30.35,30.55,468.0,14322.0,0.1639,0.1231,238.0,116.0,0.0,-1.0,115.0,7515.0,59.0,44.0,0.0,151.0,0.0,40.73,2.21,9.82
2020/12/25,30.6,30.9,30.4,30.4,302.0,9234.0,-0.491,0.0794,195.0,-1.0,0.0,-1.0,-2.0,7512.0,32.0,35.0,0.0,151.0,0.0,40.53,2.19,9.87
2020/12/28,30.6,30.6,30.15,30.25,582.0,17662.0,-0.4934,0.153,314.0,-34.0,0.0,0.0,-34.0,7478.0,23.0,57.0,0.0,151.0,0.0,40.33,2.18,9.92
2020/12/29,30.25,30.8,30.15,30.25,579.0,17561.0,0.0,0.1522,309.0,190.0,0.0,-1.0,189.0,7500.0,34.0,12.0,0.0,151.0,0.0,40.33,2.18,9.92
2020/12/30,30.45,30.45,29.85,29.95,792.0,23818.0,-0.9917,0.2083,464.0,-21.0,0.0,0.0,-21.0,7482.0,34.0,52.0,4.0,147.0,0.0,39.93,2.16,10.02
2020/12/31,30.05,30.35,30.0,30.0,341.0,10264.0,0.1669,0.0897,220.0,6.0,0.0,0.0,6.0,7470.0,12.0,24.0,16.0,136.0,5.0,40.0,2.17,10.0
2021/01/04,30.0,30.1,29.7,30.0,659.0,19719.0,0.0,0.1733,379.0,-61.0,0.0,-2.0,-63.0,7485.0,16.0,1.0,5.0,133.0,2.0,40.0,2.17,10.0
2021/01/05,30.0,30.2,29.9,30.1,476.0,14332.0,0.3333,0.1252,245.0,-32.0,0.0,0.0,-32.0,7453.0,13.0,45.0,0.0,136.0,3.0,40.13,2.17,9.97
2021/01/06,30.05,30.35,30.0,30.05,559.0,16868.0,-0.1661,0.147,322.0,-78.0,0.0,0.0,-78.0,7399.0,8.0,42.0,0.0,136.0,0.0,40.07,2.17,9.98
2021/01/07,30.05,30.15,29.95,30.05,526.0,15814.0,0.0,0.1383,281.0,-118.0,0.0,-3.0,-121.0,7389.0,9.0,19.0,0.0,136.0,0.0,40.07,2.17,9.98
2021/01/08,30.05,30.05,29.9,30.0,410.0,12314.0,-0.1664,0.1078,273.0,-48.0,0.0,1.0,-47.0,7394.0,14.0,9.0,5.0,131.0,0.0,40.0,2.17,10.0
2021/01/11,29.95,30.0,29.85,30.0,501.0,14992.0,0.0,0.1317,293.0,10.0,0.0,0.0,10.0,7384.0,33.0,43.0,0.0,131.0,0.0,40.0,2.17,10.0
2021/01/12,29.95,29.95,29.7,29.85,651.0,19401.0,-0.5,0.1712,408.0,-190.0,0.0,0.0,-190.0,7351.0,8.0,41.0,0.0,134.0,3.0,39.8,2.16,10.05
2021/01/13,29.85,30.0,29.6,29.6,1063.0,31618.0,-0.8375,0.2795,568.0,-69.0,0.0,3.0,-66.0,7115.0,31.0,267.0,19.0,115.0,0.0,39.47,2.14,10.14
2021/01/14,29.6,29.6,29.4,29.6,530.0,15672.0,0.0,0.1394,268.0,-118.0,0.0,0.0,-118.0,7115.0,50.0,50.0,0.0,115.0,0.0,39.47,2.14,10.14
2021/01/15,29.5,29.5,29.15,29.2,944.0,27661.0,-1.3514,0.2482,428.0,-254.0,0.0,1.0,-253.0,6945.0,29.0,199.0,1.0,114.0,0.0,38.93,2.11,10.27
2021/01/18,29.15,29.2,28.8,29.05,653.0,18948.0,-0.5137,0.1717,282.0,-84.0,0.0,1.0,-83.0,6908.0,25.0,62.0,0.0,114.0,0.0,38.73,2.1,10.33
2021/01/19,29.0,29.3,29.0,29.1,481.0,14031.0,0.1721,0.1265,219.0,14.0,0.0,0.0,14.0,6783.0,5.0,130.0,3.0,111.0,0.0,38.8,2.1,10.31
2021/01/20,29.1,29.1,28.65,28.75,966.0,27825.0,-1.2027,0.254,554.0,-98.0,0.0,0.0,-98.0,6752.0,9.0,40.0,0.0,112.0,1.0,38.33,2.08,10.43
2021/01/21,28.75,28.9,28.6,28.7,435.0,12516.0,-0.1739,0.1144,283.0,-53.0,0.0,-1.0,-54.0,6749.0,4.0,7.0,0.0,112.0,0.0,38.27,2.07,10.45
2021/01/22,28.7,28.7,28.4,28.45,479.0,13656.0,-0.8711,0.126,281.0,-103.0,0.0,0.0,-103.0,6642.0,1.0,108.0,0.0,112.0,0.0,37.93,2.05,10.54
2021/01/25,28.45,29.5,28.3,29.2,635.0,18377.0,2.6362,0.167,371.0,-10.0,0.0,26.0,16.0,6630.0,16.0,28.0,0.0,112.0,0.0,38.93,2.11,10.27
2021/01/26,29.1,29.1,28.85,28.9,449.0,13009.0,-1.0274,0.1181,231.0,-160.0,0.0,-7.0,-167.0,6459.0,2.0,173.0,0.0,112.0,0.0,38.53,2.09,10.38
2021/01/27,29.0,29.45,29.0,29.05,574.0,16763.0,0.519,0.1509,245.0,-42.0,0.0,4.0,-38.0,6452.0,7.0,14.0,0.0,112.0,0.0,38.73,2.1,10.33
2021/01/28,29.0,29.1,28.65,28.85,429.0,12403.0,-0.6885,0.1128,255.0,-123.0,0.0,-10.0,-133.0,6412.0,2.0,42.0,0.0,114.0,2.0,38.47,2.08,10.4
2021/01/29,28.85,29.0,28.7,28.7,456.0,13158.0,-0.5199,0.1199,278.0,-204.0,0.0,0.0,-204.0,6411.0,5.0,6.0,0.0,115.0,1.0,38.27,2.07,10.45
2021/02/01,28.55,28.7,28.5,28.7,601.0,17186.0,0.0,0.158,296.0,52.0,0.0,3.0,55.0,6416.0,9.0,4.0,1.0,114.0,0.0,38.27,2.07,10.45
2021/02/02,28.6,28.85,28.6,28.8,353.0,10154.0,0.3484,0.0928,174.0,-23.0,0.0,3.0,-20.0,6405.0,20.0,31.0,0.0,115.0,1.0,38.4,2.08,10.42
2021/02/03,28.8,28.9,28.75,28.9,188.0,5433.0,0.3472,0.0494,131.0,25.0,0.0,0.0,25.0,6392.0,3.0,15.0,0.0,115.0,0.0,38.53,2.09,10.38
2021/02/04,28.85,29.1,28.85,29.1,343.0,9958.0,0.692,0.0902,176.0,10.0,0.0,0.0,10.0,6492.0,110.0,10.0,0.0,115.0,0.0,38.8,2.1,10.31
2021/02/05,29.5,29.5,29.1,29.2,530.0,15534.0,0.3436,0.1394,253.0,4.0,0.0,1.0,5.0,6435.0,13.0,15.0,5.0,111.0,1.0,38.93,2.11,10.27
2021/02/17,29.3,29.3,28.8,29.0,534.0,15507.0,-0.6849,0.1404,332.0,-120.0,0.0,0.0,-120.0,6409.0,9.0,35.0,1.0,111.0,1.0,38.67,2.09,10.34
2021/02/18,29.0,29.35,29.0,29.2,573.0,16689.0,0.6897,0.1507,258.0,111.0,0.0,7.0,118.0,6412.0,66.0,63.0,2.0,109.0,0.0,38.93,2.11,10.27
2021/02/19,29.0,29.35,29.0,29.3,355.0,10352.0,0.3425,0.0933,228.0,14.0,0.0,-7.0,7.0,6398.0,18.0,32.0,0.0,109.0,0.0,39.07,2.12,10.24
2021/02/22,29.35,29.5,29.1,29.2,754.0,22108.0,-0.3413,0.1983,488.0,-311.0,0.0,0.0,-311.0,6420.0,22.0,0.0,0.0,109.0,0.0,38.93,2.11,10.27
2021/02/23,29.25,29.45,29.05,29.2,1511.0,44210.0,0.0,0.3973,647.0,-132.0,0.0,-455.0,-587.0,6868.0,465.0,17.0,100.0,9.0,0.0,38.93,2.11,10.27
2021/02/24,29.3,30.15,29.3,29.9,1089.0,32506.0,2.3973,0.2863,555.0,186.0,0.0,53.0,239.0,6935.0,124.0,57.0,3.0,6.0,0.0,39.87,2.16,10.03
2021/02/25,30.15,30.2,29.9,30.05,731.0,21973.0,0.5017,0.1922,371.0,5.0,0.0,0.0,5.0,6932.0,81.0,72.0,0.0,6.0,0.0,40.07,2.17,9.98
2021/02/26,29.95,30.1,29.75,29.95,993.0,29716.0,-0.3328,0.2611,384.0,-180.0,0.0,-50.0,-230.0,6841.0,42.0,133.0,4.0,2.0,0.0,39.93,2.16,10.02
2021/03/02,30.0,30.1,29.85,29.85,573.0,17181.0,-0.3339,0.1507,244.0,-28.0,0.0,0.0,-28.0,6805.0,23.0,59.0,0.0,2.0,0.0,39.8,2.16,10.05
2021/03/03,30.0,30.2,29.9,30.05,437.0,13137.0,0.67,0.1149,255.0,212.0,0.0,2.0,214.0,6810.0,18.0,13.0,0.0,2.0,0.0,40.07,2.17,9.98
2021/03/04,30.1,30.35,30.0,30.15,889.0,26834.0,0.3328,0.2338,436.0,117.0,0.0,-2.0,115.0,6839.0,59.0,30.0,0.0,2.0,0.0,40.2,2.18,9.95
2021/03/05,30.1,30.1,29.9,30.0,431.0,12961.0,-0.4975,0.1133,236.0,-30.0,0.0,-10.0,-40.0,6834.0,8.0,13.0,0.0,2.0,0.0,40.0,2.17,10.0
2021/03/08,30.0,30.1,29.8,30.0,498.0,14921.0,0.0,0.1309,235.0,31.0,0.0,8.0,39.0,6833.0,36.0,37.0,0.0,2.0,0.0,40.0,2.17,10.0
2021/03/09,30.0,30.2,29.9,30.2,466.0,14039.0,0.6667,0.1225,270.0,137.0,0.0,0.0,137.0,6785.0,32.0,80.0,0.0,2.0,0.0,40.27,2.18,9.93
2021/03/10,30.25,30.75,30.2,30.6,776.0,23729.0,1.3245,0.204,467.0,201.0,0.0,-14.0,187.0,6794.0,60.0,51.0,0.0,2.0,0.0,40.8,2.21,9.8
2021/03/11,30.5,30.55,30.1,30.15,607.0,18446.0,-1.4706,0.1596,389.0,-88.0,0.0,4.0,-84.0,6739.0,27.0,82.0,1.0,1.0,0.0,40.2,2.18,9.95
2021/03/12,30.1,30.25,29.85,30.25,880.0,26412.0,0.3317,0.2314,347.0,86.0,0.0,-20.0,66.0,6700.0,59.0,98.0,0.0,26.0,25.0,40.33,2.18,9.92
2021/03/15,30.2,30.55,30.05,30.35,373.0,11331.0,0.3306,0.0981,247.0,-10.0,0.0,-10.0,-20.0,6660.0,32.0,72.0,0.0,98.0,72.0,40.47,2.19,9.88
2021/03/16,30.2,30.4,30.2,30.3,401.0,12174.0,-0.1647,0.1054,233.0,7.0,0.0,-10.0,-3.0,6662.0,7.0,5.0,0.0,109.0,11.0,40.4,2.19,9.9
2021/03/17,30.3,31.2,30.2,30.8,1125.0,34662.0,1.6502,0.2958,581.0,8.0,0.0,23.0,31.0,6674.0,75.0,63.0,1.0,108.0,0.0,41.07,2.22,9.74
2021/03/18,30.8,31.0,30.6,30.75,624.0,19241.0,-0.1623,0.1641,311.0,-66.0,0.0,-41.0,-107.0,6764.0,121.0,31.0,0.0,108.0,0.0,41.0,2.22,9.76
2021/03/19,30.75,30.85,30.5,30.75,945.0,29017.0,0.0,0.2485,328.0,-96.0,0.0,34.0,-62.0,6746.0,20.0,38.0,0.0,108.0,0.0,41.0,2.22,9.76
2021/03/22,30.55,30.8,30.3,30.4,1033.0,31531.0,-1.1382,0.2716,352.0,-82.0,0.0,-13.0,-95.0,6764.0,23.0,5.0,0.0,109.0,1.0,40.53,2.19,9.87
2021/03/23,30.6,31.4,30.55,31.2,1773.0,54862.0,2.6316,0.4662,787.0,230.0,0.0,51.0,281.0,6679.0,15.0,100.0,0.0,110.0,1.0,41.6,2.25,9.62
2021/03/24,31.0,31.15,30.65,30.75,793.0,24436.0,-1.4423,0.2085,387.0,-376.0,0.0,-40.0,-416.0,6684.0,26.0,21.0,0.0,111.0,1.0,73.21,2.12,9.76
2021/03/25,30.8,30.8,30.45,30.55,578.0,17715.0,-0.6504,0.152,274.0,-156.0,0.0,15.0,-141.0,6664.0,31.0,51.0,0.0,111.0,0.0,72.74,2.1,9.82
2021/03/26,30.65,30.7,30.6,30.7,334.0,10273.0,0.491,0.0878,221.0,-24.0,0.0,-2.0,-26.0,6774.0,112.0,2.0,0.0,111.0,0.0,73.1,2.11,9.77
2021/03/29,30.8,31.3,30.75,31.3,1241.0,38576.0,1.9544,0.3263,572.0,310.0,0.0,-71.0,239.0,6785.0,83.0,72.0,0.0,111.0,1.0,74.52,2.15,9.58
2021/03/30,31.3,31.45,31.2,31.4,812.0,25450.0,0.3195,0.2135,329.0,19.0,0.0,-15.0,4.0,6986.0,262.0,61.0,0.0,111.0,0.0,41.0,2.22,9.76
2021/03/31,31.4,31.4,31.0,31.15,591.0,18428.0,-0.7962,0.1554,260.0,-73.0,0.0,-3.0,-76.0,7013.0,45.0,18.0,0.0,109.0,0.0,74.17,2.14,9.63
2021/04/01,31.15,31.5,30.95,31.5,1055.0,32916.0,1.1236,0.2774,451.0,-28.0,0.0,6.0,-22.0,7014.0,157.0,156.0,0.0,109.0,0.0,75.0,2.17,9.52
2021/04/06,31.5,31.8,31.45,31.75,816.0,25814.0,0.7937,0.2146,498.0,-22.0,0.0,-2.0,-24.0,7018.0,67.0,63.0,27.0,82.0,0.0,75.6,2.19,9.45
2021/04/07,31.7,32.7,31.7,32.6,1931.0,62557.0,2.6772,0.5078,960.0,450.0,0.0,20.0,470.0,6992.0,182.0,208.0,82.0,0.0,0.0,77.62,2.24,9.2
2021/04/08,32.65,32.7,32.2,32.25,1245.0,40368.0,-1.0736,0.3274,611.0,-468.0,0.0,-20.0,-488.0,6985.0,85.0,92.0,0.0,0.0,0.0,76.79,2.22,9.3
2021/04/09,32.35,32.4,31.55,32.0,1157.0,36976.0,-0.7752,0.3042,505.0,-152.0,0.0,6.0,-146.0,7018.0,100.0,67.0,0.0,0.0,0.0,76.19,2.2,9.38
2021/04/12,31.75,31.75,31.25,31.4,1616.0,50755.0,-1.875,0.4249,683.0,-239.0,0.0,0.0,-239.0,7039.0,108.0,87.0,0.0,0.0,0.0,74.76,2.16,9.55
2021/04/13,31.45,32.6,31.4,31.5,1391.0,44304.0,0.3185,0.3658,640.0,-21.0,0.0,1.0,-20.0,7046.0,39.0,32.0,0.0,0.0,0.0,75.0,2.17,9.52
2021/04/14,31.5,31.95,31.15,31.6,970.0,30578.0,0.3175,0.2551,448.0,-74.0,0.0,16.0,-58.0,7040.0,40.0,46.0,0.0,0.0,0.0,75.24,2.17,9.49
2021/04/15,31.6,32.4,31.45,32.0,776.0,24761.0,1.2658,0.204,431.0,-97.0,0.0,9.0,-88.0,7135.0,106.0,11.0,0.0,57.0,57.0,76.19,2.2,9.38
2021/04/16,31.85,32.45,31.85,32.05,534.0,17135.0,0.1562,0.1404,294.0,-88.0,0.0,-2.0,-90.0,7239.0,136.0,32.0,0.0,63.0,6.0,76.31,2.21,9.36
2021/04/19,32.0,33.25,31.9,33.2,1661.0,54417.0,3.5881,0.4368,931.0,127.0,0.0,74.0,201.0,7385.0,222.0,76.0,0.0,63.0,0.0,79.05,2.28,9.04
2021/04/20,33.2,33.2,32.5,32.7,900.0,29497.0,-1.506,0.2367,512.0,-184.0,0.0,-79.0,-263.0,7464.0,136.0,57.0,0.0,63.0,0.0,77.86,2.25,9.17
2021/04/21,32.55,32.7,32.2,32.6,925.0,30027.0,-0.3058,0.2432,477.0,-53.0,0.0,-20.0,-73.0,7461.0,94.0,97.0,0.0,63.0,0.0,77.62,2.24,9.2
2021/04/22,32.65,33.4,32.3,32.55,1382.0,45440.0,-0.1534,0.3634,703.0,24.0,0.0,2.0,26.0,7511.0,262.0,212.0,0.0,63.0,0.0,77.5,2.24,9.22
2021/04/23,32.55,32.65,31.75,32.0,1400.0,44915.0,-1.6897,0.3681,775.0,-141.0,0.0,0.0,-141.0,7466.0,123.0,168.0,0.0,63.0,0.0,76.19,2.2,9.38
2021/04/26,32.0,32.0,31.6,31.6,821.0,26079.0,-1.25,0.2159,480.0,-97.0,0.0,-5.0,-102.0,7460.0,80.0,85.0,0.0,63.0,0.0,75.24,2.17,9.49
2021/04/27,31.7,31.75,31.2,31.2,1091.0,34353.0,-1.2658,0.2869,496.0,-81.0,0.0,-20.0,-101.0,7656.0,286.0,90.0,0.0,64.0,1.0,74.29,2.15,9.62
2021/04/28,30.95,31.3,30.95,31.05,662.0,20592.0,-0.4808,0.1741,374.0,-100.0,0.0,-3.0,-103.0,7725.0,151.0,82.0,0.0,64.0,0.0,73.93,2.14,9.66
2021/04/29,31.0,31.3,30.8,31.0,1201.0,37187.0,-0.161,0.3158,459.0,-152.0,0.0,0.0,-152.0,7647.0,64.0,139.0,0.0,72.0,8.0,73.81,2.13,9.68
2021/05/03,31.0,31.05,30.55,30.55,822.0,25289.0,-1.4516,0.2161,434.0,-257.0,0.0,-7.0,-264.0,7896.0,252.0,3.0,1.0,73.0,2.0,72.74,2.1,9.82
2021/05/04,30.55,30.85,29.7,30.05,1145.0,34681.0,-1.6367,0.3011,659.0,-171.0,0.0,-12.0,-183.0,7975.0,182.0,103.0,2.0,73.0,2.0,71.55,2.07,9.98
2021/05/05,30.0,30.25,29.7,30.1,1479.0,44336.0,0.1664,0.3889,406.0,179.0,0.0,2.0,181.0,8018.0,93.0,50.0,2.0,71.0,0.0,71.67,2.07,9.97
2021/05/06,30.15,30.6,30.05,30.1,430.0,13050.0,0.0,0.1131,228.0,-61.0,0.0,0.0,-61.0,7990.0,37.0,65.0,0.0,72.0,1.0,71.67,2.07,9.97
2021/05/07,30.0,30.3,29.95,30.1,761.0,22681.0,0.0,0.2001,303.0,17.0,0.0,1.0,18.0,8113.0,155.0,32.0,1.0,71.0,0.0,,2.08,9.97
2021/05/10,30.1,30.4,30.0,30.25,629.0,18969.0,0.4983,0.1654,329.0,53.0,0.0,0.0,53.0,8230.0,143.0,26.0,0.0,72.0,1.0,,2.09,9.92
2021/05/11,30.1,30.3,29.85,29.85,1115.0,33427.0,-1.3223,0.2932,491.0,-151.0,0.0,-4.0,-155.0,8272.0,159.0,117.0,1.0,71.0,0.0,,2.06,10.05
2021/05/12,29.6,29.75,27.5,28.35,3097.0,88386.0,-5.0251,0.8143,941.0,-353.0,0.0,10.0,-343.0,8341.0,318.0,249.0,0.0,72.0,1.0,,1.96,10.58
2021/05/13,27.5,28.5,27.4,28.2,794.0,22297.0,-0.5291,0.2088,377.0,-202.0,0.0,-2.0,-204.0,8314.0,58.0,45.0,0.0,72.0,0.0,,1.95,0.71
2021/05/14,28.4,28.7,28.05,28.1,659.0,18618.0,-0.3546,0.1733,246.0,-92.0,0.0,-1.0,-93.0,8233.0,63.0,43.0,0.0,72.0,0.0,,1.94,0.71
2021/05/17,26.0,27.7,26.0,27.05,1263.0,34130.0,-3.7367,0.3321,466.0,242.0,0.0,-9.0,233.0,7962.0,117.0,124.0,0.0,72.0,0.0,,1.87,0.74
2021/05/18,27.05,28.05,27.05,27.95,359.0,9997.0,3.3272,0.0944,212.0,-10.0,0.0,7.0,-3.0,7989.0,32.0,5.0,0.0,72.0,0.0,,1.93,0.72
2021/05/19,27.95,28.45,27.95,28.2,338.0,9543.0,0.8945,0.0889,189.0,-104.0,0.0,0.0,-104.0,8101.0,117.0,3.0,0.0,72.0,0.0,,1.95,0.71
2021/05/20,28.45,28.45,28.0,28.15,300.0,8441.0,-0.1773,0.0789,183.0,-93.0,0.0,0.0,-93.0,8170.0,76.0,7.0,0.0,84.0,12.0,,1.95,0.71
2021/05/21,28.35,28.75,28.2,28.5,503.0,14321.0,1.2433,0.1323,182.0,40.0,0.0,0.0,40.0,8229.0,74.0,15.0,0.0,84.0,0.0,,1.97,0.7
2021/05/24,28.45,28.8,28.35,28.8,244.0,7001.0,1.0526,0.0642,136.0,4.0,0.0,-2.0,2.0,8241.0,38.0,26.0,0.0,84.0,0.0,,1.99,0.69
2021/05/25,28.8,29.95,28.8,29.55,509.0,15017.0,2.6042,0.1338,236.0,45.0,0.0,0.0,45.0,8222.0,176.0,195.0,0.0,86.0,2.0,,2.04,0.68
2021/05/26,29.45,30.3,29.45,30.25,446.0,13352.0,2.3689,0.1173,256.0,27.0,0.0,-2.0,25.0,8278.0,79.0,23.0,0.0,87.0,1.0,,2.09,0.66
2021/05/27,30.2,30.2,29.7,29.75,200.0,5975.0,-1.6529,0.0526,124.0,-64.0,0.0,0.0,-64.0,8276.0,22.0,24.0,0.0,85.0,0.0,,2.06,0.67
2021/05/28,29.95,30.1,29.8,29.85,247.0,7405.0,0.3361,0.0649,140.0,0.0,0.0,-1.0,-1.0,8334.0,74.0,16.0,0.0,84.0,0.0,,2.06,0.67
2021/05/31,29.7,29.9,29.45,29.45,382.0,11329.0,-1.34,0.1004,205.0,-45.0,0.0,0.0,-45.0,8397.0,70.0,7.0,0.0,84.0,0.0,,2.04,0.68
2021/06/01,29.5,29.6,29.35,29.5,436.0,12877.0,0.1698,0.1146,152.0,32.0,0.0,-1.0,31.0,8445.0,285.0,237.0,0.0,84.0,0.0,,2.04,0.68
2021/06/02,29.55,29.55,29.35,29.4,500.0,14746.0,-0.339,0.1315,177.0,-29.0,0.0,-3.0,-32.0,8262.0,84.0,267.0,0.0,84.0,0.0,,2.03,0.68
2021/06/03,29.6,29.65,29.25,29.25,414.0,12210.0,-0.5102,0.1089,176.0,48.0,0.0,0.0,48.0,8134.0,85.0,213.0,1.0,83.0,0.0,,2.02,0.68
2021/06/04,29.35,29.45,28.7,28.7,351.0,10194.0,-1.8803,0.0923,212.0,21.0,0.0,0.0,21.0,7983.0,75.0,226.0,0.0,84.0,1.0,,1.98,0.7
2021/06/07,28.85,28.85,28.1,28.1,1149.0,32528.0,-2.0906,0.3021,309.0,-75.0,0.0,0.0,-75.0,7091.0,53.0,945.0,0.0,84.0,0.0,,1.94,0.71
2021/06/08,28.25,28.9,28.25,28.55,242.0,6916.0,1.6014,0.0636,134.0,4.0,0.0,2.0,6.0,7005.0,21.0,107.0,0.0,84.0,0.0,,1.97,0.7
2021/06/09,28.9,29.15,28.6,29.0,330.0,9545.0,1.5762,0.0868,185.0,12.0,0.0,0.0,12.0,6897.0,38.0,146.0,0.0,84.0,0.0,,2.0,0.69
2021/06/10,29.6,31.0,29.6,30.45,2287.0,69748.0,5.0,0.6014,1124.0,595.0,0.0,27.0,622.0,6682.0,394.0,609.0,0.0,84.0,0.0,,2.1,0.66
2021/06/11,30.5,30.65,30.15,30.5,523.0,15932.0,0.1642,0.1375,357.0,52.0,0.0,-47.0,5.0,6652.0,105.0,135.0,7.0,77.0,0.0,,2.11,0.66
2021/06/15,30.5,31.5,30.25,31.4,1762.0,54740.0,2.9508,0.4633,695.0,-54.0,0.0,-15.0,-69.0,7410.0,846.0,88.0,43.0,35.0,1.0,,2.17,0.64
2021/06/16,31.2,31.2,30.35,30.6,569.0,16981.0,-2.5478,0.1496,260.0,-118.0,0.0,0.0,-118.0,7368.0,25.0,67.0,32.0,3.0,0.0,,2.11,0.65
2021/06/17,30.4,30.4,30.1,30.2,353.0,10671.0,-1.3072,0.0928,185.0,-44.0,0.0,0.0,-44.0,7327.0,47.0,88.0,0.0,3.0,0.0,,2.09,0.66
2021/06/18,30.25,30.3,29.9,30.2,265.0,7962.0,0.0,0.0697,146.0,-56.0,0.0,0.0,-56.0,7356.0,56.0,27.0,0.0,2.0,0.0,,2.09,0.66
2021/06/21,29.85,30.4,29.35,30.35,1226.0,36679.0,0.4967,0.3224,356.0,-177.0,0.0,-7.0,-184.0,7509.0,418.0,265.0,0.0,2.0,0.0,,2.1,0.66
2021/06/22,30.25,30.3,29.9,30.05,267.0,8056.0,-0.9885,0.0702,127.0,48.0,0.0,0.0,48.0,7531.0,26.0,4.0,0.0,2.0,0.0,,2.08,0.67
2021/06/23,30.05,30.05,29.8,30.0,255.0,7647.0,-0.1664,0.0671,152.0,64.0,0.0,0.0,64.0,7548.0,24.0,7.0,0.0,2.0,0.0,,2.07,0.67
2021/06/24,30.0,30.4,30.0,30.2,279.0,8455.0,0.6667,0.0734,124.0,18.0,0.0,5.0,23.0,7546.0,14.0,15.0,0.0,2.0,0.0,,2.09,0.66
2021/06/25,30.3,30.5,30.05,30.05,651.0,19723.0,-0.4967,0.1712,179.0,-18.0,0.0,-2.0,-20.0,7541.0,372.0,377.0,0.0,2.0,0.0,,2.08,0.67
2021/06/28,30.15,30.35,29.75,29.95,417.0,12519.0,-0.3328,0.1096,147.0,-31.0,0.0,0.0,-31.0,7568.0,62.0,35.0,0.0,2.0,0.0,,2.07,0.67
2021/06/29,30.0,30.05,29.8,29.8,532.0,15431.0,-0.5008,0.1399,147.0,-9.0,0.0,0.0,-9.0,7580.0,163.0,151.0,0.0,2.0,0.0,,2.06,0.67
2021/06/30,29.8,29.95,29.6,29.65,437.0,13016.0,-0.5034,0.1149,177.0,-50.0,0.0,-3.0,-53.0,7477.0,116.0,214.0,0.0,2.0,0.0,,2.05,0.67
2021/07/01,29.7,31.2,29.65,30.6,939.0,28764.0,3.204,0.2469,413.0,467.0,0.0,-20.0,447.0,7305.0,76.0,93.0,0.0,2.0,0.0,,2.11,0.65
2021/07/02,30.9,30.9,30.1,30.25,300.0,9128.0,-1.1438,0.0789,181.0,-20.0,0.0,0.0,-20.0,7311.0,52.0,46.0,0.0,2.0,0.0,,2.09,0.66
2021/07/05,30.35,30.35,30.1,30.1,184.0,5552.0,-0.4959,0.0484,124.0,4.0,0.0,11.0,15.0,7275.0,46.0,43.0,0.0,2.0,0.0,,2.08,0.66
2021/07/06,30.2,31.0,30.05,30.35,867.0,26416.0,0.8306,0.228,315.0,-105.0,0.0,-15.0,-120.0,7402.0,402.0,265.0,0.0,2.0,0.0,,2.1,0.66
2021/07/07,30.65,30.65,29.95,30.05,478.0,14493.0,-0.9885,0.1257,214.0,-5.0,0.0,0.0,-5.0,7497.0,178.0,83.0,0.0,2.0,0.0,,2.08,0.67
2021/07/08,30.35,30.35,29.8,29.85,380.0,11404.0,-0.6656,0.0999,204.0,20.0,0.0,0.0,20.0,7465.0,89.0,121.0,0.0,2.0,0.0,,2.06,0.67
2021/07/09,29.9,30.25,29.75,29.9,480.0,14357.0,0.1675,0.1262,257.0,2.0,0.0,0.0,2.0,7346.0,11.0,130.0,0.0,2.0,0.0,,2.07,0.67
2021/07/12,30.05,30.5,29.75,30.15,1040.0,31372.0,0.8361,0.2735,308.0,33.0,0.0,0.0,33.0,7374.0,455.0,427.0,0.0,2.0,0.0,,2.08,0.66
2021/07/13,30.2,31.0,30.05,30.3,738.0,22453.0,0.4975,0.1941,330.0,88.0,0.0,-7.0,81.0,7323.0,6.0,57.0,0.0,2.0,0.0,,2.09,0.66
2021/07/14,30.15,30.5,29.9,30.0,269.0,8095.0,-0.9901,0.0707,164.0,-43.0,0.0,5.0,-38.0,7291.0,5.0,37.0,0.0,2.0,0.0,,2.07,0.67
2021/07/15,30.35,30.35,29.9,30.05,353.0,10630.0,0.1667,0.0928,170.0,49.0,0.0,-15.0,34.0,7297.0,6.0,0.0,0.0,2.0,0.0,,2.08,0.67
2021/07/16,30.1,30.2,29.85,29.95,256.0,7689.0,-0.3328,0.0673,170.0,-3.0,0.0,0.0,-3.0,7301.0,7.0,3.0,0.0,2.0,0.0,,2.07,0.67
2021/07/19,30.4,30.55,30.05,30.2,440.0,13329.0,0.8347,0.1157,312.0,22.0,0.0,0.0,22.0,7348.0,70.0,23.0,0.0,2.0,0.0,,2.09,0.66
2021/07/20,30.15,30.15,29.9,29.95,390.0,11714.0,-0.8278,0.1025,171.0,-6.0,0.0,0.0,-6.0,7336.0,19.0,31.0,0.0,2.0,0.0,,2.07,0.67
2021/07/21,30.25,30.6,29.75,30.25,1382.0,41735.0,1.0017,0.3634,358.0,65.0,0.0,-4.0,61.0,7478.0,536.0,394.0,0.0,2.0,0.0,,2.09,0.66
2021/07/22,30.25,30.65,30.15,30.45,841.0,25582.0,0.6612,0.2211,415.0,339.0,0.0,3.0,342.0,7444.0,10.0,45.0,0.0,2.0,0.0,,2.1,0.66
2021/07/23,30.6,30.8,30.45,30.7,727.0,22257.0,0.821,0.1912,382.0,94.0,0.0,0.0,94.0,7500.0,101.0,10.0,0.0,2.0,0.0,,2.12,0.65
2021/07/26,30.9,31.0,30.45,30.5,931.0,28575.0,-0.6515,0.2448,384.0,6.0,0.0,0.0,6.0,7651.0,200.0,49.0,0.0,2.0,0.0,,2.11,0.66
2021/07/27,30.65,30.65,30.3,30.55,519.0,15838.0,0.1639,0.1365,207.0,138.0,0.0,1.0,139.0,7669.0,29.0,11.0,0.0,2.0,0.0,,2.11,0.65
2021/07/28,30.55,30.8,30.15,30.55,809.0,24704.0,0.0,0.2127,379.0,109.0,0.0,5.0,114.0,7642.0,15.0,42.0,0.0,2.0,0.0,,2.11,0.65
2021/07/29,30.6,30.85,30.55,30.7,530.0,16261.0,0.491,0.1394,294.0,104.0,0.0,-10.0,94.0,7669.0,40.0,8.0,0.0,2.0,0.0,,2.12,0.65
2021/07/30,30.75,31.65,30.7,31.2,1616.0,50429.0,1.6287,0.4249,782.0,34.0,0.0,30.0,64.0,7711.0,146.0,104.0,0.0,2.0,0.0,,2.16,0.64
2021/08/02,31.2,31.85,31.2,31.65,1299.0,41037.0,1.4423,0.3416,618.0,202.0,0.0,-2.0,200.0,7670.0,292.0,316.0,0.0,2.0,0.0,,2.19,0.63
2021/08/03,31.65,31.8,31.25,31.6,576.0,18148.0,-0.158,0.1515,348.0,-25.0,0.0,0.0,-25.0,7680.0,44.0,34.0,0.0,2.0,0.0,,2.18,0.63
2021/08/04,31.6,31.75,31.4,31.6,1251.0,39560.0,0.0,0.3289,325.0,-29.0,0.0,-20.0,-49.0,7728.0,452.0,404.0,0.0,2.0,0.0,,2.18,0.63
2021/08/05,31.4,31.5,30.75,31.15,986.0,30653.0,-1.4241,0.2593,565.0,216.0,0.0,0.0,216.0,7596.0,88.0,70.0,0.0,3.0,1.0,,2.15,0.64
2021/08/06,31.35,31.9,31.1,31.45,1355.0,42847.0,0.9631,0.3563,597.0,736.0,0.0,-23.0,713.0,7608.0,57.0,45.0,1.0,2.0,0.0,33.82,2.04,0.64
2021/08/09,31.55,31.65,31.2,31.5,483.0,15238.0,0.159,0.127,271.0,142.0,0.0,0.0,142.0,7614.0,39.0,33.0,0.0,2.0,0.0,33.87,2.04,0.63
2021/08/10,31.45,31.45,30.95,31.3,819.0,25564.0,-0.6349,0.2154,387.0,527.0,0.0,-10.0,517.0,7568.0,60.0,106.0,0.0,2.0,0.0,33.66,2.03,0.64
2021/08/11,31.2,31.3,30.75,30.8,584.0,18096.0,-1.5974,0.1536,268.0,124.0,0.0,-14.0,110.0,7504.0,25.0,89.0,0.0,2.0,0.0,33.12,2.0,0.65
2021/08/12,30.55,31.0,30.55,30.7,292.0,9004.0,-0.3247,0.0768,136.0,28.0,0.0,2.0,30.0,7484.0,13.0,33.0,1.0,1.0,0.0,33.01,1.99,0.65
2021/08/13,30.8,30.8,30.3,30.45,340.0,10373.0,-0.8143,0.0894,196.0,-12.0,0.0,0.0,-12.0,7495.0,45.0,24.0,0.0,1.0,0.0,32.74,1.98,0.66
2021/08/16,30.35,30.45,29.8,29.9,549.0,16535.0,-1.8062,0.1444,256.0,-110.0,0.0,0.0,-110.0,7467.0,96.0,124.0,1.0,0.0,0.0,32.15,1.94,0.67
2021/08/17,29.85,29.95,29.25,29.25,667.0,19774.0,-2.1739,0.1754,357.0,-109.0,0.0,-8.0,-117.0,7541.0,130.0,56.0,0.0,0.0,0.0,31.45,1.9,0.68
2021/08/18,29.25,30.2,28.9,30.1,521.0,15415.0,2.906,0.137,287.0,52.0,0.0,1.0,53.0,7505.0,17.0,53.0,0.0,0.0,0.0,32.37,1.95,0.66
2021/08/19,30.0,30.0,28.85,28.9,898.0,26183.0,-3.9867,0.2361,492.0,-217.0,0.0,5.0,-212.0,7467.0,88.0,126.0,0.0,0.0,0.0,31.08,1.88,0.69
2021/08/20,29.25,29.25,28.6,28.95,455.0,13198.0,0.173,0.1196,164.0,-126.0,0.0,0.0,-126.0,7448.0,18.0,16.0,0.0,0.0,0.0,31.13,1.88,0.69
2021/08/23,29.2,29.75,29.2,29.6,260.0,7692.0,2.2453,0.0684,177.0,-37.0,0.0,3.0,-34.0,7464.0,19.0,3.0,0.0,0.0,0.0,31.83,1.92,0.68
2021/08/24,29.25,29.6,29.1,29.45,246.0,7242.0,1.4831,0.0634,166.0,-36.0,0.0,0.0,-36.0,7472.0,15.0,7.0,0.0,0.0,0.0,31.67,1.91,0.68
2021/08/25,30.05,30.45,29.55,30.2,761.0,22818.0,2.5467,0.1962,327.0,-76.0,0.0,11.0,-65.0,7486.0,216.0,202.0,0.0,0.0,0.0,32.47,1.96,0.66
2021/08/26,30.05,30.25,29.85,30.15,302.0,9112.0,-0.1656,0.0779,138.0,4.0,0.0,0.0,4.0,7496.0,20.0,10.0,0.0,0.0,0.0,32.42,1.96,0.66
2021/08/27,30.15,30.95,30.15,30.45,577.0,17684.0,0.995,0.1487,171.0,44.0,0.0,15.0,59.0,7555.0,185.0,126.0,0.0,0.0,0.0,32.74,1.98,0.66
2021/08/30,30.4,31.0,30.4,31.0,1210.0,37327.0,1.8062,0.3119,311.0,101.0,0.0,-5.0,96.0,7805.0,620.0,370.0,0.0,0.0,0.0,33.33,2.01,0.65
2021/08/31,31.0,31.25,30.65,31.25,494.0,15319.0,0.8065,0.1273,237.0,89.0,0.0,5.0,94.0,7807.0,42.0,40.0,0.0,0.0,0.0,33.6,2.03,0.64
2021/09/01,31.25,32.1,31.15,32.0,1450.0,46046.0,2.4,0.3738,673.0,311.0,0.0,4.0,315.0,7982.0,319.0,144.0,0.0,0.0,0.0,34.41,2.08,0.63
2021/09/02,31.9,32.05,31.7,32.0,500.0,15946.0,0.0,0.1289,310.0,-12.0,0.0,47.0,35.0,8112.0,146.0,16.0,0.0,0.0,0.0,34.41,2.08,0.63
2021/09/03,31.85,32.1,31.8,32.0,461.0,14771.0,0.0,0.1188,327.0,113.0,0.0,80.0,193.0,8110.0,26.0,28.0,0.0,2.0,2.0,34.41,2.08,0.63
2021/09/06,32.0,32.15,31.35,31.35,398.0,12662.0,-2.0313,0.1026,289.0,45.0,0.0,-46.0,-1.0,8120.0,44.0,34.0,0.0,2.0,0.0,33.71,2.03,0.64
2021/09/07,31.3,31.8,31.3,31.5,404.0,12764.0,0.4785,0.1041,252.0,216.0,0.0,23.0,239.0,8019.0,35.0,108.0,0.0,2.0,0.0,33.87,2.04,0.63
2021/09/08,31.5,31.7,30.95,31.0,323.0,10086.0,-1.5873,0.0833,224.0,7.0,0.0,-1.0,6.0,8052.0,64.0,31.0,0.0,2.0,0.0,33.33,2.01,0.65
2021/09/09,31.2,31.75,31.1,31.7,283.0,8944.0,2.2581,0.073,204.0,50.0,0.0,-1.0,49.0,8055.0,21.0,18.0,0.0,2.0,0.0,34.09,2.06,0.63
2021/09/10,31.7,31.7,30.85,31.2,327.0,10206.0,-1.5773,0.0843,216.0,-17.0,0.0,1.0,-16.0,8030.0,51.0,76.0,0.0,2.0,0.0,33.55,2.02,0.64
2021/09/13,31.2,31.8,31.0,31.55,320.0,10068.0,1.1218,0.0825,207.0,11.0,0.0,-6.0,5.0,8027.0,15.0,18.0,0.0,2.0,0.0,33.92,2.05,0.63
2021/09/14,31.15,31.7,31.15,31.3,265.0,8344.0,-0.7924,0.0683,163.0,6.0,0.0,0.0,6.0,7987.0,57.0,97.0,0.0,2.0,0.0,33.66,2.03,0.64
2021/09/15,31.3,31.65,31.25,31.6,665.0,20918.0,0.9585,0.1714,255.0,154.0,0.0,-10.0,144.0,8032.0,171.0,126.0,0.0,2.0,0.0,33.98,2.05,0.63
2021/09/16,31.6,31.6,31.3,31.35,210.0,6595.0,-0.7911,0.0541,136.0,-81.0,0.0,-7.0,-88.0,8036.0,6.0,2.0,0.0,2.0,0.0,33.71,2.03,0.64
2021/09/17,31.35,31.65,31.3,31.6,235.0,7428.0,0.7974,0.0606,159.0,-11.0,0.0,0.0,-11.0,8018.0,32.0,50.0,0.0,2.0,0.0,33.98,2.05,0.63
2021/09/22,31.25,31.3,30.75,31.15,357.0,11147.0,-1.4241,0.092,183.0,-89.0,0.0,-2.0,-91.0,8050.0,34.0,2.0,0.0,2.0,0.0,33.49,2.02,0.64
2021/09/23,31.35,31.75,31.3,31.6,465.0,14667.0,1.4446,0.1199,239.0,56.0,0.0,-4.0,52.0,8079.0,55.0,26.0,0.0,2.0,0.0,33.98,2.05,0.63
2021/09/24,31.8,31.8,31.5,31.6,396.0,12549.0,0.0,0.1021,194.0,38.0,0.0,0.0,38.0,8049.0,75.0,105.0,0.0,2.0,0.0,33.98,2.05,0.63
2021/09/27,31.75,33.0,31.7,31.85,2672.0,86102.0,0.7911,0.6888,788.0,130.0,0.0,-5.0,125.0,8653.0,1030.0,426.0,0.0,2.0,0.0,34.25,2.07,0.63
2021/09/28,32.15,32.3,31.7,32.15,983.0,31456.0,0.9419,0.2534,361.0,212.0,0.0,0.0,212.0,8628.0,65.0,90.0,0.0,2.0,0.0,34.57,2.09,0.62
2021/09/29,31.9,32.15,31.85,32.0,453.0,14509.0,-0.4666,0.1168,261.0,82.0,0.0,-3.0,79.0,8648.0,66.0,46.0,0.0,2.0,0.0,34.41,2.08,0.63
2021/09/30,32.05,32.2,31.85,32.2,473.0,15181.0,0.625,0.1219,394.0,96.0,0.0,-4.0,92.0,8626.0,30.0,52.0,0.0,0.0,0.0,34.62,2.09,0.62
2021/10/01,32.05,32.15,31.6,31.65,563.0,17894.0,-1.7081,0.1451,669.0,-35.0,0.0,-15.0,-50.0,8593.0,64.0,97.0,0.0,4.0,4.0,34.03,2.05,0.63
2021/10/04,31.9,31.9,31.3,31.45,807.0,25378.0,-0.6319,0.208,475.0,37.0,0.0,0.0,37.0,8578.0,89.0,104.0,0.0,4.0,0.0,33.82,2.04,0.64
2021/10/05,31.65,31.7,31.35,31.7,350.0,11047.0,0.7949,0.0902,342.0,36.0,0.0,10.0,46.0,8568.0,24.0,34.0,0.0,4.0,0.0,34.09,2.06,0.63
2021/10/06,31.95,32.55,31.9,32.15,1670.0,53865.0,1.4196,0.4305,886.0,388.0,0.0,-4.0,384.0,8534.0,50.0,84.0,0.0,4.0,0.0,34.57,2.09,0.62
2021/10/07,32.45,32.65,32.25,32.65,1156.0,37637.0,1.5552,0.298,951.0,435.0,0.0,94.0,529.0,8541.0,95.0,88.0,0.0,4.0,0.0,35.11,2.12,0.61
2021/10/08,32.8,33.0,32.65,32.9,1043.0,34257.0,0.7657,0.2689,651.0,406.0,0.0,-5.0,401.0,8371.0,30.0,200.0,0.0,4.0,0.0,35.38,2.13,0.61
2021/10/12,33.15,33.2,31.9,31.95,1909.0,62000.0,-2.8875,0.4921,1020.0,-589.0,0.0,1.0,-588.0,8373.0,144.0,142.0,0.0,5.0,1.0,34.35,2.07,0.63
2021/10/13,32.2,32.25,31.35,31.4,927.0,29461.0,-1.7214,0.239,433.0,88.0,0.0,-6.0,82.0,8512.0,228.0,89.0,0.0,5.0,0.0,33.76,2.04,0.64
2021/10/14,31.4,31.6,31.05,31.45,786.0,24606.0,0.1592,0.2026,463.0,14.0,0.0,0.0,14.0,8437.0,158.0,233.0,0.0,5.0,0.0,33.82,2.04,0.64
2021/10/15,31.45,31.7,31.3,31.55,829.0,26104.0,0.318,0.2137,369.0,-94.0,0.0,1.0,-93.0,8089.0,19.0,367.0,0.0,5.0,0.0,33.92,2.05,0.63
2021/10/18,31.55,31.55,30.75,31.0,1134.0,35248.0,-1.7433,0.2923,532.0,-223.0,0.0,-48.0,-271.0,7831.0,40.0,298.0,0.0,16.0,11.0,33.33,2.01,0.65
2021/10/19,31.0,31.1,30.4,30.55,1360.0,41710.0,-1.4516,0.3506,596.0,-117.0,0.0,35.0,-82.0,7855.0,130.0,106.0,0.0,17.0,1.0,32.85,1.98,0.65
2021/10/20,30.5,30.9,30.4,30.6,493.0,15082.0,0.1637,0.1271,315.0,-125.0,0.0,-1.0,-126.0,7792.0,31.0,79.0,0.0,17.0,0.0,32.9,1.99,0.65
2021/10/21,30.75,31.15,30.25,30.35,1880.0,57254.0,-0.817,0.4846,617.0,-311.0,0.0,-1.0,-312.0,7653.0,34.0,146.0,0.0,17.0,0.0,32.63,1.97,0.66
2021/10/22,30.5,30.55,30.15,30.5,745.0,22635.0,0.4942,0.1921,356.0,-99.0,0.0,-20.0,-119.0,7556.0,180.0,231.0,0.0,17.0,0.0,32.8,1.98,0.66
2021/10/25,30.75,30.85,30.4,30.85,359.0,11021.0,1.1475,0.0925,261.0,-13.0,0.0,0.0,-13.0,7525.0,103.0,131.0,1.0,20.0,4.0,33.17,2.0,0.65
2021/10/26,30.65,31.05,30.65,30.85,505.0,15614.0,0.0,0.1302,280.0,184.0,0.0,0.0,184.0,7535.0,125.0,115.0,0.0,20.0,0.0,33.17,2.0,0.65
2021/10/27,30.8,30.85,30.35,30.7,825.0,25268.0,-0.4862,0.2127,443.0,-483.0,0.0,-6.0,-489.0,7476.0,39.0,94.0,0.0,20.0,0.0,33.01,1.99,0.65
2021/10/28,30.7,31.0,30.6,30.85,320.0,9878.0,0.4886,0.0825,181.0,52.0,0.0,0.0,52.0,7453.0,24.0,47.0,0.0,20.0,0.0,33.17,2.0,0.65
2021/10/29,30.7,30.75,30.45,30.5,296.0,9069.0,-1.1345,0.0763,193.0,-62.0,0.0,-5.0,-67.0,7442.0,19.0,30.0,0.0,20.0,0.0,32.8,1.98,0.66
2021/11/01,30.6,30.6,30.2,30.4,655.0,19911.0,-0.3279,0.1689,306.0,26.0,0.0,-23.0,3.0,7453.0,115.0,104.0,7.0,13.0,0.0,32.69,1.97,0.66
2021/11/02,30.45,30.5,30.0,30.15,478.0,14434.0,-0.8224,0.1232,271.0,-76.0,0.0,-34.0,-110.0,7493.0,67.0,27.0,9.0,4.0,0.0,32.42,1.96,0.66
2021/11/03,30.15,30.4,30.05,30.15,553.0,16684.0,0.0,0.1426,276.0,145.0,0.0,-26.0,119.0,7427.0,35.0,101.0,0.0,4.0,0.0,32.42,1.96,0.66
2021/11/04,30.2,30.5,30.1,30.2,618.0,18717.0,0.1658,0.1593,341.0,-45.0,0.0,-23.0,-68.0,7243.0,52.0,233.0,0.0,4.0,0.0,32.47,1.96,0.66
2021/11/05,30.5,30.5,30.0,30.05,694.0,20914.0,-0.4967,0.1789,486.0,-213.0,0.0,-24.0,-237.0,7114.0,23.0,152.0,0.0,4.0,0.0,16.42,1.87,0.67
2021/11/08,30.2,30.4,30.1,30.25,574.0,17382.0,0.6656,0.148,271.0,119.0,0.0,1.0,120.0,6985.0,23.0,152.0,0.0,4.0,0.0,16.53,1.89,0.66
2021/11/09,30.5,30.5,30.1,30.3,262.0,7958.0,0.1653,0.0675,192.0,-109.0,0.0,4.0,-105.0,6976.0,14.0,23.0,0.0,4.0,0.0,16.56,1.89,0.66
2021/11/10,30.5,31.0,30.45,30.8,515.0,15847.0,1.6502,0.1328,371.0,48.0,0.0,-10.0,38.0,6910.0,21.0,85.0,0.0,4.0,0.0,16.83,1.92,0.65
2021/11/11,30.3,30.8,30.3,30.55,395.0,12085.0,-0.8117,0.1018,366.0,66.0,0.0,5.0,71.0,6904.0,29.0,35.0,0.0,4.0,0.0,16.69,1.9,0.65
2021/11/12,30.55,30.9,30.5,30.6,463.0,14240.0,0.1637,0.1194,353.0,-59.0,0.0,8.0,-51.0,6995.0,161.0,70.0,0.0,4.0,0.0,16.72,1.91,0.65
2021/11/15,30.65,30.75,30.4,30.4,509.0,15563.0,-0.6536,0.1312,305.0,-56.0,0.0,0.0,-56.0,6987.0,25.0,33.0,0.0,4.0,0.0,16.61,1.9,0.66
2021/11/16,30.4,30.65,30.15,30.15,539.0,16360.0,-0.8224,0.1389,329.0,-119.0,0.0,3.0,-116.0,6925.0,25.0,87.0,0.0,4.0,0.0,16.48,1.88,0.66
2021/11/17,30.15,30.45,30.0,30.15,487.0,14660.0,0.0,0.1255,278.0,14.0,0.0,0.0,14.0,6942.0,33.0,16.0,0.0,4.0,0.0,16.48,1.88,0.66
2021/11/18,30.3,30.3,29.9,30.15,753.0,22643.0,0.0,0.1941,304.0,100.0,0.0,7.0,107.0,6892.0,55.0,105.0,0.0,4.0,0.0,16.48,1.88,0.66
2021/11/19,30.3,30.35,30.1,30.1,255.0,7701.0,-0.1658,0.0657,145.0,-24.0,0.0,-3.0,-27.0,6857.0,7.0,42.0,0.0,4.0,0.0,16.45,1.88,0.66
2021/11/22,30.1,30.1,29.9,30.05,381.0,11455.0,-0.1661,0.0982,189.0,8.0,0.0,0.0,8.0,6803.0,1.0,55.0,0.0,4.0,0.0,16.42,1.87,0.67
2021/11/23,30.05,30.1,29.75,29.85,752.0,22499.0,-0.6656,0.1939,405.0,-234.0,0.0,0.0,-234.0,6573.0,53.0,283.0,0.0,4.0,0.0,16.31,1.86,0.67
2021/11/24,29.9,30.1,29.7,29.85,410.0,12273.0,0.0,0.1057,216.0,-101.0,0.0,-10.0,-111.0,6515.0,10.0,68.0,0.0,4.0,0.0,16.31,1.86,0.67
2021/11/25,30.1,30.25,29.95,30.0,175.0,5289.0,0.5025,0.0451,109.0,5.0,0.0,0.0,5.0,6515.0,25.0,25.0,0.0,4.0,0.0,16.39,1.87,0.67
2021/11/26,30.0,30.05,29.65,29.8,471.0,14042.0,-0.6667,0.1214,215.0,-210.0,0.0,-4.0,-214.0,6503.0,25.0,37.0,0.0,4.0,0.0,16.28,1.86,0.67
2021/11/29,29.6,29.75,29.45,29.5,664.0,19619.0,-1.0067,0.1712,329.0,-223.0,0.0,2.0,-221.0,6602.0,101.0,2.0,0.0,4.0,0.0,16.12,1.84,0.68
2021/11/30,29.6,30.0,29.45,29.8,1229.0,36587.0,1.0169,0.3168,210.0,131.0,0.0,0.0,131.0,6577.0,3.0,28.0,0.0,4.0,0.0,16.28,1.86,0.67
2021/12/01,29.65,30.2,29.6,30.05,1190.0,35664.0,0.8389,0.3068,210.0,100.0,0.0,-15.0,85.0,6590.0,43.0,30.0,0.0,4.0,0.0,16.42,1.87,0.67
2021/12/02,30.05,30.35,30.0,30.25,751.0,22648.0,0.6656,0.1936,170.0,12.0,0.0,-7.0,5.0,6596.0,18.0,12.0,0.0,4.0,0.0,16.53,1.89,0.66
2021/12/03,30.1,30.3,30.0,30.25,219.0,6628.0,0.0,0.0565,128.0,-73.0,0.0,-1.0,-74.0,6569.0,12.0,39.0,0.0,4.0,0.0,16.53,1.89,0.66
2021/12/06,30.25,30.3,29.9,30.1,307.0,9230.0,-0.4959,0.0791,200.0,-93.0,0.0,0.0,-93.0,6593.0,24.0,0.0,0.0,4.0,0.0,16.45,1.88,0.66
2021/12/07,29.9,30.15,29.9,30.0,121.0,3652.0,-0.3322,0.0312,115.0,-2.0,0.0,-14.0,-16.0,6597.0,11.0,7.0,0.0,4.0,0.0,16.39,1.87,0.67
2021/12/08,30.3,30.3,29.9,30.05,208.0,6256.0,0.1667,0.0536,152.0,-41.0,0.0,-1.0,-42.0,6627.0,42.0,12.0,0.0,4.0,0.0,16.42,1.87,0.67
2021/12/09,30.1,30.2,30.05,30.15,221.0,6681.0,0.3328,0.057,116.0,3.0,0.0,3.0,6.0,6627.0,57.0,57.0,0.0,4.0,0.0,16.48,1.88,0.66
2021/12/10,30.25,30.3,29.95,30.0,250.0,7535.0,-0.4975,0.0644,228.0,28.0,0.0,0.0,28.0,6626.0,39.0,40.0,0.0,4.0,0.0,16.39,1.87,0.67
2021/12/13,30.9,30.9,29.9,30.2,460.0,13929.0,0.6667,0.1186,224.0,-181.0,0.0,0.0,-181.0,6639.0,50.0,39.0,0.0,4.0,0.0,16.5,1.88,0.66
2021/12/14,30.05,30.6,29.85,29.9,301.0,9036.0,-0.9934,0.0776,183.0,-15.0,0.0,0.0,-15.0,6571.0,28.0,91.0,4.0,0.0,0.0,16.34,1.86,0.67
2021/12/15,30.2,30.2,29.85,29.9,174.0,5218.0,0.0,0.0449,117.0,-47.0,0.0,0.0,-47.0,6517.0,2.0,56.0,0.0,0.0,0.0,16.34,1.86,0.67
2021/12/16,29.95,30.05,29.85,29.95,261.0,7819.0,0.1672,0.0673,142.0,-42.0,0.0,0.0,-42.0,6464.0,6.0,59.0,0.0,0.0,0.0,16.37,1.87,0.67
2021/12/17,29.95,30.0,29.9,30.0,140.0,4210.0,0.1669,0.0361,98.0,-7.0,0.0,0.0,-7.0,6453.0,12.0,18.0,0.0,0.0,0.0,16.39,1.87,0.67
2021/12/20,30.1,30.1,29.95,30.05,170.0,5126.0,0.1667,0.0438,107.0,-13.0,0.0,-12.0,-25.0,6426.0,5.0,32.0,0.0,0.0,0.0,16.42,1.87,0.67
2021/12/21,29.9,30.05,29.9,30.0,136.0,4097.0,-0.1664,0.0351,90.0,14.0,0.0,-1.0,13.0,6436.0,15.0,5.0,0.0,0.0,0.0,16.39,1.87,0.67
2021/12/22,30.0,30.1,29.95,30.05,176.0,5291.0,0.1667,0.0454,81.0,3.0,0.0,0.0,3.0,6416.0,7.0,16.0,0.0,0.0,0.0,16.42,1.87,0.67
2021/12/23,30.1,30.25,30.0,30.05,158.0,4777.0,0.0,0.0407,104.0,7.0,0.0,0.0,7.0,6394.0,19.0,28.0,0.0,0.0,0.0,16.42,1.87,0.67
2021/12/24,30.15,30.15,29.95,30.05,220.0,6638.0,0.0,0.0567,153.0,38.0,0.0,0.0,38.0,6360.0,14.0,26.0,0.0,0.0,0.0,16.42,1.87,0.67
2021/12/27,30.05,30.1,29.9,30.05,261.0,7850.0,0.0,0.0673,238.0,106.0,0.0,0.0,106.0,6337.0,2.0,15.0,0.0,0.0,0.0,16.42,1.87,0.67
2021/12/28,30.25,30.3,30.1,30.2,185.0,5594.0,0.4992,0.0477,241.0,31.0,0.0,0.0,31.0,6357.0,36.0,14.0,0.0,0.0,0.0,16.5,1.88,0.66
2021/12/29,30.2,30.45,30.15,30.45,341.0,10333.0,0.8278,0.0879,213.0,182.0,0.0,0.0,182.0,6331.0,15.0,39.0,0.0,0.0,0.0,16.64,1.9,0.66
2021/12/30,30.5,30.5,30.2,30.45,301.0,9152.0,0.0,0.0776,239.0,82.0,0.0,0.0,82.0,6252.0,9.0,47.0,0.0,0.0,0.0,16.64,1.9,0.66
2022/01/03,30.35,30.55,30.3,30.3,133.0,4067.0,-0.4926,0.0343,119.0,3.0,0.0,0.0,3.0,6264.0,26.0,14.0,0.0,0.0,0.0,16.39,1.87,0.67
2022/01/04,30.15,30.5,30.05,30.2,360.0,10884.0,-0.33,0.0928,171.0,40.0,0.0,0.0,40.0,6137.0,38.0,165.0,0.0,0.0,0.0,16.5,1.88,0.66
2022/01/05,30.05,30.3,30.0,30.25,283.0,8560.0,0.1656,0.073,164.0,39.0,0.0,-2.0,37.0,6181.0,81.0,37.0,0.0,0.0,0.0,16.53,1.89,0.66
2022/01/06,30.25,30.4,30.05,30.2,240.0,7246.0,-0.1653,0.0619,147.0,28.0,0.0,0.0,28.0,6165.0,0.0,16.0,0.0,0.0,0.0,16.5,1.88,0.66
2022/01/07,30.35,30.45,30.05,30.45,299.0,9056.0,0.8278,0.0771,336.0,32.0,0.0,-20.0,12.0,6185.0,36.0,16.0,0.0,0.0,0.0,16.64,1.9,0.66
2022/01/10,30.25,30.4,30.25,30.35,272.0,8251.0,-0.3284,0.0701,152.0,32.0,0.0,-9.0,24.0,6164.0,11.0,32.0,0.0,0.0,0.0,16.58,1.89,0.66
2022/01/11,30.65,30.7,29.9,30.2,810.0,24507.0,-0.4942,0.2088,482.0,61.0,0.0,0.0,61.0,6181.0,125.0,108.0,0.0,0.0,0.0,16.5,1.88,0.66
2022/01/12,30.25,30.35,30.0,30.35,308.0,9309.0,0.4967,0.0794,188.0,97.0,0.0,0.0,97.0,6132.0,21.0,70.0,0.0,0.0,0.0,16.58,1.89,0.66
2022/01/13,30.3,30.3,30.05,30.15,157.0,4742.0,-0.659,0.0405,127.0,40.0,0.0,0.0,40.0,6121.0,3.0,14.0,0.0,0.0,0.0,16.48,1.88,0.66
2022/01/14,30.15,30.2,29.9,30.05,405.0,12176.0,-0.3317,0.1044,195.0,14.0,0.0,-1.0,13.0,6105.0,12.0,28.0,0.0,0.0,0.0,16.42,1.87,0.67
2022/01/17,30.05,30.2,29.9,30.1,323.0,9704.0,0.1664,0.0833,184.0,-34.0,0.0,0.0,-34.0,6012.0,11.0,104.0,0.0,0.0,0.0,16.45,1.88,0.66
2022/01/18,30.1,30.25,30.0,30.0,333.0,10041.0,-0.3322,0.0858,145.0,1.0,0.0,0.0,1.0,6022.0,22.0,12.0,0.0,0.0,0.0,16.39,1.87,0.67
2022/01/19,30.0,30.15,29.95,30.0,315.0,9463.0,0.0,0.0812,163.0,74.0,0.0,0.0,74.0,6020.0,2.0,4.0,0.0,0.0,0.0,16.39,1.87,0.67
2022/01/20,30.1,30.2,30.0,30.2,212.0,6407.0,0.6667,0.0547,140.0,63.0,0.0,-21.0,42.0,6013.0,0.0,7.0,0.0,0.0,0.0,16.5,1.88,0.66
2022/01/21,30.25,30.25,29.9,29.95,412.0,12388.0,-0.8278,0.1062,253.0,95.0,0.0,-17.0,78.0,5976.0,10.0,47.0,0.0,0.0,0.0,16.37,1.87,0.67
2022/01/24,29.8,30.1,29.65,30.1,247.0,7400.0,0.5008,0.0637,305.0,2.0,0.0,-7.0,-5.0,5971.0,9.0,14.0,0.0,2.0,2.0,16.45,1.88,0.66
2022/01/25,30.0,30.0,29.5,29.6,1060.0,31426.0,-1.6611,0.2733,726.0,-13.0,0.0,-15.0,-28.0,5985.0,32.0,18.0,0.0,2.0,0.0,16.17,1.85,0.68
2022/01/26,29.7,29.9,29.6,29.85,321.0,9556.0,0.8446,0.0828,206.0,88.0,0.0,0.0,88.0,5940.0,21.0,43.0,2.0,0.0,0.0,16.31,1.86,0.67
2022/02/07,30.1,30.15,29.9,30.15,309.0,9296.0,1.005,0.0797,265.0,89.0,0.0,0.0,89.0,5921.0,69.0,74.0,0.0,0.0,0.0,16.48,1.88,0.66
2022/02/08,29.95,30.25,29.95,30.2,261.0,7882.0,0.1658,0.0673,278.0,131.0,0.0,0.0,131.0,5870.0,5.0,56.0,0.0,0.0,0.0,16.5,1.88,0.66
2022/02/09,30.2,30.35,30.0,30.35,293.0,8843.0,0.4967,0.0755,210.0,108.0,0.0,0.0,108.0,5874.0,44.0,40.0,0.0,0.0,0.0,16.58,1.89,0.66
2022/02/10,30.2,30.3,30.15,30.3,206.0,6248.0,-0.1647,0.0531,138.0,31.0,0.0,0.0,31.0,5866.0,26.0,34.0,0.0,0.0,0.0,16.56,1.89,0.66
2022/02/11,30.2,30.25,30.05,30.1,150.0,4532.0,-0.6601,0.0387,174.0,11.0,0.0,0.0,11.0,5854.0,5.0,17.0,0.0,0.0,0.0,16.45,1.88,0.66
2022/02/14,30.0,30.25,29.9,30.05,271.0,8155.0,-0.1661,0.0699,212.0,58.0,0.0,-14.0,44.0,5848.0,45.0,51.0,0.0,0.0,0.0,16.42,1.87,0.67
2022/02/15,29.95,30.2,29.95,30.05,180.0,5436.0,0.0,0.0464,175.0,33.0,0.0,-5.0,28.0,5831.0,2.0,19.0,0.0,0.0,0.0,16.42,1.87,0.67
2022/02/16,30.15,30.25,30.1,30.15,182.0,5502.0,0.3328,0.0469,140.0,29.0,0.0,0.0,29.0,5826.0,1.0,3.0,0.0,0.0,0.0,16.48,1.88,0.66
2022/02/17,30.25,30.8,30.15,30.8,579.0,17639.0,2.1559,0.1493,404.0,44.0,0.0,0.0,44.0,5801.0,13.0,38.0,0.0,0.0,0.0,16.83,1.92,0.65
2022/02/18,30.6,30.85,30.4,30.85,670.0,20601.0,0.1623,0.1727,772.0,133.0,0.0,0.0,133.0,5817.0,21.0,5.0,0.0,0.0,0.0,16.86,1.92,0.65
2022/02/21,30.65,31.05,30.65,31.05,366.0,11299.0,0.6483,0.0944,684.0,90.0,0.0,0.0,90.0,5807.0,6.0,10.0,0.0,0.0,0.0,16.97,1.94,0.64
2022/02/22,30.85,31.05,30.75,30.9,695.0,21503.0,-0.4831,0.1792,823.0,55.0,0.0,-7.0,48.0,5683.0,17.0,141.0,0.0,0.0,0.0,16.89,1.93,0.65
2022/02/23,30.85,31.0,30.7,30.9,355.0,10964.0,0.0,0.0915,593.0,-41.0,0.0,0.0,-41.0,5661.0,8.0,30.0,0.0,0.0,0.0,16.89,1.93,0.65
2022/02/24,30.75,30.85,30.35,30.45,497.0,15204.0,-1.4563,0.1281,670.0,-3.0,0.0,-4.0,-7.0,5660.0,5.0,6.0,0.0,0.0,0.0,16.64,1.9,0.66
2022/02/25,30.45,30.75,30.3,30.5,417.0,12745.0,0.1642,0.1075,250.0,-9.0,0.0,-3.0,-12.0,5659.0,11.0,12.0,0.0,0.0,0.0,16.67,1.9,0.66
2022/03/01,30.7,31.35,30.5,31.0,687.0,21254.0,1.6393,0.1771,382.0,129.0,0.0,2.0,131.0,5646.0,124.0,137.0,0.0,0.0,0.0,16.94,1.93,0.65
2022/03/02,31.0,31.15,30.85,30.9,286.0,8887.0,-0.3226,0.0737,194.0,87.0,0.0,0.0,87.0,5649.0,6.0,3.0,0.0,0.0,0.0,16.89,1.93,0.65
2022/03/03,31.1,31.15,30.85,31.1,296.0,9190.0,0.6472,0.0763,140.0,32.0,0.0,0.0,32.0,5642.0,6.0,13.0,0.0,0.0,0.0,16.99,1.94,0.64
2022/03/04,30.8,31.0,30.75,30.95,212.0,6547.0,-0.4823,0.0547,185.0,25.0,0.0,-1.0,24.0,5617.0,5.0,10.0,0.0,0.0,0.0,16.91,1.93,0.65
2022/03/07,30.75,30.75,30.25,30.45,550.0,16702.0,-1.6155,0.1418,447.0,-115.0,0.0,-4.0,-119.0,5633.0,21.0,5.0,0.0,0.0,0.0,16.64,1.9,0.66
2022/03/08,30.4,30.4,29.95,30.2,862.0,25981.0,-0.821,0.2222,478.0,61.0,0.0,-3.0,58.0,5603.0,5.0,35.0,0.0,0.0,0.0,16.5,1.88,0.66
2022/03/09,30.2,30.4,30.2,30.25,854.0,25868.0,0.1656,0.2202,265.0,121.0,0.0,0.0,121.0,5604.0,5.0,4.0,0.0,0.0,0.0,16.53,1.89,0.66
2022/03/10,30.3,30.7,30.3,30.65,290.0,8876.0,1.3223,0.0748,262.0,138.0,0.0,0.0,138.0,5622.0,30.0,0.0,0.0,0.0,0.0,16.75,1.91,0.65
2022/03/11,30.5,30.55,30.4,30.5,203.0,6189.0,-0.4894,0.0523,123.0,-3.0,0.0,0.0,-3.0,5617.0,0.0,5.0,0.0,0.0,0.0,16.67,1.9,0.66
2022/03/14,30.75,30.8,30.4,30.65,230.0,7033.0,0.4918,0.0593,97.0,51.0,0.0,0.0,51.0,5617.0,0.0,0.0,0.0,0.0,0.0,16.75,1.91,0.65
2022/03/15,30.45,30.85,30.4,30.7,712.0,21778.0,0.1631,0.1835,191.0,146.0,0.0,0.0,146.0,5614.0,0.0,3.0,0.0,0.0,0.0,16.78,1.91,0.65
2022/03/16,30.7,30.9,30.5,30.9,366.0,11254.0,0.6515,0.0944,233.0,21.0,0.0,0.0,21.0,5558.0,13.0,69.0,0.0,0.0,0.0,16.89,1.93,0.65
2022/03/17,31.35,31.55,31.1,31.2,1134.0,35505.0,0.9709,0.2923,718.0,537.0,0.0,0.0,537.0,5474.0,82.0,166.0,0.0,0.0,0.0,17.05,1.95,0.64
2022/03/18,31.2,31.45,31.05,31.3,517.0,16134.0,0.3205,0.1333,345.0,321.0,0.0,0.0,321.0,5439.0,21.0,56.0,0.0,0.0,0.0,17.1,1.95,0.64
2022/03/21,31.4,31.75,31.4,31.5,567.0,17922.0,0.639,0.1462,370.0,262.0,0.0,-2.0,260.0,5419.0,64.0,84.0,0.0,0.0,0.0,7.82,1.73,0.63
2022/03/22,31.6,31.6,30.9,31.1,436.0,13631.0,-1.2698,0.1124,322.0,77.0,0.0,3.0,80.0,5450.0,67.0,36.0,0.0,0.0,0.0,7.72,1.71,0.64
2022/03/23,31.25,31.3,31.0,31.1,274.0,8556.0,0.0,0.0706,272.0,-24.0,0.0,0.0,-24.0,5448.0,8.0,10.0,0.0,0.0,0.0,17.1,1.95,0.64
2022/03/24,31.1,31.25,30.9,31.15,312.0,9712.0,0.1608,0.0804,231.0,20.0,0.0,0.0,20.0,5444.0,6.0,10.0,0.0,0.0,0.0,7.73,1.71,0.64
2022/03/25,31.2,31.2,30.7,30.9,643.0,19876.0,-0.8026,0.1658,306.0,86.0,0.0,-1.0,85.0,5452.0,12.0,4.0,0.0,0.0,0.0,7.67,1.7,0.65
2022/03/28,30.8,31.1,30.65,30.85,946.0,29129.0,-0.1618,0.2439,191.0,98.0,0.0,0.0,98.0,5429.0,6.0,29.0,0.0,0.0,0.0,7.66,1.69,0.65
2022/03/29,30.85,31.05,30.75,31.0,498.0,15399.0,0.4862,0.1284,208.0,103.0,0.0,0.0,103.0,5397.0,8.0,25.0,0.0,0.0,0.0,7.69,1.7,0.65
2022/03/30,31.0,31.6,30.65,31.45,1254.0,38872.0,1.4516,0.3233,460.0,440.0,0.0,0.0,440.0,5085.0,33.0,343.0,0.0,0.0,0.0,7.8,1.73,0.64
2022/03/31,31.45,31.5,31.3,31.5,305.0,9603.0,0.159,0.0786,211.0,84.0,0.0,34.0,118.0,5034.0,1.0,52.0,0.0,0.0,0.0,7.82,1.73,0.63
2022/04/01,31.5,31.6,31.4,31.5,634.0,20005.0,0.0,0.1634,307.0,223.0,0.0,10.0,233.0,5077.0,53.0,4.0,0.0,0.0,0.0,7.82,1.73,0.63
2022/04/06,31.5,31.6,31.25,31.55,298.0,9380.0,0.1587,0.0768,236.0,26.0,0.0,0.0,26.0,5096.0,32.0,13.0,0.0,0.0,0.0,7.83,1.73,0.63
2022/04/07,31.6,32.0,31.5,31.6,1126.0,35862.0,0.1585,0.2903,591.0,294.0,0.0,0.0,294.0,5215.0,168.0,47.0,0.0,4.0,4.0,7.84,1.73,0.63
2022/04/08,31.75,32.0,31.5,31.95,862.0,27418.0,1.1076,0.2222,452.0,346.0,0.0,0.0,346.0,5256.0,66.0,19.0,4.0,0.0,0.0,7.93,1.75,0.63
2022/04/11,32.5,32.65,31.45,31.6,2009.0,63974.0,-1.0955,0.5179,712.0,136.0,0.0,0.0,136.0,5292.0,208.0,167.0,0.0,0.0,0.0,7.84,1.73,0.63
2022/04/12,31.8,31.8,31.35,31.45,1448.0,45603.0,-0.4747,0.3733,309.0,199.0,0.0,0.0,199.0,5211.0,61.0,138.0,0.0,0.0,0.0,7.8,1.73,0.64
2022/04/13,31.5,31.8,31.35,31.8,1333.0,42079.0,1.1129,0.3436,379.0,534.0,0.0,0.0,534.0,5191.0,55.0,73.0,0.0,0.0,0.0,7.89,1.75,0.63
2022/04/14,31.85,32.05,31.8,32.0,769.0,24609.0,0.6289,0.1982,367.0,516.0,0.0,0.0,516.0,5143.0,1.0,30.0,0.0,1.0,1.0,7.94,1.76,0.63
2022/04/15,32.1,32.2,31.8,31.95,686.0,21965.0,-0.1563,0.1768,330.0,238.0,0.0,49.0,287.0,5136.0,124.0,125.0,0.0,1.0,0.0,7.93,1.75,0.63
2022/04/18,31.9,32.25,31.9,32.2,714.0,22920.0,0.7825,0.1841,387.0,175.0,0.0,0.0,175.0,4924.0,128.0,116.0,1.0,0.0,0.0,7.99,1.77,0.62
2022/04/19,32.25,32.6,32.15,32.35,1052.0,34074.0,0.4658,0.2712,521.0,170.0,0.0,21.0,191.0,5166.0,338.0,90.0,0.0,0.0,0.0,8.03,1.78,0.62
2022/04/20,32.45,32.45,32.15,32.3,577.0,18647.0,-0.1546,0.1487,299.0,94.0,0.0,25.0,119.0,5070.0,49.0,142.0,0.0,0.0,0.0,8.01,1.77,0.62
2022/04/21,32.4,32.45,32.25,32.35,402.0,13025.0,0.1548,0.1036,237.0,113.0,0.0,-17.0,96.0,5012.0,56.0,106.0,0.0,0.0,0.0,8.03,1.78,0.62
2022/04/22,32.3,32.35,32.1,32.2,366.0,11813.0,-0.4637,0.0944,231.0,80.0,0.0,-13.0,67.0,4969.0,2.0,37.0,0.0,0.0,0.0,7.99,1.77,0.62
2022/04/25,32.05,32.05,31.25,31.25,1807.0,56934.0,-2.9503,0.4658,747.0,9.0,0.0,-18.0,-9.0,4849.0,113.0,233.0,0.0,0.0,0.0,7.75,1.72,0.64
2022/04/26,31.3,31.7,31.3,31.45,349.0,10970.0,0.64,0.09,267.0,10.0,0.0,-11.0,-1.0,4829.0,14.0,34.0,0.0,0.0,0.0,7.8,1.73,9.54
2022/04/27,30.9,31.15,30.7,31.05,697.0,21586.0,-1.2719,0.1797,442.0,-2.0,0.0,0.0,-2.0,4678.0,17.0,168.0,0.0,0.0,0.0,7.7,1.7,9.66
2022/04/28,31.1,31.25,30.9,31.1,236.0,7350.0,0.161,0.0608,161.0,3.0,0.0,1.0,4.0,4666.0,15.0,27.0,0.0,0.0,0.0,7.72,1.71,9.65
2022/04/29,31.0,31.35,30.95,31.1,367.0,11418.0,0.0,0.0946,282.0,-111.0,0.0,0.0,-111.0,4664.0,71.0,73.0,0.0,4.0,4.0,7.72,1.71,9.65
2022/05/03,31.15,31.2,30.8,31.1,463.0,14405.0,0.0,0.1194,265.0,-48.0,0.0,11.0,-37.0,4661.0,31.0,34.0,0.0,4.0,0.0,7.72,1.71,9.65
2022/05/04,31.1,31.25,31.0,31.15,245.0,7631.0,0.1608,0.0632,180.0,-5.0,0.0,23.0,18.0,4662.0,27.0,26.0,0.0,4.0,0.0,7.73,1.71,9.63
2022/05/05,31.25,31.3,31.05,31.2,371.0,11568.0,0.1605,0.0956,239.0,-76.0,0.0,0.0,-76.0,4676.0,33.0,19.0,0.0,4.0,0.0,7.74,1.71,9.62
2022/05/06,30.9,31.2,30.85,31.15,429.0,13326.0,-0.1603,0.1106,262.0,-119.0,0.0,0.0,-119.0,4640.0,49.0,85.0,0.0,4.0,0.0,7.73,1.71,9.63
2022/05/09,30.9,30.95,30.7,30.75,567.0,17498.0,-1.2841,0.1462,310.0,-187.0,0.0,-3.0,-190.0,4630.0,48.0,58.0,0.0,4.0,0.0,7.63,1.69,9.76
2022/05/10,30.75,30.9,30.1,30.7,493.0,15043.0,-0.1626,0.1271,283.0,-225.0,0.0,1.0,-224.0,4641.0,24.0,13.0,0.0,4.0,0.0,7.62,1.68,9.77
2022/05/11,30.4,30.8,30.4,30.6,319.0,9781.0,-0.3257,0.0822,203.0,-11.0,0.0,-23.0,-34.0,4636.0,13.0,18.0,0.0,4.0,0.0,7.59,1.68,9.8
2022/05/12,30.4,30.5,29.7,29.75,1005.0,30284.0,-2.7778,0.2591,502.0,-283.0,0.0,-111.0,-394.0,4666.0,85.0,55.0,0.0,4.0,0.0,5.13,1.49,10.08
2022/05/13,29.95,30.1,29.6,30.1,431.0,12885.0,1.1765,0.1111,232.0,18.0,0.0,1.0,19.0,4623.0,12.0,55.0,0.0,4.0,0.0,5.19,1.5,9.97
2022/05/16,30.1,30.25,29.95,30.0,227.0,6836.0,-0.3322,0.0585,143.0,7.0,0.0,0.0,7.0,4604.0,12.0,31.0,0.0,4.0,0.0,5.17,1.5,10.0
2022/05/17,30.0,30.4,30.0,30.35,376.0,11350.0,1.1667,0.0969,206.0,109.0,0.0,2.0,111.0,4596.0,17.0,22.0,0.0,4.0,0.0,5.23,1.52,9.88
2022/05/18,30.2,30.6,30.2,30.4,414.0,12599.0,0.1647,0.1067,240.0,15.0,0.0,0.0,15.0,4586.0,12.0,22.0,0.0,4.0,0.0,5.24,1.52,9.87
2022/05/19,30.05,30.5,30.0,30.45,370.0,11247.0,0.1645,0.0954,159.0,-7.0,0.0,-3.0,-10.0,4559.0,1.0,28.0,0.0,4.0,0.0,5.25,1.52,9.85
2022/05/20,30.2,30.75,30.2,30.5,201.0,6167.0,0.1642,0.0518,146.0,-4.0,0.0,0.0,-4.0,4541.0,1.0,14.0,4.0,0.0,0.0,5.26,1.52,9.84
2022/05/23,30.5,30.6,30.4,30.55,147.0,4486.0,0.1639,0.0379,115.0,-12.0,0.0,0.0,-12.0,4549.0,11.0,3.0,0.0,0.0,0.0,5.27,1.53,9.82
2022/05/24,30.55,30.55,30.3,30.35,288.0,8748.0,-0.6547,0.0742,127.0,-36.0,0.0,0.0,-36.0,4537.0,8.0,20.0,0.0,0.0,0.0,5.23,1.52,9.88
2022/05/25,30.4,30.7,30.3,30.7,233.0,7116.0,1.1532,0.0601,124.0,82.0,0.0,1.0,83.0,4530.0,0.0,7.0,0.0,0.0,0.0,5.29,1.53,9.77
2022/05/26,30.85,30.85,30.5,30.55,112.0,3442.0,-0.4886,0.0289,100.0,30.0,0.0,0.0,30.0,4484.0,1.0,17.0,0.0,0.0,0.0,5.27,1.53,9.82
2022/05/27,30.7,30.7,30.4,30.55,125.0,3829.0,0.0,0.0322,74.0,-48.0,0.0,5.0,-43.0,4438.0,0.0,46.0,0.0,0.0,0.0,5.27,1.53,9.82
2022/05/30,30.55,30.6,30.5,30.5,195.0,5987.0,-0.1637,0.0503,163.0,2.0,0.0,4.0,6.0,4437.0,1.0,2.0,0.0,0.0,0.0,5.26,1.52,9.84
2022/05/31,30.6,30.6,30.4,30.55,162.0,4957.0,0.1639,0.0418,79.0,-12.0,0.0,0.0,-12.0,4424.0,0.0,10.0,0.0,0.0,0.0,5.27,1.53,9.82
2022/06/01,30.65,30.65,30.45,30.6,136.0,4160.0,0.1637,0.0351,72.0,-16.0,0.0,0.0,-16.0,4425.0,1.0,0.0,0.0,0.0,0.0,5.28,1.53,9.8
2022/06/02,30.6,30.65,30.5,30.6,224.0,6861.0,0.0,0.0577,120.0,-71.0,0.0,0.0,-71.0,4411.0,1.0,15.0,0.0,0.0,0.0,5.28,1.53,9.8
2022/06/06,30.65,30.7,30.6,30.6,133.0,4098.0,0.0,0.0343,97.0,-12.0,0.0,0.0,-12.0,4409.0,2.0,4.0,0.0,0.0,0.0,5.28,1.53,9.8
2022/06/07,30.55,30.65,30.55,30.55,215.0,6598.0,-0.1634,0.0554,127.0,-71.0,0.0,0.0,-71.0,4409.0,2.0,2.0,0.0,0.0,0.0,5.27,1.53,9.82
2022/06/08,30.65,30.65,30.55,30.55,350.0,10707.0,0.0,0.0902,157.0,-40.0,0.0,5.0,-35.0,4415.0,6.0,0.0,0.0,0.0,0.0,5.27,1.53,9.82
2022/06/09,30.55,30.6,30.5,30.55,218.0,6692.0,0.0,0.0562,122.0,-12.0,0.0,0.0,-12.0,4409.0,2.0,8.0,0.0,0.0,0.0,5.27,1.53,9.82
2022/06/10,30.5,30.75,30.4,30.5,312.0,9546.0,-0.1637,0.0804,165.0,76.0,0.0,0.0,76.0,4412.0,8.0,5.0,0.0,0.0,0.0,5.26,1.52,9.84
2022/06/13,30.3,30.4,30.05,30.25,386.0,11687.0,-0.8197,0.0995,240.0,-143.0,0.0,-5.0,-148.0,4369.0,5.0,48.0,0.0,0.0,0.0,5.22,1.51,9.92
2022/06/14,30.3,30.3,30.05,30.2,333.0,10060.0,-0.1653,0.0858,179.0,-87.0,0.0,4.0,-83.0,4326.0,4.0,47.0,0.0,0.0,0.0,5.21,1.51,9.93
2022/06/15,30.1,30.6,30.1,30.35,251.0,7628.0,0.4967,0.0647,143.0,20.0,0.0,-1.0,19.0,4286.0,0.0,35.0,0.0,0.0,0.0,5.23,1.52,9.88
2022/06/16,30.5,30.5,30.2,30.2,396.0,12047.0,-0.4942,0.1021,202.0,-3.0,0.0,0.0,-3.0,4217.0,5.0,74.0,0.0,0.0,0.0,5.21,1.51,9.93
2022/06/17,30.05,30.35,29.85,30.3,639.0,19238.0,0.3311,0.1647,248.0,25.0,0.0,6.0,31.0,4207.0,2.0,12.0,0.0,0.0,0.0,5.22,1.51,9.9
2022/06/20,30.3,30.4,28.95,29.75,547.0,16373.0,-1.8152,0.141,267.0,-77.0,0.0,0.0,-77.0,4152.0,0.0,53.0,0.0,0.0,0.0,5.13,1.49,10.08
2022/06/21,30.0,30.15,29.6,30.15,295.0,8854.0,1.3445,0.076,226.0,72.0,0.0,12.0,84.0,4115.0,4.0,41.0,0.0,0.0,0.0,5.2,1.51,9.95
2022/06/22,30.2,30.2,29.7,29.8,299.0,8925.0,-1.1609,0.0771,190.0,-32.0,0.0,0.0,-32.0,4098.0,0.0,17.0,0.0,0.0,0.0,5.14,1.49,10.07
2022/06/23,30.05,30.05,29.75,29.9,219.0,6555.0,0.3356,0.0565,186.0,54.0,0.0,27.0,81.0,4096.0,7.0,9.0,0.0,0.0,0.0,5.16,1.49,10.03
2022/06/24,30.0,30.05,29.9,29.95,411.0,12342.0,0.1672,0.106,202.0,124.0,0.0,18.0,142.0,4114.0,52.0,34.0,0.0,0.0,0.0,5.16,1.5,10.02
2022/06/27,30.25,30.35,30.0,30.1,276.0,8346.0,0.5008,0.0712,183.0,134.0,0.0,26.0,160.0,4098.0,2.0,18.0,0.0,0.0,0.0,5.19,1.5,9.97
2022/06/28,30.3,30.3,29.9,29.95,121.0,3654.0,-0.4983,0.0312,95.0,-2.0,0.0,-6.0,-8.0,4087.0,0.0,11.0,0.0,0.0,0.0,5.16,1.5,10.02
2022/06/29,29.85,30.2,29.85,30.0,126.0,3788.0,0.1669,0.0325,104.0,48.0,0.0,0.0,48.0,4083.0,0.0,4.0,0.0,0.0,0.0,5.17,1.5,10.0
2022/06/30,29.9,30.15,29.75,29.95,363.0,10856.0,-0.1667,0.0936,205.0,17.0,0.0,0.0,17.0,4011.0,5.0,77.0,0.0,0.0,0.0,5.16,1.5,10.02
2022/07/01,30.25,30.25,29.65,29.8,562.0,16795.0,-0.5008,0.1449,251.0,-28.0,0.0,28.0,0.0,3956.0,27.0,80.0,0.0,0.0,0.0,5.14,1.49,10.07
2022/07/04,30.0,30.1,29.8,29.8,515.0,15422.0,0.0,0.1328,229.0,139.0,0.0,24.0,163.0,3961.0,158.0,153.0,0.0,0.0,0.0,5.14,1.49,10.07
2022/07/05,30.25,30.25,29.9,30.1,236.0,7112.0,1.0067,0.0608,168.0,12.0,0.0,24.0,36.0,3948.0,42.0,55.0,0.0,0.0,0.0,5.19,1.5,9.97
2022/07/06,30.15,30.15,29.8,29.8,405.0,12132.0,-0.9967,0.1044,229.0,-49.0,0.0,0.0,-49.0,3897.0,4.0,55.0,0.0,0.0,0.0,5.14,1.49,10.07
2022/07/07,29.8,30.0,29.55,29.6,421.0,12523.0,-0.6711,0.1085,262.0,-84.0,0.0,-6.0,-90.0,3870.0,3.0,30.0,0.0,0.0,0.0,5.1,1.48,10.14
2022/07/08,29.7,29.95,29.7,29.9,352.0,10516.0,1.0135,0.0907,162.0,-93.0,0.0,-2.0,-95.0,3800.0,1.0,71.0,0.0,1.0,1.0,5.16,1.49,10.03
2022/07/11,30.1,30.15,29.85,30.0,470.0,14135.0,0.3344,0.1212,153.0,3.0,0.0,-2.0,1.0,3809.0,12.0,3.0,0.0,2.0,1.0,5.17,1.5,10.0
2022/07/12,30.05,30.05,29.65,29.65,428.0,12760.0,-1.1667,0.1103,196.0,-52.0,0.0,-2.0,-54.0,3797.0,4.0,16.0,0.0,2.0,0.0,5.11,1.48,10.12
2022/07/13,30.0,30.05,29.7,29.75,273.0,8160.0,0.3373,0.0704,137.0,-93.0,0.0,0.0,-93.0,3805.0,18.0,10.0,0.0,2.0,0.0,5.13,1.49,10.08
2022/07/14,30.0,30.0,29.7,29.85,379.0,11346.0,0.3361,0.0977,127.0,-54.0,0.0,0.0,-54.0,3790.0,16.0,31.0,0.0,2.0,0.0,5.15,1.49,10.05
2022/07/15,29.75,29.8,29.2,29.45,895.0,26434.0,-1.34,0.2307,332.0,-120.0,0.0,-8.0,-128.0,3927.0,260.0,115.0,0.0,9.0,7.0,5.08,1.47,10.19
2022/07/18,29.3,29.65,29.3,29.55,458.0,13534.0,0.3396,0.1181,175.0,-148.0,0.0,1.0,-147.0,3944.0,17.0,0.0,0.0,9.0,0.0,5.09,1.48,10.15
2022/07/19,29.55,29.75,29.45,29.7,254.0,7550.0,0.5076,0.0655,125.0,-61.0,0.0,1.0,-60.0,3956.0,15.0,3.0,0.0,9.0,0.0,5.12,1.48,10.1
2022/07/20,29.85,29.9,29.75,29.8,286.0,8534.0,0.3367,0.0737,176.0,-106.0,0.0,-7.0,-113.0,3945.0,7.0,18.0,7.0,2.0,0.0,5.14,1.49,10.07
2022/07/21,29.8,29.95,29.8,29.95,1370.0,44041.0,0.5034,0.3532,133.0,-65.0,0.0,2.0,-63.0,3954.0,58.0,49.0,2.0,0.0,0.0,5.16,1.5,10.02
2022/07/22,30.0,30.1,29.9,30.0,682.0,20485.0,0.1669,0.1758,249.0,-184.0,0.0,-3.0,-187.0,3946.0,29.0,37.0,0.0,0.0,0.0,5.17,1.5,10.0
2022/07/25,30.05,30.7,30.05,30.7,1022.0,31000.0,2.3333,0.2635,418.0,134.0,0.0,0.0,134.0,4007.0,117.0,56.0,0.0,0.0,0.0,5.29,1.53,9.77
2022/07/26,30.5,31.0,30.45,30.85,1858.0,57298.0,0.4886,0.479,824.0,-26.0,85.0,1.0,60.0,3771.0,24.0,260.0,0.0,0.0,0.0,5.32,1.54,9.72
2022/07/27,27.9,28.2,27.7,27.75,1825.0,50921.0,-0.3241,0.4705,680.0,-90.0,0.0,0.0,-90.0,3815.0,145.0,101.0,0.0,0.0,0.0,4.78,1.39,10.81
2022/07/28,27.7,27.75,27.4,27.45,718.0,19822.0,-1.0811,0.1851,400.0,-405.0,0.0,0.0,-405.0,3829.0,24.0,10.0,0.0,0.0,0.0,4.73,1.37,10.93
2022/07/29,27.65,27.65,27.35,27.45,390.0,10710.0,0.0,0.1005,248.0,-138.0,0.0,-1.0,-139.0,3824.0,2.0,7.0,0.0,1.0,1.0,4.73,1.37,10.93
2022/08/01,27.55,27.55,27.35,27.45,396.0,10869.0,0.0,0.1021,167.0,-158.0,0.0,0.0,-158.0,3826.0,5.0,3.0,1.0,0.0,0.0,4.73,1.37,10.93
2022/08/02,27.5,27.5,27.1,27.2,466.0,12718.0,-0.9107,0.1201,270.0,-143.0,0.0,-1.0,-144.0,3720.0,0.0,105.0,0.0,0.0,0.0,4.69,1.36,11.03
2022/08/03,27.2,27.2,27.1,27.15,211.0,5745.0,-0.1838,0.0544,137.0,-77.0,0.0,-1.0,-78.0,3721.0,13.0,12.0,0.0,0.0,0.0,4.68,1.36,11.05
2022/08/04,27.15,27.25,26.8,26.85,608.0,16410.0,-1.105,0.1567,289.0,-251.0,0.0,-9.0,-260.0,3716.0,1.0,6.0,0.0,0.0,0.0,4.63,1.34,11.17
2022/08/05,26.9,27.1,26.9,26.95,200.0,5411.0,0.3724,0.0516,138.0,-95.0,0.0,0.0,-95.0,3750.0,34.0,0.0,0.0,0.0,0.0,4.65,1.35,11.13
2022/08/08,27.0,27.1,26.9,27.05,168.0,4550.0,0.3711,0.0433,98.0,1.0,0.0,0.0,1.0,3742.0,2.0,10.0,0.0,0.0,0.0,4.66,1.35,11.09
2022/08/09,27.0,27.5,27.0,27.4,195.0,5320.0,1.2939,0.0503,111.0,15.0,0.0,0.0,15.0,3754.0,14.0,2.0,0.0,0.0,0.0,4.72,1.37,10.95
2022/08/10,27.15,27.2,27.05,27.1,306.0,8319.0,-1.0949,0.0789,208.0,-138.0,0.0,-7.0,-145.0,3729.0,9.0,29.0,0.0,0.0,0.0,4.67,1.35,11.07
2022/08/11,27.3,27.35,27.1,27.2,167.0,4545.0,0.369,0.0431,137.0,-28.0,0.0,0.0,-28.0,3723.0,0.0,6.0,0.0,0.0,0.0,4.69,1.36,11.03
2022/08/12,27.3,27.4,27.15,27.3,381.0,10378.0,0.3676,0.0982,181.0,50.0,0.0,0.0,50.0,3773.0,55.0,5.0,0.0,0.0,0.0,4.71,1.36,10.99
2022/08/15,27.3,27.5,27.25,27.4,238.0,6521.0,0.3663,0.0614,138.0,-4.0,0.0,0.0,-4.0,3863.0,96.0,6.0,0.0,0.0,0.0,4.98,1.53,10.95
2022/08/16,27.4,27.55,27.35,27.5,274.0,7516.0,0.365,0.0706,202.0,26.0,-16.0,-1.0,9.0,3880.0,17.0,0.0,0.0,0.0,0.0,5.0,1.54,10.91
2022/08/17,27.55,27.7,27.45,27.6,313.0,8624.0,0.3636,0.0807,228.0,-83.0,-52.0,0.0,-135.0,3875.0,10.0,15.0,0.0,0.0,0.0,5.02,1.55,10.87
2022/08/18,27.6,27.7,27.45,27.5,279.0,7684.0,-0.3623,0.0719,281.0,-3.0,-17.0,-4.0,-24.0,3874.0,2.0,3.0,0.0,116.0,116.0,5.0,1.54,10.91
2022/08/19,27.5,27.7,27.5,27.7,203.0,5624.0,0.7273,0.0523,166.0,50.0,0.0,0.0,50.0,3852.0,3.0,12.0,0.0,138.0,22.0,5.04,1.55,10.83
2022/08/22,27.55,27.8,27.5,27.7,325.0,9000.0,0.0,0.0838,221.0,-53.0,0.0,-1.0,-54.0,3803.0,1.0,50.0,0.0,138.0,0.0,5.04,1.55,10.83
2022/08/23,27.7,27.75,27.5,27.65,277.0,7660.0,-0.1805,0.0714,192.0,-161.0,0.0,0.0,-161.0,3803.0,0.0,0.0,0.0,138.0,0.0,5.03,1.55,10.85
2022/08/24,27.75,27.9,27.7,27.7,323.0,8997.0,0.1808,0.0833,237.0,-75.0,0.0,0.0,-75.0,3811.0,60.0,51.0,0.0,138.0,0.0,5.04,1.55,10.83
2022/08/25,27.8,28.15,27.8,28.0,518.0,14528.0,1.083,0.1335,343.0,3.0,0.0,0.0,3.0,3646.0,21.0,185.0,0.0,138.0,0.0,5.09,1.57,10.71
2022/08/26,28.3,28.3,28.15,28.3,240.0,6794.0,1.0714,0.0619,204.0,28.0,0.0,0.0,28.0,3621.0,3.0,28.0,0.0,138.0,0.0,5.15,1.58,10.6
2022/08/29,28.0,28.3,27.8,28.05,353.0,9937.0,-0.8834,0.091,334.0,-65.0,0.0,-13.0,-78.0,3624.0,11.0,8.0,0.0,138.0,0.0,5.1,1.57,10.7
2022/08/30,28.05,28.55,28.05,28.5,427.0,12127.0,1.6043,0.1101,258.0,55.0,0.0,-3.0,52.0,3622.0,28.0,30.0,0.0,138.0,0.0,5.18,1.6,10.53
2022/08/31,28.65,28.65,28.4,28.4,278.0,7942.0,-0.3509,0.0717,160.0,-13.0,0.0,0.0,-13.0,3525.0,9.0,106.0,0.0,138.0,0.0,5.16,1.59,10.56
2022/09/01,28.2,28.35,28.2,28.25,261.0,7394.0,-0.5282,0.0673,219.0,36.0,0.0,-48.0,-12.0,3545.0,28.0,8.0,0.0,138.0,0.0,5.14,1.58,10.62
2022/09/02,28.25,28.35,28.1,28.1,158.0,4473.0,-0.531,0.0407,90.0,-53.0,0.0,0.0,-53.0,3545.0,0.0,0.0,0.0,138.0,0.0,5.11,1.57,10.68
2022/09/05,28.05,28.25,27.9,28.05,458.0,12854.0,-0.1779,0.1181,223.0,172.0,0.0,0.0,172.0,3545.0,1.0,1.0,0.0,138.0,0.0,5.1,1.57,10.7
2022/09/06,28.2,28.25,28.1,28.15,121.0,3438.0,0.3565,0.0312,116.0,53.0,0.0,-1.0,52.0,3531.0,0.0,9.0,0.0,138.0,0.0,16.39,1.87,0.67
2022/09/07,28.05,28.2,27.9,28.0,291.0,8161.0,-0.5329,0.075,216.0,-8.0,0.0,-7.0,-15.0,3528.0,6.0,9.0,0.0,138.0,0.0,5.09,1.57,10.71
2022/09/08,28.1,28.15,28.0,28.0,190.0,5337.0,0.0,0.049,154.0,21.0,0.0,-5.0,16.0,3528.0,0.0,0.0,0.0,138.0,0.0,5.09,1.57,10.71
2022/09/12,28.0,28.45,28.0,28.25,359.0,10147.0,0.8929,0.0925,227.0,219.0,0.0,-1.0,218.0,3536.0,12.0,4.0,0.0,138.0,0.0,5.14,1.58,10.62
2022/09/13,28.25,28.5,28.25,28.35,189.0,5390.0,0.354,0.0487,156.0,81.0,0.0,0.0,81.0,3520.0,1.0,17.0,0.0,138.0,0.0,5.15,1.59,10.58
2022/09/14,28.0,28.35,28.0,28.2,299.0,8454.0,-0.5291,0.0771,227.0,7.0,0.0,-2.0,5.0,3503.0,0.0,17.0,0.0,138.0,0.0,5.13,1.58,10.64
2022/09/15,28.05,28.5,28.05,28.25,295.0,8375.0,0.1773,0.076,296.0,106.0,0.0,-8.0,98.0,3477.0,4.0,30.0,0.0,150.0,12.0,5.14,1.58,10.62
2022/09/16,28.05,28.25,27.8,28.25,1414.0,39825.0,0.0,0.3645,386.0,-115.0,0.0,-10.0,-125.0,3426.0,2.0,53.0,0.0,150.0,0.0,5.14,1.58,10.62
2022/09/19,28.3,28.3,28.0,28.0,308.0,8677.0,-0.885,0.0794,147.0,-62.0,0.0,0.0,-62.0,3431.0,30.0,25.0,0.0,150.0,0.0,5.09,1.57,10.71
2022/09/20,28.05,28.1,27.9,27.95,217.0,6096.0,-0.1786,0.0559,144.0,-86.0,0.0,0.0,-86.0,3427.0,1.0,5.0,0.0,150.0,0.0,5.08,1.56,10.73
2022/09/21,27.9,27.9,27.6,27.6,450.0,12499.0,-1.2522,0.116,221.0,-124.0,0.0,0.0,-124.0,3428.0,2.0,1.0,0.0,150.0,0.0,5.02,1.55,10.87
2022/09/22,27.6,27.6,27.2,27.5,295.0,8093.0,-0.3623,0.076,180.0,-91.0,0.0,-4.0,-95.0,3428.0,0.0,0.0,0.0,150.0,0.0,5.0,1.54,10.91
2022/09/23,27.75,27.75,27.3,27.4,222.0,6100.0,-0.3636,0.0572,146.0,-42.0,0.0,0.0,-42.0,3433.0,5.0,0.0,0.0,150.0,0.0,4.98,1.53,10.95
2022/09/26,27.4,27.4,26.9,26.9,585.0,15823.0,-1.8248,0.1508,259.0,-99.0,0.0,0.0,-99.0,3280.0,3.0,156.0,0.0,162.0,12.0,4.89,1.51,11.15
2022/09/27,26.9,27.05,26.8,27.0,172.0,4648.0,0.3717,0.0443,130.0,-74.0,0.0,0.0,-74.0,3274.0,0.0,6.0,0.0,162.0,0.0,4.91,1.51,11.11
2022/09/28,27.0,27.0,26.45,26.5,473.0,12595.0,-1.8519,0.1219,299.0,-242.0,0.0,0.0,-242.0,3265.0,0.0,9.0,0.0,162.0,0.0,4.82,1.48,11.32
2022/09/29,26.5,26.65,26.4,26.5,252.0,6698.0,0.0,0.065,170.0,-15.0,0.0,0.0,-15.0,3260.0,2.0,7.0,0.0,163.0,1.0,4.82,1.48,11.32
2022/09/30,26.45,26.45,26.15,26.4,249.0,6563.0,-0.3774,0.0642,154.0,-60.0,0.0,-7.0,-67.0,3259.0,10.0,11.0,0.0,163.0,0.0,4.8,1.48,11.36
2022/10/03,26.15,26.45,26.1,26.4,171.0,4495.0,0.0,0.0441,114.0,-47.0,0.0,0.0,-47.0,3260.0,2.0,1.0,0.0,163.0,0.0,4.8,1.48,11.36
2022/10/04,26.35,26.6,26.3,26.4,147.0,3902.0,0.0,0.0379,95.0,-24.0,0.0,3.0,-21.0,3266.0,26.0,20.0,0.0,163.0,0.0,4.8,1.48,11.36
2022/10/05,26.4,26.65,26.35,26.45,269.0,7142.0,0.1894,0.0693,142.0,-78.0,0.0,0.0,-78.0,3264.0,31.0,33.0,0.0,163.0,0.0,4.81,1.48,11.34
2022/10/06,26.4,26.6,26.25,26.55,162.0,4298.0,0.3781,0.0418,95.0,-96.0,0.0,0.0,-96.0,3234.0,10.0,40.0,0.0,163.0,0.0,4.83,1.49,11.3
2022/10/07,26.5,27.2,26.5,27.1,295.0,7924.0,2.0716,0.076,187.0,-25.0,0.0,0.0,-25.0,3088.0,10.0,32.0,1.0,162.0,0.0,4.93,1.52,11.07
2022/10/11,26.75,26.75,26.25,26.3,299.0,7904.0,-2.952,0.0771,288.0,-161.0,0.0,-5.0,-166.0,3075.0,23.0,36.0,0.0,163.0,1.0,4.78,1.47,11.41
2022/10/12,26.15,26.9,26.15,26.65,187.0,4962.0,1.3308,0.0482,133.0,-63.0,0.0,-1.0,-64.0,3068.0,21.0,28.0,0.0,163.0,0.0,4.85,1.49,11.26
2022/10/13,26.5,26.6,26.3,26.45,229.0,6065.0,-0.7505,0.059,215.0,-43.0,0.0,0.0,-43.0,3053.0,0.0,15.0,0.0,163.0,0.0,4.81,1.48,11.34
2022/10/14,26.6,26.75,26.5,26.7,403.0,10757.0,0.9452,0.1039,117.0,-17.0,0.0,13.0,-4.0,3055.0,255.0,253.0,0.0,163.0,0.0,4.85,1.49,11.24
2022/10/17,26.55,26.75,26.35,26.6,201.0,5362.0,-0.3745,0.0518,141.0,-30.0,0.0,3.0,-27.0,3054.0,1.0,2.0,0.0,163.0,0.0,4.84,1.49,11.28
2022/10/18,26.6,26.8,26.45,26.55,115.0,3080.0,-0.188,0.0296,76.0,-17.0,0.0,7.0,-10.0,3054.0,0.0,0.0,0.0,163.0,0.0,4.83,1.49,11.3
2022/10/19,26.55,26.9,26.55,26.7,203.0,5438.0,0.565,0.0523,126.0,-68.0,0.0,8.0,-60.0,3058.0,6.0,2.0,0.0,163.0,0.0,4.85,1.49,11.24
2022/10/20,26.55,26.55,26.3,26.4,192.0,5080.0,-1.1236,0.0495,142.0,-14.0,0.0,-4.0,-18.0,3051.0,0.0,7.0,0.0,163.0,0.0,4.8,1.48,11.36
2022/10/21,26.4,26.55,26.25,26.5,119.0,3162.0,0.3788,0.0307,72.0,-23.0,0.0,-1.0,-24.0,3010.0,1.0,12.0,0.0,163.0,0.0,4.82,1.48,11.32
2022/10/24,26.65,26.7,26.5,26.6,147.0,3910.0,0.3774,0.0379,121.0,29.0,0.0,19.0,48.0,2939.0,0.0,40.0,0.0,163.0,0.0,4.84,1.49,11.28
2022/10/25,26.6,26.65,26.4,26.5,96.0,2558.0,-0.3759,0.0247,89.0,-24.0,0.0,24.0,0.0,2934.0,0.0,5.0,0.0,163.0,0.0,4.82,1.48,11.32
2022/10/26,26.7,26.8,26.45,26.45,147.0,3909.0,-0.1887,0.0379,84.0,-9.0,0.0,12.0,3.0,2925.0,35.0,44.0,0.0,163.0,0.0,4.81,1.48,11.34
2022/10/27,26.55,26.75,26.5,26.75,109.0,2921.0,1.1342,0.0281,107.0,-11.0,0.0,1.0,-10.0,2930.0,5.0,0.0,0.0,163.0,0.0,4.86,1.5,11.21
2022/10/28,26.65,26.7,26.2,26.4,309.0,8168.0,-1.3084,0.0797,191.0,-32.0,0.0,0.0,-32.0,2744.0,0.0,186.0,0.0,163.0,0.0,4.8,1.48,11.36
2022/10/31,26.3,26.6,26.3,26.35,55.0,1472.0,-0.1894,0.0142,68.0,-30.0,0.0,2.0,-28.0,2744.0,0.0,0.0,0.0,163.0,0.0,4.79,1.48,11.39
2022/11/01,26.6,26.6,26.35,26.5,80.0,2118.0,0.5693,0.0206,85.0,-46.0,0.0,8.0,-38.0,2744.0,0.0,0.0,0.0,163.0,0.0,4.82,1.48,11.32
2022/11/02,26.45,26.6,26.45,26.5,75.0,1997.0,0.0,0.0193,56.0,-14.0,0.0,-4.0,-18.0,2746.0,5.0,3.0,0.0,163.0,0.0,4.82,1.48,11.32
2022/11/03,26.5,26.6,26.4,26.5,120.0,3195.0,0.0,0.0309,126.0,-57.0,0.0,-2.0,-59.0,2756.0,11.0,1.0,0.0,163.0,0.0,4.82,1.48,11.32
2022/11/04,26.5,26.6,26.35,26.6,117.0,3112.0,0.3774,0.0302,110.0,-31.0,0.0,0.0,-31.0,2759.0,3.0,0.0,0.0,163.0,0.0,4.84,1.49,11.28
2022/11/07,26.6,26.6,26.2,26.6,242.0,6405.0,0.0,0.0624,184.0,-45.0,0.0,0.0,-45.0,2774.0,15.0,0.0,0.0,163.0,0.0,4.84,1.49,11.28
2022/11/08,26.8,26.8,26.55,26.75,112.0,3004.0,0.5639,0.0289,108.0,-21.0,0.0,0.0,-21.0,2773.0,0.0,1.0,0.0,163.0,0.0,4.86,1.5,11.21
2022/11/09,27.0,27.5,26.9,27.35,479.0,13030.0,2.243,0.1235,317.0,6.0,0.0,0.0,6.0,2771.0,25.0,27.0,12.0,151.0,0.0,4.87,1.42,10.97
2022/11/10,27.25,27.3,27.0,27.25,110.0,3009.0,-0.3656,0.0284,112.0,13.0,0.0,0.0,13.0,2768.0,0.0,3.0,0.0,151.0,0.0,4.85,1.41,11.01
2022/11/11,27.5,27.75,27.4,27.55,326.0,9000.0,1.1009,0.084,189.0,39.0,0.0,0.0,39.0,2685.0,0.0,83.0,1.0,150.0,0.0,4.9,1.43,10.89
2022/11/14,27.6,27.7,27.4,27.6,327.0,9033.0,0.1815,0.0843,195.0,61.0,0.0,-1.0,60.0,2555.0,0.0,80.0,0.0,150.0,0.0,4.91,1.43,10.87
2022/11/15,27.7,27.7,27.4,27.7,318.0,8800.0,0.3623,0.082,152.0,71.0,0.0,-3.0,68.0,2507.0,42.0,90.0,0.0,150.0,0.0,4.93,1.44,10.83
2022/11/16,27.75,27.8,27.6,27.6,239.0,6629.0,-0.361,0.0616,120.0,-27.0,0.0,-17.0,-44.0,2457.0,0.0,50.0,2.0,148.0,0.0,4.91,1.43,10.87
2022/11/17,27.8,27.8,27.55,27.8,179.0,4977.0,0.7246,0.0461,97.0,32.0,0.0,0.0,32.0,2339.0,20.0,76.0,0.0,148.0,0.0,4.95,1.44,10.79
2022/11/18,27.85,28.25,27.7,28.1,393.0,11025.0,1.0791,0.1013,274.0,117.0,0.0,-28.0,89.0,2337.0,4.0,6.0,136.0,12.0,0.0,5.0,1.46,10.68
2022/11/21,28.2,28.2,27.9,28.2,198.0,5564.0,0.3559,0.051,104.0,37.0,0.0,0.0,37.0,2275.0,0.0,62.0,0.0,12.0,0.0,5.02,1.46,10.64
2022/11/22,28.2,28.2,28.05,28.2,128.0,3607.0,0.0,0.033,87.0,56.0,0.0,0.0,56.0,2265.0,10.0,20.0,0.0,12.0,0.0,5.02,1.46,10.64
2022/11/23,28.2,28.3,28.15,28.3,264.0,7471.0,0.3546,0.0681,119.0,32.0,0.0,-1.0,31.0,2253.0,50.0,62.0,0.0,12.0,0.0,5.04,1.47,10.6
2022/11/24,28.4,28.9,28.35,28.65,427.0,12238.0,1.2367,0.1101,278.0,120.0,0.0,4.0,124.0,2250.0,31.0,34.0,12.0,0.0,0.0,5.1,1.49,10.47
2022/11/25,28.8,28.9,28.5,28.6,348.0,10012.0,-0.1745,0.0897,179.0,64.0,0.0,-4.0,60.0,2270.0,60.0,40.0,0.0,0.0,0.0,5.09,1.48,10.49
2022/11/28,28.7,28.7,28.3,28.6,305.0,8729.0,0.0,0.0786,115.0,17.0,0.0,-4.0,13.0,2279.0,14.0,5.0,0.0,0.0,0.0,5.09,1.48,10.49
2022/11/29,28.7,28.8,28.6,28.75,99.0,2851.0,0.5245,0.0255,74.0,67.0,0.0,0.0,67.0,2269.0,3.0,13.0,0.0,0.0,0.0,5.12,1.49,10.43
2022/11/30,28.75,29.15,28.75,29.05,284.0,8250.0,1.0435,0.0732,167.0,130.0,0.0,0.0,130.0,2271.0,32.0,30.0,0.0,0.0,0.0,5.17,1.51,10.33
2022/12/01,29.15,29.2,28.7,29.0,269.0,7817.0,-0.1721,0.0693,190.0,45.0,0.0,-3.0,42.0,2294.0,49.0,26.0,0.0,0.0,0.0,5.16,1.5,10.34
2022/12/02,29.05,29.05,28.95,28.95,164.0,4771.0,-0.1724,0.0423,75.0,20.0,0.0,-3.0,17.0,2342.0,91.0,43.0,0.0,0.0,0.0,5.15,1.5,10.36
2022/12/05,28.9,29.05,28.8,28.8,138.0,3989.0,-0.5181,0.0356,84.0,30.0,0.0,0.0,30.0,2392.0,50.0,0.0,0.0,0.0,0.0,5.12,1.49,10.42
2022/12/06,28.8,28.8,28.5,28.55,243.0,6944.0,-0.8681,0.0626,128.0,4.0,0.0,-3.0,1.0,2328.0,1.0,65.0,0.0,0.0,0.0,5.08,1.48,10.51
2022/12/07,28.65,28.65,28.35,28.6,115.0,3298.0,0.1751,0.0296,85.0,35.0,0.0,0.0,35.0,2295.0,4.0,37.0,0.0,0.0,0.0,5.09,1.48,10.49
2022/12/08,28.5,28.6,28.5,28.55,57.0,1636.0,-0.1748,0.0147,34.0,-8.0,0.0,0.0,-8.0,2276.0,5.0,24.0,0.0,0.0,0.0,5.08,1.48,10.51
2022/12/09,28.95,28.95,28.65,28.8,120.0,3471.0,0.8757,0.0309,76.0,7.0,0.0,0.0,7.0,2259.0,10.0,27.0,0.0,0.0,0.0,5.12,1.49,10.42
2022/12/12,28.7,28.75,28.5,28.6,231.0,6627.0,-0.6944,0.0595,100.0,-7.0,0.0,0.0,-7.0,2276.0,17.0,0.0,0.0,0.0,0.0,5.09,1.48,10.49
2022/12/13,28.85,28.9,28.75,28.85,478.0,13789.0,0.8741,0.1232,266.0,56.0,0.0,0.0,56.0,2238.0,35.0,73.0,0.0,1.0,1.0,5.13,1.5,10.4
2022/12/14,28.9,29.1,28.85,29.0,546.0,15848.0,0.5199,0.1408,270.0,96.0,0.0,18.0,114.0,2288.0,51.0,1.0,1.0,0.0,0.0,5.16,1.5,10.34
2022/12/15,29.15,29.45,29.1,29.4,709.0,20787.0,1.3793,0.1828,371.0,177.0,0.0,-3.0,174.0,2294.0,43.0,37.0,0.0,0.0,0.0,5.23,1.53,10.2
2022/12/16,29.35,29.65,29.2,29.45,715.0,21032.0,0.1701,0.1843,379.0,-95.0,0.0,-5.0,-100.0,2350.0,56.0,0.0,0.0,0.0,0.0,5.24,1.53,10.19
2022/12/19,29.6,29.6,29.3,29.3,526.0,15506.0,-0.5093,0.1356,199.0,-69.0,0.0,-1.0,-70.0,2355.0,51.0,46.0,0.0,0.0,0.0,5.21,1.52,10.24
2022/12/20,29.3,29.3,28.75,28.75,332.0,9624.0,-1.8771,0.0856,237.0,-32.0,0.0,0.0,-32.0,2354.0,12.0,13.0,0.0,0.0,0.0,5.12,1.49,10.43
2022/12/21,28.95,29.3,28.95,29.15,301.0,8800.0,1.3913,0.0776,167.0,72.0,0.0,-3.0,69.0,2449.0,112.0,17.0,0.0,0.0,0.0,5.19,1.51,10.29
2022/12/22,29.25,29.45,29.25,29.3,409.0,12003.0,0.5146,0.1054,209.0,129.0,0.0,0.0,129.0,2486.0,57.0,20.0,0.0,0.0,0.0,5.21,1.52,10.24
2022/12/23,29.2,29.35,29.2,29.25,237.0,6960.0,-0.1706,0.0611,161.0,56.0,0.0,-4.0,52.0,2469.0,23.0,40.0,0.0,0.0,0.0,5.2,1.52,10.26
2022/12/26,29.4,29.5,29.25,29.4,243.0,7144.0,0.5128,0.0626,116.0,52.0,0.0,-2.0,50.0,2470.0,13.0,12.0,0.0,0.0,0.0,5.23,1.53,10.2
2022/12/27,29.4,29.5,29.35,29.5,490.0,14430.0,0.3401,0.1263,208.0,75.0,0.0,0.0,75.0,2592.0,153.0,31.0,0.0,0.0,0.0,5.25,1.53,10.17
2022/12/28,29.5,29.55,29.3,29.4,332.0,9804.0,-0.339,0.0856,163.0,60.0,0.0,-1.0,59.0,2588.0,62.0,66.0,0.0,0.0,0.0,5.23,1.53,10.2
2022/12/29,29.5,29.5,29.1,29.45,319.0,9372.0,0.1701,0.0822,171.0,-24.0,0.0,0.0,-24.0,2717.0,129.0,0.0,0.0,0.0,0.0,5.24,1.53,10.19
2022/12/30,29.55,29.75,29.5,29.6,541.0,16019.0,0.5093,0.1395,267.0,93.0,0.0,0.0,93.0,2705.0,29.0,41.0,0.0,0.0,0.0,5.27,1.54,10.14
2023/01/03,29.65,30.3,29.6,30.15,1166.0,34991.0,1.8581,0.3006,480.0,231.0,0.0,-7.0,224.0,3012.0,348.0,33.0,0.0,0.0,0.0,5.36,1.56,9.95
2023/01/04,30.25,30.45,30.15,30.3,1384.0,41925.0,0.4975,0.3568,562.0,607.0,0.0,32.0,639.0,2929.0,39.0,120.0,0.0,0.0,0.0,5.39,1.57,9.9
2023/01/05,30.45,30.55,30.3,30.5,884.0,26895.0,0.6601,0.2279,423.0,264.0,0.0,-16.0,248.0,2984.0,77.0,22.0,0.0,0.0,0.0,5.43,1.58,9.84
2023/01/06,30.4,30.4,30.2,30.3,569.0,17243.0,-0.6557,0.1467,328.0,-60.0,0.0,1.0,-59.0,2693.0,32.0,23.0,0.0,0.0,0.0,5.39,1.57,9.9
2023/01/09,30.5,30.5,30.15,30.3,646.0,19574.0,0.0,0.1665,391.0,83.0,0.0,1.0,84.0,2671.0,14.0,36.0,0.0,0.0,0.0,5.39,1.57,9.9
2023/01/10,30.45,30.45,30.05,30.2,585.0,17654.0,-0.33,0.1508,333.0,134.0,0.0,0.0,134.0,2623.0,19.0,61.0,0.0,0.0,0.0,5.37,1.57,9.93
2023/01/11,30.05,30.25,30.05,30.1,826.0,24868.0,-0.3311,0.2129,277.0,137.0,0.0,-5.0,132.0,2628.0,31.0,26.0,0.0,0.0,0.0,5.36,1.56,9.97
2023/01/12,30.2,30.2,30.0,30.1,503.0,15172.0,0.0,0.1297,240.0,61.0,0.0,-30.0,31.0,2762.0,179.0,45.0,0.0,0.0,0.0,5.36,1.56,9.97
2023/01/13,30.15,30.15,30.0,30.15,284.0,8571.0,0.1661,0.0732,179.0,22.0,0.0,0.0,22.0,2769.0,23.0,11.0,0.0,2.0,2.0,5.36,1.56,9.95
2023/01/16,30.15,30.25,30.05,30.2,200.0,6046.0,0.1658,0.0516,126.0,44.0,0.0,0.0,44.0,2772.0,5.0,2.0,0.0,2.0,0.0,5.37,1.57,9.93
2023/01/17,30.2,30.3,30.15,30.3,325.0,9842.0,0.3311,0.0838,153.0,117.0,0.0,0.0,117.0,2768.0,5.0,8.0,0.0,2.0,0.0,5.39,1.57,9.9
2023/01/30,30.4,30.45,30.25,30.3,521.0,15799.0,0.0,0.1343,310.0,70.0,54.0,0.0,124.0,2576.0,15.0,207.0,0.0,2.0,0.0,5.39,1.57,9.9
2023/01/31,30.45,30.45,30.25,30.35,477.0,14496.0,0.165,0.123,233.0,-36.0,20.0,0.0,-16.0,2591.0,24.0,9.0,0.0,2.0,0.0,5.4,1.57,9.88
2023/02/01,30.35,30.4,30.3,30.4,327.0,9941.0,0.1647,0.0843,154.0,-11.0,15.0,2.0,6.0,2599.0,10.0,2.0,2.0,0.0,0.0,5.41,1.58,9.87
2023/02/02,30.35,30.35,30.25,30.3,295.0,8951.0,-0.3289,0.076,158.0,-38.0,0.0,-3.0,-41.0,2591.0,1.0,9.0,0.0,0.0,0.0,5.39,1.57,9.9
2023/02/03,30.4,30.4,30.3,30.35,295.0,8952.0,0.165,0.076,147.0,9.0,0.0,1.0,10.0,2602.0,25.0,14.0,0.0,0.0,0.0,5.4,1.57,9.88
2023/02/06,30.25,30.65,30.2,30.5,885.0,26994.0,0.4942,0.2281,287.0,294.0,0.0,-5.0,289.0,2694.0,161.0,69.0,0.0,0.0,0.0,5.43,1.58,9.84
2023/02/07,30.45,30.5,30.4,30.45,220.0,6725.0,-0.1639,0.0567,133.0,38.0,0.0,1.0,39.0,2651.0,7.0,50.0,0.0,0.0,0.0,5.42,1.58,9.85
2023/02/08,30.4,30.4,30.25,30.35,216.0,6565.0,-0.3284,0.0557,117.0,-63.0,0.0,-2.0,-65.0,2669.0,20.0,1.0,0.0,0.0,0.0,5.4,1.57,9.88
2023/02/09,30.25,30.45,30.25,30.4,210.0,6386.0,0.1647,0.0541,108.0,-27.0,0.0,-3.0,-30.0,2685.0,28.0,12.0,0.0,0.0,0.0,5.41,1.58,9.87
2023/02/10,30.4,30.45,30.3,30.4,161.0,4900.0,0.0,0.0415,100.0,-38.0,0.0,-8.0,-46.0,2669.0,1.0,17.0,0.0,0.0,0.0,5.41,1.58,9.87
2023/02/13,30.3,30.35,30.15,30.3,262.0,7945.0,-0.3289,0.0675,168.0,-25.0,0.0,-8.0,-33.0,2629.0,26.0,66.0,0.0,0.0,0.0,5.39,1.57,9.9
2023/02/14,30.35,30.35,30.25,30.35,166.0,5034.0,0.165,0.0428,84.0,-13.0,0.0,3.0,-10.0,2632.0,15.0,2.0,0.0,0.0,0.0,5.4,1.57,9.88
2023/02/15,30.35,30.4,30.25,30.35,239.0,7271.0,0.0,0.0616,125.0,-38.0,0.0,5.0,-33.0,2599.0,19.0,52.0,0.0,0.0,0.0,5.4,1.57,9.88
2023/02/16,30.35,30.35,30.25,30.35,230.0,6984.0,0.0,0.0593,117.0,-53.0,0.0,0.0,-53.0,2574.0,5.0,30.0,0.0,0.0,0.0,5.4,1.57,9.88
2023/02/17,30.3,30.35,30.3,30.35,229.0,6971.0,0.0,0.059,120.0,-19.0,0.0,3.0,-16.0,2560.0,0.0,4.0,0.0,0.0,0.0,5.4,1.57,9.88
2023/02/20,30.4,30.45,30.35,30.45,380.0,11560.0,0.3295,0.098,170.0,6.0,0.0,-9.0,-3.0,2571.0,32.0,20.0,0.0,0.0,0.0,5.42,1.58,9.85
2023/02/21,30.45,30.5,30.4,30.5,248.0,7584.0,0.1642,0.0639,141.0,-9.0,0.0,-5.0,-14.0,2552.0,15.0,34.0,0.0,0.0,0.0,5.43,1.58,9.84
2023/02/22,30.45,30.5,30.3,30.45,245.0,7452.0,-0.1639,0.0632,148.0,-31.0,0.0,-14.0,-45.0,2545.0,4.0,11.0,0.0,0.0,0.0,5.42,1.58,9.85
2023/02/23,30.45,31.2,30.45,31.1,1355.0,41951.0,2.1346,0.3493,451.0,52.0,-1.0,-1.0,50.0,3244.0,756.0,57.0,0.0,0.0,0.0,5.53,1.61,9.65
2023/02/24,31.1,31.2,30.9,31.2,358.0,11134.0,0.3215,0.0923,226.0,4.0,0.0,-6.0,-2.0,3260.0,18.0,2.0,0.0,0.0,0.0,5.55,1.62,9.62
2023/03/01,31.1,31.8,31.05,31.45,1270.0,39913.0,0.8013,0.3274,418.0,109.0,0.0,-18.0,91.0,3655.0,412.0,17.0,0.0,0.0,0.0,5.6,1.63,9.54
2023/03/02,31.2,31.65,31.2,31.35,679.0,21338.0,-0.318,0.175,348.0,17.0,0.0,-17.0,0.0,3679.0,51.0,27.0,0.0,0.0,0.0,5.58,1.63,9.57
2023/03/03,31.5,31.5,31.2,31.3,392.0,12301.0,-0.1595,0.1011,221.0,-5.0,0.0,-1.0,-6.0,3714.0,47.0,12.0,0.0,0.0,0.0,5.57,1.62,9.58
2023/03/06,31.4,31.5,31.35,31.4,1091.0,34321.0,0.3195,0.2813,397.0,36.0,-1.0,22.0,57.0,3618.0,12.0,108.0,0.0,0.0,0.0,5.59,1.63,9.55
2023/03/07,31.45,31.6,31.4,31.5,1179.0,37140.0,0.3185,0.3039,289.0,125.0,0.0,1.0,126.0,3599.0,24.0,43.0,0.0,0.0,0.0,5.6,1.63,9.52
2023/03/08,31.7,31.7,31.45,31.6,550.0,17365.0,0.3175,0.1418,233.0,113.0,0.0,0.0,113.0,3544.0,2.0,57.0,0.0,0.0,0.0,5.62,1.64,9.49
2023/03/09,31.7,32.4,31.6,32.1,2391.0,76552.0,1.5823,0.6164,633.0,165.0,0.0,-15.0,150.0,3529.0,49.0,64.0,0.0,0.0,0.0,5.71,1.67,9.35
2023/03/10,32.15,32.65,31.75,32.4,2525.0,81425.0,0.9346,0.6509,996.0,95.0,0.0,-5.0,90.0,3536.0,331.0,313.0,0.0,0.0,0.0,5.77,1.68,9.26
2023/03/13,32.2,32.4,31.95,32.25,742.0,23896.0,-0.463,0.1913,378.0,100.0,0.0,96.0,196.0,3445.0,66.0,156.0,0.0,0.0,0.0,5.74,1.67,9.3
2023/03/14,32.2,32.2,31.6,31.75,841.0,26770.0,-1.5504,0.2168,559.0,150.0,0.0,10.0,160.0,3262.0,62.0,245.0,0.0,2.0,2.0,5.65,1.65,9.45
2023/03/15,31.85,32.2,31.75,32.1,909.0,29067.0,1.1024,0.2343,435.0,243.0,0.0,29.0,272.0,3315.0,105.0,52.0,2.0,0.0,0.0,5.71,1.67,9.35
2023/03/16,31.95,32.1,31.85,31.95,783.0,25049.0,-0.4673,0.2019,354.0,394.0,0.0,4.0,398.0,3253.0,20.0,82.0,0.0,12.0,12.0,10.34,1.7,9.39
2023/03/17,32.05,32.4,32.0,32.3,1165.0,37558.0,1.0955,0.3003,466.0,403.0,0.0,-11.0,392.0,3405.0,178.0,26.0,3.0,9.0,0.0,10.45,1.72,9.29
2023/03/20,32.35,32.4,32.0,32.3,679.0,21905.0,0.0,0.175,295.0,-10.0,0.0,6.0,-4.0,3401.0,25.0,29.0,0.0,12.0,3.0,10.45,1.72,9.29
2023/03/21,32.35,32.4,32.25,32.3,490.0,15834.0,0.0,0.1263,245.0,99.0,0.0,0.0,99.0,3412.0,30.0,19.0,0.0,13.0,1.0,10.45,1.72,9.29
2023/03/22,32.35,32.6,32.35,32.45,962.0,31247.0,0.4644,0.248,431.0,268.0,0.0,0.0,268.0,3388.0,24.0,48.0,3.0,10.0,0.0,10.5,1.73,9.24
2023/03/23,32.5,32.85,32.5,32.5,1257.0,41026.0,0.1541,0.324,646.0,313.0,0.0,0.0,313.0,3077.0,189.0,500.0,2.0,8.0,0.0,10.52,1.73,9.23
2023/03/24,32.5,32.65,32.1,32.3,925.0,29878.0,-0.6154,0.2385,600.0,-373.0,-1.0,0.0,-374.0,3055.0,3.0,25.0,0.0,15.0,7.0,10.45,1.72,9.29
2023/03/27,32.25,32.3,32.0,32.25,827.0,26618.0,-0.1548,0.2132,349.0,-323.0,-1.0,-102.0,-426.0,3071.0,45.0,27.0,0.0,15.0,0.0,10.44,1.72,9.3
2023/03/28,32.2,32.2,31.5,31.9,1303.0,41489.0,-1.0853,0.3359,617.0,-57.0,0.0,-43.0,-100.0,3062.0,43.0,52.0,4.0,11.0,0.0,10.32,1.7,9.4
2023/03/29,31.7,31.9,31.6,31.75,546.0,17364.0,-0.4702,0.1408,299.0,-176.0,0.0,0.0,-176.0,2979.0,33.0,116.0,3.0,8.0,0.0,10.28,1.69,9.45
2023/03/30,31.8,31.8,31.65,31.75,568.0,18054.0,0.0,0.1464,270.0,-89.0,-1.0,0.0,-90.0,2915.0,46.0,110.0,5.0,3.0,0.0,10.28,1.69,9.45
2023/03/31,31.75,31.85,31.65,31.85,501.0,15925.0,0.315,0.1292,217.0,-89.0,0.0,4.0,-85.0,2855.0,4.0,59.0,0.0,3.0,0.0,10.31,1.7,9.42
2023/04/06,31.85,32.15,31.85,32.0,476.0,15244.0,0.471,0.1227,179.0,55.0,0.0,0.0,55.0,2820.0,0.0,35.0,0.0,3.0,0.0,10.36,1.7,9.38
2023/04/07,32.2,33.2,32.05,32.85,3233.0,105795.0,2.6563,0.8334,938.0,947.0,0.0,-5.0,942.0,3555.0,870.0,135.0,3.0,0.0,0.0,10.63,1.75,9.13
2023/04/10,33.45,33.45,32.75,32.8,1040.0,34334.0,-0.1522,0.2681,475.0,-362.0,-1.0,0.0,-363.0,3721.0,187.0,21.0,0.0,0.0,0.0,10.61,1.75,9.15
2023/04/11,32.55,32.75,32.25,32.45,1087.0,35295.0,-1.0671,0.2802,528.0,-262.0,0.0,2.0,-260.0,3704.0,133.0,150.0,0.0,0.0,0.0,10.5,1.73,9.24
2023/04/12,32.4,32.7,32.3,32.65,294.0,9581.0,0.6163,0.0758,218.0,-30.0,0.0,0.0,-30.0,3692.0,44.0,56.0,0.0,0.0,0.0,10.57,1.74,9.19
2023/04/13,32.5,32.5,32.25,32.4,320.0,10375.0,-0.7657,0.0825,216.0,42.0,-1.0,0.0,41.0,3682.0,25.0,35.0,0.0,3.0,3.0,10.49,1.73,9.26
2023/04/14,32.5,32.5,32.3,32.3,463.0,15003.0,-0.3086,0.1194,193.0,-86.0,-1.0,0.0,-87.0,3524.0,8.0,156.0,0.0,5.0,2.0,10.45,1.72,9.29
2023/04/17,32.3,32.3,32.05,32.1,553.0,17780.0,-0.6192,0.1426,273.0,-197.0,0.0,0.0,-197.0,3527.0,19.0,16.0,0.0,5.0,0.0,10.39,1.71,9.35
2023/04/18,32.1,32.2,31.8,31.95,875.0,27933.0,-0.4673,0.2256,385.0,64.0,0.0,2.0,66.0,3476.0,36.0,87.0,0.0,5.0,0.0,10.34,1.7,9.39
2023/04/19,31.85,32.0,31.0,31.35,2903.0,91312.0,-1.8779,0.7484,1094.0,147.0,0.0,6.0,153.0,3564.0,146.0,58.0,0.0,10.0,5.0,10.15,1.67,9.57
2023/04/20,31.7,31.9,31.5,31.6,1020.0,32337.0,0.7974,0.2629,514.0,-232.0,0.0,-12.0,-244.0,3691.0,152.0,25.0,1.0,9.0,0.0,10.23,1.68,9.49
2023/04/21,31.6,31.7,31.4,31.45,740.0,23340.0,-0.4747,0.1908,362.0,-59.0,-81.0,-7.0,-147.0,3620.0,23.0,94.0,0.0,11.0,2.0,10.18,1.68,9.54
2023/04/24,31.45,31.8,31.45,31.75,397.0,12595.0,0.9539,0.1023,208.0,177.0,0.0,0.0,177.0,3610.0,14.0,24.0,0.0,11.0,0.0,10.28,1.69,4.72
2023/04/25,31.75,31.95,31.4,31.5,505.0,15958.0,-0.7874,0.1302,285.0,-61.0,0.0,0.0,-61.0,3582.0,45.0,73.0,0.0,12.0,1.0,10.19,1.68,4.76
2023/04/26,31.65,31.7,31.45,31.6,240.0,7584.0,0.3175,0.0619,194.0,-10.0,0.0,8.0,-2.0,3605.0,25.0,2.0,0.0,13.0,1.0,10.23,1.68,4.75
2023/04/27,31.7,31.7,31.5,31.6,101.0,3214.0,0.0,0.026,70.0,-17.0,0.0,0.0,-17.0,3595.0,10.0,20.0,1.0,12.0,0.0,10.23,1.68,4.75
2023/04/28,31.6,31.7,31.45,31.6,346.0,10926.0,0.0,0.0892,278.0,-74.0,0.0,0.0,-74.0,3588.0,2.0,9.0,0.0,12.0,0.0,10.23,1.68,4.75
2023/05/02,31.6,31.65,31.35,31.45,369.0,11623.0,-0.4747,0.0951,238.0,-2.0,0.0,0.0,-2.0,3443.0,4.0,149.0,0.0,12.0,0.0,10.18,1.68,4.77
2023/05/03,31.4,31.5,31.4,31.5,165.0,5199.0,0.159,0.0425,96.0,22.0,0.0,0.0,22.0,3443.0,5.0,5.0,0.0,12.0,0.0,10.19,1.68,4.76
2023/05/04,31.45,31.65,31.45,31.5,211.0,6687.0,0.0,0.0544,124.0,-11.0,0.0,-1.0,-12.0,3450.0,7.0,0.0,0.0,12.0,0.0,10.19,1.68,4.76
2023/05/05,31.5,31.95,31.5,31.95,330.0,10498.0,1.4286,0.0851,200.0,3.0,0.0,-10.0,-7.0,3491.0,45.0,4.0,0.0,13.0,1.0,10.34,1.7,4.69
2023/05/08,32.0,32.0,31.75,31.9,303.0,9688.0,-0.1565,0.0781,161.0,-90.0,0.0,0.0,-90.0,3512.0,23.0,2.0,0.0,13.0,0.0,10.32,1.7,4.7
2023/05/09,32.0,32.0,31.65,31.85,157.0,5014.0,-0.1567,0.0405,109.0,-30.0,0.0,0.0,-30.0,3517.0,18.0,13.0,0.0,13.0,0.0,10.31,1.7,4.71
2023/05/10,31.65,31.8,31.4,31.8,550.0,17340.0,-0.157,0.1418,310.0,-248.0,0.0,0.0,-248.0,3507.0,85.0,95.0,1.0,12.0,0.0,10.29,1.69,4.72
2023/05/11,31.55,31.55,31.2,31.45,591.0,18531.0,-1.1006,0.1524,294.0,-227.0,0.0,0.0,-227.0,3377.0,74.0,204.0,0.0,12.0,0.0,16.91,1.64,4.77
2023/05/12,31.3,31.75,31.2,31.55,268.0,8458.0,0.318,0.0691,157.0,25.0,0.0,0.0,25.0,3373.0,8.0,12.0,0.0,12.0,0.0,16.96,1.65,4.75
2023/05/15,31.3,31.75,31.3,31.75,245.0,7770.0,0.6339,0.0632,162.0,9.0,0.0,14.0,23.0,3378.0,8.0,3.0,0.0,13.0,1.0,17.07,1.66,4.72
2023/05/16,31.75,31.9,31.65,31.85,253.0,8062.0,0.315,0.0652,173.0,8.0,0.0,63.0,71.0,3397.0,21.0,2.0,0.0,13.0,0.0,17.12,1.66,4.71
2023/05/17,31.9,31.9,31.75,31.8,337.0,10748.0,-0.157,0.0869,259.0,51.0,0.0,126.0,177.0,3394.0,13.0,16.0,0.0,13.0,0.0,17.1,1.66,4.72
2023/05/18,31.75,31.8,31.7,31.7,178.0,5666.0,-0.3145,0.0459,150.0,-13.0,0.0,37.0,24.0,3413.0,19.0,0.0,0.0,13.0,0.0,17.04,1.65,4.73
2023/05/19,31.7,31.7,31.55,31.65,160.0,5059.0,-0.1577,0.0412,97.0,-26.0,0.0,2.0,-24.0,3419.0,6.0,0.0,0.0,13.0,0.0,17.02,1.65,4.74
2023/05/22,31.65,31.75,31.6,31.75,217.0,6883.0,0.316,0.0559,127.0,29.0,0.0,0.0,29.0,3376.0,11.0,54.0,0.0,13.0,0.0,17.07,1.66,4.72
2023/05/23,31.75,31.8,31.7,31.8,191.0,6097.0,0.1575,0.0492,95.0,22.0,0.0,1.0,23.0,3389.0,13.0,0.0,3.0,10.0,0.0,17.1,1.66,4.72
2023/05/24,31.75,31.8,31.65,31.7,146.0,4629.0,-0.3145,0.0376,91.0,-34.0,0.0,1.0,-33.0,3389.0,4.0,4.0,0.0,10.0,0.0,17.04,1.65,4.73
2023/05/25,31.5,31.95,31.5,31.65,140.0,4437.0,-0.1577,0.0361,101.0,-54.0,0.0,-3.0,-57.0,3387.0,1.0,3.0,1.0,9.0,0.0,17.02,1.65,4.74
2023/05/26,31.55,31.6,31.45,31.6,272.0,8596.0,-0.158,0.0701,160.0,-82.0,0.0,0.0,-82.0,3401.0,17.0,3.0,0.0,9.0,0.0,16.99,1.65,4.75
2023/05/29,31.6,31.7,31.5,31.65,147.0,4646.0,0.1582,0.0379,93.0,-19.0,0.0,-1.0,-20.0,3391.0,13.0,23.0,0.0,9.0,0.0,17.02,1.65,4.74
2023/05/30,31.6,31.65,31.5,31.65,164.0,5200.0,0.0,0.0423,97.0,-16.0,0.0,9.0,-7.0,3384.0,0.0,7.0,0.0,9.0,0.0,17.02,1.65,4.74
2023/05/31,31.5,31.65,31.5,31.65,81.0,2587.0,0.0,0.0209,69.0,-23.0,0.0,0.0,-23.0,3387.0,3.0,0.0,0.0,9.0,0.0,17.02,1.65,4.74
2023/06/01,31.55,32.5,31.55,32.1,186.0,5943.0,1.4218,0.0479,107.0,-22.0,0.0,-2.0,-24.0,3458.0,86.0,15.0,0.0,9.0,0.0,17.26,1.68,4.67
2023/06/02,32.0,32.0,31.7,31.75,249.0,7925.0,-1.0903,0.0642,154.0,-98.0,0.0,0.0,-98.0,3503.0,49.0,4.0,0.0,9.0,0.0,17.07,1.66,4.72
2023/06/05,31.8,31.8,31.6,31.7,288.0,9134.0,-0.1575,0.0742,160.0,-53.0,0.0,0.0,-53.0,3504.0,8.0,7.0,0.0,9.0,0.0,17.04,1.65,4.73
2023/06/06,31.75,31.8,31.6,31.75,182.0,5787.0,0.1577,0.0469,116.0,9.0,0.0,19.0,28.0,3469.0,0.0,35.0,0.0,9.0,0.0,17.07,1.66,4.72
2023/06/07,31.75,31.8,31.6,31.75,392.0,12461.0,0.0,0.1011,177.0,100.0,0.0,0.0,100.0,3493.0,27.0,3.0,0.0,9.0,0.0,17.07,1.66,4.72
2023/06/08,31.8,31.8,31.65,31.7,233.0,7397.0,-0.1575,0.0601,124.0,-53.0,0.0,0.0,-53.0,3506.0,15.0,2.0,0.0,9.0,0.0,17.04,1.65,4.73
2023/06/09,31.65,31.8,31.65,31.75,198.0,6302.0,0.1577,0.051,127.0,16.0,0.0,5.0,21.0,3518.0,14.0,2.0,0.0,9.0,0.0,17.07,1.66,4.72
2023/06/12,31.75,31.75,31.55,31.6,319.0,10102.0,-0.4724,0.0822,194.0,-33.0,0.0,-1.0,-34.0,3542.0,30.0,6.0,0.0,9.0,0.0,16.99,1.65,4.75
2023/06/13,31.6,31.8,31.3,31.7,815.0,25764.0,0.3165,0.2101,342.0,-129.0,0.0,8.0,-121.0,3600.0,75.0,14.0,2.0,7.0,0.0,17.04,1.65,4.73
2023/06/14,31.75,31.8,31.55,31.8,416.0,13194.0,0.3155,0.1072,181.0,-12.0,0.0,-4.0,-16.0,3639.0,67.0,22.0,0.0,7.0,0.0,17.1,1.66,4.72
2023/06/15,31.65,31.75,31.55,31.75,682.0,21631.0,-0.1572,0.1758,203.0,-53.0,0.0,0.0,-53.0,3641.0,67.0,65.0,0.0,7.0,0.0,17.07,1.66,4.72
2023/06/16,31.75,31.75,31.5,31.55,517.0,16346.0,-0.6299,0.1333,232.0,-195.0,0.0,12.0,-183.0,3647.0,21.0,0.0,0.0,7.0,0.0,16.96,1.65,4.75
2023/06/19,31.55,31.7,31.5,31.6,193.0,6105.0,0.1585,0.0498,114.0,-73.0,0.0,2.0,-71.0,3646.0,0.0,1.0,0.0,7.0,0.0,16.99,1.65,4.75
2023/06/20,31.6,31.8,31.55,31.6,112.0,3555.0,0.0,0.0289,85.0,-47.0,0.0,-3.0,-50.0,3639.0,0.0,7.0,0.0,7.0,0.0,16.99,1.65,4.75
2023/06/21,31.6,31.8,31.6,31.75,220.0,6980.0,0.4747,0.0567,138.0,-11.0,0.0,0.0,-11.0,3631.0,0.0,8.0,0.0,7.0,0.0,7.99,1.59,6.92
2023/06/26,31.85,31.85,31.6,31.8,302.0,9592.0,0.1575,0.0779,190.0,-44.0,0.0,0.0,-44.0,3599.0,5.0,37.0,0.0,7.0,0.0,17.1,1.66,4.72
2023/06/27,31.8,31.8,31.65,31.8,176.0,5597.0,0.0,0.0454,140.0,-11.0,0.0,9.0,-2.0,3570.0,3.0,32.0,0.0,7.0,0.0,17.1,1.66,4.72
2023/06/28,31.75,31.8,31.6,31.65,287.0,9093.0,-0.4717,0.074,154.0,8.0,0.0,7.0,15.0,3506.0,4.0,68.0,0.0,7.0,0.0,17.02,1.65,4.74
2023/06/29,31.65,31.8,31.6,31.65,193.0,6136.0,0.0,0.0498,115.0,-44.0,0.0,3.0,-41.0,3507.0,1.0,0.0,0.0,7.0,0.0,17.02,1.65,4.74
2023/06/30,31.65,31.85,31.55,31.75,334.0,10613.0,0.316,0.0861,167.0,-45.0,0.0,-1.0,-46.0,3498.0,2.0,11.0,0.0,7.0,0.0,17.07,1.66,4.72
2023/07/03,31.75,31.8,31.65,31.65,259.0,8219.0,-0.315,0.0668,153.0,-53.0,0.0,5.0,-48.0,3521.0,26.0,2.0,0.0,7.0,0.0,17.02,1.65,4.74
2023/07/04,31.7,31.8,31.6,31.65,383.0,12164.0,0.0,0.0987,177.0,-16.0,0.0,-1.0,-17.0,3575.0,54.0,0.0,0.0,7.0,0.0,17.02,1.65,4.74
2023/07/05,31.65,31.7,31.6,31.65,475.0,15055.0,0.0,0.1225,189.0,63.0,0.0,-10.0,53.0,3583.0,19.0,11.0,0.0,7.0,0.0,17.02,1.65,4.74
2023/07/06,31.65,31.7,31.6,31.65,450.0,14260.0,0.0,0.116,243.0,51.0,0.0,-18.0,33.0,3582.0,0.0,1.0,0.0,7.0,0.0,17.02,1.65,4.74
2023/07/07,31.55,31.65,31.3,31.55,489.0,15438.0,-0.316,0.1261,236.0,-43.0,0.0,-5.0,-48.0,3584.0,77.0,75.0,0.0,7.0,0.0,16.96,1.65,4.75
2023/07/10,31.55,31.65,31.5,31.5,248.0,7838.0,-0.1585,0.0639,160.0,-37.0,0.0,-7.0,-44.0,3585.0,11.0,10.0,0.0,7.0,0.0,16.94,1.64,4.76
2023/07/11,31.55,31.6,31.45,31.55,200.0,6317.0,0.1587,0.0516,134.0,-37.0,0.0,0.0,-37.0,3511.0,0.0,74.0,0.0,7.0,0.0,16.96,1.65,4.75
2023/07/12,31.55,31.65,31.5,31.55,290.0,9162.0,0.0,0.0748,152.0,-24.0,0.0,0.0,-24.0,3509.0,3.0,5.0,0.0,7.0,0.0,16.96,1.65,4.75
2023/07/13,31.55,31.7,31.55,31.6,186.0,5892.0,0.1585,0.0479,142.0,-36.0,0.0,0.0,-36.0,3497.0,0.0,12.0,0.0,7.0,0.0,16.99,1.65,4.75
2023/07/14,31.65,31.75,31.6,31.6,173.0,5474.0,0.0,0.0446,90.0,31.0,0.0,1.0,32.0,3494.0,3.0,6.0,7.0,0.0,0.0,16.99,1.65,4.75
2023/07/17,31.8,31.8,31.6,31.65,181.0,5740.0,0.1582,0.0467,129.0,-1.0,0.0,-1.0,-2.0,3494.0,20.0,20.0,0.0,0.0,0.0,17.02,1.65,4.74
2023/07/18,31.65,31.7,31.4,31.6,321.0,10156.0,-0.158,0.0828,216.0,-36.0,0.0,0.0,-36.0,3546.0,68.0,16.0,0.0,0.0,0.0,16.99,1.65,4.75
2023/07/19,31.6,31.65,31.45,31.6,461.0,14568.0,0.0,0.1188,181.0,17.0,0.0,-4.0,13.0,3550.0,10.0,6.0,0.0,0.0,0.0,16.99,1.65,4.75
2023/07/20,31.6,31.7,31.55,31.55,563.0,17804.0,-0.1582,0.1451,133.0,112.0,0.0,0.0,112.0,3577.0,58.0,31.0,0.0,0.0,0.0,16.96,1.65,4.75
2023/07/21,31.55,31.6,31.45,31.6,216.0,6836.0,0.1585,0.0557,123.0,-38.0,0.0,0.0,-38.0,3578.0,7.0,6.0,0.0,0.0,0.0,16.99,1.65,4.75
2023/07/24,31.6,31.6,31.4,31.55,301.0,9508.0,-0.1582,0.0776,186.0,-97.0,0.0,0.0,-97.0,3581.0,9.0,6.0,0.0,0.0,0.0,16.96,1.65,4.75
2023/07/25,31.7,31.7,31.45,31.45,376.0,11855.0,-0.317,0.0969,165.0,-47.0,0.0,0.0,-47.0,3576.0,43.0,48.0,0.0,0.0,0.0,16.91,1.64,4.77
2023/07/26,31.45,31.55,31.45,31.45,104.0,3279.0,0.0,0.0268,91.0,-39.0,0.0,0.0,-39.0,3583.0,16.0,9.0,0.0,0.0,0.0,16.91,1.64,4.77
2023/07/27,31.5,32.5,31.5,31.65,374.0,11864.0,0.6359,0.0964,157.0,8.0,0.0,12.0,20.0,3573.0,37.0,47.0,0.0,0.0,0.0,17.02,1.65,4.74
2023/07/28,31.75,31.8,31.6,31.75,141.0,4501.0,0.316,0.0363,92.0,-17.0,0.0,0.0,-17.0,3573.0,6.0,6.0,0.0,0.0,0.0,17.07,1.66,4.72
2023/07/31,31.8,31.95,31.65,31.75,281.0,8944.0,0.0,0.0724,165.0,17.0,0.0,-1.0,16.0,3540.0,22.0,55.0,0.0,0.0,0.0,17.07,1.66,4.72
2023/08/01,31.85,31.95,31.7,31.85,224.0,7140.0,0.315,0.0577,192.0,20.0,0.0,0.0,20.0,3520.0,0.0,20.0,0.0,0.0,0.0,17.12,1.66,4.71
2023/08/02,31.9,32.25,31.85,31.85,591.0,18942.0,0.0,0.1524,304.0,-93.0,0.0,-2.0,-95.0,3479.0,49.0,90.0,0.0,0.0,0.0,17.12,1.66,4.71
2023/08/04,31.8,32.0,31.75,31.75,163.0,5196.0,-0.314,0.042,263.0,-19.0,0.0,0.0,-19.0,3444.0,22.0,57.0,0.0,0.0,0.0,17.07,1.66,4.72
2023/08/07,31.85,32.3,31.85,32.2,933.0,29912.0,1.4173,0.2405,373.0,129.0,0.0,-5.0,124.0,3459.0,85.0,70.0,0.0,0.0,0.0,17.31,1.68,4.66
2023/08/08,32.15,32.3,32.0,32.2,754.0,24268.0,0.0,0.1944,388.0,-5.0,0.0,-18.0,-23.0,3443.0,21.0,37.0,0.0,0.0,0.0,17.31,1.68,4.66
2023/08/09,32.2,32.3,32.1,32.1,429.0,13819.0,-0.3106,0.1106,213.0,-98.0,0.0,0.0,-98.0,3448.0,20.0,15.0,0.0,0.0,0.0,33.44,1.78,4.67
2023/08/10,32.25,32.25,31.95,31.95,955.0,30639.0,-0.4673,0.2462,463.0,-84.0,0.0,0.0,-84.0,3438.0,20.0,30.0,0.0,0.0,0.0,33.28,1.77,4.69
2023/08/11,32.05,32.05,31.8,31.85,480.0,15329.0,-0.313,0.1237,263.0,-105.0,0.0,2.0,-103.0,3422.0,2.0,18.0,0.0,0.0,0.0,33.18,1.76,4.71
2023/08/14,31.75,31.8,31.45,31.65,654.0,20679.0,-0.6279,0.1686,361.0,-219.0,0.0,0.0,-219.0,3392.0,10.0,40.0,0.0,1.0,1.0,32.97,1.75,4.74
2023/08/15,31.65,31.9,31.55,31.9,334.0,10623.0,0.7899,0.0861,152.0,-133.0,0.0,0.0,-133.0,3392.0,0.0,0.0,1.0,0.0,0.0,33.23,1.77,4.7
2023/08/16,31.9,31.95,31.55,31.7,1353.0,43069.0,-0.627,0.3488,217.0,-160.0,0.0,0.0,-160.0,3332.0,816.0,876.0,0.0,2.0,2.0,33.02,1.75,4.73
2023/08/17,31.95,32.35,31.75,32.1,777.0,24880.0,1.2618,0.2003,391.0,75.0,0.0,5.0,80.0,3382.0,104.0,54.0,2.0,0.0,0.0,33.44,1.78,4.67
2023/08/18,31.9,32.4,31.9,32.1,813.0,26185.0,0.0,0.2096,323.0,293.0,0.0,-1.0,292.0,3373.0,11.0,20.0,0.0,0.0,0.0,33.44,1.78,4.67
2023/08/21,32.3,32.3,32.0,32.05,630.0,20270.0,-0.1558,0.1624,324.0,97.0,0.0,3.0,100.0,3379.0,8.0,2.0,0.0,0.0,0.0,33.39,1.77,4.68
2023/08/22,32.25,32.3,31.95,32.05,929.0,29775.0,0.0,0.2395,468.0,26.0,0.0,0.0,26.0,3361.0,184.0,202.0,0.0,0.0,0.0,33.39,1.77,4.68
2023/08/23,29.75,30.5,29.65,29.95,2708.0,75334.0,1.2402,0.6641,567.0,18.0,0.0,0.0,18.0,2936.0,48.0,473.0,0.0,0.0,0.0,31.2,1.66,5.01
2023/08/24,30.4,30.4,29.95,30.0,367.0,11043.0,0.1669,0.09,200.0,-9.0,0.0,0.0,-9.0,2802.0,5.0,139.0,0.0,0.0,0.0,31.25,1.66,5.0
2023/08/25,30.05,30.05,29.7,29.75,633.0,18893.0,-0.8333,0.1552,418.0,-10.0,0.0,0.0,-10.0,2618.0,41.0,225.0,0.0,1.0,1.0,30.99,1.65,5.04
2023/08/28,29.8,29.9,29.6,29.75,674.0,20039.0,0.0,0.1653,365.0,-86.0,0.0,0.0,-86.0,2502.0,41.0,157.0,0.0,1.0,0.0,30.99,1.65,5.04
2023/08/29,29.8,29.8,29.6,29.7,394.0,11716.0,-0.1681,0.0966,217.0,42.0,0.0,0.0,42.0,2257.0,6.0,251.0,0.0,1.0,0.0,30.94,1.64,5.05
2023/08/30,29.75,29.85,29.65,29.75,525.0,15611.0,0.1684,0.1288,189.0,20.0,0.0,4.0,24.0,2166.0,12.0,103.0,0.0,1.0,0.0,30.99,1.65,5.04
2023/08/31,29.8,30.15,29.75,30.1,187.0,5624.0,1.1765,0.0459,143.0,-15.0,0.0,0.0,-15.0,2170.0,15.0,11.0,1.0,0.0,0.0,31.35,1.67,4.98
2023/09/01,30.15,31.15,30.15,30.75,409.0,12548.0,2.1595,0.1003,277.0,66.0,0.0,0.0,66.0,2201.0,52.0,21.0,0.0,0.0,0.0,32.03,1.7,4.88
2023/09/04,30.95,31.2,30.75,31.05,672.0,20843.0,0.9756,0.1648,316.0,179.0,0.0,0.0,179.0,2361.0,168.0,8.0,0.0,0.0,0.0,32.34,1.72,4.83
2023/09/05,31.05,31.4,31.05,31.1,490.0,15300.0,0.161,0.1202,341.0,68.0,0.0,0.0,68.0,2272.0,14.0,103.0,0.0,10.0,10.0,32.4,1.72,4.82
2023/09/06,31.05,31.5,31.0,31.5,517.0,16177.0,1.2862,0.1268,234.0,-122.0,0.0,-15.0,-137.0,2297.0,47.0,22.0,0.0,20.0,10.0,32.81,1.74,4.76
2023/09/07,31.5,31.5,31.05,31.2,323.0,10095.0,-0.9524,0.0792,214.0,-32.0,0.0,-26.0,-58.0,2265.0,10.0,42.0,0.0,27.0,7.0,32.5,1.73,4.81
2023/09/08,30.9,31.0,30.75,30.9,382.0,11787.0,-0.9615,0.0937,265.0,-147.0,0.0,-1.0,-148.0,2280.0,15.0,0.0,27.0,0.0,0.0,32.19,1.71,4.85
2023/09/11,31.1,31.1,30.65,30.9,249.0,7697.0,0.0,0.0611,228.0,-105.0,0.0,0.0,-105.0,2304.0,24.0,0.0,0.0,0.0,0.0,32.19,1.71,4.85
2023/09/12,31.05,31.1,30.85,30.9,119.0,3687.0,0.0,0.0292,82.0,-24.0,0.0,1.0,-23.0,2325.0,22.0,1.0,0.0,0.0,0.0,32.19,1.71,4.85
2023/09/13,30.8,31.05,30.8,31.0,110.0,3430.0,0.3236,0.027,97.0,28.0,0.0,3.0,31.0,2316.0,0.0,9.0,0.0,0.0,0.0,32.29,1.72,4.84
2023/09/14,31.0,31.2,31.0,31.1,98.0,3077.0,0.3226,0.024,78.0,16.0,0.0,0.0,16.0,2329.0,13.0,0.0,0.0,0.0,0.0,32.4,1.72,4.82
2023/09/15,31.1,31.3,31.0,31.3,388.0,12083.0,0.6431,0.0952,166.0,79.0,0.0,0.0,79.0,2327.0,8.0,7.0,0.0,0.0,0.0,32.6,1.73,4.79
2023/09/18,31.1,31.2,31.1,31.2,83.0,2615.0,-0.3195,0.0204,67.0,0.0,0.0,-2.0,-2.0,2338.0,21.0,10.0,0.0,0.0,0.0,32.5,1.73,4.81
2023/09/19,31.25,31.3,31.1,31.2,184.0,5745.0,0.0,0.0451,87.0,-20.0,0.0,-3.0,-23.0,2320.0,1.0,19.0,0.0,0.0,0.0,32.5,1.73,4.81
2023/09/20,31.2,31.4,31.2,31.4,254.0,7978.0,0.641,0.0623,120.0,95.0,0.0,0.0,95.0,2328.0,21.0,13.0,0.0,0.0,0.0,32.71,1.74,4.78
2023/09/21,31.35,31.55,31.25,31.35,216.0,6796.0,-0.1592,0.053,126.0,11.0,0.0,-5.0,6.0,2412.0,88.0,4.0,0.0,0.0,0.0,32.66,1.73,4.78
2023/09/22,31.35,31.35,31.15,31.35,362.0,11339.0,0.0,0.0888,146.0,-62.0,0.0,0.0,-62.0,2423.0,14.0,3.0,0.0,0.0,0.0,32.66,1.73,4.78
2023/09/25,31.25,31.4,31.2,31.3,139.0,4360.0,-0.1595,0.0341,170.0,6.0,0.0,0.0,6.0,2466.0,45.0,0.0,0.0,0.0,0.0,32.6,1.73,4.79
2023/09/26,31.3,31.4,31.3,31.35,162.0,5102.0,0.1597,0.0397,93.0,8.0,0.0,-11.0,-3.0,2470.0,7.0,3.0,0.0,0.0,0.0,32.66,1.73,4.78
2023/09/27,31.35,31.6,31.3,31.4,250.0,7870.0,0.1595,0.0613,119.0,18.0,0.0,0.0,18.0,2451.0,0.0,19.0,0.0,2.0,2.0,32.71,1.74,4.78
2023/09/28,31.35,31.65,31.25,31.4,623.0,19528.0,0.0,0.1528,475.0,74.0,0.0,-1.0,73.0,2485.0,35.0,1.0,2.0,0.0,0.0,32.71,1.74,4.78
2023/10/02,31.55,31.6,31.4,31.55,266.0,8385.0,0.4777,0.0652,227.0,31.0,0.0,0.0,31.0,2476.0,33.0,42.0,0.0,0.0,0.0,32.86,1.75,4.75
2023/10/03,31.55,31.75,31.55,31.75,311.0,9863.0,0.6339,0.0763,246.0,112.0,0.0,0.0,112.0,2511.0,41.0,6.0,0.0,0.0,0.0,33.07,1.76,4.72
2023/10/04,31.75,32.25,31.6,31.75,920.0,29349.0,0.0,0.2256,606.0,145.0,0.0,-2.0,143.0,2473.0,29.0,67.0,0.0,0.0,0.0,33.07,1.76,4.72
2023/10/05,31.9,31.9,31.7,31.75,200.0,6370.0,0.0,0.0491,208.0,-6.0,0.0,0.0,-6.0,2529.0,56.0,0.0,0.0,0.0,0.0,33.07,1.76,4.72
2023/10/06,31.75,32.05,31.7,31.95,684.0,21851.0,0.6299,0.1678,428.0,24.0,0.0,0.0,24.0,2564.0,43.0,6.0,0.0,0.0,0.0,33.28,1.77,4.69
2023/10/11,31.95,32.0,31.65,31.8,699.0,22244.0,-0.4695,0.1714,357.0,282.0,0.0,0.0,282.0,2359.0,22.0,227.0,0.0,0.0,0.0,33.13,1.76,4.72
2023/10/12,31.8,31.9,31.7,31.9,517.0,16440.0,0.3145,0.1268,376.0,108.0,0.0,0.0,108.0,2361.0,6.0,4.0,0.0,0.0,0.0,33.23,1.77,4.7
2023/10/13,31.8,31.95,31.7,31.9,344.0,10981.0,0.0,0.0844,198.0,1.0,0.0,0.0,1.0,2398.0,50.0,13.0,0.0,0.0,0.0,33.23,1.77,4.7
2023/10/16,31.7,31.95,31.7,31.85,224.0,7159.0,-0.1567,0.0549,148.0,36.0,0.0,0.0,36.0,2372.0,28.0,54.0,0.0,0.0,0.0,33.18,1.76,4.71
2023/10/17,31.9,31.95,31.7,31.9,270.0,8602.0,0.157,0.0662,315.0,-62.0,0.0,0.0,-62.0,2305.0,6.0,73.0,0.0,0.0,0.0,33.23,1.77,4.7
2023/10/18,31.8,32.1,31.75,32.1,1027.0,32822.0,0.627,0.2519,400.0,351.0,0.0,2.0,353.0,2287.0,29.0,47.0,0.0,0.0,0.0,33.44,1.78,4.67
2023/10/19,32.05,32.05,31.8,31.95,306.0,9760.0,-0.4673,0.075,179.0,-90.0,0.0,0.0,-90.0,2225.0,20.0,82.0,0.0,0.0,0.0,33.28,1.77,4.69
2023/10/20,31.9,31.9,31.6,31.75,337.0,10704.0,-0.626,0.0827,210.0,-121.0,0.0,0.0,-121.0,2232.0,8.0,1.0,0.0,0.0,0.0,33.07,1.76,4.72
2023/10/23,31.75,31.8,31.7,31.75,432.0,13721.0,0.0,0.1059,126.0,-31.0,0.0,0.0,-31.0,2209.0,0.0,23.0,0.0,0.0,0.0,33.07,1.76,4.72
2023/10/24,31.75,31.75,31.65,31.7,385.0,12222.0,-0.1575,0.0944,136.0,-76.0,0.0,0.0,-76.0,2219.0,11.0,1.0,0.0,0.0,0.0,33.02,1.75,4.73
2023/10/25,31.7,32.0,31.65,31.9,205.0,6515.0,0.6309,0.0503,100.0,33.0,0.0,0.0,33.0,2249.0,35.0,5.0,0.0,0.0,0.0,33.23,1.77,4.7
2023/10/26,31.85,31.85,31.65,31.75,283.0,9002.0,-0.4702,0.0694,252.0,-47.0,0.0,0.0,-47.0,2249.0,2.0,2.0,0.0,0.0,0.0,33.07,1.76,4.72
2023/10/27,31.75,31.8,31.7,31.75,213.0,6791.0,0.0,0.0522,103.0,-40.0,0.0,0.0,-40.0,2252.0,4.0,1.0,0.0,0.0,0.0,33.07,1.76,4.72
