年月日,開盤價(元),最高價(元),最低價(元),收盤價(元),成交量(千股),成交值(千元),報酬率％,週轉率％,成交筆數(筆),外資買賣超(千股),投信買賣超(千股),自營買賣超(千股),合計買賣超(千股),融資餘額(張),融資買進(張),融資賣出(張),融券買進(張),融券餘額(張),融券賣出(張),本益比-TSE,股價淨值比-TSE,股利殖利率-TSE
2005/04/28,113.0,113.0,113.0,113.0,1.0,113.0,6.6038,0.0026,1.0,0.0,0.0,-1.0,-1.0,,,,,,,11.29,3.77,1.77
2005/04/29,120.5,120.5,120.5,120.5,1.0,120.0,6.6372,0.0026,1.0,0.0,0.0,0.0,0.0,,,,,,,12.04,4.02,1.66
2005/05/03,128.5,128.5,128.5,128.5,4.0,514.0,6.639,0.0103,2.0,0.0,0.0,0.0,0.0,,,,,,,12.84,4.28,1.56
2005/05/04,137.0,137.0,137.0,137.0,2.0,274.0,6.6148,0.0052,2.0,0.0,0.0,0.0,0.0,,,,,,,13.69,4.57,1.46
2005/05/05,146.5,146.5,146.5,146.5,6.0,879.0,6.9343,0.0155,6.0,0.0,0.0,0.0,0.0,,,,,,,14.64,4.88,1.37
2005/05/06,156.5,156.5,152.0,156.5,2090.0,325318.0,6.8259,5.3922,1476.0,0.0,0.0,179.0,179.0,,,,,,,15.63,5.22,1.28
2005/05/09,156.0,157.0,150.0,154.5,606.0,93442.0,-1.278,1.5635,401.0,0.0,0.0,69.0,69.0,,,,,,,15.43,5.15,1.29
2005/05/10,155.0,156.0,144.0,145.0,813.0,120390.0,-6.1489,2.0975,452.0,0.0,0.0,76.0,76.0,,,,,,,14.49,4.83,1.38
2005/05/11,145.0,154.5,145.0,151.0,672.0,101234.0,4.1379,1.7337,421.0,41.0,0.0,-6.0,35.0,,,,,,,11.49,5.04,1.32
2005/05/12,151.0,152.0,147.5,148.0,266.0,39780.0,-1.9868,0.6863,158.0,0.0,0.0,19.0,19.0,,,,,,,11.26,4.93,1.35
2005/05/13,148.0,151.0,148.0,150.5,464.0,69636.0,1.6892,1.1971,234.0,49.0,0.0,-10.0,39.0,,,,,,,11.45,5.02,1.33
2005/05/16,151.0,153.0,149.5,149.5,134.0,20200.0,-0.6645,0.3457,77.0,0.0,0.0,-9.0,-9.0,,,,,,,11.38,4.98,1.34
2005/05/17,150.0,151.0,149.0,149.0,232.0,34775.0,-0.3344,0.5986,135.0,0.0,0.0,0.0,0.0,,,,,,,11.34,4.97,1.34
2005/05/18,150.0,156.0,149.0,154.0,550.0,84091.0,3.3557,1.419,267.0,0.0,1.0,-24.0,-23.0,,,,,,,11.72,5.14,1.3
2005/05/19,155.0,155.5,153.0,155.0,326.0,50261.0,0.6494,0.8411,216.0,0.0,100.0,-10.0,90.0,,,,,,,11.8,5.17,1.29
2005/05/20,155.5,160.0,155.5,156.5,382.0,60362.0,0.9677,0.9856,242.0,0.0,0.0,-24.0,-24.0,,,,,,,11.91,5.22,1.28
2005/05/23,156.5,157.0,150.0,152.5,198.0,30235.0,-2.5559,0.5108,128.0,0.0,22.0,-6.0,16.0,,,,,,,11.61,5.09,1.31
2005/05/24,152.5,154.5,152.5,153.0,100.0,15320.0,0.3279,0.258,83.0,0.0,0.0,0.0,0.0,,,,,,,11.64,5.1,1.31
2005/05/25,154.5,155.0,151.5,152.0,119.0,18198.0,-0.6536,0.307,91.0,0.0,0.0,0.0,0.0,,,,,,,11.57,5.07,1.32
2005/05/26,152.5,154.5,152.5,153.5,98.0,15059.0,0.9868,0.2528,55.0,0.0,0.0,-1.0,-1.0,,,,,,,11.68,5.12,1.3
2005/05/27,153.5,154.0,152.5,152.5,102.0,15619.0,-0.6515,0.2632,83.0,0.0,0.0,0.0,0.0,,,,,,,11.61,5.09,1.31
2005/05/30,153.0,156.0,153.0,155.0,412.0,63749.0,1.6393,1.063,193.0,0.0,20.0,0.0,20.0,,,,,,,11.8,5.17,1.29
2005/05/31,155.0,156.5,153.5,154.0,309.0,47905.0,-0.6452,0.7972,135.0,0.0,0.0,-38.0,-38.0,,,,,,,11.72,5.14,1.3
2005/06/01,154.0,158.0,154.0,155.0,352.0,54898.0,0.6494,0.9082,162.0,0.0,0.0,-42.0,-42.0,,,,,,,11.8,5.17,1.29
2005/06/02,155.0,157.0,153.5,155.0,344.0,53518.0,0.0,0.8875,157.0,0.0,0.0,0.0,0.0,,,,,,,11.8,5.17,1.29
2005/06/03,155.5,159.5,154.5,157.5,392.0,61539.0,1.6129,1.0114,188.0,2.0,0.0,0.0,2.0,,,,,,,11.99,5.25,1.27
2005/06/06,157.5,158.5,155.5,155.5,209.0,32750.0,-1.2698,0.5392,99.0,0.0,30.0,0.0,30.0,,,,,,,11.83,5.19,1.29
2005/06/07,155.5,157.0,154.5,156.0,265.0,41279.0,0.3215,0.6837,127.0,0.0,0.0,0.0,0.0,,,,,,,11.87,5.2,1.28
2005/06/08,156.0,158.5,156.0,156.5,255.0,40033.0,0.3205,0.6579,112.0,0.0,0.0,0.0,0.0,,,,,,,11.91,5.22,1.28
2005/06/09,156.5,157.5,154.0,154.5,234.0,36259.0,-1.278,0.6037,124.0,0.0,0.0,-90.0,-90.0,,,,,,,11.76,5.15,1.29
2005/06/10,154.5,159.5,154.5,159.5,406.0,64398.0,3.2362,1.0475,218.0,25.0,0.0,0.0,25.0,,,,,,,12.14,5.32,1.25
2005/06/13,159.5,160.0,156.5,159.0,242.0,38226.0,-0.3135,0.6244,139.0,0.0,0.0,0.0,0.0,,,,,,,12.1,5.3,1.26
2005/06/14,161.0,170.0,160.5,170.0,1001.0,169363.0,6.9182,2.5826,312.0,55.0,62.0,183.0,300.0,,,,,,,12.94,5.67,1.18
2005/06/15,173.0,181.5,173.0,181.5,935.0,167685.0,6.7647,2.4123,374.0,52.0,0.0,-28.0,24.0,,,,,,,13.81,6.05,1.1
2005/06/16,186.0,194.0,183.0,188.0,936.0,177799.0,3.5813,2.4149,521.0,100.0,0.0,-155.0,-55.0,,,,,,,14.31,6.27,1.06
2005/06/17,191.0,193.5,187.0,190.0,636.0,120984.0,1.0638,1.6409,359.0,100.0,0.0,28.0,128.0,,,,,,,14.46,6.34,1.05
2005/06/20,190.5,191.5,186.0,189.0,302.0,56764.0,-0.5263,0.7792,215.0,-13.0,0.0,61.0,48.0,,,,,,,14.38,6.3,1.06
2005/06/21,189.0,189.0,185.0,185.0,267.0,49666.0,-2.1164,0.6889,178.0,-77.0,0.0,42.0,-35.0,,,,,,,14.08,6.17,1.08
2005/06/22,185.0,187.5,185.0,186.0,160.0,29767.0,0.5405,0.4128,114.0,0.0,0.0,0.0,0.0,,,,,,,14.16,6.2,1.08
2005/06/23,186.0,196.5,186.0,188.5,498.0,95713.0,1.3441,1.2848,325.0,100.0,0.0,-131.0,-31.0,,,,,,,14.35,6.29,1.06
2005/06/24,188.5,191.5,188.5,190.0,95.0,18036.0,0.7958,0.2451,81.0,0.0,0.0,0.0,0.0,,,,,,,14.46,6.34,1.05
2005/06/27,189.0,189.5,187.5,188.0,106.0,19977.0,-1.0526,0.2735,92.0,0.0,0.0,0.0,0.0,,,,,,,14.31,6.27,1.06
2005/06/28,188.0,193.5,188.0,192.0,327.0,62739.0,2.1277,0.8437,216.0,129.0,0.0,-35.0,94.0,,,,,,,14.61,6.4,1.04
2005/06/29,195.5,205.0,195.5,205.0,1071.0,218253.0,6.7708,2.7632,352.0,-200.0,50.0,-41.0,-191.0,,,,,,,15.6,6.84,0.98
2005/06/30,212.0,219.0,206.0,219.0,1092.0,233766.0,6.8293,2.8173,636.0,110.0,0.0,0.0,110.0,,,,,,,16.67,7.3,0.91
2005/07/01,223.0,223.0,213.0,220.0,734.0,159840.0,0.4566,1.8937,518.0,99.0,0.0,-49.0,50.0,,,,,,,16.74,7.34,0.91
2005/07/04,218.0,235.0,215.0,231.0,731.0,166099.0,5.0,1.886,473.0,69.0,0.0,0.0,69.0,,,,,,,17.58,7.7,0.87
2005/07/05,230.0,247.0,227.0,244.0,471.0,111771.0,5.6277,1.2152,389.0,0.0,-23.0,0.0,-23.0,,,,,,,18.57,8.14,0.82
2005/07/06,244.0,260.0,232.0,237.0,976.0,241915.0,-2.8689,2.5181,781.0,0.0,-33.0,-2.0,-35.0,,,,,,,18.04,7.9,0.84
2005/07/07,232.0,243.0,232.0,235.0,590.0,139952.0,-0.8439,1.5222,441.0,-124.0,0.0,-6.0,-130.0,,,,,,,17.88,7.84,0.85
2005/07/08,235.0,238.5,221.5,224.0,577.0,132754.0,-4.6809,1.4886,478.0,4.0,0.0,-2.0,2.0,,,,,,,17.05,7.47,0.89
2005/07/11,225.0,239.0,219.0,238.5,627.0,144151.0,6.4732,1.6176,514.0,36.0,40.0,0.0,76.0,,,,,,,18.15,7.95,0.84
2005/07/12,237.5,240.0,232.0,232.0,405.0,95412.0,-2.7254,1.0449,353.0,20.0,0.0,0.0,20.0,,,,,,,17.66,7.74,0.86
2005/07/13,234.5,237.0,230.0,231.0,376.0,88051.0,-0.431,0.9701,293.0,0.0,2.0,10.0,12.0,,,,,,,17.58,7.7,0.87
2005/07/14,236.0,247.0,230.0,244.5,953.0,229646.0,5.8442,2.4587,658.0,0.0,0.0,-3.0,-3.0,,,,,,,18.61,8.15,0.82
2005/07/15,244.5,254.0,242.0,247.0,616.0,153359.0,1.0225,1.5893,472.0,1.0,201.0,0.0,202.0,,,,,,,18.8,8.24,0.81
2005/07/19,248.0,262.0,248.0,262.0,655.0,168482.0,6.0729,1.6899,466.0,0.0,0.0,-7.0,-7.0,,,,,,,19.94,8.74,0.76
2005/07/20,261.5,265.5,253.0,256.0,480.0,124228.0,-2.2901,1.2384,398.0,0.0,0.0,54.0,54.0,,,,,,,19.48,8.54,0.78
2005/07/21,256.0,262.5,254.0,255.0,401.0,103461.0,-0.3906,1.0346,318.0,0.0,0.0,-54.0,-54.0,,,,,,,19.41,8.5,0.78
2005/07/22,255.0,259.0,239.0,243.0,509.0,126433.0,-4.7059,1.3132,400.0,0.0,0.0,0.0,0.0,,,,,,,18.49,8.1,0.82
2005/07/25,245.0,255.0,240.5,251.0,469.0,115822.0,3.2922,1.21,355.0,-50.0,10.0,5.0,-35.0,,,,,,,19.1,8.37,0.8
2005/07/26,254.0,259.0,250.0,254.0,582.0,148261.0,1.1952,1.5015,432.0,-33.0,54.0,3.0,24.0,,,,,,,19.33,8.47,0.79
2005/07/27,255.0,259.0,252.0,257.0,540.0,138306.0,1.1811,1.3932,378.0,0.0,51.0,6.0,57.0,,,,,,,19.56,8.57,0.78
2005/07/28,261.0,274.5,260.0,274.5,1116.0,301279.0,6.8093,2.8793,623.0,-209.0,0.0,15.0,-194.0,,,,,,,20.89,9.15,0.73
2005/07/29,277.5,278.5,255.5,258.0,1581.0,418897.0,-6.0109,4.0789,1067.0,266.0,-10.0,153.0,409.0,,,,,,,19.63,8.6,0.78
2005/08/01,190.5,190.5,188.0,190.5,1018.0,193654.0,4.7287,1.8366,508.0,2.0,0.0,-161.0,-159.0,,,,,,,14.5,6.35,1.05
2005/08/02,195.0,203.5,192.5,194.0,1410.0,278286.0,1.8373,2.5438,978.0,0.0,0.0,-16.0,-16.0,,,,,,,14.76,6.47,1.03
2005/08/03,200.5,204.5,196.0,203.0,527.0,105796.0,4.6392,0.9508,401.0,1.0,0.0,-5.0,-4.0,,,,,,,15.45,6.77,0.99
2005/08/04,203.0,210.0,200.0,206.0,480.0,98275.0,1.4778,0.866,395.0,0.0,0.0,0.0,0.0,,,,,,,15.68,6.87,0.97
2005/08/08,202.0,203.0,195.0,195.5,695.0,137557.0,-5.0971,1.2539,518.0,-48.0,0.0,10.0,-38.0,,,,,,,14.88,6.52,1.02
2005/08/09,193.0,199.0,193.0,196.5,476.0,93346.0,0.5115,0.8588,315.0,-12.0,0.0,0.0,-12.0,,,,,,,14.95,6.55,1.02
2005/08/10,199.0,201.0,191.5,191.5,467.0,90646.0,-2.5445,0.8425,360.0,50.0,0.0,25.0,75.0,,,,,,,14.57,6.39,1.04
2005/08/11,192.0,196.0,183.0,190.0,473.0,90026.0,-0.7833,0.8534,382.0,37.0,20.0,-20.0,37.0,,,,,,,14.46,6.34,1.05
2005/08/12,192.0,193.0,185.0,188.0,239.0,45015.0,-1.0526,0.4312,209.0,29.0,2.0,0.0,31.0,,,,,,,14.31,6.27,1.06
2005/08/15,188.0,190.0,183.0,183.5,170.0,31553.0,-2.3936,0.3067,145.0,0.0,0.0,0.0,0.0,,,,,,,13.96,6.12,1.09
2005/08/16,184.0,186.0,177.0,184.0,369.0,67444.0,0.2725,0.6657,266.0,-54.0,0.0,-1.0,-55.0,,,,,,,14.0,6.14,1.09
2005/08/17,184.0,185.5,180.0,180.0,372.0,67862.0,-2.1739,0.6711,317.0,-58.0,2.0,0.0,-56.0,,,,,,,13.7,6.0,1.11
2005/08/18,184.0,192.0,183.0,188.0,521.0,97293.0,4.4444,0.94,431.0,109.0,0.0,-4.0,105.0,,,,,,,14.31,6.27,1.06
2005/08/19,188.0,189.5,184.0,186.5,233.0,43575.0,-0.7979,0.4204,186.0,0.0,0.0,-6.0,-6.0,,,,,,,14.19,6.22,1.07
2005/08/22,188.0,193.5,188.0,191.5,307.0,58566.0,2.681,0.5539,232.0,0.0,0.0,-4.0,-4.0,,,,,,,14.57,6.39,1.04
2005/08/23,191.5,194.0,187.0,187.0,200.0,38128.0,-2.3499,0.3608,154.0,0.0,0.0,0.0,0.0,,,,,,,14.23,6.24,1.07
2005/08/24,174.0,187.0,174.0,180.0,258.0,46345.0,-3.7433,0.4655,201.0,0.0,0.0,0.0,0.0,,,,,,,13.7,6.0,1.11
2005/08/25,180.0,185.0,180.0,183.0,134.0,24413.0,1.6667,0.2418,116.0,0.0,-1.0,0.0,-1.0,,,,,,,13.93,6.1,1.09
2005/08/26,183.5,185.0,180.0,182.0,119.0,21671.0,-0.5464,0.2147,94.0,0.0,0.0,0.0,0.0,,,,,,,13.85,6.07,1.1
2005/08/29,183.0,184.5,181.0,182.5,72.0,13159.0,0.2747,0.1299,69.0,22.0,0.0,0.0,22.0,,,,,,,13.89,6.09,1.1
2005/08/30,183.0,185.0,180.0,182.0,167.0,30432.0,-0.274,0.3013,147.0,61.0,0.0,0.0,61.0,,,,,,,13.85,6.07,1.1
2005/08/31,183.0,184.5,181.0,181.0,189.0,34551.0,-0.5495,0.341,156.0,54.0,0.0,0.0,54.0,,,,,,,13.77,6.04,4.14
2005/09/02,183.5,188.0,183.5,185.5,234.0,43339.0,2.4862,0.4222,190.0,50.0,0.0,0.0,50.0,,,,,,,14.12,6.19,4.04
2005/09/05,186.5,187.5,179.0,183.0,237.0,43502.0,-1.3477,0.4276,188.0,0.0,0.0,0.0,0.0,,,,,,,13.93,6.1,4.1
2005/09/06,184.0,185.0,180.0,183.0,200.0,36609.0,0.0,0.3608,153.0,0.0,-6.0,0.0,-6.0,,,,,,,13.93,6.1,4.1
2005/09/07,183.5,186.0,183.0,184.0,219.0,40340.0,0.5464,0.3951,167.0,27.0,-1.0,0.0,26.0,,,,,,,14.0,6.14,4.08
2005/09/08,184.5,184.5,180.0,181.0,269.0,48746.0,-1.6304,0.4853,185.0,0.0,-33.0,0.0,-33.0,,,,,,,13.77,6.04,4.14
2005/09/09,182.0,182.0,176.5,177.5,389.0,69542.0,-1.9337,0.7018,249.0,2.0,0.0,0.0,2.0,,,,,,,13.51,5.92,4.23
2005/09/12,179.0,180.0,177.5,179.5,285.0,50973.0,1.1268,0.5142,197.0,2.0,20.0,0.0,22.0,,,,,,,13.66,5.99,4.18
2005/09/13,182.0,182.0,178.0,180.0,329.0,59152.0,0.2786,0.5936,188.0,79.0,60.0,0.0,139.0,,,,,,,13.7,6.0,4.17
2005/09/14,181.0,181.0,179.0,179.5,182.0,32698.0,-0.2778,0.3284,112.0,0.0,50.0,0.0,50.0,,,,,,,13.66,5.99,4.18
2005/09/15,181.0,181.5,177.5,178.5,173.0,31060.0,-0.5571,0.3121,117.0,0.0,0.0,0.0,0.0,,,,,,,15.73,6.38,4.2
2005/09/16,179.5,180.5,176.0,178.0,156.0,27801.0,-0.2801,0.2814,106.0,0.0,0.0,0.0,0.0,,,,,,,15.68,6.36,4.21
2005/09/19,179.5,179.5,175.0,176.0,110.0,19542.0,-1.1236,0.1985,74.0,0.0,0.0,0.0,0.0,,,,,,,15.51,6.29,4.26
2005/09/20,177.0,177.0,173.0,175.0,296.0,51503.0,-0.5682,0.534,210.0,0.0,-5.0,0.0,-5.0,,,,,,,15.42,6.25,4.29
2005/09/21,175.5,177.0,174.5,175.0,230.0,40374.0,0.0,0.415,157.0,0.0,0.0,0.0,0.0,,,,,,,15.42,6.25,4.29
2005/09/22,170.0,170.0,163.0,165.0,1277.0,210731.0,-5.7143,2.3039,614.0,-23.0,0.0,-60.0,-83.0,,,,,,,14.54,5.9,4.55
2005/09/23,167.0,167.0,153.5,153.5,612.0,97945.0,-6.9697,1.1041,467.0,0.0,-64.0,-12.0,-76.0,,,,,,,13.52,5.49,4.89
2005/09/26,154.5,154.5,143.0,143.0,580.0,84503.0,-6.8404,1.0464,426.0,-4.0,-20.0,4.0,-20.0,,,,,,,12.6,5.11,5.24
2005/09/27,143.0,143.5,134.0,142.0,615.0,86109.0,-0.6993,1.1095,413.0,0.0,-88.0,97.0,9.0,,,,,,,12.51,5.08,5.28
2005/09/28,142.0,151.5,140.0,151.5,556.0,82109.0,6.6901,1.0031,421.0,46.0,-37.0,8.0,17.0,,,,,,,13.35,5.41,4.95
2005/09/29,156.0,162.0,154.0,162.0,475.0,75630.0,6.9307,0.857,349.0,196.0,0.0,46.0,242.0,,,,,,,14.27,5.79,4.63
2005/09/30,173.0,173.0,166.0,170.0,758.0,129357.0,4.9383,1.3675,534.0,0.0,199.0,-25.0,174.0,,,,,,,14.98,6.08,4.41
2005/10/03,170.0,170.0,163.5,169.5,344.0,57591.0,-0.2941,0.6206,281.0,7.0,0.0,0.0,7.0,,,,,,,14.93,6.06,4.42
2005/10/04,171.0,174.5,169.0,169.5,340.0,58346.0,0.0,0.6134,267.0,40.0,0.0,-10.0,30.0,,,,,,,14.93,6.06,4.42
2005/10/05,172.0,173.0,170.5,172.0,381.0,65475.0,1.4749,0.6874,293.0,100.0,40.0,-20.0,120.0,,,,,,,15.15,6.15,4.36
2005/10/06,171.0,172.0,167.0,169.0,221.0,37424.0,-1.7442,0.3987,182.0,0.0,0.0,0.0,0.0,,,,,,,14.89,6.04,4.44
2005/10/07,169.0,170.0,166.0,168.5,225.0,37823.0,-0.2959,0.4059,170.0,57.0,21.0,0.0,78.0,,,,,,,14.85,6.02,4.45
2005/10/11,169.5,171.5,169.5,170.5,445.0,75783.0,1.1869,0.8028,269.0,336.0,0.0,-101.0,235.0,,,,,,,15.02,6.09,4.4
2005/10/12,173.0,178.0,172.0,173.5,372.0,65094.0,1.7595,0.6711,261.0,0.0,0.0,73.0,73.0,,,,,,,15.29,6.2,4.32
2005/10/13,174.0,175.0,165.0,167.0,388.0,65601.0,-3.7464,0.7,316.0,32.0,0.0,-72.0,-40.0,,,,,,,14.71,5.97,4.49
2005/10/14,169.5,170.5,165.0,168.5,189.0,31891.0,0.8982,0.341,138.0,-34.0,49.0,-1.0,14.0,,,,,,,14.85,6.02,4.45
2005/10/17,168.5,169.5,159.0,161.5,317.0,51713.0,-4.1543,0.5719,212.0,29.0,45.0,0.0,74.0,,,,,,,14.23,5.77,4.64
2005/10/18,161.5,166.0,161.5,165.0,170.0,27827.0,2.1672,0.3067,151.0,-24.0,40.0,0.0,16.0,,,,,,,14.54,5.9,4.55
2005/10/19,164.5,164.5,159.0,160.0,177.0,28574.0,-3.0303,0.3193,118.0,48.0,35.0,0.0,83.0,,,,,,,14.1,5.72,4.69
2005/10/20,161.0,164.0,159.0,162.0,148.0,23920.0,1.25,0.267,115.0,11.0,10.0,0.0,21.0,,,,,,,14.27,5.79,4.63
2005/10/21,160.0,161.5,159.0,159.5,101.0,16183.0,-1.5432,0.1822,82.0,0.0,3.0,0.0,3.0,,,,,,,14.05,5.7,4.7
2005/10/24,161.0,162.0,159.0,160.0,125.0,20101.0,0.3135,0.2255,93.0,7.0,12.0,0.0,19.0,,,,,,,14.1,5.72,4.69
2005/10/25,162.0,162.5,157.5,159.0,72.0,11525.0,-0.625,0.1299,62.0,-16.0,0.0,0.0,-16.0,,,,,,,14.01,5.68,4.72
2005/10/26,159.0,159.0,149.0,153.0,199.0,30497.0,-3.7736,0.359,159.0,-25.0,75.0,0.0,50.0,,,,,,,13.48,5.47,4.9
2005/10/27,152.0,152.0,144.0,144.0,206.0,30245.0,-5.8824,0.3717,179.0,-40.0,0.0,0.0,-40.0,,,,,,,12.69,5.15,5.21
2005/10/28,142.5,147.0,142.5,146.0,133.0,19264.0,1.3889,0.24,101.0,0.0,0.0,-15.0,-15.0,,,,,,,12.86,5.22,5.14
2005/10/31,147.5,152.5,146.0,152.0,142.0,21345.0,4.1096,0.2562,120.0,1.0,0.0,0.0,1.0,,,,,,,13.39,5.43,4.93
2005/11/01,152.0,155.0,150.0,152.0,133.0,20430.0,0.0,0.24,109.0,0.0,0.0,0.0,0.0,0.0,0.0,0.0,0.0,0.0,0.0,13.39,5.43,4.93
2005/11/02,154.0,162.5,154.0,162.5,470.0,75438.0,6.9079,0.8479,310.0,3.0,10.0,118.0,131.0,111.0,111.0,0.0,0.0,0.0,0.0,14.32,5.81,4.62
2005/11/03,166.0,166.0,158.0,158.0,351.0,56763.0,-2.7692,0.6333,240.0,0.0,70.0,20.0,90.0,157.0,98.0,52.0,0.0,0.0,0.0,13.92,5.65,4.75
2005/11/04,160.0,163.5,159.0,159.0,171.0,27648.0,0.6329,0.3085,146.0,-52.0,0.0,44.0,-8.0,175.0,37.0,19.0,0.0,0.0,0.0,11.92,7.18,4.72
2005/11/07,158.0,160.0,155.5,157.0,116.0,18395.0,-1.2579,0.2093,91.0,-2.0,0.0,11.0,9.0,168.0,16.0,23.0,0.0,0.0,0.0,11.77,7.09,4.78
2005/11/08,156.0,159.0,155.0,158.0,107.0,16804.0,0.6369,0.193,81.0,-11.0,0.0,-6.0,-17.0,167.0,9.0,9.0,0.0,0.0,0.0,11.84,7.14,4.75
2005/11/09,158.5,161.5,158.5,161.0,197.0,31650.0,1.8987,0.3554,144.0,0.0,0.0,-15.0,-15.0,202.0,46.0,11.0,0.0,0.0,0.0,12.07,7.28,4.66
2005/11/10,158.0,162.5,156.0,158.5,160.0,25551.0,-1.5528,0.2887,123.0,0.0,-50.0,-1.0,-51.0,203.0,16.0,15.0,0.0,0.0,0.0,11.88,7.16,4.73
2005/11/11,160.0,162.0,158.0,160.5,378.0,60610.0,1.2618,0.682,234.0,0.0,-50.0,-31.0,-81.0,278.0,86.0,11.0,0.0,1.0,1.0,12.03,7.25,4.67
2005/11/14,162.0,163.0,160.5,161.5,307.0,49703.0,0.6231,0.5539,208.0,0.0,-50.0,-26.0,-76.0,295.0,74.0,57.0,1.0,0.0,0.0,12.11,7.3,4.64
2005/11/15,162.0,162.0,156.5,156.5,155.0,24523.0,-3.096,0.2796,131.0,0.0,-55.0,18.0,-37.0,298.0,27.0,24.0,0.0,0.0,0.0,11.73,7.07,4.79
2005/11/16,154.0,158.5,154.0,157.5,164.0,25893.0,0.639,0.2959,116.0,0.0,16.0,6.0,22.0,274.0,27.0,51.0,0.0,0.0,0.0,11.81,7.12,4.76
2005/11/17,156.0,158.5,155.0,158.0,126.0,19863.0,0.3175,0.2273,103.0,0.0,0.0,-4.0,-4.0,266.0,21.0,29.0,0.0,0.0,0.0,11.84,7.14,4.75
2005/11/18,159.0,165.0,159.0,162.0,503.0,81781.0,2.5316,0.9075,363.0,0.0,0.0,-8.0,-8.0,326.0,118.0,58.0,0.0,0.0,0.0,12.14,7.32,4.63
2005/11/21,164.0,168.5,164.0,168.0,730.0,121720.0,3.7037,1.317,473.0,28.0,154.0,-59.0,123.0,423.0,165.0,68.0,0.0,0.0,0.0,12.59,7.59,4.46
2005/11/22,168.0,172.5,168.0,171.0,705.0,120476.0,1.7857,1.2719,495.0,-1.0,186.0,-59.0,126.0,548.0,229.0,104.0,0.0,0.0,0.0,12.82,7.73,4.39
2005/11/23,174.0,174.0,165.5,169.5,407.0,68837.0,-0.8772,0.7343,328.0,0.0,-34.0,-17.0,-51.0,591.0,165.0,122.0,0.0,0.0,0.0,12.71,7.66,4.42
2005/11/24,169.5,172.0,169.0,171.0,511.0,87167.0,0.885,0.9219,324.0,0.0,300.0,-10.0,290.0,481.0,65.0,175.0,0.0,0.0,0.0,12.82,7.73,4.39
2005/11/25,172.5,177.0,172.5,176.0,510.0,89501.0,2.924,0.9201,387.0,0.0,0.0,56.0,56.0,566.0,176.0,91.0,0.0,0.0,0.0,13.19,7.95,4.26
2005/11/28,177.0,182.0,177.0,179.5,593.0,106242.0,1.9886,1.0699,386.0,0.0,121.0,-24.0,97.0,554.0,140.0,152.0,0.0,0.0,0.0,13.46,8.11,4.18
2005/11/29,178.5,181.5,177.5,179.5,279.0,50006.0,0.0,0.5034,223.0,0.0,103.0,8.0,111.0,486.0,34.0,102.0,0.0,0.0,0.0,13.46,8.11,4.18
2005/11/30,179.5,180.5,172.0,176.0,339.0,60057.0,-1.9499,0.6116,271.0,0.0,0.0,4.0,4.0,509.0,78.0,55.0,0.0,0.0,0.0,13.19,7.95,4.26
2005/12/01,174.5,176.0,170.5,170.5,268.0,46518.0,-3.125,0.4835,206.0,-18.0,0.0,0.0,-18.0,507.0,54.0,56.0,0.0,0.0,0.0,12.78,7.7,4.4
2005/12/02,174.5,175.0,171.0,171.5,384.0,66368.0,0.5865,0.6928,229.0,0.0,86.0,0.0,86.0,463.0,54.0,98.0,0.0,0.0,0.0,12.86,7.75,4.37
2005/12/05,172.5,177.0,172.5,175.5,270.0,47235.0,2.3324,0.4871,193.0,0.0,0.0,-10.0,-10.0,515.0,103.0,51.0,0.0,1.0,1.0,13.16,7.93,4.27
2005/12/06,175.0,177.0,170.0,173.0,201.0,35083.0,-1.4245,0.3626,159.0,0.0,0.0,15.0,15.0,450.0,37.0,102.0,1.0,0.0,0.0,12.97,7.82,4.34
2005/12/07,176.5,177.5,172.5,174.0,304.0,53387.0,0.578,0.5485,198.0,0.0,0.0,-25.0,-25.0,449.0,50.0,51.0,0.0,0.0,0.0,13.04,7.86,4.31
2005/12/08,174.0,176.0,172.0,173.5,185.0,32120.0,-0.2874,0.3338,122.0,0.0,0.0,0.0,0.0,458.0,49.0,40.0,0.0,0.0,0.0,13.01,7.84,4.32
2005/12/09,173.0,174.0,170.0,173.5,294.0,50573.0,0.0,0.5304,196.0,56.0,0.0,-25.0,31.0,452.0,75.0,81.0,0.0,0.0,0.0,13.01,7.84,4.32
2005/12/12,174.5,174.5,172.0,174.0,210.0,36365.0,0.2882,0.3789,162.0,24.0,0.0,-45.0,-21.0,518.0,98.0,32.0,0.0,0.0,0.0,13.04,7.86,4.31
2005/12/13,174.5,183.0,174.0,178.0,590.0,106032.0,2.2989,1.0644,454.0,0.0,0.0,4.0,4.0,569.0,201.0,150.0,0.0,0.0,0.0,13.34,8.04,4.21
2005/12/14,179.5,180.0,175.0,175.0,184.0,32628.0,-1.6854,0.332,166.0,0.0,0.0,-2.0,-2.0,560.0,55.0,64.0,0.0,0.0,0.0,13.12,7.91,4.29
2005/12/15,176.5,176.5,172.5,174.0,226.0,39527.0,-0.5714,0.4077,193.0,0.0,0.0,8.0,8.0,579.0,62.0,43.0,0.0,1.0,1.0,13.04,7.86,4.31
2005/12/16,175.0,184.0,175.0,179.0,725.0,130699.0,2.8736,1.308,515.0,0.0,0.0,-79.0,-79.0,660.0,230.0,149.0,0.0,2.0,1.0,13.42,8.09,4.19
2005/12/19,179.0,181.0,174.5,175.0,545.0,96291.0,-2.2346,0.9833,419.0,-78.0,0.0,9.0,-69.0,726.0,160.0,94.0,2.0,0.0,0.0,13.12,7.91,4.29
2005/12/20,175.0,175.0,172.0,172.0,243.0,42156.0,-1.7143,0.4384,229.0,31.0,0.0,-9.0,22.0,702.0,36.0,60.0,0.0,0.0,0.0,12.89,7.77,4.36
2005/12/21,173.0,178.5,173.0,176.0,532.0,93792.0,2.3256,0.9598,371.0,111.0,0.0,81.0,192.0,759.0,125.0,68.0,0.0,1.0,1.0,13.19,7.95,4.26
2005/12/22,178.0,180.0,175.0,176.5,571.0,101255.0,0.2841,1.0302,402.0,51.0,0.0,-82.0,-31.0,800.0,152.0,111.0,1.0,0.0,0.0,13.23,7.98,4.25
2005/12/23,177.0,178.5,173.5,176.0,376.0,66002.0,-0.2833,0.6784,271.0,0.0,0.0,-94.0,-94.0,814.0,105.0,91.0,0.0,0.0,0.0,13.19,7.95,4.26
2005/12/26,177.0,181.5,177.0,178.5,689.0,123585.0,1.4205,1.2431,502.0,0.0,0.0,-60.0,-60.0,994.0,305.0,125.0,0.0,0.0,0.0,13.38,8.07,4.2
2005/12/27,182.0,190.5,182.0,190.5,974.0,184148.0,6.7227,1.7572,510.0,0.0,0.0,-12.0,-12.0,1178.0,381.0,197.0,0.0,0.0,0.0,14.28,8.61,3.94
2005/12/28,196.0,201.0,194.0,196.0,1900.0,374279.0,2.8871,3.4279,1298.0,0.0,180.0,-14.0,166.0,1321.0,660.0,517.0,0.0,5.0,5.0,14.69,8.86,3.83
2005/12/29,197.0,199.0,192.0,192.5,787.0,153798.0,-1.7857,1.4199,591.0,0.0,50.0,-8.0,42.0,1221.0,260.0,347.0,3.0,2.0,0.0,14.43,8.7,3.9
2005/12/30,193.0,200.0,193.0,197.0,1479.0,291958.0,2.3377,2.6683,777.0,-4.0,50.0,-49.0,-3.0,1481.0,489.0,240.0,0.0,3.0,1.0,14.77,8.9,3.81
2006/01/02,195.0,210.5,192.0,210.5,1876.0,380383.0,6.8528,3.3846,1182.0,-1.0,36.0,81.0,116.0,1741.0,584.0,324.0,0.0,6.0,3.0,15.78,9.51,3.56
2006/01/03,214.0,217.0,207.0,207.5,1599.0,339081.0,-1.4252,2.8848,1068.0,0.0,0.0,80.0,80.0,1737.0,682.0,679.0,1.0,4.0,0.0,15.55,9.38,3.61
2006/01/04,209.0,212.0,200.0,200.0,1218.0,251529.0,-3.6145,2.1974,911.0,-235.0,35.0,1.0,-199.0,1922.0,518.0,333.0,2.0,2.0,0.0,14.99,9.04,3.75
2006/01/05,202.0,205.0,198.0,200.0,980.0,196996.0,0.0,1.7681,673.0,25.0,249.0,-17.0,257.0,1862.0,229.0,289.0,0.0,2.0,0.0,14.99,9.04,3.75
2006/01/06,203.0,213.0,201.5,207.0,1875.0,389028.0,3.5,3.3828,1221.0,-240.0,20.0,19.0,-201.0,2084.0,666.0,444.0,0.0,5.0,3.0,15.52,9.35,3.62
2006/01/09,210.0,210.0,199.0,199.0,992.0,200376.0,-3.8647,1.7897,703.0,-59.0,16.0,10.0,-33.0,2156.0,340.0,267.0,3.0,3.0,1.0,14.92,8.99,3.77
2006/01/10,200.0,201.0,195.5,199.0,673.0,133817.0,0.0,1.2142,518.0,-40.0,-46.0,10.0,-76.0,2155.0,218.0,219.0,0.0,3.0,0.0,14.92,8.99,3.77
2006/01/11,199.5,200.0,191.0,194.0,565.0,110101.0,-2.5126,1.0193,417.0,0.0,4.0,-25.0,-21.0,2117.0,171.0,209.0,0.0,3.0,0.0,14.54,8.77,3.87
2006/01/12,194.0,196.5,189.0,189.0,542.0,104996.0,-2.5773,0.9778,412.0,59.0,-20.0,-38.0,1.0,2113.0,139.0,131.0,0.0,2.0,0.0,14.17,8.54,3.97
2006/01/13,189.0,191.5,186.0,188.5,339.0,64211.0,-0.2646,0.6116,269.0,-40.0,0.0,-5.0,-45.0,2098.0,82.0,97.0,2.0,0.0,0.0,14.13,8.52,3.98
2006/01/16,188.5,193.0,188.5,192.0,423.0,80924.0,1.8568,0.7632,276.0,90.0,5.0,20.0,115.0,2039.0,69.0,128.0,0.0,1.0,1.0,14.39,8.68,3.91
2006/01/17,193.0,196.5,193.0,193.0,423.0,82514.0,0.5208,0.7632,284.0,1.0,37.0,10.0,48.0,2027.0,113.0,125.0,0.0,1.0,0.0,14.47,8.72,3.89
2006/01/18,192.5,192.5,183.0,186.0,434.0,81368.0,-3.6269,0.783,307.0,0.0,10.0,-10.0,0.0,1842.0,48.0,219.0,1.0,0.0,0.0,13.94,8.4,4.03
2006/01/19,188.5,188.5,184.0,186.5,310.0,58011.0,0.2688,0.5593,226.0,0.0,0.0,-5.0,-5.0,1788.0,18.0,72.0,0.0,0.0,0.0,13.98,8.43,4.02
2006/01/20,188.0,188.5,184.0,186.0,255.0,47672.0,-0.2681,0.4601,167.0,0.0,15.0,0.0,15.0,1769.0,33.0,50.0,0.0,0.0,0.0,13.94,8.4,4.03
2006/01/23,180.0,184.5,180.0,181.0,201.0,36495.0,-2.6882,0.3626,136.0,0.0,20.0,20.0,40.0,1734.0,27.0,60.0,0.0,0.0,0.0,13.57,8.18,4.14
2006/01/24,182.0,183.0,181.0,183.0,215.0,39293.0,1.105,0.3879,168.0,0.0,-30.0,0.0,-30.0,1738.0,48.0,44.0,0.0,0.0,0.0,13.72,8.27,4.1
2006/01/25,185.0,186.5,184.0,184.0,256.0,47549.0,0.5464,0.4619,181.0,0.0,0.0,0.0,0.0,1697.0,40.0,73.0,0.0,0.0,0.0,13.79,8.31,4.08
2006/02/03,185.0,185.5,178.0,179.0,444.0,80206.0,-2.7174,0.801,294.0,0.0,-66.0,30.0,-36.0,1733.0,73.0,37.0,0.0,0.0,0.0,13.42,8.09,4.19
2006/02/06,179.0,187.5,179.0,186.0,671.0,123677.0,3.9106,1.2106,415.0,66.0,-94.0,0.0,-28.0,1826.0,169.0,76.0,0.0,1.0,1.0,13.94,8.4,4.03
2006/02/07,188.0,191.0,186.0,186.0,484.0,91435.0,0.0,0.8732,302.0,0.0,0.0,0.0,0.0,1750.0,90.0,166.0,0.0,1.0,0.0,13.94,8.4,4.03
2006/02/08,186.0,188.0,181.0,183.0,177.0,32552.0,-1.6129,0.3193,126.0,0.0,0.0,0.0,0.0,1708.0,18.0,60.0,0.0,1.0,0.0,13.72,8.27,4.1
2006/02/09,185.0,187.5,184.5,184.5,266.0,49547.0,0.8197,0.4799,190.0,90.0,30.0,0.0,120.0,1658.0,7.0,57.0,0.0,2.0,1.0,13.83,8.34,4.07
2006/02/10,182.0,187.0,181.0,181.5,110.0,20148.0,-1.626,0.1985,88.0,-19.0,0.0,0.0,-19.0,1640.0,17.0,35.0,1.0,1.0,0.0,13.61,8.2,4.13
2006/02/13,182.0,182.0,177.0,177.5,296.0,53008.0,-2.2039,0.534,190.0,0.0,-110.0,70.0,-40.0,1640.0,44.0,44.0,1.0,0.0,0.0,13.31,8.02,4.23
2006/02/14,180.0,180.0,176.0,179.0,435.0,77377.0,0.8451,0.7848,307.0,0.0,-170.0,0.0,-170.0,1647.0,93.0,86.0,0.0,1.0,1.0,13.42,8.09,4.19
2006/02/15,179.0,182.0,175.5,177.0,592.0,105790.0,-1.1173,1.0681,402.0,-150.0,-170.0,0.0,-320.0,1752.0,155.0,50.0,0.0,3.0,2.0,13.27,8.0,4.24
2006/02/16,178.0,179.5,177.0,178.0,364.0,64984.0,0.565,0.6567,268.0,-135.0,4.0,0.0,-131.0,1801.0,101.0,52.0,2.0,5.0,4.0,13.34,8.04,4.21
2006/02/17,179.0,180.0,177.0,178.5,486.0,86685.0,0.2809,0.8768,322.0,-132.0,96.0,0.0,-36.0,1802.0,78.0,77.0,4.0,1.0,0.0,13.38,8.07,4.2
2006/02/20,179.0,179.0,175.5,177.0,175.0,30930.0,-0.8403,0.3157,141.0,0.0,3.0,18.0,21.0,1785.0,29.0,45.0,0.0,1.0,0.0,13.27,8.0,4.24
2006/02/21,177.0,178.5,174.5,174.5,262.0,46278.0,-1.4124,0.4727,197.0,0.0,0.0,0.0,0.0,1774.0,41.0,52.0,0.0,1.0,0.0,13.08,7.89,4.3
2006/02/22,174.5,176.5,171.0,171.5,353.0,61391.0,-1.7192,0.6369,215.0,0.0,-40.0,63.0,23.0,1741.0,35.0,68.0,0.0,4.0,3.0,12.86,7.75,4.37
2006/02/23,171.5,173.5,167.0,167.0,303.0,51522.0,-2.6239,0.5467,224.0,5.0,20.0,14.0,39.0,1677.0,37.0,101.0,2.0,2.0,0.0,12.52,7.55,4.49
2006/02/24,169.0,170.0,167.5,169.0,184.0,31026.0,1.1976,0.332,144.0,2.0,0.0,20.0,22.0,1666.0,49.0,60.0,0.0,2.0,0.0,12.67,7.64,4.44
2006/02/27,169.0,175.5,168.0,172.0,275.0,47155.0,1.7751,0.4961,221.0,0.0,0.0,-56.0,-56.0,1636.0,48.0,78.0,0.0,2.0,0.0,12.89,7.77,4.36
2006/03/01,172.0,175.5,171.5,175.0,218.0,37954.0,1.7442,0.3933,178.0,0.0,0.0,-30.0,-30.0,1634.0,40.0,41.0,0.0,2.0,0.0,13.12,7.91,4.29
2006/03/02,176.5,177.0,172.0,173.0,226.0,39355.0,-1.1429,0.4077,197.0,-50.0,12.0,-33.0,-71.0,1628.0,55.0,61.0,0.0,2.0,0.0,12.97,7.82,4.34
2006/03/03,172.0,174.5,168.0,168.0,248.0,42225.0,-2.8902,0.4474,192.0,-24.0,6.0,-53.0,-71.0,1629.0,41.0,40.0,0.0,2.0,0.0,12.59,7.59,4.46
2006/03/06,169.0,179.5,168.5,179.0,1196.0,209789.0,6.5476,2.1578,733.0,137.0,-59.0,-116.0,-38.0,1710.0,193.0,112.0,0.0,3.0,1.0,13.42,8.09,4.19
2006/03/07,179.0,185.5,179.0,183.0,1148.0,210553.0,2.2346,2.0712,820.0,223.0,181.0,-92.0,312.0,1623.0,229.0,316.0,1.0,10.0,8.0,13.72,8.27,4.1
2006/03/08,187.0,190.0,185.0,188.0,928.0,174430.0,2.7322,1.6742,650.0,148.0,20.0,10.0,178.0,1736.0,349.0,233.0,0.0,16.0,7.0,14.09,8.5,3.99
2006/03/09,189.0,189.5,185.0,187.0,433.0,81300.0,-0.5319,0.7812,291.0,0.0,13.0,40.0,53.0,1624.0,20.0,132.0,1.0,15.0,0.0,14.02,8.45,4.01
2006/03/10,187.0,189.0,185.0,187.0,316.0,59240.0,0.0,0.5701,194.0,0.0,0.0,70.0,70.0,1602.0,67.0,89.0,6.0,11.0,2.0,14.02,8.45,4.01
2006/03/13,188.0,196.5,187.0,194.5,707.0,136238.0,4.0107,1.2755,513.0,-7.0,150.0,0.0,143.0,1644.0,187.0,145.0,2.0,20.0,11.0,14.58,8.79,3.86
2006/03/14,194.5,194.5,187.0,187.0,303.0,57554.0,-3.856,0.5467,210.0,0.0,0.0,40.0,40.0,1590.0,94.0,148.0,1.0,19.0,0.0,14.02,8.45,4.01
2006/03/15,188.5,194.0,188.0,193.5,555.0,106630.0,3.4759,1.0013,355.0,31.0,0.0,0.0,31.0,1601.0,108.0,97.0,10.0,9.0,0.0,14.51,8.74,3.88
2006/03/16,193.0,196.0,191.0,191.5,404.0,77799.0,-1.0336,0.7289,266.0,170.0,0.0,0.0,170.0,1539.0,104.0,166.0,0.0,10.0,1.0,14.36,8.65,3.92
2006/03/17,192.5,193.0,190.0,192.5,206.0,39618.0,0.5222,0.3717,148.0,93.0,0.0,0.0,93.0,1506.0,32.0,65.0,0.0,11.0,1.0,14.43,8.7,3.9
2006/03/20,194.5,202.5,194.5,200.0,1186.0,236401.0,3.8961,2.1397,762.0,19.0,0.0,0.0,19.0,1578.0,390.0,318.0,0.0,13.0,3.0,14.99,9.04,3.75
2006/03/21,202.5,206.0,192.5,193.0,914.0,183079.0,-3.5,1.649,628.0,-104.0,110.0,0.0,6.0,1635.0,303.0,244.0,2.0,11.0,0.0,14.47,8.72,3.89
2006/03/22,189.5,191.0,185.0,190.0,806.0,152606.0,-1.5544,1.4541,457.0,84.0,0.0,0.0,84.0,1508.0,88.0,215.0,1.0,10.0,0.0,14.24,8.59,3.95
2006/03/23,190.0,191.0,181.5,183.0,380.0,70330.0,-3.6842,0.6856,250.0,-74.0,100.0,-90.0,-64.0,1467.0,72.0,113.0,3.0,9.0,2.0,13.72,8.27,4.1
2006/03/24,183.5,184.0,177.0,178.5,317.0,56726.0,-2.459,0.5719,233.0,-57.0,0.0,-70.0,-127.0,1494.0,102.0,75.0,1.0,9.0,1.0,13.38,8.07,4.2
2006/03/27,179.0,187.5,177.0,187.5,415.0,76406.0,5.042,0.7487,323.0,177.0,0.0,0.0,177.0,1411.0,33.0,116.0,0.0,9.0,0.0,14.06,8.47,4.0
2006/03/28,187.0,189.0,186.0,189.0,156.0,29308.0,0.8,0.2814,136.0,0.0,0.0,0.0,0.0,1394.0,33.0,50.0,1.0,8.0,0.0,14.17,8.54,3.97
2006/03/29,187.5,189.5,187.0,189.5,156.0,29396.0,0.2646,0.2814,130.0,83.0,-20.0,0.0,63.0,1372.0,20.0,42.0,0.0,8.0,0.0,14.21,8.56,3.96
2006/03/30,190.0,194.0,190.0,190.0,293.0,55986.0,0.2639,0.5286,221.0,104.0,-55.0,0.0,49.0,1394.0,67.0,45.0,0.0,8.0,0.0,14.24,8.59,3.95
2006/03/31,190.0,191.0,184.0,187.0,426.0,79528.0,-1.5789,0.7686,300.0,-53.0,-44.0,0.0,-97.0,1446.0,114.0,61.0,0.0,8.0,0.0,14.02,8.45,4.01
2006/04/03,184.0,187.0,181.5,186.0,445.0,81961.0,-0.5348,0.8028,282.0,223.0,-110.0,0.0,113.0,1432.0,55.0,69.0,1.0,7.0,0.0,13.94,8.4,4.03
2006/04/04,187.0,193.5,185.0,192.0,615.0,117243.0,3.2258,1.1095,476.0,119.0,-116.0,0.0,3.0,1450.0,132.0,113.0,1.0,10.0,4.0,14.39,8.68,3.91
2006/04/06,193.5,194.0,190.0,191.5,483.0,92588.0,-0.2604,0.8714,206.0,98.0,-49.0,0.0,49.0,1464.0,63.0,47.0,1.0,9.0,0.0,14.36,8.65,3.92
2006/04/07,192.0,192.5,186.5,187.5,290.0,54779.0,-2.0888,0.5232,237.0,130.0,-108.0,0.0,22.0,1427.0,36.0,71.0,2.0,4.0,0.0,14.06,8.47,4.0
2006/04/10,187.0,190.0,185.0,189.5,297.0,55390.0,1.0667,0.5358,223.0,96.0,-40.0,26.0,82.0,1411.0,37.0,53.0,4.0,0.0,0.0,14.21,8.56,3.96
2006/04/11,189.0,189.0,186.0,186.5,85.0,15905.0,-1.5831,0.1534,79.0,6.0,8.0,0.0,14.0,1393.0,0.0,18.0,0.0,0.0,0.0,13.98,8.43,4.02
2006/04/12,185.0,191.5,185.0,190.0,208.0,39369.0,1.8767,0.3753,163.0,124.0,-35.0,-26.0,63.0,1368.0,0.0,25.0,0.0,0.0,0.0,14.24,8.59,3.95
2006/04/13,190.0,196.5,190.0,195.5,541.0,105307.0,2.8947,0.976,391.0,373.0,-2.0,0.0,371.0,1218.0,0.0,150.0,0.0,0.0,0.0,14.66,8.83,3.84
2006/04/14,196.0,197.5,191.0,193.5,175.0,33997.0,-1.023,0.3157,141.0,-20.0,0.0,4.0,-16.0,1262.0,77.0,33.0,0.0,0.0,0.0,14.51,8.74,3.88
2006/04/17,194.0,194.0,189.5,191.5,205.0,39234.0,-1.0336,0.3698,131.0,0.0,-60.0,0.0,-60.0,1242.0,41.0,61.0,0.0,0.0,0.0,14.36,8.65,3.92
2006/04/18,188.5,192.5,188.5,190.0,115.0,21953.0,-0.7833,0.2075,81.0,0.0,-44.0,-4.0,-48.0,1241.0,22.0,23.0,0.0,0.0,0.0,14.24,8.59,3.95
2006/04/19,192.0,192.5,187.5,187.5,261.0,49731.0,-1.3158,0.4709,126.0,-112.0,-50.0,0.0,-162.0,1217.0,38.0,62.0,0.0,0.0,0.0,14.06,8.47,4.0
2006/04/20,187.5,189.5,187.0,188.5,194.0,36662.0,0.5333,0.35,131.0,12.0,-110.0,0.0,-98.0,1228.0,51.0,40.0,0.0,1.0,1.0,14.13,8.52,3.98
2006/04/21,188.5,190.0,186.5,188.5,405.0,75886.0,0.0,0.7307,248.0,0.0,-251.0,0.0,-251.0,1254.0,78.0,52.0,0.0,1.0,0.0,14.13,8.52,3.98
2006/04/24,188.0,191.0,187.5,188.5,162.0,30612.0,0.0,0.2923,130.0,6.0,0.0,0.0,6.0,1283.0,56.0,27.0,1.0,0.0,0.0,14.13,8.52,3.98
2006/04/25,190.0,190.0,187.5,189.0,196.0,37078.0,0.2653,0.3536,140.0,-49.0,-4.0,0.0,-53.0,1265.0,20.0,38.0,0.0,0.0,0.0,14.17,8.54,3.97
2006/04/26,190.0,190.0,186.5,189.5,87.0,16478.0,0.2646,0.157,71.0,10.0,0.0,0.0,10.0,1253.0,5.0,17.0,0.0,0.0,0.0,14.21,8.56,3.96
2006/04/27,190.0,190.0,186.5,187.0,89.0,16857.0,-1.3193,0.1606,76.0,-8.0,0.0,0.0,-8.0,1243.0,9.0,19.0,0.0,0.0,0.0,14.02,8.45,4.01
2006/04/28,187.0,190.0,186.0,189.0,113.0,21254.0,1.0695,0.2039,83.0,-8.0,0.0,0.0,-8.0,1221.0,22.0,44.0,0.0,0.0,0.0,14.17,8.54,3.97
2006/05/02,188.0,189.5,187.0,189.0,118.0,22302.0,0.0,0.2129,98.0,58.0,-30.0,0.0,28.0,1194.0,4.0,31.0,0.0,0.0,0.0,14.17,8.54,3.97
2006/05/03,189.5,198.5,189.5,194.0,1317.0,258409.0,2.6455,2.3761,789.0,-292.0,295.0,1.0,4.0,1396.0,359.0,157.0,0.0,0.0,0.0,14.54,8.77,3.87
2006/05/04,196.0,196.5,189.0,190.0,325.0,62676.0,-2.0619,0.5863,230.0,0.0,95.0,0.0,95.0,1340.0,86.0,142.0,0.0,0.0,0.0,14.24,8.59,3.95
2006/05/05,192.0,197.5,192.0,195.0,648.0,126421.0,2.6316,1.1691,438.0,0.0,87.0,1.0,88.0,1260.0,101.0,181.0,0.0,0.0,0.0,14.62,8.81,3.85
2006/05/08,196.5,206.5,196.5,205.5,1319.0,265667.0,5.3846,2.3797,815.0,446.0,-38.0,2.0,410.0,1345.0,281.0,196.0,0.0,6.0,6.0,21.84,7.51,3.65
2006/05/09,207.0,207.5,203.0,207.5,765.0,157444.0,0.9732,1.3802,497.0,412.0,0.0,1.0,413.0,1198.0,123.0,270.0,0.0,7.0,1.0,22.05,7.58,3.61
2006/05/10,207.0,214.0,207.0,210.5,1055.0,222470.0,1.4458,1.9034,575.0,359.0,-80.0,13.0,292.0,1141.0,281.0,338.0,0.0,8.0,1.0,22.37,7.69,3.56
2006/05/11,210.0,215.0,210.0,212.0,545.0,115810.0,0.7126,0.9833,365.0,231.0,-30.0,11.0,212.0,1080.0,109.0,170.0,0.0,10.0,2.0,22.53,7.74,3.54
2006/05/12,210.0,213.5,210.0,210.0,334.0,70469.0,-0.9434,0.6026,218.0,130.0,-4.0,0.0,126.0,1009.0,37.0,108.0,2.0,8.0,0.0,22.32,7.67,3.57
2006/05/15,210.0,219.0,210.0,210.0,331.0,71046.0,0.0,0.5972,254.0,23.0,-46.0,-2.0,-25.0,1036.0,87.0,60.0,0.0,8.0,0.0,22.32,7.67,3.57
2006/05/16,211.0,213.0,204.0,210.0,369.0,77093.0,0.0,0.6657,236.0,201.0,0.0,-21.0,180.0,972.0,67.0,131.0,1.0,7.0,0.0,22.32,7.67,3.57
2006/05/17,212.0,212.0,207.0,209.5,106.0,22237.0,-0.2381,0.1912,98.0,4.0,0.0,0.0,4.0,966.0,28.0,34.0,0.0,7.0,0.0,22.26,7.65,3.58
2006/05/18,206.0,210.5,206.0,207.5,84.0,17532.0,-0.9547,0.1515,69.0,0.0,0.0,0.0,0.0,962.0,24.0,28.0,0.0,7.0,0.0,22.05,7.58,3.61
2006/05/19,208.0,210.5,204.5,208.5,165.0,34397.0,0.4819,0.2977,126.0,81.0,-3.0,0.0,78.0,976.0,42.0,28.0,0.0,7.0,0.0,22.16,7.62,3.6
2006/05/22,208.5,217.0,208.5,208.5,383.0,82017.0,0.0,0.691,297.0,136.0,0.0,0.0,136.0,982.0,115.0,109.0,0.0,8.0,1.0,22.16,7.62,3.6
2006/05/23,208.5,208.5,204.0,204.0,155.0,31794.0,-2.1583,0.2796,112.0,0.0,-4.0,-6.0,-10.0,948.0,37.0,71.0,4.0,4.0,0.0,21.68,7.45,3.68
2006/05/24,204.0,210.0,204.0,207.5,229.0,47316.0,1.7157,0.4131,161.0,0.0,97.0,0.0,97.0,886.0,10.0,72.0,1.0,4.0,1.0,22.05,7.58,3.61
2006/05/25,208.0,214.0,208.0,209.0,185.0,39143.0,0.7229,0.3338,143.0,72.0,16.0,0.0,88.0,872.0,39.0,53.0,0.0,6.0,2.0,22.21,7.63,3.59
2006/05/26,212.0,213.0,208.0,209.0,111.0,23423.0,0.0,0.2003,84.0,15.0,23.0,0.0,38.0,839.0,13.0,46.0,0.0,5.0,0.0,22.21,7.63,3.59
2006/05/29,212.0,212.5,206.5,210.0,80.0,16758.0,0.4785,0.1443,66.0,15.0,0.0,0.0,15.0,802.0,3.0,40.0,2.0,3.0,0.0,22.32,7.67,3.57
2006/05/30,207.0,211.5,207.0,210.0,97.0,20410.0,0.0,0.175,76.0,0.0,0.0,0.0,0.0,785.0,8.0,25.0,0.0,3.0,0.0,22.32,7.67,3.57
2006/06/01,210.0,211.0,207.0,210.0,91.0,19246.0,0.0,0.1642,70.0,0.0,-8.0,0.0,-8.0,759.0,7.0,33.0,0.0,3.0,5.0,22.32,7.67,3.57
2006/06/02,209.5,213.0,209.0,209.0,109.0,23047.0,-0.4762,0.1967,88.0,0.0,-7.0,0.0,-7.0,742.0,11.0,28.0,0.0,3.0,0.0,22.21,7.63,3.59
2006/06/05,210.0,210.0,196.0,196.0,182.0,36844.0,-6.2201,0.3284,134.0,0.0,0.0,0.0,0.0,678.0,11.0,75.0,1.0,2.0,0.0,20.83,7.16,3.83
2006/06/06,196.0,201.0,196.0,200.0,78.0,15492.0,2.0408,0.1407,63.0,-5.0,0.0,0.0,-5.0,659.0,7.0,26.0,2.0,0.0,0.0,21.25,7.3,3.75
2006/06/07,200.0,201.5,196.5,198.0,58.0,11640.0,-1.0,0.1046,51.0,-6.0,0.0,0.0,-6.0,651.0,4.0,12.0,0.0,0.0,0.0,21.04,7.23,3.79
2006/06/08,198.0,198.0,186.0,188.0,159.0,30382.0,-5.0505,0.2869,123.0,-5.0,-5.0,0.0,-10.0,600.0,17.0,68.0,0.0,0.0,0.0,19.98,6.87,3.99
2006/06/09,188.0,195.0,185.5,190.5,123.0,23257.0,1.3298,0.2219,103.0,-15.0,-21.0,0.0,-36.0,608.0,24.0,16.0,0.0,0.0,0.0,20.24,6.96,3.94
2006/06/12,190.5,191.0,185.0,187.0,99.0,18563.0,-1.8373,0.1786,65.0,-12.0,0.0,0.0,-12.0,586.0,9.0,31.0,0.0,0.0,0.0,19.87,6.83,4.01
2006/06/13,187.0,187.5,186.0,187.0,50.0,9348.0,0.0,0.0902,41.0,-10.0,0.0,0.0,-10.0,578.0,1.0,9.0,0.0,0.0,0.0,19.87,6.83,4.01
2006/06/14,185.5,190.0,185.5,188.5,130.0,24498.0,0.8021,0.2345,84.0,-90.0,0.0,0.0,-90.0,596.0,21.0,3.0,0.0,0.0,0.0,20.03,6.88,3.98
2006/06/15,188.5,193.0,187.0,188.5,122.0,23074.0,0.0,0.2201,83.0,-70.0,0.0,0.0,-70.0,594.0,16.0,18.0,0.0,0.0,0.0,20.03,6.88,3.98
2006/06/16,190.0,192.0,188.5,189.0,214.0,40809.0,0.2653,0.3861,147.0,1.0,5.0,0.0,6.0,586.0,8.0,16.0,0.0,0.0,0.0,20.09,6.9,3.97
2006/06/19,190.5,192.0,189.0,189.0,78.0,14866.0,0.0,0.1407,50.0,-23.0,0.0,0.0,-23.0,583.0,5.0,8.0,0.0,0.0,0.0,20.09,6.9,3.97
2006/06/20,189.5,189.5,181.0,183.0,91.0,16762.0,-3.1746,0.1642,63.0,-6.0,0.0,0.0,-6.0,574.0,7.0,15.0,0.0,0.0,0.0,19.45,6.68,4.1
2006/06/21,183.0,185.0,179.0,183.0,81.0,14815.0,0.0,0.1461,62.0,0.0,0.0,0.0,0.0,546.0,9.0,37.0,0.0,0.0,0.0,19.45,6.68,4.1
2006/06/22,183.0,187.0,180.0,183.0,252.0,46092.0,0.0,0.4546,159.0,-17.0,-157.0,0.0,-174.0,580.0,34.0,0.0,0.0,0.0,0.0,19.45,6.68,4.1
2006/06/23,183.0,184.0,173.0,175.0,328.0,58081.0,-4.3716,0.5918,198.0,-86.0,-112.0,0.0,-198.0,601.0,53.0,32.0,0.0,0.0,0.0,18.6,6.39,4.29
2006/06/26,175.0,178.0,164.5,170.5,516.0,87792.0,-2.5714,0.9309,367.0,-171.0,-247.0,0.0,-418.0,668.0,81.0,10.0,0.0,0.0,0.0,18.12,6.23,4.4
2006/06/27,170.5,178.0,169.0,175.0,341.0,59399.0,2.6393,0.6152,284.0,-125.0,15.0,0.0,-110.0,757.0,134.0,45.0,0.0,1.0,1.0,18.6,6.39,4.29
2006/06/28,174.0,179.5,174.0,176.5,274.0,48634.0,0.8571,0.4943,186.0,-46.0,56.0,0.0,10.0,710.0,61.0,108.0,0.0,1.0,0.0,18.76,6.45,4.25
2006/06/29,178.0,181.0,176.5,177.5,133.0,23693.0,0.5666,0.24,107.0,-31.0,0.0,0.0,-31.0,686.0,11.0,34.0,0.0,0.0,0.0,18.86,6.48,4.23
2006/06/30,178.0,182.0,178.0,178.0,184.0,33067.0,0.2817,0.332,126.0,-55.0,24.0,0.0,-31.0,688.0,26.0,24.0,0.0,0.0,0.0,18.92,6.5,4.21
2006/07/03,178.0,179.0,175.5,175.5,156.0,27699.0,-1.4045,0.2814,112.0,-51.0,0.0,0.0,-51.0,675.0,20.0,33.0,0.0,0.0,0.0,18.65,6.41,4.27
2006/07/04,176.0,182.0,175.5,181.5,572.0,102806.0,3.4188,1.032,388.0,-41.0,0.0,0.0,-41.0,792.0,142.0,25.0,0.0,1.0,1.0,19.29,6.63,4.13
2006/07/05,183.0,187.0,182.5,185.0,753.0,139170.0,1.9284,1.3585,463.0,96.0,-71.0,60.0,85.0,752.0,126.0,166.0,0.0,1.0,0.0,19.66,6.76,4.05
2006/07/06,186.0,187.0,180.0,185.0,504.0,93056.0,0.0,0.9093,307.0,273.0,0.0,-60.0,213.0,670.0,14.0,96.0,0.0,1.0,0.0,19.66,6.76,4.05
2006/07/07,186.0,188.0,185.0,186.5,350.0,65000.0,0.8108,0.6314,176.0,133.0,0.0,0.0,133.0,638.0,29.0,61.0,0.0,1.0,0.0,19.82,6.81,4.02
2006/07/10,187.5,195.0,186.5,194.0,317.0,60572.0,4.0214,0.5719,217.0,0.0,0.0,0.0,0.0,664.0,75.0,49.0,0.0,3.0,2.0,20.62,7.09,3.87
2006/07/11,194.0,196.0,192.5,194.0,194.0,37673.0,0.0,0.35,135.0,0.0,0.0,0.0,0.0,617.0,25.0,72.0,1.0,2.0,0.0,20.62,7.09,3.87
2006/07/12,194.0,195.0,186.0,186.0,146.0,27914.0,-4.1237,0.2634,98.0,0.0,-45.0,0.0,-45.0,614.0,18.0,21.0,1.0,1.0,0.0,19.77,6.79,4.03
2006/07/13,185.0,187.0,180.5,184.5,111.0,20375.0,-0.8065,0.2003,78.0,0.0,-59.0,0.0,-59.0,620.0,16.0,10.0,1.0,0.0,0.0,19.61,6.74,4.07
2006/07/14,183.0,183.0,179.0,181.5,160.0,28939.0,-1.626,0.2887,112.0,0.0,-38.0,0.0,-38.0,621.0,9.0,8.0,0.0,0.0,0.0,19.29,6.63,4.13
2006/07/17,181.0,182.5,176.5,177.0,150.0,27017.0,-2.4793,0.2706,98.0,-2.0,-30.0,0.0,-32.0,599.0,8.0,30.0,0.0,0.0,0.0,18.81,6.46,4.24
2006/07/18,180.0,181.5,178.5,181.5,153.0,27511.0,2.5424,0.276,94.0,-68.0,-30.0,0.0,-98.0,624.0,30.0,5.0,0.0,0.0,0.0,19.29,6.63,4.13
2006/07/19,182.0,187.0,178.0,182.0,256.0,46688.0,0.2755,0.4619,198.0,-51.0,-75.0,0.0,-126.0,638.0,23.0,9.0,0.0,0.0,0.0,19.34,6.65,4.12
2006/07/20,183.0,186.0,182.0,182.0,189.0,34780.0,0.0,0.341,107.0,0.0,-30.0,0.0,-30.0,628.0,18.0,28.0,0.0,0.0,0.0,19.34,6.65,4.12
2006/07/21,182.5,183.0,179.5,180.5,113.0,20456.0,-0.8242,0.2039,93.0,0.0,-36.0,0.0,-36.0,644.0,23.0,7.0,0.0,0.0,0.0,19.18,6.59,4.16
2006/07/24,180.0,184.5,176.5,184.5,131.0,23493.0,2.2161,0.2363,111.0,11.0,-34.0,0.0,-23.0,628.0,9.0,25.0,0.0,0.0,0.0,19.61,6.74,4.07
2006/07/25,185.0,187.5,183.5,185.0,203.0,37712.0,0.271,0.3662,133.0,0.0,0.0,0.0,0.0,626.0,27.0,29.0,0.0,0.0,0.0,19.66,6.76,4.05
2006/07/26,185.0,187.0,184.5,186.5,104.0,19424.0,0.8108,0.1876,74.0,0.0,0.0,0.0,0.0,621.0,11.0,16.0,0.0,1.0,1.0,19.82,6.81,4.02
2006/07/27,186.5,189.0,186.0,187.0,169.0,31692.0,0.2681,0.3049,116.0,0.0,0.0,0.0,0.0,653.0,53.0,21.0,0.0,1.0,0.0,19.87,6.83,4.01
2006/07/28,188.0,190.0,187.5,189.0,195.0,36854.0,1.0695,0.3518,131.0,0.0,0.0,0.0,0.0,661.0,22.0,14.0,0.0,1.0,0.0,20.09,6.9,3.97
2006/07/31,190.0,194.0,189.5,189.5,289.0,55489.0,0.2646,0.5214,194.0,0.0,0.0,0.0,0.0,654.0,45.0,52.0,1.0,0.0,0.0,20.14,6.92,3.96
2006/08/01,190.0,192.5,189.5,191.5,157.0,30022.0,1.0554,0.2833,100.0,0.0,0.0,0.0,0.0,664.0,21.0,11.0,0.0,0.0,0.0,20.35,6.99,3.92
2006/08/02,191.5,193.5,190.0,191.0,118.0,22605.0,-0.2611,0.2129,89.0,0.0,-11.0,0.0,-11.0,652.0,14.0,26.0,0.0,0.0,0.0,20.3,6.98,3.93
2006/08/03,193.0,195.5,192.0,195.0,289.0,56028.0,2.0942,0.5214,172.0,-24.0,-13.0,0.0,-37.0,651.0,36.0,37.0,0.0,0.0,0.0,20.72,7.12,3.85
2006/08/04,195.0,199.0,195.0,195.0,286.0,56418.0,0.0,0.516,181.0,0.0,-8.0,0.0,-8.0,656.0,30.0,25.0,0.0,0.0,0.0,20.72,7.12,3.85
2006/08/07,196.0,197.5,192.0,195.5,232.0,45308.0,0.2564,0.4186,143.0,24.0,-5.0,0.0,19.0,654.0,36.0,38.0,0.0,0.0,0.0,20.78,7.14,3.84
2006/08/08,196.5,197.0,195.0,196.5,2728.0,532305.0,0.5115,4.9217,189.0,2481.0,0.0,0.0,2481.0,605.0,0.0,49.0,0.0,0.0,0.0,20.88,7.18,3.82
2006/08/09,197.5,210.0,197.5,210.0,1060.0,218645.0,6.8702,1.9124,643.0,-25.0,20.0,20.0,15.0,510.0,0.0,95.0,0.0,0.0,0.0,22.32,7.67,3.57
2006/08/10,213.0,223.0,210.0,215.0,1425.0,307458.0,2.381,2.5709,904.0,-218.0,9.0,171.0,-38.0,340.0,0.0,160.0,0.0,0.0,0.0,22.85,7.85,3.49
2006/08/11,176.5,178.5,167.5,174.5,1678.0,289810.0,-0.7442,2.5,1169.0,-31.0,-37.0,-131.0,-199.0,760.0,438.0,17.0,0.0,8.0,8.0,18.54,6.37,4.3
2006/08/14,174.5,174.5,171.0,171.5,320.0,55233.0,-1.7192,0.4768,243.0,-48.0,0.0,0.0,-48.0,758.0,84.0,86.0,0.0,9.0,1.0,18.23,6.26,4.37
2006/08/15,172.0,174.0,171.5,171.5,183.0,31545.0,0.0,0.2726,153.0,0.0,0.0,0.0,0.0,767.0,67.0,56.0,0.0,18.0,9.0,18.23,6.26,4.37
2006/08/16,172.5,176.0,172.0,174.0,422.0,73349.0,1.4577,0.6287,291.0,-16.0,0.0,0.0,-16.0,818.0,158.0,107.0,0.0,19.0,1.0,18.49,6.36,4.31
2006/08/17,176.0,176.0,173.0,173.0,247.0,42980.0,-0.5747,0.368,185.0,0.0,-15.0,0.0,-15.0,823.0,78.0,73.0,0.0,23.0,4.0,18.38,6.32,4.34
2006/08/18,173.0,175.0,172.0,173.0,192.0,33416.0,0.0,0.2861,141.0,-19.0,-7.0,0.0,-26.0,851.0,74.0,46.0,0.0,27.0,4.0,18.38,6.32,4.34
2006/08/21,174.0,174.0,167.5,169.5,230.0,38974.0,-2.0231,0.3427,187.0,1.0,-3.0,0.0,-2.0,793.0,28.0,86.0,0.0,27.0,0.0,18.01,6.19,4.42
2006/08/22,169.5,171.5,167.5,171.5,182.0,30993.0,1.1799,0.2712,144.0,-23.0,0.0,0.0,-23.0,794.0,25.0,24.0,0.0,42.0,15.0,18.23,6.26,4.37
2006/08/23,171.0,171.5,168.0,169.0,140.0,23809.0,-1.4577,0.2086,117.0,-22.0,0.0,0.0,-22.0,806.0,39.0,27.0,0.0,42.0,0.0,17.96,6.17,4.44
2006/08/24,168.0,171.0,168.0,168.0,170.0,28752.0,-0.5917,0.2533,143.0,-71.0,0.0,0.0,-71.0,821.0,28.0,13.0,0.0,43.0,1.0,17.85,6.14,4.46
2006/08/25,169.0,170.0,166.0,166.0,210.0,35190.0,-1.1905,0.3129,156.0,-45.0,-4.0,0.0,-49.0,805.0,44.0,60.0,0.0,45.0,2.0,17.64,6.06,4.52
2006/08/28,166.0,167.5,163.0,163.5,77.0,12728.0,-1.506,0.1147,63.0,-4.0,0.0,0.0,-4.0,780.0,7.0,31.0,1.0,45.0,1.0,17.38,5.97,4.59
2006/08/29,165.0,166.5,163.5,164.0,145.0,23919.0,0.3058,0.216,109.0,0.0,-26.0,0.0,-26.0,802.0,36.0,14.0,0.0,47.0,2.0,17.43,5.99,4.57
2006/08/30,166.0,169.5,165.0,167.0,202.0,33878.0,1.8293,0.301,174.0,0.0,0.0,0.0,0.0,820.0,56.0,38.0,1.0,48.0,2.0,17.75,6.1,4.49
2006/08/31,169.5,170.5,168.0,169.0,164.0,27813.0,1.1976,0.2443,131.0,30.0,0.0,-5.0,25.0,827.0,35.0,28.0,11.0,39.0,2.0,17.96,6.17,3.55
2006/09/01,170.0,171.0,170.0,170.0,127.0,21651.0,0.5917,0.1892,106.0,0.0,0.0,0.0,0.0,851.0,42.0,18.0,0.0,39.0,0.0,18.07,6.21,3.53
2006/09/04,171.0,175.0,171.0,173.0,384.0,66464.0,1.7647,0.5721,247.0,0.0,0.0,-60.0,-60.0,884.0,122.0,89.0,0.0,39.0,0.0,18.38,6.32,3.47
2006/09/05,174.0,174.0,169.0,169.5,194.0,33190.0,-2.0231,0.289,167.0,-30.0,-20.0,0.0,-50.0,871.0,43.0,56.0,1.0,39.0,1.0,18.01,6.19,3.54
2006/09/06,167.0,170.5,167.0,170.0,193.0,32705.0,0.295,0.2875,125.0,0.0,-5.0,0.0,-5.0,826.0,26.0,71.0,0.0,41.0,2.0,18.07,6.21,3.53
2006/09/07,170.0,170.5,168.0,169.0,104.0,17593.0,-0.5882,0.1549,70.0,35.0,0.0,0.0,35.0,796.0,9.0,36.0,0.0,45.0,4.0,16.55,6.67,3.55
2006/09/08,168.0,172.5,168.0,171.0,163.0,27930.0,1.1834,0.2428,128.0,8.0,0.0,0.0,8.0,779.0,26.0,43.0,0.0,46.0,1.0,16.75,6.75,3.51
2006/09/11,171.0,172.0,168.0,169.0,247.0,42002.0,-1.1696,0.368,179.0,-78.0,0.0,0.0,-78.0,790.0,45.0,34.0,0.0,46.0,0.0,16.55,6.67,3.55
2006/09/12,167.0,169.0,160.0,163.5,486.0,80158.0,-3.2544,0.7241,360.0,-291.0,20.0,0.0,-271.0,781.0,62.0,71.0,0.0,46.0,0.0,16.01,6.45,3.67
2006/09/13,165.0,166.0,163.0,165.0,228.0,37486.0,0.9174,0.3397,160.0,-95.0,40.0,0.0,-55.0,845.0,82.0,16.0,0.0,51.0,5.0,16.16,6.51,3.64
2006/09/14,166.5,167.5,160.0,164.5,264.0,43517.0,-0.303,0.3933,159.0,-41.0,64.0,0.0,23.0,794.0,45.0,96.0,0.0,52.0,1.0,16.11,6.49,3.65
2006/09/15,167.0,167.0,163.5,166.5,111.0,18408.0,1.2158,0.1654,84.0,6.0,-25.0,0.0,-19.0,788.0,12.0,18.0,0.0,56.0,4.0,16.31,6.57,3.6
2006/09/18,168.0,171.0,168.0,170.5,500.0,84945.0,2.4024,0.7449,348.0,-207.0,0.0,0.0,-207.0,975.0,241.0,54.0,1.0,57.0,2.0,16.7,6.73,3.52
2006/09/19,171.0,171.0,168.0,169.0,145.0,24644.0,-0.8798,0.216,121.0,0.0,40.0,0.0,40.0,943.0,19.0,51.0,0.0,57.0,0.0,16.55,6.67,3.55
2006/09/20,170.0,175.5,169.5,174.5,774.0,134478.0,3.2544,1.1532,573.0,104.0,0.0,0.0,104.0,964.0,196.0,175.0,1.0,63.0,7.0,17.09,6.89,3.44
2006/09/21,176.0,179.5,175.5,177.5,916.0,162617.0,1.7192,1.3647,601.0,263.0,5.0,0.0,268.0,947.0,160.0,177.0,0.0,81.0,18.0,17.38,7.0,3.38
2006/09/22,177.5,179.0,175.0,176.0,251.0,44333.0,-0.8451,0.374,192.0,73.0,-1.0,0.0,72.0,894.0,41.0,94.0,1.0,82.0,2.0,17.24,6.95,3.41
2006/09/25,176.0,177.5,174.5,175.0,231.0,40536.0,-0.5682,0.3442,164.0,105.0,-12.0,0.0,93.0,848.0,20.0,66.0,0.0,82.0,0.0,17.14,6.91,3.43
2006/09/26,176.0,177.0,174.0,174.0,203.0,35647.0,-0.5714,0.3024,150.0,88.0,-29.0,0.0,59.0,839.0,22.0,31.0,0.0,82.0,0.0,17.04,6.87,3.45
2006/09/27,175.0,176.0,170.0,170.0,230.0,39445.0,-2.2989,0.3427,163.0,0.0,0.0,0.0,0.0,834.0,53.0,58.0,0.0,82.0,0.0,16.65,6.71,3.53
2006/09/28,170.5,171.0,166.5,168.0,182.0,30598.0,-1.1765,0.2712,145.0,-27.0,-50.0,0.0,-77.0,840.0,38.0,32.0,0.0,82.0,0.0,16.45,6.63,3.57
2006/09/29,169.0,173.0,168.0,172.0,348.0,59432.0,2.381,0.5185,234.0,78.0,38.0,0.0,116.0,867.0,72.0,44.0,0.0,87.0,5.0,16.85,6.79,3.49
2006/10/02,171.0,173.5,169.0,173.0,380.0,65632.0,0.5814,0.5662,267.0,150.0,90.0,-24.0,216.0,824.0,26.0,69.0,34.0,17.0,0.0,16.94,6.83,3.47
2006/10/03,173.0,174.0,171.5,174.0,270.0,46913.0,0.578,0.4023,186.0,185.0,-65.0,0.0,120.0,786.0,16.0,54.0,0.0,4.0,0.0,17.04,6.87,3.45
2006/10/04,174.0,176.0,174.0,175.0,325.0,57053.0,0.5747,0.4842,256.0,181.0,0.0,0.0,181.0,763.0,13.0,36.0,0.0,3.0,0.0,17.14,6.91,3.43
2006/10/05,175.0,177.0,175.0,177.0,362.0,63717.0,1.1429,0.5393,268.0,163.0,0.0,-4.0,159.0,741.0,40.0,62.0,0.0,5.0,2.0,17.34,6.99,3.39
2006/10/11,178.0,179.0,177.0,177.5,419.0,74494.0,0.2825,0.6243,315.0,204.0,0.0,-10.0,194.0,678.0,25.0,88.0,0.0,5.0,0.0,17.38,7.0,3.38
2006/10/12,178.0,178.5,177.0,177.5,226.0,40193.0,0.0,0.3367,168.0,147.0,0.0,0.0,147.0,632.0,11.0,57.0,1.0,3.0,0.0,17.38,7.0,3.38
2006/10/13,178.0,179.5,177.5,178.5,291.0,51881.0,0.5634,0.4336,195.0,102.0,0.0,0.0,102.0,619.0,36.0,48.0,0.0,3.0,0.0,17.48,7.04,3.36
2006/10/14,178.5,179.5,176.0,177.0,234.0,41600.0,-0.8403,0.3486,143.0,82.0,-38.0,0.0,44.0,614.0,20.0,24.0,0.0,3.0,0.0,17.34,6.99,3.39
2006/10/16,177.0,178.0,176.0,177.5,223.0,39593.0,0.2825,0.3322,170.0,121.0,0.0,1.0,121.0,575.0,1.0,40.0,0.0,3.0,0.0,17.38,7.0,3.38
2006/10/17,178.0,178.5,177.0,178.5,208.0,37110.0,0.5634,0.3099,185.0,93.0,0.0,-1.0,92.0,558.0,0.0,17.0,0.0,3.0,0.0,17.48,7.04,3.36
2006/10/18,178.0,183.5,177.0,182.0,413.0,74468.0,1.9608,0.6153,286.0,153.0,0.0,0.0,153.0,602.0,99.0,55.0,3.0,0.0,0.0,17.83,7.18,3.3
2006/10/19,183.0,186.0,182.0,183.0,300.0,55205.0,0.5495,0.447,309.0,100.0,0.0,0.0,100.0,621.0,49.0,28.0,0.0,0.0,0.0,17.92,7.22,3.28
2006/10/20,183.0,183.5,179.5,180.5,185.0,33619.0,-1.3661,0.2756,193.0,37.0,0.0,0.0,37.0,599.0,27.0,49.0,0.0,0.0,0.0,17.68,7.12,3.32
2006/10/23,182.0,182.0,181.0,181.5,106.0,19397.0,0.554,0.1579,117.0,-10.0,0.0,0.0,-10.0,595.0,9.0,13.0,0.0,0.0,0.0,17.78,7.16,3.31
2006/10/24,181.5,182.0,180.0,181.5,140.0,25421.0,0.0,0.2086,110.0,17.0,3.0,0.0,20.0,586.0,30.0,39.0,0.0,0.0,0.0,17.78,7.16,3.31
2006/10/25,181.5,183.0,180.5,181.0,105.0,19115.0,-0.2755,0.1564,76.0,25.0,0.0,0.0,25.0,555.0,6.0,37.0,0.0,0.0,0.0,17.73,7.14,3.31
2006/10/26,181.5,183.0,181.0,182.0,112.0,20419.0,0.5525,0.1669,90.0,50.0,0.0,0.0,50.0,537.0,5.0,23.0,0.0,0.0,0.0,17.83,7.18,3.3
2006/10/27,183.0,183.0,179.0,179.0,205.0,36901.0,-1.6484,0.3054,172.0,117.0,-25.0,0.0,92.0,542.0,19.0,14.0,0.0,0.0,0.0,17.53,7.06,3.35
2006/10/30,179.0,180.5,174.5,175.0,223.0,39366.0,-2.2346,0.3322,173.0,33.0,-80.0,0.0,-47.0,527.0,22.0,36.0,0.0,0.0,0.0,17.14,6.91,3.43
2006/10/31,176.0,177.0,172.5,174.5,286.0,49809.0,-0.2857,0.4261,137.0,85.0,0.0,0.0,85.0,530.0,14.0,11.0,0.0,0.0,0.0,17.09,6.89,3.44
2006/11/01,174.5,176.0,174.0,175.5,121.0,21341.0,0.5731,0.1803,115.0,90.0,-41.0,0.0,49.0,522.0,7.0,15.0,0.0,0.0,0.0,17.19,6.93,3.42
2006/11/02,175.5,177.0,175.0,175.5,127.0,22450.0,0.0,0.1892,115.0,-13.0,0.0,0.0,-13.0,520.0,8.0,10.0,0.0,0.0,0.0,17.19,6.93,3.42
2006/11/03,175.0,176.5,175.0,175.5,114.0,20192.0,0.0,0.1698,107.0,-48.0,-13.0,0.0,-61.0,532.0,20.0,8.0,0.0,0.0,0.0,17.19,6.93,3.42
2006/11/06,175.0,175.0,172.0,173.0,103.0,17904.0,-1.4245,0.1535,79.0,0.0,0.0,0.0,0.0,527.0,3.0,8.0,0.0,0.0,0.0,16.94,6.83,3.47
2006/11/07,173.0,175.0,168.5,174.0,751.0,128337.0,0.578,1.1189,395.0,-49.0,0.0,0.0,-49.0,546.0,45.0,26.0,0.0,0.0,0.0,17.04,6.87,3.45
2006/11/08,172.0,172.0,169.5,169.5,211.0,36043.0,-2.5862,0.3144,139.0,-148.0,-3.0,0.0,-151.0,570.0,32.0,8.0,0.0,0.0,0.0,16.6,6.69,3.54
2006/11/09,169.5,170.0,168.5,169.0,283.0,47990.0,-0.295,0.4216,202.0,-48.0,0.0,0.0,-48.0,553.0,9.0,26.0,0.0,0.0,0.0,19.14,7.21,3.55
2006/11/10,169.0,170.0,169.0,170.0,118.0,20123.0,0.5917,0.1758,74.0,-19.0,0.0,0.0,-19.0,545.0,2.0,10.0,0.0,0.0,0.0,19.25,7.25,3.53
2006/11/13,170.0,170.0,164.5,165.0,384.0,63829.0,-2.9412,0.5721,262.0,-122.0,-135.0,0.0,-257.0,567.0,28.0,6.0,0.0,0.0,0.0,18.69,7.04,3.64
2006/11/14,165.0,166.0,162.5,163.0,264.0,43198.0,-1.2121,0.3933,172.0,-78.0,-90.0,0.0,-168.0,569.0,21.0,19.0,0.0,0.0,0.0,18.46,6.95,3.68
2006/11/15,163.5,164.5,160.5,161.0,306.0,49674.0,-1.227,0.4559,211.0,-225.0,0.0,0.0,-225.0,582.0,38.0,25.0,0.0,0.0,0.0,18.23,6.87,3.73
2006/11/16,162.0,166.0,159.5,162.5,790.0,128063.0,0.9317,1.177,493.0,-492.0,0.0,0.0,-492.0,747.0,195.0,30.0,0.0,3.0,3.0,18.4,6.93,3.69
2006/11/17,163.0,164.0,161.5,163.0,180.0,29289.0,0.3077,0.2682,143.0,-50.0,0.0,0.0,-50.0,737.0,17.0,27.0,0.0,3.0,0.0,18.46,6.95,3.68
2006/11/20,164.0,164.5,162.0,162.0,106.0,17374.0,-0.6135,0.1579,87.0,0.0,0.0,0.0,0.0,717.0,13.0,33.0,0.0,3.0,0.0,18.35,6.91,3.7
2006/11/21,162.0,164.0,162.0,163.0,111.0,18123.0,0.6173,0.1654,86.0,0.0,0.0,0.0,0.0,706.0,16.0,27.0,0.0,3.0,0.0,18.46,6.95,3.68
2006/11/22,164.0,165.5,163.5,164.5,137.0,22577.0,0.9202,0.2041,112.0,0.0,0.0,0.0,0.0,685.0,20.0,41.0,0.0,3.0,0.0,18.63,7.02,3.65
2006/11/23,165.0,166.5,164.5,164.5,140.0,23162.0,0.0,0.2086,106.0,0.0,0.0,0.0,0.0,656.0,12.0,41.0,0.0,3.0,0.0,18.63,7.02,3.65
2006/11/24,165.5,166.5,164.5,166.0,151.0,25041.0,0.9119,0.225,120.0,-1.0,0.0,0.0,-1.0,630.0,18.0,44.0,3.0,0.0,0.0,18.8,7.08,3.61
2006/11/27,167.0,167.5,166.0,166.0,128.0,21321.0,0.0,0.1907,107.0,-22.0,0.0,0.0,-22.0,597.0,13.0,38.0,0.0,0.0,0.0,18.8,7.08,3.61
2006/11/28,166.0,166.0,162.0,162.5,132.0,21731.0,-2.1084,0.1967,115.0,-70.0,0.0,0.0,-70.0,597.0,7.0,7.0,0.0,0.0,0.0,18.4,6.93,3.69
2006/11/29,164.0,164.5,162.5,164.0,129.0,21123.0,0.9231,0.1922,97.0,1.0,0.0,0.0,1.0,597.0,9.0,9.0,0.0,0.0,0.0,18.57,7.0,3.66
2006/11/30,165.0,165.5,163.0,163.0,113.0,18624.0,-0.6098,0.1684,88.0,-40.0,0.0,0.0,-40.0,590.0,9.0,6.0,0.0,0.0,0.0,18.46,6.95,3.68
2006/12/01,163.0,165.5,159.5,161.5,232.0,37834.0,-0.9202,0.3456,194.0,-50.0,0.0,0.0,-50.0,591.0,19.0,18.0,0.0,0.0,0.0,18.29,6.89,3.72
2006/12/04,161.5,164.0,159.5,160.0,261.0,42075.0,-0.9288,0.3889,238.0,-50.0,0.0,0.0,-50.0,615.0,27.0,3.0,0.0,0.0,0.0,18.12,6.83,3.75
2006/12/05,160.0,163.0,158.5,160.0,136.0,21788.0,0.0,0.2026,112.0,-86.0,0.0,0.0,-86.0,626.0,21.0,10.0,0.0,0.0,0.0,18.12,6.83,3.75
2006/12/06,159.0,161.0,158.5,160.0,162.0,25926.0,0.0,0.2414,125.0,-48.0,0.0,0.0,-48.0,639.0,19.0,6.0,0.0,0.0,0.0,18.12,6.83,3.75
2006/12/07,160.0,160.0,158.5,159.0,171.0,27317.0,-0.625,0.2548,107.0,-27.0,0.0,0.0,-27.0,658.0,26.0,7.0,0.0,0.0,0.0,18.01,6.78,3.77
2006/12/08,159.0,159.5,152.0,154.0,399.0,61814.0,-3.1447,0.5945,287.0,-219.0,0.0,0.0,-219.0,687.0,46.0,17.0,0.0,0.0,0.0,17.44,6.57,3.9
2006/12/11,153.5,154.0,150.5,152.5,123.0,18685.0,-0.974,0.1833,100.0,0.0,0.0,0.0,0.0,687.0,9.0,9.0,0.0,0.0,0.0,17.27,6.51,3.93
2006/12/12,152.0,154.0,151.0,152.0,91.0,13914.0,-0.3279,0.1356,89.0,-24.0,0.0,0.0,-24.0,690.0,17.0,14.0,0.0,0.0,0.0,17.21,6.48,3.95
2006/12/13,152.0,154.0,148.5,152.0,243.0,36686.0,0.0,0.362,191.0,-172.0,0.0,0.0,-172.0,701.0,19.0,8.0,0.0,0.0,0.0,17.21,6.48,3.95
2006/12/14,152.0,154.0,149.5,150.0,372.0,56107.0,-1.3158,0.5542,238.0,-177.0,0.0,0.0,-177.0,739.0,42.0,4.0,0.0,0.0,0.0,16.99,6.4,4.0
2006/12/15,151.0,153.5,149.5,150.0,296.0,44644.0,0.0,0.441,176.0,-53.0,0.0,0.0,-53.0,777.0,60.0,22.0,0.0,0.0,0.0,16.99,6.4,4.0
2006/12/18,150.0,154.0,150.0,153.5,221.0,33727.0,2.3333,0.3293,188.0,-80.0,0.0,0.0,-80.0,753.0,18.0,42.0,0.0,1.0,1.0,17.38,6.55,3.91
2006/12/19,154.0,157.5,154.0,156.5,186.0,29105.0,1.9544,0.2771,160.0,-63.0,0.0,0.0,-63.0,760.0,34.0,27.0,0.0,1.0,0.0,17.72,6.68,3.83
2006/12/20,158.0,161.0,158.0,160.5,289.0,46221.0,2.5559,0.4306,230.0,-96.0,0.0,0.0,-96.0,776.0,74.0,58.0,0.0,1.0,0.0,18.18,6.85,3.74
2006/12/21,160.5,162.5,158.5,159.5,151.0,24280.0,-0.6231,0.225,135.0,-47.0,0.0,0.0,-47.0,742.0,17.0,50.0,0.0,1.0,0.0,18.06,6.8,3.76
2006/12/22,160.0,167.0,158.5,165.0,1334.0,218459.0,3.4483,1.9875,825.0,-700.0,0.0,278.0,-422.0,1074.0,405.0,73.0,0.0,1.0,0.0,18.69,7.04,3.64
2006/12/25,166.0,171.0,165.0,170.0,685.0,115825.0,3.0303,1.0206,490.0,0.0,0.0,324.0,324.0,1028.0,102.0,147.0,0.0,2.0,1.0,19.25,7.25,3.53
2006/12/26,170.0,172.5,166.5,166.5,620.0,105142.0,-2.0588,0.9237,316.0,-197.0,0.0,297.0,100.0,945.0,158.0,241.0,0.0,2.0,0.0,18.86,7.1,3.6
2006/12/27,166.5,170.0,165.5,166.5,1014.0,170519.0,0.0,1.5107,466.0,-274.0,0.0,31.0,-243.0,1238.0,332.0,39.0,0.0,2.0,0.0,18.86,7.1,3.6
2006/12/28,167.0,169.0,162.0,166.0,1211.0,201099.0,-0.3003,1.8042,423.0,-476.0,0.0,255.0,-221.0,1214.0,186.0,210.0,1.0,1.0,0.0,18.8,7.08,3.61
2006/12/29,166.0,166.5,164.0,166.0,482.0,79603.0,0.0,0.7181,293.0,-257.0,0.0,120.0,-137.0,1192.0,79.0,101.0,0.0,1.0,0.0,18.8,7.08,3.61
2007/01/02,165.0,167.0,165.0,166.0,350.0,58160.0,0.0,0.5215,234.0,-87.0,0.0,41.0,-46.0,1308.0,164.0,53.0,0.0,1.0,0.0,18.8,7.08,3.61
2007/01/03,166.0,170.0,165.5,168.0,701.0,118020.0,1.2048,1.0444,430.0,-154.0,30.0,44.0,-80.0,1441.0,278.0,145.0,0.0,1.0,0.0,19.03,7.17,3.57
2007/01/04,168.0,172.5,168.0,170.5,1936.0,329991.0,1.4881,2.8844,888.0,87.0,30.0,10.0,127.0,1654.0,378.0,165.0,0.0,1.0,0.0,19.31,7.27,3.52
2007/01/05,172.0,182.0,171.5,182.0,2417.0,436050.0,6.7449,3.601,1055.0,229.0,0.0,50.0,279.0,2001.0,739.0,392.0,0.0,4.0,3.0,20.61,7.76,3.3
2007/01/08,181.0,181.5,176.0,178.0,1268.0,226284.0,-2.1978,1.8892,801.0,-294.0,5.0,160.0,-129.0,2009.0,376.0,368.0,2.0,2.0,0.0,20.16,7.59,3.37
2007/01/09,177.0,181.0,177.0,180.0,539.0,96802.0,1.1236,0.803,340.0,0.0,12.0,117.0,129.0,2024.0,195.0,180.0,0.0,2.0,0.0,20.39,7.68,3.33
2007/01/10,178.0,184.0,177.0,180.5,592.0,107205.0,0.2778,0.882,378.0,0.0,18.0,128.0,146.0,1943.0,158.0,239.0,0.0,1.0,0.0,20.44,7.7,3.32
2007/01/11,178.5,180.0,171.5,174.5,1141.0,200563.0,-3.3241,1.6999,561.0,0.0,15.0,219.0,234.0,1884.0,204.0,263.0,1.0,0.0,0.0,19.76,7.44,3.44
2007/01/12,174.5,179.0,174.5,176.5,400.0,70714.0,1.1461,0.5959,226.0,0.0,13.0,70.0,83.0,1827.0,59.0,116.0,0.0,0.0,0.0,19.99,7.53,3.4
2007/01/15,179.5,180.0,177.0,179.0,260.0,46434.0,1.4164,0.3874,171.0,11.0,0.0,-20.0,-9.0,1856.0,84.0,55.0,0.0,1.0,1.0,20.27,7.64,3.35
2007/01/16,179.0,180.0,177.5,179.0,158.0,28384.0,0.0,0.2354,121.0,0.0,0.0,0.0,0.0,1822.0,26.0,60.0,0.0,1.0,0.0,20.27,7.64,3.35
2007/01/17,179.5,183.0,179.5,181.0,457.0,83079.0,1.1173,0.6809,264.0,0.0,-38.0,20.0,-18.0,1814.0,113.0,121.0,1.0,0.0,0.0,20.5,7.72,3.31
2007/01/18,181.5,183.0,180.0,182.0,286.0,51852.0,0.5525,0.4261,173.0,0.0,50.0,18.0,68.0,1830.0,56.0,40.0,0.0,0.0,0.0,20.61,7.76,3.3
2007/01/19,182.0,183.0,181.0,182.0,387.0,70556.0,0.0,0.5766,232.0,90.0,-65.0,117.0,142.0,1833.0,91.0,87.0,0.0,0.0,0.0,20.61,7.76,3.3
2007/01/22,182.0,182.0,177.0,178.0,445.0,79517.0,-2.1978,0.663,217.0,-76.0,-75.0,113.0,-38.0,1801.0,78.0,110.0,0.0,0.0,0.0,20.16,7.59,3.37
2007/01/23,177.0,178.0,175.0,175.5,285.0,50370.0,-1.4045,0.4246,167.0,-79.0,-26.0,71.0,-34.0,1808.0,50.0,43.0,0.0,0.0,0.0,19.88,7.49,3.42
2007/01/24,177.5,179.0,174.0,175.0,447.0,78530.0,-0.2849,0.666,263.0,-139.0,-68.0,54.0,-153.0,1821.0,57.0,44.0,0.0,0.0,0.0,19.82,7.47,3.43
2007/01/25,176.0,176.0,175.0,175.5,153.0,26839.0,0.2857,0.2279,104.0,24.0,0.0,0.0,24.0,1829.0,16.0,8.0,0.0,0.0,0.0,19.88,7.49,3.42
2007/01/26,175.5,176.0,174.5,176.0,134.0,23485.0,0.2849,0.1996,84.0,6.0,0.0,0.0,6.0,1810.0,8.0,27.0,0.0,0.0,0.0,19.93,7.51,3.41
2007/01/29,176.0,177.5,175.0,176.5,414.0,72907.0,0.2841,0.6168,225.0,-55.0,-28.0,126.0,43.0,1810.0,18.0,18.0,0.0,12.0,12.0,19.99,7.53,3.4
2007/01/30,177.0,177.0,175.0,176.0,155.0,27255.0,-0.2833,0.2309,95.0,38.0,0.0,-23.0,15.0,1785.0,5.0,30.0,0.0,12.0,0.0,19.93,7.51,3.41
2007/01/31,176.5,177.5,175.5,175.5,323.0,57010.0,-0.2841,0.4812,199.0,63.0,-5.0,-50.0,8.0,1752.0,8.0,41.0,0.0,13.0,1.0,19.88,7.49,3.42
2007/02/01,176.0,177.0,175.0,177.0,181.0,31879.0,0.8547,0.2697,113.0,34.0,30.0,-15.0,49.0,1715.0,2.0,37.0,0.0,13.0,0.0,20.05,7.55,3.39
2007/02/02,177.0,178.0,176.5,177.0,127.0,22501.0,0.0,0.1892,88.0,0.0,5.0,-20.0,-15.0,1716.0,15.0,14.0,0.0,13.0,0.0,20.05,7.55,3.39
2007/02/05,177.0,178.0,176.0,176.0,101.0,17880.0,-0.565,0.1505,68.0,9.0,8.0,-11.0,6.0,1706.0,5.0,15.0,0.0,13.0,0.0,19.93,7.51,3.41
2007/02/06,177.0,177.5,175.5,176.0,175.0,30947.0,0.0,0.2607,101.0,7.0,-17.0,10.0,0.0,1704.0,23.0,25.0,0.0,13.0,0.0,19.93,7.51,3.41
2007/02/07,177.0,177.0,174.5,176.0,180.0,31657.0,0.0,0.2682,101.0,-27.0,-30.0,15.0,-42.0,1713.0,13.0,4.0,0.0,13.0,0.0,19.93,7.51,3.41
2007/02/08,176.0,176.0,174.5,176.0,131.0,22994.0,0.0,0.1952,85.0,50.0,-3.0,18.0,65.0,1682.0,2.0,30.0,0.0,14.0,1.0,19.93,7.51,3.41
2007/02/09,176.5,177.0,175.0,176.5,127.0,22367.0,0.2841,0.1892,85.0,35.0,3.0,0.0,38.0,1665.0,1.0,18.0,0.0,14.0,0.0,19.99,7.53,3.4
2007/02/12,177.0,177.0,175.0,175.5,91.0,16063.0,-0.5666,0.1356,71.0,24.0,3.0,0.0,27.0,1669.0,18.0,14.0,0.0,14.0,0.0,19.88,7.49,3.42
2007/02/13,175.5,177.0,175.0,175.5,139.0,24449.0,0.0,0.2071,101.0,41.0,-30.0,0.0,11.0,1662.0,3.0,8.0,0.0,14.0,0.0,19.88,7.49,3.42
2007/02/14,175.0,177.0,175.0,176.0,169.0,29751.0,0.2849,0.2518,107.0,33.0,-45.0,0.0,-12.0,1651.0,5.0,15.0,0.0,14.0,0.0,19.93,7.51,3.41
2007/02/26,177.0,178.0,176.5,177.0,143.0,25372.0,0.5682,0.2131,93.0,0.0,0.0,-10.0,-10.0,1660.0,34.0,24.0,12.0,2.0,0.0,20.05,7.55,3.39
2007/02/27,177.0,177.0,175.5,175.5,123.0,21695.0,-0.8475,0.1833,89.0,26.0,-15.0,-10.0,1.0,1660.0,8.0,8.0,0.0,2.0,0.0,19.88,7.49,3.42
2007/03/01,174.0,175.0,173.5,175.0,156.0,27193.0,-0.2849,0.2324,93.0,19.0,6.0,-5.0,20.0,1647.0,15.0,28.0,1.0,1.0,0.0,19.82,7.47,3.43
2007/03/02,175.0,176.0,170.0,172.0,287.0,49863.0,-1.7143,0.4276,182.0,0.0,0.0,-54.0,-54.0,1691.0,70.0,25.0,0.0,1.0,0.0,19.48,7.34,3.49
2007/03/03,172.0,172.0,170.0,171.5,162.0,27641.0,-0.2907,0.2414,109.0,0.0,-50.0,-2.0,-52.0,1677.0,16.0,30.0,0.0,1.0,0.0,19.42,7.32,3.5
2007/03/05,169.0,171.5,166.0,168.0,167.0,28292.0,-2.0408,0.2488,137.0,-53.0,5.0,-7.0,-55.0,1670.0,12.0,19.0,0.0,1.0,0.0,19.03,7.17,3.57
2007/03/06,168.0,171.0,167.5,168.0,142.0,23994.0,0.0,0.2116,105.0,-78.0,3.0,0.0,-75.0,1686.0,22.0,6.0,1.0,2.0,2.0,19.03,7.17,3.57
2007/03/07,170.0,171.0,168.5,169.0,119.0,20160.0,0.5952,0.1773,82.0,-31.0,0.0,0.0,-31.0,1703.0,21.0,4.0,2.0,0.0,0.0,19.14,7.21,3.55
2007/03/08,171.0,171.0,167.5,169.0,174.0,29322.0,0.0,0.2592,134.0,0.0,-56.0,0.0,-56.0,1720.0,29.0,12.0,0.0,0.0,0.0,19.14,7.21,3.55
2007/03/09,169.5,170.0,168.0,169.0,96.0,16258.0,0.0,0.143,72.0,-15.0,0.0,0.0,-15.0,1719.0,12.0,13.0,0.0,0.0,0.0,19.14,7.21,3.55
2007/03/12,169.0,169.0,167.0,167.0,79.0,13292.0,-1.1834,0.1177,56.0,-25.0,0.0,0.0,-25.0,1706.0,7.0,20.0,0.0,0.0,0.0,18.91,7.12,3.59
2007/03/13,167.0,168.0,166.0,166.0,52.0,8748.0,-0.5988,0.0775,44.0,-8.0,4.0,0.0,-4.0,1695.0,8.0,19.0,0.0,0.0,0.0,18.8,7.08,3.61
2007/03/14,166.0,166.0,164.0,164.0,107.0,17692.0,-1.2048,0.1594,71.0,-6.0,7.0,0.0,1.0,1658.0,11.0,48.0,0.0,0.0,0.0,18.57,7.0,3.66
2007/03/15,164.0,169.0,164.0,168.0,188.0,31327.0,2.439,0.2801,124.0,-53.0,0.0,0.0,-53.0,1723.0,93.0,28.0,0.0,2.0,2.0,19.03,7.17,3.57
2007/03/16,169.0,170.0,168.5,169.0,136.0,23077.0,0.5952,0.2026,84.0,-25.0,52.0,0.0,27.0,1731.0,28.0,18.0,0.0,6.0,4.0,19.14,7.21,3.55
2007/03/19,168.0,170.0,167.0,167.0,84.0,14138.0,-1.1834,0.1251,50.0,-11.0,0.0,0.0,-11.0,1698.0,10.0,13.0,1.0,5.0,0.0,18.91,7.12,3.59
2007/03/20,168.0,168.0,166.0,166.0,118.0,19690.0,-0.5988,0.1758,77.0,-11.0,-35.0,0.0,-46.0,1689.0,16.0,25.0,4.0,1.0,0.0,18.8,7.08,3.61
2007/03/21,166.0,166.0,163.5,165.0,160.0,26329.0,-0.6024,0.2384,80.0,-20.0,43.0,0.0,23.0,1682.0,18.0,25.0,0.0,1.0,0.0,18.69,7.04,3.64
2007/03/22,165.0,166.0,164.0,164.0,92.0,15140.0,-0.6061,0.1371,58.0,-13.0,0.0,0.0,-13.0,1697.0,27.0,12.0,0.0,1.0,0.0,18.57,7.0,3.66
2007/03/23,165.0,165.0,161.5,162.0,205.0,33330.0,-1.2195,0.3054,138.0,0.0,0.0,0.0,0.0,1669.0,40.0,68.0,1.0,0.0,0.0,18.35,6.91,3.7
2007/03/26,162.0,164.0,159.0,160.0,279.0,44858.0,-1.2346,0.4157,187.0,0.0,10.0,0.0,10.0,1704.0,53.0,12.0,0.0,0.0,0.0,18.12,6.83,3.75
2007/03/27,160.0,161.0,159.0,161.0,127.0,20372.0,0.625,0.1892,100.0,0.0,0.0,0.0,0.0,1705.0,24.0,13.0,0.0,0.0,0.0,18.23,6.87,3.73
2007/03/28,161.0,161.0,159.0,160.0,120.0,19200.0,-0.6211,0.1788,78.0,0.0,11.0,0.0,11.0,1713.0,26.0,18.0,0.0,0.0,0.0,18.12,6.83,3.75
2007/03/29,160.0,160.5,159.0,160.0,129.0,20659.0,0.0,0.1922,94.0,0.0,0.0,0.0,0.0,1723.0,23.0,13.0,0.0,0.0,0.0,18.12,6.83,3.75
2007/03/30,160.5,169.5,160.5,167.0,282.0,46737.0,4.375,0.4201,220.0,0.0,0.0,0.0,0.0,1757.0,84.0,50.0,0.0,0.0,0.0,18.91,7.12,3.59
2007/04/02,167.0,167.0,163.5,163.5,111.0,18238.0,-2.0958,0.1654,86.0,0.0,0.0,0.0,0.0,1752.0,13.0,15.0,0.0,0.0,0.0,18.52,6.98,3.67
2007/04/03,163.5,167.0,163.5,166.0,130.0,21570.0,1.5291,0.1937,102.0,0.0,0.0,1.0,1.0,1765.0,33.0,20.0,0.0,3.0,3.0,18.8,7.08,3.61
2007/04/04,166.0,167.0,162.5,162.5,132.0,21708.0,-2.1084,0.1967,101.0,0.0,-32.0,0.0,-32.0,1757.0,19.0,25.0,0.0,3.0,0.0,18.4,6.93,3.69
2007/04/09,163.0,165.5,161.5,162.0,169.0,27610.0,-0.3077,0.2518,112.0,-5.0,-47.0,0.0,-52.0,1772.0,29.0,9.0,0.0,3.0,0.0,18.35,6.91,3.7
2007/04/10,162.5,162.5,160.5,162.0,155.0,25061.0,0.0,0.2309,98.0,-8.0,0.0,0.0,-8.0,1781.0,17.0,8.0,0.0,3.0,0.0,18.35,6.91,3.7
2007/04/11,162.0,166.0,162.0,163.0,180.0,29504.0,0.6173,0.2682,140.0,0.0,0.0,2.0,2.0,1795.0,38.0,24.0,0.0,3.0,0.0,18.46,6.95,3.68
2007/04/12,163.0,164.5,162.5,163.0,125.0,20470.0,0.0,0.1862,95.0,-7.0,0.0,4.0,-3.0,1797.0,12.0,8.0,0.0,3.0,0.0,18.46,6.95,3.68
2007/04/13,163.0,164.5,159.0,160.0,243.0,39031.0,-1.8405,0.362,170.0,0.0,0.0,5.0,5.0,1834.0,44.0,7.0,0.0,3.0,0.0,18.12,6.83,3.75
2007/04/14,161.0,161.0,159.5,160.0,114.0,18310.0,0.0,0.1698,85.0,0.0,-28.0,3.0,-25.0,1843.0,19.0,10.0,0.0,3.0,0.0,18.12,6.83,3.75
2007/04/16,161.0,161.0,159.0,160.0,140.0,22375.0,0.0,0.2086,68.0,-34.0,5.0,0.0,-29.0,1851.0,18.0,8.0,0.0,3.0,0.0,18.12,6.83,3.75
2007/04/17,160.0,161.0,154.5,155.0,322.0,50422.0,-3.125,0.4797,184.0,-22.0,-12.0,18.0,-16.0,1930.0,101.0,22.0,3.0,0.0,0.0,17.55,6.61,3.87
2007/04/18,155.0,156.0,151.0,153.0,380.0,58046.0,-1.2903,0.5662,267.0,-53.0,5.0,0.0,-48.0,1976.0,65.0,19.0,0.0,0.0,0.0,17.33,6.53,3.92
2007/04/19,153.0,154.0,150.0,153.5,260.0,39529.0,0.3268,0.3874,179.0,-85.0,5.0,0.0,-80.0,2011.0,40.0,5.0,0.0,0.0,0.0,17.38,6.55,3.91
2007/04/20,153.5,154.0,151.5,152.0,178.0,27165.0,-0.9772,0.2652,114.0,-50.0,5.0,0.0,-45.0,2031.0,31.0,8.0,0.0,0.0,0.0,17.21,6.48,3.95
2007/04/23,152.0,153.0,149.5,150.0,209.0,31509.0,-1.3158,0.3114,168.0,-73.0,5.0,0.0,-68.0,2025.0,0.0,6.0,0.0,0.0,0.0,16.99,6.4,4.0
2007/04/24,150.0,152.5,150.0,151.5,118.0,17969.0,1.0,0.1758,100.0,0.0,5.0,0.0,5.0,2006.0,0.0,19.0,0.0,0.0,0.0,17.16,6.46,3.96
2007/04/25,152.5,152.5,149.5,150.0,149.0,22495.0,-0.9901,0.222,115.0,-9.0,5.0,-8.0,-12.0,2004.0,0.0,2.0,0.0,0.0,0.0,16.99,6.4,4.0
2007/04/26,150.5,152.0,150.0,151.0,142.0,21384.0,0.6667,0.2116,106.0,-22.0,-8.0,-18.0,-48.0,2035.0,37.0,6.0,0.0,0.0,0.0,17.1,6.44,3.97
2007/04/27,151.0,151.5,150.0,151.0,66.0,9963.0,0.0,0.0983,48.0,0.0,5.0,-6.0,-1.0,2032.0,15.0,2.0,0.0,0.0,0.0,17.1,6.44,3.97
2007/04/30,152.0,152.0,148.5,149.0,170.0,25495.0,-1.3245,0.2533,127.0,0.0,-20.0,-25.0,-45.0,2051.0,24.0,5.0,0.0,1.0,1.0,16.87,6.36,4.03
2007/05/02,149.0,150.5,148.5,149.0,123.0,18471.0,0.0,0.1833,96.0,-43.0,5.0,-10.0,-48.0,2041.0,7.0,17.0,1.0,0.0,0.0,16.87,6.36,4.03
2007/05/03,149.0,156.5,149.0,150.5,935.0,141838.0,1.0067,1.393,576.0,-288.0,-77.0,-6.0,-371.0,2167.0,164.0,38.0,0.0,8.0,8.0,17.04,6.42,3.99
2007/05/04,151.0,154.5,151.0,153.0,249.0,38242.0,1.6611,0.371,179.0,-49.0,5.0,19.0,-25.0,2184.0,54.0,37.0,0.0,15.0,7.0,17.33,6.53,3.92
2007/05/07,153.0,156.5,151.0,152.0,266.0,40650.0,-0.6536,0.3963,179.0,-178.0,5.0,0.0,-173.0,2232.0,79.0,31.0,1.0,14.0,0.0,17.21,6.48,3.95
2007/05/08,153.0,153.5,149.5,150.5,274.0,41298.0,-0.9868,0.4082,204.0,-202.0,10.0,-7.0,-199.0,2275.0,60.0,17.0,12.0,2.0,0.0,17.04,6.42,3.99
2007/05/09,151.0,153.0,150.0,152.5,169.0,25672.0,1.3289,0.2518,144.0,-50.0,55.0,0.0,5.0,2304.0,60.0,31.0,0.0,4.0,2.0,17.27,6.51,3.93
2007/05/10,153.0,154.0,152.0,152.0,171.0,26146.0,-0.3279,0.2548,109.0,-45.0,95.0,0.0,50.0,2270.0,13.0,47.0,0.0,34.0,30.0,18.77,5.34,3.95
2007/05/11,151.0,152.0,151.0,151.5,116.0,17597.0,-0.3289,0.1728,85.0,-39.0,55.0,8.0,24.0,2262.0,3.0,11.0,0.0,34.0,0.0,18.7,5.33,3.96
2007/05/14,153.0,153.0,151.0,151.5,109.0,16507.0,0.0,0.1624,78.0,-38.0,50.0,13.0,25.0,2261.0,20.0,20.0,0.0,34.0,0.0,18.7,5.33,3.96
2007/05/15,151.5,151.5,147.5,148.5,236.0,35152.0,-1.9802,0.3516,148.0,-56.0,10.0,-60.0,-106.0,2291.0,51.0,21.0,1.0,33.0,0.0,18.33,5.22,4.04
2007/05/16,149.0,150.5,149.0,149.5,187.0,28092.0,0.6734,0.2786,100.0,-92.0,110.0,26.0,44.0,2281.0,21.0,24.0,0.0,33.0,0.0,18.46,5.25,4.01
2007/05/17,150.0,150.5,149.5,149.5,40.0,6000.0,0.0,0.0596,26.0,-6.0,0.0,0.0,-6.0,2262.0,3.0,22.0,0.0,33.0,0.0,18.46,5.25,4.01
2007/05/18,149.0,149.5,143.5,145.0,471.0,69310.0,-3.01,0.7017,265.0,-294.0,50.0,26.0,-218.0,2318.0,93.0,34.0,0.0,33.0,0.0,17.9,5.1,4.14
2007/05/21,148.5,150.0,145.0,145.0,202.0,29592.0,0.0,0.301,156.0,-89.0,0.0,18.0,-71.0,2319.0,37.0,36.0,2.0,35.0,4.0,17.9,5.1,4.14
2007/05/22,145.0,149.5,144.5,148.0,673.0,99728.0,2.069,1.0027,344.0,-302.0,245.0,50.0,-7.0,2306.0,51.0,64.0,3.0,33.0,1.0,18.27,5.2,4.05
2007/05/23,150.0,153.5,149.5,153.0,596.0,90375.0,3.3784,0.888,405.0,-170.0,20.0,0.0,-150.0,2392.0,148.0,61.0,1.0,32.0,0.0,18.89,5.38,3.92
2007/05/24,154.0,159.0,154.0,158.0,731.0,114874.0,3.268,1.0891,489.0,-67.0,118.0,0.0,51.0,2447.0,245.0,189.0,1.0,38.0,7.0,19.51,5.55,3.8
2007/05/25,157.0,158.0,156.0,157.0,381.0,59872.0,-0.6329,0.5676,272.0,-139.0,60.0,34.0,-45.0,2423.0,64.0,88.0,10.0,28.0,0.0,19.38,5.52,3.82
2007/05/28,159.0,160.0,156.5,158.0,246.0,38927.0,0.6369,0.3665,195.0,-60.0,0.0,-6.0,-66.0,2425.0,50.0,48.0,0.0,31.0,3.0,19.51,5.55,3.8
2007/05/29,159.0,159.0,155.0,156.0,271.0,42487.0,-1.2658,0.4038,171.0,-35.0,0.0,-3.0,-38.0,2424.0,49.0,50.0,0.0,31.0,0.0,19.26,5.48,3.85
2007/05/30,156.0,157.5,154.0,155.5,189.0,29375.0,-0.3205,0.2816,138.0,-26.0,-18.0,-10.0,-54.0,2443.0,34.0,15.0,0.0,31.0,0.0,19.2,5.47,3.86
2007/05/31,156.0,157.0,151.5,156.0,480.0,74033.0,0.3215,0.7151,297.0,-139.0,-23.0,-65.0,-227.0,2504.0,101.0,40.0,20.0,4.0,0.0,19.26,5.48,3.85
2007/06/01,156.5,166.5,156.5,166.5,2600.0,431547.0,6.7308,3.8737,664.0,330.0,-147.0,-131.0,52.0,3197.0,959.0,266.0,3.0,17.0,16.0,20.56,5.85,3.6
2007/06/04,169.5,176.0,169.5,174.5,2698.0,464173.0,4.8048,4.0197,1291.0,240.0,100.0,-29.0,311.0,3675.0,1022.0,544.0,0.0,25.0,8.0,21.54,6.13,3.44
2007/06/05,175.5,186.5,173.0,185.0,2978.0,539653.0,6.0172,4.4368,1494.0,230.0,135.0,227.0,592.0,4024.0,1045.0,696.0,3.0,42.0,20.0,22.84,6.5,3.24
2007/06/06,185.0,195.5,184.0,185.0,1717.0,324669.0,0.0,2.5581,1106.0,0.0,35.0,165.0,200.0,4314.0,761.0,471.0,7.0,45.0,11.0,22.84,6.5,3.24
2007/06/07,184.0,193.0,183.0,188.0,1169.0,220588.0,1.6216,1.7417,696.0,59.0,0.0,-66.0,-7.0,4607.0,474.0,181.0,2.0,48.0,5.0,23.21,6.61,3.19
2007/06/08,185.0,197.5,185.0,194.0,1555.0,301465.0,3.1915,2.3167,884.0,50.0,0.0,84.0,134.0,4794.0,573.0,386.0,1.0,64.0,17.0,23.95,6.82,3.09
2007/06/11,197.5,204.0,197.5,202.5,1395.0,280885.0,4.3814,2.0784,800.0,20.0,145.0,-30.0,135.0,4925.0,509.0,378.0,0.0,76.0,13.0,25.0,7.12,2.96
2007/06/12,203.0,208.0,197.0,197.5,858.0,173091.0,-2.4691,1.2783,604.0,0.0,50.0,-84.0,-34.0,4926.0,349.0,348.0,7.0,69.0,0.0,24.38,6.94,3.04
2007/06/13,197.5,202.5,194.5,196.5,568.0,113423.0,-0.5063,0.8462,378.0,0.0,25.0,-42.0,-17.0,4931.0,205.0,200.0,10.0,59.0,0.0,24.26,6.91,3.05
2007/06/14,200.0,210.0,192.0,210.0,2268.0,461035.0,6.8702,3.379,1238.0,0.0,66.0,-151.0,-85.0,5145.0,841.0,627.0,3.0,71.0,15.0,25.93,7.38,2.86
2007/06/15,210.0,218.0,206.0,209.0,1899.0,402508.0,-0.4762,2.8293,1071.0,130.0,96.0,-312.0,-86.0,5342.0,943.0,746.0,4.0,68.0,1.0,25.8,7.35,2.87
2007/06/20,208.0,209.0,198.5,206.0,1133.0,231631.0,-1.4354,1.688,672.0,5.0,0.0,-40.0,-35.0,5055.0,275.0,562.0,9.0,59.0,0.0,25.43,7.24,2.91
2007/06/21,205.0,209.0,201.5,204.0,606.0,125074.0,-0.9709,0.9029,330.0,0.0,95.0,-165.0,-70.0,5043.0,174.0,186.0,1.0,60.0,2.0,25.19,7.17,2.94
2007/06/22,204.0,208.0,201.0,201.5,806.0,164312.0,-1.2255,1.2008,491.0,0.0,0.0,-47.0,-47.0,5043.0,380.0,380.0,0.0,60.0,0.0,24.88,7.08,2.98
2007/06/23,200.5,206.0,200.5,204.5,403.0,81986.0,1.4888,0.6004,270.0,0.0,0.0,-9.0,-9.0,5032.0,171.0,180.0,0.0,60.0,0.0,25.25,7.19,2.93
2007/06/25,205.0,217.0,202.5,212.0,1177.0,248966.0,3.6675,1.7536,750.0,10.0,20.0,-107.0,-77.0,5148.0,521.0,405.0,0.0,64.0,4.0,26.17,7.45,2.83
2007/06/26,214.0,216.5,205.0,212.0,784.0,165821.0,0.0,1.1681,512.0,0.0,90.0,-31.0,59.0,5088.0,275.0,335.0,1.0,65.0,2.0,26.17,7.45,2.83
2007/06/27,212.0,226.5,210.5,226.5,1968.0,438814.0,6.8396,2.9321,981.0,20.0,506.0,31.0,557.0,5136.0,646.0,598.0,1.0,92.0,28.0,27.96,7.96,2.65
2007/06/28,233.5,242.0,233.5,241.5,2348.0,564060.0,6.6225,3.4982,1150.0,20.0,326.0,-70.0,276.0,5044.0,759.0,851.0,9.0,109.0,26.0,29.81,8.49,2.48
2007/06/29,243.5,247.0,234.0,235.0,1369.0,327803.0,-2.6915,2.0396,927.0,-40.0,136.0,-113.0,-17.0,4857.0,501.0,688.0,13.0,96.0,0.0,29.01,8.26,2.55
2007/07/02,235.0,239.0,235.0,236.5,396.0,93758.0,0.6383,0.59,270.0,-36.0,0.0,-44.0,-80.0,4876.0,158.0,139.0,1.0,95.0,0.0,29.2,8.31,2.54
2007/07/03,239.0,245.0,238.0,239.0,641.0,154767.0,1.0571,0.955,399.0,61.0,77.0,-10.0,128.0,4913.0,253.0,216.0,0.0,105.0,10.0,29.51,8.4,2.51
2007/07/04,240.0,245.0,230.0,230.0,637.0,149617.0,-3.7657,0.949,432.0,-30.0,-40.0,-16.0,-86.0,4925.0,296.0,283.0,18.0,88.0,1.0,28.4,8.08,2.61
2007/07/05,230.0,240.0,227.5,240.0,1254.0,294217.0,4.3478,1.8683,693.0,85.0,-46.0,-154.0,-115.0,4838.0,334.0,421.0,11.0,80.0,3.0,29.63,8.44,2.5
2007/07/06,240.0,243.5,235.0,235.0,504.0,120914.0,-2.0833,0.7509,349.0,-10.0,100.0,0.0,90.0,4831.0,171.0,178.0,0.0,83.0,3.0,29.01,8.26,2.55
2007/07/09,237.0,251.0,237.0,247.0,1710.0,424946.0,5.1064,2.5477,766.0,13.0,187.0,-340.0,-140.0,4906.0,606.0,531.0,12.0,109.0,38.0,30.49,8.68,2.43
2007/07/10,244.0,256.0,243.5,255.0,1023.0,256644.0,3.2389,1.5241,664.0,40.0,188.0,-41.0,187.0,4787.0,353.0,472.0,12.0,108.0,11.0,31.48,8.96,2.35
2007/07/11,255.0,257.0,250.0,252.0,519.0,131915.0,-1.1765,0.7732,360.0,-21.0,78.0,-19.0,38.0,4677.0,176.0,286.0,2.0,109.0,3.0,31.11,8.86,2.38
2007/07/12,253.5,254.0,245.5,245.5,552.0,137713.0,-2.5794,0.8224,324.0,-20.0,-81.0,0.0,-101.0,4539.0,177.0,315.0,5.0,108.0,5.0,30.31,8.63,2.44
2007/07/13,246.5,249.0,241.5,241.5,560.0,136733.0,-1.6293,0.8343,396.0,0.0,-78.0,-3.0,-81.0,4485.0,225.0,279.0,1.0,113.0,6.0,29.81,8.49,2.48
2007/07/16,241.5,241.5,228.5,228.5,494.0,115502.0,-5.383,0.736,340.0,0.0,14.0,-92.0,-78.0,4485.0,196.0,196.0,9.0,100.0,0.0,28.21,8.03,2.63
2007/07/17,227.0,235.0,227.0,229.0,472.0,109029.0,0.2188,0.7032,331.0,10.0,-100.0,-27.0,-117.0,4542.0,230.0,173.0,3.0,97.0,1.0,28.27,8.05,2.62
2007/07/18,229.0,234.0,227.0,230.0,587.0,135067.0,0.4367,0.8746,234.0,-50.0,67.0,-81.0,-64.0,4592.0,173.0,122.0,2.0,95.0,1.0,28.4,8.08,2.61
2007/07/19,230.0,234.5,229.0,230.0,339.0,79009.0,0.0,0.5051,194.0,2.0,-30.0,-17.0,-45.0,4650.0,156.0,98.0,6.0,100.0,11.0,28.4,8.08,2.61
2007/07/20,246.0,246.0,242.0,246.0,1118.0,274803.0,6.9565,1.6657,489.0,120.0,127.0,-84.0,163.0,4841.0,423.0,229.0,2.0,106.0,8.0,30.37,8.65,2.44
2007/07/23,247.0,247.0,236.5,236.5,1027.0,246738.0,-3.8618,1.5301,738.0,-80.0,-63.0,-3.0,-146.0,4911.0,501.0,399.0,14.0,92.0,0.0,29.2,8.31,2.54
2007/07/24,236.5,239.0,230.5,232.0,486.0,113939.0,-1.9027,0.7241,340.0,12.0,-120.0,-9.0,-117.0,4838.0,184.0,256.0,11.0,81.0,0.0,28.64,8.15,2.59
2007/07/25,232.0,247.5,232.0,240.0,1054.0,255804.0,3.4483,1.5693,646.0,-35.0,-7.0,15.0,-27.0,4854.0,458.0,436.0,0.0,87.0,6.0,29.63,8.44,2.5
2007/07/26,242.5,248.0,231.5,237.0,846.0,203132.0,-1.25,1.2596,537.0,-4.0,-75.0,-75.0,-154.0,4950.0,357.0,261.0,1.0,89.0,3.0,29.26,8.33,2.53
2007/07/27,231.0,243.0,230.0,235.0,472.0,112158.0,-0.8439,0.7028,321.0,-8.0,20.0,4.0,16.0,4963.0,210.0,182.0,1.0,112.0,24.0,29.01,8.26,2.55
2007/07/30,232.0,235.0,220.0,220.0,919.0,207295.0,-6.383,1.3683,448.0,10.0,10.0,-466.0,-446.0,4913.0,231.0,277.0,41.0,71.0,0.0,27.16,7.73,2.73
2007/07/31,223.0,229.5,223.0,224.0,392.0,88506.0,1.8182,0.5836,226.0,17.0,0.0,-41.0,-24.0,4929.0,138.0,126.0,0.0,73.0,2.0,27.65,7.87,2.68
2007/08/01,225.0,229.5,222.5,225.0,272.0,61570.0,0.4464,0.405,203.0,-76.0,0.0,5.0,-71.0,4906.0,96.0,99.0,0.0,74.0,1.0,27.78,7.91,2.67
2007/08/02,229.0,233.0,220.5,223.5,472.0,107057.0,-0.6667,0.7028,331.0,47.0,-37.0,9.0,19.0,4832.0,156.0,230.0,0.0,74.0,0.0,27.59,7.86,2.68
2007/08/03,227.0,230.0,223.5,224.0,124.0,28093.0,0.2237,0.1846,100.0,0.0,0.0,2.0,2.0,4807.0,47.0,72.0,0.0,75.0,1.0,27.65,7.87,2.68
2007/08/06,220.0,225.0,215.0,223.0,343.0,75392.0,-0.4464,0.5107,201.0,0.0,-95.0,0.0,-95.0,4737.0,93.0,123.0,2.0,74.0,1.0,27.53,7.84,2.69
2007/08/07,226.0,226.0,217.0,220.0,169.0,37360.0,-1.3453,0.2516,122.0,0.0,0.0,0.0,0.0,4675.0,63.0,125.0,5.0,69.0,0.0,27.16,7.73,2.73
2007/08/08,219.0,226.0,219.0,226.0,158.0,35206.0,2.7273,0.2352,108.0,13.0,-22.0,1.0,-8.0,4680.0,48.0,32.0,3.0,66.0,0.0,27.9,7.94,2.65
2007/08/09,230.0,237.5,226.0,232.0,651.0,151859.0,2.6549,0.9693,433.0,-7.0,30.0,23.0,46.0,4708.0,244.0,216.0,0.0,68.0,2.0,28.64,8.15,2.59
2007/08/10,229.0,229.0,226.0,228.0,181.0,41213.0,-1.7241,0.2695,139.0,0.0,-20.0,-3.0,-23.0,4711.0,85.0,82.0,2.0,66.0,0.0,28.15,8.01,2.63
2007/08/13,230.0,230.0,221.0,222.0,189.0,42435.0,-2.6316,0.2814,122.0,0.0,0.0,-2.0,-2.0,4643.0,77.0,145.0,0.0,66.0,0.0,27.41,7.8,2.7
2007/08/14,224.0,227.0,220.0,220.0,292.0,65095.0,-0.9009,0.4348,183.0,12.0,-26.0,-2.0,-16.0,4657.0,52.0,36.0,1.0,65.0,0.0,27.16,7.73,2.73
2007/08/15,219.0,220.0,205.0,205.0,506.0,106398.0,-6.8182,0.7534,312.0,6.0,-92.0,-7.0,-93.0,4579.0,130.0,208.0,11.0,54.0,0.0,25.31,7.21,2.93
2007/08/16,191.0,196.0,191.0,191.0,428.0,81891.0,-6.8293,0.6372,257.0,-27.0,-58.0,-26.0,-111.0,4535.0,123.0,162.0,36.0,18.0,0.0,23.58,6.71,3.14
2007/08/17,191.0,195.0,178.0,183.0,405.0,75127.0,-4.1885,0.603,312.0,-7.0,10.0,-20.0,-17.0,4426.0,69.0,177.0,2.0,18.0,2.0,22.59,6.43,3.28
2007/08/20,194.5,195.5,188.0,195.5,257.0,49501.0,6.8306,0.3826,164.0,2.0,0.0,7.0,9.0,4458.0,92.0,60.0,2.0,17.0,1.0,24.14,6.87,3.07
2007/08/21,195.5,198.0,190.5,195.5,156.0,30429.0,0.0,0.2323,126.0,0.0,0.0,-2.0,-2.0,4427.0,24.0,55.0,0.0,17.0,0.0,24.14,6.87,3.07
2007/08/22,197.0,197.0,182.0,189.0,171.0,32151.0,-3.3248,0.2546,129.0,0.0,4.0,-3.0,1.0,4372.0,39.0,90.0,3.0,14.0,0.0,23.33,6.64,3.17
2007/08/23,194.0,201.0,192.0,194.0,319.0,63146.0,2.6455,0.475,191.0,6.0,1.0,6.0,13.0,4474.0,177.0,74.0,0.0,14.0,0.0,23.95,6.82,3.09
2007/08/24,196.0,201.5,196.0,198.0,184.0,36648.0,2.0619,0.274,144.0,0.0,50.0,-5.0,45.0,4443.0,49.0,80.0,11.0,3.0,0.0,24.44,6.96,3.03
2007/08/27,204.5,204.5,198.0,200.0,196.0,39330.0,1.0101,0.2918,145.0,-40.0,0.0,3.0,-37.0,4451.0,76.0,67.0,3.0,0.0,0.0,24.69,7.03,3.0
2007/08/28,201.0,204.0,200.0,201.0,142.0,28575.0,0.5,0.2114,114.0,0.0,-30.0,0.0,-30.0,4426.0,0.0,25.0,0.0,0.0,0.0,24.81,7.07,2.99
2007/08/29,196.0,202.5,191.0,200.5,441.0,87023.0,-0.2488,0.6566,327.0,42.0,-50.0,0.0,-8.0,4337.0,0.0,88.0,0.0,0.0,0.0,24.75,7.05,2.99
2007/08/30,205.0,214.5,203.0,214.5,1138.0,238362.0,6.9825,1.6944,725.0,65.0,-125.0,91.0,31.0,4172.0,0.0,165.0,0.0,0.0,0.0,26.48,7.54,2.8
2007/08/31,189.0,190.5,178.5,190.0,888.0,165857.0,-0.9423,1.1939,628.0,0.0,-21.0,-18.0,-39.0,4387.0,266.0,51.0,0.0,9.0,9.0,23.46,6.68,3.16
2007/09/03,190.0,193.0,188.0,191.0,334.0,63515.0,0.5263,0.4491,260.0,0.0,30.0,-20.0,10.0,4383.0,64.0,68.0,0.0,27.0,18.0,23.58,6.71,2.36
2007/09/04,188.5,197.5,188.5,194.0,430.0,83603.0,1.5707,0.5781,329.0,-5.0,20.0,-18.0,-3.0,4363.0,95.0,115.0,0.0,36.0,9.0,23.95,6.82,2.32
2007/09/05,194.0,196.5,192.5,194.0,151.0,29450.0,0.0,0.203,122.0,0.0,5.0,-8.0,-3.0,4329.0,12.0,46.0,0.0,40.0,4.0,23.95,6.82,2.32
2007/09/06,194.0,198.0,194.0,197.0,254.0,49651.0,1.5464,0.3415,144.0,0.0,87.0,-12.0,75.0,4276.0,29.0,79.0,0.0,46.0,6.0,24.32,6.92,2.28
2007/09/07,197.0,200.0,196.0,196.0,169.0,33554.0,-0.5076,0.2272,128.0,0.0,-40.0,5.0,-35.0,4261.0,24.0,38.0,0.0,48.0,2.0,24.2,6.89,2.3
2007/09/10,188.0,196.0,188.0,196.0,276.0,52835.0,0.0,0.3711,207.0,0.0,-19.0,-6.0,-25.0,4250.0,57.0,68.0,11.0,37.0,0.0,24.2,6.89,2.3
2007/09/11,193.5,197.0,193.5,197.0,267.0,52303.0,0.5102,0.359,136.0,0.0,75.0,2.0,77.0,4208.0,37.0,79.0,0.0,47.0,10.0,24.32,6.92,2.28
2007/09/12,197.0,200.0,194.5,194.5,181.0,35548.0,-1.269,0.2434,129.0,0.0,-57.0,3.0,-54.0,4218.0,44.0,34.0,0.0,59.0,12.0,22.75,7.19,2.31
2007/09/13,197.0,197.0,194.0,195.0,133.0,26006.0,0.2571,0.1788,95.0,0.0,0.0,0.0,0.0,4154.0,25.0,39.0,10.0,50.0,1.0,22.81,7.21,2.31
2007/09/14,196.0,198.5,196.0,197.0,193.0,38096.0,1.0256,0.2595,131.0,0.0,120.0,0.0,120.0,4072.0,23.0,73.0,0.0,51.0,1.0,23.04,7.28,2.28
2007/09/17,198.0,199.5,195.0,196.0,166.0,32747.0,-0.5076,0.2232,100.0,0.0,0.0,3.0,3.0,4012.0,30.0,90.0,0.0,61.0,10.0,22.92,7.25,2.3
2007/09/19,199.5,199.5,191.0,194.0,146.0,28391.0,-1.0204,0.1963,101.0,0.0,2.0,0.0,2.0,3945.0,26.0,93.0,21.0,41.0,1.0,22.69,7.17,2.32
2007/09/20,194.5,197.0,193.0,196.0,156.0,30448.0,1.0309,0.2097,104.0,0.0,49.0,-5.0,44.0,3901.0,10.0,54.0,1.0,43.0,3.0,22.92,7.25,2.3
2007/09/21,197.0,197.0,185.0,195.0,254.0,47891.0,-0.5102,0.3415,109.0,69.0,0.0,2.0,71.0,3903.0,50.0,25.0,4.0,39.0,0.0,22.81,7.21,2.31
2007/09/26,195.0,196.5,190.0,192.5,128.0,24620.0,-1.2821,0.1721,90.0,0.0,0.0,-4.0,-4.0,3869.0,8.0,42.0,1.0,38.0,0.0,22.51,7.12,2.34
2007/09/27,193.0,194.5,192.5,193.5,106.0,20605.0,0.5195,0.1425,81.0,8.0,0.0,0.0,8.0,3860.0,19.0,28.0,0.0,38.0,0.0,22.63,7.15,2.33
2007/09/28,193.5,195.5,193.0,193.0,158.0,30632.0,-0.2584,0.2124,112.0,1.0,0.0,0.0,1.0,3896.0,50.0,14.0,0.0,38.0,0.0,22.57,7.13,2.33
2007/09/29,193.0,195.0,192.0,193.5,115.0,22225.0,0.2591,0.1546,93.0,0.0,-18.0,0.0,-18.0,3897.0,23.0,22.0,1.0,37.0,0.0,22.63,7.15,2.33
2007/10/01,194.0,199.0,194.0,196.5,220.0,43362.0,1.5504,0.2958,167.0,0.0,0.0,6.0,6.0,3945.0,92.0,44.0,0.0,46.0,9.0,22.98,7.26,2.29
2007/10/02,197.5,199.0,193.0,193.5,151.0,29509.0,-1.5267,0.203,101.0,0.0,0.0,19.0,19.0,3945.0,39.0,53.0,9.0,46.0,2.0,22.63,7.15,2.33
2007/10/03,193.5,197.0,193.0,195.0,88.0,17144.0,0.7752,0.1183,78.0,-4.0,0.0,0.0,-4.0,3923.0,39.0,53.0,9.0,39.0,2.0,22.81,7.21,2.31
2007/10/04,194.0,196.0,192.0,195.0,149.0,29033.0,0.0,0.2003,89.0,-2.0,-30.0,0.0,-32.0,3968.0,56.0,11.0,0.0,39.0,0.0,22.81,7.21,2.31
2007/10/05,195.5,196.0,191.0,191.5,136.0,26242.0,-1.7949,0.1829,101.0,0.0,0.0,0.0,0.0,3957.0,49.0,60.0,0.0,39.0,0.0,22.4,7.08,2.35
2007/10/08,193.0,193.5,191.0,193.0,76.0,14712.0,0.7833,0.1022,67.0,0.0,0.0,-3.0,-3.0,3961.0,33.0,29.0,0.0,43.0,4.0,22.57,7.13,2.33
2007/10/09,193.0,193.0,189.0,192.0,96.0,18346.0,-0.5181,0.1291,69.0,0.0,15.0,0.0,15.0,3928.0,10.0,43.0,2.0,41.0,0.0,22.46,7.1,2.34
2007/10/11,192.0,193.5,190.5,193.0,58.0,11154.0,0.5208,0.078,44.0,3.0,0.0,0.0,3.0,3915.0,4.0,17.0,0.0,41.0,0.0,22.57,7.13,2.33
2007/10/12,193.0,193.0,180.5,184.0,363.0,66930.0,-4.6632,0.4881,256.0,0.0,-52.0,-23.0,-75.0,3962.0,71.0,24.0,2.0,39.0,0.0,21.52,6.8,2.45
2007/10/15,181.0,185.5,177.0,179.0,196.0,35120.0,-2.7174,0.2635,136.0,0.0,-82.0,-12.0,-94.0,3931.0,29.0,59.0,0.0,39.0,0.0,20.94,6.62,2.51
2007/10/16,179.0,179.0,173.0,175.0,234.0,41079.0,-2.2346,0.3146,132.0,0.0,-112.0,-8.0,-120.0,3939.0,56.0,46.0,0.0,39.0,0.0,20.47,6.47,2.57
2007/10/17,175.0,175.5,171.0,175.0,259.0,44740.0,0.0,0.3482,188.0,17.0,-100.0,-17.0,-100.0,3957.0,44.0,26.0,0.0,39.0,0.0,20.47,6.47,2.57
2007/10/18,175.0,177.5,175.0,177.0,132.0,23337.0,1.1429,0.1775,109.0,-6.0,-30.0,0.0,-36.0,3981.0,68.0,42.0,0.0,39.0,0.0,20.7,6.54,2.54
2007/10/19,178.5,179.0,175.5,175.5,216.0,38265.0,-0.8475,0.2904,137.0,49.0,-29.0,0.0,20.0,4032.0,86.0,35.0,0.0,39.0,0.0,20.53,6.49,2.56
2007/10/22,169.5,174.5,166.5,173.0,288.0,48684.0,-1.4245,0.3872,183.0,89.0,-140.0,-6.0,-57.0,4006.0,34.0,49.0,1.0,38.0,0.0,20.23,6.4,2.6
2007/10/23,173.0,175.5,172.0,173.0,153.0,26464.0,0.0,0.2057,92.0,55.0,-70.0,0.0,-15.0,3994.0,16.0,28.0,0.0,38.0,0.0,20.23,6.4,2.6
2007/10/24,174.0,180.0,173.0,176.5,448.0,78673.0,2.0231,0.6023,277.0,36.0,-150.0,2.0,-112.0,4021.0,150.0,123.0,1.0,43.0,6.0,20.64,6.52,2.55
2007/10/25,175.0,177.5,173.0,173.5,253.0,44455.0,-1.6997,0.3402,200.0,77.0,-136.0,3.0,-56.0,4040.0,46.0,27.0,12.0,11.0,0.0,20.29,6.41,2.59
2007/10/26,173.5,175.0,169.0,172.5,219.0,37496.0,-0.5764,0.2944,196.0,0.0,-112.0,-5.0,-117.0,4065.0,39.0,14.0,1.0,9.0,0.0,20.18,6.38,2.61
2007/10/29,172.5,174.0,166.5,167.0,293.0,49338.0,-3.1884,0.3939,254.0,24.0,-118.0,0.0,-94.0,4038.0,39.0,65.0,0.0,6.0,0.0,19.53,6.17,2.69
2007/10/30,167.0,171.0,163.0,166.0,227.0,37742.0,-0.5988,0.3052,187.0,39.0,-1.0,0.0,38.0,4057.0,37.0,18.0,0.0,2.0,0.0,19.42,6.14,2.71
2007/10/31,166.0,168.0,163.5,167.0,195.0,32259.0,0.6024,0.2622,163.0,24.0,-83.0,-9.0,-68.0,4062.0,37.0,22.0,0.0,2.0,0.0,19.53,6.17,2.69
2007/11/01,168.0,170.5,166.5,167.0,133.0,22506.0,0.0,0.1788,119.0,6.0,-31.0,-1.0,-26.0,4065.0,22.0,19.0,0.0,2.0,0.0,19.53,6.17,2.69
2007/11/02,167.0,167.0,160.0,165.5,139.0,22858.0,-0.8982,0.1869,125.0,15.0,-10.0,-1.0,4.0,3996.0,21.0,81.0,0.0,1.0,0.0,19.36,6.12,2.72
2007/11/05,161.0,166.0,159.0,164.5,242.0,39176.0,-0.6042,0.3254,177.0,35.0,0.0,-9.0,26.0,3975.0,32.0,43.0,0.0,1.0,0.0,19.24,6.08,2.74
2007/11/06,164.5,168.0,161.5,164.5,294.0,48458.0,0.0,0.3953,213.0,15.0,0.0,0.0,15.0,3965.0,148.0,158.0,0.0,46.0,46.0,19.24,6.08,2.74
2007/11/07,170.0,176.0,168.5,176.0,667.0,115966.0,6.9909,0.8968,484.0,9.0,76.0,13.0,98.0,3985.0,197.0,177.0,0.0,74.0,28.0,20.58,6.51,2.56
2007/11/08,173.0,175.0,171.5,175.0,269.0,46568.0,-0.5682,0.3617,229.0,0.0,-12.0,0.0,-12.0,4018.0,106.0,73.0,5.0,69.0,0.0,20.47,6.47,2.57
2007/11/09,176.0,179.5,174.0,179.5,333.0,59050.0,2.5714,0.4477,258.0,101.0,0.0,-2.0,99.0,3959.0,57.0,116.0,0.0,71.0,3.0,20.99,6.64,2.51
2007/11/12,175.5,181.0,175.5,176.5,162.0,28915.0,-1.6713,0.2178,155.0,-3.0,0.0,4.0,1.0,3964.0,60.0,55.0,7.0,64.0,0.0,23.35,6.62,2.55
2007/11/13,178.5,179.0,174.5,177.0,119.0,21032.0,0.2833,0.16,112.0,0.0,0.0,0.0,0.0,3952.0,26.0,38.0,1.0,66.0,3.0,23.41,6.64,2.54
2007/11/14,179.0,185.5,178.0,185.0,368.0,67278.0,4.5198,0.4948,271.0,0.0,145.0,13.0,158.0,3940.0,68.0,80.0,2.0,65.0,1.0,24.47,6.94,2.43
2007/11/15,184.5,191.0,184.5,186.5,284.0,53707.0,0.8108,0.3818,208.0,0.0,76.0,8.0,84.0,3960.0,93.0,71.0,0.0,66.0,1.0,24.67,7.0,2.41
2007/11/16,183.5,188.5,183.5,187.0,140.0,26240.0,0.2681,0.1882,106.0,-5.0,0.0,-1.0,-6.0,3987.0,88.0,61.0,3.0,64.0,1.0,24.74,7.01,2.41
2007/11/19,187.5,192.5,187.0,187.0,274.0,52239.0,0.0,0.3684,209.0,0.0,100.0,10.0,110.0,3953.0,69.0,103.0,0.0,71.0,7.0,24.74,7.01,2.41
2007/11/20,186.0,189.0,182.5,189.0,146.0,27152.0,1.0695,0.1963,137.0,18.0,0.0,-1.0,17.0,3937.0,32.0,48.0,6.0,69.0,4.0,25.0,7.09,2.38
2007/11/21,189.0,191.0,185.5,189.0,142.0,26830.0,0.0,0.1909,123.0,20.0,-5.0,0.0,15.0,3905.0,7.0,39.0,0.0,70.0,1.0,25.0,7.09,2.38
2007/11/22,187.5,190.5,186.0,187.0,75.0,14193.0,-1.0582,0.1008,77.0,20.0,0.0,0.0,20.0,3880.0,6.0,25.0,2.0,70.0,2.0,24.74,7.01,2.41
2007/11/23,188.0,189.0,178.5,185.0,232.0,42755.0,-1.0695,0.3119,138.0,33.0,0.0,-12.0,21.0,3805.0,20.0,95.0,2.0,69.0,1.0,24.47,6.94,2.43
2007/11/26,187.0,187.0,182.0,183.0,196.0,36165.0,-1.0811,0.2635,136.0,-2.0,0.0,-5.0,-7.0,3799.0,19.0,25.0,3.0,67.0,1.0,24.21,6.86,2.46
2007/11/27,183.0,184.0,178.0,184.0,145.0,26482.0,0.5464,0.195,116.0,0.0,51.0,-6.0,45.0,3771.0,10.0,38.0,1.0,70.0,4.0,24.34,6.9,2.45
2007/11/28,185.0,185.0,181.0,183.0,64.0,11849.0,-0.5435,0.086,54.0,0.0,0.0,0.0,0.0,3748.0,5.0,28.0,1.0,71.0,2.0,24.21,6.86,2.46
2007/11/29,186.0,186.0,183.0,184.0,84.0,15698.0,0.5464,0.1129,83.0,45.0,-1.0,0.0,44.0,3728.0,8.0,28.0,3.0,72.0,4.0,24.34,6.9,2.45
2007/11/30,185.0,190.0,183.5,188.0,305.0,57185.0,2.1739,0.4101,208.0,31.0,150.0,0.0,181.0,3713.0,50.0,65.0,3.0,76.0,7.0,24.87,7.05,2.39
2007/12/03,191.5,191.5,188.0,189.0,99.0,18963.0,0.5319,0.1331,88.0,4.0,0.0,0.0,4.0,3706.0,18.0,25.0,0.0,77.0,1.0,25.0,7.09,2.38
2007/12/04,186.0,191.0,186.0,190.0,152.0,29003.0,0.5291,0.2044,108.0,0.0,-1.0,0.0,-1.0,3688.0,14.0,32.0,0.0,77.0,0.0,25.13,7.13,2.37
2007/12/05,190.0,196.0,190.0,195.0,257.0,49955.0,2.6316,0.3455,200.0,0.0,100.0,8.0,108.0,3663.0,32.0,57.0,2.0,77.0,2.0,25.79,7.31,2.31
2007/12/06,199.5,199.5,191.0,194.5,181.0,35321.0,-0.2564,0.2434,143.0,0.0,-51.0,7.0,-44.0,3641.0,34.0,56.0,3.0,76.0,2.0,25.73,7.3,2.31
2007/12/07,197.0,199.5,195.0,197.0,182.0,35997.0,1.2853,0.2447,158.0,-2.0,0.0,48.0,46.0,3619.0,25.0,47.0,0.0,79.0,3.0,26.06,7.39,2.28
2007/12/10,197.0,197.0,193.0,194.0,100.0,19488.0,-1.5228,0.1345,79.0,0.0,0.0,3.0,3.0,3617.0,17.0,19.0,1.0,79.0,1.0,25.66,7.28,2.32
2007/12/11,195.0,196.0,188.0,194.0,86.0,16658.0,0.0,0.1156,70.0,0.0,0.0,1.0,1.0,3601.0,24.0,40.0,3.0,77.0,1.0,25.66,7.28,2.32
2007/12/12,190.5,194.0,190.0,193.5,75.0,14404.0,-0.2577,0.1008,53.0,0.0,0.0,5.0,5.0,3590.0,14.0,25.0,1.0,76.0,0.0,25.6,7.26,2.33
2007/12/13,193.5,194.0,185.0,185.0,105.0,20026.0,-4.3928,0.1412,97.0,-8.0,10.0,-6.0,-4.0,3564.0,4.0,30.0,6.0,72.0,2.0,24.47,6.94,2.43
2007/12/14,183.5,188.0,173.5,180.0,131.0,23628.0,-2.7027,0.1761,111.0,-31.0,2.0,-16.0,-45.0,3541.0,17.0,39.0,5.0,70.0,3.0,23.81,6.75,2.5
2007/12/17,175.0,183.5,171.0,175.0,171.0,30131.0,-2.7778,0.2299,127.0,-41.0,20.0,5.0,-16.0,3472.0,8.0,77.0,3.0,68.0,1.0,23.15,6.56,2.57
2007/12/18,173.0,179.0,168.0,178.5,123.0,21502.0,2.0,0.1654,109.0,0.0,40.0,-8.0,32.0,3449.0,15.0,37.0,3.0,73.0,8.0,23.61,6.7,2.52
2007/12/19,178.5,184.5,178.5,184.5,104.0,18966.0,3.3613,0.1398,81.0,0.0,20.0,0.0,20.0,3438.0,5.0,14.0,2.0,75.0,4.0,24.4,6.92,2.44
2007/12/20,185.0,187.0,182.0,183.0,96.0,17691.0,-0.813,0.1291,82.0,0.0,20.0,0.0,20.0,3424.0,4.0,18.0,0.0,76.0,1.0,24.21,6.86,2.46
2007/12/21,184.0,184.5,180.0,183.0,227.0,41614.0,0.0,0.3052,96.0,0.0,0.0,0.0,0.0,3421.0,20.0,23.0,2.0,74.0,0.0,24.21,6.86,2.46
2007/12/24,185.0,185.0,182.0,183.0,78.0,14422.0,0.0,0.1049,70.0,0.0,0.0,-18.0,-18.0,3423.0,9.0,7.0,6.0,71.0,3.0,24.21,6.86,2.46
2007/12/25,184.0,185.0,180.0,180.0,95.0,17365.0,-1.6393,0.1277,77.0,0.0,0.0,-15.0,-15.0,3416.0,10.0,17.0,0.0,71.0,0.0,23.81,6.75,2.5
2007/12/26,180.0,182.0,175.5,180.0,72.0,12861.0,0.0,0.0968,59.0,0.0,20.0,-17.0,3.0,3411.0,9.0,14.0,0.0,72.0,1.0,23.81,6.75,2.5
2007/12/27,182.0,182.5,178.0,178.5,106.0,19161.0,-0.8333,0.1425,82.0,-6.0,0.0,-32.0,-38.0,3424.0,34.0,21.0,1.0,71.0,0.0,23.61,6.7,2.52
2007/12/28,178.5,181.0,178.5,179.0,79.0,14262.0,0.2801,0.1062,74.0,0.0,-10.0,0.0,-10.0,3451.0,34.0,7.0,1.0,74.0,4.0,23.68,6.71,2.51
2007/12/31,180.5,184.0,180.0,182.0,93.0,16994.0,1.676,0.125,65.0,0.0,23.0,0.0,23.0,3448.0,37.0,40.0,0.0,74.0,0.0,24.07,6.83,2.47
2008/01/02,183.0,184.0,179.0,179.5,103.0,18833.0,-1.3736,0.1385,88.0,-2.0,0.0,0.0,-2.0,3449.0,40.0,39.0,0.0,74.0,0.0,23.74,6.73,2.51
2008/01/03,177.0,179.0,174.0,175.0,78.0,13739.0,-2.507,0.1049,76.0,-7.0,0.0,0.0,-7.0,3427.0,12.0,33.0,3.0,71.0,0.0,23.15,6.56,2.57
2008/01/04,175.0,177.0,174.0,176.0,76.0,13342.0,0.5714,0.1022,62.0,0.0,0.0,-5.0,-5.0,3407.0,16.0,36.0,3.0,69.0,1.0,23.28,6.6,2.56
2008/01/07,176.0,176.0,168.5,169.0,88.0,15048.0,-3.9773,0.1183,72.0,0.0,0.0,-7.0,-7.0,3399.0,17.0,25.0,2.0,67.0,0.0,22.35,6.34,2.66
2008/01/08,169.5,171.0,168.0,168.0,68.0,11542.0,-0.5917,0.0914,58.0,0.0,0.0,-5.0,-5.0,3390.0,15.0,24.0,0.0,72.0,5.0,22.22,6.3,2.68
2008/01/09,166.5,168.0,165.0,167.5,64.0,10730.0,-0.2976,0.086,48.0,0.0,0.0,0.0,0.0,3387.0,17.0,19.0,5.0,67.0,0.0,22.16,6.28,2.69
2008/01/10,167.5,169.5,167.0,168.0,46.0,7726.0,0.2985,0.0618,42.0,0.0,0.0,0.0,0.0,3387.0,6.0,6.0,0.0,67.0,0.0,22.22,6.3,2.68
2008/01/11,170.0,170.0,167.5,169.0,151.0,25583.0,0.5952,0.203,84.0,0.0,0.0,-1.0,-1.0,3379.0,22.0,30.0,0.0,67.0,0.0,22.35,6.34,2.66
2008/01/14,170.5,170.5,165.5,168.5,112.0,18803.0,-0.2959,0.1506,63.0,5.0,-44.0,-2.0,-41.0,3376.0,13.0,16.0,0.0,69.0,2.0,22.29,6.32,2.67
2008/01/15,170.0,170.0,165.0,166.0,159.0,26524.0,-1.4837,0.2138,112.0,6.0,-30.0,-4.0,-28.0,3352.0,24.0,48.0,1.0,68.0,0.0,21.96,6.23,2.71
2008/01/16,164.5,166.0,156.0,161.0,182.0,29260.0,-3.012,0.2447,135.0,5.0,-40.0,-3.0,-38.0,3289.0,24.0,87.0,2.0,66.0,0.0,21.3,6.04,2.8
2008/01/17,161.0,164.5,157.0,161.0,126.0,20164.0,0.0,0.1694,91.0,5.0,-29.0,-2.0,-26.0,3269.0,11.0,31.0,0.0,69.0,3.0,21.3,6.04,2.8
2008/01/18,159.0,162.0,158.0,160.5,81.0,13047.0,-0.3106,0.1089,71.0,5.0,0.0,-2.0,3.0,3255.0,7.0,21.0,0.0,70.0,1.0,21.23,6.02,2.8
2008/01/21,162.0,166.0,160.5,162.0,111.0,18146.0,0.9346,0.1492,74.0,6.0,0.0,0.0,6.0,3252.0,53.0,56.0,0.0,73.0,3.0,21.43,6.08,2.78
2008/01/22,158.0,161.0,151.0,152.0,172.0,26730.0,-6.1728,0.2313,149.0,0.0,0.0,-1.0,-1.0,3173.0,7.0,86.0,6.0,67.0,0.0,20.11,5.7,2.96
2008/01/23,157.0,157.0,145.0,149.0,150.0,22663.0,-1.9737,0.2017,124.0,35.0,0.0,-2.0,33.0,3164.0,48.0,57.0,1.0,71.0,5.0,19.71,5.59,3.02
2008/01/24,150.0,153.0,146.0,150.5,85.0,12807.0,1.0067,0.1143,74.0,30.0,0.0,0.0,30.0,3118.0,2.0,47.0,0.0,71.0,0.0,19.91,5.65,2.99
2008/01/25,155.0,156.0,151.5,155.0,98.0,15086.0,2.99,0.1318,76.0,0.0,0.0,0.0,0.0,3106.0,20.0,32.0,7.0,66.0,2.0,20.5,5.81,2.9
2008/01/28,153.5,155.0,147.0,147.0,80.0,12076.0,-5.1613,0.1076,63.0,9.0,0.0,-1.0,8.0,3067.0,8.0,38.0,2.0,64.0,0.0,19.44,5.51,3.06
2008/01/29,148.0,150.0,146.0,147.0,43.0,6462.0,0.0,0.0578,40.0,14.0,0.0,0.0,14.0,3051.0,5.0,21.0,0.0,65.0,1.0,19.44,5.51,3.06
2008/01/30,147.0,148.5,143.0,144.5,161.0,23439.0,-1.7007,0.2165,128.0,21.0,-115.0,0.0,-94.0,3045.0,12.0,17.0,1.0,64.0,0.0,19.11,5.42,3.11
2008/01/31,146.0,146.0,135.0,135.0,135.0,18975.0,-6.5744,0.1815,103.0,7.0,-57.0,0.0,-50.0,2990.0,12.0,55.0,1.0,63.0,0.0,17.86,5.06,3.33
2008/02/01,137.0,142.0,136.0,139.5,166.0,22948.0,3.3333,0.2232,123.0,9.0,-50.0,0.0,-41.0,2967.0,10.0,32.0,0.0,69.0,6.0,18.45,5.23,3.23
2008/02/12,139.5,139.5,130.0,130.0,194.0,25986.0,-6.81,0.2608,140.0,3.0,-122.0,0.0,-119.0,2935.0,8.0,37.0,1.0,71.0,3.0,17.2,4.88,3.46
2008/02/13,130.0,134.0,127.0,130.5,126.0,16405.0,0.3846,0.1694,109.0,-9.0,0.0,0.0,-9.0,2918.0,16.0,31.0,3.0,79.0,11.0,17.26,4.89,3.45
2008/02/14,130.5,139.5,130.5,139.5,144.0,19840.0,6.8966,0.1936,94.0,0.0,45.0,0.0,45.0,2929.0,35.0,19.0,10.0,71.0,2.0,18.45,5.23,3.23
2008/02/15,139.5,148.5,139.5,148.0,171.0,24971.0,6.0932,0.2299,128.0,0.0,36.0,0.0,36.0,2905.0,25.0,49.0,4.0,69.0,2.0,19.58,5.55,3.04
2008/02/18,148.0,155.0,148.0,150.0,92.0,13971.0,1.3514,0.1237,81.0,-1.0,0.0,0.0,-1.0,2889.0,11.0,27.0,1.0,72.0,4.0,19.84,5.63,3.0
2008/02/19,150.0,151.0,142.0,149.5,193.0,28355.0,-0.3333,0.2595,136.0,0.0,-100.0,0.0,-100.0,2904.0,40.0,24.0,2.0,70.0,0.0,19.78,5.61,3.01
2008/02/20,148.5,151.0,147.5,149.5,104.0,15673.0,0.0,0.1398,93.0,-1.0,0.0,0.0,-1.0,2889.0,6.0,21.0,1.0,73.0,4.0,19.78,5.61,3.01
2008/02/21,155.0,155.0,152.0,154.5,135.0,20692.0,3.3445,0.1815,98.0,0.0,0.0,0.0,0.0,2941.0,68.0,16.0,6.0,67.0,0.0,20.44,5.8,2.91
2008/02/22,152.0,158.0,152.0,156.0,111.0,17321.0,0.9709,0.1492,92.0,0.0,0.0,0.0,0.0,2986.0,61.0,16.0,0.0,67.0,0.0,20.63,5.85,2.88
2008/02/25,162.0,162.0,152.0,153.0,136.0,21144.0,-1.9231,0.1829,119.0,-42.0,0.0,0.0,-42.0,2991.0,27.0,21.0,5.0,62.0,0.0,20.24,5.74,2.94
2008/02/26,153.0,154.0,146.0,146.5,221.0,32719.0,-4.2484,0.2971,155.0,-43.0,-70.0,0.0,-113.0,2975.0,43.0,59.0,0.0,62.0,0.0,19.38,5.5,3.07
2008/02/27,146.5,148.0,139.5,143.0,430.0,60845.0,-2.3891,0.5781,327.0,-70.0,-257.0,0.0,-327.0,3104.0,159.0,30.0,4.0,58.0,0.0,18.92,5.36,3.15
2008/02/29,141.0,143.0,139.5,143.0,134.0,19021.0,0.0,0.1802,115.0,5.0,0.0,-1.0,4.0,3077.0,16.0,43.0,2.0,57.0,1.0,18.92,5.36,3.15
2008/03/03,140.0,143.5,138.0,143.5,132.0,18684.0,0.3497,0.1775,92.0,-25.0,0.0,0.0,-25.0,3074.0,34.0,37.0,2.0,55.0,0.0,18.98,5.38,3.14
2008/03/04,144.0,146.0,143.5,146.0,77.0,11164.0,1.7422,0.1035,71.0,0.0,0.0,0.0,0.0,3068.0,14.0,20.0,0.0,56.0,1.0,19.31,5.48,3.08
2008/03/05,146.0,147.5,142.0,142.0,116.0,16741.0,-2.7397,0.156,106.0,0.0,-72.0,0.0,-72.0,3068.0,18.0,12.0,29.0,27.0,0.0,18.78,5.33,3.17
2008/03/06,143.0,144.0,139.0,144.0,305.0,43120.0,1.4085,0.4101,231.0,-3.0,-200.0,0.0,-203.0,3131.0,74.0,11.0,0.0,27.0,0.0,19.05,5.4,3.13
2008/03/07,143.0,144.0,138.0,139.5,254.0,35704.0,-3.125,0.3415,216.0,-50.0,-69.0,0.0,-119.0,3074.0,65.0,40.0,24.0,3.0,0.0,18.45,5.23,3.23
2008/03/10,140.0,141.5,139.0,140.0,85.0,11974.0,0.3584,0.1143,83.0,11.0,0.0,0.0,11.0,3063.0,17.0,28.0,3.0,0.0,0.0,18.52,5.25,3.21
2008/03/11,140.0,144.5,140.0,143.0,103.0,14795.0,2.1429,0.1385,95.0,11.0,0.0,0.0,11.0,3034.0,0.0,29.0,0.0,0.0,0.0,18.92,5.36,3.15
2008/03/12,148.0,148.0,142.5,142.5,208.0,30216.0,-0.3497,0.2797,148.0,1.0,-92.0,-1.0,-92.0,2995.0,0.0,39.0,0.0,0.0,0.0,18.85,5.35,3.16
2008/03/13,143.0,143.0,140.0,140.0,58.0,8324.0,-1.7544,0.078,58.0,16.0,-24.0,0.0,-8.0,2989.0,0.0,6.0,0.0,0.0,0.0,18.52,5.25,3.21
2008/03/14,141.0,143.0,139.5,140.0,104.0,14677.0,0.0,0.1398,86.0,19.0,-50.0,0.0,-31.0,2995.0,12.0,6.0,0.0,0.0,0.0,18.52,5.25,3.21
2008/03/17,140.0,140.0,138.0,139.0,61.0,8546.0,-0.7143,0.082,56.0,16.0,0.0,0.0,16.0,2988.0,2.0,9.0,0.0,16.0,16.0,18.39,5.21,3.24
2008/03/18,140.5,142.0,138.5,141.0,107.0,14961.0,1.4388,0.1439,92.0,29.0,0.0,0.0,29.0,3003.0,24.0,9.0,0.0,78.0,62.0,18.65,5.29,3.19
2008/03/19,144.0,146.5,142.0,142.0,289.0,41745.0,0.7092,0.3886,200.0,0.0,160.0,0.0,160.0,2963.0,44.0,84.0,1.0,78.0,1.0,18.78,5.33,3.17
2008/03/20,141.5,144.5,140.5,141.5,141.0,20098.0,-0.3521,0.1896,115.0,0.0,40.0,0.0,40.0,2945.0,8.0,26.0,1.0,97.0,20.0,18.72,5.31,3.18
2008/03/21,144.0,144.0,141.5,143.5,107.0,15385.0,1.4134,0.1439,85.0,0.0,0.0,0.0,0.0,2945.0,24.0,24.0,0.0,97.0,0.0,18.98,5.38,3.14
2008/03/24,152.0,152.0,143.5,143.5,239.0,34787.0,0.0,0.3213,186.0,-22.0,-38.0,0.0,-60.0,2972.0,60.0,33.0,2.0,95.0,0.0,18.98,5.38,3.14
2008/03/25,145.0,145.5,143.0,145.5,146.0,21260.0,1.3937,0.1963,112.0,21.0,0.0,0.0,21.0,2998.0,41.0,14.0,0.0,95.0,0.0,19.25,5.46,3.09
2008/03/26,145.0,146.0,142.5,142.5,106.0,15368.0,-2.0619,0.1425,83.0,0.0,30.0,0.0,30.0,2959.0,18.0,57.0,0.0,95.0,0.0,18.85,5.35,3.16
2008/03/27,143.0,143.5,141.0,141.0,72.0,10269.0,-1.0526,0.0968,67.0,12.0,-17.0,0.0,-5.0,2955.0,14.0,18.0,0.0,95.0,0.0,18.65,5.29,3.19
2008/03/28,141.0,146.0,141.0,146.0,240.0,34907.0,3.5461,0.3227,173.0,0.0,99.0,0.0,99.0,2955.0,40.0,40.0,0.0,95.0,0.0,19.31,5.48,3.08
2008/03/31,148.0,148.0,144.0,146.0,98.0,14288.0,0.0,0.1318,84.0,16.0,-18.0,0.0,-2.0,2965.0,17.0,7.0,0.0,95.0,0.0,19.31,5.48,3.08
2008/04/01,146.0,148.0,146.0,147.0,160.0,23523.0,0.6849,0.2151,121.0,33.0,25.0,0.0,58.0,2970.0,31.0,26.0,0.0,95.0,0.0,19.44,5.51,3.06
2008/04/02,149.5,157.0,148.0,157.0,577.0,89231.0,6.8027,0.7758,413.0,0.0,24.0,0.0,24.0,3078.0,184.0,76.0,0.0,109.0,14.0,20.77,5.89,2.87
2008/04/03,157.0,167.0,157.0,167.0,758.0,123381.0,6.3694,1.0191,493.0,122.0,182.0,60.0,364.0,3013.0,103.0,167.0,0.0,171.0,62.0,22.09,6.26,2.69
2008/04/07,169.0,172.0,165.0,169.0,378.0,63723.0,1.1976,0.5082,283.0,0.0,20.0,7.0,27.0,3047.0,108.0,74.0,1.0,181.0,11.0,22.35,6.34,2.66
2008/04/08,169.0,173.0,169.0,171.5,292.0,50057.0,1.4793,0.3926,218.0,0.0,49.0,0.0,49.0,3063.0,79.0,63.0,0.0,181.0,0.0,22.69,6.43,2.62
2008/04/09,171.5,182.0,171.5,176.5,502.0,88685.0,2.9155,0.6749,338.0,0.0,0.0,100.0,100.0,3109.0,102.0,56.0,0.0,212.0,31.0,23.35,6.62,2.55
2008/04/10,179.0,179.0,170.5,176.5,537.0,93434.0,0.0,0.722,307.0,0.0,-173.0,72.0,-101.0,3144.0,74.0,39.0,16.0,196.0,0.0,23.35,6.62,2.55
2008/04/11,176.5,176.5,172.5,172.5,247.0,43006.0,-2.2663,0.3321,165.0,100.0,-4.0,-22.0,74.0,3059.0,26.0,111.0,0.0,196.0,0.0,22.82,6.47,2.61
2008/04/14,172.0,173.0,170.0,171.5,124.0,21400.0,-0.5797,0.1667,82.0,0.0,0.0,-4.0,-4.0,3053.0,27.0,33.0,6.0,190.0,0.0,22.69,6.43,2.62
2008/04/15,171.5,176.0,171.0,173.0,104.0,18076.0,0.8746,0.1398,86.0,0.0,0.0,5.0,5.0,3043.0,13.0,22.0,0.0,192.0,2.0,22.88,6.49,2.6
2008/04/16,173.0,174.0,167.0,169.0,351.0,59967.0,-2.3121,0.4719,237.0,-122.0,-3.0,-25.0,-150.0,3077.0,73.0,38.0,12.0,180.0,0.0,22.35,6.34,2.66
2008/04/17,170.0,170.0,165.5,166.0,314.0,52798.0,-1.7751,0.4222,199.0,-71.0,0.0,0.0,-71.0,3060.0,77.0,94.0,1.0,178.0,0.0,21.96,6.23,2.71
2008/04/18,167.0,170.0,163.5,166.0,395.0,65566.0,0.0,0.5311,224.0,-46.0,-85.0,-111.0,-242.0,3149.0,107.0,18.0,10.0,170.0,2.0,21.96,6.23,2.71
2008/04/21,168.0,168.0,165.5,167.5,129.0,21628.0,0.9036,0.1734,95.0,0.0,20.0,-40.0,-20.0,3162.0,46.0,33.0,0.0,170.0,0.0,22.16,6.28,2.69
2008/04/22,168.0,169.0,166.0,167.0,131.0,21939.0,-0.2985,0.1761,103.0,0.0,0.0,-42.0,-42.0,3164.0,50.0,47.0,0.0,172.0,3.0,22.09,6.26,2.69
2008/04/23,168.0,170.0,167.0,170.0,265.0,44707.0,1.7964,0.3563,166.0,-38.0,-70.0,0.0,-108.0,3241.0,113.0,36.0,0.0,185.0,13.0,22.49,6.38,2.65
2008/04/24,170.0,171.0,166.0,166.0,728.0,123867.0,-2.3529,0.9788,281.0,-352.0,-10.0,0.0,-362.0,3444.0,257.0,54.0,0.0,185.0,0.0,21.96,6.23,2.71
2008/04/25,167.5,168.5,165.5,166.0,240.0,40170.0,0.0,0.3227,154.0,0.0,0.0,0.0,0.0,3402.0,52.0,93.0,0.0,185.0,0.0,21.96,6.23,2.71
2008/04/28,169.0,169.0,165.0,168.0,151.0,25315.0,1.2048,0.203,111.0,0.0,0.0,0.0,0.0,3378.0,33.0,57.0,0.0,185.0,0.0,22.22,6.3,2.68
2008/04/29,168.0,169.5,167.0,169.0,217.0,36530.0,0.5952,0.2918,158.0,-21.0,0.0,0.0,-21.0,3324.0,48.0,102.0,0.0,185.0,0.0,22.35,6.34,2.66
2008/04/30,169.5,180.5,169.5,176.0,3068.0,540283.0,4.142,4.125,1471.0,-1705.0,552.0,160.0,-993.0,4217.0,1051.0,153.0,0.0,207.0,22.0,23.28,6.6,2.56
2008/05/02,179.5,188.0,176.0,188.0,1990.0,368388.0,6.8182,2.6756,1065.0,70.0,140.0,-48.0,162.0,4530.0,853.0,540.0,0.0,230.0,23.0,24.87,7.05,2.39
2008/05/05,188.0,192.0,186.0,188.5,1283.0,242515.0,0.266,1.725,842.0,0.0,0.0,0.0,0.0,4349.0,451.0,632.0,6.0,232.0,8.0,24.93,7.07,2.39
2008/05/06,188.5,191.5,185.5,185.5,492.0,92694.0,-1.5915,0.6615,360.0,-3.0,0.0,5.0,2.0,4306.0,188.0,231.0,32.0,200.0,0.0,24.54,6.96,2.43
2008/05/07,186.0,193.0,184.0,185.5,646.0,121352.0,0.0,0.8686,459.0,5.0,0.0,10.0,15.0,4226.0,229.0,308.0,29.0,170.0,0.0,24.54,6.96,2.43
2008/05/08,185.5,185.5,180.0,180.5,495.0,90350.0,-2.6954,0.6655,370.0,0.0,0.0,-85.0,-85.0,4205.0,176.0,197.0,17.0,153.0,0.0,23.88,6.77,2.49
2008/05/09,180.5,184.0,180.0,181.0,370.0,67116.0,0.277,0.4975,254.0,0.0,-50.0,0.0,-50.0,4147.0,94.0,152.0,11.0,142.0,0.0,19.42,5.72,2.49
2008/05/12,181.0,188.0,180.0,182.0,594.0,110294.0,0.5525,0.7986,423.0,0.0,150.0,-4.0,146.0,4119.0,174.0,202.0,0.0,163.0,21.0,19.53,5.75,2.47
2008/05/13,187.0,194.5,187.0,194.5,971.0,188535.0,6.8681,1.3055,580.0,-4.0,80.0,46.0,122.0,4204.0,264.0,179.0,0.0,186.0,23.0,20.87,6.15,2.31
2008/05/14,197.0,198.5,192.5,193.0,782.0,153027.0,-0.7712,1.0514,550.0,0.0,0.0,12.0,12.0,4077.0,257.0,384.0,3.0,194.0,11.0,20.71,6.1,2.33
2008/05/15,193.0,196.0,191.0,194.0,359.0,69400.0,0.5181,0.4827,262.0,0.0,0.0,31.0,31.0,4064.0,111.0,124.0,13.0,181.0,0.0,20.82,6.13,2.32
2008/05/16,195.0,204.0,195.0,200.0,866.0,174117.0,3.0928,1.1644,576.0,3.0,0.0,145.0,148.0,4217.0,350.0,197.0,45.0,160.0,25.0,21.46,6.32,2.25
2008/05/19,203.0,204.0,197.5,200.0,366.0,73077.0,0.0,0.4921,278.0,0.0,-50.0,0.0,-50.0,4261.0,138.0,94.0,46.0,114.0,0.0,21.46,6.32,2.25
2008/05/20,202.0,202.0,194.0,196.0,508.0,100398.0,-2.0,0.683,347.0,0.0,50.0,0.0,50.0,4197.0,173.0,234.0,10.0,104.0,0.0,21.03,6.2,2.3
2008/05/21,198.0,198.0,187.5,188.5,719.0,137295.0,-3.8265,0.9667,470.0,18.0,-400.0,0.0,-382.0,4335.0,232.0,94.0,14.0,88.0,0.0,20.23,5.96,2.39
2008/05/22,186.0,191.0,183.5,189.0,349.0,65537.0,0.2653,0.4692,277.0,6.0,0.0,3.0,9.0,4291.0,96.0,140.0,18.0,70.0,0.0,20.28,5.98,2.38
2008/05/23,188.5,190.0,176.5,179.0,640.0,116696.0,-5.291,0.8605,366.0,0.0,-40.0,-40.0,-80.0,4198.0,280.0,373.0,11.0,59.0,0.0,19.21,5.66,2.51
2008/05/26,177.0,179.0,167.0,172.0,864.0,148265.0,-3.9106,1.1617,412.0,0.0,-12.0,-56.0,-68.0,4213.0,408.0,393.0,31.0,28.0,0.0,18.45,5.44,2.62
2008/05/27,169.5,176.0,169.5,175.0,430.0,74261.0,1.7442,0.5781,295.0,11.0,0.0,-41.0,-30.0,4237.0,112.0,88.0,0.0,39.0,11.0,18.78,5.53,2.57
2008/05/28,177.0,178.0,172.0,172.0,380.0,66349.0,-1.7143,0.5109,253.0,13.0,82.0,0.0,95.0,4192.0,115.0,160.0,3.0,36.0,0.0,18.45,5.44,2.62
2008/05/29,176.0,176.0,172.0,173.5,295.0,51195.0,0.8721,0.3966,185.0,8.0,50.0,-15.0,43.0,4144.0,58.0,71.0,0.0,36.0,0.0,18.62,5.49,2.59
2008/05/30,174.5,175.5,168.5,174.0,309.0,53165.0,0.2882,0.4155,218.0,25.0,0.0,-20.0,5.0,4139.0,55.0,60.0,20.0,16.0,0.0,18.67,5.5,2.59
2008/06/02,174.0,185.5,173.0,183.0,664.0,120592.0,5.1724,0.8928,448.0,5.0,0.0,145.0,150.0,4124.0,158.0,173.0,0.0,28.0,12.0,19.64,5.79,2.46
2008/06/03,183.0,188.0,180.0,184.0,896.0,167115.0,0.5464,1.2047,420.0,0.0,197.0,15.0,212.0,4146.0,449.0,427.0,0.0,41.0,13.0,19.74,5.82,2.45
2008/06/04,183.0,185.0,179.0,185.0,221.0,40541.0,0.5435,0.2971,182.0,0.0,25.0,10.0,35.0,4110.0,48.0,84.0,1.0,40.0,0.0,19.85,5.85,2.43
2008/06/05,184.0,186.0,180.5,186.0,513.0,93978.0,0.5405,0.6897,404.0,0.0,5.0,0.0,5.0,4170.0,143.0,83.0,1.0,39.0,0.0,19.96,5.88,2.42
2008/06/06,187.0,190.5,187.0,187.5,710.0,133696.0,0.8065,0.9546,468.0,0.0,145.0,-5.0,140.0,4192.0,246.0,224.0,1.0,49.0,11.0,20.12,5.93,2.4
2008/06/09,184.0,194.5,182.0,194.0,824.0,156156.0,3.4667,1.1079,562.0,-2.0,284.0,67.0,349.0,4110.0,162.0,244.0,11.0,90.0,52.0,20.82,6.13,2.32
2008/06/10,193.0,195.0,188.0,188.0,686.0,131423.0,-3.0928,0.9223,438.0,0.0,216.0,110.0,326.0,3973.0,141.0,278.0,15.0,87.0,12.0,20.17,5.94,2.39
2008/06/11,187.0,190.5,184.0,188.0,532.0,100047.0,0.0,0.7153,368.0,0.0,86.0,0.0,86.0,3817.0,82.0,238.0,14.0,88.0,15.0,20.17,5.94,2.39
2008/06/12,185.0,186.0,179.0,182.0,587.0,106766.0,-3.1915,0.7892,329.0,0.0,121.0,10.0,131.0,3742.0,119.0,191.0,69.0,19.0,0.0,19.53,5.75,2.47
2008/06/13,183.0,183.5,176.0,182.0,473.0,85091.0,0.0,0.636,285.0,0.0,56.0,-40.0,16.0,3739.0,109.0,111.0,0.0,19.0,0.0,19.53,5.75,2.47
2008/06/16,184.0,184.5,178.0,178.0,306.0,55762.0,-2.1978,0.4114,213.0,0.0,0.0,10.0,10.0,3704.0,88.0,123.0,0.0,21.0,2.0,19.1,5.63,2.53
2008/06/17,178.0,183.5,177.0,183.5,278.0,50200.0,3.0899,0.3738,198.0,0.0,81.0,8.0,89.0,3695.0,57.0,66.0,1.0,22.0,2.0,19.69,5.8,2.45
2008/06/18,183.5,193.0,183.0,190.5,984.0,186460.0,3.8147,1.323,585.0,11.0,230.0,2.0,243.0,3677.0,242.0,260.0,2.0,80.0,60.0,20.44,6.02,2.36
2008/06/19,187.0,192.5,186.0,190.0,655.0,124951.0,-0.2625,0.8807,381.0,-31.0,267.0,-87.0,149.0,3627.0,124.0,164.0,0.0,92.0,12.0,20.39,6.01,2.37
2008/06/20,191.0,192.5,188.0,188.0,411.0,78215.0,-1.0526,0.5526,284.0,0.0,0.0,10.0,10.0,3543.0,78.0,162.0,3.0,92.0,3.0,20.17,5.94,2.39
2008/06/23,186.5,190.0,184.0,188.0,339.0,63519.0,0.0,0.4558,203.0,0.0,40.0,-44.0,-4.0,3538.0,81.0,86.0,38.0,60.0,6.0,20.17,5.94,2.39
2008/06/24,191.0,194.0,186.5,188.0,600.0,114465.0,0.0,0.8067,344.0,-1.0,50.0,-34.0,15.0,3575.0,136.0,98.0,0.0,60.0,0.0,20.17,5.94,2.39
2008/06/25,191.0,193.0,186.5,188.0,391.0,74025.0,0.0,0.5257,301.0,10.0,30.0,7.0,47.0,3549.0,117.0,140.0,1.0,74.0,15.0,22.09,5.94,0.0
2008/06/26,188.0,190.5,183.0,183.0,445.0,82864.0,-2.6596,0.5983,322.0,45.0,0.0,-48.0,-3.0,3528.0,140.0,161.0,20.0,54.0,0.0,19.64,5.79,0.0
2008/06/27,170.5,175.0,170.5,170.5,480.0,81989.0,-6.8306,0.6454,252.0,25.0,0.0,-13.0,12.0,3270.0,90.0,338.0,33.0,21.0,0.0,18.29,5.39,0.0
2008/06/30,170.5,172.0,162.0,164.0,601.0,99699.0,-3.8123,0.8081,420.0,228.0,-35.0,-29.0,164.0,3147.0,92.0,206.0,5.0,17.0,1.0,17.6,5.18,0.0
2008/07/01,164.0,165.0,153.0,154.5,709.0,110826.0,-5.7927,0.9533,388.0,4.0,25.0,-101.0,-72.0,2968.0,162.0,341.0,4.0,13.0,0.0,16.58,4.88,0.0
2008/07/02,154.5,164.0,154.5,162.0,593.0,95586.0,4.8544,0.7973,331.0,12.0,204.0,10.0,226.0,2885.0,50.0,131.0,5.0,28.0,20.0,17.38,5.12,0.0
2008/07/03,158.0,167.0,158.0,166.0,766.0,125489.0,2.4691,1.0299,415.0,17.0,0.0,99.0,116.0,3061.0,262.0,84.0,10.0,21.0,3.0,17.81,5.25,2.71
2008/07/04,166.0,169.5,163.0,163.0,496.0,82574.0,-1.8072,0.6669,313.0,-1.0,18.0,-39.0,-22.0,3025.0,84.0,120.0,0.0,24.0,3.0,17.49,5.15,2.76
2008/07/07,163.0,163.5,159.0,162.5,390.0,63363.0,-0.3067,0.5244,194.0,0.0,-139.0,127.0,-12.0,3058.0,87.0,54.0,1.0,38.0,15.0,17.44,5.14,2.77
2008/07/08,161.0,163.0,156.0,159.0,333.0,53563.0,-2.1538,0.4477,204.0,-13.0,130.0,8.0,125.0,3006.0,38.0,90.0,13.0,25.0,0.0,17.06,5.03,2.83
2008/07/09,163.0,164.0,154.5,157.0,386.0,61892.0,-1.2579,0.519,246.0,-6.0,38.0,-90.0,-58.0,3015.0,111.0,98.0,2.0,23.0,0.0,16.85,4.96,2.87
2008/07/10,157.0,161.0,156.0,157.5,238.0,37717.0,0.3185,0.32,157.0,3.0,80.0,-31.0,52.0,2988.0,31.0,48.0,6.0,28.0,11.0,16.9,4.98,2.86
2008/07/11,160.0,168.5,157.5,164.0,507.0,83310.0,4.127,0.6817,325.0,-7.0,40.0,-41.0,-8.0,3147.0,271.0,110.0,1.0,27.0,0.0,17.6,5.18,2.74
2008/07/14,164.0,167.0,162.5,165.5,176.0,29040.0,0.9146,0.2366,144.0,3.0,13.0,-5.0,11.0,3132.0,54.0,67.0,2.0,25.0,0.0,17.76,5.23,2.72
2008/07/15,164.0,164.0,156.0,156.0,276.0,44312.0,-5.7402,0.3711,191.0,-36.0,1.0,56.0,21.0,3038.0,49.0,142.0,0.0,25.0,0.0,16.74,4.93,2.88
2008/07/16,156.0,161.0,154.0,155.0,205.0,32550.0,-0.641,0.2756,173.0,-12.0,0.0,-7.0,-19.0,2984.0,40.0,87.0,0.0,28.0,3.0,16.63,4.9,2.9
2008/07/17,162.0,162.0,155.0,159.0,438.0,69189.0,2.5806,0.5889,373.0,-14.0,0.0,-18.0,-32.0,3016.0,136.0,99.0,3.0,27.0,2.0,17.06,5.03,2.83
2008/07/18,160.0,164.0,159.0,160.0,400.0,64413.0,0.6289,0.5378,241.0,-4.0,10.0,15.0,21.0,2947.0,75.0,142.0,0.0,28.0,1.0,17.17,5.06,2.81
2008/07/21,162.0,166.0,162.0,165.0,324.0,53401.0,3.125,0.4356,236.0,-7.0,50.0,60.0,103.0,2945.0,77.0,78.0,0.0,29.0,2.0,17.7,5.22,2.73
2008/07/22,165.0,172.5,164.5,172.0,542.0,90858.0,4.2424,0.7287,360.0,-5.0,98.0,-49.0,44.0,2964.0,140.0,111.0,0.0,30.0,1.0,18.45,5.44,2.62
2008/07/23,177.5,181.0,174.5,179.0,672.0,119472.0,4.0698,0.9035,474.0,1.0,370.0,15.0,386.0,2705.0,55.0,314.0,2.0,29.0,1.0,19.21,5.66,2.51
2008/07/24,180.5,183.0,179.0,181.5,370.0,67081.0,1.3966,0.4975,275.0,11.0,81.0,-24.0,68.0,2703.0,99.0,93.0,0.0,30.0,1.0,19.47,5.74,2.48
2008/07/25,178.0,180.5,177.0,179.5,219.0,39281.0,-1.1019,0.2944,159.0,5.0,50.0,0.0,55.0,2630.0,48.0,69.0,2.0,28.0,0.0,19.26,5.67,2.51
2008/07/29,177.0,178.0,175.0,176.5,211.0,37348.0,-1.6713,0.2837,149.0,-6.0,50.0,7.0,51.0,2539.0,47.0,113.0,2.0,26.0,0.0,18.94,5.58,2.55
2008/07/30,179.5,181.0,175.5,175.5,238.0,42244.0,-0.5666,0.32,178.0,-15.0,0.0,12.0,-3.0,2533.0,77.0,83.0,2.0,26.0,2.0,18.83,5.55,2.56
2008/07/31,178.0,179.0,166.0,170.0,258.0,44537.0,-3.1339,0.3469,209.0,51.0,0.0,5.0,56.0,2483.0,60.0,110.0,0.0,26.0,0.0,18.24,5.37,2.65
2008/08/01,170.0,171.0,165.0,169.5,234.0,39304.0,-0.2941,0.3146,171.0,46.0,-37.0,10.0,19.0,2436.0,61.0,108.0,21.0,5.0,0.0,18.19,5.36,2.65
2008/08/04,170.0,178.0,170.0,178.0,300.0,52149.0,5.0147,0.4034,207.0,-3.0,0.0,0.0,-3.0,2400.0,75.0,111.0,5.0,0.0,0.0,19.1,5.63,2.53
2008/08/05,180.0,180.0,173.0,175.0,229.0,40672.0,-1.6854,0.3079,183.0,-12.0,14.0,-17.0,-15.0,2334.0,0.0,64.0,0.0,0.0,0.0,18.78,5.53,2.57
2008/08/06,178.0,180.0,177.0,179.0,529.0,94668.0,2.2857,0.7113,312.0,30.0,0.0,74.0,104.0,2192.0,0.0,137.0,0.0,0.0,0.0,19.21,5.66,2.51
2008/08/07,179.0,185.0,178.0,184.0,1127.0,206890.0,2.7933,1.5153,679.0,-31.0,0.0,147.0,116.0,1975.0,0.0,214.0,0.0,0.0,0.0,19.74,5.82,2.45
2008/08/08,171.0,176.0,171.0,173.5,1182.0,205976.0,1.1821,1.5057,752.0,-6.0,140.0,-109.0,25.0,2301.0,375.0,49.0,0.0,51.0,51.0,19.65,6.08,2.59
2008/08/11,175.5,181.0,174.5,176.0,799.0,141260.0,1.4409,1.0178,504.0,-3.0,73.0,24.0,94.0,2340.0,252.0,213.0,0.0,72.0,21.0,18.72,6.17,2.56
2008/08/12,176.0,178.0,174.5,177.0,355.0,62691.0,0.5682,0.4522,235.0,7.0,41.0,7.0,55.0,2302.0,79.0,117.0,0.0,76.0,4.0,18.83,6.21,2.54
2008/08/13,176.0,179.0,176.0,177.0,329.0,58364.0,0.0,0.4191,219.0,-1.0,98.0,19.0,116.0,2304.0,72.0,64.0,0.0,90.0,14.0,18.83,6.21,2.54
2008/08/14,177.0,178.0,175.5,177.5,185.0,32833.0,0.2825,0.2357,132.0,-15.0,0.0,4.0,-11.0,2281.0,36.0,58.0,0.0,90.0,0.0,18.88,6.22,2.54
2008/08/15,178.5,179.0,175.0,175.0,177.0,31340.0,-1.4085,0.2255,138.0,-4.0,0.0,-3.0,-7.0,2263.0,46.0,64.0,15.0,83.0,8.0,18.62,6.14,2.57
2008/08/18,175.0,176.0,168.0,169.0,278.0,47516.0,-3.4286,0.3541,217.0,-1.0,11.0,-2.0,8.0,2158.0,55.0,160.0,12.0,74.0,3.0,17.98,5.93,2.66
2008/08/19,165.0,171.5,165.0,171.5,185.0,31432.0,1.4793,0.2357,140.0,20.0,0.0,-8.0,12.0,2146.0,37.0,48.0,0.0,80.0,6.0,18.24,6.01,2.62
2008/08/20,170.0,172.0,168.5,171.5,184.0,31480.0,0.0,0.2344,116.0,-2.0,7.0,0.0,5.0,2102.0,19.0,55.0,28.0,55.0,3.0,18.24,6.01,2.62
2008/08/21,171.5,172.5,167.5,168.0,185.0,31380.0,-2.0408,0.2357,117.0,-20.0,10.0,-2.0,-12.0,2080.0,22.0,44.0,2.0,53.0,0.0,17.87,5.89,2.68
2008/08/22,168.0,171.0,166.0,168.0,190.0,31957.0,0.0,0.242,125.0,13.0,0.0,-29.0,-16.0,2083.0,44.0,41.0,0.0,57.0,4.0,17.87,5.89,2.68
2008/08/25,170.0,171.5,168.5,170.5,227.0,38687.0,1.4881,0.2892,130.0,1.0,60.0,-17.0,44.0,2048.0,72.0,107.0,2.0,58.0,3.0,18.14,5.98,2.64
2008/08/26,170.5,172.5,169.0,172.0,183.0,31378.0,0.8798,0.2331,128.0,10.0,36.0,33.0,79.0,2029.0,26.0,45.0,0.0,79.0,21.0,18.3,6.03,2.62
2008/08/27,172.0,179.0,172.0,179.0,519.0,91951.0,4.0698,0.6611,441.0,47.0,20.0,26.0,93.0,2093.0,155.0,91.0,2.0,129.0,52.0,19.04,6.28,2.51
2008/08/28,180.0,180.5,176.5,179.0,194.0,34778.0,0.0,0.2471,166.0,-10.0,36.0,1.0,27.0,2068.0,57.0,82.0,1.0,134.0,6.0,19.04,6.28,2.51
2008/08/29,180.0,181.5,174.5,177.0,246.0,43648.0,-1.1173,0.3134,197.0,2.0,-10.0,3.0,-5.0,2083.0,88.0,73.0,2.0,132.0,0.0,18.83,6.21,2.54
2008/09/01,175.0,176.5,170.0,171.0,235.0,40647.0,-3.3898,0.2993,169.0,-1.0,-80.0,3.0,-78.0,2081.0,54.0,56.0,20.0,112.0,0.0,18.19,6.0,2.63
2008/09/02,171.0,174.0,170.0,172.0,172.0,29550.0,0.5848,0.2191,132.0,-4.0,0.0,7.0,3.0,2061.0,38.0,58.0,0.0,118.0,6.0,18.3,6.03,2.62
2008/09/03,171.0,174.0,166.0,167.0,204.0,34403.0,-2.907,0.2599,155.0,5.0,0.0,1.0,6.0,1962.0,21.0,120.0,5.0,114.0,1.0,17.77,5.86,2.69
2008/09/04,165.0,169.0,165.0,167.0,147.0,24599.0,0.0,0.1873,138.0,3.0,50.0,6.0,59.0,1918.0,10.0,53.0,1.0,123.0,10.0,17.77,5.86,2.69
2008/09/05,161.0,167.0,160.0,162.0,439.0,71772.0,-2.994,0.5592,326.0,-103.0,-30.0,22.0,-111.0,1916.0,78.0,80.0,10.0,94.0,1.0,17.23,5.68,2.78
2008/09/08,166.0,169.0,164.0,165.5,673.0,111567.0,2.1605,0.8573,465.0,18.0,17.0,39.0,74.0,1963.0,236.0,187.0,3.0,97.0,6.0,17.61,5.8,2.72
2008/09/09,163.0,164.0,158.0,160.0,414.0,66794.0,-3.3233,0.5274,278.0,52.0,0.0,-118.0,-66.0,1906.0,108.0,162.0,9.0,88.0,0.0,17.02,5.61,2.81
2008/09/10,158.0,163.0,158.0,163.0,113.0,18251.0,1.875,0.1439,100.0,20.0,0.0,-1.0,19.0,1881.0,7.0,32.0,1.0,65.0,5.0,17.34,5.72,2.76
2008/09/11,166.0,166.0,162.5,162.5,258.0,42381.0,-0.3067,0.3286,173.0,-8.0,70.0,0.0,62.0,1908.0,90.0,63.0,2.0,78.0,15.0,17.29,5.7,2.77
2008/09/12,165.0,166.0,158.0,165.0,226.0,36969.0,1.5385,0.2879,152.0,19.0,68.0,-1.0,86.0,1878.0,15.0,45.0,6.0,89.0,17.0,17.55,5.79,2.73
2008/09/15,164.0,164.0,159.0,159.0,84.0,13660.0,-3.6364,0.107,80.0,-7.0,0.0,0.0,-7.0,1851.0,9.0,36.0,9.0,80.0,0.0,16.91,5.58,2.83
2008/09/16,151.0,159.0,148.0,150.0,266.0,40161.0,-5.6604,0.3388,200.0,25.0,0.0,-11.0,14.0,1794.0,28.0,78.0,20.0,60.0,0.0,15.96,5.26,3.0
2008/09/17,155.0,158.5,153.0,156.0,267.0,41729.0,4.0,0.3401,208.0,10.0,126.0,-2.0,134.0,1765.0,10.0,39.0,1.0,81.0,22.0,16.6,5.47,2.88
2008/09/18,150.0,155.0,145.5,149.0,266.0,39432.0,-4.4872,0.3388,197.0,-24.0,-20.0,-2.0,-46.0,1760.0,55.0,59.0,18.0,63.0,0.0,15.85,5.22,3.02
2008/09/19,153.0,157.5,153.0,157.5,319.0,49693.0,5.7047,0.4063,224.0,-20.0,15.0,29.0,24.0,1841.0,115.0,34.0,1.0,67.0,5.0,16.76,5.52,2.86
2008/09/22,160.0,160.5,153.5,158.0,234.0,36676.0,0.3175,0.2981,200.0,-22.0,-71.0,-14.0,-107.0,1844.0,44.0,41.0,2.0,68.0,3.0,16.81,5.54,2.85
2008/09/23,152.0,157.0,152.0,155.5,296.0,45753.0,-1.5823,0.3771,192.0,0.0,-62.0,-28.0,-90.0,1823.0,51.0,72.0,3.0,65.0,0.0,16.54,5.45,2.89
2008/09/24,155.5,156.5,151.0,152.0,327.0,49987.0,-2.2508,0.4165,221.0,0.0,-73.0,-34.0,-107.0,1858.0,64.0,26.0,2.0,63.0,0.0,16.17,5.33,2.96
2008/09/25,151.5,152.5,148.0,148.0,170.0,25613.0,-2.6316,0.2165,139.0,0.0,-48.0,9.0,-39.0,1872.0,33.0,19.0,0.0,63.0,0.0,15.74,5.19,3.04
2008/09/26,148.5,150.0,138.0,138.5,405.0,57222.0,-6.4189,0.5159,283.0,-5.0,-71.0,-88.0,-164.0,1858.0,49.0,62.0,0.0,64.0,1.0,14.73,4.86,3.25
2008/09/30,129.0,129.0,129.0,129.0,214.0,27618.0,-6.8592,0.2726,81.0,0.0,-34.0,0.0,-34.0,1890.0,95.0,36.0,0.0,64.0,0.0,13.72,4.52,3.49
2008/10/01,133.0,134.0,120.0,129.0,979.0,121804.0,0.0,1.2471,641.0,19.0,-178.0,-107.0,-266.0,1987.0,167.0,70.0,6.0,53.0,0.0,13.72,4.52,3.49
2008/10/02,125.0,130.0,120.0,123.0,386.0,48351.0,-4.6512,0.4917,353.0,14.0,-83.0,-13.0,-82.0,1923.0,57.0,121.0,0.0,51.0,0.0,13.09,4.31,3.66
2008/10/03,123.0,123.0,114.5,123.0,1390.0,161673.0,0.0,1.7706,526.0,21.0,-270.0,-51.0,-300.0,2028.0,839.0,733.0,5.0,46.0,0.0,13.09,4.31,3.66
2008/10/06,118.0,119.0,114.5,117.0,535.0,62102.0,-4.878,0.6815,360.0,25.0,-150.0,-5.0,-130.0,2030.0,102.0,99.0,0.0,46.0,0.0,12.45,4.1,3.85
2008/10/07,110.0,118.0,110.0,118.0,574.0,64814.0,0.8547,0.7312,425.0,55.0,-226.0,2.0,-169.0,2123.0,164.0,67.0,0.0,46.0,0.0,12.55,4.14,3.81
2008/10/08,113.0,114.0,110.0,112.0,396.0,44273.0,-5.0847,0.5044,288.0,116.0,-50.0,-2.0,64.0,2086.0,64.0,101.0,0.0,46.0,0.0,11.91,3.93,4.02
2008/10/09,112.0,115.0,105.5,106.0,409.0,44837.0,-5.3571,0.521,352.0,44.0,-173.0,1.0,-128.0,2106.0,94.0,73.0,25.0,21.0,0.0,11.28,3.72,4.25
2008/10/13,105.0,105.0,102.5,102.5,527.0,54572.0,-3.3019,0.6713,246.0,51.0,-52.0,0.0,-1.0,2111.0,132.0,125.0,0.0,15.0,0.0,10.9,3.59,4.39
2008/10/14,109.5,109.5,107.0,109.5,515.0,56252.0,6.8293,0.656,311.0,102.0,-60.0,0.0,43.0,2084.0,92.0,111.0,1.0,14.0,0.0,11.65,3.84,4.11
2008/10/15,108.5,109.0,106.5,109.0,214.0,23141.0,-0.4566,0.2726,165.0,75.0,0.0,-1.0,74.0,2063.0,15.0,34.0,0.0,14.0,0.0,11.6,3.82,4.13
2008/10/16,105.5,107.0,105.5,107.0,165.0,17505.0,-1.8349,0.2102,121.0,43.0,-1.0,-1.0,41.0,2038.0,17.0,41.0,0.0,14.0,0.0,11.38,3.75,4.21
2008/10/17,108.0,109.5,106.0,107.0,252.0,27139.0,0.0,0.321,215.0,-25.0,0.0,0.0,-25.0,2026.0,21.0,23.0,0.0,14.0,0.0,11.38,3.75,4.21
2008/10/20,107.0,108.5,104.0,108.5,150.0,15964.0,1.4019,0.1911,121.0,18.0,0.0,-3.0,14.0,2034.0,21.0,13.0,7.0,7.0,0.0,11.54,3.8,4.15
2008/10/21,110.0,113.0,110.0,112.0,394.0,44249.0,3.2258,0.5019,241.0,-11.0,0.0,-9.0,-20.0,2134.0,197.0,92.0,0.0,7.0,0.0,11.91,3.93,4.02
2008/10/22,111.0,112.0,108.5,108.5,246.0,26978.0,-3.125,0.3134,186.0,-50.0,0.0,2.0,-48.0,2129.0,42.0,42.0,0.0,7.0,0.0,11.54,3.8,4.15
2008/10/23,105.0,106.5,105.0,106.0,136.0,14326.0,-2.3041,0.1732,106.0,-1.0,0.0,0.0,-1.0,2111.0,11.0,29.0,0.0,7.0,0.0,11.28,3.72,4.25
2008/10/24,105.0,107.0,102.5,102.5,177.0,18365.0,-3.3019,0.2255,124.0,-10.0,0.0,0.0,-10.0,2104.0,44.0,51.0,0.0,7.0,0.0,10.9,3.24,4.39
2008/10/27,96.0,99.0,95.4,95.4,192.0,18528.0,-6.9268,0.2446,144.0,1.0,-57.0,0.0,-56.0,2078.0,51.0,75.0,0.0,7.0,0.0,9.16,3.02,4.72
2008/10/28,90.0,99.9,88.8,99.9,398.0,36647.0,4.717,0.507,299.0,-6.0,36.0,2.0,32.0,2046.0,65.0,84.0,0.0,7.0,0.0,9.59,3.16,4.5
2008/10/29,106.0,106.0,97.0,99.9,314.0,31940.0,0.0,0.4,250.0,-16.0,-15.0,3.0,-28.0,2007.0,44.0,78.0,4.0,3.0,0.0,9.59,3.16,4.5
2008/10/30,101.0,105.0,99.9,104.0,530.0,54286.0,4.1041,0.6751,377.0,17.0,-163.0,-5.0,-151.0,2115.0,145.0,37.0,0.0,3.0,0.0,9.98,3.29,4.33
2008/10/31,102.0,104.0,99.0,103.0,422.0,42656.0,-0.9615,0.5376,331.0,12.0,0.0,-2.0,10.0,2089.0,82.0,108.0,0.0,3.0,0.0,9.88,3.26,4.37
2008/11/03,103.0,104.0,100.5,103.5,330.0,33790.0,0.4854,0.4204,256.0,3.0,-75.0,2.0,-70.0,2135.0,101.0,55.0,0.0,3.0,0.0,9.93,3.27,4.35
2008/11/04,104.0,104.0,99.1,99.8,399.0,40237.0,-3.5749,0.5083,313.0,-1.0,-112.0,0.0,-113.0,2162.0,91.0,64.0,0.0,3.0,0.0,9.58,3.16,4.51
2008/11/05,100.0,102.0,98.2,99.9,449.0,45110.0,0.1002,0.5719,366.0,4.0,-138.0,-15.0,-149.0,2199.0,123.0,58.0,0.0,3.0,0.0,9.59,3.16,4.5
2008/11/06,97.0,97.0,93.0,93.0,286.0,26764.0,-6.9069,0.3643,227.0,-16.0,-36.0,0.0,-52.0,2168.0,53.0,82.0,0.0,0.0,0.0,8.93,2.94,4.84
2008/11/07,86.5,89.8,86.5,88.8,594.0,52187.0,-4.5161,0.7566,497.0,0.0,-162.0,0.0,-162.0,2223.0,104.0,48.0,0.0,0.0,0.0,8.52,2.81,5.07
2008/11/10,89.0,89.4,82.7,84.8,414.0,35470.0,-4.5045,0.5274,345.0,34.0,-174.0,-2.0,-142.0,2255.0,74.0,42.0,0.0,0.0,0.0,8.14,2.68,5.31
2008/11/11,83.8,86.0,81.6,84.3,420.0,35336.0,-0.5896,0.535,341.0,4.0,-210.0,2.0,-204.0,2243.0,67.0,72.0,0.0,0.0,0.0,8.09,2.67,5.34
2008/11/12,85.3,86.5,84.3,85.4,211.0,18053.0,1.3049,0.2688,167.0,-12.0,-10.0,9.0,-13.0,2252.0,40.0,31.0,0.0,0.0,0.0,8.2,2.7,5.27
2008/11/13,85.4,85.9,82.1,83.1,225.0,18962.0,-2.6932,0.2866,170.0,-5.0,0.0,0.0,-5.0,2154.0,13.0,91.0,0.0,0.0,0.0,7.98,2.63,5.42
2008/11/14,84.5,85.5,84.0,84.7,215.0,18269.0,1.9254,0.2739,163.0,-15.0,-4.0,0.0,-19.0,2131.0,27.0,49.0,0.0,0.0,0.0,8.13,2.68,5.31
2008/11/17,86.0,86.5,83.0,83.0,132.0,11164.0,-2.0071,0.1681,111.0,-4.0,-1.0,0.0,-5.0,2104.0,15.0,40.0,0.0,0.0,0.0,7.97,2.62,5.42
2008/11/18,83.5,83.8,77.2,77.2,316.0,24885.0,-6.988,0.4025,214.0,-4.0,-7.0,-9.0,-20.0,1953.0,31.0,180.0,0.0,0.0,0.0,7.41,2.44,5.83
2008/11/19,75.0,79.4,73.5,77.2,302.0,23165.0,0.0,0.3847,178.0,-5.0,-50.0,-1.0,-56.0,1972.0,100.0,81.0,0.0,0.0,0.0,7.41,2.44,5.83
2008/11/20,77.0,77.0,71.8,74.9,288.0,21198.0,-2.9793,0.3669,208.0,4.0,-50.0,-1.0,-47.0,1814.0,41.0,74.0,0.0,0.0,0.0,7.19,2.37,6.01
2008/11/21,74.0,77.4,71.0,77.2,340.0,25472.0,3.0708,0.4331,264.0,67.0,23.0,0.0,90.0,1823.0,61.0,52.0,0.0,0.0,0.0,7.41,2.44,5.83
2008/11/24,79.2,79.2,75.1,77.2,134.0,10437.0,0.0,0.1707,111.0,-1.0,0.0,0.0,-1.0,1817.0,17.0,23.0,0.0,0.0,0.0,7.41,2.44,5.83
2008/11/25,78.5,80.6,78.4,79.9,239.0,19038.0,3.4974,0.3044,181.0,19.0,23.0,0.0,42.0,1854.0,65.0,28.0,0.0,0.0,0.0,7.67,2.53,5.63
2008/11/26,80.6,81.3,80.0,80.8,211.0,17105.0,1.1264,0.2688,173.0,-3.0,0.0,0.0,-3.0,1871.0,42.0,25.0,0.0,0.0,0.0,7.75,2.56,5.57
2008/11/27,82.5,86.0,82.0,85.5,435.0,36712.0,5.8168,0.5541,234.0,39.0,1.0,0.0,40.0,2048.0,226.0,49.0,0.0,0.0,0.0,8.21,2.7,5.26
2008/11/28,87.0,87.0,83.1,83.5,249.0,21431.0,-2.3392,0.3172,196.0,-5.0,0.0,0.0,-5.0,2064.0,51.0,34.0,0.0,5.0,5.0,8.01,2.64,5.39
2008/12/01,84.5,85.0,84.0,85.0,209.0,17726.0,1.7964,0.2662,156.0,0.0,0.0,0.0,0.0,2103.0,52.0,13.0,1.0,5.0,1.0,8.16,2.69,5.29
2008/12/02,81.0,81.5,79.1,81.0,203.0,16334.0,-4.7059,0.2586,164.0,-20.0,-90.0,0.0,-110.0,2102.0,17.0,18.0,3.0,2.0,0.0,7.77,2.56,5.56
2008/12/03,82.0,82.0,76.1,78.0,229.0,18212.0,-3.7037,0.2917,182.0,-15.0,-70.0,0.0,-85.0,2074.0,15.0,43.0,0.0,3.0,1.0,7.49,2.47,5.77
2008/12/04,79.7,80.0,77.3,78.0,177.0,13918.0,0.0,0.2255,135.0,-14.0,-37.0,0.0,-51.0,2058.0,22.0,8.0,0.0,6.0,3.0,7.49,2.47,5.77
2008/12/05,77.0,80.5,77.0,78.5,329.0,25934.0,0.641,0.4191,190.0,-41.0,0.0,0.0,-41.0,2198.0,153.0,9.0,0.0,9.0,3.0,7.53,2.48,5.73
2008/12/08,78.5,81.9,78.0,81.5,496.0,39803.0,3.8217,0.6318,302.0,4.0,-20.0,2.0,-14.0,2322.0,155.0,29.0,1.0,11.0,3.0,7.82,2.58,5.52
2008/12/09,82.5,82.5,80.0,81.0,377.0,30661.0,-0.6135,0.4802,285.0,-27.0,-60.0,-1.0,-88.0,2296.0,53.0,76.0,5.0,6.0,0.0,7.77,2.56,5.56
2008/12/10,81.0,85.3,81.0,85.0,510.0,42532.0,4.9383,0.6496,398.0,-7.0,-19.0,0.0,-26.0,2363.0,113.0,46.0,0.0,10.0,4.0,8.16,2.69,5.29
2008/12/11,85.2,86.0,84.4,85.5,478.0,40778.0,0.5882,0.6089,359.0,23.0,27.0,1.0,51.0,2367.0,127.0,123.0,0.0,15.0,5.0,8.21,2.7,5.26
2008/12/12,85.0,85.0,80.5,80.7,299.0,24777.0,-5.614,0.3809,247.0,4.0,-1.0,-1.0,2.0,2330.0,62.0,99.0,6.0,9.0,0.0,7.74,2.55,5.58
2008/12/15,81.5,84.9,81.5,83.9,279.0,23373.0,3.9653,0.3554,202.0,7.0,19.0,-1.0,25.0,2374.0,78.0,34.0,0.0,9.0,0.0,8.05,2.65,5.36
2008/12/16,83.5,83.5,82.6,83.0,135.0,11250.0,-1.0727,0.172,96.0,-1.0,50.0,0.0,49.0,2363.0,10.0,21.0,0.0,9.0,0.0,7.97,2.62,5.42
2008/12/17,85.0,85.5,83.3,84.3,247.0,20925.0,1.5663,0.3146,184.0,4.0,50.0,-1.0,53.0,2360.0,27.0,30.0,2.0,8.0,1.0,8.09,2.67,5.34
2008/12/18,84.7,86.6,84.3,86.5,373.0,31854.0,2.6097,0.4751,276.0,46.0,39.0,0.0,85.0,2364.0,51.0,47.0,1.0,7.0,0.0,8.3,2.74,5.2
2008/12/19,86.5,88.4,86.5,87.8,438.0,38349.0,1.5029,0.5579,302.0,-23.0,0.0,0.0,-23.0,2473.0,157.0,48.0,0.0,7.0,0.0,8.43,2.78,5.13
2008/12/22,89.0,89.0,83.3,83.6,208.0,17822.0,-4.7836,0.265,188.0,-13.0,0.0,1.0,-12.0,2448.0,25.0,50.0,0.0,7.0,0.0,8.02,2.64,5.38
2008/12/23,83.6,84.2,80.1,83.0,352.0,28905.0,-0.7177,0.4484,217.0,0.0,0.0,108.0,108.0,2408.0,23.0,63.0,2.0,5.0,0.0,7.97,2.62,5.42
2008/12/24,83.0,83.4,81.8,83.0,181.0,15013.0,0.0,0.2306,128.0,7.0,50.0,0.0,57.0,2374.0,7.0,41.0,0.0,7.0,2.0,7.97,2.62,5.42
2008/12/25,83.9,83.9,83.1,83.3,82.0,6859.0,0.3614,0.1045,81.0,16.0,0.0,0.0,16.0,2373.0,9.0,10.0,0.0,7.0,0.0,7.99,2.63,5.4
2008/12/26,83.3,85.4,83.3,84.0,207.0,17400.0,0.8403,0.2637,145.0,14.0,-1.0,30.0,43.0,2363.0,16.0,24.0,0.0,8.0,1.0,8.06,2.66,5.36
2008/12/29,85.1,86.9,84.7,85.9,313.0,26867.0,2.2619,0.3987,280.0,37.0,170.0,0.0,207.0,2324.0,17.0,56.0,0.0,11.0,3.0,8.24,2.72,5.24
2008/12/30,87.8,89.4,86.1,88.0,433.0,38069.0,2.4447,0.5516,277.0,-72.0,52.0,75.0,55.0,2341.0,94.0,77.0,4.0,9.0,2.0,8.45,2.78,5.11
2008/12/31,88.0,89.7,88.0,88.0,286.0,25440.0,0.0,0.3643,231.0,-9.0,60.0,-6.0,45.0,2306.0,37.0,70.0,0.0,15.0,6.0,8.45,2.78,5.11
2009/01/05,89.9,91.9,88.1,89.0,242.0,21787.0,1.1364,0.3083,185.0,4.0,0.0,-19.0,-15.0,2324.0,52.0,34.0,0.0,16.0,1.0,8.54,2.81,5.06
2009/01/06,90.0,91.0,86.5,88.9,285.0,25216.0,-0.1124,0.363,208.0,2.0,-134.0,26.0,-106.0,2352.0,49.0,21.0,3.0,13.0,0.0,8.53,2.81,5.06
2009/01/07,88.0,90.2,87.6,88.8,286.0,25399.0,-0.1125,0.3643,159.0,4.0,-138.0,-1.0,-135.0,2380.0,51.0,20.0,0.0,13.0,0.0,8.52,2.81,5.07
2009/01/08,88.9,90.0,85.1,85.2,402.0,35534.0,-4.0541,0.5121,314.0,-11.0,-137.0,5.0,-143.0,2405.0,72.0,47.0,3.0,10.0,0.0,8.18,2.69,5.28
2009/01/09,85.7,86.3,84.6,85.5,185.0,15855.0,0.3521,0.2357,140.0,2.0,-96.0,0.0,-94.0,2387.0,14.0,32.0,3.0,7.0,0.0,8.21,2.7,5.26
2009/01/10,84.7,85.8,83.5,84.0,206.0,17444.0,-1.7544,0.2624,138.0,0.0,-72.0,0.0,-72.0,2375.0,8.0,20.0,1.0,6.0,0.0,8.06,2.66,5.36
2009/01/12,84.2,85.3,81.5,83.9,280.0,23252.0,-0.119,0.3567,209.0,10.0,-181.0,0.0,-171.0,2375.0,30.0,30.0,1.0,5.0,0.0,8.05,2.65,5.36
2009/01/13,84.0,84.5,83.1,84.4,213.0,17902.0,0.5959,0.2713,170.0,4.0,-100.0,2.0,-94.0,2373.0,17.0,18.0,0.0,6.0,1.0,8.1,2.67,5.33
2009/01/14,84.7,87.2,84.6,86.5,311.0,26881.0,2.4882,0.3962,193.0,12.0,50.0,45.0,107.0,2388.0,34.0,19.0,0.0,14.0,8.0,8.3,2.74,5.2
2009/01/15,85.0,85.7,84.0,85.0,143.0,12182.0,-1.7341,0.1822,123.0,-1.0,0.0,6.0,5.0,2381.0,29.0,11.0,7.0,7.0,0.0,8.16,2.69,5.29
2009/01/16,86.2,86.5,85.1,86.1,130.0,11180.0,1.2941,0.1656,109.0,-8.0,0.0,0.0,-8.0,2379.0,16.0,18.0,0.0,14.0,7.0,8.26,2.72,5.23
2009/01/17,86.8,87.1,86.1,86.8,137.0,11934.0,0.813,0.1745,101.0,0.0,1.0,0.0,1.0,2373.0,45.0,19.0,0.0,17.0,3.0,8.33,2.75,5.18
2009/01/19,87.0,87.5,86.3,86.8,82.0,7192.0,0.0,0.1045,74.0,0.0,0.0,7.0,7.0,2363.0,2.0,12.0,0.0,18.0,1.0,8.33,2.75,5.18
2009/01/20,87.0,87.3,85.0,86.0,104.0,9008.0,-0.9217,0.1325,81.0,-6.0,0.0,1.0,-5.0,2356.0,1.0,8.0,0.0,20.0,2.0,8.25,2.72,5.23
2009/01/21,84.9,86.5,84.0,86.0,139.0,11850.0,0.0,0.1771,97.0,-8.0,0.0,0.0,-8.0,2361.0,34.0,22.0,11.0,9.0,0.0,8.25,2.72,5.23
2009/02/02,86.0,89.9,86.0,89.9,442.0,39005.0,4.5349,0.563,264.0,327.0,0.0,0.0,327.0,2358.0,36.0,38.0,0.0,18.0,9.0,8.63,2.84,5.01
2009/02/03,90.3,95.5,90.3,95.5,569.0,53376.0,6.2291,0.7248,429.0,175.0,0.0,0.0,175.0,2457.0,154.0,55.0,0.0,26.0,8.0,9.17,3.02,4.71
2009/02/04,96.3,97.3,94.0,97.0,442.0,42375.0,1.5707,0.563,301.0,-16.0,122.0,-1.0,105.0,2442.0,94.0,109.0,2.0,26.0,2.0,9.31,3.07,4.64
2009/02/05,96.8,97.0,94.9,96.0,344.0,32872.0,-1.0309,0.4382,193.0,-2.0,55.0,0.0,53.0,2422.0,23.0,43.0,1.0,26.0,1.0,9.21,3.04,4.69
2009/02/06,96.0,98.5,96.0,96.5,310.0,30154.0,0.5208,0.3949,242.0,0.0,0.0,-20.0,-20.0,2479.0,81.0,24.0,0.0,32.0,6.0,9.26,3.05,4.66
2009/02/09,96.5,96.6,94.5,95.2,265.0,25360.0,-1.3472,0.3376,190.0,-1.0,50.0,1.0,50.0,2487.0,25.0,17.0,1.0,32.0,1.0,9.14,3.01,4.73
2009/02/10,94.6,95.2,94.3,94.5,181.0,17182.0,-0.7353,0.2306,139.0,9.0,0.0,-1.0,8.0,2488.0,9.0,8.0,4.0,28.0,0.0,9.07,2.99,4.76
2009/02/11,94.0,96.3,93.6,96.2,251.0,23965.0,1.7989,0.3197,200.0,3.0,-1.0,-39.0,-37.0,2493.0,20.0,15.0,1.0,30.0,3.0,9.23,3.04,4.68
2009/02/12,96.5,98.4,95.4,95.7,233.0,22604.0,-0.5198,0.2968,180.0,3.0,0.0,-8.0,-5.0,2509.0,49.0,33.0,4.0,26.0,0.0,9.18,3.03,4.7
2009/02/13,96.0,97.6,95.6,96.6,259.0,25071.0,0.9404,0.3299,190.0,-15.0,50.0,-42.0,-7.0,2512.0,25.0,22.0,2.0,26.0,2.0,9.27,3.06,4.66
2009/02/16,96.9,97.8,96.6,97.8,166.0,16177.0,1.2422,0.2115,129.0,5.0,50.0,0.0,55.0,2490.0,7.0,29.0,0.0,29.0,3.0,9.39,3.09,4.6
2009/02/17,98.0,98.2,96.4,96.7,98.0,9596.0,-1.1247,0.1248,85.0,-3.0,-1.0,0.0,-4.0,2490.0,20.0,19.0,1.0,28.0,0.0,9.28,3.06,4.65
2009/02/18,96.0,96.3,95.3,96.0,115.0,11030.0,-0.7239,0.1465,97.0,9.0,12.0,0.0,21.0,2484.0,18.0,24.0,2.0,26.0,0.0,9.21,3.04,4.69
2009/02/19,95.5,96.6,95.0,96.6,207.0,19877.0,0.625,0.2637,119.0,8.0,0.0,0.0,8.0,2510.0,28.0,2.0,1.0,25.0,0.0,9.27,3.06,4.66
2009/02/20,96.6,96.8,94.0,94.9,102.0,9786.0,-1.7598,0.1299,95.0,-1.0,0.0,16.0,15.0,2493.0,4.0,21.0,3.0,22.0,0.0,9.11,3.0,4.74
2009/02/23,94.9,96.0,93.0,95.1,211.0,19983.0,0.2107,0.2688,182.0,0.0,-40.0,49.0,9.0,2497.0,6.0,2.0,2.0,20.0,0.0,9.13,3.01,4.73
2009/02/24,95.1,96.2,94.3,95.2,91.0,8671.0,0.1052,0.1159,63.0,0.0,0.0,0.0,0.0,2492.0,4.0,9.0,0.0,20.0,0.0,9.14,3.01,4.73
2009/02/25,96.5,96.8,95.2,96.0,224.0,21486.0,0.8403,0.2853,134.0,-15.0,0.0,29.0,14.0,2539.0,59.0,12.0,0.0,20.0,0.0,9.21,3.04,4.69
2009/02/26,96.5,96.7,95.9,95.9,68.0,6609.0,-0.1042,0.0866,69.0,5.0,0.0,0.0,5.0,2525.0,3.0,17.0,0.0,20.0,0.0,9.2,3.03,4.69
2009/02/27,96.0,96.8,95.9,96.1,214.0,20606.0,0.2086,0.2726,158.0,-36.0,0.0,-1.0,-37.0,2556.0,40.0,9.0,1.0,19.0,0.0,9.22,3.04,4.68
2009/03/02,96.1,96.5,93.9,95.5,137.0,13078.0,-0.6243,0.1745,88.0,0.0,1.0,10.0,11.0,2539.0,12.0,29.0,1.0,18.0,0.0,9.17,3.02,4.71
2009/03/03,92.9,96.0,92.9,95.2,124.0,11745.0,-0.3141,0.158,85.0,-2.0,0.0,3.0,1.0,2519.0,4.0,24.0,0.0,18.0,0.0,9.14,3.01,4.73
2009/03/04,95.2,96.7,94.8,95.9,308.0,29452.0,0.7353,0.3923,224.0,21.0,-1.0,55.0,75.0,2556.0,47.0,10.0,5.0,13.0,0.0,9.2,3.03,4.69
2009/03/05,96.5,96.9,95.5,95.8,248.0,23879.0,-0.1043,0.3159,202.0,1.0,0.0,9.0,10.0,2556.0,34.0,34.0,0.0,13.0,0.0,9.19,3.03,4.7
2009/03/06,95.1,96.4,95.1,95.8,122.0,11739.0,0.0,0.1554,88.0,17.0,-2.0,3.0,18.0,2549.0,7.0,14.0,0.0,13.0,0.0,9.19,3.03,4.7
2009/03/09,96.0,96.0,93.8,95.2,287.0,27277.0,-0.6263,0.3656,175.0,0.0,-74.0,-2.0,-76.0,2546.0,21.0,24.0,1.0,12.0,0.0,9.14,3.01,4.73
2009/03/10,95.1,96.1,93.8,95.3,298.0,28352.0,0.105,0.3796,247.0,29.0,-86.0,-47.0,-104.0,2554.0,23.0,15.0,0.0,12.0,0.0,9.15,3.01,4.72
2009/03/11,96.0,96.7,95.4,95.6,200.0,19261.0,0.3148,0.2548,181.0,4.0,-39.0,-6.0,-41.0,2568.0,32.0,18.0,0.0,12.0,0.0,9.17,3.02,4.71
2009/03/12,95.7,96.1,95.2,95.6,163.0,15644.0,0.0,0.2076,150.0,0.0,-6.0,0.0,-6.0,2580.0,32.0,20.0,0.0,12.0,0.0,9.17,3.02,4.71
2009/03/13,96.0,102.0,95.8,102.0,1432.0,144674.0,6.6946,1.8241,738.0,37.0,-5.0,-137.0,-105.0,3018.0,477.0,39.0,1.0,14.0,3.0,9.79,3.23,4.41
2009/03/16,103.0,103.5,100.0,102.5,871.0,88510.0,0.4902,1.1095,529.0,5.0,-31.0,-1.0,-27.0,3007.0,227.0,238.0,3.0,11.0,0.0,9.84,3.24,4.39
2009/03/17,103.0,107.5,101.0,104.0,737.0,76980.0,1.4634,0.9388,473.0,-16.0,1.0,-74.0,-89.0,3175.0,294.0,126.0,1.0,10.0,0.0,9.98,3.29,4.33
2009/03/18,106.0,106.0,102.0,103.5,491.0,51211.0,-0.4808,0.6254,316.0,-3.0,-1.0,-21.0,-25.0,3194.0,154.0,134.0,0.0,10.0,0.0,9.93,3.27,4.35
2009/03/19,105.0,105.5,103.5,103.5,315.0,33009.0,0.0,0.4013,224.0,-1.0,-2.0,15.0,12.0,3177.0,68.0,85.0,0.0,21.0,11.0,9.93,3.06,4.35
2009/03/20,103.0,105.0,102.0,103.5,282.0,29103.0,0.0,0.3592,222.0,-19.0,0.0,0.0,-19.0,3168.0,48.0,57.0,11.0,11.0,1.0,10.34,3.06,4.35
2009/03/23,103.5,104.5,103.0,104.5,262.0,27275.0,0.9662,0.3337,204.0,-14.0,0.0,-23.0,-37.0,3143.0,28.0,53.0,3.0,8.0,0.0,10.44,3.09,4.31
2009/03/24,106.0,111.5,105.5,111.5,837.0,91014.0,6.6986,1.0662,534.0,-10.0,-1.0,-46.0,-57.0,3305.0,270.0,108.0,1.0,38.0,31.0,11.14,3.29,4.04
2009/03/25,114.0,114.0,110.0,112.0,634.0,71214.0,0.4484,0.8076,479.0,-94.0,0.0,1.0,-93.0,3277.0,200.0,228.0,27.0,11.0,0.0,11.19,3.31,4.02
2009/03/26,113.0,119.5,112.0,118.5,1217.0,142145.0,5.8036,1.5502,749.0,-21.0,0.0,-1.0,-22.0,3309.0,290.0,248.0,1.0,13.0,4.0,11.84,3.5,3.8
2009/03/27,121.5,121.5,117.0,118.0,895.0,106202.0,-0.4219,1.1401,353.0,-10.0,0.0,0.0,-10.0,3300.0,205.0,214.0,1.0,12.0,0.0,11.79,3.49,3.81
2009/03/30,118.0,118.0,111.0,111.0,401.0,45763.0,-5.9322,0.5108,312.0,-34.0,0.0,2.0,-32.0,3251.0,131.0,180.0,1.0,11.0,0.0,11.09,3.28,4.05
2009/03/31,112.5,114.5,112.0,113.5,356.0,40239.0,2.2523,0.4535,277.0,-49.0,0.0,0.0,-49.0,3268.0,71.0,54.0,1.0,10.0,0.0,11.34,3.35,3.96
2009/04/01,114.0,116.0,113.5,114.5,289.0,33174.0,0.8811,0.3681,211.0,-12.0,0.0,0.0,-12.0,3253.0,63.0,76.0,0.0,10.0,0.0,11.44,3.38,3.93
2009/04/02,116.0,120.0,114.5,116.0,591.0,69273.0,1.31,0.7528,415.0,9.0,0.0,2.0,11.0,3369.0,220.0,103.0,0.0,10.0,0.0,11.59,3.43,3.88
2009/04/03,118.5,118.5,114.0,114.0,327.0,37862.0,-1.7241,0.4165,236.0,-55.0,-1.0,0.0,-56.0,3348.0,69.0,90.0,0.0,11.0,1.0,11.39,3.37,3.95
2009/04/06,114.0,116.0,112.0,112.5,502.0,56950.0,-1.3158,0.6395,312.0,-92.0,-100.0,-1.0,-193.0,3415.0,127.0,60.0,0.0,11.0,0.0,11.24,3.32,4.0
2009/04/07,113.5,113.5,110.0,112.5,483.0,53943.0,0.0,0.6153,299.0,-75.0,-115.0,-2.0,-192.0,3470.0,135.0,74.0,1.0,10.0,0.0,11.24,3.32,4.0
2009/04/08,110.5,113.5,110.5,113.5,364.0,40781.0,0.8889,0.4637,235.0,5.0,0.0,37.0,42.0,3440.0,48.0,78.0,0.0,10.0,0.0,11.34,3.35,3.96
2009/04/09,114.5,115.5,113.0,114.5,501.0,57387.0,0.8811,0.6382,336.0,-33.0,0.0,3.0,-30.0,3453.0,161.0,148.0,1.0,9.0,0.0,11.44,3.38,3.93
2009/04/10,115.5,116.5,113.0,113.5,417.0,47800.0,-0.8734,0.5312,304.0,-4.0,0.0,1.0,-3.0,3330.0,95.0,218.0,1.0,8.0,0.0,11.34,3.35,3.96
2009/04/13,115.0,121.0,114.0,121.0,1283.0,153158.0,6.6079,1.6343,685.0,50.0,-53.0,63.0,60.0,3675.0,591.0,246.0,2.0,7.0,1.0,12.09,3.58,3.72
2009/04/14,120.0,122.5,119.5,121.5,825.0,100012.0,0.4132,1.0509,525.0,-121.0,0.0,85.0,-36.0,3692.0,335.0,318.0,1.0,6.0,0.0,12.14,3.59,3.7
2009/04/15,121.5,122.5,116.5,116.5,760.0,90201.0,-4.1152,0.9681,470.0,-180.0,0.0,2.0,-178.0,3679.0,207.0,220.0,2.0,4.0,0.0,11.64,3.44,3.86
2009/04/16,118.5,118.5,116.5,117.0,483.0,56747.0,0.4292,0.6153,326.0,10.0,-1.0,2.0,11.0,3535.0,94.0,238.0,1.0,3.0,0.0,11.69,3.46,3.85
2009/04/17,118.5,120.0,110.0,111.5,692.0,80193.0,-4.7009,0.8815,440.0,77.0,-49.0,-5.0,23.0,3471.0,145.0,207.0,3.0,0.0,0.0,11.14,3.29,4.04
2009/04/20,112.0,114.5,111.0,114.5,223.0,25238.0,2.6906,0.2841,187.0,3.0,0.0,6.0,9.0,3420.0,0.0,51.0,0.0,0.0,0.0,11.44,3.38,3.93
2009/04/21,114.5,114.5,112.5,114.5,251.0,28575.0,0.0,0.3197,199.0,16.0,-30.0,-1.0,-15.0,3404.0,0.0,16.0,0.0,0.0,0.0,11.44,3.38,3.93
2009/04/22,115.0,116.0,111.0,113.0,570.0,64711.0,-1.31,0.7261,353.0,-220.0,-36.0,-1.0,-257.0,3341.0,0.0,63.0,0.0,0.0,0.0,11.29,3.34,3.98
2009/04/23,113.5,114.5,112.0,113.5,570.0,64604.0,0.4425,0.7261,415.0,-91.0,-71.0,19.0,-143.0,3374.0,89.0,56.0,0.0,0.0,0.0,11.34,3.35,3.96
2009/04/24,113.5,119.0,113.5,117.5,845.0,98732.0,3.5242,1.0764,546.0,58.0,-100.0,37.0,-5.0,3473.0,230.0,130.0,0.0,0.0,0.0,11.74,3.47,3.83
2009/04/27,119.0,120.0,113.0,115.0,486.0,56711.0,-2.1277,0.6191,349.0,-13.0,0.0,36.0,23.0,3523.0,175.0,125.0,0.0,0.0,0.0,11.49,3.4,3.91
2009/04/28,116.0,116.5,111.5,111.5,396.0,44967.0,-3.0435,0.5044,299.0,-18.0,0.0,33.0,15.0,3460.0,44.0,107.0,0.0,0.0,0.0,11.14,3.29,4.04
2009/04/29,111.5,113.5,106.5,107.5,580.0,63190.0,-3.5874,0.7388,504.0,5.0,0.0,12.0,17.0,3413.0,75.0,111.0,0.0,0.0,0.0,10.74,3.18,4.19
2009/04/30,110.0,115.0,110.0,115.0,572.0,65188.0,6.9767,0.7286,374.0,118.0,0.0,0.0,118.0,3394.0,96.0,115.0,0.0,4.0,4.0,11.49,3.23,3.91
2009/05/04,118.0,119.0,115.5,117.0,693.0,81357.0,1.7391,0.8828,452.0,-27.0,-1.0,-95.0,-123.0,3414.0,143.0,122.0,0.0,5.0,1.0,12.25,3.29,3.85
2009/05/05,118.0,118.5,114.0,115.5,406.0,47006.0,-1.2821,0.5172,290.0,-27.0,58.0,3.0,34.0,3350.0,40.0,102.0,1.0,4.0,0.0,12.09,3.25,3.9
2009/05/06,116.0,123.5,115.5,123.0,1450.0,175600.0,6.4935,1.847,802.0,97.0,0.0,15.0,112.0,3568.0,410.0,192.0,0.0,9.0,5.0,12.88,3.46,3.66
2009/05/07,124.5,128.0,122.5,124.0,1238.0,155130.0,0.813,1.577,670.0,-41.0,-1.0,62.0,20.0,3267.0,133.0,432.0,5.0,7.0,3.0,12.98,3.49,3.63
2009/05/08,124.0,126.5,123.5,125.0,557.0,69720.0,0.8065,0.7095,358.0,-18.0,0.0,19.0,1.0,3253.0,149.0,163.0,2.0,7.0,2.0,13.09,3.51,3.6
2009/05/11,124.5,125.0,122.5,123.5,491.0,60824.0,-1.2,0.6254,347.0,-12.0,-1.0,-1.0,-14.0,3329.0,143.0,67.0,2.0,5.0,0.0,12.93,3.47,3.64
2009/05/12,123.0,123.0,117.5,118.5,295.0,35127.0,-4.0486,0.3758,226.0,-22.0,0.0,5.0,-17.0,3310.0,84.0,103.0,1.0,4.0,0.0,12.41,3.33,3.8
2009/05/13,118.0,121.0,118.0,119.0,327.0,39241.0,0.4219,0.4165,227.0,-2.0,-1.0,1.0,-2.0,3315.0,50.0,45.0,0.0,3.0,0.0,12.46,3.34,3.78
2009/05/14,117.0,120.5,117.0,119.0,357.0,42292.0,0.0,0.4548,225.0,-22.0,0.0,29.0,7.0,3319.0,36.0,31.0,0.0,3.0,0.0,12.46,3.34,3.78
2009/05/15,120.0,127.0,120.0,124.5,819.0,102356.0,4.6218,1.0433,448.0,59.0,1.0,-19.0,41.0,3513.0,311.0,108.0,0.0,8.0,5.0,13.04,3.5,3.61
2009/05/18,124.5,124.5,120.0,123.5,549.0,67265.0,-0.8032,0.6993,328.0,-91.0,0.0,-69.0,-160.0,3438.0,103.0,178.0,1.0,7.0,0.0,12.93,3.47,3.64
2009/05/19,124.0,125.5,122.0,123.5,437.0,54079.0,0.0,0.5567,279.0,-2.0,0.0,4.0,2.0,3417.0,102.0,123.0,1.0,7.0,1.0,12.93,3.47,3.64
2009/05/20,124.5,124.5,121.5,122.5,343.0,42163.0,-0.8097,0.4369,217.0,35.0,-17.0,-11.0,7.0,3379.0,35.0,73.0,5.0,4.0,2.0,12.83,3.44,3.67
2009/05/21,123.0,126.0,122.5,125.5,664.0,82738.0,2.449,0.8458,386.0,-81.0,0.0,116.0,35.0,3461.0,167.0,85.0,0.0,5.0,1.0,13.14,3.53,3.59
2009/05/22,124.0,126.5,123.0,124.5,499.0,62368.0,-0.7968,0.6356,327.0,-26.0,-1.0,11.0,-16.0,3476.0,127.0,111.0,1.0,4.0,0.0,13.04,3.5,3.21
2009/05/25,126.5,128.0,125.0,126.0,557.0,70470.0,1.2048,0.7095,349.0,102.0,9.0,0.0,111.0,3453.0,114.0,137.0,0.0,4.0,0.0,13.19,3.54,3.17
2009/05/26,127.5,131.5,123.0,127.0,921.0,117444.0,0.7937,1.1732,590.0,-1.0,-3.0,5.0,1.0,3419.0,211.0,245.0,0.0,4.0,0.0,13.3,3.57,3.15
2009/05/27,128.0,129.5,126.0,126.0,720.0,91627.0,-0.7874,0.9172,391.0,-80.0,-5.0,-7.0,-92.0,3321.0,146.0,244.0,0.0,4.0,0.0,13.19,3.54,3.17
2009/06/01,127.0,128.0,122.0,122.0,652.0,81111.0,-3.1746,0.8305,418.0,-89.0,-6.0,-1.0,-96.0,3217.0,131.0,235.0,0.0,4.0,0.0,12.77,3.43,3.28
2009/06/02,124.0,125.0,121.5,123.5,501.0,61659.0,1.2295,0.6382,326.0,-110.0,77.0,0.0,-33.0,3190.0,93.0,120.0,1.0,3.0,0.0,12.93,3.47,3.24
2009/06/03,123.5,124.0,120.0,120.0,246.0,29864.0,-2.834,0.3134,191.0,6.0,0.0,2.0,8.0,3112.0,36.0,114.0,0.0,3.0,0.0,12.57,3.37,3.33
2009/06/04,121.0,122.0,113.5,114.5,885.0,103382.0,-4.5833,1.1273,456.0,-574.0,-63.0,64.0,-573.0,3203.0,166.0,75.0,0.0,3.0,0.0,11.99,3.22,3.49
2009/06/05,117.0,117.0,115.0,117.0,478.0,55547.0,2.1834,0.6089,306.0,10.0,-54.0,-1.0,-45.0,3193.0,52.0,62.0,0.0,6.0,3.0,12.25,3.29,3.42
2009/06/06,117.5,118.5,117.0,118.0,314.0,37028.0,0.8547,0.4,235.0,-25.0,74.0,0.0,49.0,3140.0,16.0,69.0,1.0,5.0,0.0,12.36,3.32,3.39
2009/06/08,118.0,118.0,113.5,114.5,399.0,46100.0,-2.9661,0.5083,287.0,-14.0,-4.0,9.0,-9.0,3090.0,54.0,104.0,0.0,5.0,0.0,11.99,3.22,3.49
2009/06/09,115.0,115.5,110.0,111.0,274.0,30567.0,-3.0568,0.349,215.0,20.0,0.0,11.0,31.0,3024.0,34.0,100.0,2.0,3.0,0.0,11.62,3.12,3.6
2009/06/10,112.5,114.0,106.5,108.0,488.0,53512.0,-2.7027,0.6216,279.0,-52.0,0.0,20.0,-32.0,2849.0,57.0,232.0,3.0,1.0,1.0,11.31,3.04,3.7
2009/06/11,109.0,110.0,107.5,109.5,365.0,39711.0,1.3889,0.4649,243.0,2.0,0.0,-3.0,-1.0,2846.0,43.0,46.0,1.0,6.0,6.0,11.47,3.08,3.65
2009/06/12,109.5,110.0,103.0,104.5,644.0,68242.0,-4.5662,0.8203,416.0,-44.0,-127.0,81.0,-90.0,2806.0,95.0,135.0,0.0,6.0,0.0,10.94,2.94,3.83
2009/06/15,104.5,104.5,97.2,101.5,797.0,79448.0,-2.8708,1.0152,479.0,-256.0,-90.0,66.0,-280.0,2622.0,51.0,143.0,3.0,4.0,1.0,10.63,2.85,3.94
2009/06/16,99.8,101.5,97.2,100.5,365.0,36165.0,-0.9852,0.4649,313.0,25.0,-107.0,15.0,-67.0,2639.0,47.0,27.0,0.0,4.0,0.0,10.52,2.82,3.98
2009/06/17,98.0,101.0,98.0,98.5,342.0,34044.0,-1.99,0.4356,281.0,-25.0,-42.0,0.0,-67.0,2632.0,44.0,47.0,0.0,4.0,0.0,10.31,2.77,4.06
2009/06/18,98.7,99.0,97.0,99.0,405.0,39807.0,0.5076,0.5159,246.0,-157.0,0.0,41.0,-116.0,2616.0,36.0,52.0,4.0,3.0,3.0,10.37,2.78,4.04
2009/06/19,100.0,101.0,98.5,99.9,213.0,21198.0,0.9091,0.2713,166.0,10.0,0.0,0.0,10.0,2622.0,41.0,35.0,0.0,4.0,1.0,10.46,2.81,4.0
2009/06/22,100.5,101.0,99.2,101.0,303.0,30407.0,1.1011,0.386,194.0,-45.0,0.0,48.0,3.0,2652.0,57.0,27.0,0.0,9.0,5.0,10.58,2.84,3.96
2009/06/23,100.5,103.0,100.0,100.5,273.0,27579.0,-0.495,0.3478,174.0,-5.0,0.0,21.0,16.0,2610.0,56.0,98.0,1.0,8.0,0.0,10.52,2.82,3.98
2009/06/24,102.0,102.0,100.0,101.5,384.0,38854.0,0.995,0.4891,230.0,15.0,0.0,1.0,16.0,2622.0,68.0,56.0,0.0,8.0,0.0,10.63,2.85,3.94
2009/06/25,102.0,104.0,101.0,103.0,410.0,42078.0,1.4778,0.5223,286.0,-4.0,0.0,-1.0,-5.0,2656.0,130.0,96.0,0.0,9.0,1.0,10.79,2.89,3.88
2009/06/26,105.0,107.0,104.5,106.0,521.0,54995.0,2.9126,0.6637,378.0,-50.0,0.0,19.0,-31.0,2666.0,137.0,127.0,4.0,5.0,0.0,11.1,2.98,3.77
2009/06/29,107.0,107.5,102.0,103.0,400.0,41546.0,-2.8302,0.5095,279.0,-23.0,0.0,24.0,1.0,2616.0,65.0,115.0,0.0,5.0,0.0,10.79,2.89,3.88
2009/06/30,103.0,104.5,103.0,104.5,327.0,33933.0,1.4563,0.4165,204.0,-8.0,0.0,1.0,-7.0,2592.0,68.0,92.0,0.0,6.0,1.0,10.94,2.94,3.83
2009/07/01,105.0,106.0,104.5,105.5,380.0,39987.0,0.9569,0.4841,245.0,9.0,0.0,12.0,21.0,2550.0,43.0,85.0,0.0,9.0,3.0,11.05,2.97,3.79
2009/07/02,106.0,110.0,106.0,109.0,665.0,71863.0,3.3175,0.8471,379.0,0.0,0.0,11.0,11.0,2615.0,167.0,102.0,0.0,10.0,1.0,11.41,3.06,3.67
2009/07/03,108.5,111.0,108.0,109.0,456.0,49750.0,0.0,0.5809,259.0,-9.0,0.0,-2.0,-11.0,2556.0,50.0,109.0,1.0,9.0,0.0,11.41,3.06,3.67
2009/07/06,109.5,110.0,107.5,109.0,268.0,29178.0,0.0,0.3414,186.0,-3.0,0.0,21.0,18.0,2489.0,56.0,123.0,0.0,9.0,0.0,11.41,3.06,3.67
2009/07/07,110.0,116.5,110.0,116.5,902.0,103755.0,6.8807,1.149,518.0,114.0,52.0,3.0,169.0,2646.0,336.0,179.0,0.0,14.0,5.0,12.2,3.27,3.43
2009/07/08,117.5,121.5,114.0,116.0,1635.0,192911.0,-0.4292,2.0827,915.0,-484.0,30.0,-2.0,-456.0,2604.0,347.0,389.0,6.0,8.0,0.0,12.15,3.26,3.45
2009/07/09,117.0,119.0,117.0,118.5,1043.0,122863.0,2.1552,1.3286,550.0,-117.0,410.0,2.0,295.0,2507.0,126.0,223.0,0.0,11.0,3.0,12.41,3.33,3.38
2009/07/10,120.0,122.0,117.5,120.0,768.0,91869.0,1.2658,0.9783,446.0,0.0,240.0,-3.0,237.0,2527.0,127.0,106.0,0.0,13.0,2.0,12.57,3.37,3.33
2009/07/13,121.5,122.0,114.0,117.5,568.0,66319.0,-2.0833,0.7235,388.0,1.0,10.0,2.0,13.0,2548.0,99.0,78.0,3.0,10.0,0.0,12.3,3.3,3.4
2009/07/14,118.5,125.5,116.0,125.5,1548.0,190597.0,6.8085,1.9719,672.0,56.0,159.0,-2.0,213.0,2733.0,418.0,228.0,0.0,20.0,10.0,13.14,3.53,3.19
2009/07/15,128.0,134.0,128.0,134.0,2378.0,315899.0,6.7729,3.0291,966.0,120.0,0.0,-259.0,-139.0,3235.0,846.0,344.0,0.0,58.0,38.0,14.03,3.77,2.99
2009/07/16,136.0,142.0,134.5,141.0,2139.0,295145.0,5.2239,2.7247,1157.0,-172.0,0.0,0.0,-172.0,3342.0,590.0,483.0,1.0,91.0,34.0,14.76,3.96,2.84
2009/07/17,142.0,150.5,141.5,150.5,2729.0,407550.0,6.7376,3.4763,1137.0,24.0,209.0,-306.0,-73.0,3617.0,670.0,386.0,13.0,181.0,103.0,15.76,4.23,2.66
2009/07/20,150.5,156.0,150.5,155.0,1480.0,227989.0,2.99,1.8853,836.0,-16.0,211.0,-129.0,66.0,3523.0,308.0,402.0,20.0,193.0,32.0,16.23,4.36,2.58
2009/07/21,156.5,163.0,152.0,162.0,2221.0,352234.0,4.5161,2.8292,1110.0,5.0,781.0,-54.0,732.0,3510.0,273.0,286.0,35.0,243.0,85.0,16.96,4.55,2.47
2009/07/22,162.5,168.0,157.0,161.0,1169.0,190119.0,-0.6173,1.4891,846.0,-13.0,-13.0,-14.0,-40.0,3430.0,327.0,406.0,46.0,212.0,15.0,16.86,4.53,2.48
2009/07/23,160.0,161.0,153.0,156.5,887.0,139038.0,-2.795,1.1299,596.0,-2.0,100.0,-1.0,97.0,3421.0,210.0,219.0,33.0,179.0,0.0,16.39,4.4,2.56
2009/07/24,157.0,162.0,153.0,156.5,1412.0,222840.0,0.0,1.7986,715.0,20.0,0.0,-2.0,18.0,3375.0,305.0,351.0,7.0,186.0,14.0,16.39,4.4,2.56
2009/07/27,157.5,158.0,154.5,157.0,527.0,82575.0,0.3195,0.6713,358.0,6.0,0.0,1.0,7.0,3455.0,165.0,84.0,8.0,180.0,2.0,16.44,4.41,2.55
2009/07/28,159.5,167.5,159.5,167.0,1384.0,227786.0,6.3694,1.763,833.0,28.0,-10.0,0.0,18.0,3494.0,349.0,307.0,12.0,180.0,14.0,17.49,4.69,2.4
2009/07/29,177.0,178.5,177.0,178.5,1479.0,263598.0,6.8862,1.884,551.0,31.0,213.0,-5.0,239.0,3707.0,553.0,340.0,1.0,221.0,43.0,18.69,5.02,2.24
2009/07/30,179.0,188.5,175.0,188.0,2626.0,477141.0,5.3221,3.3451,1607.0,-5.0,509.0,34.0,538.0,3828.0,734.0,613.0,14.0,250.0,43.0,19.69,5.28,2.13
2009/07/31,190.5,197.5,182.5,186.0,1807.0,343622.0,-1.0638,2.3018,1047.0,-19.0,235.0,-35.0,181.0,4034.0,798.0,592.0,13.0,256.0,19.0,19.48,5.23,2.15
2009/08/03,186.0,187.0,173.0,180.0,875.0,158382.0,-3.2258,1.1146,568.0,1.0,0.0,0.0,1.0,4006.0,308.0,336.0,61.0,192.0,0.0,18.85,5.06,2.22
2009/08/04,187.0,192.5,180.0,181.5,1579.0,296427.0,0.8333,2.0114,936.0,-48.0,392.0,-1.0,343.0,3921.0,407.0,492.0,11.0,226.0,46.0,19.01,5.1,2.2
2009/08/05,183.0,184.5,174.0,175.5,926.0,166806.0,-3.3058,1.1796,635.0,-186.0,85.0,-2.0,-103.0,4044.0,308.0,185.0,55.0,173.0,2.0,18.38,4.93,2.28
2009/08/06,176.0,176.5,166.0,170.0,713.0,121392.0,-3.1339,0.9082,451.0,-123.0,0.0,2.0,-121.0,4035.0,190.0,199.0,64.0,108.0,0.0,17.8,4.78,2.35
2009/08/10,170.0,181.5,169.5,181.5,1474.0,264416.0,6.7647,1.8776,799.0,267.0,353.0,0.0,620.0,3915.0,354.0,474.0,0.0,150.0,42.0,19.01,5.1,2.2
2009/08/11,182.5,186.0,176.0,182.5,1019.0,183940.0,0.551,1.298,751.0,-301.0,26.0,7.0,-268.0,3981.0,301.0,235.0,22.0,133.0,5.0,19.11,5.13,2.19
2009/08/12,182.5,186.0,180.0,181.5,776.0,142347.0,-0.5479,0.9885,585.0,-15.0,241.0,0.0,226.0,3915.0,196.0,262.0,4.0,132.0,3.0,19.01,5.1,2.2
2009/08/13,182.5,184.0,181.5,181.5,457.0,83603.0,0.0,0.5821,321.0,11.0,-20.0,-1.0,-10.0,3893.0,145.0,167.0,1.0,136.0,5.0,19.01,5.1,2.2
2009/08/14,181.5,193.0,181.5,187.5,1630.0,305032.0,3.3058,2.0763,821.0,132.0,198.0,-9.0,321.0,3870.0,327.0,347.0,18.0,125.0,7.0,19.63,5.27,2.13
2009/08/17,187.5,191.0,181.0,181.5,602.0,111161.0,-3.2,0.7668,432.0,-34.0,0.0,-1.0,-35.0,3758.0,209.0,215.0,39.0,86.0,0.0,19.01,5.1,2.2
2009/08/18,176.5,181.0,169.0,173.0,1162.0,200413.0,-4.6832,1.4802,703.0,-24.0,0.0,3.0,-21.0,3625.0,296.0,429.0,58.0,28.0,0.0,18.12,4.86,2.31
2009/08/19,174.0,174.5,163.0,173.5,774.0,132094.0,0.289,0.9859,556.0,12.0,25.0,0.0,37.0,3425.0,112.0,312.0,12.0,16.0,0.0,18.17,4.88,2.31
2009/08/20,173.5,173.5,163.0,171.5,598.0,100666.0,-1.1527,0.7617,415.0,-4.0,-50.0,-1.0,-55.0,3371.0,109.0,163.0,16.0,0.0,0.0,17.96,4.82,2.33
2009/08/21,173.0,175.0,165.0,167.5,521.0,88931.0,-2.3324,0.6637,352.0,-50.0,0.0,-2.0,-52.0,3179.0,0.0,192.0,0.0,0.0,0.0,17.54,4.71,2.39
2009/08/24,169.0,173.0,167.0,168.5,370.0,62411.0,0.597,0.4713,260.0,29.0,0.0,2.0,31.0,3097.0,0.0,82.0,0.0,0.0,0.0,17.64,4.74,2.37
2009/08/25,170.0,170.0,164.0,169.5,1067.0,179183.0,0.5935,1.3592,556.0,11.0,22.0,0.0,33.0,2874.0,0.0,223.0,0.0,0.0,0.0,17.75,4.76,2.36
2009/08/26,153.0,155.0,147.0,150.0,866.0,131207.0,-0.885,0.9952,547.0,-65.0,0.0,0.0,-65.0,2957.0,192.0,108.0,0.0,9.0,9.0,17.28,4.64,2.67
2009/08/27,151.5,153.0,148.5,150.5,654.0,98554.0,0.3333,0.7515,422.0,-34.0,36.0,-2.0,0.0,3027.0,112.0,42.0,0.0,39.0,30.0,17.34,4.65,2.66
2009/08/28,152.0,154.0,150.0,153.0,425.0,64625.0,1.6611,0.4884,317.0,0.0,0.0,0.0,0.0,2995.0,67.0,87.0,5.0,50.0,16.0,17.63,4.84,2.61
2009/08/31,154.5,163.5,154.0,163.5,1273.0,206734.0,6.8627,1.4628,575.0,137.0,0.0,0.0,137.0,3211.0,381.0,165.0,8.0,64.0,22.0,21.54,5.18,2.45
2009/09/01,165.5,174.5,165.0,173.5,2389.0,408671.0,6.1162,2.7453,1226.0,4.0,170.0,71.0,245.0,3367.0,578.0,422.0,14.0,152.0,102.0,22.86,5.49,2.31
2009/09/02,173.5,177.5,170.0,172.0,1136.0,196337.0,-0.8646,1.3054,627.0,-122.0,0.0,2.0,-120.0,3344.0,258.0,281.0,36.0,138.0,22.0,22.66,5.45,2.33
2009/09/03,172.0,178.5,171.5,175.0,886.0,155109.0,1.7442,1.0181,563.0,6.0,120.0,-53.0,73.0,3402.0,304.0,246.0,20.0,185.0,67.0,23.06,5.54,2.29
2009/09/04,176.0,178.0,174.0,174.0,441.0,77461.0,-0.5714,0.5068,312.0,-1.0,0.0,2.0,1.0,3336.0,85.0,151.0,3.0,222.0,40.0,22.92,5.51,2.3
2009/09/07,175.0,176.0,171.0,173.0,319.0,55557.0,-0.5747,0.3666,221.0,4.0,0.0,0.0,4.0,3300.0,44.0,78.0,8.0,240.0,26.0,22.79,5.48,2.31
2009/09/08,173.0,175.0,170.5,171.5,332.0,57469.0,-0.8671,0.3815,257.0,8.0,18.0,1.0,27.0,3264.0,73.0,109.0,1.0,242.0,4.0,22.6,5.43,2.33
2009/09/09,172.0,173.0,167.5,169.5,403.0,68755.0,-1.1662,0.4631,310.0,2.0,6.0,0.0,8.0,3227.0,37.0,74.0,0.0,243.0,1.0,22.33,5.37,2.36
2009/09/10,170.5,173.0,165.0,170.0,504.0,85605.0,0.295,0.5792,360.0,32.0,10.0,0.0,42.0,3084.0,44.0,187.0,3.0,255.0,15.0,22.4,5.38,2.35
2009/09/11,170.0,175.0,170.0,172.0,348.0,59979.0,1.1765,0.3999,243.0,13.0,0.0,1.0,14.0,3101.0,67.0,47.0,3.0,268.0,16.0,22.66,5.45,2.33
2009/09/14,172.0,173.5,170.0,172.0,164.0,28203.0,0.0,0.1885,127.0,-1.0,5.0,1.0,5.0,3081.0,3.0,23.0,1.0,271.0,4.0,22.66,5.45,2.33
2009/09/15,172.0,172.0,167.0,172.0,352.0,59857.0,0.0,0.4045,250.0,15.0,0.0,-9.0,6.0,3115.0,74.0,40.0,4.0,285.0,18.0,22.66,5.45,2.33
2009/09/16,172.0,176.5,172.0,174.5,809.0,140829.0,1.4535,0.9296,483.0,32.0,0.0,-10.0,22.0,3168.0,188.0,135.0,2.0,348.0,65.0,22.99,5.53,2.29
2009/09/17,175.5,177.5,172.0,174.0,436.0,76480.0,-0.2865,0.501,288.0,17.0,0.0,10.0,27.0,3135.0,86.0,116.0,0.0,362.0,14.0,22.92,5.51,2.3
2009/09/18,175.5,176.0,172.5,175.0,337.0,58878.0,0.5747,0.3873,197.0,-7.0,0.0,-1.0,-8.0,3094.0,35.0,76.0,4.0,359.0,1.0,23.06,5.54,2.29
2009/09/21,176.0,187.0,175.0,187.0,2270.0,414669.0,6.8571,2.6085,1116.0,60.0,29.0,63.0,152.0,3492.0,861.0,463.0,3.0,461.0,106.0,24.64,5.92,2.14
2009/09/22,185.0,194.0,184.5,192.0,2135.0,406825.0,2.6738,2.4534,1221.0,-3.0,55.0,-50.0,2.0,3568.0,602.0,526.0,4.0,669.0,212.0,25.3,6.08,2.08
2009/09/23,192.0,193.0,183.5,189.0,826.0,155568.0,-1.5625,0.9492,529.0,-48.0,-37.0,-28.0,-113.0,3570.0,244.0,242.0,49.0,626.0,6.0,24.9,5.98,2.12
2009/09/24,189.0,190.0,185.5,188.5,600.0,113192.0,-0.2646,0.6895,343.0,-10.0,118.0,181.0,289.0,3458.0,81.0,193.0,0.0,737.0,111.0,24.84,5.97,2.12
2009/09/25,188.5,189.0,186.0,186.0,605.0,113911.0,-1.3263,0.6952,339.0,13.0,0.0,11.0,24.0,3531.0,182.0,109.0,1.0,856.0,123.0,24.51,5.89,2.15
2009/09/28,187.0,189.5,181.0,186.0,477.0,89077.0,0.0,0.5481,307.0,-5.0,0.0,-3.0,-8.0,3507.0,127.0,151.0,6.0,887.0,37.0,24.51,5.89,2.15
2009/09/29,187.0,188.0,185.0,186.0,306.0,57105.0,0.0,0.3516,169.0,0.0,0.0,-8.0,-8.0,3452.0,39.0,64.0,3.0,902.0,25.0,24.51,5.89,2.15
2009/09/30,186.0,189.0,183.5,186.5,594.0,111001.0,0.2688,0.6819,393.0,85.0,-40.0,48.0,93.0,3320.0,157.0,267.0,20.0,880.0,31.0,24.57,5.91,2.14
2009/10/01,183.5,188.5,182.0,183.0,361.0,66425.0,-1.8767,0.4144,259.0,8.0,-30.0,-20.0,-42.0,3270.0,71.0,121.0,15.0,859.0,0.0,24.11,5.79,2.19
2009/10/02,182.0,186.0,175.5,177.0,359.0,64582.0,-3.2787,0.4121,254.0,12.0,-27.0,10.0,-5.0,3267.0,104.0,107.0,7.0,842.0,10.0,23.32,5.6,2.26
2009/10/05,180.0,182.0,177.0,179.5,414.0,74229.0,1.4124,0.4752,290.0,23.0,-80.0,-3.0,-60.0,3247.0,29.0,44.0,13.0,789.0,2.0,23.65,5.68,2.23
2009/10/06,181.0,184.0,179.5,181.0,459.0,83455.0,0.8357,0.5269,304.0,9.0,-34.0,-4.0,-29.0,3267.0,81.0,61.0,0.0,781.0,10.0,23.85,5.73,2.21
2009/10/07,183.0,184.0,178.0,180.0,362.0,65517.0,-0.5525,0.4155,229.0,0.0,0.0,8.0,8.0,3249.0,24.0,42.0,56.0,721.0,2.0,23.72,5.7,2.22
2009/10/08,180.0,182.5,173.0,174.0,582.0,102954.0,-3.3333,0.6681,370.0,-2.0,0.0,3.0,1.0,3140.0,72.0,181.0,59.0,662.0,0.0,22.92,5.51,2.3
2009/10/09,175.5,176.5,163.0,166.0,1361.0,227971.0,-4.5977,1.5623,654.0,35.0,-471.0,-253.0,-689.0,3208.0,165.0,97.0,100.0,556.0,0.0,21.87,5.26,2.41
2009/10/12,168.0,168.0,160.0,164.0,831.0,135781.0,-1.2048,0.9539,561.0,80.0,-175.0,-9.0,-104.0,3176.0,139.0,171.0,22.0,541.0,13.0,21.78,5.23,2.44
2009/10/13,164.0,165.0,162.0,164.0,468.0,76563.0,0.0,0.5372,336.0,12.0,-142.0,-15.0,-145.0,3222.0,108.0,60.0,11.0,530.0,0.0,21.78,5.23,2.44
2009/10/14,164.5,167.0,163.0,166.0,744.0,122724.0,1.2195,0.854,469.0,32.0,-348.0,-2.0,-318.0,3325.0,199.0,90.0,3.0,528.0,5.0,22.05,5.3,2.41
2009/10/15,168.0,169.0,160.5,163.0,790.0,129776.0,-1.8072,0.9068,560.0,53.0,-376.0,1.0,-322.0,3379.0,190.0,81.0,6.0,522.0,2.0,21.65,5.2,2.45
2009/10/16,162.5,164.5,160.0,162.0,557.0,90048.0,-0.6135,0.6394,426.0,20.0,10.0,0.0,30.0,3432.0,102.0,49.0,7.0,518.0,3.0,21.51,5.17,2.47
2009/10/19,162.0,163.0,160.0,162.5,625.0,100841.0,0.3086,0.7174,419.0,13.0,1.0,4.0,18.0,3473.0,84.0,43.0,11.0,510.0,4.0,21.58,5.19,2.46
2009/10/20,163.0,164.5,161.0,162.5,465.0,75680.0,0.0,0.5338,367.0,-8.0,-66.0,-2.0,-76.0,3527.0,98.0,44.0,9.0,502.0,1.0,21.58,5.19,2.46
2009/10/21,162.5,164.0,160.0,161.5,510.0,82569.0,-0.6154,0.5854,378.0,-46.0,-1.0,0.0,-47.0,3549.0,82.0,60.0,5.0,499.0,2.0,21.45,5.15,2.48
2009/10/22,161.0,163.0,161.0,162.0,404.0,65403.0,0.3096,0.4638,280.0,-46.0,0.0,0.0,-46.0,3555.0,82.0,76.0,0.0,505.0,6.0,21.51,5.17,2.47
2009/10/23,162.5,166.5,161.5,164.5,815.0,133805.0,1.5432,0.9355,521.0,-72.0,0.0,1.0,-71.0,3595.0,221.0,181.0,4.0,502.0,1.0,21.85,5.25,2.43
2009/10/26,165.0,168.0,165.0,167.0,753.0,125596.0,1.5198,0.8644,503.0,-33.0,175.0,-1.0,141.0,3612.0,225.0,198.0,0.0,508.0,6.0,22.18,5.33,2.4
2009/10/27,167.0,167.5,165.0,167.5,460.0,76712.0,0.2994,0.528,323.0,2.0,1.0,-31.0,-28.0,3658.0,168.0,121.0,5.0,504.0,1.0,22.24,5.34,2.39
2009/10/28,167.5,168.5,165.5,167.5,598.0,100189.0,0.0,0.6864,355.0,-3.0,148.0,0.0,145.0,3544.0,110.0,222.0,1.0,515.0,12.0,22.24,5.34,2.39
2009/10/29,167.0,167.5,161.5,167.5,719.0,118282.0,0.0,0.8253,455.0,31.0,132.0,-2.0,161.0,3578.0,145.0,111.0,12.0,527.0,24.0,22.24,5.34,2.39
2009/10/30,168.0,175.0,165.5,170.5,1517.0,259536.0,1.791,1.7409,801.0,29.0,383.0,1.0,413.0,3603.0,456.0,431.0,0.0,614.0,87.0,22.64,5.0,2.35
2009/11/02,169.5,171.0,168.0,170.5,553.0,93838.0,0.0,0.6346,320.0,-14.0,53.0,-1.0,38.0,3618.0,141.0,126.0,14.0,618.0,18.0,22.92,5.0,2.35
2009/11/03,170.5,173.5,170.5,171.5,490.0,84168.0,0.5865,0.5623,339.0,-17.0,0.0,-2.0,-19.0,3650.0,127.0,95.0,7.0,658.0,47.0,23.05,5.03,2.33
2009/11/04,171.5,175.5,171.5,174.5,764.0,132918.0,1.7493,0.8768,449.0,28.0,88.0,3.0,119.0,3722.0,243.0,171.0,8.0,679.0,29.0,23.45,5.12,2.29
2009/11/05,175.0,183.0,175.0,178.5,2096.0,377458.0,2.2923,2.4054,1080.0,43.0,189.0,12.0,244.0,4017.0,648.0,353.0,1.0,883.0,205.0,23.99,5.24,2.24
2009/11/06,180.5,183.0,178.0,179.0,772.0,139118.0,0.2801,0.886,441.0,-10.0,0.0,48.0,38.0,4023.0,209.0,203.0,7.0,884.0,8.0,24.06,5.25,2.23
2009/11/09,180.0,181.0,175.0,178.0,603.0,107311.0,-0.5587,0.692,365.0,1.0,30.0,15.0,46.0,3973.0,111.0,161.0,27.0,880.0,23.0,23.92,5.22,2.25
2009/11/10,178.5,179.5,176.0,177.5,521.0,92720.0,-0.2809,0.5979,302.0,-21.0,2.0,15.0,-4.0,3886.0,18.0,105.0,7.0,879.0,6.0,23.86,5.21,2.25
2009/11/11,177.0,177.5,175.0,176.5,477.0,84130.0,-0.5634,0.5474,312.0,-11.0,100.0,4.0,93.0,3805.0,58.0,110.0,43.0,837.0,1.0,23.72,5.18,2.27
2009/11/12,176.5,182.5,176.5,180.5,1189.0,214247.0,2.2663,1.3645,567.0,45.0,166.0,49.0,260.0,3943.0,286.0,148.0,0.0,901.0,64.0,24.26,5.29,2.22
2009/11/13,180.5,181.0,178.0,179.5,318.0,57023.0,-0.554,0.3649,221.0,32.0,0.0,-2.0,30.0,3858.0,33.0,118.0,5.0,897.0,1.0,24.13,5.27,2.23
2009/11/16,180.0,181.0,176.0,177.0,516.0,91979.0,-1.3928,0.5922,305.0,68.0,1.0,-10.0,59.0,3754.0,107.0,211.0,10.0,894.0,7.0,23.79,5.19,2.26
2009/11/17,179.5,180.0,176.5,176.5,363.0,64634.0,-0.2825,0.4166,273.0,46.0,88.0,-4.0,130.0,3645.0,17.0,126.0,15.0,885.0,6.0,23.72,5.18,2.27
2009/11/18,178.0,179.0,174.5,178.5,607.0,107296.0,1.1331,0.6966,413.0,12.0,85.0,1.0,98.0,3576.0,126.0,195.0,13.0,881.0,9.0,23.99,5.24,2.24
2009/11/19,180.0,180.0,177.0,177.0,453.0,81022.0,-0.8403,0.5199,278.0,4.0,0.0,0.0,4.0,3511.0,92.0,157.0,54.0,834.0,7.0,23.79,5.19,2.26
2009/11/20,179.0,179.0,170.5,173.0,872.0,150982.0,-2.2599,1.0007,466.0,-112.0,0.0,-63.0,-175.0,3352.0,131.0,290.0,113.0,721.0,0.0,23.25,5.07,2.31
2009/11/23,174.5,175.0,169.5,171.5,786.0,135619.0,-0.8671,0.902,430.0,40.0,190.0,-30.0,200.0,3095.0,86.0,343.0,6.0,715.0,0.0,23.05,5.03,2.33
2009/11/24,172.0,174.0,167.0,169.5,756.0,128778.0,-1.1662,0.8676,528.0,10.0,89.0,11.0,110.0,3002.0,79.0,172.0,71.0,644.0,0.0,22.78,4.97,2.36
2009/11/25,169.5,170.5,168.0,170.0,502.0,85106.0,0.295,0.5761,351.0,6.0,0.0,6.0,12.0,2973.0,78.0,107.0,0.0,646.0,2.0,22.85,4.99,2.35
2009/11/26,170.0,171.5,165.0,167.0,789.0,132219.0,-1.7647,0.9055,527.0,-26.0,0.0,-61.0,-87.0,2942.0,192.0,223.0,15.0,631.0,0.0,22.45,4.9,2.4
2009/11/27,166.0,166.5,162.0,163.5,784.0,128703.0,-2.0958,0.8997,515.0,-24.0,65.0,-6.0,35.0,2856.0,128.0,214.0,15.0,615.0,0.0,21.98,4.8,2.45
2009/11/30,164.5,166.0,163.0,165.0,697.0,114289.0,0.9174,0.7999,447.0,-43.0,-55.0,0.0,-98.0,2883.0,119.0,92.0,14.0,603.0,2.0,22.18,4.84,2.42
2009/12/01,165.5,168.0,163.5,165.0,1036.0,171485.0,0.0,1.1889,585.0,-45.0,-95.0,21.0,-119.0,2838.0,133.0,178.0,25.0,578.0,2.0,22.18,4.84,2.42
2009/12/02,166.0,170.5,166.0,170.0,1094.0,184774.0,3.0303,1.2555,665.0,-34.0,130.0,-3.0,93.0,2832.0,147.0,153.0,3.0,581.0,6.0,22.85,4.99,2.35
2009/12/03,170.5,171.5,166.0,167.0,1004.0,169115.0,-1.7647,1.1522,606.0,-40.0,-251.0,19.0,-272.0,2817.0,158.0,173.0,17.0,564.0,0.0,22.45,4.9,2.4
2009/12/04,167.0,169.5,165.5,167.0,649.0,108856.0,0.0,0.7448,403.0,0.0,0.0,5.0,5.0,2769.0,43.0,88.0,0.0,566.0,2.0,22.45,4.9,2.4
2009/12/07,168.5,169.0,166.0,167.5,757.0,126517.0,0.2994,0.8687,403.0,-2.0,-86.0,20.0,-68.0,2527.0,80.0,322.0,3.0,546.0,0.0,22.51,4.91,2.39
2009/12/08,168.5,169.5,165.0,165.0,875.0,145903.0,-1.4925,1.0042,560.0,-39.0,-238.0,21.0,-256.0,2448.0,155.0,234.0,8.0,538.0,0.0,22.18,4.84,2.42
2009/12/09,164.5,167.0,164.5,167.0,468.0,77481.0,1.2121,0.5371,336.0,12.0,-100.0,18.0,-70.0,2440.0,64.0,72.0,5.0,533.0,0.0,22.45,4.9,2.4
2009/12/10,167.0,168.0,163.0,163.0,622.0,102692.0,-2.3952,0.7138,427.0,-58.0,-3.0,14.0,-47.0,2337.0,87.0,186.0,11.0,522.0,0.0,21.91,4.78,2.45
2009/12/11,163.5,166.0,163.5,166.0,436.0,71692.0,1.8405,0.5004,275.0,17.0,-109.0,9.0,-83.0,2388.0,72.0,21.0,1.0,527.0,6.0,22.31,4.87,2.41
2009/12/14,166.5,167.0,164.5,166.5,284.0,47125.0,0.3012,0.3259,205.0,8.0,0.0,53.0,61.0,2369.0,41.0,60.0,0.0,528.0,1.0,22.38,4.88,2.4
2009/12/15,166.5,167.0,163.0,165.5,640.0,105375.0,-0.6006,0.7345,429.0,8.0,-178.0,53.0,-117.0,2459.0,135.0,45.0,5.0,524.0,1.0,22.24,4.85,2.42
2009/12/16,165.5,172.5,164.0,170.5,1728.0,293124.0,3.0211,1.9831,1176.0,-4.0,-10.0,66.0,52.0,2982.0,739.0,213.0,0.0,530.0,6.0,22.92,5.0,2.35
2009/12/17,172.5,174.0,169.0,169.5,967.0,165843.0,-0.5865,1.1097,720.0,16.0,0.0,-58.0,-42.0,3057.0,360.0,285.0,0.0,532.0,2.0,22.78,4.97,2.36
2009/12/18,169.5,169.5,166.0,168.5,425.0,71319.0,-0.59,0.4877,321.0,-5.0,-25.0,4.0,-26.0,3032.0,94.0,118.0,1.0,532.0,1.0,22.65,4.94,2.37
2009/12/21,169.5,176.0,168.0,174.5,1287.0,221866.0,3.5608,1.477,824.0,8.0,45.0,1.0,54.0,3279.0,534.0,287.0,2.0,540.0,10.0,23.45,5.12,2.29
2009/12/22,177.0,178.0,172.5,172.5,1697.0,298487.0,-1.1461,1.9475,1009.0,-10.0,49.0,68.0,107.0,3427.0,611.0,463.0,29.0,522.0,11.0,23.19,5.06,2.32
2009/12/23,173.0,174.5,170.5,174.5,895.0,154393.0,1.1594,1.0271,543.0,23.0,0.0,2.0,25.0,3404.0,267.0,290.0,0.0,523.0,1.0,23.45,5.12,2.29
2009/12/24,175.0,175.5,171.0,173.5,819.0,141882.0,-0.5731,0.9399,523.0,30.0,-55.0,12.0,-13.0,3425.0,203.0,182.0,1.0,523.0,1.0,23.32,5.09,2.31
2009/12/25,174.0,174.0,172.0,172.0,394.0,68040.0,-0.8646,0.4522,264.0,0.0,0.0,18.0,18.0,3371.0,109.0,163.0,3.0,521.0,2.0,23.12,5.05,2.33
2009/12/28,174.0,174.5,169.5,169.5,726.0,124543.0,-1.4535,0.8332,489.0,-33.0,-3.0,-8.0,-44.0,3260.0,137.0,248.0,0.0,522.0,1.0,22.78,4.97,2.36
2009/12/29,171.0,172.5,169.5,172.5,742.0,127053.0,1.7699,0.8515,438.0,-14.0,-29.0,74.0,31.0,3307.0,154.0,107.0,4.0,523.0,5.0,23.19,5.06,2.32
2009/12/30,173.0,173.0,170.5,172.0,577.0,99007.0,-0.2899,0.6622,393.0,4.0,-54.0,17.0,-33.0,3348.0,127.0,86.0,6.0,517.0,0.0,23.12,5.05,2.33
2009/12/31,172.5,177.0,172.5,174.0,1845.0,322539.0,1.1628,2.1173,980.0,-23.0,16.0,170.0,163.0,3664.0,633.0,317.0,1.0,516.0,0.0,23.39,5.1,2.3
2010/01/04,175.0,177.0,172.0,177.0,826.0,144234.0,1.7241,0.9479,511.0,-30.0,0.0,50.0,20.0,3761.0,349.0,252.0,2.0,514.0,0.0,23.79,5.19,2.26
2010/01/05,178.5,178.5,173.5,173.5,877.0,154364.0,-1.9774,1.0064,584.0,0.0,0.0,45.0,45.0,3559.0,217.0,419.0,0.0,514.0,0.0,23.32,5.09,2.31
2010/01/06,174.0,176.0,172.5,175.0,593.0,103955.0,0.8646,0.6805,414.0,3.0,0.0,35.0,38.0,3431.0,128.0,256.0,0.0,526.0,12.0,23.55,5.14,2.29
2010/01/07,175.0,176.5,172.0,173.5,490.0,85413.0,-0.8571,0.5623,342.0,14.0,0.0,30.0,44.0,3281.0,99.0,249.0,1.0,525.0,0.0,23.35,5.1,2.31
2010/01/08,174.5,174.5,169.5,173.0,524.0,90243.0,-0.2882,0.6013,342.0,-33.0,-10.0,88.0,45.0,3182.0,76.0,175.0,2.0,523.0,0.0,23.28,5.08,2.31
2010/01/11,173.0,173.5,169.0,169.0,586.0,100000.0,-2.3121,0.6725,409.0,-109.0,-132.0,49.0,-192.0,3155.0,110.0,137.0,0.0,523.0,0.0,22.75,4.96,2.37
2010/01/12,169.0,171.5,168.0,171.5,501.0,85097.0,1.4793,0.575,318.0,2.0,0.0,73.0,75.0,3151.0,86.0,89.0,6.0,517.0,0.0,23.08,5.04,2.33
2010/01/13,171.5,171.5,169.5,171.5,239.0,40866.0,0.0,0.2743,174.0,0.0,0.0,18.0,18.0,3147.0,69.0,73.0,0.0,517.0,0.0,23.08,5.04,2.33
2010/01/14,172.0,173.5,171.0,172.0,328.0,56436.0,0.2915,0.3764,234.0,0.0,0.0,36.0,36.0,3128.0,84.0,102.0,0.0,518.0,1.0,23.15,5.05,2.33
2010/01/15,172.5,174.5,172.5,173.5,638.0,110810.0,0.8721,0.7322,449.0,-1.0,-4.0,22.0,17.0,3076.0,112.0,164.0,0.0,548.0,30.0,23.35,5.1,2.31
2010/01/18,174.0,185.5,174.0,185.5,3277.0,596095.0,6.9164,3.7607,1775.0,9.0,-46.0,53.0,16.0,3902.0,1352.0,526.0,5.0,613.0,70.0,24.97,5.45,2.16
2010/01/19,191.0,198.0,187.5,197.5,5741.0,1106789.0,6.469,6.5884,3358.0,54.0,464.0,195.0,713.0,4048.0,1666.0,1520.0,1.0,885.0,273.0,26.58,5.8,2.03
2010/01/20,197.0,198.0,193.0,195.0,2655.0,519954.0,-1.2658,3.0469,1543.0,-49.0,-138.0,59.0,-128.0,4103.0,959.0,904.0,37.0,894.0,56.0,26.24,5.73,2.05
2010/01/21,194.5,196.0,189.5,191.0,1314.0,252199.0,-2.0513,1.508,849.0,58.0,0.0,7.0,65.0,3991.0,489.0,601.0,29.0,865.0,2.0,25.71,5.61,2.09
2010/01/22,188.5,194.0,188.5,191.0,1486.0,284294.0,0.0,1.7053,881.0,11.0,0.0,-76.0,-65.0,3985.0,324.0,329.0,5.0,1002.0,144.0,25.71,5.61,2.09
2010/01/25,190.0,192.0,184.0,184.5,1239.0,233292.0,-3.4031,1.4219,792.0,1.0,-11.0,37.0,27.0,3787.0,311.0,504.0,87.0,932.0,18.0,24.83,5.42,2.17
2010/01/26,184.5,188.0,172.0,174.5,1622.0,291811.0,-5.4201,1.8614,1051.0,-27.0,-138.0,-63.0,-228.0,3502.0,400.0,675.0,136.0,774.0,9.0,23.49,5.12,2.29
2010/01/27,174.5,175.5,167.5,170.0,984.0,168298.0,-2.5788,1.1292,627.0,50.0,63.0,13.0,126.0,3234.0,154.0,420.0,38.0,717.0,0.0,22.88,4.99,2.35
2010/01/28,170.5,175.0,170.5,173.5,652.0,113076.0,2.0588,0.7482,451.0,-26.0,0.0,50.0,24.0,3225.0,161.0,170.0,5.0,701.0,10.0,23.35,5.1,2.31
2010/01/29,173.5,178.0,167.0,175.5,992.0,171380.0,1.1527,1.1375,609.0,9.0,0.0,23.0,32.0,3268.0,311.0,268.0,16.0,703.0,18.0,23.62,5.15,2.28
2010/02/01,176.0,176.5,172.0,174.0,491.0,85723.0,-0.8547,0.563,310.0,-49.0,0.0,68.0,19.0,3274.0,135.0,129.0,8.0,697.0,2.0,23.42,5.11,2.3
2010/02/02,175.0,178.0,168.5,170.0,694.0,120789.0,-2.2989,0.7958,479.0,-30.0,0.0,44.0,14.0,3146.0,75.0,189.0,10.0,699.0,12.0,22.88,4.99,2.35
2010/02/03,171.5,173.0,169.5,172.5,538.0,92429.0,1.4706,0.6169,364.0,-7.0,0.0,23.0,16.0,3149.0,93.0,90.0,16.0,701.0,18.0,23.22,5.07,2.32
2010/02/04,174.0,174.5,172.5,173.5,367.0,63644.0,0.5797,0.4208,258.0,-15.0,0.0,14.0,-1.0,3104.0,61.0,85.0,19.0,683.0,6.0,23.35,5.1,2.31
2010/02/05,168.0,172.0,166.0,168.0,855.0,144335.0,-3.17,0.9804,530.0,12.0,-55.0,-61.0,-104.0,2914.0,90.0,279.0,24.0,659.0,0.0,22.61,4.93,2.38
2010/02/06,168.0,168.5,160.0,168.0,545.0,90423.0,0.0,0.6249,367.0,0.0,64.0,-3.0,61.0,2908.0,113.0,119.0,5.0,678.0,24.0,22.61,4.93,2.38
2010/02/08,168.5,171.5,168.0,170.5,480.0,81591.0,1.4881,0.5504,318.0,-16.0,106.0,3.0,93.0,2861.0,57.0,103.0,2.0,688.0,15.0,22.95,5.01,2.35
2010/02/09,171.5,172.0,170.0,170.0,619.0,105624.0,-0.2933,0.7098,365.0,35.0,0.0,34.0,69.0,2704.0,101.0,255.0,36.0,652.0,0.0,22.88,4.99,2.35
2010/02/10,172.0,173.5,170.5,171.5,418.0,71888.0,0.8824,0.4793,303.0,19.0,0.0,1.0,20.0,2649.0,33.0,87.0,1.0,673.0,22.0,23.08,5.04,2.33
2010/02/22,174.5,175.0,173.0,173.5,383.0,66665.0,1.1662,0.4392,240.0,41.0,0.0,6.0,47.0,2656.0,85.0,78.0,10.0,665.0,2.0,23.35,5.1,2.31
2010/02/23,174.5,175.5,168.0,172.5,679.0,116819.0,-0.5764,0.7786,419.0,6.0,-295.0,0.0,-289.0,2709.0,141.0,87.0,10.0,655.0,0.0,23.22,5.07,2.32
2010/02/24,172.0,173.5,171.0,172.5,345.0,59604.0,0.0,0.3956,230.0,-8.0,1.0,-1.0,-8.0,2700.0,77.0,86.0,0.0,669.0,14.0,23.22,5.07,2.32
2010/02/25,173.5,175.0,170.0,173.0,517.0,89748.0,0.2899,0.5928,383.0,-12.0,-59.0,-22.0,-93.0,2725.0,108.0,83.0,0.0,674.0,5.0,23.28,5.08,2.31
2010/02/26,174.0,174.5,169.5,173.0,459.0,78883.0,0.0,0.5263,300.0,-1.0,0.0,-6.0,-7.0,2707.0,76.0,94.0,12.0,662.0,0.0,23.28,5.08,2.31
2010/03/01,174.0,174.5,172.5,174.0,308.0,53470.0,0.578,0.3532,223.0,0.0,0.0,4.0,4.0,2724.0,82.0,65.0,0.0,668.0,6.0,23.42,5.11,2.3
2010/03/02,174.0,175.0,173.5,174.5,289.0,50348.0,0.2874,0.3314,217.0,0.0,0.0,-2.0,-2.0,2715.0,52.0,61.0,0.0,669.0,1.0,23.49,5.12,2.29
2010/03/03,174.5,182.0,174.5,181.0,1298.0,232171.0,3.7249,1.4884,818.0,-2.0,0.0,-28.0,-30.0,3129.0,612.0,198.0,5.0,720.0,56.0,24.36,5.32,2.21
2010/03/04,182.0,183.0,176.5,178.5,540.0,96881.0,-1.3812,0.6192,391.0,-6.0,0.0,-28.0,-34.0,3106.0,173.0,196.0,18.0,709.0,7.0,24.02,5.24,2.24
2010/03/05,179.0,180.0,177.5,179.0,383.0,68419.0,0.2801,0.4392,248.0,3.0,0.0,10.0,13.0,3047.0,76.0,136.0,0.0,714.0,5.0,24.09,5.26,2.23
2010/03/08,180.0,180.5,178.5,179.5,431.0,77434.0,0.2793,0.4942,314.0,7.0,2.0,-6.0,3.0,2994.0,72.0,123.0,0.0,715.0,1.0,24.16,5.27,2.23
2010/03/09,180.0,184.0,180.0,181.5,1060.0,192756.0,1.1142,1.2155,628.0,114.0,-78.0,7.0,43.0,3067.0,466.0,388.0,0.0,716.0,1.0,24.43,5.33,2.2
2010/03/10,182.0,183.0,179.0,180.5,445.0,80589.0,-0.551,0.5103,353.0,1.0,-112.0,15.0,-96.0,3071.0,107.0,103.0,25.0,691.0,0.0,24.29,5.3,2.22
2010/03/11,181.0,186.5,181.0,182.0,1103.0,202715.0,0.831,1.2648,671.0,2.0,-23.0,81.0,60.0,3158.0,356.0,269.0,2.0,710.0,21.0,24.5,5.35,2.2
2010/03/12,183.0,184.0,182.0,182.5,486.0,88950.0,0.2747,0.5573,280.0,6.0,-2.0,30.0,34.0,3102.0,111.0,164.0,0.0,712.0,2.0,24.56,5.36,2.19
2010/03/15,182.0,182.5,178.5,180.0,511.0,91907.0,-1.3699,0.5859,318.0,121.0,-50.0,-51.0,20.0,3098.0,143.0,147.0,11.0,701.0,0.0,24.23,5.29,2.22
2010/03/16,180.0,181.0,179.0,181.0,314.0,56630.0,0.5556,0.3601,236.0,128.0,0.0,-6.0,122.0,3022.0,24.0,100.0,3.0,700.0,2.0,24.36,5.32,2.21
2010/03/17,181.5,184.0,181.5,183.5,477.0,87261.0,1.3812,0.547,311.0,36.0,0.0,58.0,94.0,2998.0,72.0,96.0,4.0,703.0,7.0,24.7,5.39,2.18
2010/03/18,183.5,184.5,182.5,183.5,311.0,57169.0,0.0,0.3566,222.0,18.0,0.0,-8.0,10.0,3003.0,88.0,83.0,0.0,705.0,2.0,24.7,5.39,2.18
2010/03/19,184.0,189.5,184.0,186.0,1018.0,190325.0,1.3624,1.1673,674.0,8.0,0.0,99.0,107.0,3057.0,332.0,278.0,0.0,720.0,15.0,25.03,5.46,2.15
2010/03/22,185.5,186.0,183.5,185.5,497.0,91979.0,-0.2688,0.5699,317.0,-4.0,0.0,51.0,47.0,2962.0,119.0,214.0,60.0,660.0,0.0,24.97,5.45,2.16
2010/03/23,186.0,191.5,186.0,186.5,1078.0,203500.0,0.5391,1.2361,651.0,11.0,259.0,59.0,329.0,2873.0,215.0,304.0,0.0,664.0,4.0,25.1,5.48,2.14
2010/03/24,188.0,192.5,188.0,189.5,1304.0,248520.0,1.6086,1.4952,781.0,27.0,284.0,-40.0,271.0,2928.0,359.0,304.0,3.0,671.0,10.0,25.5,5.57,2.11
2010/03/25,189.5,192.5,187.0,191.5,978.0,186303.0,1.0554,1.1214,597.0,-6.0,539.0,-55.0,478.0,2803.0,89.0,214.0,1.0,688.0,18.0,25.77,5.62,2.09
2010/03/26,191.0,201.5,191.0,199.0,2204.0,434402.0,3.9164,2.5272,1312.0,-17.0,209.0,123.0,315.0,3242.0,689.0,249.0,4.0,824.0,140.0,26.78,5.84,2.01
2010/03/29,199.0,200.0,195.5,195.5,1110.0,219726.0,-1.7588,1.2728,585.0,4.0,15.0,48.0,67.0,3306.0,350.0,284.0,8.0,827.0,11.0,26.31,5.74,2.05
2010/03/30,195.5,197.0,187.0,188.0,1080.0,206822.0,-3.8363,1.2384,742.0,25.0,-197.0,-68.0,-240.0,3213.0,302.0,395.0,40.0,787.0,0.0,25.3,5.52,2.13
2010/03/31,188.0,190.5,187.5,190.5,850.0,160222.0,1.3298,0.9727,581.0,245.0,-249.0,25.0,21.0,3329.0,233.0,108.0,1.0,790.0,4.0,25.64,5.59,2.1
2010/04/01,190.5,192.0,187.5,188.5,689.0,130540.0,-1.0499,0.7885,501.0,183.0,-63.0,-22.0,98.0,3172.0,118.0,275.0,0.0,756.0,0.0,25.37,5.54,2.12
2010/04/02,189.5,192.5,189.0,191.0,472.0,90284.0,1.3263,0.5401,302.0,38.0,0.0,3.0,41.0,3182.0,136.0,126.0,4.0,691.0,0.0,25.71,5.15,2.09
2010/04/06,193.5,198.5,193.5,195.0,1314.0,257831.0,2.0942,1.5037,733.0,65.0,290.0,-1.0,354.0,3103.0,193.0,272.0,0.0,804.0,113.0,26.21,5.26,2.05
2010/04/07,198.0,198.0,193.0,195.0,758.0,147980.0,0.0,0.8674,422.0,2.0,-67.0,-98.0,-163.0,3113.0,131.0,121.0,0.0,806.0,3.0,26.21,5.26,2.05
2010/04/08,195.0,195.0,190.0,191.0,739.0,141697.0,-2.0513,0.8457,441.0,-14.0,0.0,-36.0,-50.0,2903.0,127.0,337.0,23.0,782.0,0.0,25.67,5.15,2.09
2010/04/09,188.5,193.5,186.0,189.0,537.0,101568.0,-1.0471,0.6145,352.0,7.0,-260.0,1.0,-252.0,2921.0,93.0,75.0,12.0,767.0,0.0,25.4,5.1,2.12
2010/04/12,189.5,190.5,188.0,190.0,253.0,48087.0,0.5291,0.2895,192.0,24.0,0.0,0.0,24.0,2889.0,15.0,47.0,5.0,753.0,0.0,25.54,5.12,2.11
2010/04/13,188.0,192.5,186.5,187.0,592.0,111891.0,-1.5789,0.6775,399.0,-4.0,-182.0,29.0,-157.0,2859.0,93.0,123.0,11.0,631.0,0.0,25.13,5.04,2.14
2010/04/14,189.0,190.5,187.5,189.5,481.0,90762.0,1.3369,0.5504,325.0,141.0,-131.0,14.0,24.0,2823.0,17.0,53.0,111.0,513.0,0.0,25.47,5.11,2.11
2010/04/15,190.5,192.0,189.5,191.5,466.0,88923.0,1.0554,0.5333,288.0,172.0,0.0,17.0,189.0,2719.0,18.0,122.0,80.0,225.0,0.0,25.74,5.16,2.09
2010/04/16,192.0,195.0,191.5,195.0,875.0,169411.0,1.8277,1.0013,463.0,235.0,0.0,-37.0,198.0,2501.0,31.0,248.0,223.0,0.0,0.0,26.21,5.26,2.05
2010/04/19,193.0,194.0,189.5,189.5,441.0,84287.0,-2.8205,0.5047,277.0,158.0,-17.0,-15.0,126.0,2433.0,0.0,68.0,0.0,0.0,0.0,25.47,5.11,2.11
2010/04/20,192.0,192.5,189.5,191.0,317.0,60692.0,0.7916,0.3628,244.0,79.0,-25.0,-24.0,30.0,2399.0,0.0,34.0,0.0,0.0,0.0,25.67,5.15,2.09
2010/04/21,193.0,194.0,191.5,193.0,317.0,61280.0,1.0471,0.3628,259.0,75.0,0.0,-2.0,73.0,2368.0,0.0,31.0,0.0,0.0,0.0,25.94,5.2,2.07
2010/04/22,193.0,193.5,189.0,190.5,272.0,52053.0,-1.2953,0.3113,191.0,1.0,-17.0,-8.0,-24.0,2412.0,64.0,20.0,0.0,37.0,37.0,25.6,5.14,2.1
2010/04/23,191.5,193.0,187.0,188.0,452.0,85510.0,-1.3123,0.5152,322.0,-11.0,0.0,-33.0,-44.0,2441.0,104.0,75.0,0.0,42.0,5.0,25.27,5.07,2.13
2010/04/26,189.0,192.0,188.5,190.5,469.0,89260.0,1.3298,0.5346,292.0,160.0,-33.0,-2.0,125.0,2532.0,144.0,53.0,0.0,124.0,82.0,25.6,5.14,2.1
2010/04/27,191.5,192.5,188.5,191.0,482.0,91929.0,0.2625,0.5494,335.0,132.0,-162.0,10.0,-20.0,2563.0,85.0,54.0,0.0,179.0,55.0,25.67,5.15,2.09
2010/04/28,188.0,190.0,186.5,189.0,377.0,70793.0,-1.0471,0.4297,222.0,-19.0,-80.0,21.0,-78.0,2513.0,48.0,93.0,13.0,166.0,0.0,25.4,5.1,2.12
2010/04/29,190.0,191.0,185.5,187.0,524.0,98523.0,-1.0582,0.5973,355.0,130.0,-187.0,15.0,-42.0,2439.0,73.0,147.0,0.0,177.0,11.0,25.13,5.04,2.14
2010/04/30,188.0,189.0,183.0,184.0,513.0,95588.0,-1.6043,0.5847,340.0,-19.0,-89.0,-12.0,-120.0,2510.0,136.0,65.0,0.0,183.0,6.0,24.73,4.6,2.17
2010/05/03,184.5,186.0,183.5,185.0,248.0,45843.0,0.5435,0.2827,136.0,27.0,-50.0,20.0,-3.0,2492.0,29.0,47.0,0.0,209.0,26.0,21.95,4.63,2.16
2010/05/04,185.5,189.0,184.5,189.0,547.0,101919.0,2.1622,0.6235,294.0,253.0,-100.0,24.0,177.0,2501.0,87.0,78.0,0.0,312.0,103.0,22.42,4.73,2.12
2010/05/05,185.0,188.0,181.5,183.0,483.0,88707.0,-3.1746,0.5505,353.0,-18.0,-101.0,23.0,-96.0,2367.0,95.0,229.0,10.0,302.0,0.0,21.71,4.58,2.19
2010/05/06,182.5,184.0,182.0,182.5,257.0,47023.0,-0.2732,0.2929,211.0,49.0,-36.0,7.0,21.0,2352.0,24.0,39.0,0.0,326.0,24.0,21.65,4.56,2.19
2010/05/07,181.5,181.5,176.5,181.5,441.0,78958.0,-0.5479,0.5027,240.0,7.0,0.0,-1.0,6.0,2303.0,62.0,111.0,24.0,302.0,0.0,21.53,4.54,2.2
2010/05/10,180.5,181.0,177.0,177.5,427.0,75954.0,-2.2039,0.4867,275.0,-117.0,0.0,18.0,-99.0,2330.0,78.0,51.0,3.0,299.0,0.0,21.06,4.44,2.25
2010/05/11,178.0,180.5,177.0,178.5,525.0,94109.0,0.5634,0.5984,265.0,11.0,0.0,11.0,22.0,2468.0,172.0,34.0,10.0,308.0,21.0,21.17,4.46,2.24
2010/05/12,179.0,180.5,174.5,177.5,318.0,56315.0,-0.5602,0.3625,229.0,-4.0,0.0,8.0,4.0,2459.0,34.0,38.0,4.0,304.0,0.0,21.06,4.44,2.25
2010/05/13,178.5,179.5,176.5,178.5,302.0,53682.0,0.5634,0.3442,206.0,2.0,-100.0,13.0,-85.0,2489.0,47.0,17.0,2.0,317.0,15.0,21.17,4.46,3.08
2010/05/14,178.0,179.0,177.5,178.0,175.0,31166.0,-0.2801,0.1995,110.0,17.0,-57.0,9.0,-31.0,2503.0,28.0,14.0,9.0,312.0,4.0,21.12,4.45,3.09
2010/05/17,176.0,176.0,173.5,173.5,212.0,36978.0,-2.5281,0.2416,146.0,4.0,-1.0,0.0,3.0,2478.0,26.0,51.0,4.0,308.0,0.0,20.58,4.34,3.17
2010/05/18,174.0,174.5,172.0,173.5,149.0,25829.0,0.0,0.1698,115.0,10.0,1.0,-4.0,7.0,2463.0,11.0,25.0,5.0,310.0,7.0,20.58,4.34,3.17
2010/05/19,172.5,174.0,171.0,174.0,200.0,34540.0,0.2882,0.228,155.0,21.0,0.0,-10.0,11.0,2468.0,19.0,14.0,1.0,309.0,0.0,20.64,4.35,3.16
2010/05/20,174.0,174.0,171.0,171.0,125.0,21613.0,-1.7241,0.1425,105.0,-19.0,0.0,-3.0,-22.0,2449.0,12.0,31.0,3.0,306.0,0.0,20.28,4.28,3.22
2010/05/21,168.0,169.0,166.0,168.5,325.0,54479.0,-1.462,0.3704,238.0,-43.0,11.0,-4.0,-36.0,2432.0,11.0,28.0,9.0,297.0,0.0,19.99,4.21,3.26
2010/05/24,168.0,172.0,168.0,171.5,222.0,37805.0,1.7804,0.253,140.0,1.0,81.0,-1.0,81.0,2427.0,17.0,22.0,0.0,306.0,9.0,20.34,4.29,3.21
2010/05/25,170.5,172.0,168.0,170.0,252.0,42992.0,-0.8746,0.2872,165.0,-12.0,97.0,-8.0,77.0,2376.0,10.0,58.0,0.0,306.0,0.0,20.17,4.25,3.24
2010/05/26,169.0,172.5,169.0,171.5,282.0,48175.0,0.8824,0.3214,170.0,-87.0,90.0,0.0,3.0,2360.0,8.0,24.0,0.0,306.0,0.0,20.34,4.29,3.21
2010/05/27,171.5,180.5,171.5,177.0,377.0,66692.0,3.207,0.4297,262.0,15.0,50.0,7.0,72.0,2370.0,48.0,38.0,1.0,353.0,48.0,21.0,4.43,3.11
2010/05/28,179.5,180.5,175.5,177.0,231.0,41044.0,0.0,0.2633,134.0,-27.0,-33.0,0.0,-60.0,2341.0,18.0,47.0,3.0,357.0,7.0,21.0,4.43,3.11
2010/05/31,179.0,182.0,175.0,175.5,320.0,56849.0,-0.8475,0.3647,204.0,5.0,-4.0,2.0,3.0,2362.0,44.0,23.0,0.0,359.0,2.0,20.82,4.39,3.13
2010/06/01,175.0,177.0,172.5,175.0,221.0,38677.0,-0.2849,0.2519,128.0,8.0,-16.0,-3.0,-11.0,2362.0,22.0,22.0,11.0,348.0,0.0,20.76,4.38,3.14
2010/06/02,177.0,178.0,171.5,172.0,387.0,67368.0,-1.7143,0.4411,225.0,0.0,-54.0,11.0,-43.0,2420.0,83.0,25.0,5.0,350.0,7.0,20.4,4.3,3.2
2010/06/03,174.0,176.5,172.5,174.0,356.0,62044.0,1.1628,0.4058,175.0,-7.0,0.0,1.0,-6.0,2426.0,26.0,20.0,0.0,352.0,2.0,20.64,4.35,3.16
2010/06/04,175.0,177.5,173.5,174.5,276.0,48519.0,0.2874,0.3146,151.0,9.0,0.0,0.0,9.0,2504.0,106.0,27.0,0.0,356.0,4.0,20.7,4.36,3.15
2010/06/07,172.5,172.5,168.5,171.0,257.0,43800.0,-2.0057,0.2929,141.0,-9.0,-92.0,29.0,-72.0,2477.0,38.0,65.0,10.0,346.0,0.0,20.28,4.28,3.22
2010/06/08,170.0,171.0,169.0,169.5,224.0,38045.0,-0.8772,0.2553,117.0,10.0,-1.0,-2.0,7.0,2490.0,26.0,13.0,0.0,346.0,0.0,20.11,4.24,3.24
2010/06/09,171.0,177.0,169.0,171.0,375.0,64332.0,0.885,0.4274,256.0,10.0,0.0,-4.0,6.0,2461.0,53.0,81.0,0.0,359.0,13.0,20.28,4.28,3.22
2010/06/10,173.0,174.0,170.0,170.5,161.0,27602.0,-0.2924,0.1835,105.0,2.0,0.0,0.0,2.0,2444.0,17.0,34.0,0.0,361.0,2.0,20.23,4.26,3.23
2010/06/11,172.5,175.0,171.5,172.5,215.0,37165.0,1.173,0.2451,107.0,43.0,0.0,1.0,44.0,2437.0,13.0,20.0,2.0,364.0,5.0,20.46,4.31,3.19
2010/06/14,173.5,174.5,172.5,174.5,157.0,27276.0,1.1594,0.179,112.0,27.0,0.0,0.0,27.0,2422.0,7.0,22.0,0.0,370.0,6.0,20.7,4.36,3.15
2010/06/15,174.5,175.0,173.5,174.5,165.0,28819.0,0.0,0.1881,117.0,13.0,0.0,-1.0,12.0,2413.0,19.0,28.0,0.0,370.0,0.0,20.7,4.36,3.15
2010/06/17,174.5,177.0,174.5,177.0,278.0,49045.0,1.4327,0.3169,198.0,90.0,38.0,-1.0,127.0,2385.0,12.0,40.0,0.0,390.0,20.0,21.0,4.43,3.11
2010/06/18,177.0,178.0,176.0,177.0,223.0,39501.0,0.0,0.2542,131.0,-2.0,0.0,0.0,-2.0,2367.0,7.0,25.0,3.0,392.0,5.0,21.0,4.43,3.11
2010/06/21,178.0,178.5,176.0,177.0,241.0,42721.0,0.0,0.2747,148.0,-40.0,-55.0,1.0,-94.0,2355.0,14.0,26.0,0.0,392.0,0.0,21.0,4.43,3.11
2010/06/22,176.5,177.0,176.0,176.5,110.0,19443.0,-0.2825,0.1254,66.0,7.0,-15.0,0.0,-8.0,2347.0,5.0,13.0,0.0,392.0,0.0,20.94,4.41,3.12
2010/06/23,176.0,176.0,172.0,174.5,331.0,57482.0,-1.1331,0.3773,191.0,0.0,-193.0,-1.0,-194.0,2376.0,83.0,47.0,5.0,387.0,0.0,20.7,4.36,3.15
2010/06/24,175.0,176.0,172.0,174.5,295.0,51240.0,0.0,0.3362,158.0,-15.0,-178.0,6.0,-187.0,2368.0,53.0,11.0,0.0,387.0,0.0,20.7,4.36,3.15
2010/06/25,173.5,173.5,170.5,172.0,170.0,29175.0,-1.4327,0.1938,117.0,-17.0,-13.0,-5.0,-35.0,2333.0,30.0,54.0,5.0,382.0,0.0,20.4,4.3,3.2
2010/06/28,172.0,172.5,169.5,171.5,192.0,32818.0,-0.2907,0.2188,139.0,-2.0,-74.0,-9.0,-85.0,2315.0,23.0,19.0,3.0,379.0,0.0,20.34,4.29,3.21
2010/06/29,171.5,172.0,167.5,169.0,435.0,73621.0,-1.4577,0.4958,306.0,-18.0,-266.0,-9.0,-293.0,2299.0,47.0,63.0,8.0,371.0,0.0,20.05,4.23,3.25
2010/06/30,167.5,172.0,167.0,171.5,307.0,52198.0,1.4793,0.3499,190.0,59.0,65.0,3.0,127.0,2281.0,26.0,44.0,0.0,380.0,9.0,20.34,4.29,3.21
2010/07/01,171.5,172.5,167.5,169.0,420.0,71501.0,-1.4577,0.4787,231.0,91.0,0.0,0.0,91.0,2291.0,35.0,25.0,5.0,375.0,0.0,20.05,4.23,3.25
2010/07/02,169.0,170.5,169.0,169.5,421.0,71603.0,0.2959,0.4799,212.0,210.0,-40.0,-3.0,167.0,2288.0,12.0,15.0,0.0,375.0,0.0,20.11,4.24,3.24
2010/07/05,170.0,170.5,167.0,169.0,327.0,55057.0,-0.295,0.3727,248.0,-135.0,-78.0,18.0,-195.0,2350.0,79.0,17.0,10.0,365.0,0.0,20.12,4.24,3.25
2010/07/06,168.5,171.5,168.0,171.5,356.0,60308.0,1.4793,0.4058,229.0,2.0,-20.0,12.0,-6.0,2356.0,29.0,23.0,0.0,365.0,0.0,20.42,4.3,3.21
2010/07/07,171.5,172.0,168.5,169.0,269.0,45655.0,-1.4577,0.3066,150.0,2.0,-80.0,10.0,-68.0,2363.0,26.0,19.0,1.0,364.0,0.0,20.12,4.24,3.25
2010/07/08,170.0,171.0,168.5,169.5,329.0,55860.0,0.2959,0.375,262.0,-38.0,-51.0,0.0,-89.0,2370.0,55.0,48.0,0.0,364.0,0.0,20.18,4.25,3.24
2010/07/09,169.5,171.0,169.5,171.0,165.0,28245.0,0.885,0.1881,118.0,15.0,10.0,0.0,25.0,2388.0,32.0,14.0,1.0,363.0,0.0,20.36,4.29,3.22
2010/07/12,171.5,173.0,171.5,172.5,242.0,41666.0,0.8772,0.2758,181.0,10.0,10.0,-2.0,18.0,2382.0,29.0,35.0,13.0,350.0,0.0,20.54,4.32,3.19
2010/07/13,173.0,173.5,167.0,168.5,590.0,99821.0,-2.3188,0.6725,420.0,-29.0,-388.0,1.0,-416.0,2475.0,110.0,17.0,0.0,350.0,0.0,20.06,4.22,3.26
2010/07/14,169.5,171.0,168.0,169.5,659.0,111504.0,0.5935,0.7511,538.0,220.0,-437.0,-1.0,-218.0,2507.0,68.0,36.0,20.0,336.0,6.0,20.18,4.25,3.24
2010/07/15,169.5,170.0,161.0,164.0,1277.0,210759.0,-3.2448,1.4556,910.0,-12.0,-680.0,-22.0,-714.0,2550.0,244.0,200.0,19.0,317.0,0.0,19.52,4.11,3.35
2010/07/16,164.0,164.0,161.5,162.5,442.0,72015.0,-0.9146,0.5038,369.0,-115.0,20.0,-64.0,-159.0,2588.0,71.0,33.0,8.0,309.0,0.0,19.35,4.07,3.38
2010/07/19,161.5,161.5,160.0,161.0,268.0,43110.0,-0.9231,0.3055,171.0,-18.0,-51.0,-44.0,-113.0,2567.0,59.0,80.0,35.0,274.0,0.0,19.17,4.04,3.42
2010/07/20,161.0,162.0,159.5,161.5,385.0,61969.0,0.3106,0.4388,312.0,9.0,-208.0,-47.0,-246.0,2672.0,115.0,10.0,5.0,269.0,0.0,19.23,4.05,3.41
2010/07/21,162.0,165.0,161.5,164.5,388.0,63452.0,1.8576,0.4423,285.0,3.0,40.0,-3.0,40.0,2699.0,102.0,73.0,23.0,247.0,1.0,19.58,4.12,3.34
2010/07/22,164.5,166.0,164.0,166.0,186.0,30808.0,0.9119,0.212,141.0,-8.0,10.0,-3.0,-1.0,2668.0,15.0,46.0,8.0,239.0,0.0,19.76,4.16,3.31
2010/07/23,168.5,168.5,164.5,166.0,493.0,81948.0,0.0,0.5619,336.0,59.0,-228.0,2.0,-167.0,2736.0,119.0,51.0,0.0,239.0,0.0,19.76,4.16,3.31
2010/07/26,166.5,167.5,166.0,167.5,183.0,30573.0,0.9036,0.2086,132.0,32.0,0.0,0.0,32.0,2753.0,70.0,53.0,0.0,239.0,0.0,19.94,4.2,3.28
2010/07/27,168.0,168.0,166.0,166.0,110.0,18357.0,-0.8955,0.1254,94.0,0.0,-4.0,-1.0,-5.0,2730.0,6.0,29.0,1.0,238.0,0.0,19.76,4.16,3.31
2010/07/28,166.5,166.5,165.0,166.0,181.0,30006.0,0.0,0.2063,130.0,14.0,-47.0,1.0,-32.0,2706.0,27.0,51.0,3.0,235.0,0.0,19.76,4.16,3.31
2010/07/29,166.0,166.5,164.0,164.0,138.0,22792.0,-1.2048,0.1573,121.0,-16.0,10.0,0.0,-6.0,2654.0,10.0,43.0,0.0,235.0,0.0,19.52,4.11,3.35
2010/07/30,164.0,165.0,163.5,163.5,127.0,20912.0,-0.3049,0.1448,97.0,-16.0,0.0,-2.0,-18.0,2657.0,11.0,8.0,2.0,233.0,0.0,19.46,4.1,3.36
2010/08/02,165.0,169.0,165.0,168.5,554.0,92929.0,3.0581,0.6315,317.0,34.0,-20.0,2.0,16.0,2728.0,196.0,125.0,0.0,223.0,0.0,20.06,4.22,3.26
2010/08/03,170.0,171.0,165.5,167.5,415.0,69784.0,-0.5935,0.473,268.0,-136.0,-68.0,3.0,-201.0,2749.0,62.0,41.0,0.0,223.0,0.0,19.94,4.2,3.28
2010/08/04,167.0,167.5,164.0,164.5,468.0,77412.0,-1.791,0.5334,305.0,-353.0,0.0,0.0,-353.0,2800.0,77.0,25.0,0.0,223.0,0.0,19.58,4.12,3.34
2010/08/05,165.5,166.0,164.0,164.0,175.0,28843.0,-0.304,0.1995,121.0,-17.0,0.0,0.0,-17.0,2807.0,44.0,36.0,0.0,223.0,0.0,19.52,4.11,3.35
2010/08/06,164.0,165.5,163.5,165.0,263.0,43287.0,0.6098,0.2998,178.0,6.0,-122.0,2.0,-114.0,2798.0,34.0,43.0,1.0,222.0,0.0,19.64,4.14,3.33
2010/08/09,164.5,165.5,163.0,165.0,298.0,49039.0,0.0,0.3397,166.0,7.0,-46.0,1.0,-38.0,2785.0,33.0,46.0,6.0,216.0,0.0,19.64,4.14,3.33
2010/08/10,166.0,166.5,163.5,164.5,269.0,44561.0,-0.303,0.3066,172.0,26.0,-100.0,-2.0,-76.0,2797.0,43.0,31.0,12.0,204.0,0.0,19.58,4.12,3.34
2010/08/11,164.5,166.0,163.0,165.0,267.0,43896.0,0.304,0.3043,159.0,-12.0,-60.0,0.0,-72.0,2815.0,97.0,79.0,6.0,198.0,0.0,19.64,4.14,3.33
2010/08/12,164.0,165.0,163.0,165.0,175.0,28740.0,0.0,0.1995,117.0,-13.0,-60.0,5.0,-68.0,2805.0,8.0,17.0,29.0,169.0,0.0,19.64,4.14,3.33
2010/08/13,165.0,167.0,164.0,167.0,350.0,58095.0,1.2121,0.3989,213.0,-22.0,-61.0,-1.0,-84.0,2798.0,29.0,36.0,51.0,118.0,0.0,19.88,4.19,3.29
2010/08/16,167.0,169.0,166.0,169.0,370.0,62300.0,1.1976,0.4217,232.0,3.0,-2.0,51.0,52.0,2760.0,34.0,72.0,73.0,30.0,0.0,20.12,4.24,3.25
2010/08/17,170.5,170.5,167.0,169.0,322.0,54276.0,0.0,0.367,203.0,-108.0,-60.0,35.0,-133.0,2737.0,0.0,23.0,0.0,0.0,0.0,20.12,4.24,3.25
2010/08/18,170.0,170.5,166.0,169.0,538.0,90528.0,0.0,0.6132,338.0,-203.0,-60.0,19.0,-244.0,2696.0,0.0,41.0,0.0,0.0,0.0,20.12,4.24,3.25
2010/08/19,169.0,169.5,167.0,169.0,596.0,100516.0,0.0,0.6793,384.0,0.0,68.0,31.0,99.0,2575.0,0.0,121.0,0.0,0.0,0.0,20.12,4.24,3.25
2010/08/20,157.5,160.5,157.0,159.0,823.0,130568.0,1.7456,0.8934,522.0,-15.0,-100.0,46.0,-69.0,2656.0,141.0,60.0,0.0,57.0,57.0,19.95,4.2,3.46
2010/08/23,160.0,162.0,156.0,156.0,436.0,69491.0,-1.8868,0.4733,274.0,23.0,-100.0,-3.0,-80.0,2628.0,37.0,65.0,0.0,106.0,49.0,19.57,4.12,3.53
2010/08/24,157.0,159.0,156.0,156.5,152.0,23850.0,0.3205,0.165,107.0,-1.0,0.0,-1.0,-2.0,2601.0,9.0,36.0,0.0,116.0,10.0,19.64,4.14,3.51
2010/08/25,158.0,159.0,154.0,157.0,307.0,48027.0,0.3195,0.3333,196.0,-46.0,0.0,1.0,-45.0,2589.0,22.0,34.0,0.0,123.0,7.0,19.7,4.15,3.5
2010/08/26,157.0,158.0,153.5,154.0,174.0,27134.0,-1.9108,0.1889,112.0,-51.0,0.0,5.0,-46.0,2576.0,20.0,33.0,0.0,137.0,14.0,19.32,4.07,3.57
2010/08/27,154.0,154.0,151.5,152.0,161.0,24578.0,-1.2987,0.1748,123.0,-36.0,0.0,10.0,-26.0,2569.0,31.0,37.0,0.0,137.0,0.0,19.07,4.24,3.62
2010/08/30,154.0,155.0,148.5,148.5,511.0,77246.0,-2.3026,0.5547,273.0,-68.0,0.0,19.0,-49.0,2570.0,112.0,111.0,0.0,140.0,3.0,16.69,4.14,3.7
2010/08/31,148.5,150.5,139.5,142.0,653.0,94308.0,-4.3771,0.7089,469.0,-84.0,0.0,1.0,-83.0,2543.0,76.0,103.0,4.0,141.0,5.0,15.96,3.96,3.87
2010/09/01,144.0,144.5,141.0,142.0,225.0,32077.0,0.0,0.2442,184.0,-26.0,-24.0,0.0,-50.0,2555.0,26.0,14.0,0.0,143.0,2.0,15.96,3.96,3.87
2010/09/02,144.0,145.0,138.5,142.0,423.0,60149.0,0.0,0.4592,321.0,-11.0,-94.0,-3.0,-108.0,2570.0,29.0,14.0,2.0,145.0,4.0,15.96,3.96,3.87
2010/09/03,144.0,146.0,142.0,146.0,621.0,89033.0,2.8169,0.6741,455.0,71.0,-46.0,-1.0,24.0,2614.0,62.0,18.0,5.0,140.0,0.0,16.4,4.07,3.77
2010/09/06,149.0,149.5,145.0,146.5,428.0,62867.0,0.3425,0.4646,330.0,-129.0,0.0,1.0,-128.0,2645.0,62.0,29.0,1.0,142.0,3.0,16.46,4.09,3.75
2010/09/07,146.5,147.0,144.5,145.0,206.0,29972.0,-1.0239,0.2236,174.0,-9.0,0.0,0.0,-9.0,2633.0,16.0,27.0,0.0,142.0,0.0,16.29,4.05,3.79
2010/09/08,144.5,146.0,143.0,145.0,462.0,66813.0,0.0,0.5015,362.0,-95.0,0.0,0.0,-95.0,2613.0,27.0,41.0,0.0,142.0,0.0,16.29,4.05,3.79
2010/09/09,146.0,146.5,143.0,145.0,227.0,32917.0,0.0,0.2464,156.0,-29.0,0.0,0.0,-29.0,2586.0,8.0,35.0,0.0,142.0,0.0,16.29,4.05,3.79
2010/09/10,146.0,146.0,143.5,145.0,206.0,29960.0,0.0,0.2236,149.0,-32.0,0.0,11.0,-21.0,2557.0,1.0,30.0,0.0,143.0,1.0,16.29,4.05,3.79
2010/09/13,146.0,146.5,143.0,145.0,381.0,55097.0,0.0,0.4136,270.0,-61.0,-70.0,5.0,-126.0,2575.0,23.0,4.0,1.0,142.0,0.0,16.29,4.05,3.79
2010/09/14,146.0,146.0,143.5,145.0,305.0,44142.0,0.0,0.3311,204.0,32.0,-97.0,0.0,-65.0,2581.0,22.0,15.0,0.0,142.0,0.0,16.29,4.05,3.79
2010/09/15,145.5,146.0,143.0,144.0,376.0,54317.0,-0.6897,0.4082,224.0,-53.0,-51.0,2.0,-102.0,2602.0,35.0,14.0,0.0,142.0,0.0,16.18,4.02,3.82
2010/09/16,145.0,145.0,143.0,145.0,280.0,40447.0,0.6944,0.304,200.0,-47.0,-1.0,1.0,-47.0,2596.0,27.0,33.0,0.0,142.0,0.0,16.29,4.05,3.79
2010/09/17,145.5,155.0,143.0,155.0,1575.0,239705.0,6.8966,1.7097,908.0,-98.0,0.0,60.0,-38.0,2922.0,459.0,133.0,0.0,167.0,25.0,17.42,4.32,3.55
2010/09/20,155.0,156.0,153.0,154.5,581.0,89916.0,-0.3226,0.6307,408.0,-48.0,0.0,-3.0,-51.0,2853.0,151.0,220.0,1.0,188.0,22.0,17.36,4.31,3.56
2010/09/21,155.0,156.0,153.0,154.5,251.0,38859.0,0.0,0.2725,202.0,-22.0,0.0,-2.0,-24.0,2846.0,40.0,45.0,0.0,188.0,0.0,17.36,4.31,3.56
2010/09/23,154.5,157.5,154.0,155.0,302.0,47082.0,0.3236,0.3278,235.0,2.0,0.0,4.0,6.0,2868.0,74.0,52.0,0.0,189.0,1.0,17.42,4.32,3.55
2010/09/24,154.5,156.0,154.0,156.0,172.0,26717.0,0.6452,0.1867,135.0,9.0,0.0,1.0,10.0,2837.0,21.0,52.0,0.0,189.0,0.0,17.53,4.35,3.53
2010/09/27,157.0,157.5,153.0,154.5,209.0,32359.0,-0.9615,0.2269,144.0,-7.0,0.0,-12.0,-19.0,2819.0,21.0,39.0,0.0,189.0,0.0,17.36,4.31,3.56
2010/09/28,154.5,154.5,153.0,153.0,110.0,16987.0,-0.9709,0.1194,87.0,5.0,0.0,2.0,7.0,2799.0,8.0,28.0,0.0,189.0,0.0,17.19,4.27,3.59
2010/09/29,153.0,156.0,153.0,156.0,306.0,47359.0,1.9608,0.3322,190.0,33.0,0.0,12.0,45.0,2839.0,67.0,27.0,0.0,189.0,0.0,17.53,4.35,3.53
2010/09/30,156.5,156.5,153.5,155.5,311.0,48164.0,-0.3205,0.3376,216.0,-140.0,0.0,13.0,-127.0,2893.0,76.0,22.0,0.0,189.0,0.0,17.47,4.34,3.54
2010/10/01,155.5,156.0,153.5,154.0,178.0,27560.0,-0.9646,0.1932,141.0,-67.0,0.0,-1.0,-68.0,2894.0,26.0,25.0,1.0,188.0,0.0,17.3,4.3,3.57
2010/10/04,153.0,156.0,152.0,152.0,271.0,41777.0,-1.2987,0.2942,187.0,-35.0,0.0,2.0,-33.0,2923.0,61.0,32.0,0.0,188.0,0.0,17.08,4.24,3.62
2010/10/05,154.0,154.5,150.0,152.0,274.0,41680.0,0.0,0.2974,207.0,-30.0,0.0,-2.0,-32.0,2877.0,22.0,68.0,3.0,185.0,0.0,17.08,4.24,3.62
2010/10/06,154.0,155.0,150.5,151.5,320.0,48778.0,-0.3289,0.3474,207.0,2.0,0.0,0.0,2.0,2849.0,39.0,67.0,0.0,185.0,0.0,17.02,4.23,3.63
2010/10/07,152.5,153.5,150.0,152.0,252.0,38192.0,0.33,0.2736,177.0,-11.0,0.0,-3.0,-14.0,2787.0,15.0,77.0,0.0,186.0,1.0,17.08,4.24,3.62
2010/10/08,151.5,151.5,148.0,150.0,234.0,35099.0,-1.3158,0.254,161.0,0.0,0.0,-1.0,-1.0,2763.0,43.0,67.0,1.0,185.0,0.0,16.85,4.19,3.67
2010/10/11,151.5,151.5,149.0,150.5,221.0,33162.0,0.3333,0.2399,168.0,-2.0,0.0,0.0,-2.0,2753.0,1.0,11.0,0.0,185.0,0.0,16.91,4.2,3.65
2010/10/12,151.0,151.5,147.0,148.5,229.0,34035.0,-1.3289,0.2486,204.0,-19.0,0.0,-2.0,-21.0,2767.0,38.0,24.0,0.0,185.0,0.0,16.69,4.14,3.7
2010/10/13,149.0,150.5,144.0,145.5,462.0,67669.0,-2.0202,0.5015,394.0,-46.0,-9.0,1.0,-54.0,2778.0,69.0,58.0,1.0,186.0,2.0,16.35,4.06,3.78
2010/10/14,145.5,147.0,143.0,144.0,448.0,64843.0,-1.0309,0.4863,371.0,1.0,-50.0,-26.0,-75.0,2717.0,74.0,135.0,2.0,193.0,9.0,16.18,4.02,3.82
2010/10/15,144.0,145.0,140.5,144.0,359.0,51304.0,0.0,0.3897,266.0,-14.0,-53.0,-19.0,-86.0,2725.0,42.0,34.0,25.0,171.0,3.0,16.18,4.02,3.82
2010/10/18,144.0,144.5,139.5,140.0,308.0,43462.0,-2.7778,0.3343,246.0,-13.0,-50.0,-5.0,-68.0,2708.0,22.0,39.0,3.0,168.0,0.0,15.73,3.91,3.93
2010/10/19,140.0,140.5,139.5,140.5,189.0,26501.0,0.3571,0.2052,154.0,1.0,-44.0,-12.0,-55.0,2708.0,11.0,11.0,18.0,150.0,0.0,15.79,3.92,3.91
2010/10/20,140.0,142.0,140.0,141.0,191.0,26999.0,0.3559,0.2073,176.0,-35.0,0.0,-4.0,-39.0,2729.0,26.0,5.0,1.0,149.0,0.0,15.84,3.93,3.9
2010/10/21,142.0,143.5,141.5,143.0,263.0,37485.0,1.4184,0.2855,198.0,-14.0,0.0,5.0,-9.0,2736.0,26.0,19.0,3.0,148.0,2.0,16.07,3.99,3.85
2010/10/22,143.0,143.0,140.5,141.0,164.0,23302.0,-1.3986,0.178,144.0,-38.0,0.0,0.0,-38.0,2733.0,11.0,14.0,7.0,141.0,0.0,15.84,3.93,3.9
2010/10/25,141.0,142.0,140.0,141.0,319.0,45032.0,0.0,0.3463,233.0,-57.0,0.0,-34.0,-91.0,2826.0,108.0,15.0,4.0,137.0,0.0,15.84,3.93,3.9
2010/10/26,141.5,142.0,138.5,139.5,322.0,45189.0,-1.0638,0.3495,251.0,-16.0,0.0,-86.0,-102.0,2837.0,21.0,10.0,4.0,133.0,0.0,15.67,3.89,3.94
2010/10/27,140.0,140.0,138.0,140.0,188.0,26333.0,0.3584,0.2041,165.0,5.0,0.0,-1.0,4.0,2822.0,6.0,21.0,0.0,133.0,0.0,15.73,3.91,3.93
2010/10/28,140.5,142.5,140.0,142.0,329.0,46546.0,1.4286,0.3571,255.0,14.0,0.0,4.0,18.0,2815.0,19.0,26.0,0.0,133.0,0.0,15.96,3.78,3.87
2010/10/29,143.0,143.0,140.5,141.5,182.0,25756.0,-0.3521,0.1976,153.0,-6.0,0.0,10.0,4.0,2818.0,22.0,19.0,0.0,133.0,0.0,17.4,3.77,3.89
2010/11/01,142.0,144.0,141.0,143.5,329.0,46977.0,1.4134,0.3571,240.0,37.0,0.0,11.0,48.0,2818.0,30.0,30.0,0.0,133.0,0.0,17.65,3.82,3.83
2010/11/02,144.0,144.0,141.0,142.5,146.0,20887.0,-0.6969,0.1585,137.0,9.0,0.0,0.0,9.0,2783.0,12.0,31.0,0.0,133.0,0.0,17.53,3.8,3.86
2010/11/03,143.5,144.5,140.0,141.0,290.0,41350.0,-1.0526,0.3148,235.0,-4.0,0.0,1.0,-3.0,2767.0,30.0,46.0,0.0,134.0,1.0,17.34,3.76,3.9
2010/11/04,141.0,142.5,141.0,142.0,334.0,47417.0,0.7092,0.3626,246.0,-50.0,134.0,4.0,88.0,2743.0,1.0,24.0,0.0,134.0,0.0,17.47,3.78,3.87
2010/11/05,143.0,144.0,142.0,143.5,282.0,40358.0,1.0563,0.3061,237.0,4.0,68.0,-1.0,71.0,2708.0,21.0,53.0,1.0,134.0,1.0,17.65,3.82,3.83
2010/11/08,144.0,145.0,141.5,142.5,174.0,24924.0,-0.6969,0.1889,121.0,-2.0,0.0,2.0,0.0,2703.0,31.0,34.0,0.0,134.0,0.0,17.53,3.8,3.86
2010/11/09,142.5,145.0,141.5,142.5,164.0,23554.0,0.0,0.178,139.0,-2.0,0.0,4.0,2.0,2695.0,18.0,26.0,0.0,135.0,2.0,17.53,3.8,3.86
2010/11/10,143.0,144.5,140.5,142.5,213.0,30306.0,0.0,0.2312,171.0,0.0,16.0,-4.0,12.0,2696.0,34.0,33.0,0.0,135.0,0.0,17.53,3.8,3.86
2010/11/11,142.5,143.5,140.5,142.5,240.0,34130.0,0.0,0.2605,168.0,18.0,0.0,5.0,23.0,2678.0,24.0,42.0,0.0,135.0,0.0,17.53,3.8,3.86
2010/11/12,143.0,143.0,139.5,140.0,185.0,26157.0,-1.7544,0.2008,139.0,-9.0,0.0,-9.0,-18.0,2664.0,20.0,33.0,0.0,135.0,0.0,17.22,3.73,3.93
2010/11/15,141.0,142.0,139.5,141.0,145.0,20430.0,0.7143,0.1574,124.0,-1.0,-6.0,-6.0,-13.0,2658.0,6.0,12.0,0.0,135.0,0.0,17.34,3.76,3.9
2010/11/16,141.0,142.0,140.0,140.0,220.0,31052.0,-0.7092,0.2388,182.0,4.0,0.0,-9.0,-5.0,2663.0,13.0,8.0,2.0,133.0,0.0,17.22,3.73,3.93
2010/11/17,141.0,141.5,139.5,141.0,156.0,21988.0,0.7143,0.1693,111.0,2.0,0.0,-5.0,-3.0,2654.0,12.0,21.0,0.0,133.0,0.0,17.34,3.76,3.9
2010/11/18,141.5,141.5,140.5,140.5,60.0,8477.0,-0.3546,0.0651,64.0,1.0,0.0,0.0,1.0,2634.0,1.0,20.0,0.0,134.0,1.0,17.28,3.74,3.91
2010/11/19,141.0,142.0,140.0,141.0,210.0,29548.0,0.3559,0.228,172.0,6.0,0.0,-4.0,2.0,2627.0,18.0,25.0,0.0,134.0,0.0,17.34,3.76,3.9
2010/11/22,141.5,141.5,140.0,141.5,144.0,20379.0,0.3546,0.1563,110.0,11.0,0.0,1.0,12.0,2593.0,2.0,34.0,0.0,134.0,0.0,17.4,3.77,3.89
2010/11/23,141.5,141.5,140.0,141.5,135.0,19116.0,0.0,0.1465,113.0,28.0,0.0,-2.0,26.0,2561.0,6.0,33.0,0.0,134.0,0.0,17.4,3.77,3.89
2010/11/24,141.0,141.5,140.0,141.5,214.0,30235.0,0.0,0.2323,172.0,44.0,0.0,0.0,44.0,2552.0,2.0,11.0,0.0,134.0,0.0,17.4,3.77,3.89
2010/11/25,142.0,146.0,141.5,145.5,517.0,74895.0,2.8269,0.5612,380.0,126.0,0.0,28.0,154.0,2545.0,49.0,55.0,0.0,135.0,1.0,17.9,3.88,3.78
2010/11/26,146.0,148.0,145.5,146.5,324.0,47621.0,0.6873,0.3517,263.0,55.0,0.0,6.0,61.0,2553.0,61.0,50.0,0.0,135.0,0.0,18.02,3.9,3.75
2010/11/29,147.0,149.0,145.5,146.5,271.0,39858.0,0.0,0.2942,158.0,-5.0,0.0,-2.0,-7.0,2618.0,98.0,33.0,1.0,134.0,0.0,18.02,3.9,3.75
2010/11/30,146.5,149.0,146.5,149.0,341.0,50519.0,1.7065,0.3702,253.0,14.0,0.0,2.0,16.0,2655.0,71.0,34.0,0.0,142.0,8.0,18.33,3.97,3.69
2010/12/01,149.0,152.0,149.0,151.0,371.0,56133.0,1.3423,0.4027,299.0,3.0,-1.0,-14.0,-12.0,2674.0,64.0,45.0,0.0,168.0,26.0,18.57,4.02,3.64
2010/12/02,151.5,152.5,150.0,151.0,271.0,41145.0,0.0,0.2942,196.0,-4.0,0.0,-4.0,-8.0,2627.0,13.0,45.0,0.0,173.0,5.0,18.57,4.02,3.64
2010/12/03,151.5,152.5,150.0,151.0,158.0,23947.0,0.0,0.1715,127.0,8.0,0.0,-9.0,-1.0,2613.0,9.0,23.0,0.0,174.0,1.0,18.57,4.02,3.64
2010/12/06,151.0,151.5,148.0,149.5,261.0,39185.0,-0.9934,0.2833,180.0,7.0,0.0,1.0,8.0,2636.0,50.0,27.0,5.0,169.0,0.0,18.39,3.98,3.68
2010/12/07,149.0,150.0,147.0,148.5,176.0,26191.0,-0.6689,0.1911,138.0,7.0,0.0,5.0,12.0,2637.0,17.0,16.0,0.0,168.0,0.0,18.27,3.96,3.7
2010/12/08,146.5,147.0,146.0,146.5,335.0,49154.0,-1.3468,0.3637,163.0,12.0,0.0,-1.0,11.0,2765.0,146.0,18.0,0.0,168.0,0.0,18.02,3.9,3.75
2010/12/09,146.5,149.5,146.5,149.5,404.0,59694.0,2.0478,0.4386,240.0,31.0,0.0,69.0,100.0,2832.0,90.0,23.0,0.0,168.0,0.0,18.39,3.98,3.68
2010/12/10,150.0,152.5,150.0,151.0,362.0,54696.0,1.0033,0.393,251.0,25.0,0.0,-3.0,22.0,2841.0,49.0,39.0,0.0,170.0,2.0,18.57,4.02,3.64
2010/12/13,152.5,153.5,150.0,151.5,221.0,33582.0,0.3311,0.2399,165.0,17.0,-1.0,-9.0,7.0,2822.0,18.0,37.0,0.0,180.0,10.0,18.63,4.04,3.63
2010/12/14,152.5,153.0,150.0,151.0,261.0,39608.0,-0.33,0.2833,179.0,5.0,90.0,-10.0,85.0,2784.0,16.0,54.0,0.0,180.0,0.0,18.57,4.02,3.64
2010/12/15,152.0,152.5,149.0,151.0,183.0,27600.0,0.0,0.1987,127.0,-9.0,0.0,1.0,-8.0,2780.0,20.0,24.0,0.0,180.0,0.0,18.57,4.02,3.64
2010/12/16,152.0,152.0,149.0,150.5,169.0,25528.0,-0.3311,0.1835,136.0,21.0,0.0,0.0,21.0,2779.0,13.0,14.0,2.0,178.0,0.0,18.51,4.01,3.65
2010/12/17,150.0,152.0,148.0,150.0,242.0,36232.0,-0.3322,0.2627,159.0,8.0,-7.0,6.0,7.0,2776.0,18.0,21.0,0.0,178.0,0.0,18.45,4.0,3.67
2010/12/20,150.0,150.5,148.5,149.5,87.0,13117.0,-0.3333,0.0944,83.0,7.0,0.0,-1.0,6.0,2767.0,8.0,17.0,0.0,178.0,0.0,18.39,3.98,3.68
2010/12/21,150.0,151.0,149.5,150.0,137.0,20674.0,0.3344,0.1487,121.0,2.0,38.0,11.0,51.0,2763.0,9.0,13.0,1.0,177.0,0.0,18.45,4.0,3.67
2010/12/22,150.5,151.0,148.5,150.0,176.0,26435.0,0.0,0.1911,153.0,3.0,-1.0,7.0,10.0,2775.0,17.0,5.0,0.0,177.0,0.0,18.45,4.0,3.67
2010/12/23,150.5,151.0,149.0,150.0,217.0,32518.0,0.0,0.2356,149.0,10.0,38.0,18.0,66.0,2733.0,8.0,42.0,0.0,177.0,0.0,18.45,4.0,3.67
2010/12/24,150.5,150.5,148.0,150.0,130.0,19471.0,0.0,0.1411,106.0,-2.0,0.0,1.0,-1.0,2708.0,14.0,37.0,0.0,177.0,0.0,18.45,4.0,3.67
2010/12/27,150.5,151.0,148.5,149.5,99.0,14930.0,-0.3333,0.1075,85.0,6.0,0.0,1.0,7.0,2708.0,7.0,7.0,0.0,177.0,0.0,18.39,3.98,3.68
2010/12/28,150.0,150.0,148.0,149.5,112.0,16788.0,0.0,0.1216,96.0,5.0,0.0,-10.0,-5.0,2700.0,3.0,11.0,0.0,177.0,0.0,18.39,3.98,3.68
2010/12/29,149.5,149.5,147.0,148.5,128.0,19044.0,-0.6689,0.1389,109.0,3.0,0.0,9.0,12.0,2674.0,10.0,36.0,0.0,177.0,0.0,18.27,3.96,3.7
2010/12/30,149.0,149.5,146.5,148.0,110.0,16314.0,-0.3367,0.1194,87.0,-10.0,0.0,0.0,-10.0,2684.0,19.0,9.0,0.0,177.0,0.0,18.2,3.94,3.72
2010/12/31,148.5,149.5,145.0,147.5,276.0,40613.0,-0.3378,0.2996,196.0,9.0,0.0,64.0,73.0,2633.0,14.0,64.0,0.0,177.0,0.0,18.14,3.93,3.73
2011/01/03,148.0,148.5,144.5,144.5,236.0,34629.0,-2.0339,0.2562,198.0,8.0,0.0,9.0,17.0,2592.0,9.0,50.0,0.0,177.0,0.0,17.77,3.85,3.81
2011/01/04,146.5,154.5,145.0,153.5,1024.0,155830.0,6.2284,1.1116,664.0,16.0,0.0,55.0,71.0,2709.0,253.0,136.0,0.0,225.0,48.0,18.88,4.09,3.58
2011/01/05,153.5,154.5,149.5,150.0,631.0,96173.0,-2.2801,0.685,393.0,-18.0,80.0,-25.0,37.0,2620.0,56.0,145.0,7.0,218.0,0.0,18.45,4.0,3.67
2011/01/06,152.0,155.0,151.0,152.5,622.0,95472.0,1.6667,0.6752,429.0,18.0,67.0,-1.0,84.0,2567.0,66.0,119.0,0.0,228.0,10.0,18.76,4.06,3.61
2011/01/07,154.5,155.5,152.0,153.5,651.0,100299.0,0.6557,0.7067,437.0,-2.0,0.0,22.0,20.0,2527.0,49.0,89.0,5.0,237.0,14.0,18.88,4.09,3.58
2011/01/10,153.5,155.5,152.5,154.0,440.0,67863.0,0.3257,0.4776,326.0,10.0,0.0,7.0,17.0,2477.0,31.0,80.0,0.0,237.0,0.0,18.94,4.1,3.57
2011/01/11,154.0,155.5,153.0,155.0,542.0,83767.0,0.6494,0.5884,352.0,-10.0,0.0,15.0,5.0,2471.0,33.0,37.0,0.0,252.0,15.0,19.07,4.13,3.55
2011/01/12,155.0,159.0,154.5,157.0,904.0,141954.0,1.2903,0.9813,506.0,11.0,0.0,106.0,117.0,2474.0,127.0,124.0,0.0,260.0,8.0,19.31,4.18,3.5
2011/01/13,158.0,159.0,156.0,157.0,462.0,72849.0,0.0,0.5015,300.0,-1.0,78.0,-17.0,60.0,2456.0,60.0,78.0,1.0,259.0,0.0,19.31,4.18,3.5
2011/01/14,157.0,157.5,154.5,156.0,318.0,49838.0,-0.6369,0.3452,224.0,4.0,0.0,-8.0,-4.0,2422.0,12.0,46.0,0.0,259.0,0.0,19.19,4.16,3.53
2011/01/17,156.5,157.5,153.0,154.0,444.0,68924.0,-1.2821,0.482,293.0,35.0,0.0,-28.0,7.0,2413.0,17.0,25.0,6.0,253.0,0.0,18.94,4.1,3.57
2011/01/18,154.0,156.0,152.0,156.0,420.0,65016.0,1.2987,0.4559,244.0,27.0,0.0,1.0,28.0,2401.0,13.0,25.0,3.0,251.0,1.0,19.19,4.16,3.53
2011/01/19,157.0,158.0,154.5,156.5,696.0,108716.0,0.3205,0.7555,425.0,40.0,0.0,26.0,66.0,2398.0,28.0,24.0,1.0,253.0,3.0,19.25,4.17,3.51
2011/01/20,156.5,156.5,152.5,153.5,275.0,42490.0,-1.9169,0.2985,202.0,-58.0,0.0,2.0,-56.0,2415.0,34.0,16.0,15.0,238.0,0.0,18.88,4.09,3.58
2011/01/21,154.0,154.0,149.0,150.5,361.0,54550.0,-1.9544,0.3919,215.0,-123.0,-115.0,0.0,-238.0,2416.0,26.0,25.0,5.0,233.0,0.0,18.51,4.01,3.65
2011/01/24,150.5,151.5,146.5,148.0,374.0,55722.0,-1.6611,0.406,282.0,-100.0,0.0,57.0,-43.0,2412.0,28.0,31.0,0.0,233.0,0.0,18.2,3.94,3.72
2011/01/25,148.5,150.0,148.0,149.0,172.0,25631.0,0.6757,0.1867,124.0,0.0,0.0,-9.0,-9.0,2404.0,11.0,19.0,0.0,233.0,0.0,18.33,3.97,3.69
2011/01/26,149.5,152.0,149.0,150.5,279.0,42142.0,1.0067,0.3029,171.0,-1.0,0.0,-1.0,-2.0,2415.0,20.0,9.0,0.0,233.0,0.0,18.51,4.01,3.65
2011/01/27,151.5,152.0,148.0,151.0,248.0,37307.0,0.3322,0.2692,150.0,-5.0,0.0,-1.0,-6.0,2416.0,17.0,16.0,0.0,233.0,0.0,18.57,4.02,3.64
2011/01/28,152.0,152.5,148.5,150.5,205.0,30748.0,-0.3311,0.2225,152.0,-1.0,0.0,-4.0,-5.0,2378.0,14.0,52.0,0.0,233.0,0.0,18.51,4.01,3.65
2011/02/08,151.0,151.5,149.0,151.0,255.0,38456.0,0.3322,0.2768,126.0,-7.0,0.0,0.0,-7.0,2355.0,110.0,133.0,0.0,233.0,0.0,18.57,4.02,3.64
2011/02/09,151.0,151.5,149.5,151.0,304.0,45857.0,0.0,0.33,227.0,112.0,0.0,-32.0,80.0,2282.0,1.0,74.0,0.0,233.0,0.0,18.57,4.02,3.64
2011/02/10,161.5,161.5,154.5,155.0,816.0,128191.0,2.649,0.8858,418.0,332.0,0.0,-32.0,300.0,2295.0,85.0,72.0,0.0,233.0,0.0,19.07,4.13,3.55
2011/02/11,155.0,156.5,149.5,151.5,285.0,43724.0,-2.2581,0.3094,217.0,-26.0,0.0,-46.0,-72.0,2309.0,62.0,48.0,0.0,233.0,0.0,18.63,4.04,3.63
2011/02/14,152.0,155.0,150.0,154.0,593.0,90908.0,1.6502,0.6437,307.0,239.0,0.0,0.0,239.0,2295.0,34.0,48.0,0.0,233.0,0.0,18.94,4.1,3.57
2011/02/15,154.5,155.5,153.0,154.5,335.0,51677.0,0.3247,0.3637,222.0,151.0,0.0,3.0,154.0,2238.0,10.0,67.0,0.0,234.0,1.0,19.0,4.12,3.56
2011/02/16,154.5,156.0,154.5,156.0,336.0,52147.0,0.9709,0.3647,211.0,-8.0,120.0,1.0,113.0,2233.0,38.0,43.0,0.0,234.0,0.0,19.19,4.16,3.53
2011/02/17,156.5,156.5,155.0,156.5,352.0,54984.0,0.3205,0.3821,235.0,-17.0,130.0,3.0,116.0,2226.0,18.0,25.0,0.0,236.0,2.0,19.25,4.17,3.51
2011/02/18,156.5,157.5,156.0,157.0,244.0,38343.0,0.3195,0.2649,177.0,4.0,0.0,1.0,5.0,2237.0,28.0,17.0,0.0,236.0,0.0,19.31,4.18,3.5
2011/02/21,157.0,157.5,152.5,154.0,352.0,54575.0,-1.9108,0.3821,271.0,-10.0,40.0,-4.0,26.0,2250.0,30.0,17.0,1.0,225.0,0.0,18.94,4.1,3.57
2011/02/22,154.0,154.0,151.0,153.5,312.0,47567.0,-0.3247,0.3387,207.0,98.0,0.0,0.0,98.0,2229.0,10.0,31.0,1.0,224.0,0.0,18.88,4.09,3.58
2011/02/23,153.0,154.0,152.0,152.5,428.0,65464.0,-0.6515,0.4646,219.0,256.0,1.0,-30.0,227.0,2212.0,14.0,31.0,0.0,224.0,0.0,18.76,4.06,3.61
2011/02/24,152.5,155.0,152.5,154.5,559.0,85843.0,1.3115,0.6068,260.0,258.0,-35.0,0.0,223.0,2211.0,19.0,20.0,1.0,223.0,0.0,19.0,4.12,3.56
2011/02/25,155.0,155.0,153.5,155.0,435.0,67103.0,0.3236,0.4722,229.0,230.0,0.0,0.0,230.0,2202.0,22.0,31.0,0.0,223.0,0.0,19.07,4.13,3.55
2011/03/01,155.5,157.0,155.0,157.0,558.0,87122.0,1.2903,0.6057,298.0,162.0,-50.0,18.0,130.0,2226.0,57.0,33.0,0.0,223.0,0.0,19.31,4.18,3.5
2011/03/02,157.0,157.5,154.5,157.5,408.0,63607.0,0.3185,0.4429,241.0,186.0,0.0,12.0,198.0,2194.0,10.0,42.0,0.0,223.0,0.0,19.37,4.2,3.49
2011/03/03,157.5,158.5,156.0,158.0,335.0,52680.0,0.3175,0.3637,236.0,0.0,0.0,23.0,23.0,2228.0,48.0,14.0,0.0,223.0,0.0,19.43,4.21,3.48
2011/03/04,158.0,159.0,155.5,156.0,295.0,46542.0,-1.2658,0.3202,191.0,25.0,0.0,-2.0,23.0,2223.0,22.0,27.0,0.0,223.0,0.0,19.19,4.16,3.53
2011/03/07,156.0,157.5,156.0,156.0,187.0,29373.0,0.0,0.203,142.0,14.0,0.0,-3.0,11.0,2205.0,9.0,24.0,0.0,224.0,1.0,19.19,4.16,3.53
2011/03/08,156.0,160.5,156.0,158.0,724.0,114882.0,1.2821,0.7859,421.0,2.0,0.0,44.0,46.0,2300.0,149.0,50.0,0.0,224.0,0.0,19.43,4.21,3.48
2011/03/09,159.0,160.0,156.0,157.5,422.0,66706.0,-0.3165,0.4581,305.0,-1.0,-8.0,-8.0,-17.0,2292.0,41.0,49.0,1.0,225.0,2.0,19.37,4.2,3.49
2011/03/10,158.0,158.5,156.0,157.5,361.0,56931.0,0.0,0.3919,239.0,97.0,0.0,-2.0,95.0,2242.0,8.0,58.0,0.0,225.0,0.0,19.37,4.2,3.49
2011/03/11,158.0,158.5,155.0,157.5,302.0,47436.0,0.0,0.3278,195.0,-10.0,0.0,1.0,-9.0,2248.0,39.0,31.0,0.0,225.0,0.0,19.37,4.2,3.49
2011/03/14,157.0,157.0,153.5,154.0,324.0,50309.0,-2.2222,0.3517,236.0,-43.0,0.0,-3.0,-46.0,2220.0,55.0,83.0,9.0,216.0,0.0,18.94,4.1,3.57
2011/03/15,154.0,155.0,143.5,149.5,583.0,86318.0,-2.9221,0.6329,415.0,-55.0,0.0,-9.0,-64.0,2202.0,67.0,85.0,20.0,196.0,0.0,18.39,3.98,3.68
2011/03/16,148.0,149.0,143.5,148.0,400.0,58242.0,-1.0033,0.4342,311.0,-7.0,0.0,1.0,-6.0,2226.0,63.0,39.0,8.0,188.0,0.0,18.2,3.94,3.72
2011/03/17,147.0,147.0,142.0,144.5,302.0,43432.0,-2.3649,0.3278,243.0,2.0,0.0,4.0,6.0,2220.0,39.0,25.0,1.0,185.0,0.0,17.77,3.85,3.81
2011/03/18,144.0,145.5,143.0,145.0,192.0,27744.0,0.346,0.2084,160.0,4.0,0.0,-3.0,1.0,2193.0,10.0,37.0,0.0,186.0,1.0,17.84,3.86,3.79
2011/03/21,145.5,147.0,145.0,146.5,225.0,32901.0,1.0345,0.2442,146.0,20.0,0.0,0.0,20.0,2167.0,15.0,40.0,1.0,187.0,2.0,18.02,3.9,3.75
2011/03/22,147.0,147.0,144.0,146.0,171.0,24901.0,-0.3413,0.1856,139.0,-54.0,-30.0,-1.0,-85.0,2197.0,40.0,5.0,0.0,187.0,0.0,17.96,3.89,3.77
2011/03/23,146.0,147.0,145.5,146.5,116.0,17026.0,0.3425,0.1259,93.0,2.0,0.0,1.0,3.0,2195.0,22.0,23.0,0.0,186.0,0.0,18.02,3.9,3.75
2011/03/24,147.0,147.5,145.5,146.5,116.0,17116.0,0.0,0.1259,90.0,5.0,0.0,-2.0,3.0,2183.0,13.0,25.0,0.0,185.0,0.0,18.02,3.9,3.75
2011/03/25,147.0,147.5,145.0,146.0,190.0,27794.0,-0.3413,0.2063,124.0,28.0,0.0,-1.0,27.0,2188.0,17.0,12.0,0.0,185.0,0.0,17.96,3.89,3.77
2011/03/28,145.0,146.0,143.5,143.5,161.0,23292.0,-1.7123,0.1748,130.0,38.0,0.0,-1.0,37.0,2136.0,23.0,74.0,0.0,185.0,0.0,17.65,3.82,3.83
2011/03/29,143.5,145.5,143.5,144.5,111.0,16063.0,0.6969,0.1205,81.0,19.0,0.0,-2.0,17.0,2141.0,16.0,11.0,0.0,185.0,0.0,17.77,3.85,3.81
2011/03/30,144.5,145.5,144.0,145.5,118.0,17123.0,0.692,0.1281,89.0,21.0,-1.0,0.0,20.0,2141.0,4.0,4.0,0.0,185.0,0.0,17.9,3.88,3.78
2011/03/31,145.5,146.5,144.0,146.0,135.0,19762.0,0.3436,0.1465,108.0,18.0,-21.0,0.0,-3.0,2131.0,5.0,15.0,0.0,185.0,0.0,17.96,3.89,3.77
2011/04/01,146.0,146.5,144.0,145.5,145.0,21028.0,-0.3425,0.1574,92.0,1.0,-50.0,1.0,-48.0,2128.0,6.0,7.0,0.0,185.0,0.0,17.9,3.75,3.78
2011/04/06,146.0,147.0,145.5,147.0,211.0,30994.0,1.0309,0.229,132.0,64.0,0.0,2.0,66.0,2153.0,81.0,56.0,0.0,187.0,2.0,19.22,3.79,3.74
2011/04/07,147.0,148.0,146.0,148.0,125.0,18388.0,0.6803,0.1357,102.0,2.0,0.0,0.0,2.0,2152.0,15.0,16.0,14.0,173.0,0.0,19.35,3.81,3.72
2011/04/08,148.0,149.5,146.0,148.0,183.0,27120.0,0.0,0.1987,153.0,7.0,-40.0,0.0,-33.0,2155.0,12.0,9.0,0.0,173.0,0.0,19.35,3.81,3.72
2011/04/11,148.5,153.0,148.5,152.0,444.0,66890.0,2.7027,0.482,329.0,173.0,0.0,9.0,182.0,2148.0,49.0,55.0,0.0,174.0,1.0,19.87,3.92,3.62
2011/04/12,152.0,153.0,151.0,153.0,248.0,37822.0,0.6579,0.2692,189.0,35.0,0.0,7.0,42.0,2126.0,4.0,26.0,0.0,174.0,0.0,20.0,3.94,3.59
2011/04/13,153.0,153.5,150.0,153.0,138.0,21058.0,0.0,0.1498,104.0,8.0,0.0,2.0,10.0,2128.0,10.0,8.0,0.0,174.0,0.0,20.0,3.94,3.59
2011/04/14,153.0,153.5,151.5,153.0,180.0,27672.0,0.0,0.1954,107.0,0.0,0.0,3.0,3.0,2126.0,17.0,18.0,0.0,174.0,0.0,20.0,3.94,3.59
2011/04/15,153.0,153.0,150.0,151.5,56.0,8624.0,-0.9804,0.0608,54.0,-1.0,0.0,-2.0,-3.0,2126.0,5.0,5.0,0.0,174.0,0.0,19.8,3.9,3.63
2011/04/18,149.5,152.0,149.5,151.0,135.0,20312.0,-0.33,0.1465,101.0,-7.0,0.0,0.0,-7.0,2099.0,3.0,30.0,6.0,168.0,0.0,19.74,3.89,3.64
2011/04/19,151.0,152.0,149.0,151.5,165.0,24989.0,0.3311,0.1791,128.0,30.0,0.0,1.0,31.0,2107.0,13.0,5.0,0.0,168.0,0.0,19.8,3.9,3.63
2011/04/20,152.0,152.5,151.0,151.5,144.0,21883.0,0.0,0.1563,97.0,-23.0,0.0,0.0,-23.0,2116.0,9.0,0.0,0.0,168.0,0.0,19.8,3.9,3.63
2011/04/21,152.0,152.0,150.0,150.5,226.0,34147.0,-0.6601,0.2453,157.0,-54.0,0.0,1.0,-53.0,2091.0,13.0,38.0,18.0,150.0,0.0,19.67,3.88,3.65
2011/04/22,151.0,155.5,151.0,154.5,420.0,64633.0,2.6578,0.4559,261.0,19.0,0.0,8.0,27.0,2065.0,11.0,36.0,122.0,0.0,0.0,20.2,3.98,3.56
2011/04/25,155.0,155.5,149.5,152.0,190.0,29054.0,-1.6181,0.2063,153.0,-61.0,0.0,6.0,-55.0,2049.0,0.0,16.0,0.0,0.0,0.0,19.87,3.92,3.62
2011/04/26,151.5,152.0,148.0,149.5,180.0,26945.0,-1.6447,0.1954,163.0,-65.0,0.0,-1.0,-66.0,2037.0,0.0,12.0,0.0,0.0,0.0,19.54,3.85,3.68
2011/04/27,150.0,151.5,149.0,150.0,131.0,19727.0,0.3344,0.1422,114.0,3.0,10.0,-8.0,5.0,2029.0,0.0,8.0,0.0,0.0,0.0,19.61,3.87,3.67
2011/04/28,150.0,150.5,148.0,149.0,137.0,20470.0,-0.6667,0.1487,124.0,-34.0,0.0,-4.0,-38.0,2039.0,17.0,7.0,0.0,0.0,0.0,19.48,3.84,3.69
2011/04/29,149.0,149.5,146.5,148.0,112.0,16649.0,-0.6711,0.1216,100.0,-33.0,0.0,-2.0,-35.0,2026.0,7.0,20.0,0.0,2.0,2.0,19.35,3.63,3.72
2011/05/03,148.5,149.5,146.0,147.0,229.0,33791.0,-0.6757,0.2486,103.0,-75.0,0.0,-1.0,-76.0,2007.0,1.0,16.0,0.0,5.0,3.0,20.22,3.6,3.74
2011/05/04,147.0,147.5,145.5,146.0,150.0,22023.0,-0.6803,0.1628,98.0,-49.0,0.0,-2.0,-51.0,2036.0,39.0,9.0,0.0,27.0,22.0,20.08,3.58,3.77
2011/05/05,146.0,146.0,144.5,145.0,349.0,50699.0,-0.6849,0.3789,212.0,-154.0,0.0,-3.0,-157.0,2158.0,146.0,22.0,2.0,25.0,0.0,19.94,3.55,3.79
2011/05/06,144.5,145.5,143.0,144.0,250.0,36038.0,-0.6897,0.2714,161.0,-67.0,0.0,-8.0,-75.0,2174.0,37.0,20.0,0.0,27.0,2.0,19.81,3.53,3.82
2011/05/09,144.0,144.5,138.5,141.5,430.0,60905.0,-1.7361,0.4668,363.0,-151.0,-100.0,-61.0,-312.0,2210.0,45.0,9.0,0.0,32.0,5.0,19.46,3.47,3.89
2011/05/10,141.5,141.5,137.0,139.0,530.0,73498.0,-1.7668,0.5753,347.0,-128.0,-150.0,-2.0,-280.0,2230.0,51.0,31.0,0.0,42.0,10.0,19.12,3.41,3.96
2011/05/11,139.0,139.5,133.5,134.5,415.0,56574.0,-3.2374,0.4505,298.0,-97.0,0.0,-90.0,-187.0,2257.0,56.0,27.0,0.0,42.0,0.0,18.5,3.3,4.09
2011/05/12,133.0,136.0,133.0,134.5,350.0,47022.0,0.0,0.3799,281.0,-119.0,0.0,-10.0,-129.0,2285.0,37.0,9.0,0.0,43.0,1.0,18.5,3.3,4.09
2011/05/13,134.5,138.0,134.5,135.5,597.0,80877.0,0.7435,0.6481,444.0,-226.0,0.0,-9.0,-235.0,2331.0,70.0,16.0,0.0,44.0,1.0,18.64,3.32,4.06
2011/05/16,136.5,137.0,131.5,131.5,524.0,70395.0,-2.952,0.5688,384.0,-158.0,-110.0,0.0,-268.0,2462.0,158.0,27.0,1.0,43.0,0.0,18.09,3.22,4.18
2011/05/17,133.0,135.0,131.5,133.5,317.0,42140.0,1.5209,0.3441,262.0,14.0,-30.0,-2.0,-18.0,2473.0,31.0,20.0,1.0,43.0,1.0,18.36,3.27,4.12
2011/05/18,134.5,136.0,133.5,134.5,314.0,42188.0,0.7491,0.3409,269.0,-68.0,0.0,-1.0,-69.0,2472.0,10.0,11.0,0.0,50.0,7.0,18.5,3.3,4.09
2011/05/19,134.5,135.0,128.0,129.5,381.0,49979.0,-3.7175,0.4136,314.0,-92.0,-66.0,-1.0,-159.0,2488.0,57.0,41.0,4.0,46.0,0.0,17.81,3.17,4.25
2011/05/20,129.5,130.0,120.5,128.0,593.0,73986.0,-1.1583,0.6437,456.0,-157.0,-20.0,-3.0,-180.0,2515.0,140.0,107.0,2.0,44.0,0.0,17.61,3.14,4.3
2011/05/23,127.0,127.0,122.0,124.0,176.0,21965.0,-3.125,0.1911,148.0,-21.0,0.0,-4.0,-25.0,2523.0,36.0,26.0,10.0,34.0,0.0,17.06,3.04,4.44
2011/05/24,124.0,127.5,123.0,126.0,245.0,30806.0,1.6129,0.266,184.0,7.0,0.0,-5.0,2.0,2513.0,53.0,63.0,0.0,37.0,3.0,17.33,3.09,4.37
2011/05/25,127.0,129.0,124.5,129.0,142.0,18022.0,2.381,0.1541,120.0,-4.0,0.0,-3.0,-7.0,2507.0,32.0,37.0,1.0,40.0,4.0,17.74,3.16,4.26
2011/05/26,129.5,131.0,125.0,127.5,308.0,39243.0,-1.1628,0.3343,277.0,-69.0,-100.0,-2.0,-171.0,2529.0,42.0,20.0,3.0,38.0,1.0,17.54,3.12,4.31
2011/05/27,127.5,128.0,125.0,125.0,137.0,17395.0,-1.9608,0.1487,107.0,0.0,0.0,-1.0,-1.0,2525.0,8.0,12.0,0.0,39.0,1.0,17.19,3.06,4.4
2011/05/30,125.0,126.5,124.0,126.0,175.0,21985.0,0.8,0.19,144.0,9.0,0.0,-2.0,7.0,2531.0,15.0,8.0,1.0,38.0,1.0,17.33,3.09,4.37
2011/05/31,126.5,127.5,124.0,126.0,403.0,50464.0,0.0,0.4375,309.0,-10.0,-100.0,1.0,-109.0,2592.0,66.0,5.0,4.0,34.0,0.0,17.33,3.09,4.37
2011/06/01,126.0,131.0,126.0,128.5,477.0,61510.0,1.9841,0.5178,354.0,23.0,0.0,26.0,49.0,2563.0,82.0,81.0,0.0,41.0,7.0,17.68,3.15,4.28
2011/06/02,128.0,133.5,127.5,131.0,796.0,104557.0,1.9455,0.8641,420.0,-41.0,0.0,54.0,13.0,2852.0,360.0,70.0,0.0,44.0,3.0,18.02,3.21,4.2
2011/06/03,131.5,132.5,128.5,129.5,309.0,40224.0,-1.145,0.3354,247.0,-94.0,-50.0,-2.0,-146.0,2856.0,55.0,51.0,3.0,43.0,2.0,17.81,3.17,4.25
2011/06/07,129.5,131.0,128.0,131.0,340.0,44248.0,1.1583,0.3691,263.0,18.0,-139.0,-2.0,-123.0,2872.0,58.0,40.0,1.0,45.0,3.0,18.02,3.21,4.2
2011/06/08,131.5,138.5,131.5,137.0,1017.0,137591.0,4.5802,1.104,730.0,-24.0,-50.0,211.0,137.0,2950.0,260.0,181.0,2.0,53.0,10.0,18.84,3.36,4.01
2011/06/09,138.0,138.5,134.5,135.0,464.0,63191.0,-1.4599,0.5037,316.0,-1.0,-100.0,-11.0,-112.0,2967.0,167.0,149.0,7.0,46.0,0.0,18.57,3.31,4.07
2011/06/10,136.5,137.0,132.5,134.0,316.0,42590.0,-0.7407,0.343,260.0,-26.0,0.0,-4.0,-30.0,2950.0,57.0,74.0,0.0,49.0,3.0,18.43,3.28,4.1
2011/06/13,134.0,137.5,133.5,134.5,604.0,81679.0,0.3731,0.6557,419.0,-29.0,0.0,-32.0,-61.0,2987.0,165.0,128.0,1.0,51.0,3.0,18.5,3.3,4.09
2011/06/14,137.0,137.0,132.0,134.0,425.0,57057.0,-0.3717,0.4614,299.0,6.0,-90.0,-14.0,-98.0,2999.0,91.0,79.0,2.0,51.0,2.0,18.43,3.28,4.1
2011/06/15,135.0,135.5,130.0,131.0,600.0,79512.0,-2.2388,0.6513,484.0,63.0,-103.0,2.0,-38.0,2997.0,77.0,79.0,1.0,50.0,0.0,18.02,3.21,4.2
2011/06/16,130.5,133.5,129.0,129.5,575.0,75302.0,-1.145,0.6242,424.0,-29.0,0.0,-7.0,-36.0,2981.0,93.0,109.0,0.0,53.0,3.0,17.81,3.17,4.25
2011/06/17,131.0,132.0,127.0,129.5,584.0,75598.0,0.0,0.634,419.0,-31.0,0.0,4.0,-27.0,3069.0,163.0,75.0,4.0,49.0,0.0,17.81,3.17,4.25
2011/06/20,131.0,131.5,123.0,123.5,569.0,72021.0,-4.6332,0.6177,437.0,-2.0,-188.0,-8.0,-198.0,3010.0,77.0,127.0,5.0,45.0,1.0,16.99,3.03,4.45
2011/06/21,125.5,126.5,116.0,120.0,545.0,66175.0,-2.834,0.5916,448.0,13.0,-198.0,-5.0,-190.0,2954.0,71.0,117.0,5.0,40.0,0.0,16.51,2.94,4.58
2011/06/22,121.5,122.5,118.5,119.5,431.0,51921.0,-0.4167,0.4679,350.0,26.0,-129.0,-54.0,-157.0,2993.0,65.0,26.0,1.0,41.0,2.0,16.44,2.93,4.6
2011/06/23,119.5,121.0,118.0,118.0,369.0,44167.0,-1.2552,0.4006,261.0,11.0,-106.0,-25.0,-120.0,3019.0,63.0,33.0,1.0,43.0,3.0,16.23,2.89,4.66
2011/06/24,118.0,122.0,118.0,121.0,577.0,69225.0,2.5424,0.6264,423.0,93.0,0.0,-11.0,82.0,3021.0,71.0,67.0,1.0,59.0,17.0,16.64,2.96,4.55
2011/06/27,121.5,123.0,119.5,120.0,587.0,71283.0,-0.8264,0.6372,468.0,29.0,-100.0,4.0,-67.0,3026.0,85.0,80.0,11.0,48.0,0.0,16.51,2.94,4.58
2011/06/28,121.5,123.0,120.0,120.5,497.0,60156.0,0.4167,0.5395,403.0,13.0,0.0,-5.0,8.0,3023.0,32.0,34.0,1.0,50.0,3.0,16.57,2.95,4.56
2011/06/29,121.0,123.0,121.0,122.0,474.0,57740.0,1.2448,0.5145,334.0,33.0,1.0,8.0,42.0,3044.0,94.0,71.0,4.0,46.0,0.0,16.78,2.99,4.51
2011/06/30,122.0,123.0,121.0,121.5,456.0,55618.0,-0.4098,0.495,273.0,-43.0,0.0,-9.0,-52.0,3051.0,52.0,45.0,0.0,50.0,4.0,16.71,2.98,4.53
2011/07/01,122.5,123.5,121.5,121.5,677.0,82949.0,0.0,0.7349,356.0,-91.0,0.0,-101.0,-192.0,3119.0,111.0,37.0,4.0,47.0,1.0,16.71,2.98,4.53
2011/07/04,122.5,123.0,121.5,122.0,315.0,38549.0,0.4115,0.3419,195.0,23.0,0.0,-2.0,21.0,3016.0,11.0,84.0,2.0,46.0,1.0,16.78,2.99,4.51
2011/07/05,122.0,127.5,122.0,127.5,687.0,85748.0,4.5082,0.7458,460.0,-99.0,0.0,16.0,-83.0,3082.0,164.0,98.0,1.0,49.0,4.0,17.54,3.12,4.31
2011/07/06,129.5,134.0,129.5,134.0,1630.0,216439.0,5.098,1.7694,992.0,-52.0,-1.0,5.0,-48.0,3331.0,456.0,206.0,2.0,51.0,4.0,18.43,3.28,4.1
2011/07/07,135.5,136.0,133.5,135.5,835.0,112617.0,1.1194,0.9064,518.0,11.0,0.0,113.0,124.0,3247.0,98.0,180.0,0.0,53.0,2.0,18.64,3.32,4.06
2011/07/08,135.5,136.0,131.0,132.0,563.0,75056.0,-2.583,0.6112,363.0,-94.0,111.0,54.0,71.0,3144.0,70.0,173.0,4.0,47.0,0.0,18.16,3.23,4.17
2011/07/11,132.0,134.5,131.0,132.5,589.0,78230.0,0.3788,0.6394,368.0,-121.0,0.0,36.0,-85.0,3216.0,230.0,156.0,1.0,46.0,0.0,18.23,3.25,4.15
2011/07/12,132.0,132.5,127.0,128.5,375.0,48640.0,-3.0189,0.4071,293.0,52.0,0.0,0.0,52.0,3080.0,68.0,92.0,2.0,44.0,0.0,17.68,3.15,4.28
2011/07/13,128.5,131.5,128.0,131.5,410.0,53245.0,2.3346,0.4451,302.0,96.0,0.0,-1.0,95.0,3065.0,92.0,74.0,1.0,47.0,4.0,18.09,3.22,4.18
2011/07/14,131.5,132.0,128.5,129.0,300.0,39290.0,-1.9011,0.3257,209.0,2.0,61.0,0.0,63.0,3025.0,42.0,82.0,1.0,46.0,0.0,17.74,3.16,4.26
2011/07/15,129.0,131.0,129.0,130.5,272.0,35316.0,1.1628,0.2953,177.0,18.0,0.0,1.0,19.0,3044.0,35.0,15.0,0.0,50.0,4.0,17.95,3.2,4.21
2011/07/18,130.0,130.0,126.0,127.0,339.0,43371.0,-2.682,0.368,229.0,11.0,0.0,-1.0,10.0,3080.0,108.0,71.0,9.0,41.0,0.0,17.47,3.11,4.33
2011/07/19,125.0,127.0,124.0,126.0,289.0,36184.0,-0.7874,0.3137,210.0,25.0,0.0,-2.0,23.0,3057.0,44.0,67.0,12.0,29.0,0.0,17.33,3.09,4.37
2011/07/20,127.5,130.0,127.0,130.0,416.0,53609.0,3.1746,0.4516,270.0,39.0,0.0,37.0,76.0,3062.0,72.0,67.0,28.0,1.0,0.0,17.88,3.19,4.23
2011/07/21,130.5,131.5,128.5,129.0,234.0,30376.0,-0.7692,0.254,171.0,8.0,0.0,11.0,19.0,2981.0,0.0,68.0,0.0,0.0,0.0,17.74,3.16,4.26
2011/07/22,130.0,133.0,129.5,133.0,679.0,89557.0,3.1008,0.7371,417.0,43.0,0.0,51.0,94.0,2812.0,0.0,167.0,0.0,0.0,0.0,18.29,3.26,4.14
2011/07/25,134.0,134.0,129.0,132.0,634.0,83020.0,-0.7519,0.6882,386.0,-43.0,0.0,116.0,73.0,2584.0,0.0,228.0,0.0,0.0,0.0,18.16,3.23,4.17
2011/07/26,126.5,127.5,124.0,126.5,596.0,75209.0,0.0,0.647,405.0,-42.0,0.0,-49.0,-91.0,2659.0,115.0,32.0,0.0,28.0,28.0,17.4,3.1,4.35
2011/07/27,126.0,127.5,125.5,125.5,222.0,28108.0,-0.7905,0.241,163.0,-3.0,0.0,-12.0,-15.0,2664.0,28.0,22.0,0.0,28.0,0.0,17.26,3.08,4.38
2011/07/28,125.0,127.0,125.0,126.0,297.0,37545.0,0.3984,0.3224,203.0,-6.0,0.0,-37.0,-43.0,2646.0,16.0,24.0,0.0,28.0,0.0,17.33,3.09,4.37
2011/07/29,126.0,127.0,121.5,122.5,302.0,37384.0,-2.7778,0.3278,229.0,9.0,0.0,-44.0,-35.0,2629.0,30.0,46.0,0.0,28.0,0.0,16.85,3.0,4.49
2011/08/01,124.0,131.0,124.0,131.0,1395.0,179503.0,6.9388,1.5143,693.0,26.0,0.0,-212.0,-186.0,3119.0,588.0,97.0,0.0,44.0,16.0,18.02,3.21,4.2
2011/08/02,131.0,138.0,130.0,135.0,1725.0,232614.0,3.0534,1.8726,1087.0,-24.0,0.0,310.0,286.0,2970.0,262.0,411.0,2.0,52.0,10.0,18.57,3.31,4.07
2011/08/03,135.0,137.0,132.5,136.0,856.0,115780.0,0.7407,0.9292,581.0,-10.0,0.0,27.0,17.0,3090.0,257.0,137.0,0.0,57.0,5.0,18.71,3.33,4.04
2011/08/04,137.0,138.0,133.0,135.5,613.0,83063.0,-0.3676,0.6654,427.0,24.0,1.0,-9.0,16.0,3040.0,87.0,137.0,6.0,51.0,0.0,18.64,3.32,4.06
2011/08/05,126.5,132.0,126.5,126.5,860.0,110063.0,-6.6421,0.9336,543.0,31.0,0.0,-73.0,-42.0,2938.0,131.0,231.0,8.0,43.0,0.0,17.4,3.1,4.35
2011/08/08,128.0,129.0,118.0,118.0,608.0,74514.0,-6.7194,0.66,427.0,-20.0,1.0,32.0,13.0,2912.0,106.0,131.0,4.0,41.0,2.0,16.23,2.89,4.66
2011/08/09,110.0,121.0,110.0,121.0,722.0,81422.0,2.5424,0.7838,479.0,-14.0,1.0,-7.0,-20.0,2705.0,56.0,262.0,12.0,37.0,8.0,16.64,2.96,4.55
2011/08/10,124.0,128.5,116.0,120.0,1136.0,138826.0,-0.8264,1.2332,899.0,-25.0,1.0,-29.0,-53.0,2855.0,227.0,77.0,1.0,53.0,17.0,16.51,2.94,4.58
2011/08/11,117.5,120.0,115.0,118.0,478.0,56085.0,-1.6667,0.5189,366.0,-12.0,1.0,-28.0,-39.0,2825.0,71.0,101.0,8.0,45.0,0.0,16.23,2.89,4.66
2011/08/12,120.0,121.5,117.5,118.0,331.0,39613.0,0.0,0.3593,232.0,-22.0,0.0,-36.0,-58.0,2826.0,65.0,64.0,5.0,44.0,4.0,16.23,2.89,4.66
2011/08/15,119.5,120.5,119.0,120.0,262.0,31401.0,1.6949,0.2844,195.0,16.0,0.0,-25.0,-9.0,2808.0,7.0,23.0,5.0,40.0,3.0,16.51,2.94,4.58
2011/08/16,121.0,122.5,120.0,120.0,290.0,35061.0,0.0,0.3148,197.0,-18.0,6.0,-25.0,-37.0,2809.0,45.0,44.0,1.0,41.0,2.0,16.51,2.94,4.58
2011/08/17,119.5,121.0,118.0,118.5,229.0,27305.0,-1.25,0.2486,180.0,-19.0,0.0,-6.0,-25.0,2806.0,19.0,22.0,0.0,41.0,0.0,16.3,2.9,4.64
2011/08/18,118.5,118.5,113.5,114.0,340.0,39342.0,-3.7975,0.3691,273.0,-12.0,0.0,-16.0,-28.0,2777.0,38.0,52.0,3.0,38.0,0.0,15.68,2.79,4.82
2011/08/19,110.0,110.5,106.5,106.5,488.0,52304.0,-6.5789,0.5297,339.0,-175.0,0.0,-28.0,-203.0,2792.0,54.0,33.0,3.0,34.0,0.0,14.65,2.61,5.16
2011/08/22,104.0,104.0,99.1,99.2,681.0,68070.0,-6.8545,0.7393,442.0,20.0,0.0,-196.0,-176.0,2711.0,63.0,134.0,3.0,31.0,0.0,13.65,2.43,5.54
2011/08/23,99.2,99.8,92.3,98.8,1166.0,110382.0,-0.4032,1.2657,736.0,57.0,0.0,-362.0,-305.0,2745.0,172.0,136.0,7.0,29.0,5.0,13.59,2.42,5.57
2011/08/24,98.8,103.0,96.0,101.0,631.0,62864.0,2.2267,0.685,470.0,63.0,0.0,-95.0,-32.0,2690.0,77.0,131.0,3.0,29.0,3.0,13.89,2.47,5.45
2011/08/25,103.0,104.0,99.0,99.5,462.0,46626.0,-1.4851,0.5015,282.0,-4.0,0.0,-166.0,-170.0,2696.0,65.0,59.0,0.0,30.0,1.0,13.69,2.44,5.53
2011/08/26,99.8,101.0,98.0,100.5,411.0,41069.0,1.005,0.4462,264.0,30.0,-59.0,-139.0,-168.0,2682.0,55.0,68.0,5.0,25.0,0.0,13.82,2.46,5.47
2011/08/29,100.5,103.0,100.0,101.0,368.0,37354.0,0.4975,0.3995,229.0,43.0,1.0,-173.0,-129.0,2710.0,51.0,23.0,1.0,25.0,1.0,13.89,2.47,5.45
2011/08/30,103.0,103.5,100.5,103.0,659.0,67088.0,1.9802,0.7154,411.0,57.0,0.0,-261.0,-204.0,2827.0,131.0,13.0,2.0,34.0,11.0,14.17,2.52,5.34
2011/08/31,102.0,105.0,101.5,104.0,458.0,47193.0,0.9709,0.4972,334.0,-19.0,-59.0,-1.0,-79.0,2826.0,77.0,78.0,4.0,31.0,1.0,14.31,2.87,5.29
2011/09/01,105.5,106.5,103.5,104.5,403.0,42443.0,0.4808,0.4375,297.0,-5.0,0.0,-15.0,-20.0,2819.0,62.0,67.0,1.0,31.0,1.0,17.24,2.88,5.26
2011/09/02,105.5,106.0,102.5,105.0,331.0,34440.0,0.4785,0.3593,244.0,-1.0,-1.0,-3.0,-5.0,2818.0,49.0,49.0,0.0,35.0,4.0,17.33,2.9,5.24
2011/09/05,105.0,105.5,101.5,103.5,212.0,21965.0,-1.4286,0.2301,167.0,-54.0,0.0,2.0,-52.0,2835.0,30.0,12.0,0.0,35.0,0.0,17.08,2.86,5.31
2011/09/06,102.5,102.5,97.1,98.0,260.0,25872.0,-5.314,0.2822,203.0,-43.0,0.0,-30.0,-73.0,2822.0,32.0,45.0,5.0,30.0,0.0,16.17,2.7,5.61
2011/09/07,99.0,102.5,99.0,102.5,216.0,21723.0,4.5918,0.2345,165.0,30.0,1.0,0.0,31.0,2773.0,5.0,54.0,10.0,27.0,7.0,16.91,2.83,5.37
2011/09/08,104.0,104.5,100.5,102.0,201.0,20633.0,-0.4878,0.2182,160.0,-11.0,0.0,0.0,-11.0,2749.0,19.0,22.0,0.0,29.0,2.0,16.83,2.81,5.39
2011/09/09,102.0,103.5,100.5,101.5,247.0,25134.0,-0.4902,0.2681,166.0,29.0,0.0,0.0,29.0,2687.0,21.0,83.0,1.0,30.0,2.0,16.75,2.8,5.42
2011/09/13,99.8,100.5,98.5,99.5,235.0,23381.0,-1.9704,0.2551,147.0,-23.0,0.0,1.0,-22.0,2670.0,98.0,98.0,2.0,28.0,0.0,16.42,2.75,5.53
2011/09/14,99.7,101.0,98.0,99.0,221.0,21986.0,-0.5025,0.2399,162.0,-12.0,0.0,-4.0,-16.0,2663.0,13.0,20.0,1.0,36.0,9.0,16.34,2.73,5.56
2011/09/15,100.0,101.0,100.0,100.5,188.0,18892.0,1.5152,0.2041,117.0,40.0,-5.0,-1.0,34.0,2693.0,46.0,13.0,6.0,29.0,0.0,16.58,2.77,5.47
2011/09/16,101.5,102.0,100.5,102.0,285.0,28947.0,1.4925,0.3094,154.0,32.0,0.0,1.0,33.0,2784.0,109.0,15.0,2.0,29.0,2.0,16.83,2.81,5.39
2011/09/19,102.5,103.0,100.5,101.5,140.0,14265.0,-0.4902,0.152,113.0,7.0,0.0,-1.0,6.0,2771.0,8.0,21.0,2.0,27.0,0.0,16.75,2.8,5.42
2011/09/20,101.5,102.0,99.0,101.5,181.0,18202.0,0.0,0.1965,138.0,0.0,0.0,2.0,2.0,2786.0,21.0,6.0,2.0,25.0,0.0,16.75,2.8,5.42
2011/09/21,102.0,108.5,101.5,108.5,1327.0,141667.0,6.8966,1.4405,588.0,-7.0,0.0,21.0,14.0,3368.0,648.0,57.0,1.0,34.0,10.0,17.9,2.99,5.07
2011/09/22,108.0,111.5,104.0,107.0,1617.0,175621.0,-1.3825,1.7553,787.0,-113.0,0.0,11.0,-102.0,3210.0,395.0,550.0,8.0,28.0,2.0,17.66,2.95,5.14
2011/09/23,103.5,104.5,100.0,101.0,580.0,59289.0,-5.6075,0.6296,443.0,29.0,1.0,-4.0,26.0,3045.0,79.0,244.0,7.0,21.0,0.0,16.67,2.79,5.45
2011/09/26,101.5,102.5,98.0,98.0,402.0,40160.0,-2.9703,0.4364,309.0,-13.0,0.0,-6.0,-19.0,2928.0,39.0,155.0,5.0,16.0,0.0,16.17,2.7,5.61
2011/09/27,100.0,102.0,99.7,100.0,509.0,51312.0,2.0408,0.5525,284.0,23.0,0.0,0.0,23.0,3033.0,175.0,70.0,0.0,20.0,4.0,16.5,2.76,5.5
2011/09/28,101.0,102.0,100.5,101.5,246.0,24951.0,1.5,0.267,177.0,13.0,0.0,1.0,14.0,3036.0,24.0,21.0,2.0,20.0,2.0,16.75,2.8,5.42
2011/09/29,101.0,103.0,100.0,102.5,295.0,30016.0,0.9852,0.3202,190.0,22.0,0.0,-4.0,18.0,3057.0,50.0,29.0,1.0,20.0,1.0,16.91,2.83,5.37
2011/09/30,102.5,109.0,102.5,107.5,891.0,94613.0,4.878,0.9672,622.0,-6.0,0.0,79.0,73.0,3119.0,133.0,69.0,0.0,30.0,10.0,17.74,2.97,5.12
2011/10/03,105.5,108.5,104.0,104.5,506.0,53783.0,-2.7907,0.5493,365.0,-28.0,0.0,7.0,-21.0,3097.0,149.0,171.0,3.0,27.0,0.0,17.24,2.88,5.26
2011/10/04,103.0,107.0,102.5,107.0,458.0,48331.0,2.3923,0.4972,318.0,4.0,0.0,6.0,10.0,3087.0,48.0,58.0,2.0,29.0,4.0,17.66,2.95,5.14
2011/10/05,107.0,109.0,106.5,107.0,474.0,51096.0,0.0,0.5145,314.0,102.0,0.0,-9.0,93.0,3051.0,39.0,74.0,1.0,32.0,4.0,17.66,2.95,5.14
2011/10/06,108.0,109.5,106.0,107.0,965.0,104371.0,0.0,1.0475,527.0,-2.0,0.0,8.0,6.0,2899.0,211.0,363.0,4.0,34.0,6.0,17.66,2.95,5.14
2011/10/07,108.0,108.5,104.5,106.0,325.0,34767.0,-0.9346,0.3528,254.0,0.0,0.0,6.0,6.0,2858.0,32.0,70.0,9.0,24.0,0.0,17.49,2.92,5.19
2011/10/11,107.0,107.5,105.5,106.5,355.0,37914.0,0.4717,0.3854,250.0,12.0,0.0,-3.0,9.0,2791.0,68.0,125.0,0.0,29.0,7.0,17.57,2.94,5.16
2011/10/12,107.5,107.5,105.0,105.0,138.0,14658.0,-1.4085,0.1498,109.0,8.0,0.0,-6.0,2.0,2756.0,27.0,62.0,8.0,21.0,0.0,17.33,2.9,5.24
2011/10/13,106.0,108.5,106.0,106.5,438.0,46960.0,1.4286,0.4755,322.0,64.0,0.0,-9.0,55.0,2787.0,106.0,74.0,0.0,25.0,4.0,17.57,2.94,5.16
2011/10/14,106.5,108.0,106.0,106.5,319.0,34120.0,0.0,0.3463,223.0,10.0,0.0,-14.0,-4.0,2799.0,53.0,41.0,1.0,24.0,0.0,17.57,2.94,5.16
2011/10/17,107.5,110.5,107.5,110.0,745.0,81353.0,3.2864,0.8087,505.0,32.0,0.0,2.0,34.0,2795.0,91.0,95.0,2.0,27.0,5.0,18.15,3.04,5.0
2011/10/18,109.0,111.0,108.0,110.5,381.0,41853.0,0.4545,0.4136,273.0,-5.0,4.0,12.0,11.0,2771.0,59.0,83.0,2.0,27.0,2.0,18.23,3.05,4.98
2011/10/19,111.5,114.0,111.0,112.5,626.0,70645.0,1.81,0.6795,435.0,-20.0,0.0,9.0,-11.0,2778.0,110.0,98.0,1.0,35.0,9.0,18.56,3.1,4.89
2011/10/20,112.5,113.5,110.5,112.5,392.0,43893.0,0.0,0.4255,275.0,-14.0,0.0,5.0,-9.0,2831.0,96.0,42.0,6.0,32.0,3.0,18.56,3.1,4.89
2011/10/21,113.5,116.5,111.5,116.0,635.0,72829.0,3.1111,0.6893,463.0,6.0,0.0,-3.0,3.0,2828.0,165.0,138.0,0.0,42.0,10.0,19.14,3.2,4.74
2011/10/24,118.5,120.5,117.0,119.0,886.0,105221.0,2.5862,0.9618,541.0,29.0,0.0,-1.0,28.0,2699.0,98.0,227.0,2.0,49.0,9.0,19.64,3.28,4.62
2011/10/25,120.5,120.5,118.5,119.0,385.0,45931.0,0.0,0.4179,258.0,-16.0,0.0,-8.0,-24.0,2634.0,57.0,122.0,6.0,47.0,4.0,19.64,3.28,4.62
2011/10/26,117.5,123.0,117.5,118.0,649.0,77735.0,-0.8403,0.7045,449.0,-15.0,0.0,112.0,97.0,2668.0,128.0,93.0,6.0,41.0,0.0,19.47,3.26,4.66
2011/10/27,118.0,123.0,118.0,121.5,672.0,80936.0,2.9661,0.7295,425.0,111.0,1.0,22.0,134.0,2611.0,34.0,90.0,1.0,46.0,6.0,20.05,3.35,4.53
2011/10/28,125.0,130.0,124.5,128.0,1129.0,143476.0,5.3498,1.2256,621.0,470.0,0.0,13.0,483.0,2515.0,94.0,189.0,0.0,84.0,38.0,21.12,3.53,4.3
2011/10/31,130.0,132.5,128.5,130.0,966.0,125977.0,1.5625,1.0486,611.0,174.0,0.0,39.0,213.0,2333.0,87.0,267.0,1.0,112.0,29.0,21.45,3.23,4.23
2011/11/01,130.0,132.0,130.0,131.5,581.0,76085.0,1.1538,0.6307,374.0,163.0,-1.0,-28.0,134.0,2301.0,89.0,115.0,7.0,129.0,25.0,16.0,3.27,4.18
2011/11/02,130.0,133.5,129.0,132.0,567.0,74518.0,0.3802,0.6155,384.0,156.0,0.0,-24.0,132.0,2290.0,80.0,87.0,9.0,127.0,7.0,16.06,3.28,4.17
2011/11/03,133.0,134.0,130.5,131.0,463.0,61238.0,-0.7576,0.5026,323.0,27.0,0.0,-6.0,21.0,2246.0,41.0,84.0,3.0,137.0,13.0,15.94,3.25,4.2
2011/11/04,133.0,134.0,131.0,132.5,535.0,70686.0,1.145,0.5808,310.0,155.0,0.0,18.0,173.0,2239.0,49.0,54.0,3.0,151.0,17.0,16.12,3.29,4.15
2011/11/07,133.0,141.5,133.0,141.5,1370.0,191279.0,6.7925,1.4872,747.0,42.0,0.0,240.0,282.0,2435.0,395.0,199.0,14.0,194.0,57.0,17.21,3.52,3.89
2011/11/08,142.5,143.5,139.0,140.5,713.0,100743.0,-0.7067,0.774,538.0,75.0,1.0,-3.0,73.0,2343.0,182.0,273.0,12.0,195.0,14.0,17.09,3.49,3.91
2011/11/09,141.5,142.0,139.0,141.5,534.0,75135.0,0.7117,0.5797,387.0,194.0,0.0,4.0,198.0,2300.0,65.0,108.0,6.0,218.0,29.0,17.21,3.52,3.89
2011/11/10,139.0,139.5,132.5,136.0,645.0,88191.0,-3.8869,0.7002,503.0,70.0,0.0,-17.0,53.0,2335.0,127.0,92.0,31.0,186.0,0.0,16.55,3.38,4.04
2011/11/11,137.5,139.5,136.0,136.5,496.0,68408.0,0.3676,0.5384,379.0,46.0,0.0,2.0,48.0,2314.0,41.0,61.0,4.0,214.0,32.0,16.61,3.39,4.03
2011/11/14,139.0,139.5,137.5,137.5,400.0,55410.0,0.7326,0.4342,321.0,111.0,0.0,14.0,125.0,2253.0,60.0,121.0,0.0,219.0,5.0,16.73,3.42,4.0
2011/11/15,137.0,139.5,137.0,137.0,327.0,45326.0,-0.3636,0.355,249.0,33.0,0.0,-42.0,-9.0,2274.0,63.0,41.0,0.0,226.0,8.0,16.67,3.4,4.01
2011/11/16,137.5,139.0,133.5,134.0,518.0,70319.0,-2.1898,0.5623,386.0,-2.0,0.0,-41.0,-43.0,2290.0,105.0,82.0,13.0,221.0,8.0,16.3,3.33,4.1
2011/11/17,133.5,136.0,131.5,135.5,534.0,71582.0,1.1194,0.5797,369.0,71.0,0.0,-26.0,45.0,2327.0,69.0,32.0,12.0,210.0,1.0,16.48,3.37,4.06
2011/11/18,134.5,136.5,134.0,135.0,290.0,39292.0,-0.369,0.3148,228.0,21.0,0.0,-5.0,16.0,2308.0,35.0,53.0,2.0,217.0,9.0,16.42,3.35,4.07
2011/11/21,135.0,135.0,129.0,129.0,363.0,47688.0,-4.4444,0.3941,297.0,-10.0,1.0,7.0,-2.0,2244.0,32.0,95.0,25.0,192.0,0.0,15.69,3.2,4.26
2011/11/22,128.0,130.0,126.5,130.0,480.0,62022.0,0.7752,0.5211,351.0,20.0,0.0,-17.0,3.0,2168.0,25.0,92.0,9.0,214.0,31.0,15.82,3.23,4.23
2011/11/23,130.0,130.0,128.0,129.5,388.0,50155.0,-0.3846,0.4212,326.0,73.0,0.0,1.0,74.0,2176.0,36.0,26.0,7.0,200.0,0.0,15.75,3.22,4.25
2011/11/24,129.0,129.0,122.0,124.0,559.0,69825.0,-4.2471,0.6068,405.0,-76.0,-80.0,-6.0,-162.0,2181.0,62.0,57.0,62.0,138.0,0.0,15.09,3.08,4.44
2011/11/25,124.0,126.5,117.0,119.0,498.0,60850.0,-4.0323,0.5406,367.0,-32.0,-48.0,-1.0,-81.0,2206.0,61.0,36.0,23.0,117.0,2.0,14.48,2.96,4.62
2011/11/28,124.0,127.0,122.5,127.0,488.0,61474.0,6.7227,0.5297,276.0,52.0,17.0,12.0,81.0,2276.0,133.0,63.0,2.0,143.0,28.0,15.45,3.16,4.33
2011/11/29,132.0,135.5,130.0,134.5,947.0,126763.0,5.9055,1.028,594.0,-8.0,223.0,1.0,216.0,2304.0,193.0,165.0,3.0,217.0,77.0,16.36,3.34,4.09
2011/11/30,135.0,135.5,131.0,135.0,604.0,80710.0,0.3717,0.6557,433.0,-48.0,111.0,6.0,69.0,2266.0,124.0,162.0,12.0,217.0,12.0,16.42,3.35,4.07
2011/12/01,138.5,140.5,135.5,137.5,694.0,95441.0,1.8519,0.7534,511.0,-54.0,34.0,-20.0,-40.0,2258.0,158.0,166.0,22.0,203.0,8.0,16.73,3.42,4.0
2011/12/02,137.0,137.0,134.5,135.0,374.0,50862.0,-1.8182,0.406,242.0,-77.0,10.0,102.0,35.0,2219.0,37.0,74.0,2.0,201.0,0.0,16.42,3.35,4.07
2011/12/05,135.5,140.5,135.5,139.5,1029.0,143243.0,3.3333,1.117,679.0,15.0,99.0,84.0,198.0,2398.0,328.0,149.0,2.0,273.0,74.0,16.97,3.47,3.94
2011/12/06,140.0,140.0,132.0,132.0,658.0,89135.0,-5.3763,0.7143,508.0,69.0,0.0,19.0,88.0,2282.0,117.0,233.0,37.0,237.0,1.0,16.06,3.28,4.17
2011/12/07,134.5,138.0,134.5,136.5,820.0,111756.0,3.4091,0.8901,567.0,64.0,101.0,2.0,167.0,2335.0,232.0,179.0,0.0,323.0,86.0,16.61,3.39,4.03
2011/12/08,136.5,136.5,131.0,134.0,373.0,49691.0,-1.8315,0.4049,293.0,-56.0,0.0,32.0,-24.0,2316.0,79.0,98.0,30.0,293.0,0.0,16.3,3.33,4.1
2011/12/09,130.0,134.5,129.0,133.5,404.0,53534.0,-0.3731,0.4386,319.0,5.0,1.0,11.0,17.0,2313.0,88.0,81.0,14.0,293.0,14.0,16.24,3.32,4.12
2011/12/12,134.5,136.5,132.0,132.0,319.0,42903.0,-1.1236,0.3463,248.0,-10.0,0.0,9.0,-1.0,2273.0,37.0,77.0,10.0,300.0,17.0,16.06,3.28,4.17
2011/12/13,131.0,137.5,130.0,135.0,850.0,113656.0,2.2727,0.9227,575.0,7.0,120.0,-11.0,116.0,2304.0,140.0,108.0,11.0,345.0,56.0,16.42,3.35,4.07
2011/12/14,135.0,136.5,134.0,136.0,441.0,59675.0,0.7407,0.4787,331.0,8.0,61.0,-18.0,51.0,2298.0,63.0,69.0,6.0,355.0,22.0,16.55,3.38,4.04
2011/12/15,134.0,138.0,134.0,137.0,710.0,97060.0,0.7353,0.7707,526.0,-14.0,123.0,21.0,130.0,2344.0,146.0,100.0,2.0,391.0,38.0,16.67,3.4,4.01
2011/12/16,138.5,139.0,135.0,136.0,368.0,50349.0,-0.7299,0.3995,280.0,-16.0,46.0,-12.0,18.0,2314.0,60.0,90.0,12.0,387.0,9.0,16.55,3.38,4.04
2011/12/19,136.5,138.0,132.0,133.5,435.0,58714.0,-1.8382,0.4722,331.0,-28.0,30.0,-10.0,-8.0,2252.0,49.0,111.0,47.0,344.0,4.0,16.24,3.32,4.12
2011/12/20,134.5,136.0,134.0,135.0,477.0,64290.0,1.1236,0.5178,344.0,34.0,21.0,-19.0,36.0,2288.0,76.0,37.0,16.0,349.0,21.0,16.42,3.35,4.07
2011/12/21,138.0,140.0,137.0,138.0,859.0,119325.0,2.2222,0.9325,589.0,23.0,0.0,10.0,33.0,2413.0,276.0,150.0,19.0,342.0,12.0,16.79,3.43,3.99
2011/12/22,138.0,139.5,136.0,137.0,467.0,64473.0,-0.7246,0.5069,319.0,27.0,0.0,26.0,53.0,2387.0,81.0,107.0,10.0,340.0,8.0,16.67,3.4,4.01
2011/12/23,138.0,146.5,138.0,146.0,2427.0,349812.0,6.5693,2.6346,1496.0,141.0,333.0,171.0,645.0,2673.0,658.0,372.0,11.0,456.0,127.0,17.76,3.63,3.77
2011/12/26,148.0,150.0,145.5,147.5,1334.0,196884.0,1.0274,1.4481,857.0,-105.0,44.0,-23.0,-84.0,2793.0,491.0,371.0,14.0,539.0,97.0,17.94,3.66,3.73
2011/12/27,148.0,148.0,143.5,147.0,618.0,90083.0,-0.339,0.6709,432.0,5.0,-16.0,13.0,2.0,2741.0,162.0,214.0,12.0,539.0,12.0,17.88,3.65,3.74
2011/12/28,147.0,152.0,146.5,147.0,1406.0,210172.0,0.0,1.5263,923.0,-43.0,80.0,12.0,49.0,2801.0,266.0,206.0,28.0,787.0,276.0,17.88,3.65,3.74
2011/12/29,146.5,148.0,145.0,146.0,510.0,74585.0,-0.6803,0.5536,366.0,40.0,0.0,-87.0,-47.0,2775.0,80.0,106.0,34.0,767.0,14.0,17.76,3.63,3.77
2011/12/30,147.0,147.5,144.0,144.0,800.0,116877.0,-1.3699,0.868,458.0,-5.0,195.0,-65.0,125.0,2716.0,131.0,190.0,22.0,759.0,16.0,17.52,3.58,3.82
2012/01/02,145.5,146.0,141.5,142.5,774.0,111034.0,-1.0417,0.8398,484.0,13.0,169.0,-25.0,157.0,2615.0,69.0,170.0,24.0,784.0,52.0,17.34,3.54,3.86
2012/01/03,143.5,149.5,143.5,149.0,1809.0,267161.0,4.5614,1.9629,1106.0,70.0,442.0,31.0,543.0,2781.0,315.0,149.0,17.0,1081.0,314.0,18.13,3.7,3.69
2012/01/04,150.0,150.0,145.5,147.0,1269.0,187614.0,-1.3423,1.3769,848.0,-42.0,172.0,-13.0,117.0,2760.0,233.0,254.0,4.0,1184.0,107.0,17.88,3.65,3.74
2012/01/05,148.0,148.5,145.5,147.0,843.0,123707.0,0.0,0.9147,543.0,65.0,17.0,30.0,112.0,2684.0,72.0,148.0,6.0,1239.0,61.0,17.88,3.65,3.74
2012/01/06,147.5,148.0,144.0,144.5,783.0,114138.0,-1.7007,0.8496,539.0,-26.0,-32.0,30.0,-28.0,2561.0,100.0,206.0,21.0,1230.0,13.0,17.58,3.59,3.81
2012/01/09,144.5,147.0,144.0,145.5,662.0,96466.0,0.692,0.7183,448.0,90.0,-100.0,-45.0,-55.0,2568.0,84.0,77.0,13.0,1218.0,1.0,17.7,3.61,3.78
2012/01/10,146.0,147.0,143.0,143.5,743.0,107087.0,-1.3746,0.8062,471.0,-24.0,0.0,110.0,86.0,2563.0,100.0,103.0,29.0,1136.0,0.0,17.46,3.57,3.83
2012/01/11,143.5,145.5,142.0,142.5,748.0,107353.0,-0.6969,0.8116,545.0,33.0,-10.0,28.0,51.0,2619.0,121.0,65.0,36.0,1044.0,27.0,17.34,3.54,3.86
2012/01/12,143.5,144.5,136.0,137.0,1232.0,172093.0,-3.8596,1.3368,798.0,18.0,-16.0,17.0,19.0,2516.0,154.0,256.0,245.0,675.0,1.0,16.67,3.4,4.01
2012/01/13,139.0,140.5,138.0,138.5,1037.0,144080.0,1.0949,1.1252,772.0,100.0,-1.0,-21.0,78.0,2511.0,80.0,85.0,58.0,415.0,15.0,16.85,3.44,3.97
2012/01/16,140.0,141.0,135.5,138.5,808.0,111529.0,0.0,0.8767,578.0,45.0,-20.0,-31.0,-6.0,2517.0,88.0,82.0,34.0,320.0,7.0,16.85,3.44,3.97
2012/01/17,139.5,146.5,138.5,146.0,1575.0,224720.0,5.4152,1.709,1050.0,65.0,71.0,85.0,221.0,2595.0,252.0,171.0,23.0,277.0,30.0,17.76,3.63,3.77
2012/01/18,146.0,147.0,143.5,145.0,889.0,128809.0,-0.6849,0.9646,592.0,-66.0,5.0,-69.0,-130.0,2489.0,92.0,192.0,35.0,226.0,4.0,17.64,3.6,3.79
2012/01/30,148.0,148.0,144.5,146.0,790.0,115432.0,0.6897,0.8572,583.0,-12.0,-2.0,-48.0,-62.0,2537.0,179.0,131.0,5.0,227.0,9.0,17.76,3.63,3.77
2012/01/31,145.0,150.5,145.0,150.0,1519.0,226177.0,2.7397,1.6453,1046.0,79.0,52.0,45.0,176.0,2704.0,394.0,226.0,17.0,234.0,30.0,18.25,3.73,3.67
2012/02/01,149.5,160.5,149.5,157.0,3628.0,574783.0,4.6667,3.9298,1674.0,-120.0,160.0,70.0,110.0,3410.0,1088.0,382.0,17.0,268.0,62.0,19.1,3.9,3.5
2012/02/02,156.0,160.0,155.0,158.0,1740.0,273804.0,0.6369,1.8847,1020.0,-86.0,5.0,-33.0,-114.0,3316.0,472.0,565.0,39.0,243.0,15.0,19.22,3.93,3.48
2012/02/03,158.0,163.0,155.5,156.0,1431.0,226464.0,-1.2658,1.55,904.0,-82.0,91.0,40.0,49.0,3214.0,368.0,470.0,17.0,242.0,16.0,18.98,3.88,3.53
2012/02/04,158.0,166.0,157.0,157.5,3077.0,498105.0,0.9615,3.3329,1701.0,-6.0,167.0,11.0,172.0,3199.0,686.0,701.0,26.0,248.0,32.0,19.16,3.91,3.49
2012/02/06,159.0,160.0,153.0,153.0,1235.0,192640.0,-2.8571,1.3377,787.0,-143.0,-101.0,-35.0,-279.0,3270.0,297.0,226.0,23.0,230.0,7.0,18.61,3.8,3.59
2012/02/07,151.5,155.0,148.5,152.5,1856.0,281159.0,-0.3268,2.0104,1109.0,-483.0,-32.0,-4.0,-519.0,3301.0,399.0,368.0,41.0,198.0,9.0,18.55,3.79,3.61
2012/02/08,152.5,155.5,152.0,155.5,1642.0,252806.0,1.9672,1.7786,1093.0,15.0,-3.0,-1.0,11.0,3410.0,464.0,353.0,9.0,216.0,27.0,18.92,3.86,3.54
2012/02/09,156.0,161.0,154.5,155.0,1733.0,273271.0,-0.3215,1.8771,1132.0,34.0,-29.0,61.0,66.0,3547.0,549.0,412.0,11.0,227.0,22.0,18.86,3.85,3.55
2012/02/10,157.0,157.5,152.0,152.5,991.0,152596.0,-1.6129,1.0734,699.0,91.0,-16.0,-26.0,49.0,3370.0,147.0,324.0,18.0,211.0,2.0,18.55,3.79,3.61
2012/02/13,153.0,155.5,152.0,154.5,790.0,121752.0,1.3115,0.8557,528.0,-24.0,18.0,8.0,2.0,3374.0,142.0,137.0,9.0,219.0,18.0,18.8,3.84,3.56
2012/02/14,154.5,156.0,152.0,152.5,598.0,91974.0,-1.2945,0.6477,422.0,-20.0,0.0,-78.0,-98.0,3285.0,83.0,172.0,19.0,202.0,2.0,18.55,3.79,3.61
2012/02/15,153.5,158.0,153.0,156.0,1620.0,252880.0,2.2951,1.7547,844.0,45.0,-22.0,60.0,83.0,3337.0,337.0,285.0,11.0,202.0,21.0,18.98,3.88,3.53
2012/02/16,156.0,161.0,153.5,155.0,1868.0,295395.0,-0.641,2.0234,1199.0,-39.0,0.0,59.0,20.0,3494.0,627.0,464.0,17.0,201.0,16.0,18.86,3.85,3.55
2012/02/17,156.5,157.5,149.5,153.5,1350.0,206832.0,-0.9677,1.4623,801.0,-71.0,-8.0,17.0,-62.0,3311.0,263.0,446.0,36.0,170.0,5.0,18.67,3.81,3.58
2012/02/20,154.0,155.0,153.0,155.0,648.0,99987.0,0.9772,0.7019,398.0,-9.0,0.0,-8.0,-17.0,3277.0,100.0,134.0,3.0,180.0,14.0,18.86,3.85,3.55
2012/02/21,156.0,157.5,155.0,155.0,632.0,98760.0,0.0,0.6846,420.0,12.0,0.0,13.0,25.0,3306.0,136.0,107.0,2.0,194.0,16.0,18.86,3.85,3.55
2012/02/22,156.0,163.0,155.5,160.5,2634.0,421687.0,3.5484,2.8531,1455.0,332.0,-109.0,132.0,355.0,3637.0,788.0,457.0,20.0,211.0,37.0,19.53,3.99,3.43
2012/02/23,160.5,162.0,157.0,158.0,1259.0,200325.0,-1.5576,1.3637,678.0,69.0,-300.0,-11.0,-242.0,3635.0,362.0,364.0,33.0,180.0,2.0,19.22,3.93,3.48
2012/02/24,159.5,159.5,153.5,154.5,979.0,152129.0,-2.2152,1.0604,572.0,-61.0,-2.0,71.0,8.0,3568.0,208.0,275.0,23.0,159.0,2.0,18.8,3.84,3.56
2012/02/29,155.5,161.5,155.5,160.0,1561.0,248226.0,3.5599,1.6908,906.0,85.0,16.0,65.0,166.0,3350.0,230.0,448.0,0.0,194.0,35.0,19.46,3.98,3.44
2012/03/01,160.0,163.5,160.0,162.0,1210.0,196014.0,1.25,1.3106,749.0,19.0,0.0,225.0,244.0,3307.0,341.0,384.0,7.0,201.0,14.0,19.71,4.02,3.4
2012/03/02,163.0,164.0,160.0,162.0,871.0,140991.0,0.0,0.9434,471.0,-14.0,0.0,77.0,63.0,3339.0,284.0,252.0,8.0,198.0,5.0,19.71,4.02,3.4
2012/03/03,162.0,173.0,161.5,172.5,2183.0,363575.0,6.4815,2.3646,1239.0,15.0,0.0,265.0,280.0,3661.0,636.0,314.0,2.0,240.0,44.0,20.99,4.29,3.19
2012/03/05,173.0,181.0,172.0,175.5,4066.0,716612.0,1.7391,4.4042,2485.0,-102.0,54.0,-13.0,-61.0,4365.0,1495.0,791.0,14.0,250.0,24.0,21.35,4.36,3.13
2012/03/06,174.0,174.5,165.0,173.0,1591.0,270445.0,-1.4245,1.7233,1067.0,-78.0,-20.0,-41.0,-139.0,4177.0,499.0,686.0,46.0,204.0,0.0,21.05,4.3,3.18
2012/03/07,169.0,179.5,168.0,174.0,2389.0,417579.0,0.578,2.5877,1437.0,-54.0,-50.0,-7.0,-111.0,4377.0,746.0,545.0,5.0,218.0,19.0,21.17,4.32,3.16
2012/03/08,176.0,176.5,173.0,174.0,1500.0,262575.0,0.0,1.6248,1028.0,-105.0,135.0,32.0,62.0,4517.0,442.0,302.0,8.0,219.0,9.0,21.17,4.32,3.16
2012/03/09,176.5,181.0,174.5,178.0,2134.0,380517.0,2.2989,2.3115,1373.0,-48.0,208.0,116.0,276.0,4709.0,688.0,496.0,7.0,254.0,42.0,21.65,4.42,3.09
2012/03/12,180.0,180.0,176.0,176.5,1057.0,188181.0,-0.8427,1.1449,688.0,83.0,0.0,4.0,87.0,4524.0,221.0,405.0,28.0,227.0,1.0,21.47,4.39,3.12
2012/03/13,177.5,178.5,170.0,175.0,1626.0,282630.0,-0.8499,1.7612,964.0,341.0,71.0,1.0,413.0,4254.0,252.0,521.0,27.0,188.0,0.0,21.29,4.35,3.14
2012/03/14,178.0,178.5,173.0,173.5,972.0,170852.0,-0.8571,1.0528,651.0,36.0,6.0,-37.0,5.0,4156.0,241.0,339.0,5.0,186.0,3.0,21.11,4.31,3.17
2012/03/15,175.5,185.5,175.0,185.5,3379.0,615306.0,6.9164,3.6601,1955.0,67.0,502.0,-1.0,568.0,4564.0,1048.0,640.0,0.0,259.0,73.0,22.57,4.61,2.96
2012/03/16,186.0,187.5,183.5,185.0,1965.0,364753.0,-0.2695,2.1284,1259.0,-126.0,294.0,-11.0,157.0,4554.0,652.0,662.0,5.0,256.0,2.0,22.51,4.6,2.97
2012/03/19,185.0,188.0,182.0,185.5,1029.0,190349.0,0.2703,1.1146,702.0,26.0,91.0,18.0,135.0,4420.0,264.0,398.0,8.0,248.0,4.0,22.57,4.61,2.96
2012/03/20,186.0,188.5,183.0,185.0,1000.0,185997.0,-0.2695,1.0832,656.0,-42.0,205.0,4.0,167.0,4322.0,223.0,321.0,11.0,246.0,9.0,22.51,4.29,2.97
2012/03/21,187.5,187.5,179.5,180.5,1345.0,245050.0,-2.4324,1.4569,831.0,2.0,219.0,-88.0,133.0,4127.0,339.0,534.0,35.0,213.0,2.0,18.51,4.18,3.05
2012/03/22,180.5,184.0,177.0,180.5,953.0,172164.0,0.0,1.0323,694.0,6.0,-38.0,-92.0,-124.0,4176.0,242.0,193.0,43.0,178.0,9.0,18.51,4.18,3.05
2012/03/23,180.5,181.0,177.0,179.0,905.0,161476.0,-0.831,0.9803,530.0,6.0,311.0,19.0,336.0,3949.0,123.0,349.0,21.0,158.0,1.0,18.36,4.15,3.07
2012/03/26,179.0,180.0,176.5,178.0,461.0,82243.0,-0.5587,0.4993,341.0,-20.0,0.0,14.0,-6.0,3936.0,106.0,119.0,12.0,153.0,7.0,18.26,4.12,3.09
2012/03/27,179.0,179.5,169.0,174.0,1657.0,290308.0,-2.2472,1.7948,888.0,62.0,401.0,-127.0,336.0,3637.0,235.0,534.0,48.0,103.0,0.0,17.85,4.03,3.16
2012/03/28,174.0,178.5,174.0,178.5,777.0,137113.0,2.5862,0.8416,547.0,269.0,9.0,-70.0,208.0,3617.0,107.0,127.0,4.0,139.0,40.0,18.31,4.14,3.08
2012/03/29,178.5,178.5,172.5,174.0,954.0,166626.0,-2.521,1.0334,672.0,234.0,100.0,-45.0,289.0,3365.0,104.0,356.0,20.0,120.0,1.0,17.85,4.03,3.16
2012/03/30,174.0,178.0,173.0,177.5,905.0,158761.0,2.0115,0.9803,545.0,19.0,0.0,-122.0,-103.0,3377.0,145.0,133.0,6.0,172.0,58.0,18.21,4.11,3.1
2012/04/02,177.5,177.5,170.5,173.5,551.0,95872.0,-2.2535,0.5968,348.0,-39.0,-2.0,10.0,-31.0,3348.0,98.0,127.0,22.0,150.0,0.0,17.79,4.02,3.17
2012/04/03,174.0,175.5,166.0,167.0,1053.0,177842.0,-3.7464,1.1406,682.0,-40.0,-25.0,-16.0,-81.0,3236.0,162.0,274.0,14.0,138.0,2.0,17.13,3.87,3.29
2012/04/05,160.5,165.0,158.5,165.0,859.0,139109.0,-1.1976,0.9304,463.0,41.0,202.0,-35.0,208.0,3119.0,166.0,283.0,5.0,133.0,0.0,16.92,3.82,3.33
2012/04/06,165.0,175.0,165.0,172.5,1091.0,186886.0,4.5455,1.1817,730.0,10.0,73.0,5.0,88.0,3080.0,144.0,183.0,1.0,142.0,10.0,17.69,4.0,3.19
2012/04/09,168.0,172.0,167.0,169.0,671.0,113778.0,-2.029,0.7268,434.0,-28.0,0.0,85.0,57.0,3114.0,143.0,109.0,41.0,91.0,0.0,17.33,3.92,3.25
2012/04/10,171.0,172.0,164.5,169.0,1152.0,194197.0,0.0,1.2478,607.0,-67.0,95.0,-5.0,23.0,3206.0,224.0,132.0,22.0,77.0,8.0,17.33,3.92,3.25
2012/04/11,166.0,169.0,166.0,168.5,504.0,84760.0,-0.2959,0.5459,300.0,-38.0,187.0,-21.0,128.0,3175.0,58.0,89.0,0.0,82.0,5.0,17.28,3.9,3.26
2012/04/12,169.0,171.5,168.0,171.5,814.0,138529.0,1.7804,0.8817,553.0,-52.0,100.0,17.0,65.0,3239.0,180.0,116.0,3.0,86.0,7.0,17.59,3.97,3.21
2012/04/13,172.5,175.0,171.5,173.0,730.0,126728.0,0.8746,0.7907,491.0,-25.0,0.0,-27.0,-52.0,3298.0,220.0,161.0,7.0,82.0,3.0,17.74,4.01,3.18
2012/04/16,171.0,172.5,170.5,172.5,430.0,73841.0,-0.289,0.4658,264.0,156.0,-1.0,-13.0,142.0,3258.0,48.0,88.0,8.0,74.0,0.0,17.69,4.0,3.19
2012/04/17,172.5,173.5,168.0,170.0,558.0,95221.0,-1.4493,0.6044,407.0,224.0,0.0,-24.0,200.0,3147.0,40.0,151.0,14.0,61.0,1.0,17.44,3.94,3.24
2012/04/18,171.5,173.0,169.0,172.0,504.0,86385.0,1.1765,0.5459,346.0,136.0,0.0,-15.0,121.0,3116.0,74.0,104.0,5.0,48.0,1.0,17.64,3.99,3.2
2012/04/19,172.0,172.0,166.0,166.0,1038.0,174206.0,-3.4884,1.1243,607.0,305.0,-612.0,24.0,-283.0,3132.0,138.0,120.0,25.0,23.0,0.0,17.03,3.85,3.31
2012/04/20,166.0,169.0,165.0,166.5,696.0,115989.0,0.3012,0.7539,415.0,268.0,-80.0,-56.0,132.0,2966.0,56.0,221.0,19.0,1.0,0.0,17.08,3.86,3.3
2012/04/23,165.0,169.0,165.0,168.0,495.0,82937.0,0.9009,0.5362,364.0,178.0,0.0,-34.0,144.0,2893.0,0.0,66.0,0.0,0.0,0.0,17.23,3.89,3.27
2012/04/24,167.5,169.0,162.5,164.0,702.0,116185.0,-2.381,0.7604,399.0,36.0,-79.0,32.0,-11.0,2805.0,0.0,88.0,0.0,0.0,0.0,16.82,3.8,3.35
2012/04/25,167.0,167.5,163.5,165.0,546.0,90122.0,0.6098,0.5914,385.0,40.0,-170.0,0.0,-130.0,2788.0,0.0,17.0,0.0,0.0,0.0,16.92,3.82,3.33
2012/04/26,165.0,166.5,159.5,159.5,1026.0,166228.0,-3.3333,1.1113,729.0,-191.0,-76.0,-132.0,-399.0,2952.0,185.0,20.0,0.0,0.0,0.0,16.36,3.7,3.45
2012/04/27,159.5,161.0,153.0,153.0,914.0,143944.0,-4.0752,0.99,653.0,-91.0,-20.0,-25.0,-136.0,2870.0,129.0,211.0,0.0,36.0,36.0,15.69,3.54,3.59
2012/04/30,153.0,153.0,142.5,145.0,1598.0,232116.0,-5.2288,1.7309,969.0,-10.0,-523.0,-30.0,-563.0,2907.0,245.0,190.0,15.0,24.0,3.0,14.87,3.36,3.79
2012/05/02,150.0,155.0,148.0,155.0,1364.0,208158.0,6.8966,1.4775,816.0,-33.0,81.0,-123.0,-75.0,2930.0,204.0,171.0,11.0,37.0,24.0,15.9,3.4,3.55
2012/05/03,157.0,164.5,156.5,160.0,1443.0,231299.0,3.2258,1.563,885.0,48.0,302.0,42.0,392.0,2777.0,109.0,262.0,6.0,76.0,45.0,16.1,3.51,3.44
2012/05/04,159.0,166.0,159.0,163.5,780.0,127652.0,2.1875,0.8449,545.0,-54.0,187.0,22.0,155.0,2721.0,105.0,141.0,7.0,87.0,18.0,16.48,3.6,2.75
2012/05/07,161.5,163.5,159.5,163.0,505.0,81393.0,-0.3058,0.547,370.0,-55.0,20.0,-8.0,-43.0,2732.0,104.0,92.0,17.0,70.0,0.0,16.43,3.59,2.76
2012/05/08,165.0,169.5,165.0,167.5,991.0,165645.0,2.7607,1.0734,666.0,-53.0,191.0,83.0,221.0,2786.0,199.0,145.0,1.0,127.0,58.0,16.89,3.68,2.69
2012/05/09,167.5,169.0,163.0,169.0,844.0,141078.0,0.8955,0.9142,630.0,34.0,128.0,104.0,266.0,2707.0,88.0,167.0,12.0,126.0,11.0,17.04,3.72,2.66
2012/05/10,169.5,170.0,166.5,169.0,647.0,108798.0,0.0,0.7008,541.0,104.0,25.0,-57.0,72.0,2696.0,86.0,97.0,35.0,94.0,3.0,17.04,3.72,2.66
2012/05/11,169.0,169.0,165.0,167.0,579.0,96396.0,-1.1834,0.6272,330.0,11.0,228.0,14.0,253.0,2671.0,53.0,78.0,16.0,79.0,1.0,16.83,3.67,2.69
2012/05/14,166.5,167.5,166.0,166.5,392.0,65439.0,-0.2994,0.4246,257.0,64.0,100.0,-8.0,156.0,2628.0,18.0,61.0,0.0,93.0,14.0,16.78,3.66,2.7
2012/05/15,165.0,167.5,161.5,167.5,669.0,109852.0,0.6006,0.7246,462.0,165.0,-17.0,-32.0,116.0,2652.0,105.0,81.0,14.0,84.0,5.0,16.89,3.68,2.69
2012/05/16,167.0,167.5,162.5,164.5,444.0,73351.0,-1.791,0.4809,321.0,45.0,24.0,-59.0,10.0,2619.0,40.0,73.0,3.0,82.0,1.0,16.58,3.62,2.74
2012/05/17,162.5,165.0,162.0,165.0,546.0,89511.0,0.304,0.5914,346.0,0.0,-67.0,6.0,-61.0,2652.0,89.0,56.0,10.0,79.0,7.0,16.63,3.63,2.73
2012/05/18,163.0,164.5,160.0,161.0,551.0,89739.0,-2.4242,0.5968,407.0,49.0,40.0,-22.0,67.0,2608.0,48.0,92.0,27.0,52.0,0.0,16.23,3.54,2.8
2012/05/21,161.0,162.5,159.0,159.5,382.0,61494.0,-0.9317,0.4138,248.0,-10.0,43.0,-46.0,-13.0,2407.0,27.0,83.0,7.0,76.0,31.0,16.08,3.51,2.82
2012/05/22,160.5,167.0,160.5,167.0,481.0,78363.0,4.7022,0.521,347.0,-7.0,0.0,31.0,24.0,2436.0,86.0,56.0,5.0,82.0,11.0,16.83,3.67,2.69
2012/05/23,165.0,165.0,161.5,163.5,442.0,72296.0,-2.0958,0.4788,314.0,34.0,-10.0,-19.0,5.0,2471.0,82.0,47.0,6.0,76.0,0.0,16.48,3.6,2.75
2012/05/24,163.0,164.0,162.0,163.0,394.0,64197.0,-0.3058,0.4268,218.0,158.0,0.0,0.0,158.0,2481.0,47.0,37.0,0.0,78.0,2.0,16.43,3.59,2.76
2012/05/25,163.5,164.5,159.5,162.5,378.0,61520.0,-0.3067,0.4094,303.0,33.0,10.0,-25.0,18.0,2449.0,46.0,78.0,5.0,76.0,3.0,16.38,3.57,2.77
2012/05/28,162.5,163.0,157.0,161.5,498.0,79520.0,-0.6154,0.5394,334.0,1.0,20.0,-4.0,17.0,2421.0,37.0,61.0,10.0,66.0,0.0,16.28,3.55,2.79
2012/05/29,162.5,167.0,162.0,165.0,787.0,129822.0,2.1672,0.8525,481.0,73.0,13.0,81.0,167.0,2529.0,179.0,71.0,2.0,76.0,12.0,16.63,3.63,2.73
2012/05/30,165.0,167.0,164.0,166.5,520.0,86056.0,0.9091,0.5633,326.0,40.0,52.0,-12.0,80.0,2504.0,51.0,76.0,2.0,81.0,7.0,16.78,3.66,2.7
2012/05/31,165.0,171.5,165.0,171.0,1143.0,193760.0,2.7027,1.2381,882.0,-62.0,50.0,57.0,45.0,2684.0,317.0,137.0,7.0,95.0,21.0,17.24,3.76,2.63
2012/06/01,169.5,172.0,166.0,167.5,818.0,138745.0,-2.0468,0.886,584.0,228.0,0.0,46.0,274.0,2599.0,112.0,197.0,11.0,85.0,1.0,16.89,3.68,2.69
2012/06/04,160.0,165.0,159.5,164.0,597.0,97035.0,-2.0896,0.6467,407.0,-20.0,101.0,-1.0,80.0,2465.0,71.0,204.0,14.0,71.0,0.0,16.53,3.61,2.74
2012/06/05,165.0,167.5,164.0,165.0,526.0,87267.0,0.6098,0.5698,374.0,-2.0,31.0,16.0,45.0,2484.0,71.0,52.0,1.0,81.0,11.0,16.63,3.63,2.73
2012/06/06,166.0,173.0,165.5,173.0,805.0,136874.0,4.8485,0.872,590.0,81.0,45.0,57.0,183.0,2468.0,120.0,136.0,0.0,114.0,33.0,17.44,3.81,2.6
2012/06/07,175.0,175.5,169.0,169.5,658.0,113353.0,-2.0231,0.7127,491.0,42.0,12.0,-1.0,53.0,2487.0,151.0,131.0,19.0,97.0,2.0,17.09,3.73,2.65
2012/06/08,169.0,172.0,169.0,170.5,406.0,69171.0,0.59,0.4398,348.0,143.0,13.0,-1.0,155.0,2435.0,25.0,77.0,3.0,107.0,13.0,17.19,3.75,2.64
2012/06/11,172.0,173.5,166.5,169.0,563.0,95425.0,-0.8798,0.6098,467.0,5.0,13.0,55.0,73.0,2479.0,115.0,71.0,20.0,93.0,6.0,17.04,3.72,2.66
2012/06/12,165.0,168.5,164.0,166.0,484.0,80344.0,-1.7751,0.5243,325.0,-3.0,19.0,4.0,20.0,2511.0,94.0,61.0,11.0,82.0,0.0,16.73,3.65,2.71
2012/06/13,166.0,168.5,165.5,168.0,433.0,72231.0,1.2048,0.469,370.0,76.0,1.0,-24.0,53.0,2469.0,30.0,72.0,0.0,90.0,8.0,16.94,3.7,2.68
2012/06/14,168.0,169.0,165.5,167.5,515.0,85890.0,-0.2976,0.5578,398.0,-28.0,-1.0,10.0,-19.0,2460.0,47.0,56.0,7.0,85.0,2.0,16.89,3.68,2.69
2012/06/15,167.5,172.0,166.0,172.0,801.0,135126.0,2.6866,0.8676,456.0,18.0,144.0,51.0,213.0,2467.0,103.0,96.0,9.0,85.0,9.0,17.34,3.78,2.62
2012/06/18,173.0,174.0,170.0,170.5,589.0,101176.0,-0.8721,0.638,396.0,5.0,-15.0,26.0,16.0,2424.0,99.0,142.0,9.0,81.0,5.0,17.19,3.75,2.64
2012/06/19,171.0,172.0,168.5,169.5,482.0,81989.0,-0.5865,0.5221,289.0,16.0,43.0,-29.0,30.0,2431.0,68.0,61.0,5.0,79.0,3.0,17.09,3.73,2.65
2012/06/20,171.0,171.0,168.5,170.0,540.0,91505.0,0.295,0.5849,395.0,8.0,0.0,35.0,43.0,2422.0,40.0,46.0,5.0,74.0,0.0,17.14,3.74,2.65
2012/06/21,170.0,172.5,168.0,170.0,734.0,124892.0,0.0,0.7951,513.0,24.0,-121.0,-42.0,-139.0,2529.0,166.0,59.0,4.0,89.0,19.0,17.14,3.74,2.65
2012/06/22,169.0,169.5,168.0,169.5,267.0,45118.0,-0.2941,0.2892,195.0,-12.0,-7.0,-11.0,-30.0,2545.0,41.0,25.0,17.0,72.0,0.0,17.09,3.73,2.65
2012/06/25,168.5,169.5,167.0,167.0,230.0,38693.0,-1.4749,0.2491,173.0,-11.0,0.0,-35.0,-46.0,2543.0,33.0,35.0,2.0,71.0,1.0,16.83,3.67,2.69
2012/06/26,167.0,168.0,165.5,166.5,329.0,54989.0,-0.2994,0.3564,230.0,-21.0,-1.0,-11.0,-33.0,2513.0,24.0,52.0,2.0,71.0,2.0,16.78,3.66,2.7
2012/06/27,167.5,169.5,167.0,169.0,437.0,73699.0,1.5015,0.4733,339.0,44.0,50.0,-32.0,62.0,2496.0,28.0,45.0,3.0,77.0,9.0,17.04,3.72,2.66
2012/06/28,170.0,170.0,168.0,168.5,264.0,44720.0,-0.2959,0.286,185.0,11.0,21.0,-17.0,15.0,2467.0,22.0,49.0,4.0,79.0,6.0,16.99,3.71,2.67
2012/06/29,169.0,170.0,168.5,168.5,313.0,53067.0,0.0,0.339,211.0,58.0,17.0,-29.0,46.0,2445.0,31.0,53.0,3.0,79.0,3.0,16.99,3.71,2.67
2012/07/02,170.0,172.0,170.0,172.0,428.0,73413.0,2.0772,0.4636,320.0,52.0,8.0,-3.0,57.0,2429.0,61.0,69.0,1.0,97.0,19.0,17.34,3.78,2.62
2012/07/03,173.0,173.0,170.5,172.5,307.0,52813.0,0.2907,0.3325,215.0,1.0,41.0,-19.0,23.0,2415.0,36.0,50.0,3.0,93.0,0.0,17.39,3.79,2.61
2012/07/04,173.0,183.0,171.5,180.0,1583.0,281333.0,4.3478,1.7147,1071.0,368.0,36.0,-60.0,344.0,2436.0,270.0,249.0,5.0,132.0,44.0,18.15,3.96,2.5
2012/07/05,180.0,181.0,178.0,180.5,457.0,82177.0,0.2778,0.495,364.0,22.0,7.0,-30.0,-1.0,2435.0,57.0,58.0,8.0,128.0,4.0,18.2,3.97,2.49
2012/07/06,180.5,181.5,178.0,180.5,419.0,75478.0,0.0,0.4539,276.0,31.0,0.0,14.0,45.0,2415.0,72.0,92.0,4.0,132.0,8.0,18.2,3.97,2.49
2012/07/09,179.0,179.5,175.0,175.0,349.0,61883.0,-3.0471,0.378,287.0,6.0,-6.0,-33.0,-33.0,2423.0,68.0,60.0,25.0,107.0,0.0,17.64,3.85,2.57
2012/07/10,175.5,178.5,173.0,175.0,495.0,87375.0,0.0,0.5362,388.0,51.0,0.0,14.0,65.0,2383.0,64.0,104.0,16.0,99.0,8.0,17.64,3.85,2.57
2012/07/11,175.0,176.5,174.5,175.5,230.0,40397.0,0.2857,0.2491,184.0,27.0,0.0,-19.0,8.0,2343.0,15.0,55.0,5.0,97.0,3.0,17.69,3.86,2.56
2012/07/12,176.5,178.5,175.0,175.5,344.0,60763.0,0.0,0.3726,256.0,15.0,10.0,6.0,31.0,2299.0,30.0,74.0,4.0,107.0,14.0,17.69,3.86,2.56
2012/07/13,175.5,177.0,174.5,176.5,288.0,50768.0,0.5698,0.312,212.0,87.0,0.0,45.0,132.0,2250.0,14.0,63.0,2.0,121.0,16.0,17.79,3.88,2.55
2012/07/16,177.5,178.5,176.5,178.0,373.0,66313.0,0.8499,0.404,238.0,7.0,159.0,-20.0,146.0,2223.0,11.0,38.0,0.0,134.0,13.0,17.94,3.92,2.53
2012/07/17,178.5,179.0,175.5,178.0,311.0,55116.0,0.0,0.3369,219.0,-31.0,17.0,-8.0,-22.0,2240.0,58.0,41.0,10.0,124.0,0.0,17.94,3.92,2.53
2012/07/18,178.5,179.0,175.5,177.0,186.0,32984.0,-0.5618,0.2015,156.0,-19.0,25.0,-11.0,-5.0,2227.0,8.0,21.0,3.0,122.0,1.0,17.84,3.89,2.54
2012/07/19,178.0,178.5,176.5,177.0,212.0,37742.0,0.0,0.2296,133.0,9.0,74.0,-41.0,42.0,2227.0,12.0,12.0,1.0,121.0,0.0,17.84,3.89,2.54
2012/07/20,178.0,178.0,177.0,178.0,207.0,36794.0,0.565,0.2242,113.0,29.0,26.0,1.0,56.0,2194.0,5.0,37.0,43.0,79.0,1.0,17.94,3.92,2.53
2012/07/23,177.0,177.0,172.0,173.5,380.0,66152.0,-2.5281,0.4116,256.0,-95.0,61.0,10.0,-24.0,2190.0,24.0,26.0,26.0,53.0,0.0,17.49,3.82,2.59
2012/07/24,173.0,174.5,171.0,172.5,222.0,38412.0,-0.5764,0.2405,177.0,-57.0,27.0,2.0,-28.0,2164.0,16.0,42.0,14.0,38.0,0.0,17.39,3.79,2.61
2012/07/25,172.5,173.0,170.0,172.0,300.0,51509.0,-0.2899,0.325,224.0,-72.0,1.0,41.0,-30.0,2169.0,23.0,18.0,19.0,17.0,0.0,17.34,3.78,2.62
2012/07/26,172.0,173.0,169.0,170.0,316.0,54005.0,-1.1628,0.3423,264.0,-108.0,12.0,21.0,-75.0,2164.0,37.0,42.0,16.0,1.0,0.0,17.14,3.74,2.65
2012/07/27,171.0,174.0,169.5,170.5,666.0,114463.0,0.2941,0.7214,419.0,-252.0,90.0,106.0,-56.0,2131.0,0.0,33.0,0.0,0.0,0.0,17.19,3.75,2.64
2012/07/30,171.5,173.5,171.0,171.5,377.0,64920.0,0.5865,0.4084,268.0,-13.0,0.0,-26.0,-39.0,2098.0,0.0,33.0,0.0,0.0,0.0,17.29,3.77,2.62
2012/07/31,172.0,174.0,170.0,174.0,671.0,115421.0,1.4577,0.7268,458.0,16.0,-18.0,101.0,99.0,2000.0,0.0,98.0,0.0,0.0,0.0,17.54,3.83,2.59
2012/08/01,170.0,172.0,168.0,170.0,823.0,139975.0,0.2874,0.8915,590.0,34.0,-66.0,-53.0,-85.0,2066.0,79.0,13.0,0.0,3.0,3.0,17.14,3.74,2.65
2012/08/03,170.0,171.0,168.5,170.5,490.0,83190.0,0.2941,0.5308,374.0,-98.0,-10.0,-4.0,-112.0,2123.0,83.0,26.0,0.0,14.0,11.0,17.19,3.75,2.64
2012/08/06,171.0,172.0,164.0,164.0,786.0,132251.0,-3.8123,0.8514,463.0,-99.0,-59.0,-128.0,-286.0,2207.0,208.0,124.0,0.0,15.0,1.0,16.53,3.61,2.74
2012/08/07,166.0,171.0,166.0,167.0,1197.0,201912.0,1.8293,1.2966,685.0,-344.0,244.0,52.0,-48.0,2213.0,102.0,95.0,1.0,52.0,38.0,16.83,3.67,2.69
2012/08/08,168.0,170.5,167.0,169.0,545.0,92181.0,1.1976,0.5903,387.0,-117.0,27.0,-1.0,-91.0,2180.0,64.0,97.0,8.0,53.0,9.0,17.04,3.72,2.66
2012/08/09,170.0,174.5,170.0,174.5,892.0,153733.0,3.2544,0.9662,552.0,53.0,17.0,-20.0,50.0,2222.0,125.0,83.0,9.0,54.0,10.0,17.59,3.84,2.58
2012/08/10,174.5,177.0,174.0,176.0,647.0,113469.0,0.8596,0.7008,408.0,32.0,-1.0,-39.0,-8.0,2178.0,99.0,142.0,7.0,52.0,5.0,17.74,3.87,2.56
2012/08/13,176.5,177.0,175.0,176.0,349.0,61536.0,0.0,0.378,236.0,-9.0,-1.0,-56.0,-66.0,2175.0,53.0,56.0,2.0,52.0,2.0,17.74,3.87,2.56
2012/08/14,176.0,177.0,174.5,175.5,289.0,50890.0,-0.2841,0.313,223.0,13.0,0.0,7.0,20.0,2194.0,76.0,57.0,0.0,53.0,1.0,17.69,3.86,2.56
2012/08/15,176.0,176.0,172.5,174.0,509.0,88843.0,-0.8547,0.5513,327.0,-83.0,4.0,-6.0,-85.0,2208.0,62.0,48.0,7.0,50.0,4.0,17.54,3.83,2.59
2012/08/16,174.0,176.5,174.0,175.5,376.0,65968.0,0.8621,0.4073,247.0,34.0,1.0,-14.0,21.0,2192.0,38.0,54.0,2.0,59.0,11.0,17.69,3.86,2.56
2012/08/17,176.5,176.5,172.0,173.0,561.0,97426.0,-1.4245,0.6077,340.0,138.0,99.0,-65.0,172.0,2069.0,64.0,187.0,14.0,45.0,0.0,17.44,3.94,2.6
2012/08/20,174.0,175.0,172.5,174.5,436.0,75800.0,0.8671,0.4723,287.0,175.0,-1.0,-21.0,153.0,2009.0,9.0,69.0,0.0,49.0,4.0,14.65,3.97,2.58
2012/08/21,175.0,175.0,173.0,174.5,344.0,59924.0,0.0,0.3726,263.0,-88.0,-20.0,-4.0,-112.0,2009.0,18.0,18.0,7.0,42.0,0.0,14.65,3.97,2.58
2012/08/22,174.0,174.5,172.5,172.5,257.0,44627.0,-1.1461,0.2784,162.0,-7.0,-10.0,-3.0,-20.0,1999.0,17.0,27.0,2.0,40.0,0.0,14.48,3.93,2.61
2012/08/23,173.0,174.0,170.5,171.5,369.0,63519.0,-0.5797,0.3997,254.0,-130.0,-30.0,27.0,-133.0,2027.0,50.0,22.0,2.0,42.0,4.0,14.4,3.91,2.62
2012/08/24,171.5,173.0,171.0,173.0,320.0,55004.0,0.8746,0.3466,221.0,22.0,0.0,-18.0,4.0,2018.0,15.0,24.0,2.0,45.0,5.0,14.53,3.94,2.6
2012/08/27,174.5,176.5,173.5,174.0,555.0,97100.0,0.578,0.6012,413.0,-9.0,-1.0,-19.0,-29.0,2051.0,104.0,71.0,2.0,44.0,1.0,14.61,3.96,2.59
2012/08/28,175.0,176.5,173.0,174.0,361.0,63069.0,0.0,0.391,280.0,-6.0,15.0,-16.0,-7.0,2046.0,42.0,47.0,1.0,46.0,3.0,14.61,3.96,2.59
2012/08/29,175.0,175.5,170.0,173.0,456.0,78313.0,-0.5747,0.4939,351.0,-4.0,-25.0,-8.0,-37.0,2043.0,56.0,59.0,3.0,44.0,1.0,14.53,3.94,2.6
2012/08/30,173.0,174.0,170.5,172.5,434.0,74734.0,-0.289,0.4701,345.0,70.0,0.0,-10.0,60.0,2019.0,31.0,55.0,6.0,47.0,9.0,14.48,3.93,2.61
2012/08/31,172.5,179.0,172.0,178.0,1113.0,194822.0,3.1884,1.2056,723.0,6.0,56.0,42.0,104.0,2026.0,109.0,101.0,1.0,68.0,22.0,14.95,4.05,2.53
2012/09/03,179.0,180.0,176.0,179.5,805.0,143659.0,0.8427,0.872,536.0,39.0,68.0,-22.0,85.0,2004.0,74.0,95.0,4.0,71.0,7.0,15.07,4.09,2.51
2012/09/04,180.0,180.0,178.5,180.0,685.0,122916.0,0.2786,0.742,374.0,58.0,65.0,49.0,172.0,1973.0,32.0,63.0,2.0,91.0,22.0,15.11,4.1,2.5
2012/09/05,180.0,180.0,177.5,179.0,404.0,72221.0,-0.5556,0.4376,297.0,-32.0,8.0,26.0,2.0,2001.0,47.0,19.0,6.0,86.0,1.0,15.03,4.08,2.51
2012/09/06,179.0,179.0,172.5,175.0,743.0,129964.0,-2.2346,0.8048,508.0,-74.0,87.0,4.0,17.0,2046.0,112.0,67.0,14.0,72.0,0.0,14.69,3.99,2.57
2012/09/07,174.0,175.0,172.5,174.5,545.0,94560.0,-0.2857,0.5903,360.0,-1.0,-1.0,4.0,2.0,2084.0,81.0,43.0,2.0,70.0,0.0,14.65,3.97,2.58
2012/09/10,174.5,174.5,172.0,174.0,363.0,63161.0,-0.2865,0.3932,279.0,2.0,-12.0,-27.0,-37.0,2060.0,11.0,35.0,2.0,68.0,0.0,14.61,3.96,2.59
2012/09/11,173.5,175.5,172.5,175.0,507.0,88394.0,0.5747,0.5492,298.0,-25.0,0.0,-31.0,-56.0,2065.0,32.0,26.0,0.0,68.0,0.0,14.69,3.99,2.57
2012/09/12,176.0,176.5,174.0,176.0,701.0,122871.0,0.5714,0.7593,394.0,-39.0,-8.0,-21.0,-68.0,2095.0,97.0,67.0,6.0,62.0,0.0,14.78,4.01,2.56
2012/09/13,176.0,177.0,173.5,176.0,702.0,123280.0,0.0,0.7604,467.0,-59.0,-100.0,47.0,-112.0,2129.0,102.0,68.0,0.0,62.0,0.0,14.78,4.01,2.56
2012/09/14,177.0,177.0,173.5,176.0,619.0,108476.0,0.0,0.6705,384.0,-6.0,-41.0,2.0,-45.0,2132.0,80.0,77.0,3.0,59.0,0.0,14.78,4.01,2.56
2012/09/17,176.0,176.0,172.5,173.0,630.0,109721.0,-1.7045,0.6824,366.0,-38.0,-117.0,28.0,-127.0,2128.0,74.0,78.0,0.0,59.0,0.0,14.53,3.94,2.6
2012/09/18,173.0,175.0,173.0,173.0,533.0,92749.0,0.0,0.5773,352.0,-51.0,-7.0,2.0,-56.0,2117.0,41.0,51.0,0.0,59.0,0.0,14.53,3.94,2.6
2012/09/19,173.0,174.0,172.0,173.0,491.0,85056.0,0.0,0.5318,279.0,-58.0,-40.0,-1.0,-99.0,2110.0,17.0,24.0,0.0,59.0,0.0,14.53,3.94,2.6
2012/09/20,173.5,175.0,173.0,174.5,456.0,79435.0,0.8671,0.4939,298.0,-79.0,46.0,-34.0,-67.0,2094.0,22.0,38.0,0.0,59.0,0.0,14.65,3.97,2.58
2012/09/21,174.5,177.0,173.5,177.0,594.0,104340.0,1.4327,0.6434,424.0,-28.0,-46.0,1.0,-73.0,2058.0,32.0,68.0,0.0,62.0,3.0,14.86,4.03,2.54
2012/09/24,177.0,177.5,175.5,175.5,354.0,62676.0,-0.8475,0.3834,211.0,-1.0,0.0,4.0,3.0,2024.0,28.0,62.0,0.0,62.0,0.0,14.74,4.0,2.56
2012/09/25,176.0,176.5,173.5,174.0,406.0,71279.0,-0.8547,0.4398,259.0,1.0,-21.0,-56.0,-76.0,2004.0,29.0,49.0,1.0,63.0,2.0,14.61,3.96,2.59
2012/09/26,175.0,175.0,165.5,169.5,936.0,158403.0,-2.5862,1.0139,615.0,-141.0,-256.0,-68.0,-465.0,1990.0,94.0,108.0,12.0,54.0,3.0,14.23,3.86,2.65
2012/09/27,169.0,171.0,168.0,168.0,339.0,57420.0,-0.885,0.3672,268.0,-19.0,-30.0,-11.0,-60.0,1979.0,49.0,58.0,0.0,56.0,2.0,14.11,3.83,2.68
2012/09/28,169.5,170.5,163.5,168.0,648.0,108206.0,0.0,0.7019,507.0,-24.0,-251.0,33.0,-242.0,1975.0,74.0,78.0,1.0,57.0,2.0,14.11,3.83,2.68
2012/10/01,168.0,170.0,168.0,169.5,349.0,59221.0,0.8929,0.378,319.0,42.0,-2.0,-11.0,29.0,1930.0,6.0,51.0,0.0,66.0,9.0,14.23,3.86,2.65
2012/10/02,172.0,172.0,167.5,169.0,300.0,50937.0,-0.295,0.325,236.0,8.0,-83.0,32.0,-43.0,1951.0,33.0,12.0,5.0,61.0,1.0,14.19,3.85,2.66
2012/10/03,169.5,170.0,167.5,169.5,263.0,44411.0,0.2959,0.2849,183.0,0.0,-8.0,-4.0,-12.0,1950.0,24.0,25.0,1.0,60.0,0.0,14.23,3.86,2.65
2012/10/04,169.5,170.0,168.0,169.5,242.0,41055.0,0.0,0.2621,164.0,-3.0,0.0,0.0,-3.0,1921.0,11.0,40.0,0.0,61.0,1.0,14.23,3.86,2.65
2012/10/05,169.5,171.5,166.5,169.5,450.0,76172.0,0.0,0.4874,335.0,-65.0,-50.0,-15.0,-130.0,1878.0,22.0,61.0,10.0,54.0,3.0,14.23,3.86,2.65
2012/10/08,169.0,170.0,165.5,166.5,475.0,79516.0,-1.7699,0.5145,379.0,-105.0,-75.0,6.0,-174.0,1904.0,48.0,22.0,0.0,54.0,0.0,13.98,3.79,2.7
2012/10/09,167.0,168.0,164.5,167.5,578.0,96261.0,0.6006,0.6261,376.0,76.0,-9.0,-16.0,51.0,1863.0,15.0,56.0,2.0,62.0,10.0,14.06,3.81,2.69
2012/10/11,167.5,169.0,165.5,168.5,550.0,91924.0,0.597,0.5957,392.0,168.0,-95.0,6.0,79.0,1859.0,12.0,16.0,2.0,61.0,1.0,14.15,3.84,2.67
2012/10/12,169.0,169.0,166.5,168.0,266.0,44786.0,-0.2967,0.2881,176.0,-27.0,0.0,-1.0,-28.0,1853.0,15.0,21.0,1.0,60.0,0.0,14.11,3.83,2.68
2012/10/15,168.5,169.0,167.5,168.5,322.0,54185.0,0.2976,0.3488,210.0,80.0,0.0,-19.0,61.0,1837.0,7.0,19.0,0.0,62.0,2.0,14.15,3.84,2.67
2012/10/16,168.5,169.5,168.5,169.5,445.0,75215.0,0.5935,0.482,273.0,42.0,-11.0,-23.0,8.0,1839.0,11.0,9.0,0.0,66.0,4.0,14.23,3.86,2.65
2012/10/17,169.5,170.0,168.5,169.5,293.0,49721.0,0.0,0.3174,169.0,36.0,0.0,-1.0,35.0,1847.0,38.0,30.0,2.0,65.0,1.0,14.23,3.86,2.65
2012/10/18,170.0,170.0,168.5,169.5,192.0,32634.0,0.0,0.208,125.0,16.0,-9.0,-4.0,3.0,1803.0,3.0,47.0,0.0,65.0,1.0,14.23,3.86,2.65
2012/10/19,169.5,169.5,168.0,168.0,189.0,31957.0,-0.885,0.2047,155.0,2.0,-10.0,-15.0,-23.0,1795.0,3.0,11.0,1.0,64.0,0.0,14.11,3.83,2.68
2012/10/22,167.0,167.5,166.0,166.5,142.0,23698.0,-0.8929,0.1538,106.0,-3.0,0.0,7.0,4.0,1785.0,8.0,18.0,1.0,63.0,0.0,13.98,3.79,2.7
2012/10/23,166.5,168.5,166.5,168.5,336.0,56430.0,1.2012,0.3639,269.0,72.0,-15.0,-5.0,52.0,1780.0,12.0,17.0,3.0,68.0,8.0,14.15,3.84,2.67
2012/10/24,168.0,170.5,166.5,168.5,373.0,62735.0,0.0,0.404,310.0,-13.0,0.0,-12.0,-25.0,1810.0,63.0,33.0,7.0,74.0,13.0,14.15,3.84,2.67
2012/10/25,168.5,170.0,166.5,168.0,398.0,66942.0,-0.2967,0.4311,334.0,62.0,0.0,-11.0,51.0,1788.0,28.0,50.0,0.0,78.0,4.0,14.11,3.83,2.68
2012/10/26,168.0,169.0,162.0,163.0,491.0,81070.0,-2.9762,0.5318,279.0,-18.0,0.0,10.0,-8.0,1666.0,62.0,184.0,12.0,66.0,0.0,13.69,3.71,2.76
2012/10/29,163.0,165.0,162.0,163.0,355.0,58079.0,0.0,0.3845,250.0,114.0,-20.0,-34.0,60.0,1664.0,24.0,26.0,1.0,76.0,11.0,13.69,3.71,2.76
2012/10/30,163.5,166.5,163.0,166.5,888.0,146464.0,2.1472,0.9619,673.0,250.0,-3.0,-60.0,187.0,1652.0,12.0,24.0,6.0,91.0,21.0,13.98,0.0,2.7
2012/10/31,166.5,167.0,161.5,164.0,653.0,107383.0,-1.5015,0.7073,445.0,15.0,-159.0,-10.0,-154.0,1651.0,56.0,57.0,12.0,82.0,3.0,13.77,3.52,2.74
2012/11/01,164.5,165.0,160.0,165.0,675.0,109524.0,0.6098,0.7311,473.0,110.0,-9.0,2.0,103.0,1642.0,43.0,52.0,5.0,84.0,7.0,15.33,3.54,2.73
2012/11/02,166.0,169.5,163.0,169.0,1045.0,174750.0,2.4242,1.1319,684.0,575.0,-27.0,-21.0,527.0,1615.0,31.0,58.0,5.0,108.0,29.0,15.71,3.63,2.66
2012/11/05,169.0,170.0,166.0,169.5,840.0,140826.0,0.2959,0.9099,481.0,312.0,-8.0,9.0,313.0,1603.0,21.0,33.0,13.0,109.0,14.0,15.75,3.64,2.65
2012/11/06,169.5,169.5,166.0,169.0,629.0,105374.0,-0.295,0.6813,442.0,-52.0,-100.0,5.0,-147.0,1672.0,85.0,16.0,5.0,107.0,3.0,15.71,3.63,2.66
2012/11/07,169.0,169.0,166.0,167.0,723.0,120738.0,-1.1834,0.7831,524.0,112.0,-95.0,-8.0,9.0,1684.0,59.0,47.0,8.0,99.0,0.0,15.52,3.58,2.69
2012/11/08,166.0,167.0,165.0,167.0,851.0,141219.0,0.0,0.9218,576.0,19.0,0.0,-3.0,16.0,1667.0,42.0,59.0,10.0,90.0,1.0,15.52,3.58,2.69
2012/11/09,166.5,168.0,166.0,167.5,917.0,152946.0,0.2994,0.9933,670.0,16.0,-4.0,-15.0,-3.0,1648.0,33.0,52.0,12.0,87.0,9.0,15.57,3.59,2.69
2012/11/12,168.0,169.0,166.0,167.5,752.0,125660.0,0.0,0.8145,584.0,-6.0,0.0,-5.0,-11.0,1670.0,58.0,36.0,3.0,89.0,5.0,15.57,3.59,2.69
2012/11/13,167.5,168.0,164.5,166.0,612.0,101722.0,-0.8955,0.6629,482.0,-33.0,0.0,1.0,-32.0,1676.0,42.0,36.0,4.0,95.0,10.0,15.43,3.56,2.71
2012/11/14,166.0,167.5,164.5,165.5,445.0,73840.0,-0.3012,0.482,357.0,-5.0,0.0,-7.0,-12.0,1673.0,29.0,32.0,1.0,100.0,6.0,15.38,3.55,2.72
2012/11/15,166.0,167.0,164.5,165.0,951.0,157407.0,-0.3021,1.0301,705.0,-70.0,15.0,-23.0,-78.0,1706.0,65.0,32.0,13.0,94.0,7.0,15.33,3.54,2.73
2012/11/16,165.0,169.0,165.0,169.0,1053.0,175587.0,2.4242,1.1406,566.0,351.0,0.0,-43.0,308.0,1662.0,45.0,89.0,1.0,113.0,20.0,15.71,3.63,2.66
2012/11/19,169.0,169.5,167.0,169.0,442.0,74681.0,0.0,0.4788,304.0,6.0,0.0,-7.0,-1.0,1677.0,40.0,25.0,2.0,123.0,12.0,15.71,3.63,2.66
2012/11/20,169.5,169.5,166.0,166.0,598.0,100208.0,-1.7751,0.6477,369.0,-144.0,7.0,-7.0,-144.0,1690.0,39.0,25.0,14.0,109.0,0.0,15.43,3.56,2.71
2012/11/21,166.5,166.5,162.5,165.5,656.0,108035.0,-0.3012,0.7106,404.0,-69.0,24.0,-10.0,-55.0,1696.0,56.0,50.0,5.0,106.0,2.0,15.38,3.55,2.72
2012/11/22,166.0,168.0,165.5,167.0,469.0,78286.0,0.9063,0.508,283.0,-6.0,0.0,-1.0,-7.0,1671.0,9.0,34.0,0.0,113.0,7.0,15.52,3.58,2.69
2012/11/23,167.5,168.5,167.0,167.5,481.0,80595.0,0.2994,0.521,286.0,55.0,0.0,14.0,69.0,1677.0,30.0,24.0,7.0,109.0,3.0,15.57,3.59,2.69
2012/11/26,168.5,170.5,168.0,169.5,678.0,114807.0,1.194,0.7344,352.0,28.0,0.0,58.0,86.0,1674.0,33.0,36.0,6.0,105.0,2.0,15.75,3.64,2.65
2012/11/27,170.0,170.0,167.5,168.0,286.0,48269.0,-0.885,0.3098,170.0,14.0,10.0,-12.0,12.0,1637.0,5.0,42.0,2.0,103.0,0.0,15.61,3.61,2.68
2012/11/28,168.5,169.0,167.0,168.5,406.0,68298.0,0.2976,0.4398,282.0,1.0,-7.0,-1.0,-7.0,1631.0,13.0,19.0,3.0,107.0,7.0,15.66,3.62,2.67
2012/11/29,169.0,169.5,167.5,169.0,438.0,73837.0,0.2967,0.4744,265.0,11.0,0.0,-1.0,10.0,1641.0,34.0,23.0,4.0,104.0,1.0,15.71,3.63,2.66
2012/11/30,169.5,170.0,167.0,169.0,523.0,88164.0,0.0,0.5665,348.0,16.0,20.0,-8.0,28.0,1629.0,18.0,30.0,9.0,100.0,5.0,15.71,3.63,2.66
2012/12/03,169.5,170.0,168.5,170.0,420.0,71180.0,0.5917,0.4549,235.0,63.0,0.0,-45.0,18.0,1727.0,120.0,21.0,4.0,98.0,2.0,15.8,3.65,2.65
2012/12/04,170.0,171.0,169.0,171.0,459.0,77961.0,0.5882,0.4972,294.0,22.0,0.0,10.0,32.0,1734.0,27.0,20.0,2.0,96.0,0.0,15.89,3.67,2.63
2012/12/05,171.0,171.0,169.5,171.0,370.0,63134.0,0.0,0.4008,234.0,10.0,70.0,-11.0,69.0,1723.0,19.0,30.0,1.0,95.0,0.0,15.89,3.67,2.63
2012/12/06,171.0,176.0,171.0,175.5,1250.0,217841.0,2.6316,1.354,639.0,18.0,236.0,-65.0,189.0,1790.0,199.0,132.0,12.0,92.0,9.0,16.31,3.77,2.56
2012/12/07,175.5,175.5,174.0,174.5,563.0,98578.0,-0.5698,0.6098,265.0,-23.0,169.0,-55.0,91.0,1697.0,19.0,112.0,5.0,87.0,0.0,16.22,3.74,2.58
2012/12/10,174.5,175.5,173.5,174.5,288.0,50287.0,0.0,0.312,185.0,-29.0,0.0,1.0,-28.0,1680.0,12.0,29.0,1.0,86.0,0.0,16.22,3.74,2.58
2012/12/11,174.0,174.5,171.5,174.0,326.0,56486.0,-0.2865,0.3531,188.0,-30.0,50.0,-3.0,17.0,1671.0,13.0,22.0,1.0,85.0,0.0,16.17,3.73,2.59
2012/12/12,174.5,175.0,171.5,175.0,572.0,99412.0,0.5747,0.6196,350.0,-61.0,223.0,-43.0,119.0,1663.0,44.0,52.0,1.0,84.0,0.0,16.26,3.76,2.57
2012/12/13,175.5,176.0,173.0,175.5,495.0,86635.0,0.2857,0.5362,246.0,198.0,-24.0,-54.0,120.0,1641.0,14.0,36.0,1.0,83.0,0.0,16.31,3.77,2.56
2012/12/14,175.5,175.5,174.0,175.0,288.0,50354.0,-0.2849,0.312,156.0,1.0,30.0,2.0,33.0,1635.0,14.0,16.0,0.0,83.0,0.0,16.26,3.76,2.57
2012/12/17,175.0,175.0,174.0,174.0,431.0,75281.0,-0.5714,0.4668,231.0,-45.0,216.0,-26.0,145.0,1625.0,57.0,67.0,0.0,84.0,1.0,16.17,3.73,2.59
2012/12/18,175.0,177.0,172.5,175.0,921.0,161421.0,0.5747,0.9976,495.0,-99.0,133.0,-121.0,-87.0,1663.0,170.0,129.0,1.0,93.0,10.0,16.26,3.76,2.57
2012/12/19,175.0,177.0,175.0,176.0,439.0,77306.0,0.5714,0.4755,244.0,2.0,146.0,-44.0,104.0,1644.0,69.0,88.0,3.0,92.0,2.0,16.36,3.78,2.56
2012/12/20,175.5,176.0,174.0,175.5,252.0,44161.0,-0.2841,0.273,125.0,14.0,0.0,-19.0,-5.0,1633.0,56.0,67.0,2.0,90.0,0.0,16.31,3.77,2.56
2012/12/21,175.5,176.0,174.0,176.0,496.0,86992.0,0.2849,0.5373,256.0,15.0,41.0,-23.0,33.0,1621.0,30.0,42.0,1.0,91.0,2.0,16.36,3.78,2.56
2012/12/22,176.0,177.0,175.0,176.0,200.0,35350.0,0.0,0.2166,106.0,1.0,0.0,-5.0,-4.0,1625.0,46.0,42.0,0.0,92.0,1.0,16.36,3.78,2.56
2012/12/24,176.0,176.5,175.0,176.0,286.0,50237.0,0.0,0.3098,166.0,11.0,67.0,12.0,90.0,1613.0,39.0,51.0,2.0,90.0,0.0,16.36,3.78,2.56
2012/12/25,176.5,180.0,176.0,180.0,680.0,121678.0,2.2727,0.7366,442.0,57.0,101.0,59.0,217.0,1691.0,108.0,30.0,0.0,107.0,17.0,16.73,3.86,2.5
2012/12/26,180.0,181.0,178.5,181.0,529.0,95331.0,0.5556,0.573,299.0,15.0,26.0,-50.0,-9.0,1680.0,34.0,45.0,4.0,103.0,0.0,16.82,3.88,2.49
2012/12/27,181.0,182.5,180.5,182.0,445.0,80941.0,0.5525,0.482,278.0,23.0,94.0,-24.0,93.0,1672.0,36.0,44.0,2.0,104.0,3.0,16.91,3.91,2.47
2012/12/28,182.0,185.0,182.0,184.0,584.0,107213.0,1.0989,0.6326,416.0,22.0,77.0,-64.0,35.0,1641.0,26.0,43.0,3.0,101.0,0.0,17.1,3.95,2.45
2013/01/02,184.5,187.0,184.0,185.0,413.0,76710.0,0.5435,0.4474,312.0,4.0,0.0,1.0,5.0,1605.0,33.0,69.0,8.0,93.0,0.0,17.19,3.97,2.43
2013/01/03,186.0,186.5,182.0,184.0,325.0,60138.0,-0.5405,0.352,254.0,76.0,-32.0,-14.0,30.0,1560.0,16.0,61.0,0.0,94.0,1.0,17.1,3.95,2.45
2013/01/04,184.0,185.0,180.0,181.0,517.0,94418.0,-1.6304,0.56,356.0,42.0,-59.0,28.0,11.0,1490.0,32.0,102.0,0.0,95.0,1.0,16.82,3.88,2.49
2013/01/07,182.0,184.5,182.0,183.5,458.0,83889.0,1.3812,0.4961,358.0,10.0,-1.0,8.0,17.0,1450.0,25.0,65.0,0.0,97.0,3.0,17.05,3.94,2.45
2013/01/08,184.0,186.0,184.0,185.0,448.0,82841.0,0.8174,0.4853,287.0,120.0,26.0,2.0,148.0,1429.0,24.0,45.0,0.0,101.0,4.0,17.19,3.97,2.43
2013/01/09,185.0,194.0,185.0,185.5,1081.0,205160.0,0.2703,1.1709,693.0,206.0,63.0,55.0,324.0,1457.0,117.0,89.0,4.0,103.0,6.0,17.24,3.98,2.43
2013/01/10,187.0,190.5,186.0,187.0,491.0,92241.0,0.8086,0.5318,355.0,29.0,50.0,9.0,88.0,1441.0,46.0,62.0,0.0,106.0,3.0,17.38,4.01,2.41
2013/01/11,187.0,188.5,183.0,188.0,464.0,85951.0,0.5348,0.5026,360.0,-19.0,27.0,15.0,23.0,1422.0,37.0,56.0,5.0,106.0,5.0,17.47,4.03,2.39
2013/01/14,188.0,189.5,187.0,189.5,381.0,72128.0,0.7979,0.4127,243.0,4.0,0.0,-19.0,-15.0,1420.0,20.0,22.0,2.0,106.0,2.0,17.61,4.07,2.37
2013/01/15,190.0,191.0,188.0,189.5,401.0,76337.0,0.0,0.4344,261.0,18.0,21.0,-11.0,28.0,1415.0,19.0,24.0,1.0,109.0,4.0,17.61,4.07,2.37
2013/01/16,189.5,190.5,186.5,187.0,335.0,63456.0,-1.3193,0.3629,194.0,-14.0,4.0,-4.0,-14.0,1372.0,18.0,61.0,2.0,108.0,1.0,17.38,4.01,2.41
2013/01/17,187.5,189.0,185.0,187.0,362.0,67941.0,0.0,0.3921,225.0,-25.0,0.0,-8.0,-33.0,1382.0,32.0,22.0,0.0,103.0,2.0,17.38,4.01,2.41
2013/01/18,187.5,190.0,187.5,190.0,359.0,67794.0,1.6043,0.3889,234.0,29.0,22.0,6.0,57.0,1375.0,5.0,12.0,2.0,102.0,1.0,17.66,4.08,2.37
2013/01/21,190.5,191.0,188.5,191.0,479.0,90983.0,0.5263,0.5188,295.0,185.0,-21.0,-1.0,163.0,1372.0,6.0,9.0,1.0,101.0,0.0,17.75,4.1,2.36
2013/01/22,191.0,192.0,190.0,191.5,331.0,63412.0,0.2618,0.3585,221.0,-6.0,0.0,11.0,5.0,1353.0,5.0,24.0,5.0,97.0,1.0,17.8,4.11,2.35
2013/01/23,191.5,192.0,189.5,190.5,241.0,46051.0,-0.5222,0.261,167.0,-20.0,0.0,-1.0,-21.0,1349.0,7.0,11.0,0.0,97.0,0.0,17.7,4.09,2.36
2013/01/24,190.5,191.5,189.0,191.0,352.0,66921.0,0.2625,0.3813,250.0,-27.0,0.0,-4.0,-31.0,1358.0,27.0,15.0,0.0,99.0,2.0,17.75,4.1,2.36
2013/01/25,191.0,192.0,189.5,192.0,362.0,69213.0,0.5236,0.3921,230.0,10.0,30.0,0.0,40.0,1326.0,4.0,35.0,0.0,100.0,1.0,17.84,4.12,2.34
2013/01/28,192.0,193.5,190.5,193.0,569.0,109328.0,0.5208,0.6163,436.0,35.0,6.0,37.0,78.0,1331.0,17.0,12.0,3.0,97.0,0.0,17.94,4.14,2.33
2013/01/29,193.0,196.5,193.0,195.0,601.0,116926.0,1.0363,0.651,436.0,111.0,1.0,26.0,138.0,1387.0,124.0,68.0,4.0,103.0,10.0,18.12,4.18,2.31
2013/01/30,195.0,196.0,193.0,195.0,415.0,80810.0,0.0,0.4495,333.0,24.0,0.0,-8.0,16.0,1374.0,34.0,45.0,3.0,100.0,0.0,18.12,4.18,2.31
2013/01/31,195.0,195.0,190.0,193.5,541.0,104379.0,-0.7692,0.586,431.0,-80.0,66.0,1.0,-13.0,1389.0,41.0,26.0,0.0,100.0,0.0,17.98,4.15,2.33
2013/02/01,193.5,194.5,191.5,193.5,584.0,112787.0,0.0,0.6326,386.0,-73.0,134.0,6.0,67.0,1378.0,11.0,22.0,1.0,100.0,4.0,17.98,4.15,2.33
2013/02/04,193.5,194.5,192.0,194.0,567.0,109699.0,0.2584,0.6142,462.0,-50.0,114.0,-8.0,56.0,1365.0,8.0,20.0,1.0,100.0,1.0,18.03,4.16,2.32
2013/02/05,194.0,195.0,192.5,194.5,526.0,101811.0,0.2577,0.5698,397.0,6.0,13.0,1.0,20.0,1380.0,34.0,19.0,3.0,97.0,0.0,18.08,4.17,2.31
2013/02/06,194.5,196.0,193.5,195.0,431.0,84177.0,0.2571,0.4668,300.0,56.0,56.0,-8.0,104.0,1356.0,0.0,14.0,0.0,97.0,0.0,18.12,4.18,2.31
2013/02/18,196.0,200.0,196.0,198.0,511.0,100952.0,1.5385,0.5535,354.0,145.0,9.0,22.0,176.0,1350.0,13.0,16.0,0.0,99.0,2.0,18.4,4.25,2.27
2013/02/19,198.0,198.0,196.0,198.0,478.0,94542.0,0.0,0.5178,345.0,136.0,14.0,-16.0,134.0,1347.0,14.0,17.0,0.0,99.0,0.0,18.4,4.25,2.27
2013/02/20,199.0,202.0,198.0,199.0,609.0,121743.0,0.5051,0.6597,398.0,105.0,40.0,2.0,147.0,1383.0,56.0,20.0,5.0,101.0,7.0,18.49,4.27,2.26
2013/02/21,199.0,201.5,195.0,197.5,397.0,78843.0,-0.7538,0.43,274.0,-14.0,-60.0,14.0,-60.0,1401.0,41.0,23.0,3.0,98.0,0.0,18.36,4.24,2.28
2013/02/22,197.5,198.0,192.0,193.0,549.0,106559.0,-2.2785,0.5947,406.0,-83.0,-74.0,-5.0,-162.0,1416.0,49.0,34.0,4.0,94.0,0.0,17.94,4.14,2.33
2013/02/23,193.5,195.0,193.5,195.0,343.0,66718.0,1.0363,0.3715,228.0,8.0,63.0,-24.0,47.0,1428.0,25.0,13.0,0.0,94.0,2.0,18.12,4.18,2.31
2013/02/25,195.0,197.0,194.0,194.0,251.0,49163.0,-0.5128,0.2719,174.0,15.0,0.0,-2.0,13.0,1439.0,18.0,7.0,0.0,91.0,0.0,18.03,4.16,2.32
2013/02/26,193.0,195.0,192.0,195.0,388.0,75093.0,0.5155,0.4203,272.0,-23.0,67.0,-21.0,23.0,1436.0,12.0,15.0,1.0,93.0,3.0,18.12,4.18,2.31
2013/02/27,195.0,195.5,193.5,195.0,316.0,61619.0,0.0,0.3423,221.0,-24.0,32.0,-4.0,4.0,1437.0,11.0,10.0,0.0,93.0,0.0,18.12,4.18,2.31
2013/03/01,195.0,195.5,192.5,193.5,392.0,76194.0,-0.7692,0.4246,258.0,-13.0,-45.0,0.0,-58.0,1443.0,18.0,9.0,1.0,92.0,0.0,17.98,4.15,2.33
2013/03/04,193.5,193.5,188.0,190.0,534.0,101335.0,-1.8088,0.5784,347.0,-7.0,-98.0,-39.0,-144.0,1455.0,37.0,25.0,4.0,88.0,0.0,17.66,4.08,2.37
2013/03/05,190.0,197.0,189.0,197.0,732.0,141503.0,3.6842,0.7929,517.0,172.0,189.0,3.0,364.0,1428.0,7.0,34.0,2.0,88.0,2.0,18.31,4.23,2.28
2013/03/06,198.0,199.0,197.0,199.0,452.0,89669.0,1.0152,0.4896,317.0,96.0,50.0,-2.0,144.0,1436.0,36.0,28.0,0.0,91.0,3.0,18.49,4.27,2.26
2013/03/07,199.0,200.0,197.5,199.0,482.0,96049.0,0.0,0.5221,396.0,206.0,-24.0,5.0,187.0,1407.0,2.0,26.0,2.0,91.0,2.0,18.49,4.27,2.26
2013/03/08,199.5,199.5,196.0,198.0,465.0,92321.0,-0.5025,0.5037,384.0,46.0,-3.0,11.0,54.0,1413.0,18.0,12.0,0.0,91.0,0.0,18.4,4.25,2.27
2013/03/11,198.5,199.0,195.0,198.5,454.0,89651.0,0.2525,0.4918,280.0,71.0,-89.0,4.0,-14.0,1408.0,6.0,11.0,0.0,92.0,2.0,18.45,4.26,2.27
2013/03/12,198.5,199.0,194.0,196.0,476.0,93662.0,-1.2594,0.5156,289.0,106.0,-75.0,6.0,37.0,1401.0,23.0,30.0,3.0,88.0,0.0,18.22,4.21,2.3
2013/03/13,196.5,198.0,194.5,198.0,684.0,134635.0,1.0204,0.7409,502.0,302.0,-24.0,-2.0,276.0,1384.0,9.0,26.0,0.0,96.0,8.0,18.4,3.95,2.27
2013/03/14,198.5,201.0,198.0,201.0,854.0,170596.0,1.5152,0.925,678.0,492.0,-10.0,-20.0,462.0,1403.0,54.0,35.0,2.0,97.0,3.0,17.57,4.01,2.24
2013/03/15,202.0,215.0,202.0,213.5,1343.0,282081.0,6.2189,1.4547,950.0,580.0,-44.0,95.0,631.0,1459.0,122.0,66.0,2.0,158.0,63.0,18.66,4.26,2.11
2013/03/18,213.5,220.5,213.5,217.0,867.0,188539.0,1.6393,0.9391,629.0,134.0,6.0,19.0,159.0,1469.0,89.0,79.0,5.0,217.0,64.0,18.97,4.33,2.07
2013/03/19,218.0,219.5,211.5,213.5,608.0,131058.0,-1.6129,0.6586,475.0,-54.0,30.0,26.0,2.0,1515.0,84.0,38.0,4.0,219.0,6.0,18.66,4.26,2.11
2013/03/20,213.5,216.5,213.5,213.5,536.0,115158.0,0.0,0.5802,440.0,104.0,3.0,-16.0,91.0,1507.0,28.0,36.0,3.0,218.0,2.0,18.66,4.26,2.11
2013/03/21,214.0,215.5,214.0,214.5,591.0,127114.0,0.4684,0.6397,314.0,197.0,0.0,24.0,221.0,1526.0,45.0,26.0,0.0,218.0,0.0,18.75,4.28,2.1
2013/03/22,214.5,223.0,214.0,217.5,1410.0,307795.0,1.3986,1.5263,865.0,635.0,-46.0,-1.0,588.0,1564.0,85.0,47.0,3.0,266.0,51.0,19.01,4.34,2.07
2013/03/25,219.0,229.5,218.5,229.5,1429.0,320744.0,5.5172,1.5468,908.0,519.0,28.0,39.0,586.0,1627.0,161.0,98.0,1.0,295.0,30.0,20.06,4.57,1.96
2013/03/26,230.5,230.5,223.0,228.5,969.0,220171.0,-0.4357,1.0489,663.0,331.0,5.0,-40.0,296.0,1635.0,102.0,92.0,1.0,331.0,37.0,19.97,4.55,1.97
2013/03/27,228.5,234.0,228.5,231.0,885.0,205454.0,1.0941,0.958,630.0,476.0,-89.0,-84.0,303.0,1691.0,109.0,53.0,0.0,364.0,33.0,20.19,4.6,1.95
2013/03/28,232.0,234.5,229.0,232.5,666.0,155036.0,0.6494,0.7209,519.0,310.0,5.0,-29.0,286.0,1686.0,65.0,70.0,0.0,389.0,25.0,20.32,4.63,1.94
2013/03/29,233.5,235.0,223.0,226.0,569.0,130909.0,-2.7957,0.6134,444.0,-13.0,-51.0,1.0,-63.0,1727.0,107.0,65.0,4.0,392.0,7.0,19.76,4.5,1.99
2013/04/01,226.0,231.5,226.0,229.5,553.0,127050.0,1.5487,0.5961,386.0,230.0,-106.0,-6.0,118.0,1697.0,64.0,92.0,0.0,396.0,4.0,20.06,4.57,1.96
2013/04/02,230.0,235.0,229.5,233.0,663.0,154360.0,1.5251,0.7147,425.0,312.0,-15.0,-14.0,283.0,1745.0,87.0,39.0,1.0,387.0,3.0,20.37,4.64,1.93
2013/04/03,234.0,237.5,234.0,235.0,574.0,135553.0,0.8584,0.6188,392.0,245.0,-10.0,-34.0,201.0,1730.0,82.0,97.0,5.0,342.0,1.0,20.54,4.68,1.91
2013/04/08,225.0,232.5,225.0,232.0,890.0,205199.0,-1.2766,0.9594,548.0,549.0,-102.0,19.0,466.0,1596.0,31.0,165.0,8.0,322.0,0.0,20.28,4.62,1.94
2013/04/09,232.5,233.0,229.5,232.5,795.0,183957.0,0.2155,0.857,455.0,354.0,-106.0,-16.0,232.0,1572.0,37.0,61.0,1.0,318.0,3.0,20.32,4.63,1.94
2013/04/10,234.0,237.0,233.5,237.0,859.0,202772.0,1.9355,0.926,500.0,401.0,-187.0,15.0,229.0,1582.0,105.0,95.0,2.0,322.0,8.0,20.72,4.72,1.9
2013/04/11,237.0,237.5,234.5,237.0,789.0,186316.0,0.0,0.8505,415.0,307.0,-186.0,21.0,142.0,1539.0,40.0,83.0,1.0,298.0,0.0,20.72,4.72,1.9
2013/04/12,237.0,253.5,237.0,252.0,1518.0,376537.0,6.3291,1.6364,934.0,832.0,-64.0,2.0,770.0,1592.0,133.0,80.0,3.0,316.0,23.0,22.03,5.02,1.79
2013/04/15,254.5,264.5,251.5,253.0,784.0,200911.0,0.3968,0.8452,647.0,98.0,52.0,-23.0,127.0,1641.0,164.0,115.0,6.0,286.0,14.0,22.12,5.04,1.78
2013/04/16,251.0,253.0,247.0,249.5,442.0,110812.0,-1.3834,0.4765,360.0,56.0,-81.0,-44.0,-70.0,1690.0,120.0,71.0,0.0,282.0,0.0,21.81,4.97,1.8
2013/04/17,248.5,258.0,245.0,254.0,621.0,156705.0,1.8036,0.6694,548.0,110.0,-49.0,28.0,89.0,1728.0,118.0,80.0,9.0,249.0,4.0,22.2,5.06,1.77
2013/04/18,254.0,255.5,251.0,253.0,271.0,68806.0,-0.3937,0.2921,237.0,-15.0,-9.0,22.0,-2.0,1734.0,52.0,46.0,23.0,225.0,0.0,22.12,5.04,1.78
2013/04/19,254.0,254.5,251.0,253.0,454.0,114931.0,0.0,0.4894,390.0,61.0,-49.0,-2.0,10.0,1717.0,48.0,65.0,47.0,40.0,0.0,22.12,5.04,1.78
2013/04/22,253.0,254.0,247.5,249.0,380.0,94863.0,-1.581,0.4096,326.0,-15.0,-73.0,25.0,-63.0,1696.0,0.0,21.0,0.0,0.0,0.0,21.77,4.96,1.81
2013/04/23,249.5,252.0,247.5,249.0,344.0,85716.0,0.0,0.3708,268.0,49.0,-20.0,-1.0,28.0,1670.0,0.0,26.0,0.0,0.0,0.0,21.77,4.96,1.81
2013/04/24,249.0,250.5,246.5,250.0,512.0,127446.0,0.4016,0.5519,407.0,156.0,-94.0,19.0,81.0,1638.0,0.0,32.0,0.0,0.0,0.0,21.85,4.98,1.8
2013/04/25,250.0,250.0,241.5,245.5,554.0,136371.0,-1.8,0.5972,465.0,149.0,-98.0,-33.0,18.0,1682.0,93.0,49.0,0.0,3.0,3.0,21.46,4.89,1.83
2013/04/26,243.5,244.0,228.5,228.5,1251.0,290825.0,-6.9246,1.3486,770.0,76.0,-364.0,27.0,-261.0,1862.0,247.0,69.0,0.0,3.0,0.0,19.97,4.55,1.97
2013/04/29,225.0,235.0,221.5,235.0,1050.0,238669.0,2.8446,1.1319,820.0,336.0,-278.0,-25.0,33.0,1884.0,88.0,66.0,0.0,48.0,45.0,20.54,4.68,1.91
2013/04/30,236.0,236.5,231.5,235.0,687.0,161090.0,0.0,0.7348,498.0,250.0,-136.0,-43.0,71.0,1787.0,23.0,120.0,0.0,52.0,4.0,20.54,4.68,1.91
2013/05/02,235.5,237.5,234.0,236.0,581.0,136540.0,0.4255,0.6214,432.0,-83.0,100.0,-10.0,7.0,1794.0,35.0,26.0,1.0,61.0,10.0,20.63,4.7,1.91
2013/05/03,237.0,239.0,228.0,232.0,615.0,143497.0,-1.6949,0.6578,484.0,-161.0,10.0,-16.0,-167.0,1788.0,87.0,93.0,2.0,60.0,1.0,20.28,4.62,1.94
2013/05/06,234.0,235.0,229.5,231.5,445.0,103070.0,-0.2155,0.476,360.0,114.0,-64.0,-7.0,43.0,1736.0,25.0,77.0,0.0,65.0,5.0,20.24,4.61,1.94
2013/05/07,237.0,239.0,235.5,239.0,608.0,144477.0,3.2397,0.6503,519.0,88.0,30.0,60.0,178.0,1763.0,112.0,85.0,4.0,105.0,44.0,20.89,4.76,1.88
2013/05/08,239.0,241.0,234.5,237.5,690.0,163734.0,-0.6276,0.738,584.0,183.0,-64.0,24.0,143.0,1732.0,82.0,113.0,6.0,101.0,2.0,20.76,4.73,1.89
2013/05/09,238.0,240.5,238.0,239.0,740.0,176835.0,0.6316,0.7915,506.0,320.0,-9.0,-10.0,301.0,1716.0,51.0,64.0,0.0,114.0,13.0,20.89,4.76,2.51
2013/05/10,240.0,243.5,238.5,239.5,597.0,143873.0,0.2092,0.6385,451.0,-36.0,17.0,32.0,13.0,1745.0,98.0,69.0,0.0,127.0,13.0,20.94,4.77,2.51
2013/05/13,241.0,242.5,235.0,239.5,467.0,111431.0,0.0,0.4995,363.0,-47.0,0.0,0.0,-47.0,1740.0,63.0,68.0,3.0,126.0,2.0,20.94,4.77,2.51
2013/05/14,241.0,242.5,229.0,231.5,610.0,142343.0,-3.3403,0.6524,482.0,-70.0,14.0,-68.0,-124.0,1820.0,158.0,78.0,7.0,134.0,15.0,20.24,4.21,2.59
2013/05/15,236.0,236.5,232.0,236.0,584.0,137107.0,1.9438,0.6246,506.0,182.0,4.0,-6.0,180.0,1869.0,138.0,87.0,0.0,179.0,45.0,17.35,4.29,2.54
2013/05/16,236.5,238.5,233.0,236.0,655.0,154401.0,0.0,0.7006,546.0,175.0,-10.0,-2.0,163.0,1848.0,64.0,85.0,5.0,212.0,40.0,17.35,4.29,2.54
2013/05/17,237.0,238.0,232.0,232.0,485.0,114066.0,-1.6949,0.5187,416.0,43.0,-9.0,-9.0,25.0,1853.0,69.0,62.0,4.0,215.0,7.0,17.06,4.22,2.59
2013/05/20,232.0,233.0,225.5,229.5,751.0,171398.0,-1.0776,0.8032,602.0,13.0,-138.0,-3.0,-128.0,1887.0,79.0,45.0,8.0,207.0,0.0,16.88,4.17,2.61
2013/05/21,229.5,237.5,227.5,237.0,916.0,212666.0,3.268,0.9797,661.0,122.0,-18.0,161.0,265.0,1831.0,47.0,102.0,3.0,227.0,23.0,17.43,4.31,2.53
2013/05/22,238.0,240.0,235.0,237.0,681.0,161254.0,0.0,0.7284,370.0,21.0,-25.0,-25.0,-29.0,1854.0,65.0,42.0,10.0,240.0,23.0,17.43,4.31,2.53
2013/05/23,237.0,237.0,234.0,235.0,554.0,130726.0,-0.8439,0.5925,363.0,-32.0,54.0,-21.0,1.0,1826.0,13.0,41.0,8.0,232.0,0.0,17.28,4.27,2.55
2013/05/24,235.0,236.5,233.0,234.0,471.0,110728.0,-0.4255,0.5038,325.0,81.0,2.0,-30.0,53.0,1793.0,13.0,46.0,1.0,271.0,40.0,17.21,4.26,2.56
2013/05/27,234.0,244.0,234.0,244.0,811.0,193684.0,4.2735,0.8674,669.0,162.0,73.0,20.0,255.0,1855.0,128.0,66.0,0.0,302.0,31.0,17.94,4.44,2.46
2013/05/28,245.0,246.0,242.0,244.0,551.0,134347.0,0.0,0.5893,463.0,5.0,120.0,-54.0,71.0,1817.0,55.0,93.0,5.0,326.0,29.0,17.94,4.44,2.46
2013/05/29,244.0,260.5,244.0,260.0,1135.0,287116.0,6.5574,1.2139,826.0,206.0,11.0,161.0,378.0,1848.0,187.0,156.0,1.0,429.0,104.0,19.12,4.73,2.31
2013/05/30,257.5,261.5,256.0,257.0,699.0,180554.0,-1.1538,0.7476,588.0,251.0,15.0,-101.0,165.0,1790.0,140.0,198.0,0.0,467.0,38.0,18.9,4.67,2.33
2013/05/31,260.0,271.0,259.5,262.5,971.0,257205.0,2.1401,1.0385,751.0,110.0,123.0,-74.0,159.0,1855.0,210.0,145.0,0.0,481.0,14.0,19.3,4.77,2.29
2013/06/03,260.0,263.0,257.0,261.0,700.0,182474.0,-0.5714,0.7487,527.0,-2.0,120.0,-37.0,81.0,1890.0,159.0,124.0,2.0,495.0,16.0,19.19,4.75,2.3
2013/06/04,262.0,262.5,249.0,249.5,658.0,169248.0,-4.4061,0.7038,547.0,98.0,-75.0,-8.0,15.0,1885.0,110.0,115.0,4.0,500.0,9.0,18.35,4.54,2.4
2013/06/05,251.0,253.0,243.5,248.0,550.0,137315.0,-0.6012,0.5883,452.0,61.0,-54.0,-38.0,-31.0,1889.0,65.0,60.0,11.0,488.0,0.0,18.24,4.51,2.42
2013/06/06,248.0,248.0,237.0,238.5,630.0,151958.0,-3.8306,0.6738,540.0,11.0,-80.0,-24.0,-93.0,1908.0,114.0,95.0,7.0,483.0,2.0,17.54,4.34,2.52
2013/06/07,238.5,238.5,222.5,224.5,865.0,199502.0,-5.87,0.9252,676.0,12.0,41.0,-34.0,19.0,1958.0,171.0,121.0,7.0,486.0,13.0,16.51,4.08,2.67
2013/06/10,226.0,233.0,225.5,230.0,663.0,152225.0,2.4499,0.7091,558.0,22.0,-35.0,-57.0,-70.0,1980.0,98.0,76.0,5.0,507.0,26.0,16.91,4.18,2.61
2013/06/11,231.0,232.0,225.0,228.0,507.0,115406.0,-0.8696,0.5423,387.0,52.0,-3.0,-33.0,16.0,1949.0,46.0,77.0,0.0,506.0,0.0,16.76,4.15,2.63
2013/06/13,226.0,228.5,215.0,215.0,730.0,159998.0,-5.7018,0.7808,580.0,-264.0,-79.0,-3.0,-346.0,1999.0,103.0,53.0,4.0,505.0,3.0,15.81,3.91,2.79
2013/06/14,218.0,219.5,200.5,214.5,1235.0,258184.0,-0.2326,1.3209,888.0,223.0,-111.0,29.0,141.0,2112.0,217.0,104.0,6.0,509.0,10.0,15.77,3.9,2.8
2013/06/17,214.5,228.5,214.5,227.5,1139.0,252411.0,6.0606,1.2182,904.0,453.0,72.0,18.0,543.0,1960.0,74.0,226.0,1.0,557.0,49.0,16.73,4.14,2.64
2013/06/18,227.5,231.5,222.0,227.5,1108.0,250156.0,0.0,1.1851,784.0,97.0,-25.0,35.0,107.0,2007.0,126.0,79.0,0.0,563.0,6.0,16.73,4.14,2.64
2013/06/19,227.5,230.5,226.0,228.5,755.0,172904.0,0.4396,0.8075,464.0,201.0,10.0,2.0,213.0,1955.0,42.0,94.0,0.0,570.0,7.0,16.8,4.16,2.63
2013/06/20,227.0,235.0,226.0,231.5,866.0,199659.0,1.3129,0.9262,662.0,178.0,0.0,15.0,193.0,1937.0,91.0,109.0,0.0,577.0,7.0,17.02,4.21,2.59
2013/06/21,230.0,231.0,221.0,222.0,452.0,101689.0,-4.1037,0.4834,373.0,-45.0,-11.0,-3.0,-59.0,1961.0,100.0,76.0,2.0,575.0,0.0,16.32,4.04,2.7
2013/06/24,222.0,227.0,220.0,221.5,492.0,110248.0,-0.2252,0.5262,448.0,4.0,0.0,-31.0,-27.0,1945.0,38.0,54.0,0.0,588.0,13.0,16.29,4.03,2.71
2013/06/25,221.5,224.0,214.0,217.0,460.0,100003.0,-2.0316,0.492,364.0,-88.0,0.0,-8.0,-96.0,1960.0,71.0,56.0,2.0,586.0,0.0,15.96,3.95,2.76
2013/06/26,219.5,221.5,211.0,213.5,595.0,128367.0,-1.6129,0.6364,492.0,-47.0,-47.0,-13.0,-107.0,1961.0,56.0,54.0,0.0,597.0,11.0,15.7,3.88,2.81
2013/06/27,216.0,223.0,216.0,217.0,507.0,110829.0,1.6393,0.5423,453.0,96.0,-75.0,3.0,24.0,1972.0,73.0,62.0,0.0,608.0,11.0,15.96,3.95,2.76
2013/06/28,223.0,225.0,218.0,220.0,640.0,142042.0,1.3825,0.6807,558.0,106.0,0.0,-11.0,95.0,1933.0,50.0,89.0,0.0,611.0,3.0,16.18,4.0,2.73
2013/07/01,222.0,233.0,220.5,233.0,894.0,204465.0,5.9091,0.9509,714.0,135.0,110.0,48.0,293.0,1902.0,78.0,109.0,1.0,614.0,4.0,17.13,4.24,2.58
2013/07/02,235.0,236.0,230.5,232.0,623.0,145548.0,-0.4292,0.6626,492.0,27.0,4.0,-30.0,1.0,1873.0,37.0,66.0,0.0,444.0,0.0,17.06,4.22,2.59
2013/07/03,232.5,236.0,229.5,234.5,737.0,172377.0,1.0776,0.7839,631.0,47.0,51.0,-4.0,94.0,1824.0,39.0,88.0,0.0,425.0,0.0,17.24,4.27,2.56
2013/07/04,234.5,236.5,227.0,234.5,583.0,135761.0,0.0,0.6201,451.0,100.0,0.0,-31.0,69.0,1794.0,40.0,70.0,3.0,393.0,0.0,17.24,4.27,2.56
2013/07/05,235.0,236.0,233.5,235.0,510.0,119868.0,0.2132,0.5424,392.0,74.0,2.0,-28.0,48.0,1802.0,56.0,48.0,0.0,339.0,1.0,17.28,4.27,2.55
2013/07/08,236.0,242.5,235.0,241.0,913.0,218412.0,2.5532,0.9711,742.0,365.0,-49.0,-17.0,299.0,1800.0,72.0,74.0,0.0,282.0,3.0,17.72,4.38,2.49
2013/07/09,242.0,244.0,233.0,237.0,611.0,146124.0,-1.6598,0.6499,509.0,62.0,-127.0,14.0,-51.0,1816.0,117.0,101.0,1.0,199.0,0.0,17.43,4.31,2.53
2013/07/10,238.0,241.0,237.5,238.0,462.0,110619.0,0.4219,0.4914,358.0,79.0,0.0,-16.0,63.0,1784.0,37.0,69.0,1.0,125.0,2.0,17.5,4.33,2.52
2013/07/11,238.5,246.5,238.5,245.0,767.0,185724.0,2.9412,0.8158,621.0,96.0,145.0,11.0,252.0,1772.0,71.0,83.0,2.0,97.0,3.0,18.01,4.46,2.45
2013/07/12,246.0,255.0,245.0,251.0,1171.0,292804.0,2.449,1.2455,854.0,144.0,12.0,165.0,321.0,1732.0,111.0,151.0,1.0,108.0,12.0,18.46,4.57,2.39
2013/07/15,251.0,256.0,249.5,256.0,852.0,216610.0,1.992,0.9062,646.0,69.0,79.0,-146.0,2.0,1772.0,173.0,133.0,1.0,99.0,1.0,18.82,4.66,2.34
2013/07/16,256.5,257.5,254.0,255.5,621.0,159064.0,-0.1953,0.6579,481.0,29.0,-8.0,-20.0,1.0,1713.0,16.0,72.0,1.0,73.0,1.0,18.79,4.65,2.35
2013/07/17,253.5,254.0,242.0,247.0,878.0,217482.0,-3.3268,0.9301,761.0,-72.0,-83.0,-32.0,-187.0,1693.0,58.0,78.0,12.0,61.0,0.0,18.16,4.49,2.43
2013/07/18,245.0,249.0,242.0,243.0,734.0,180933.0,-1.6194,0.7776,643.0,120.0,-5.0,-23.0,92.0,1678.0,35.0,44.0,1.0,61.0,1.0,17.87,4.42,2.47
2013/07/19,244.5,248.5,244.5,246.5,556.0,137568.0,1.4403,0.589,456.0,54.0,20.0,-29.0,45.0,1653.0,26.0,50.0,2.0,62.0,3.0,18.13,4.48,2.43
2013/07/22,247.0,250.0,247.0,249.5,417.0,103867.0,1.217,0.4418,280.0,40.0,0.0,-12.0,28.0,1630.0,12.0,34.0,2.0,61.0,1.0,18.35,4.54,2.38
2013/07/23,249.5,252.0,243.0,252.0,595.0,148107.0,1.002,0.6303,413.0,27.0,-6.0,2.0,23.0,1592.0,23.0,61.0,0.0,62.0,1.0,18.53,4.58,2.36
2013/07/24,252.0,263.0,250.5,256.0,998.0,256267.0,1.5873,1.0573,714.0,100.0,16.0,45.0,161.0,1651.0,138.0,78.0,0.0,74.0,12.0,18.82,4.66,2.32
2013/07/25,257.0,260.5,257.0,259.0,485.0,125826.0,1.1719,0.5138,380.0,116.0,0.0,-25.0,91.0,1645.0,63.0,69.0,11.0,25.0,0.0,19.04,4.71,2.29
2013/07/26,260.0,260.0,257.0,257.0,384.0,99467.0,-0.7722,0.4068,305.0,-18.0,5.0,-28.0,-41.0,1606.0,27.0,66.0,20.0,0.0,0.0,18.9,4.67,2.31
2013/07/29,257.0,257.0,254.5,256.0,392.0,100517.0,-0.3891,0.4153,271.0,142.0,0.0,1.0,143.0,1560.0,0.0,46.0,0.0,0.0,0.0,18.82,4.66,2.32
2013/07/30,257.0,267.0,257.0,267.0,745.0,196154.0,4.2969,0.7892,533.0,88.0,-3.0,136.0,221.0,1481.0,0.0,79.0,0.0,0.0,0.0,19.63,4.86,2.22
2013/07/31,268.0,269.0,263.0,268.0,780.0,208478.0,0.3745,0.8263,605.0,220.0,30.0,-135.0,115.0,1377.0,0.0,104.0,0.0,0.0,0.0,19.71,4.87,2.22
2013/08/01,261.0,263.0,253.0,257.5,485.0,125871.0,-1.7004,0.5138,385.0,95.0,0.0,-31.0,64.0,1422.0,61.0,16.0,0.0,11.0,11.0,18.93,4.68,2.31
2013/08/02,258.0,264.5,258.0,262.0,541.0,141636.0,1.7476,0.5731,431.0,111.0,-13.0,-9.0,89.0,1433.0,43.0,32.0,0.0,28.0,17.0,19.26,4.77,2.27
2013/08/05,263.0,272.5,261.0,268.5,687.0,183380.0,2.4809,0.7278,571.0,-5.0,64.0,21.0,80.0,1433.0,51.0,47.0,0.0,54.0,26.0,19.74,4.88,2.21
2013/08/06,269.5,280.5,269.5,277.5,1001.0,277441.0,3.352,1.0604,751.0,78.0,200.0,-27.0,251.0,1469.0,118.0,82.0,0.0,119.0,65.0,20.4,5.05,2.14
2013/08/07,272.5,274.5,258.5,261.0,933.0,243047.0,-5.9459,0.9884,516.0,257.0,-142.0,-62.0,53.0,1476.0,103.0,96.0,5.0,114.0,0.0,19.19,4.89,2.28
2013/08/08,258.5,259.0,245.5,248.0,653.0,162999.0,-4.9808,0.6918,586.0,-133.0,-137.0,-4.0,-274.0,1578.0,149.0,47.0,3.0,111.0,0.0,18.16,4.64,2.4
2013/08/09,246.0,251.5,242.5,249.0,974.0,243068.0,0.4032,1.0318,684.0,-183.0,-29.0,-37.0,-249.0,1572.0,61.0,67.0,1.0,117.0,7.0,18.23,4.66,2.39
2013/08/12,244.0,251.5,244.0,249.0,516.0,128818.0,0.0,0.5466,402.0,-21.0,-151.0,-55.0,-227.0,1537.0,10.0,45.0,0.0,109.0,6.0,18.23,4.66,2.39
2013/08/13,250.0,251.5,248.5,250.0,535.0,133979.0,0.4016,0.5668,324.0,46.0,0.0,-42.0,4.0,1554.0,53.0,36.0,1.0,96.0,6.0,18.3,4.68,2.38
2013/08/14,250.0,259.0,250.0,255.0,677.0,172370.0,2.0,0.7172,388.0,40.0,-6.0,-33.0,1.0,1531.0,37.0,60.0,0.0,99.0,3.0,18.67,4.77,2.33
2013/08/15,255.0,258.5,253.5,255.5,454.0,115959.0,0.1961,0.481,377.0,-34.0,5.0,-8.0,-37.0,1488.0,13.0,56.0,3.0,104.0,15.0,18.7,4.78,2.32
2013/08/16,255.5,257.0,246.0,253.0,497.0,125300.0,-0.9785,0.5265,333.0,-2.0,-24.0,-14.0,-40.0,1461.0,35.0,62.0,1.0,94.0,1.0,18.52,4.74,2.35
2013/08/19,253.0,264.0,253.0,259.0,522.0,135347.0,2.3715,0.553,412.0,119.0,6.0,-21.0,104.0,1449.0,35.0,46.0,4.0,101.0,13.0,18.96,4.85,2.29
2013/08/20,261.0,263.5,261.0,261.5,680.0,178374.0,0.9653,0.7204,442.0,-30.0,96.0,-9.0,57.0,1409.0,24.0,64.0,0.0,125.0,30.0,19.14,4.9,2.27
2013/08/22,261.5,266.5,260.5,266.5,509.0,134215.0,1.912,0.5392,391.0,-54.0,56.0,-19.0,-17.0,1397.0,22.0,34.0,9.0,114.0,1.0,19.51,4.99,2.23
2013/08/23,266.5,272.0,266.5,269.0,410.0,110735.0,0.9381,0.4343,329.0,66.0,0.0,-2.0,64.0,1349.0,21.0,69.0,0.0,120.0,6.0,19.69,5.04,2.21
2013/08/26,269.0,276.0,262.5,266.5,525.0,142190.0,-0.9294,0.5562,402.0,-84.0,0.0,-11.0,-95.0,1350.0,25.0,24.0,0.0,122.0,4.0,19.51,4.99,2.23
2013/08/27,266.5,271.0,264.0,266.5,375.0,100400.0,0.0,0.3973,248.0,-14.0,-2.0,-15.0,-31.0,1340.0,21.0,31.0,1.0,124.0,3.0,19.51,4.99,2.23
2013/08/28,265.0,266.0,257.0,265.0,534.0,139136.0,-0.5629,0.5657,376.0,-103.0,-6.0,-14.0,-123.0,1335.0,32.0,37.0,4.0,105.0,0.0,19.4,4.96,2.24
2013/08/29,265.0,267.0,256.0,259.0,460.0,120034.0,-2.2642,0.4873,372.0,-151.0,-4.0,2.0,-153.0,1379.0,75.0,31.0,0.0,102.0,2.0,18.96,4.85,2.29
2013/08/30,258.5,261.0,248.5,254.0,568.0,144468.0,-1.9305,0.6004,489.0,-154.0,40.0,21.0,-93.0,1432.0,86.0,33.0,10.0,89.0,0.0,18.59,4.76,2.34
2013/09/02,254.0,255.0,252.5,254.0,564.0,143076.0,0.0,0.5962,375.0,-71.0,0.0,1.0,-70.0,1422.0,19.0,29.0,4.0,81.0,2.0,18.59,4.76,2.34
2013/09/03,255.0,259.5,254.5,256.0,540.0,138545.0,0.7874,0.5708,380.0,-99.0,26.0,-9.0,-82.0,1419.0,81.0,84.0,2.0,73.0,3.0,18.74,4.79,2.32
2013/09/04,256.5,258.5,252.5,252.5,505.0,129271.0,-1.3672,0.5338,387.0,-63.0,-30.0,-1.0,-94.0,1391.0,35.0,63.0,0.0,47.0,5.0,18.48,4.73,2.35
2013/09/05,253.5,255.5,250.0,252.5,713.0,180513.0,0.0,0.7537,572.0,-35.0,-72.0,2.0,-105.0,1397.0,29.0,19.0,4.0,44.0,1.0,18.48,4.73,2.35
2013/09/06,253.5,253.5,249.5,252.0,487.0,122947.0,-0.198,0.5148,354.0,-65.0,-72.0,-1.0,-138.0,1378.0,9.0,28.0,0.0,44.0,2.0,18.45,4.72,2.36
2013/09/09,253.5,254.0,242.5,245.0,749.0,185982.0,-2.7778,0.7917,622.0,214.0,-222.0,-5.0,-13.0,1301.0,36.0,113.0,1.0,44.0,1.0,17.94,4.59,2.42
2013/09/10,247.0,254.0,247.0,254.0,703.0,176318.0,3.6735,0.7431,549.0,117.0,33.0,-6.0,144.0,1264.0,16.0,53.0,3.0,81.0,40.0,18.59,4.76,2.34
2013/09/11,255.0,261.5,252.5,260.0,642.0,166094.0,2.3622,0.6786,484.0,-29.0,26.0,14.0,11.0,1236.0,66.0,94.0,2.0,92.0,13.0,19.03,4.87,2.28
2013/09/12,260.0,269.0,260.0,265.0,826.0,218459.0,1.9231,0.8731,611.0,414.0,-5.0,1.0,410.0,1234.0,33.0,35.0,14.0,89.0,11.0,19.4,4.96,2.24
2013/09/13,265.5,268.5,257.0,259.5,647.0,171017.0,-2.0755,0.6839,533.0,12.0,-54.0,-6.0,-48.0,1259.0,43.0,18.0,6.0,84.0,1.0,19.0,4.86,2.29
2013/09/14,260.0,263.5,254.0,261.5,339.0,88427.0,0.7707,0.3583,252.0,0.0,-50.0,-17.0,-67.0,1251.0,17.0,25.0,0.0,82.0,2.0,19.14,4.9,2.27
2013/09/16,261.5,264.0,261.0,264.0,326.0,85547.0,0.956,0.3446,237.0,38.0,0.0,-7.0,31.0,1216.0,17.0,52.0,0.0,82.0,0.0,19.33,4.94,2.25
2013/09/17,264.0,266.0,259.0,262.5,466.0,122485.0,-0.5682,0.4926,380.0,-41.0,10.0,16.0,-15.0,1243.0,37.0,10.0,0.0,80.0,0.0,19.22,4.91,2.26
2013/09/18,263.0,265.0,262.5,264.5,336.0,88710.0,0.7619,0.3552,234.0,86.0,0.0,-14.0,72.0,1212.0,0.0,30.0,0.0,69.0,1.0,19.36,4.95,2.25
2013/09/23,265.0,268.0,264.0,264.0,419.0,111607.0,-0.189,0.4429,306.0,53.0,-3.0,2.0,52.0,1191.0,7.0,28.0,1.0,68.0,3.0,19.33,4.94,2.25
2013/09/24,265.0,267.5,264.5,267.0,418.0,111463.0,1.1364,0.4418,316.0,151.0,-2.0,6.0,155.0,1189.0,7.0,9.0,2.0,67.0,1.0,19.55,5.0,2.22
2013/09/25,267.0,269.0,265.5,265.5,319.0,85589.0,-0.5618,0.3372,236.0,-48.0,0.0,2.0,-46.0,1209.0,30.0,10.0,3.0,64.0,0.0,19.44,4.97,2.24
2013/09/26,268.0,268.0,248.5,253.0,636.0,163540.0,-4.7081,0.6723,568.0,41.0,-44.0,-9.0,-12.0,1245.0,61.0,25.0,5.0,67.0,8.0,18.52,4.74,2.35
2013/09/27,254.0,258.5,252.0,258.0,726.0,185268.0,1.9763,0.7674,550.0,61.0,-13.0,6.0,54.0,1237.0,26.0,34.0,1.0,65.0,2.0,18.89,4.83,2.3
2013/09/30,258.0,259.0,256.0,258.5,275.0,70976.0,0.1938,0.2905,184.0,-13.0,0.0,-2.0,-15.0,1222.0,2.0,17.0,0.0,72.0,7.0,18.92,4.84,2.3
2013/10/01,257.0,262.0,257.0,262.0,413.0,107646.0,1.354,0.4363,292.0,54.0,27.0,0.0,81.0,1205.0,9.0,26.0,4.0,71.0,3.0,19.18,4.91,2.27
2013/10/02,262.5,268.5,262.5,268.5,533.0,142241.0,2.4809,0.5631,398.0,290.0,19.0,-6.0,303.0,1188.0,20.0,37.0,2.0,74.0,5.0,19.66,5.03,2.21
2013/10/03,269.5,284.0,268.5,280.5,1015.0,279466.0,4.4693,1.0723,643.0,203.0,79.0,59.0,341.0,1223.0,85.0,46.0,20.0,58.0,5.0,20.53,5.25,2.12
2013/10/04,280.5,290.5,270.0,290.5,951.0,268577.0,3.5651,1.0047,706.0,380.0,10.0,-38.0,352.0,1231.0,61.0,53.0,3.0,75.0,20.0,21.27,5.44,2.04
2013/10/07,291.0,302.0,282.0,282.0,499.0,145299.0,-2.926,0.5272,419.0,13.0,-18.0,-57.0,-62.0,1250.0,70.0,51.0,24.0,53.0,2.0,20.64,5.28,2.11
2013/10/08,262.5,262.5,262.5,262.5,716.0,188058.0,-6.9149,0.7564,138.0,120.0,0.0,0.0,120.0,1273.0,29.0,6.0,3.0,50.0,0.0,19.22,4.91,2.26
2013/10/09,250.5,262.5,250.5,262.5,949.0,245457.0,0.0,1.0026,806.0,-100.0,-24.0,3.0,-121.0,1323.0,91.0,41.0,3.0,48.0,1.0,19.22,4.91,2.26
2013/10/11,262.5,268.0,254.0,259.0,560.0,145308.0,-1.3333,0.5916,487.0,-17.0,-37.0,-8.0,-62.0,1322.0,68.0,68.0,2.0,57.0,11.0,18.96,4.85,2.29
2013/10/14,260.0,262.5,258.5,261.0,434.0,112908.0,0.7722,0.4585,305.0,37.0,-21.0,-7.0,9.0,1324.0,25.0,23.0,0.0,75.0,18.0,19.11,4.89,2.28
2013/10/15,261.5,266.0,261.5,263.0,562.0,148562.0,0.7663,0.5937,410.0,128.0,-75.0,-5.0,48.0,1311.0,29.0,42.0,4.0,73.0,2.0,19.25,4.92,2.26
2013/10/16,263.0,266.0,258.0,262.0,503.0,131803.0,-0.3802,0.5314,379.0,-2.0,-55.0,-27.0,-84.0,1307.0,22.0,26.0,5.0,67.0,0.0,19.18,4.91,2.27
2013/10/17,263.0,264.0,258.0,258.0,488.0,127031.0,-1.5267,0.5155,388.0,-48.0,-60.0,-3.0,-111.0,1319.0,35.0,23.0,0.0,62.0,0.0,18.89,4.83,2.3
2013/10/18,258.0,260.5,251.5,259.5,769.0,196953.0,0.5814,0.8124,583.0,44.0,-126.0,-5.0,-87.0,1354.0,50.0,15.0,3.0,56.0,3.0,19.0,4.86,2.29
2013/10/21,259.5,259.5,254.5,257.5,479.0,122854.0,-0.7707,0.506,342.0,22.0,-50.0,-57.0,-85.0,1387.0,49.0,16.0,0.0,46.0,0.0,18.85,4.82,2.31
2013/10/22,257.5,258.5,255.0,256.0,475.0,122293.0,-0.5825,0.5018,388.0,-10.0,-50.0,-10.0,-70.0,1396.0,29.0,20.0,0.0,46.0,0.0,18.74,4.79,2.32
2013/10/23,256.0,257.5,250.0,254.5,501.0,127393.0,-0.5859,0.5293,369.0,-3.0,-50.0,-2.0,-55.0,1409.0,29.0,16.0,0.0,49.0,3.0,18.63,4.77,2.33
2013/10/24,254.5,258.5,253.5,258.0,561.0,143755.0,1.3752,0.5927,380.0,199.0,-62.0,-5.0,132.0,1374.0,8.0,43.0,1.0,62.0,14.0,18.89,4.83,2.3
2013/10/25,258.0,262.0,257.5,260.0,437.0,113839.0,0.7752,0.4617,323.0,115.0,0.0,-1.0,114.0,1372.0,29.0,31.0,0.0,62.0,0.0,19.03,4.87,2.28
2013/10/28,262.5,266.5,260.5,262.0,441.0,116313.0,0.7692,0.4659,340.0,41.0,-20.0,2.0,23.0,1417.0,99.0,54.0,2.0,82.0,22.0,19.18,4.91,2.27
2013/10/29,262.0,264.0,257.0,259.0,426.0,110717.0,-1.145,0.45,298.0,-27.0,-53.0,-1.0,-81.0,1442.0,49.0,24.0,14.0,74.0,6.0,18.96,4.85,2.29
2013/10/30,259.0,262.0,255.5,259.5,328.0,85105.0,0.1931,0.3465,244.0,-11.0,-50.0,0.0,-61.0,1423.0,2.0,21.0,4.0,67.0,0.0,19.0,4.86,2.29
2013/10/31,261.0,263.0,258.0,260.0,550.0,143385.0,0.1927,0.5792,451.0,115.0,-88.0,0.0,27.0,1406.0,20.0,37.0,0.0,69.0,2.0,19.03,4.87,2.28
2013/11/01,261.0,261.0,256.5,257.0,317.0,82046.0,-1.1538,0.3338,217.0,4.0,-50.0,-1.0,-47.0,1413.0,17.0,10.0,3.0,67.0,1.0,18.81,4.81,2.31
2013/11/04,257.5,259.0,253.5,255.0,383.0,98471.0,-0.7782,0.4033,276.0,-74.0,0.0,1.0,-73.0,1415.0,23.0,21.0,1.0,66.0,1.0,18.67,4.77,2.33
2013/11/05,255.5,257.5,251.5,253.0,447.0,113571.0,-0.7843,0.4707,330.0,-3.0,-10.0,1.0,-12.0,1399.0,19.0,35.0,7.0,61.0,2.0,18.52,4.74,2.35
2013/11/06,253.5,254.5,247.0,254.5,643.0,161698.0,0.5929,0.6771,467.0,96.0,-79.0,0.0,17.0,1386.0,26.0,39.0,4.0,62.0,5.0,18.63,4.77,2.33
2013/11/07,257.5,272.0,257.5,272.0,912.0,245469.0,6.8762,0.9604,586.0,407.0,-15.0,40.0,432.0,1391.0,147.0,142.0,5.0,72.0,15.0,19.91,4.75,2.18
2013/11/08,274.0,282.0,272.0,281.5,1025.0,283748.0,3.4926,1.0794,788.0,349.0,155.0,-14.0,490.0,1277.0,66.0,180.0,6.0,78.0,12.0,19.96,4.92,2.11
2013/11/11,282.0,290.5,282.0,287.0,833.0,239170.0,1.9538,0.8772,594.0,246.0,-20.0,-15.0,211.0,1256.0,65.0,86.0,0.0,82.0,4.0,20.35,5.01,2.07
2013/11/12,288.0,291.0,285.0,287.0,491.0,141449.0,0.0,0.5171,362.0,74.0,0.0,-7.0,67.0,1241.0,37.0,52.0,0.0,84.0,2.0,20.35,5.01,2.07
2013/11/13,287.0,290.0,278.0,282.5,637.0,180951.0,-1.5679,0.6708,519.0,203.0,0.0,-16.0,187.0,1231.0,19.0,29.0,5.0,79.0,0.0,20.04,4.93,2.1
2013/11/14,281.5,283.5,275.0,279.5,590.0,164552.0,-1.0619,0.6213,478.0,5.0,0.0,8.0,13.0,1269.0,40.0,2.0,4.0,75.0,1.0,19.82,4.88,2.13
2013/11/15,280.0,286.0,279.0,280.0,527.0,148956.0,0.1789,0.555,392.0,126.0,49.0,6.0,181.0,1276.0,36.0,29.0,0.0,64.0,4.0,19.86,4.89,2.12
2013/11/18,281.0,281.5,278.5,280.0,406.0,113809.0,0.0,0.4276,290.0,-43.0,2.0,9.0,-31.0,1329.0,63.0,10.0,4.0,60.0,0.0,19.86,4.89,2.12
2013/11/19,281.0,288.0,276.0,276.5,953.0,268867.0,-1.25,1.0036,740.0,-165.0,0.0,39.0,-126.0,1337.0,75.0,67.0,1.0,60.0,1.0,19.61,4.83,2.15
2013/11/20,277.0,277.0,263.0,263.0,1095.0,291761.0,-4.8825,1.1531,870.0,-424.0,0.0,19.0,-405.0,1373.0,119.0,83.0,17.0,47.0,4.0,18.65,4.59,2.26
2013/11/21,261.0,261.0,252.0,255.0,1292.0,330357.0,-3.0418,1.3606,1105.0,-508.0,0.0,-78.0,-586.0,1486.0,137.0,24.0,12.0,39.0,4.0,18.09,4.45,2.33
2013/11/22,256.0,268.5,256.0,267.5,1031.0,270338.0,4.902,1.0857,863.0,76.0,153.0,-33.0,196.0,1390.0,60.0,156.0,5.0,41.0,7.0,18.97,4.67,2.22
2013/11/25,269.0,283.5,269.0,281.0,769.0,213501.0,5.0467,0.8098,635.0,251.0,11.0,6.0,268.0,1338.0,61.0,113.0,1.0,61.0,21.0,19.93,4.91,2.11
2013/11/26,283.0,285.0,280.0,282.0,687.0,194173.0,0.3559,0.7235,551.0,170.0,0.0,-21.0,149.0,1302.0,46.0,82.0,0.0,60.0,1.0,20.0,4.92,2.11
2013/11/27,285.5,296.0,285.5,292.0,934.0,271650.0,3.5461,0.9836,762.0,280.0,12.0,112.0,404.0,1326.0,112.0,88.0,1.0,69.0,10.0,20.71,5.1,2.03
2013/11/28,295.0,301.5,285.5,286.5,1041.0,308645.0,-1.8836,1.0963,814.0,120.0,39.0,-21.0,138.0,1279.0,86.0,131.0,2.0,84.0,17.0,20.32,5.0,2.07
2013/11/29,288.0,306.5,288.0,306.5,994.0,298223.0,6.9808,1.0446,802.0,409.0,23.0,-27.0,405.0,1349.0,157.0,87.0,8.0,88.0,12.0,21.74,5.35,1.94
2013/12/02,310.0,322.0,305.0,307.0,1227.0,384710.0,0.1631,1.2895,1086.0,257.0,160.0,-41.0,376.0,1446.0,223.0,126.0,6.0,89.0,7.0,21.77,5.36,1.93
2013/12/03,310.0,318.0,300.0,304.5,1015.0,310759.0,-0.8143,1.0667,811.0,170.0,91.0,3.0,264.0,1568.0,225.0,103.0,2.0,92.0,5.0,21.6,5.32,1.95
2013/12/04,306.5,314.0,301.0,304.0,849.0,261373.0,-0.1642,0.8922,743.0,176.0,50.0,-20.0,206.0,1612.0,151.0,107.0,4.0,97.0,9.0,21.56,5.31,1.95
2013/12/05,311.0,315.0,306.0,308.0,757.0,235269.0,1.3158,0.7955,626.0,133.0,40.0,-2.0,171.0,1683.0,186.0,114.0,18.0,81.0,2.0,21.84,5.38,1.93
2013/12/06,309.5,321.5,309.0,318.0,772.0,243853.0,3.2468,0.8113,659.0,114.0,0.0,66.0,180.0,1644.0,151.0,190.0,2.0,99.0,20.0,22.55,5.55,1.87
2013/12/09,319.5,323.0,306.5,306.5,833.0,260154.0,-3.6164,0.8754,733.0,150.0,6.0,-98.0,58.0,1610.0,130.0,164.0,3.0,97.0,1.0,21.74,5.35,1.94
2013/12/10,307.5,319.0,307.5,308.5,736.0,230076.0,0.6525,0.7735,642.0,75.0,0.0,-16.0,59.0,1571.0,111.0,150.0,0.0,101.0,4.0,21.88,5.39,1.93
2013/12/11,317.5,326.5,316.0,321.0,1130.0,363046.0,4.0519,1.1875,959.0,356.0,30.0,78.0,464.0,1602.0,218.0,187.0,2.0,126.0,27.0,22.77,5.61,1.85
2013/12/12,323.0,335.5,321.0,328.5,1025.0,337007.0,2.3364,1.0772,900.0,-59.0,-12.0,3.0,-68.0,1640.0,226.0,188.0,27.0,112.0,13.0,23.3,5.74,1.81
2013/12/13,329.5,329.5,317.0,319.5,794.0,255499.0,-2.7397,0.8344,680.0,-162.0,-29.0,6.0,-185.0,1648.0,127.0,119.0,11.0,116.0,15.0,22.66,5.58,1.86
2013/12/16,320.5,328.0,320.0,320.0,844.0,273777.0,0.1565,0.887,684.0,105.0,173.0,-11.0,267.0,1584.0,44.0,107.0,4.0,119.0,7.0,22.7,5.59,1.86
2013/12/17,327.0,327.5,318.0,321.0,580.0,187367.0,0.3125,0.6095,491.0,168.0,10.0,-27.0,151.0,1625.0,87.0,46.0,5.0,118.0,4.0,22.77,5.61,1.85
2013/12/18,324.0,339.0,321.5,336.5,988.0,325853.0,4.8287,1.0383,823.0,286.0,89.0,28.0,403.0,1523.0,98.0,200.0,10.0,120.0,12.0,23.87,5.88,1.77
2013/12/19,339.5,351.5,338.0,345.0,1193.0,413811.0,2.526,1.2537,1012.0,258.0,31.0,-4.0,285.0,1492.0,130.0,161.0,15.0,108.0,3.0,24.47,6.02,1.72
2013/12/20,344.0,344.0,337.0,339.0,659.0,224469.0,-1.7391,0.6925,562.0,-103.0,-19.0,29.0,-93.0,1523.0,125.0,94.0,2.0,106.0,0.0,24.04,5.92,1.75
2013/12/23,340.0,343.5,330.5,335.0,646.0,217131.0,-1.1799,0.6789,603.0,82.0,-34.0,-43.0,5.0,1512.0,52.0,63.0,9.0,97.0,0.0,23.76,5.85,1.77
2013/12/24,338.0,339.5,333.0,333.5,556.0,186875.0,-0.4478,0.5843,467.0,13.0,-1.0,28.0,40.0,1546.0,61.0,27.0,0.0,97.0,0.0,23.65,5.82,1.78
2013/12/25,336.0,338.0,335.0,338.0,566.0,191020.0,1.3493,0.5948,443.0,223.0,-36.0,-14.0,173.0,1547.0,53.0,52.0,0.0,98.0,1.0,23.97,5.9,1.76
2013/12/26,339.0,351.0,339.0,342.0,630.0,218190.0,1.1834,0.6621,554.0,127.0,-50.0,49.0,126.0,1466.0,78.0,159.0,1.0,95.0,0.0,24.26,5.97,1.74
2013/12/27,345.5,348.0,339.5,345.0,463.0,159242.0,0.8772,0.4866,383.0,14.0,-30.0,-16.0,-32.0,1463.0,77.0,80.0,0.0,92.0,0.0,24.47,6.02,1.72
2013/12/30,346.0,350.0,335.0,337.5,687.0,234133.0,-2.1739,0.722,572.0,-162.0,-35.0,-53.0,-250.0,1523.0,138.0,78.0,4.0,89.0,1.0,23.94,5.89,1.76
2013/12/31,339.0,343.0,330.0,336.0,715.0,240404.0,-0.4444,0.7511,598.0,-1.0,-7.0,-22.0,-30.0,1482.0,47.0,88.0,1.0,92.0,4.0,23.83,5.87,1.77
2014/01/02,335.5,340.0,331.5,337.0,597.0,199979.0,0.2976,0.6272,472.0,94.0,-41.0,-7.0,46.0,1459.0,35.0,58.0,6.0,87.0,1.0,23.9,5.88,1.76
2014/01/03,338.0,342.0,333.0,337.5,734.0,246890.0,0.1484,0.7711,556.0,155.0,-37.0,-10.0,108.0,1430.0,143.0,172.0,2.0,86.0,1.0,23.94,5.89,1.76
2014/01/06,339.0,341.5,331.0,332.5,722.0,242203.0,-1.4815,0.7585,544.0,121.0,-32.0,-93.0,-4.0,1398.0,59.0,91.0,3.0,84.0,1.0,23.58,5.81,1.79
2014/01/07,334.0,340.0,333.5,340.0,820.0,275574.0,2.2556,0.8615,698.0,493.0,25.0,-6.0,512.0,1344.0,39.0,93.0,1.0,88.0,5.0,24.11,5.94,1.75
2014/01/08,343.0,350.0,335.5,337.0,903.0,308931.0,-0.8824,0.9486,710.0,-172.0,0.0,70.0,-102.0,1398.0,127.0,73.0,4.0,83.0,0.0,23.9,5.88,1.76
2014/01/09,336.0,339.5,323.0,326.5,1203.0,397802.0,-3.1157,1.2638,820.0,-8.0,-137.0,-70.0,-215.0,1419.0,80.0,59.0,5.0,83.0,5.0,23.16,5.7,1.82
2014/01/10,326.5,334.0,326.5,328.0,455.0,150064.0,0.4594,0.478,330.0,-21.0,0.0,-4.0,-25.0,1397.0,26.0,48.0,3.0,85.0,5.0,23.26,5.73,1.81
2014/01/13,328.0,333.0,316.0,319.5,712.0,229388.0,-2.5915,0.748,597.0,-104.0,-28.0,-5.0,-137.0,1324.0,79.0,145.0,8.0,82.0,5.0,22.66,5.58,1.86
2014/01/14,312.0,320.5,310.5,316.0,591.0,185946.0,-1.0955,0.6209,481.0,-17.0,-171.0,13.0,-175.0,1327.0,23.0,20.0,5.0,78.0,1.0,22.41,5.52,1.88
2014/01/15,316.0,323.0,315.5,322.0,537.0,171379.0,1.8987,0.5641,466.0,27.0,-66.0,37.0,-2.0,1340.0,42.0,29.0,6.0,82.0,10.0,22.84,5.62,1.84
2014/01/16,321.0,324.0,319.0,322.0,525.0,168638.0,0.0,0.5515,395.0,-48.0,0.0,108.0,60.0,1340.0,31.0,31.0,9.0,75.0,2.0,22.84,5.62,1.84
2014/01/17,316.0,323.0,315.0,320.5,374.0,119117.0,-0.4658,0.3929,275.0,-79.0,-22.0,0.0,-101.0,1343.0,18.0,10.0,0.0,77.0,2.0,22.73,5.6,1.85
2014/01/20,320.0,322.5,316.5,316.5,410.0,131098.0,-1.248,0.4307,282.0,-85.0,0.0,34.0,-51.0,1336.0,17.0,24.0,3.0,75.0,1.0,22.45,5.53,1.88
2014/01/21,319.5,329.5,316.5,328.5,738.0,240020.0,3.7915,0.7753,666.0,229.0,-50.0,-12.0,167.0,1316.0,63.0,83.0,2.0,89.0,16.0,23.3,5.74,1.81
2014/01/22,329.0,343.5,329.0,332.0,572.0,191944.0,1.0654,0.6009,499.0,65.0,-12.0,8.0,61.0,1289.0,78.0,105.0,0.0,92.0,3.0,23.55,5.8,1.79
2014/01/23,336.0,339.0,333.0,338.0,672.0,226426.0,1.8072,0.706,568.0,49.0,63.0,-30.0,82.0,1241.0,27.0,75.0,3.0,96.0,7.0,23.97,5.9,1.76
2014/01/24,338.0,339.5,331.0,331.5,553.0,184992.0,-1.9231,0.581,477.0,-38.0,-80.0,-5.0,-123.0,1261.0,56.0,35.0,5.0,100.0,9.0,23.51,5.79,1.79
2014/01/27,324.5,335.0,324.5,331.5,453.0,150543.0,0.0,0.4758,375.0,12.0,1.0,-8.0,5.0,1217.0,11.0,55.0,4.0,109.0,13.0,23.51,5.79,1.79
2014/02/05,333.0,336.0,330.0,335.0,553.0,184984.0,1.0558,0.5808,465.0,117.0,-50.0,-3.0,64.0,1206.0,23.0,34.0,1.0,108.0,0.0,23.76,5.85,1.77
2014/02/06,335.0,338.5,333.5,334.0,443.0,149051.0,-0.2985,0.4653,372.0,18.0,-32.0,0.0,-14.0,1208.0,20.0,18.0,0.0,108.0,0.0,23.69,5.83,1.78
2014/02/07,336.0,338.5,334.5,337.0,527.0,177514.0,0.8982,0.5535,393.0,-33.0,0.0,11.0,-22.0,1246.0,58.0,20.0,0.0,102.0,0.0,23.9,5.88,1.76
2014/02/10,337.0,340.0,335.5,337.0,517.0,175098.0,0.0,0.543,419.0,6.0,0.0,29.0,35.0,1245.0,38.0,39.0,0.0,104.0,2.0,23.9,5.88,1.76
2014/02/11,339.0,340.5,328.0,329.5,568.0,188498.0,-2.2255,0.5966,479.0,-213.0,-15.0,-23.0,-251.0,1269.0,59.0,35.0,7.0,109.0,12.0,23.37,5.75,1.8
2014/02/12,334.0,334.5,322.0,322.5,667.0,216393.0,-2.1244,0.7006,622.0,-73.0,-146.0,-1.0,-220.0,1357.0,118.0,30.0,6.0,105.0,2.0,22.87,5.63,1.84
2014/02/13,320.0,327.0,319.5,322.5,760.0,245783.0,0.0,0.7983,647.0,82.0,-124.0,-6.0,-48.0,1406.0,79.0,30.0,2.0,108.0,5.0,22.87,5.63,1.84
2014/02/14,325.0,327.0,324.0,326.5,514.0,167746.0,1.2403,0.5399,408.0,80.0,0.0,-12.0,68.0,1354.0,35.0,87.0,0.0,109.0,1.0,23.16,5.7,1.82
2014/02/17,329.5,331.5,328.5,330.0,403.0,133090.0,1.072,0.4233,288.0,40.0,0.0,-10.0,30.0,1326.0,15.0,43.0,1.0,98.0,0.0,23.4,5.76,1.8
2014/02/18,331.5,332.5,328.0,328.5,232.0,76840.0,-0.4545,0.2437,178.0,-7.0,0.0,3.0,-4.0,1299.0,15.0,42.0,0.0,96.0,2.0,23.3,5.74,1.81
2014/02/19,330.0,332.5,328.0,330.0,294.0,97352.0,0.4566,0.3088,237.0,23.0,24.0,-25.0,22.0,1285.0,15.0,29.0,1.0,86.0,0.0,23.4,5.76,1.8
2014/02/20,330.0,332.5,329.5,331.0,274.0,90971.0,0.303,0.2878,200.0,-1.0,8.0,1.0,8.0,1266.0,8.0,27.0,5.0,82.0,1.0,23.48,5.78,1.79
2014/02/21,332.5,334.5,331.0,331.0,417.0,139061.0,0.0,0.438,309.0,43.0,5.0,0.0,48.0,1270.0,29.0,25.0,0.0,78.0,0.0,23.48,5.78,1.79
2014/02/24,333.0,347.0,331.5,345.0,905.0,307920.0,4.2296,0.9506,693.0,116.0,-1.0,194.0,309.0,1261.0,100.0,109.0,2.0,78.0,2.0,24.47,6.02,1.72
2014/02/25,347.0,347.0,337.0,340.0,488.0,166390.0,-1.4493,0.5126,359.0,-75.0,-13.0,-58.0,-146.0,1249.0,69.0,81.0,0.0,80.0,2.0,24.11,5.94,1.75
2014/02/26,340.5,343.0,339.0,342.5,439.0,149880.0,0.7353,0.4611,306.0,2.0,0.0,-105.0,-103.0,1241.0,24.0,32.0,0.0,80.0,0.0,24.29,5.98,1.73
2014/02/27,349.5,365.5,348.0,351.5,752.0,266100.0,2.6277,0.7891,503.0,-6.0,187.0,-68.0,113.0,1243.0,108.0,105.0,2.0,82.0,4.0,24.93,6.14,1.69
2014/03/03,350.0,362.0,347.0,356.0,632.0,224616.0,1.2802,0.6632,526.0,52.0,124.0,-4.0,172.0,1261.0,93.0,75.0,0.0,84.0,2.0,25.25,6.22,1.67
2014/03/04,361.0,380.5,357.0,371.5,1089.0,403955.0,4.3539,1.1427,881.0,78.0,133.0,-10.0,201.0,1377.0,220.0,104.0,4.0,88.0,8.0,26.35,6.49,1.6
2014/03/05,374.5,382.0,369.0,369.0,905.0,340765.0,-0.6729,0.9497,767.0,-40.0,200.0,-41.0,119.0,1303.0,127.0,201.0,1.0,92.0,5.0,26.17,6.44,1.61
2014/03/06,375.0,378.0,369.0,377.0,476.0,178592.0,2.168,0.4995,378.0,-21.0,0.0,-19.0,-40.0,1298.0,84.0,89.0,3.0,92.0,3.0,26.74,6.58,1.58
2014/03/07,382.0,399.0,377.0,379.0,954.0,369814.0,0.5305,1.0011,795.0,-192.0,191.0,9.0,8.0,1305.0,129.0,122.0,6.0,86.0,4.0,26.88,6.12,1.57
2014/03/10,382.0,385.0,380.0,380.0,455.0,174012.0,0.2639,0.4775,409.0,-51.0,90.0,-10.0,29.0,1318.0,52.0,39.0,1.0,85.0,0.0,25.92,6.14,1.56
2014/03/11,387.5,387.5,375.0,378.0,463.0,176440.0,-0.5263,0.4858,383.0,49.0,24.0,-30.0,43.0,1305.0,27.0,40.0,0.0,85.0,0.0,25.78,6.11,1.57
2014/03/12,380.0,382.5,376.5,378.0,324.0,123263.0,0.0,0.34,255.0,-30.0,-5.0,-10.0,-45.0,1291.0,9.0,23.0,0.0,85.0,0.0,25.78,6.11,1.57
2014/03/13,378.0,388.0,378.0,378.0,561.0,214688.0,0.0,0.5887,468.0,-31.0,40.0,18.0,27.0,1284.0,48.0,55.0,1.0,85.0,1.0,25.78,6.11,1.57
2014/03/14,380.0,382.0,376.0,376.5,383.0,145326.0,-0.3968,0.4019,308.0,9.0,-38.0,-12.0,-41.0,1280.0,14.0,18.0,0.0,86.0,1.0,25.68,6.08,1.58
2014/03/17,377.0,380.0,373.0,374.0,250.0,93904.0,-0.664,0.2623,214.0,4.0,-31.0,-2.0,-29.0,1274.0,12.0,18.0,2.0,84.0,0.0,25.51,6.04,1.59
2014/03/18,375.5,382.5,375.5,380.0,390.0,148414.0,1.6043,0.4092,326.0,165.0,-86.0,-1.0,78.0,1257.0,12.0,29.0,1.0,84.0,1.0,25.92,6.14,1.56
2014/03/19,381.0,385.0,376.5,380.0,447.0,170437.0,0.0,0.4691,352.0,19.0,-50.0,13.0,-18.0,1241.0,15.0,31.0,6.0,83.0,5.0,25.92,6.14,1.56
2014/03/20,380.0,381.5,375.0,380.0,354.0,133922.0,0.0,0.3715,300.0,38.0,-16.0,-6.0,16.0,1231.0,8.0,18.0,2.0,81.0,0.0,25.92,6.14,1.56
2014/03/21,384.0,384.0,373.0,380.0,381.0,144184.0,0.0,0.3998,297.0,-6.0,-18.0,-13.0,-37.0,1222.0,14.0,23.0,2.0,85.0,6.0,25.92,6.14,1.56
2014/03/24,375.0,392.5,375.0,389.0,610.0,235304.0,2.3684,0.6401,519.0,9.0,107.0,65.0,181.0,1201.0,40.0,61.0,6.0,81.0,2.0,26.53,6.29,1.53
2014/03/25,387.0,392.0,380.0,380.0,507.0,194722.0,-2.3136,0.532,438.0,-234.0,19.0,-24.0,-239.0,1274.0,93.0,20.0,8.0,73.0,0.0,25.92,6.14,1.56
2014/03/26,385.0,402.5,381.0,395.0,859.0,339167.0,3.9474,0.9014,722.0,203.0,48.0,112.0,363.0,1234.0,67.0,107.0,2.0,78.0,7.0,26.94,6.38,1.5
2014/03/27,396.0,402.0,391.5,397.0,666.0,264042.0,0.5063,0.6989,559.0,24.0,129.0,-77.0,76.0,1215.0,36.0,55.0,1.0,78.0,1.0,27.08,6.42,1.5
2014/03/28,394.0,422.5,393.5,415.0,774.0,317329.0,4.534,0.8122,685.0,19.0,279.0,-8.0,290.0,1196.0,57.0,76.0,6.0,82.0,10.0,28.31,6.71,1.43
2014/03/31,412.0,431.0,412.0,415.0,701.0,295252.0,0.0,0.7356,652.0,-177.0,120.0,-15.0,-72.0,1245.0,87.0,37.0,2.0,79.0,0.0,28.31,6.71,1.43
2014/04/01,415.0,420.5,409.5,412.0,372.0,154236.0,-0.7229,0.3904,341.0,-42.0,7.0,-2.0,-37.0,1239.0,23.0,29.0,10.0,69.0,0.0,28.1,6.66,1.44
2014/04/02,415.0,431.5,415.0,423.0,492.0,208463.0,2.6699,0.5163,460.0,-53.0,65.0,-3.0,9.0,1254.0,73.0,58.0,2.0,70.0,3.0,28.85,6.84,1.4
2014/04/03,428.5,431.0,418.0,420.0,466.0,197557.0,-0.7092,0.489,396.0,-76.0,67.0,18.0,9.0,1234.0,44.0,64.0,0.0,70.0,0.0,28.65,6.79,1.41
2014/04/07,420.0,423.0,415.0,418.5,347.0,145957.0,-0.3571,0.3641,311.0,-13.0,-1.0,-4.0,-18.0,1223.0,23.0,34.0,0.0,70.0,0.0,28.55,6.76,1.42
2014/04/08,416.0,443.0,415.0,435.0,703.0,301698.0,3.9427,0.7377,683.0,57.0,109.0,13.0,179.0,1246.0,100.0,77.0,0.0,75.0,5.0,29.67,7.03,1.37
2014/04/09,439.0,452.0,430.5,433.5,663.0,294614.0,-0.3448,0.6957,631.0,-125.0,92.0,-28.0,-61.0,1289.0,120.0,77.0,1.0,74.0,0.0,29.57,7.01,1.37
2014/04/10,435.0,435.0,409.0,409.0,877.0,369225.0,-5.6517,0.9203,696.0,-365.0,13.0,17.0,-335.0,1372.0,144.0,61.0,15.0,63.0,4.0,27.9,6.61,1.45
2014/04/11,405.5,405.5,390.0,395.5,642.0,255041.0,-3.3007,0.6737,578.0,-79.0,-6.0,21.0,-64.0,1359.0,44.0,57.0,10.0,55.0,2.0,26.98,6.39,1.5
2014/04/14,394.0,394.0,380.5,383.0,484.0,186621.0,-3.1606,0.5079,463.0,-100.0,-52.0,16.0,-136.0,1388.0,53.0,24.0,18.0,29.0,2.0,26.13,6.19,1.55
2014/04/15,388.0,394.0,387.0,390.0,740.0,288917.0,1.8277,0.7765,595.0,-253.0,0.0,8.0,-245.0,1417.0,68.0,39.0,4.0,28.0,3.0,26.6,6.3,1.52
2014/04/16,390.0,399.0,385.0,395.0,780.0,308183.0,1.2821,0.8185,570.0,-52.0,-68.0,2.0,-118.0,1372.0,151.0,196.0,1.0,27.0,2.0,26.94,6.38,1.5
2014/04/17,397.0,412.0,397.0,400.5,527.0,214084.0,1.3924,0.553,397.0,-43.0,51.0,-5.0,3.0,1345.0,130.0,157.0,5.0,22.0,0.0,27.32,6.47,1.48
2014/04/18,411.0,414.5,404.0,410.0,546.0,224290.0,2.372,0.5729,528.0,44.0,-82.0,2.0,-36.0,1296.0,28.0,77.0,21.0,1.0,0.0,27.97,6.63,1.45
2014/04/21,408.0,412.5,406.0,406.0,235.0,96200.0,-0.9756,0.2466,199.0,-64.0,-1.0,-12.0,-77.0,1269.0,0.0,27.0,0.0,0.0,0.0,27.69,6.56,1.46
2014/04/22,402.0,413.5,401.0,401.0,352.0,143385.0,-1.2315,0.3694,298.0,-163.0,-2.0,1.0,-164.0,1256.0,0.0,13.0,0.0,0.0,0.0,27.35,6.48,1.48
2014/04/23,407.5,408.5,394.0,397.0,248.0,99917.0,-0.9975,0.2602,221.0,-19.0,0.0,-2.0,-21.0,1233.0,0.0,23.0,0.0,0.0,0.0,27.08,6.42,1.5
2014/04/24,396.5,407.5,396.5,403.0,618.0,248793.0,1.5113,0.6485,447.0,82.0,17.0,-9.0,90.0,1255.0,105.0,83.0,0.0,10.0,10.0,27.49,6.51,1.47
2014/04/25,406.0,406.0,384.0,396.5,529.0,209204.0,-1.6129,0.5551,472.0,-34.0,7.0,-25.0,-51.0,1251.0,29.0,33.0,0.0,16.0,6.0,27.05,6.41,1.5
2014/04/28,385.0,394.5,385.0,392.0,456.0,177762.0,-1.1349,0.4785,409.0,-20.0,-5.0,-4.0,-29.0,1276.0,36.0,11.0,9.0,9.0,2.0,26.74,6.33,1.52
2014/04/29,395.0,399.0,393.0,398.0,449.0,178174.0,1.5306,0.4712,363.0,-77.0,0.0,-19.0,-96.0,1271.0,30.0,35.0,0.0,11.0,2.0,27.15,6.43,1.49
2014/04/30,400.0,400.0,392.0,393.0,312.0,123624.0,-1.2563,0.3274,271.0,31.0,7.0,5.0,43.0,1268.0,18.0,21.0,0.0,15.0,4.0,26.81,6.35,1.51
2014/05/02,393.0,403.5,390.5,402.5,505.0,201075.0,2.4173,0.5299,408.0,-32.0,-16.0,58.0,10.0,1257.0,19.0,30.0,2.0,17.0,4.0,27.46,6.5,1.48
2014/05/05,404.0,407.5,398.0,407.0,365.0,147595.0,1.118,0.383,280.0,84.0,0.0,-69.0,15.0,1235.0,10.0,32.0,0.0,19.0,2.0,27.76,6.58,1.46
2014/05/06,408.0,425.0,408.0,419.0,537.0,225775.0,2.9484,0.5635,488.0,15.0,29.0,9.0,53.0,1234.0,39.0,40.0,2.0,19.0,2.0,28.58,6.77,1.42
2014/05/07,419.0,420.0,409.0,415.5,331.0,136916.0,-0.8353,0.3473,309.0,22.0,-2.0,-7.0,13.0,1245.0,32.0,21.0,2.0,18.0,1.0,28.34,6.21,1.43
2014/05/08,427.0,444.5,427.0,440.5,1068.0,464831.0,6.0168,1.1207,940.0,52.0,211.0,86.0,349.0,1200.0,63.0,108.0,1.0,32.0,15.0,28.79,6.58,1.35
2014/05/09,440.0,440.5,422.5,431.0,475.0,204989.0,-2.1566,0.4984,458.0,23.0,0.0,-31.0,-8.0,1239.0,70.0,31.0,5.0,29.0,2.0,28.17,6.44,1.38
2014/05/12,438.0,438.0,412.0,412.5,382.0,161061.0,-4.2923,0.4009,335.0,-39.0,-41.0,-19.0,-99.0,1269.0,68.0,38.0,7.0,27.0,5.0,26.96,6.16,1.44
2014/05/13,414.0,419.5,402.0,407.0,439.0,180255.0,-1.3333,0.4607,371.0,-11.0,7.0,-8.0,-12.0,1275.0,37.0,31.0,2.0,28.0,3.0,26.6,6.08,1.46
2014/05/14,408.0,411.0,392.0,399.0,457.0,183029.0,-1.9656,0.4796,420.0,-83.0,-12.0,-15.0,-110.0,1302.0,53.0,26.0,7.0,22.0,1.0,26.08,5.96,1.88
2014/05/15,399.0,409.0,399.0,403.5,311.0,125419.0,1.1278,0.3263,270.0,-41.0,-4.0,15.0,-30.0,1280.0,23.0,45.0,1.0,24.0,3.0,26.37,6.03,1.86
2014/05/16,401.5,410.0,400.0,406.5,301.0,122960.0,0.7435,0.3159,263.0,-11.0,8.0,12.0,9.0,1253.0,14.0,41.0,0.0,26.0,2.0,26.57,6.07,1.85
2014/05/19,412.0,416.5,409.5,410.5,279.0,115426.0,0.984,0.2928,235.0,1.0,0.0,-7.0,-6.0,1256.0,31.0,28.0,0.0,27.0,1.0,26.83,6.13,1.83
2014/05/20,410.5,416.0,406.0,410.5,202.0,83283.0,0.0,0.212,166.0,17.0,0.0,2.0,19.0,1257.0,33.0,32.0,0.0,29.0,2.0,26.83,6.13,1.83
2014/05/21,410.5,431.0,410.5,422.0,583.0,245762.0,2.8015,0.6118,525.0,94.0,0.0,87.0,181.0,1256.0,65.0,66.0,2.0,28.0,1.0,27.58,6.31,1.78
2014/05/22,427.0,428.5,415.0,419.0,295.0,124552.0,-0.7109,0.3096,254.0,-40.0,0.0,-1.0,-41.0,1261.0,30.0,25.0,1.0,27.0,0.0,27.39,6.26,1.79
2014/05/23,425.0,430.0,420.5,423.5,301.0,128069.0,1.074,0.3159,276.0,11.0,5.0,-18.0,-2.0,1269.0,38.0,30.0,3.0,24.0,0.0,27.68,6.33,1.77
2014/05/26,423.5,435.0,421.0,427.0,414.0,177549.0,0.8264,0.4344,367.0,79.0,70.0,6.0,155.0,1263.0,31.0,37.0,1.0,24.0,1.0,27.91,6.38,1.76
2014/05/27,430.0,431.5,425.0,427.5,231.0,98929.0,0.1171,0.2424,191.0,12.0,-11.0,-14.0,-13.0,1270.0,20.0,13.0,0.0,24.0,0.0,27.94,6.39,1.75
2014/05/28,430.0,430.5,418.0,419.0,336.0,142007.0,-1.9883,0.3526,309.0,-38.0,-22.0,-11.0,-71.0,1297.0,50.0,23.0,0.0,24.0,0.0,27.39,6.26,1.79
2014/05/29,415.0,419.0,408.0,408.5,423.0,174344.0,-2.506,0.4439,382.0,-87.0,-72.0,7.0,-152.0,1299.0,52.0,47.0,3.0,23.0,2.0,26.7,6.1,1.84
2014/05/30,410.0,412.0,402.0,410.0,484.0,197312.0,0.3672,0.5079,382.0,150.0,-146.0,17.0,21.0,1339.0,57.0,17.0,3.0,20.0,0.0,26.8,6.13,1.83
2014/06/03,410.5,414.5,409.0,414.5,335.0,138216.0,1.0976,0.3515,301.0,39.0,-9.0,9.0,39.0,1315.0,20.0,44.0,1.0,19.0,0.0,27.09,6.19,1.81
2014/06/04,414.5,416.5,413.5,414.5,297.0,123284.0,0.0,0.3117,258.0,8.0,-2.0,18.0,24.0,1307.0,13.0,21.0,1.0,20.0,2.0,27.09,6.19,1.81
2014/06/05,415.5,422.5,413.5,413.5,412.0,172178.0,-0.2413,0.4323,370.0,-70.0,-17.0,24.0,-63.0,1346.0,64.0,25.0,1.0,19.0,0.0,27.03,6.18,1.81
2014/06/06,414.5,423.0,413.0,413.0,431.0,179782.0,-0.1209,0.4523,379.0,53.0,-53.0,4.0,4.0,1356.0,48.0,38.0,2.0,17.0,0.0,26.99,6.17,1.82
2014/06/09,418.0,419.0,414.0,418.0,372.0,155126.0,1.2107,0.3904,275.0,112.0,-35.0,1.0,78.0,1345.0,96.0,104.0,0.0,17.0,0.0,27.32,6.25,1.79
2014/06/10,419.0,423.0,419.0,421.0,378.0,158986.0,0.7177,0.3967,308.0,116.0,-30.0,-6.0,80.0,1335.0,56.0,66.0,0.0,17.0,0.0,27.52,6.29,1.78
2014/06/11,424.5,424.5,418.0,420.5,250.0,105229.0,-0.1188,0.2623,198.0,-26.0,-20.0,-11.0,-57.0,1316.0,22.0,32.0,0.0,17.0,0.0,27.48,6.28,1.78
2014/06/12,421.0,423.0,418.5,420.5,298.0,125672.0,0.0,0.3127,230.0,26.0,12.0,-4.0,34.0,1278.0,10.0,48.0,0.0,18.0,1.0,27.48,6.28,1.78
2014/06/13,420.5,422.5,413.5,417.0,335.0,139923.0,-0.8323,0.3515,290.0,-33.0,0.0,-11.0,-44.0,1275.0,20.0,23.0,0.0,18.0,0.0,27.25,6.23,1.8
2014/06/16,420.0,421.0,416.0,418.0,206.0,86450.0,0.2398,0.2162,147.0,-14.0,-1.0,0.0,-15.0,1264.0,2.0,13.0,0.0,19.0,1.0,27.32,6.25,1.79
2014/06/17,422.0,423.0,416.0,419.5,321.0,134723.0,0.3589,0.3368,245.0,-29.0,-65.0,-2.0,-96.0,1271.0,20.0,13.0,0.0,19.0,0.0,27.42,6.27,1.79
2014/06/18,419.0,422.5,415.0,417.0,480.0,201029.0,-0.5959,0.5037,361.0,-195.0,-1.0,5.0,-191.0,1271.0,26.0,26.0,0.0,19.0,0.0,27.25,6.23,1.8
2014/06/19,421.0,423.0,418.0,423.0,291.0,122660.0,1.4388,0.3054,276.0,110.0,-2.0,-9.0,99.0,1264.0,20.0,27.0,0.0,19.0,0.0,27.65,6.32,1.77
2014/06/20,425.0,452.5,425.0,444.0,1136.0,506382.0,4.9645,1.1921,998.0,9.0,213.0,113.0,335.0,1291.0,124.0,97.0,0.0,21.0,2.0,29.02,6.63,1.69
2014/06/23,442.0,444.0,413.0,413.0,817.0,345481.0,-6.982,0.8573,721.0,3.0,10.0,-162.0,-149.0,1172.0,113.0,232.0,5.0,18.0,2.0,26.99,6.17,1.82
2014/06/24,416.0,419.5,409.5,415.0,579.0,240019.0,0.4843,0.6076,502.0,139.0,-140.0,-30.0,-31.0,1140.0,39.0,71.0,3.0,15.0,0.0,27.12,6.2,1.81
2014/06/25,411.5,423.5,411.5,417.0,339.0,141865.0,0.4819,0.3557,308.0,15.0,-50.0,-4.0,-39.0,1145.0,41.0,36.0,2.0,14.0,1.0,,,
2014/06/26,421.0,422.5,415.5,419.5,296.0,123914.0,0.5995,0.3106,253.0,42.0,-69.0,-5.0,-32.0,1134.0,28.0,39.0,1.0,15.0,2.0,27.42,6.27,1.79
2014/06/27,419.5,426.5,419.5,422.0,359.0,152138.0,0.5959,0.3767,313.0,56.0,0.0,0.0,56.0,1130.0,52.0,56.0,0.0,18.0,3.0,27.58,6.31,1.78
2014/06/30,426.5,428.0,424.0,427.0,369.0,157675.0,1.1848,0.3872,293.0,125.0,-13.0,4.0,116.0,1097.0,40.0,73.0,0.0,18.0,0.0,27.91,6.38,1.76
2014/07/01,431.5,440.5,429.0,433.0,549.0,238678.0,1.4052,0.5761,474.0,114.0,-51.0,18.0,81.0,1105.0,66.0,58.0,0.0,18.0,0.0,28.3,6.47,1.73
2014/07/02,444.0,452.0,437.0,442.0,814.0,362993.0,2.0785,0.8542,724.0,198.0,64.0,27.0,289.0,1070.0,77.0,112.0,0.0,25.0,7.0,28.89,6.6,1.7
2014/07/03,440.0,472.5,438.0,472.5,1073.0,497661.0,6.9005,1.126,798.0,276.0,-2.0,39.0,313.0,1158.0,172.0,84.0,0.0,42.0,17.0,30.88,7.06,1.59
2014/07/04,480.0,487.0,445.5,445.5,803.0,374341.0,-5.7143,0.8426,743.0,-27.0,-65.0,-4.0,-96.0,1222.0,225.0,161.0,14.0,29.0,1.0,29.12,6.66,1.68
2014/07/07,446.0,450.0,438.5,446.0,280.0,124697.0,0.1122,0.2938,266.0,18.0,-2.0,-19.0,-3.0,1185.0,43.0,80.0,3.0,32.0,6.0,29.15,6.66,1.68
2014/07/08,442.0,444.5,430.0,432.0,445.0,195009.0,-3.139,0.467,416.0,-14.0,-67.0,-15.0,-96.0,1189.0,51.0,47.0,4.0,30.0,2.0,28.24,6.45,1.74
2014/07/09,427.0,437.5,418.0,421.0,548.0,233584.0,-2.5463,0.575,509.0,-131.0,-40.0,-19.0,-190.0,1249.0,92.0,32.0,5.0,26.0,1.0,27.52,6.29,1.78
2014/07/10,428.0,428.5,417.0,421.0,655.0,275605.0,0.0,0.6873,599.0,-9.0,-260.0,14.0,-255.0,1312.0,102.0,39.0,5.0,22.0,1.0,27.52,6.29,1.78
2014/07/11,421.0,427.0,419.0,423.0,391.0,165526.0,0.4751,0.4103,355.0,68.0,-31.0,5.0,42.0,1284.0,47.0,74.0,0.0,23.0,1.0,27.65,6.32,1.77
2014/07/14,423.0,429.0,421.0,429.0,241.0,102646.0,1.4184,0.2529,206.0,38.0,-40.0,-4.0,-6.0,1257.0,4.0,31.0,2.0,21.0,0.0,28.04,6.41,1.75
2014/07/15,435.0,435.5,423.5,424.5,294.0,126064.0,-1.049,0.3085,263.0,16.0,-1.0,0.0,15.0,1273.0,41.0,24.0,1.0,20.0,0.0,27.75,6.34,1.77
2014/07/16,424.5,427.5,417.0,417.5,352.0,147833.0,-1.649,0.3694,312.0,-72.0,-50.0,-1.0,-123.0,1284.0,27.0,16.0,0.0,20.0,0.0,27.29,6.24,1.8
2014/07/17,418.0,421.5,405.0,413.5,491.0,203176.0,-0.9581,0.5152,441.0,-3.0,-88.0,-11.0,-102.0,1281.0,30.0,33.0,4.0,17.0,1.0,27.03,6.18,1.81
2014/07/18,406.5,411.5,396.5,397.0,670.0,268967.0,-3.9903,0.7031,603.0,-29.0,-139.0,2.0,-166.0,1348.0,84.0,17.0,4.0,20.0,7.0,25.95,5.93,1.89
2014/07/21,400.0,403.5,397.0,398.0,376.0,150552.0,0.2519,0.3946,323.0,24.0,-11.0,-15.0,-2.0,1357.0,26.0,17.0,1.0,23.0,4.0,26.01,5.95,1.88
2014/07/22,405.0,405.0,397.0,400.0,352.0,140876.0,0.5025,0.3694,277.0,90.0,-102.0,1.0,-11.0,1374.0,32.0,13.0,1.0,21.0,1.0,26.14,5.98,1.88
2014/07/24,406.5,420.0,404.5,420.0,674.0,278519.0,5.0,0.7073,629.0,317.0,-73.0,-10.0,234.0,1322.0,38.0,90.0,1.0,23.0,3.0,27.45,6.28,1.79
2014/07/25,420.0,420.5,408.0,410.0,442.0,182682.0,-2.381,0.4638,410.0,21.0,-34.0,-13.0,-26.0,1323.0,36.0,34.0,3.0,20.0,0.0,26.8,6.13,1.83
2014/07/28,408.5,415.5,402.0,402.0,324.0,132368.0,-1.9512,0.34,285.0,25.0,-63.0,-8.0,-46.0,1336.0,40.0,29.0,0.0,22.0,2.0,26.27,6.01,1.87
2014/07/29,403.5,411.0,397.0,397.0,407.0,163523.0,-1.2438,0.4271,367.0,-33.0,-82.0,-7.0,-122.0,1356.0,44.0,24.0,2.0,23.0,3.0,25.95,5.93,1.89
2014/07/30,394.0,394.0,376.5,389.5,1428.0,545796.0,-1.8892,1.4985,959.0,-164.0,-171.0,-2.0,-337.0,1387.0,60.0,29.0,8.0,57.0,42.0,25.46,5.82,1.93
2014/07/31,389.0,402.0,386.5,402.0,531.0,211459.0,3.2092,0.5572,442.0,48.0,10.0,4.0,62.0,1355.0,29.0,61.0,0.0,66.0,9.0,26.27,6.01,1.87
2014/08/01,396.5,404.0,393.5,402.0,331.0,132327.0,0.0,0.3473,281.0,31.0,-39.0,-11.0,-19.0,1342.0,12.0,25.0,10.0,58.0,2.0,26.27,6.01,1.87
2014/08/04,402.0,413.0,402.0,410.0,472.0,193455.0,1.99,0.4953,423.0,20.0,10.0,-9.0,21.0,1323.0,31.0,50.0,10.0,54.0,6.0,26.8,6.13,1.83
2014/08/05,408.5,415.0,400.5,408.0,583.0,237897.0,-0.4878,0.6118,536.0,-56.0,-16.0,-8.0,-80.0,1314.0,11.0,19.0,4.0,51.0,1.0,26.67,6.1,1.84
2014/08/06,413.5,413.5,397.0,397.5,598.0,241735.0,-2.5735,0.6275,417.0,-158.0,0.0,-5.0,-163.0,1333.0,42.0,23.0,4.0,51.0,4.0,25.98,5.94,1.89
2014/08/07,404.0,404.0,384.5,384.5,739.0,287568.0,-3.2704,0.7755,642.0,-226.0,-69.0,2.0,-293.0,1354.0,44.0,23.0,6.0,53.0,8.0,25.13,6.18,1.95
2014/08/08,365.0,395.0,358.0,390.0,1388.0,522283.0,1.4304,1.4565,718.0,-71.0,35.0,8.0,-28.0,1314.0,26.0,65.0,12.0,75.0,34.0,25.95,6.27,1.92
2014/08/11,400.0,400.0,385.0,385.5,308.0,119739.0,-1.1538,0.3232,260.0,-120.0,0.0,12.0,-108.0,1327.0,32.0,19.0,16.0,63.0,4.0,25.65,6.2,1.95
2014/08/12,389.5,389.5,370.0,372.5,870.0,327172.0,-3.3722,0.9129,776.0,-391.0,3.0,6.0,-382.0,1365.0,62.0,24.0,11.0,65.0,13.0,24.78,5.99,2.01
2014/08/13,350.0,376.0,347.5,374.5,811.0,296584.0,0.5369,0.851,739.0,-118.0,10.0,18.0,-90.0,1347.0,17.0,35.0,16.0,66.0,19.0,24.92,6.02,2.0
2014/08/14,389.0,389.0,376.0,378.5,489.0,187287.0,1.0681,0.5131,436.0,37.0,-45.0,-14.0,-22.0,1304.0,5.0,48.0,5.0,72.0,11.0,25.18,6.08,1.98
2014/08/15,380.0,387.0,379.5,384.5,365.0,140275.0,1.5852,0.383,326.0,-77.0,0.0,-18.0,-95.0,1295.0,9.0,18.0,8.0,46.0,1.0,25.58,6.18,1.95
2014/08/18,384.5,399.5,384.5,395.5,568.0,222584.0,2.8609,0.596,532.0,17.0,17.0,14.0,48.0,1255.0,6.0,46.0,12.0,38.0,4.0,26.31,6.36,1.9
2014/08/19,392.0,397.0,390.0,391.0,409.0,161090.0,-1.1378,0.4292,367.0,-193.0,7.0,-15.0,-201.0,1260.0,22.0,17.0,10.0,24.0,0.0,26.01,6.29,1.92
2014/08/20,390.5,392.0,377.5,387.0,469.0,181551.0,-1.023,0.4921,430.0,-201.0,0.0,-9.0,-210.0,1262.0,21.0,19.0,24.0,0.0,0.0,25.75,6.22,1.94
2014/08/21,387.0,387.5,381.5,383.5,184.0,70735.0,-0.9044,0.1931,157.0,19.0,-48.0,0.0,-29.0,1259.0,0.0,3.0,0.0,0.0,0.0,25.52,6.16,1.96
2014/08/22,383.5,394.5,375.5,392.0,508.0,196606.0,2.2164,0.5331,415.0,142.0,-50.0,14.0,106.0,1240.0,0.0,13.0,0.0,0.0,0.0,26.08,6.3,1.91
2014/08/25,386.0,400.5,386.0,395.5,455.0,180848.0,0.8929,0.4775,341.0,-41.0,10.0,26.0,-5.0,1206.0,0.0,34.0,0.0,0.0,0.0,26.31,6.36,1.9
2014/08/26,388.0,392.0,383.5,386.0,421.0,163094.0,-0.5057,0.4418,361.0,-13.0,3.0,-12.0,-22.0,1268.0,66.0,4.0,0.0,29.0,29.0,25.68,6.2,1.94
2014/08/27,386.5,393.0,386.5,390.0,251.0,98337.0,1.0363,0.2634,226.0,43.0,37.0,2.0,82.0,1246.0,12.0,33.0,2.0,30.0,3.0,25.95,6.27,1.92
2014/08/28,400.0,400.0,394.5,394.5,450.0,179081.0,1.1538,0.4722,412.0,93.0,-15.0,-10.0,68.0,1206.0,13.0,53.0,0.0,39.0,9.0,26.25,6.34,1.9
2014/08/29,402.0,406.0,398.0,401.0,347.0,140044.0,1.6477,0.3641,319.0,25.0,59.0,5.0,89.0,1200.0,25.0,31.0,0.0,46.0,7.0,26.68,6.45,1.87
2014/09/01,401.0,405.0,392.0,392.0,378.0,150021.0,-2.2444,0.3967,337.0,-216.0,39.0,-8.0,-185.0,1235.0,40.0,5.0,3.0,50.0,7.0,26.08,6.3,1.91
2014/09/02,392.0,396.5,391.0,391.0,309.0,121708.0,-0.2551,0.3242,282.0,-65.0,-31.0,2.0,-94.0,1265.0,38.0,8.0,2.0,53.0,5.0,26.01,6.29,1.92
2014/09/03,397.5,397.5,390.0,390.0,254.0,100035.0,-0.2558,0.2665,223.0,47.0,-68.0,6.0,-15.0,1258.0,2.0,9.0,3.0,54.0,4.0,25.95,6.27,1.92
2014/09/04,385.0,389.0,376.0,376.0,601.0,228399.0,-3.5897,0.6307,529.0,-126.0,-89.0,-14.0,-229.0,1301.0,55.0,12.0,6.0,84.0,36.0,25.02,6.04,1.99
2014/09/05,380.0,380.5,372.5,377.5,456.0,171876.0,0.3989,0.4785,390.0,-94.0,-37.0,-1.0,-132.0,1318.0,25.0,8.0,5.0,116.0,37.0,25.12,6.07,1.99
2014/09/09,374.5,379.0,368.0,370.0,760.0,281924.0,-1.9868,0.7975,644.0,-48.0,-166.0,-8.0,-222.0,1354.0,51.0,14.0,18.0,136.0,38.0,24.62,5.95,2.03
2014/09/10,361.0,368.0,351.5,351.5,1048.0,373383.0,-5.0,1.0997,858.0,-659.0,-4.0,24.0,-639.0,1449.0,105.0,10.0,16.0,147.0,27.0,23.39,5.65,2.13
2014/09/11,351.5,362.0,351.0,360.5,914.0,325986.0,2.5605,0.9591,829.0,-81.0,-33.0,-6.0,-120.0,1450.0,34.0,33.0,26.0,146.0,25.0,23.99,5.79,2.08
2014/09/12,360.5,360.5,350.0,353.5,346.0,122146.0,-1.9417,0.3631,313.0,-136.0,5.0,0.0,-131.0,1454.0,21.0,17.0,11.0,167.0,32.0,23.52,5.68,2.12
2014/09/15,353.0,353.0,333.0,337.0,817.0,276244.0,-4.6676,0.8573,727.0,-154.0,-24.0,-14.0,-192.0,1500.0,77.0,31.0,24.0,156.0,13.0,22.42,5.42,2.23
2014/09/16,335.0,344.0,335.0,337.5,468.0,158687.0,0.1484,0.4911,408.0,-40.0,-2.0,-1.0,-43.0,1500.0,23.0,23.0,14.0,150.0,8.0,22.46,5.43,2.22
2014/09/17,342.0,350.0,336.5,337.5,694.0,238194.0,0.0,0.7282,622.0,-95.0,-48.0,17.0,-126.0,1527.0,52.0,25.0,18.0,151.0,19.0,22.46,5.43,2.22
2014/09/18,338.0,352.5,338.0,350.0,530.0,184793.0,3.7037,0.5562,489.0,-13.0,-6.0,17.0,-2.0,1470.0,18.0,75.0,20.0,153.0,22.0,23.29,5.63,2.14
2014/09/19,354.5,371.5,354.0,370.0,825.0,302383.0,5.7143,0.8657,707.0,46.0,91.0,85.0,222.0,1382.0,37.0,125.0,9.0,183.0,39.0,24.62,5.95,2.03
2014/09/22,369.0,375.0,361.0,368.0,540.0,198566.0,-0.5405,0.5666,519.0,-146.0,93.0,-8.0,-61.0,1371.0,22.0,33.0,20.0,174.0,11.0,24.48,5.92,2.04
2014/09/23,368.0,376.0,367.5,367.5,360.0,133963.0,-0.1359,0.3778,321.0,-107.0,0.0,-1.0,-108.0,1352.0,14.0,33.0,9.0,170.0,5.0,24.45,5.91,2.04
2014/09/24,367.5,369.5,356.0,356.0,474.0,170892.0,-3.1293,0.4974,443.0,-181.0,-30.0,37.0,-174.0,1391.0,52.0,13.0,17.0,172.0,19.0,23.69,5.72,2.11
2014/09/25,357.0,359.5,346.0,346.0,473.0,165867.0,-2.809,0.4963,405.0,-3.0,-70.0,-35.0,-108.0,1406.0,38.0,22.0,18.0,161.0,7.0,23.02,5.56,2.17
2014/09/26,344.0,344.0,328.0,335.5,719.0,241163.0,-3.0347,0.7545,604.0,-302.0,4.0,-18.0,-316.0,1435.0,48.0,17.0,35.0,145.0,19.0,22.32,5.39,2.24
2014/09/29,336.5,343.0,335.5,343.0,405.0,137644.0,2.2355,0.425,378.0,-32.0,-116.0,13.0,-135.0,1439.0,17.0,13.0,15.0,137.0,7.0,22.82,5.51,2.19
2014/09/30,337.5,347.0,337.5,343.5,391.0,134332.0,0.1458,0.4103,352.0,-62.0,-29.0,3.0,-88.0,1427.0,18.0,30.0,6.0,145.0,14.0,22.85,5.52,2.18
2014/10/01,340.0,343.0,333.5,334.5,679.0,228884.0,-2.6201,0.7125,603.0,-242.0,-89.0,11.0,-320.0,1480.0,64.0,11.0,8.0,160.0,23.0,22.26,5.38,2.24
2014/10/02,331.0,345.0,329.0,336.0,520.0,174826.0,0.4484,0.5457,444.0,-8.0,-44.0,-4.0,-56.0,1478.0,30.0,32.0,11.0,156.0,7.0,22.36,5.4,2.23
2014/10/03,343.5,345.0,339.5,342.0,248.0,85066.0,1.7857,0.2602,234.0,-8.0,20.0,9.0,21.0,1465.0,21.0,34.0,15.0,147.0,6.0,22.75,5.5,2.19
2014/10/06,344.0,350.5,344.0,349.0,408.0,142525.0,2.0468,0.4281,350.0,-1.0,11.0,4.0,14.0,1454.0,35.0,46.0,2.0,151.0,6.0,23.22,5.61,2.15
2014/10/07,350.5,355.0,346.0,349.0,272.0,95393.0,0.0,0.2854,267.0,-56.0,3.0,6.0,-47.0,1473.0,49.0,30.0,5.0,149.0,3.0,23.22,5.61,2.15
2014/10/08,347.0,352.0,346.0,350.5,523.0,182651.0,0.4298,0.5488,422.0,-77.0,65.0,-11.0,-23.0,1455.0,5.0,23.0,4.0,156.0,11.0,23.32,5.63,2.14
2014/10/09,375.0,375.0,366.5,375.0,1282.0,479169.0,6.99,1.3453,892.0,263.0,260.0,-22.0,501.0,1375.0,97.0,177.0,2.0,184.0,30.0,24.95,6.03,2.0
2014/10/13,373.0,396.0,368.5,394.5,1438.0,551653.0,5.2,1.509,1289.0,231.0,213.0,34.0,478.0,1273.0,65.0,167.0,12.0,216.0,44.0,26.25,6.34,1.9
2014/10/14,381.0,397.0,381.0,387.5,654.0,255603.0,-1.7744,0.6863,611.0,-46.0,3.0,-36.0,-79.0,1262.0,50.0,61.0,8.0,209.0,1.0,25.78,6.23,1.94
2014/10/15,393.5,400.0,379.0,389.0,722.0,281750.0,0.3871,0.7576,631.0,-55.0,33.0,-51.0,-73.0,1287.0,72.0,47.0,12.0,201.0,4.0,25.88,6.25,1.93
2014/10/16,380.0,395.0,380.0,387.5,494.0,191400.0,-0.3856,0.5184,458.0,-132.0,25.0,42.0,-65.0,1297.0,58.0,48.0,6.0,197.0,2.0,25.78,6.23,1.94
2014/10/17,393.5,393.5,383.0,389.0,425.0,165020.0,0.3871,0.446,391.0,18.0,46.0,-18.0,46.0,1280.0,30.0,47.0,2.0,197.0,2.0,25.88,6.25,1.93
2014/10/20,396.5,397.0,389.0,391.0,391.0,153300.0,0.5141,0.4103,345.0,3.0,5.0,-32.0,-24.0,1285.0,43.0,38.0,5.0,192.0,0.0,26.01,6.29,1.92
2014/10/21,386.0,392.0,378.5,383.0,299.0,115648.0,-2.046,0.3138,267.0,-18.0,1.0,-16.0,-33.0,1278.0,22.0,29.0,0.0,194.0,2.0,25.48,6.16,1.96
2014/10/22,383.0,388.5,383.0,388.0,288.0,111427.0,1.3055,0.3022,258.0,38.0,1.0,-2.0,37.0,1261.0,16.0,28.0,0.0,197.0,3.0,25.82,6.24,1.93
2014/10/23,390.0,408.0,388.0,388.0,881.0,350330.0,0.0,0.9245,799.0,248.0,34.0,98.0,380.0,1304.0,92.0,49.0,8.0,191.0,2.0,25.82,6.24,1.93
2014/10/24,389.0,396.0,375.0,377.0,581.0,222687.0,-2.8351,0.6097,510.0,7.0,50.0,-89.0,-32.0,1306.0,54.0,52.0,14.0,181.0,4.0,25.08,6.06,1.99
2014/10/27,377.0,383.5,377.0,380.0,316.0,120289.0,0.7958,0.3316,285.0,49.0,32.0,-21.0,60.0,1271.0,14.0,49.0,3.0,190.0,12.0,25.28,6.11,1.97
2014/10/28,384.0,395.0,384.0,394.5,392.0,153619.0,3.8158,0.4113,362.0,52.0,8.0,30.0,90.0,1247.0,33.0,56.0,9.0,188.0,7.0,26.25,6.34,1.9
2014/10/29,404.0,405.0,397.5,397.5,567.0,227916.0,0.7605,0.595,529.0,212.0,-3.0,28.0,237.0,1242.0,33.0,38.0,5.0,184.0,1.0,26.45,6.39,1.89
2014/10/30,402.5,406.0,386.5,388.0,499.0,197231.0,-2.3899,0.5236,429.0,43.0,42.0,-28.0,57.0,1274.0,59.0,27.0,0.0,187.0,3.0,25.82,6.24,1.93
2014/10/31,396.5,401.0,392.0,398.5,374.0,148450.0,2.7062,0.3925,355.0,56.0,-1.0,-7.0,48.0,1292.0,45.0,27.0,6.0,181.0,0.0,26.51,6.41,1.88
2014/11/03,398.0,404.0,392.0,392.0,576.0,229062.0,-1.6311,0.6044,457.0,47.0,-18.0,58.0,87.0,1385.0,135.0,42.0,2.0,179.0,0.0,26.08,6.3,1.91
2014/11/04,395.0,396.0,391.0,393.0,304.0,119626.0,0.2551,0.319,271.0,92.0,-12.0,13.0,93.0,1387.0,20.0,18.0,0.0,180.0,1.0,26.15,6.32,1.91
2014/11/05,398.0,398.5,394.0,395.5,272.0,107957.0,0.6361,0.2854,255.0,121.0,0.0,-1.0,120.0,1389.0,31.0,29.0,1.0,180.0,1.0,26.31,6.36,1.9
2014/11/06,395.5,397.5,384.0,384.0,225.0,87530.0,-2.9077,0.2361,209.0,1.0,5.0,-25.0,-19.0,1402.0,37.0,24.0,5.0,176.0,1.0,25.55,5.75,1.95
2014/11/07,392.0,395.0,382.0,384.0,337.0,130154.0,0.0,0.3536,310.0,52.0,-2.0,-8.0,42.0,1424.0,49.0,27.0,2.0,176.0,2.0,23.34,5.75,1.95
2014/11/10,388.0,392.0,385.0,390.0,272.0,105905.0,1.5625,0.2854,245.0,9.0,0.0,9.0,18.0,1416.0,29.0,37.0,0.0,177.0,1.0,23.71,5.84,1.92
2014/11/11,395.0,402.0,394.0,400.0,426.0,169780.0,2.5641,0.447,366.0,89.0,0.0,63.0,152.0,1391.0,38.0,63.0,3.0,178.0,4.0,24.32,5.99,1.88
2014/11/12,396.0,399.0,391.0,398.0,310.0,122699.0,-0.5,0.3253,283.0,29.0,0.0,-30.0,-1.0,1382.0,18.0,27.0,1.0,177.0,0.0,24.19,5.96,1.88
2014/11/13,400.0,416.0,400.0,410.5,700.0,286033.0,3.1407,0.7345,643.0,95.0,57.0,124.0,276.0,1364.0,74.0,92.0,2.0,180.0,5.0,24.95,6.14,1.83
2014/11/14,411.5,411.5,400.0,400.0,317.0,128078.0,-2.5579,0.3326,290.0,-32.0,-11.0,-38.0,-81.0,1414.0,82.0,32.0,4.0,177.0,1.0,24.32,5.99,1.88
2014/11/17,401.0,405.0,392.0,392.0,317.0,125762.0,-2.0,0.3326,296.0,38.0,17.0,-35.0,20.0,1406.0,25.0,33.0,0.0,178.0,1.0,23.83,5.87,1.91
2014/11/18,394.5,397.5,382.0,388.0,337.0,131460.0,-1.0204,0.3536,320.0,37.0,6.0,-34.0,9.0,1398.0,34.0,42.0,7.0,174.0,3.0,23.59,5.81,1.93
2014/11/19,392.0,400.0,389.0,400.0,326.0,129446.0,3.0928,0.3421,290.0,57.0,35.0,15.0,107.0,1363.0,20.0,55.0,11.0,165.0,2.0,24.32,5.99,1.88
2014/11/20,400.0,410.5,397.0,404.5,386.0,156574.0,1.125,0.405,350.0,64.0,-20.0,59.0,103.0,1382.0,63.0,44.0,2.0,165.0,2.0,24.59,6.05,1.85
2014/11/21,407.5,412.5,405.0,406.5,430.0,176270.0,0.4944,0.4512,386.0,109.0,-4.0,-10.0,95.0,1355.0,45.0,72.0,2.0,165.0,2.0,24.71,6.08,1.85
2014/11/24,411.0,412.0,406.0,407.5,280.0,114602.0,0.246,0.2938,260.0,114.0,-17.0,4.0,101.0,1358.0,35.0,32.0,0.0,165.0,0.0,24.77,6.1,1.84
2014/11/25,407.5,413.0,407.5,412.0,471.0,193294.0,1.1043,0.4942,365.0,85.0,13.0,3.0,101.0,1387.0,112.0,83.0,0.0,141.0,0.0,25.05,6.16,1.82
2014/11/26,413.0,414.0,403.5,407.5,375.0,152819.0,-1.0922,0.3935,347.0,53.0,-41.0,-15.0,-3.0,1382.0,45.0,50.0,1.0,142.0,2.0,24.77,6.1,1.84
2014/11/27,409.0,413.0,401.5,404.0,293.0,118957.0,-0.8589,0.3075,268.0,50.0,-60.0,-2.0,-12.0,1382.0,34.0,34.0,2.0,141.0,1.0,24.56,6.05,1.86
2014/11/28,405.0,408.0,398.5,400.0,262.0,105350.0,-0.9901,0.2749,225.0,-48.0,-21.0,20.0,-49.0,1375.0,16.0,23.0,3.0,138.0,0.0,24.32,5.99,1.88
2014/12/01,395.0,400.0,393.5,395.0,526.0,208104.0,-1.25,0.552,330.0,41.0,0.0,23.0,64.0,1393.0,39.0,21.0,2.0,138.0,2.0,24.01,5.91,1.9
2014/12/02,395.0,401.0,389.0,392.0,379.0,149734.0,-0.7595,0.3977,357.0,-54.0,0.0,-7.0,-61.0,1429.0,56.0,20.0,2.0,137.0,1.0,23.83,5.87,1.91
2014/12/03,397.5,400.0,390.0,391.5,687.0,271087.0,-0.1276,0.7209,502.0,-52.0,40.0,21.0,9.0,1468.0,77.0,38.0,1.0,137.0,1.0,23.8,5.86,1.92
2014/12/04,398.0,400.0,389.0,394.0,504.0,198066.0,0.6386,0.5289,488.0,83.0,8.0,-18.0,73.0,1484.0,58.0,42.0,4.0,133.0,0.0,23.95,5.9,1.9
2014/12/05,396.0,398.0,393.5,395.0,268.0,105768.0,0.2538,0.2812,238.0,45.0,-51.0,-5.0,-11.0,1478.0,28.0,34.0,2.0,132.0,1.0,24.01,5.91,1.9
2014/12/08,400.0,401.0,385.0,389.0,544.0,212194.0,-1.519,0.5708,503.0,-42.0,-161.0,-15.0,-218.0,1540.0,87.0,25.0,1.0,134.0,3.0,23.65,5.82,1.93
2014/12/09,389.0,394.0,381.0,385.0,657.0,253975.0,-1.0283,0.6894,621.0,183.0,-208.0,-15.0,-40.0,1550.0,45.0,35.0,8.0,130.0,4.0,23.4,5.76,1.95
2014/12/10,380.0,387.5,371.0,371.0,643.0,242194.0,-3.6364,0.6747,619.0,-19.0,-205.0,15.0,-209.0,1626.0,108.0,32.0,6.0,137.0,13.0,22.55,5.55,2.02
2014/12/11,371.0,380.0,365.0,379.5,536.0,201307.0,2.2911,0.5625,507.0,163.0,-43.0,-2.0,118.0,1608.0,30.0,48.0,9.0,143.0,15.0,23.07,5.68,1.98
2014/12/12,380.0,382.5,374.0,374.5,434.0,164476.0,-1.3175,0.4554,374.0,-126.0,3.0,-12.0,-135.0,1629.0,55.0,34.0,2.0,145.0,4.0,22.77,5.6,2.0
2014/12/15,373.0,379.5,368.0,379.5,368.0,138539.0,1.3351,0.3862,339.0,98.0,-38.0,-17.0,43.0,1625.0,23.0,27.0,6.0,142.0,3.0,23.07,5.68,1.98
2014/12/16,380.5,381.5,374.5,378.0,343.0,129932.0,-0.3953,0.3599,301.0,-18.0,-35.0,-2.0,-55.0,1609.0,8.0,24.0,4.0,147.0,9.0,22.98,5.66,1.98
2014/12/17,382.5,382.5,376.0,378.0,423.0,160377.0,0.0,0.4439,326.0,-108.0,61.0,-41.0,-88.0,1603.0,19.0,25.0,5.0,151.0,9.0,22.98,5.66,1.98
2014/12/18,379.0,385.0,375.0,376.0,343.0,130197.0,-0.5291,0.3599,314.0,-143.0,141.0,-46.0,-48.0,1603.0,32.0,31.0,0.0,152.0,1.0,22.86,5.63,1.99
2014/12/19,383.5,383.5,362.5,365.0,464.0,172128.0,-2.9255,0.4869,422.0,-184.0,57.0,4.0,-123.0,1636.0,64.0,31.0,13.0,167.0,28.0,22.19,5.46,2.05
2014/12/22,365.0,369.5,365.0,369.0,343.0,126163.0,1.0959,0.3599,293.0,-81.0,-40.0,-9.0,-130.0,1634.0,11.0,12.0,2.0,167.0,3.0,22.43,5.52,2.03
2014/12/23,372.0,375.5,370.5,371.5,580.0,217008.0,0.6775,0.6086,468.0,-220.0,-31.0,-1.0,-252.0,1692.0,78.0,20.0,1.0,169.0,3.0,22.58,5.56,2.02
2014/12/24,375.0,391.0,373.0,391.0,1006.0,385669.0,5.249,1.0556,880.0,-7.0,44.0,154.0,191.0,1567.0,21.0,146.0,17.0,165.0,13.0,23.77,5.85,1.92
2014/12/25,393.0,399.5,391.5,397.0,723.0,286500.0,1.5345,0.7587,658.0,134.0,33.0,-7.0,160.0,1517.0,49.0,99.0,5.0,167.0,7.0,24.13,5.94,1.89
2014/12/26,400.0,402.5,394.5,399.0,579.0,230661.0,0.5038,0.6076,455.0,14.0,-15.0,-23.0,-24.0,1484.0,36.0,69.0,12.0,157.0,2.0,24.26,5.97,1.88
2014/12/27,401.5,405.0,400.5,404.5,421.0,169788.0,1.3784,0.4418,382.0,0.0,0.0,34.0,34.0,1413.0,26.0,97.0,3.0,154.0,0.0,24.59,6.05,1.85
2014/12/29,406.5,408.0,398.5,400.5,484.0,194827.0,-0.9889,0.5079,438.0,-52.0,55.0,-29.0,-26.0,1388.0,21.0,46.0,1.0,154.0,1.0,24.35,5.99,1.87
2014/12/30,400.5,404.5,395.0,401.0,480.0,192178.0,0.1248,0.5037,430.0,59.0,-7.0,1.0,53.0,1373.0,23.0,38.0,0.0,161.0,7.0,24.38,6.0,1.87
2014/12/31,405.0,410.0,402.0,406.0,366.0,148473.0,1.2469,0.3841,340.0,81.0,37.0,-26.0,92.0,1357.0,27.0,43.0,0.0,161.0,0.0,24.68,6.08,1.85
2015/01/05,410.0,410.0,405.5,407.5,327.0,133157.0,0.3695,0.3431,285.0,33.0,25.0,15.0,73.0,1339.0,5.0,23.0,0.0,161.0,0.0,24.77,6.1,1.84
2015/01/06,405.5,407.5,394.5,400.0,319.0,128023.0,-1.8405,0.3347,258.0,-32.0,35.0,-15.0,-12.0,1334.0,16.0,21.0,3.0,159.0,1.0,24.32,5.99,1.88
2015/01/07,401.0,406.0,396.0,396.5,271.0,108283.0,-0.875,0.2844,235.0,14.0,-4.0,-26.0,-16.0,1347.0,18.0,5.0,3.0,157.0,1.0,24.1,5.93,1.89
2015/01/08,406.0,407.0,399.0,401.5,392.0,158019.0,1.261,0.4113,348.0,2.0,57.0,1.0,60.0,1340.0,28.0,35.0,1.0,157.0,1.0,24.41,6.01,1.87
2015/01/09,407.0,425.0,405.0,419.5,1250.0,520043.0,4.4832,1.3117,1065.0,98.0,135.0,175.0,408.0,1304.0,69.0,105.0,2.0,164.0,9.0,25.5,6.28,1.79
2015/01/12,427.5,429.0,416.0,423.5,707.0,298729.0,0.9535,0.7419,599.0,241.0,9.0,-35.0,215.0,1293.0,36.0,47.0,0.0,165.0,1.0,25.74,6.34,1.77
2015/01/13,426.0,450.0,425.0,440.0,1039.0,457060.0,3.8961,1.0903,908.0,50.0,131.0,-17.0,164.0,1287.0,69.0,75.0,5.0,161.0,1.0,26.75,6.58,1.7
2015/01/14,436.0,445.0,426.5,426.5,559.0,242755.0,-3.0682,0.5866,517.0,-77.0,23.0,-10.0,-64.0,1314.0,50.0,23.0,1.0,160.0,0.0,25.93,6.38,1.76
2015/01/15,434.5,435.0,427.5,428.0,400.0,171980.0,0.3517,0.4197,347.0,137.0,0.0,-16.0,121.0,1292.0,9.0,31.0,0.0,163.0,3.0,26.02,6.4,1.75
2015/01/16,433.0,436.0,425.5,430.0,365.0,157151.0,0.4673,0.383,349.0,18.0,-30.0,-13.0,-25.0,1299.0,40.0,33.0,0.0,163.0,0.0,26.14,6.43,1.74
2015/01/19,438.0,438.0,420.0,429.0,356.0,153086.0,-0.2326,0.3736,327.0,0.0,62.0,3.0,65.0,1274.0,13.0,38.0,0.0,163.0,0.0,26.08,6.42,1.75
2015/01/20,435.0,435.0,426.0,430.0,287.0,123836.0,0.2331,0.3012,260.0,14.0,-45.0,-5.0,-36.0,1280.0,13.0,7.0,1.0,162.0,0.0,26.14,6.43,1.74
2015/01/21,434.5,449.5,432.0,449.0,716.0,317648.0,4.4186,0.7513,650.0,47.0,2.0,42.0,91.0,1346.0,142.0,76.0,0.0,170.0,8.0,27.29,6.72,1.67
2015/01/22,455.0,460.0,447.5,448.0,688.0,310928.0,-0.2227,0.722,597.0,-51.0,-1.0,-60.0,-112.0,1406.0,116.0,56.0,3.0,171.0,4.0,27.23,6.7,1.67
2015/01/23,452.0,459.5,445.5,450.0,790.0,356751.0,0.4464,0.829,702.0,208.0,-7.0,-27.0,174.0,1434.0,76.0,48.0,5.0,167.0,1.0,27.36,6.73,1.67
2015/01/26,453.5,457.5,447.0,457.0,633.0,286725.0,1.5556,0.6642,583.0,82.0,-43.0,-15.0,24.0,1440.0,66.0,60.0,1.0,166.0,0.0,27.78,6.84,1.64
2015/01/27,460.0,463.5,453.0,459.0,630.0,289285.0,0.4376,0.6611,541.0,-75.0,-6.0,-3.0,-84.0,1507.0,109.0,42.0,2.0,168.0,4.0,27.9,6.87,1.63
2015/01/28,459.0,464.0,458.0,459.0,595.0,274245.0,0.0,0.6244,503.0,60.0,-2.0,-21.0,37.0,1488.0,30.0,49.0,2.0,171.0,5.0,27.9,6.87,1.63
2015/01/29,455.0,460.0,452.0,460.0,392.0,179331.0,0.2179,0.4113,318.0,-14.0,-8.0,-13.0,-35.0,1477.0,7.0,18.0,0.0,172.0,1.0,27.96,6.88,1.63
2015/01/30,463.5,463.5,459.0,460.0,324.0,149474.0,0.0,0.34,280.0,-47.0,10.0,-2.0,-39.0,1474.0,17.0,20.0,0.0,175.0,3.0,27.96,6.88,1.63
2015/02/02,456.0,473.0,455.5,468.0,363.0,169100.0,1.7391,0.3809,324.0,-4.0,-14.0,13.0,-5.0,1465.0,33.0,42.0,0.0,183.0,8.0,28.45,7.0,1.6
2015/02/03,470.0,493.0,468.5,485.0,1048.0,506512.0,3.6325,1.0997,903.0,17.0,31.0,-20.0,28.0,1470.0,90.0,85.0,12.0,179.0,8.0,29.48,7.26,1.55
2015/02/04,483.5,493.0,480.0,484.0,667.0,324247.0,-0.2062,0.6999,589.0,-165.0,-3.0,-36.0,-204.0,1478.0,60.0,52.0,2.0,186.0,9.0,29.42,7.24,1.55
2015/02/05,485.0,485.5,478.0,480.0,380.0,182494.0,-0.8264,0.3988,324.0,-43.0,-17.0,-8.0,-68.0,1511.0,49.0,16.0,2.0,191.0,7.0,29.18,7.18,1.56
2015/02/06,479.5,487.0,476.0,476.0,296.0,142827.0,-0.8333,0.3106,265.0,-82.0,14.0,-1.0,-69.0,1483.0,25.0,53.0,0.0,194.0,3.0,28.94,7.12,1.58
2015/02/09,471.0,476.0,459.0,476.0,612.0,285791.0,0.0,0.6422,502.0,-78.0,-3.0,-37.0,-118.0,1546.0,87.0,24.0,7.0,190.0,3.0,28.94,7.12,1.58
2015/02/10,473.5,481.0,471.0,478.0,400.0,190770.0,0.4202,0.4197,360.0,-55.0,-12.0,-23.0,-90.0,1562.0,47.0,31.0,0.0,198.0,8.0,29.06,7.15,1.57
2015/02/11,481.0,496.0,480.0,489.0,719.0,350328.0,2.3013,0.7545,573.0,128.0,10.0,13.0,151.0,1472.0,62.0,152.0,5.0,201.0,8.0,29.73,7.32,1.53
2015/02/12,487.0,497.0,486.0,493.0,919.0,452904.0,0.818,0.9644,800.0,262.0,-177.0,-9.0,76.0,1440.0,23.0,55.0,0.0,209.0,8.0,29.97,7.38,1.52
2015/02/13,493.0,499.5,481.5,488.0,749.0,367912.0,-1.0142,0.786,547.0,-58.0,-13.0,11.0,-60.0,1487.0,86.0,37.0,4.0,207.0,2.0,29.67,7.3,1.54
2015/02/24,496.0,497.0,491.0,495.0,433.0,214362.0,1.4344,0.4544,387.0,117.0,-2.0,4.0,119.0,1414.0,14.0,87.0,0.0,216.0,9.0,30.09,7.41,1.52
2015/02/25,501.0,515.0,498.0,514.0,634.0,322952.0,3.8384,0.6653,576.0,53.0,30.0,9.0,92.0,1434.0,92.0,72.0,8.0,219.0,11.0,31.25,7.69,1.46
2015/02/26,509.0,512.0,503.0,509.0,507.0,257578.0,-0.9728,0.532,411.0,62.0,-2.0,-3.0,57.0,1472.0,77.0,38.0,3.0,224.0,8.0,30.94,7.62,1.47
2015/03/02,516.0,516.0,504.0,510.0,403.0,205144.0,0.1965,0.4229,331.0,106.0,-30.0,-4.0,72.0,1458.0,21.0,35.0,0.0,225.0,1.0,31.0,7.63,1.47
2015/03/03,510.0,512.0,499.0,506.0,472.0,239517.0,-0.7843,0.4953,416.0,81.0,-21.0,-4.0,56.0,1475.0,40.0,23.0,1.0,230.0,6.0,30.76,7.57,1.48
2015/03/04,506.0,516.0,504.0,504.0,532.0,270437.0,-0.3953,0.5583,472.0,90.0,-132.0,7.0,-35.0,1447.0,38.0,29.0,5.0,228.0,3.0,30.64,7.54,1.49
2015/03/05,504.0,509.0,501.0,503.0,460.0,232052.0,-0.1984,0.4827,349.0,78.0,-73.0,7.0,12.0,1453.0,30.0,24.0,4.0,222.0,0.0,30.58,7.53,1.49
2015/03/06,503.0,507.0,497.0,497.5,388.0,194673.0,-1.0934,0.4071,316.0,49.0,-89.0,11.0,-29.0,1390.0,28.0,91.0,9.0,213.0,0.0,30.24,6.77,1.51
2015/03/09,491.0,499.0,487.5,487.5,362.0,178399.0,-2.0101,0.3799,324.0,-65.0,-13.0,7.0,-71.0,1392.0,28.0,26.0,7.0,207.0,1.0,25.68,6.63,1.54
2015/03/10,493.5,493.5,485.5,488.0,358.0,174878.0,0.1026,0.3757,323.0,54.0,-29.0,-3.0,22.0,1377.0,22.0,37.0,5.0,203.0,1.0,25.71,6.64,1.54
2015/03/11,487.5,506.0,487.5,496.0,453.0,224981.0,1.6393,0.4754,423.0,54.0,-8.0,26.0,72.0,1340.0,24.0,61.0,5.0,199.0,1.0,26.13,6.74,1.51
2015/03/12,496.0,496.0,489.0,491.0,388.0,190979.0,-1.0081,0.4071,351.0,34.0,-93.0,-18.0,-77.0,1359.0,31.0,12.0,2.0,199.0,2.0,25.87,6.68,1.53
2015/03/13,496.0,498.0,491.0,492.0,228.0,112744.0,0.2037,0.2393,227.0,11.0,-11.0,-1.0,-1.0,1357.0,16.0,18.0,4.0,195.0,0.0,25.92,6.69,1.52
2015/03/16,489.0,491.5,479.5,481.0,341.0,165308.0,-2.2358,0.3578,325.0,-51.0,-24.0,-4.0,-79.0,1348.0,43.0,52.0,17.0,178.0,0.0,25.34,6.54,1.56
2015/03/17,484.0,489.5,481.5,488.0,313.0,152132.0,1.4553,0.3284,295.0,46.0,-24.0,3.0,25.0,1327.0,15.0,36.0,2.0,177.0,1.0,25.71,6.64,1.54
2015/03/18,487.0,492.0,481.0,485.5,328.0,159205.0,-0.5123,0.3442,313.0,75.0,-125.0,-6.0,-56.0,1348.0,27.0,6.0,3.0,174.0,0.0,25.58,6.6,1.54
2015/03/19,488.5,499.5,484.0,496.0,390.0,192483.0,2.1627,0.4092,355.0,92.0,-63.0,29.0,58.0,1352.0,36.0,32.0,3.0,184.0,13.0,26.13,6.74,1.51
2015/03/20,491.0,497.5,490.0,493.5,249.0,123163.0,-0.504,0.2613,222.0,-39.0,-3.0,-11.0,-53.0,1356.0,19.0,15.0,12.0,172.0,0.0,26.0,6.71,1.52
2015/03/23,495.0,497.5,490.5,491.0,244.0,120571.0,-0.5066,0.256,230.0,-12.0,-41.0,-3.0,-56.0,1366.0,35.0,25.0,0.0,172.0,0.0,25.87,6.68,1.53
2015/03/24,488.5,493.0,476.0,478.0,409.0,196761.0,-2.6477,0.4292,334.0,-59.0,-12.0,-22.0,-93.0,1419.0,72.0,19.0,24.0,149.0,1.0,25.18,6.5,1.57
2015/03/25,484.0,484.0,469.0,472.0,353.0,167574.0,-1.2552,0.3704,299.0,-5.0,-68.0,1.0,-72.0,1384.0,18.0,53.0,7.0,142.0,0.0,24.87,6.42,1.59
2015/03/26,470.0,470.0,463.0,464.5,312.0,145747.0,-1.589,0.3274,268.0,-71.0,-45.0,0.0,-116.0,1440.0,61.0,4.0,5.0,136.0,0.0,24.47,6.32,1.61
2015/03/27,469.5,469.5,459.5,460.0,276.0,127899.0,-0.9688,0.2896,241.0,21.0,-4.0,1.0,18.0,1472.0,48.0,16.0,2.0,135.0,1.0,24.24,6.26,1.63
2015/03/30,460.5,469.0,460.5,469.0,218.0,101336.0,1.9565,0.2288,202.0,36.0,0.0,-8.0,28.0,1453.0,20.0,39.0,6.0,129.0,0.0,24.71,6.38,1.6
2015/03/31,472.5,479.0,472.0,472.0,239.0,113625.0,0.6397,0.2508,207.0,-1.0,-8.0,0.0,-9.0,1447.0,30.0,36.0,3.0,113.0,1.0,24.87,6.42,1.59
2015/04/01,475.5,480.0,475.0,480.0,253.0,121108.0,1.6949,0.2655,230.0,58.0,-5.0,-1.0,52.0,1431.0,18.0,34.0,0.0,113.0,0.0,25.29,6.53,1.56
2015/04/02,480.0,482.0,473.5,474.5,184.0,87864.0,-1.1458,0.1931,162.0,-28.0,-15.0,-2.0,-45.0,1428.0,9.0,12.0,0.0,86.0,1.0,25.0,6.45,1.58
2015/04/07,478.0,480.0,475.0,478.0,220.0,105306.0,0.7376,0.2309,211.0,33.0,-55.0,0.0,-22.0,1419.0,5.0,14.0,3.0,84.0,1.0,25.18,6.5,1.57
2015/04/08,478.0,479.0,459.0,465.0,374.0,174580.0,-2.7197,0.3925,355.0,10.0,-82.0,-9.0,-81.0,1467.0,63.0,15.0,7.0,81.0,4.0,24.5,6.32,1.61
2015/04/09,466.0,472.0,460.0,460.0,336.0,156713.0,-1.0753,0.3526,304.0,-111.0,0.0,16.0,-95.0,1479.0,33.0,20.0,6.0,79.0,4.0,24.24,6.26,1.63
2015/04/10,467.0,467.0,433.5,433.5,829.0,367985.0,-5.7609,0.8699,629.0,-122.0,-144.0,8.0,-258.0,1563.0,161.0,77.0,21.0,67.0,9.0,22.84,5.89,1.73
2015/04/13,437.0,463.5,435.5,463.5,930.0,420690.0,6.9204,0.9759,801.0,-49.0,-128.0,-3.0,-180.0,1489.0,46.0,120.0,11.0,77.0,21.0,24.42,6.3,1.62
2015/04/14,463.5,482.0,463.5,477.0,487.0,231497.0,2.9126,0.511,476.0,31.0,0.0,-7.0,24.0,1392.0,46.0,143.0,5.0,77.0,5.0,25.13,6.49,1.57
2015/04/15,477.0,482.5,463.0,470.0,418.0,197651.0,-1.4675,0.4386,386.0,88.0,-43.0,-22.0,23.0,1391.0,47.0,48.0,9.0,67.0,1.0,24.76,6.39,1.6
2015/04/16,475.0,478.5,473.0,478.0,359.0,171022.0,1.7021,0.3767,317.0,63.0,-62.0,2.0,3.0,1387.0,33.0,37.0,28.0,39.0,0.0,25.18,6.5,1.57
2015/04/17,480.0,480.0,470.5,475.0,255.0,121317.0,-0.6276,0.2676,229.0,61.0,-70.0,-5.0,-14.0,1375.0,5.0,17.0,37.0,2.0,0.0,25.03,6.46,1.58
2015/04/20,472.0,476.0,464.5,468.0,247.0,115902.0,-1.4737,0.2592,239.0,62.0,-30.0,-5.0,27.0,1357.0,25.0,43.0,1.0,0.0,0.0,24.66,6.36,1.6
2015/04/21,470.0,485.5,470.0,482.0,510.0,245376.0,2.9915,0.5352,490.0,90.0,-25.0,9.0,74.0,1338.0,87.0,104.0,0.0,0.0,0.0,25.4,6.55,1.56
2015/04/22,484.0,487.5,476.0,479.5,275.0,132134.0,-0.5187,0.2886,256.0,-21.0,-54.0,-1.0,-76.0,1371.0,48.0,15.0,0.0,0.0,0.0,25.26,6.52,1.56
2015/04/23,479.5,484.0,476.5,476.5,255.0,122419.0,-0.6257,0.2676,229.0,45.0,-22.0,2.0,25.0,1358.0,38.0,51.0,0.0,13.0,13.0,25.11,6.48,1.57
2015/04/24,476.5,484.0,476.0,476.0,228.0,109673.0,-0.1049,0.2393,217.0,32.0,-25.0,4.0,11.0,1372.0,46.0,32.0,1.0,15.0,3.0,25.08,6.47,1.58
2015/04/27,481.0,483.5,472.0,480.0,294.0,141025.0,0.8403,0.3085,254.0,60.0,0.0,2.0,62.0,1383.0,34.0,23.0,0.0,28.0,13.0,25.29,6.53,1.56
2015/04/28,481.5,484.0,475.5,476.0,335.0,160863.0,-0.8333,0.3515,286.0,73.0,-47.0,2.0,28.0,1371.0,24.0,36.0,0.0,30.0,2.0,25.08,6.47,1.58
2015/04/29,478.0,492.0,478.0,479.0,422.0,204057.0,0.6303,0.4428,400.0,75.0,0.0,30.0,105.0,1311.0,40.0,100.0,11.0,29.0,10.0,25.24,6.51,1.57
2015/04/30,483.5,487.0,482.0,483.5,221.0,107110.0,0.9395,0.2319,212.0,74.0,0.0,-9.0,65.0,1281.0,16.0,46.0,7.0,24.0,2.0,25.47,6.57,1.55
2015/05/04,485.0,485.5,474.0,479.0,223.0,106876.0,-0.9307,0.234,198.0,-66.0,0.0,-4.0,-70.0,1282.0,28.0,27.0,5.0,20.0,1.0,25.24,6.51,1.57
2015/05/05,479.5,480.0,470.0,475.0,246.0,117383.0,-0.8351,0.2581,211.0,-12.0,0.0,2.0,-10.0,1266.0,17.0,33.0,2.0,20.0,2.0,25.03,6.46,1.58
2015/05/06,467.0,475.0,465.0,467.0,269.0,126688.0,-1.6842,0.2823,256.0,-43.0,-21.0,-8.0,-72.0,1275.0,23.0,14.0,4.0,20.0,4.0,24.6,6.01,1.61
2015/05/07,471.0,471.0,462.5,468.0,226.0,105595.0,0.2141,0.2372,209.0,-9.0,4.0,-6.0,-11.0,1271.0,16.0,20.0,4.0,28.0,12.0,25.69,6.02,1.92
2015/05/08,472.5,472.5,459.5,459.5,215.0,100113.0,-1.8162,0.2256,208.0,-64.0,0.0,0.0,-64.0,1273.0,20.0,18.0,2.0,33.0,7.0,25.22,5.92,1.96
2015/05/11,465.0,465.5,455.0,458.5,248.0,114393.0,-0.2176,0.2602,238.0,-2.0,2.0,-1.0,-1.0,1237.0,11.0,35.0,4.0,33.0,4.0,25.16,5.9,1.96
2015/05/12,458.5,461.5,445.0,448.0,296.0,133567.0,-2.2901,0.3106,269.0,-81.0,-23.0,7.0,-97.0,1217.0,33.0,13.0,5.0,31.0,3.0,24.59,5.77,2.01
2015/05/13,452.0,456.0,449.0,451.5,257.0,116500.0,0.7813,0.2697,244.0,-64.0,-37.0,-1.0,-102.0,1236.0,41.0,22.0,3.0,30.0,2.0,24.78,5.81,1.99
2015/05/14,452.0,454.5,445.0,446.5,283.0,127200.0,-1.1074,0.297,260.0,-108.0,2.0,-1.0,-107.0,1244.0,22.0,14.0,9.0,24.0,3.0,24.51,5.75,2.02
2015/05/15,447.0,453.5,446.5,453.0,270.0,121927.0,1.4558,0.2833,249.0,25.0,0.0,-5.0,20.0,1212.0,13.0,45.0,4.0,22.0,2.0,24.86,5.83,1.99
2015/05/18,455.5,460.0,450.0,450.0,222.0,100915.0,-0.6623,0.233,190.0,-19.0,0.0,-17.0,-36.0,1207.0,16.0,20.0,0.0,23.0,1.0,24.7,5.79,2.0
2015/05/19,455.0,455.0,443.0,447.0,275.0,123389.0,-0.6667,0.2886,258.0,-114.0,-35.0,-3.0,-152.0,1222.0,27.0,12.0,2.0,23.0,2.0,24.53,5.75,2.01
2015/05/20,450.0,468.0,448.0,461.5,374.0,171477.0,3.2438,0.3925,357.0,88.0,0.0,7.0,95.0,1175.0,20.0,67.0,6.0,20.0,3.0,25.33,5.94,1.95
2015/05/21,461.0,461.0,448.5,448.5,248.0,112663.0,-2.8169,0.2602,236.0,-69.0,-39.0,-9.0,-117.0,1211.0,52.0,16.0,4.0,16.0,0.0,24.62,5.77,2.01
2015/05/22,446.0,446.5,435.0,438.0,582.0,256433.0,-2.3411,0.6107,533.0,-308.0,-10.0,-7.0,-325.0,1310.0,120.0,21.0,3.0,15.0,2.0,24.04,5.64,2.05
2015/05/25,439.0,443.0,432.0,432.0,440.0,192612.0,-1.3699,0.4617,408.0,7.0,-79.0,2.0,-70.0,1321.0,39.0,28.0,1.0,18.0,4.0,23.71,5.56,2.08
2015/05/26,435.0,435.5,424.0,425.5,283.0,121397.0,-1.5046,0.297,277.0,-41.0,0.0,-4.0,-45.0,1332.0,35.0,24.0,1.0,25.0,8.0,23.35,5.48,2.12
2015/05/27,425.0,428.0,404.0,406.0,952.0,393571.0,-4.5828,0.999,793.0,-509.0,30.0,7.0,-472.0,1450.0,182.0,64.0,8.0,20.0,3.0,22.28,5.23,2.22
2015/05/28,413.0,419.5,411.5,418.5,630.0,262549.0,3.0788,0.6611,585.0,9.0,0.0,12.0,21.0,1450.0,69.0,68.0,5.0,24.0,9.0,22.97,5.39,2.15
2015/05/29,420.0,445.0,420.0,440.0,1053.0,458615.0,5.1374,1.105,900.0,88.0,73.0,22.0,183.0,1278.0,51.0,223.0,7.0,32.0,15.0,24.15,5.66,2.05
2015/06/01,445.0,448.0,430.5,446.0,363.0,160091.0,1.3636,0.3809,312.0,-13.0,-6.0,10.0,-9.0,1252.0,24.0,49.0,1.0,31.0,1.0,24.48,5.74,2.02
2015/06/02,441.0,449.5,434.0,444.5,473.0,210645.0,-0.3363,0.4963,430.0,-53.0,-29.0,10.0,-72.0,1233.0,21.0,39.0,1.0,34.0,4.0,24.4,5.72,2.02
2015/06/03,444.0,457.0,440.5,451.0,509.0,230043.0,1.4623,0.5341,481.0,153.0,-50.0,20.0,123.0,1203.0,51.0,81.0,2.0,38.0,6.0,24.75,5.81,2.0
2015/06/04,453.0,455.5,446.0,451.5,451.0,203514.0,0.1109,0.4733,411.0,107.0,14.0,-7.0,114.0,1168.0,11.0,46.0,1.0,39.0,2.0,24.78,5.81,1.99
2015/06/05,448.0,450.0,431.0,443.5,336.0,148186.0,-1.7719,0.3526,310.0,-118.0,1.0,-11.0,-128.0,1170.0,24.0,22.0,4.0,35.0,0.0,24.34,5.71,2.03
2015/06/08,439.5,444.5,433.0,443.0,361.0,158896.0,-0.1127,0.3788,319.0,-75.0,13.0,-4.0,-66.0,1173.0,20.0,17.0,1.0,39.0,5.0,24.31,5.7,2.03
2015/06/09,437.5,439.0,421.0,421.5,387.0,166851.0,-4.8533,0.4061,356.0,-98.0,17.0,-1.0,-82.0,1188.0,27.0,12.0,10.0,30.0,1.0,23.13,5.43,2.14
2015/06/10,429.0,433.0,423.0,429.5,477.0,205119.0,1.898,0.5005,385.0,-213.0,8.0,-3.0,-208.0,1180.0,4.0,11.0,1.0,33.0,4.0,23.57,5.53,2.1
2015/06/11,420.0,430.5,410.0,418.0,552.0,229501.0,-2.6775,0.5792,520.0,-328.0,-15.0,3.0,-340.0,1209.0,45.0,16.0,3.0,40.0,10.0,22.94,5.38,2.15
2015/06/12,415.0,425.0,414.0,416.5,319.0,133246.0,-0.3589,0.3347,309.0,-88.0,-5.0,5.0,-88.0,1223.0,22.0,8.0,1.0,39.0,0.0,22.86,5.36,2.16
2015/06/15,420.0,424.0,416.0,416.5,358.0,149733.0,0.0,0.3757,264.0,-35.0,0.0,-4.0,-39.0,1216.0,9.0,16.0,5.0,38.0,4.0,22.86,5.36,2.16
2015/06/16,416.0,420.0,414.5,418.0,201.0,84108.0,0.3601,0.2109,184.0,-21.0,0.0,-2.0,-23.0,1206.0,3.0,13.0,3.0,36.0,1.0,22.94,5.38,2.15
2015/06/17,417.0,420.0,415.0,418.0,297.0,124083.0,0.0,0.3117,267.0,-78.0,0.0,-4.0,-82.0,1208.0,13.0,11.0,2.0,36.0,2.0,22.94,5.38,2.15
2015/06/18,419.0,421.0,412.0,415.5,351.0,146705.0,-0.5981,0.3683,199.0,-49.0,0.0,-3.0,-52.0,1217.0,15.0,6.0,0.0,38.0,2.0,22.8,5.35,2.17
2015/06/22,418.0,422.0,417.0,418.0,388.0,162415.0,0.6017,0.4071,247.0,13.0,-4.0,9.0,18.0,1219.0,17.0,15.0,3.0,36.0,1.0,22.94,5.38,2.15
2015/06/23,420.5,425.5,420.0,421.0,401.0,169445.0,0.7177,0.4208,223.0,-30.0,0.0,5.0,-25.0,1227.0,31.0,23.0,1.0,38.0,3.0,23.11,5.42,2.14
2015/06/24,420.5,425.0,418.5,420.0,255.0,107569.0,-0.2375,0.2676,222.0,-64.0,2.0,4.0,-58.0,1222.0,10.0,15.0,0.0,38.0,0.0,23.05,5.41,2.14
2015/06/25,419.5,423.5,417.0,418.0,314.0,132047.0,-0.4762,0.3295,235.0,-36.0,0.0,-2.0,-38.0,1231.0,33.0,24.0,0.0,42.0,4.0,22.94,5.38,2.15
2015/06/26,423.0,433.5,420.0,429.0,354.0,152039.0,2.6316,0.3715,201.0,42.0,-5.0,8.0,45.0,1231.0,123.0,123.0,13.0,32.0,3.0,23.55,5.52,2.1
2015/06/29,425.0,433.0,410.5,412.0,554.0,233261.0,-3.9627,0.5813,421.0,91.0,0.0,-14.0,77.0,1229.0,32.0,34.0,5.0,32.0,5.0,22.61,5.3,2.18
2015/06/30,412.0,418.5,410.0,412.0,583.0,240723.0,0.0,0.6118,550.0,-63.0,0.0,-3.0,-66.0,1255.0,38.0,12.0,1.0,32.0,1.0,22.61,5.3,2.18
2015/07/01,415.5,419.0,413.0,415.5,324.0,134623.0,0.8495,0.34,290.0,-86.0,11.0,0.0,-75.0,1259.0,17.0,13.0,0.0,33.0,1.0,22.8,5.35,2.17
2015/07/02,418.0,418.5,412.0,412.0,318.0,131582.0,-0.8424,0.3337,299.0,-130.0,10.0,1.0,-119.0,1261.0,18.0,16.0,2.0,31.0,0.0,22.61,5.3,2.18
2015/07/03,411.0,414.5,398.0,400.5,424.0,171309.0,-2.7913,0.4449,391.0,-188.0,3.0,-48.0,-233.0,1279.0,46.0,28.0,2.0,31.0,2.0,21.98,5.16,2.25
2015/07/06,403.0,407.0,399.0,399.0,413.0,166203.0,-0.3745,0.4334,371.0,-98.0,0.0,-1.0,-99.0,1311.0,53.0,17.0,0.0,35.0,4.0,21.9,5.14,2.26
2015/07/07,405.0,406.0,395.0,398.0,213.0,85093.0,-0.2506,0.2235,182.0,-66.0,0.0,-6.0,-72.0,1308.0,11.0,13.0,2.0,38.0,5.0,21.84,5.12,2.26
2015/07/08,398.0,399.0,378.5,386.5,270.0,104015.0,-2.8894,0.2833,241.0,-104.0,0.0,2.0,-102.0,1299.0,24.0,32.0,6.0,37.0,5.0,21.21,4.98,2.33
2015/07/09,378.5,380.5,364.0,366.0,543.0,200723.0,-5.304,0.5698,454.0,-308.0,12.0,5.0,-291.0,1324.0,60.0,35.0,11.0,28.0,2.0,20.09,4.71,2.46
2015/07/13,374.0,374.5,368.5,372.5,237.0,88429.0,1.776,0.2487,232.0,-1.0,5.0,-3.0,1.0,1317.0,26.0,33.0,2.0,32.0,6.0,20.44,4.8,2.42
2015/07/14,376.5,386.5,368.5,370.0,292.0,109597.0,-0.6711,0.3064,273.0,-53.0,0.0,0.0,-53.0,1320.0,42.0,38.0,0.0,40.0,8.0,20.31,4.76,2.43
2015/07/15,370.5,374.5,357.5,360.0,377.0,137793.0,-2.7027,0.3956,357.0,-77.0,1.0,-3.0,-79.0,1336.0,29.0,12.0,10.0,36.0,6.0,19.76,4.63,2.5
2015/07/16,362.5,370.0,361.0,369.0,329.0,120843.0,2.5,0.3452,312.0,-43.0,0.0,-3.0,-46.0,1338.0,30.0,28.0,1.0,43.0,8.0,20.25,4.75,2.44
2015/07/17,369.0,375.5,365.5,373.0,478.0,177828.0,1.084,0.5016,431.0,-173.0,120.0,3.0,-50.0,1334.0,15.0,17.0,2.0,41.0,0.0,20.47,4.8,2.41
2015/07/20,373.0,374.5,361.0,373.5,358.0,133190.0,0.134,0.3757,302.0,-106.0,71.0,-8.0,-43.0,1316.0,11.0,29.0,1.0,44.0,4.0,20.5,4.81,2.41
2015/07/21,367.0,378.0,367.0,378.0,300.0,112116.0,1.2048,0.3148,246.0,-54.0,20.0,-3.0,-37.0,1302.0,11.0,25.0,1.0,45.0,2.0,20.75,4.87,2.38
2015/07/22,380.5,384.0,377.0,383.0,362.0,137853.0,1.3228,0.3799,312.0,-48.0,10.0,-3.0,-41.0,1301.0,19.0,20.0,2.0,45.0,2.0,21.02,4.93,2.35
2015/07/23,384.0,385.0,380.0,382.0,383.0,146815.0,-0.2611,0.4019,340.0,6.0,20.0,-3.0,23.0,1268.0,2.0,35.0,0.0,48.0,3.0,20.97,4.92,2.36
2015/07/24,385.0,385.0,373.0,373.0,255.0,96243.0,-2.356,0.2676,233.0,-87.0,10.0,2.0,-75.0,1258.0,6.0,16.0,2.0,53.0,7.0,20.47,4.8,2.41
2015/07/27,370.0,376.5,347.5,348.0,442.0,160078.0,-6.7024,0.4638,366.0,-181.0,0.0,13.0,-168.0,1259.0,19.0,17.0,12.0,45.0,5.0,19.1,4.48,2.59
2015/07/28,330.5,349.5,330.0,338.5,520.0,178243.0,-2.7299,0.5457,450.0,-151.0,41.0,11.0,-99.0,1245.0,17.0,31.0,8.0,42.0,5.0,18.58,4.36,2.66
2015/07/29,342.0,346.5,340.0,341.5,286.0,97793.0,0.8863,0.3001,204.0,-35.0,-7.0,6.0,-36.0,1252.0,14.0,7.0,4.0,39.0,1.0,18.74,4.4,2.64
2015/07/30,345.0,354.5,342.5,350.5,347.0,121479.0,2.6354,0.3641,318.0,-80.0,59.0,6.0,-15.0,1263.0,43.0,32.0,5.0,35.0,1.0,19.24,4.51,2.57
2015/07/31,353.5,369.0,353.0,365.0,473.0,170946.0,4.1369,0.4963,434.0,-21.0,62.0,-10.0,31.0,1243.0,8.0,28.0,4.0,39.0,8.0,20.03,4.7,2.47
2015/08/03,368.0,368.0,349.5,353.0,252.0,89874.0,-3.2877,0.2644,248.0,-112.0,6.0,-14.0,-120.0,1232.0,3.0,14.0,6.0,33.0,0.0,19.37,4.54,2.55
2015/08/04,352.0,380.0,351.0,367.5,396.0,145782.0,4.1076,0.4155,367.0,-59.0,80.0,4.0,25.0,1223.0,11.0,20.0,1.0,45.0,13.0,20.17,4.73,2.45
2015/08/05,381.0,389.5,375.0,385.0,549.0,209538.0,4.7619,0.5761,466.0,45.0,50.0,9.0,104.0,1202.0,6.0,27.0,2.0,38.0,3.0,21.13,4.96,2.34
2015/08/06,385.0,387.5,365.0,372.0,292.0,109298.0,-3.3766,0.3064,279.0,-135.0,43.0,0.0,-92.0,1220.0,27.0,9.0,7.0,36.0,5.0,20.42,5.18,2.42
2015/08/07,379.0,408.0,374.0,392.0,657.0,257261.0,5.3763,0.6894,576.0,-114.0,178.0,7.0,71.0,1207.0,18.0,31.0,2.0,46.0,12.0,21.11,5.46,2.3
2015/08/10,399.0,401.5,387.0,398.0,361.0,142726.0,1.5306,0.3788,328.0,-25.0,29.0,-5.0,-1.0,1198.0,11.0,20.0,5.0,42.0,1.0,21.43,5.54,2.26
2015/08/11,404.0,404.0,391.0,391.0,285.0,113368.0,-1.7588,0.2991,268.0,-26.0,19.0,-25.0,-32.0,1207.0,22.0,12.0,0.0,43.0,1.0,21.06,5.44,2.3
2015/08/12,391.0,401.0,389.0,391.5,359.0,141722.0,0.1279,0.3767,337.0,-56.0,58.0,6.0,8.0,1225.0,23.0,5.0,0.0,44.0,1.0,21.08,5.45,2.3
2015/08/13,391.5,404.0,391.5,400.5,339.0,135747.0,2.2989,0.3557,318.0,-8.0,86.0,29.0,107.0,1190.0,7.0,42.0,3.0,46.0,5.0,21.57,5.58,2.25
2015/08/14,400.5,420.0,400.0,416.0,413.0,170509.0,3.8702,0.4334,357.0,-23.0,47.0,19.0,43.0,1185.0,21.0,26.0,2.0,45.0,1.0,22.4,5.79,2.16
2015/08/17,418.5,421.0,410.0,410.0,281.0,117115.0,-1.4423,0.2949,265.0,33.0,15.0,-39.0,9.0,1169.0,9.0,25.0,2.0,43.0,0.0,22.08,5.71,2.2
2015/08/18,413.5,415.5,405.0,405.0,185.0,75773.0,-1.2195,0.1941,180.0,1.0,8.0,-3.0,6.0,1166.0,5.0,8.0,3.0,31.0,0.0,21.81,5.64,2.22
2015/08/19,406.0,416.5,398.0,398.0,381.0,155988.0,-1.7284,0.3998,328.0,-87.0,47.0,37.0,-3.0,1161.0,19.0,24.0,12.0,19.0,0.0,21.43,5.54,2.26
2015/08/20,401.0,413.5,398.0,409.0,609.0,248066.0,2.7638,0.6391,448.0,20.0,178.0,-2.0,196.0,1164.0,20.0,17.0,2.0,17.0,0.0,22.02,5.69,2.2
2015/08/21,407.0,409.0,402.5,405.0,229.0,92922.0,-0.978,0.2403,206.0,-26.0,0.0,0.0,-26.0,1159.0,8.0,13.0,16.0,1.0,0.0,21.81,5.64,2.22
2015/08/24,380.0,399.0,364.5,364.5,413.0,153059.0,-10.0,0.4334,292.0,-48.0,0.0,-15.0,-63.0,1156.0,43.0,46.0,0.0,0.0,0.0,19.63,5.07,2.47
2015/08/25,364.5,400.0,363.0,392.0,276.0,105873.0,7.5446,0.2896,266.0,3.0,62.0,6.0,71.0,1087.0,6.0,74.0,0.0,0.0,0.0,21.11,5.46,2.3
2015/08/26,392.0,418.0,389.0,409.0,307.0,124273.0,4.3367,0.3222,289.0,34.0,0.0,-16.0,18.0,1092.0,38.0,33.0,0.0,0.0,0.0,22.02,5.69,2.2
2015/08/27,400.0,418.0,400.0,409.0,311.0,127078.0,2.2005,0.3263,303.0,-2.0,14.0,15.0,27.0,1093.0,24.0,23.0,0.0,44.0,44.0,22.02,5.69,2.2
2015/08/28,418.0,419.0,410.5,413.0,237.0,98299.0,0.978,0.2487,207.0,-45.0,14.0,11.0,-20.0,1086.0,13.0,20.0,1.0,49.0,6.0,22.24,5.75,2.18
2015/08/31,412.0,418.0,411.0,413.0,176.0,73125.0,0.0,0.1847,160.0,15.0,-1.0,0.0,14.0,1079.0,2.0,9.0,0.0,49.0,0.0,22.24,5.75,2.18
2015/09/01,413.0,419.0,413.0,415.0,171.0,71009.0,0.4843,0.1794,155.0,-26.0,11.0,2.0,-13.0,1077.0,3.0,5.0,0.0,52.0,3.0,22.35,5.78,2.17
2015/09/02,407.0,418.0,407.0,408.0,367.0,151255.0,-1.6867,0.3851,328.0,-75.0,54.0,20.0,-1.0,1094.0,27.0,10.0,1.0,57.0,6.0,21.97,5.68,2.21
2015/09/03,408.0,417.0,408.0,411.0,276.0,114241.0,0.7353,0.2896,225.0,-18.0,21.0,-16.0,-13.0,1096.0,62.0,60.0,0.0,58.0,1.0,22.13,5.72,2.19
2015/09/04,414.0,418.0,409.0,409.0,304.0,125977.0,-0.4866,0.319,200.0,-46.0,-1.0,3.0,-44.0,1100.0,37.0,33.0,0.0,63.0,5.0,22.02,5.69,2.2
2015/09/07,411.5,415.0,408.5,410.0,79.0,32567.0,0.2445,0.0829,75.0,-15.0,0.0,-1.0,-16.0,1096.0,2.0,6.0,0.0,65.0,2.0,22.08,5.71,2.2
2015/09/08,406.5,413.0,393.0,413.0,320.0,129990.0,0.7317,0.3358,275.0,2.0,-53.0,35.0,-16.0,1099.0,28.0,25.0,2.0,64.0,1.0,22.24,5.75,2.18
2015/09/09,413.0,427.5,413.0,421.0,432.0,182203.0,1.937,0.4533,357.0,-7.0,7.0,67.0,67.0,1094.0,82.0,87.0,0.0,68.0,4.0,22.67,5.86,2.14
2015/09/10,422.0,423.0,415.0,421.0,198.0,83076.0,0.0,0.2078,192.0,-40.0,0.0,-10.0,-50.0,1095.0,14.0,13.0,2.0,68.0,2.0,22.67,5.86,2.14
2015/09/11,425.0,446.0,421.0,441.0,951.0,414207.0,4.7506,0.9979,814.0,-129.0,44.0,66.0,-19.0,1057.0,60.0,98.0,0.0,74.0,6.0,23.75,6.14,2.04
2015/09/14,443.0,445.5,433.5,438.0,257.0,113204.0,-0.6803,0.2697,224.0,-44.0,2.0,-23.0,-65.0,1052.0,35.0,40.0,1.0,73.0,0.0,23.59,6.1,2.05
2015/09/15,443.5,453.0,436.0,436.0,432.0,192282.0,-0.4566,0.4533,372.0,-89.0,9.0,39.0,-41.0,1073.0,54.0,33.0,0.0,73.0,0.0,23.48,6.07,2.06
2015/09/16,439.0,442.0,435.0,439.5,238.0,104626.0,0.8028,0.2497,197.0,7.0,-19.0,-20.0,-32.0,1076.0,44.0,41.0,3.0,70.0,0.0,23.67,6.12,2.05
2015/09/17,444.5,445.5,435.5,435.5,210.0,92763.0,-0.9101,0.2204,184.0,-34.0,0.0,-3.0,-37.0,1072.0,19.0,23.0,8.0,62.0,0.0,23.45,6.06,2.07
2015/09/18,442.5,446.5,436.5,436.5,210.0,92788.0,0.2296,0.2204,201.0,-20.0,15.0,2.0,-3.0,1074.0,8.0,6.0,0.0,63.0,1.0,23.51,6.08,2.06
2015/09/21,437.0,439.0,430.0,435.0,135.0,58674.0,-0.3436,0.1417,129.0,3.0,-4.0,-4.0,-5.0,1067.0,2.0,4.0,0.0,63.0,0.0,23.42,6.06,2.07
2015/09/22,441.5,442.0,435.5,437.5,121.0,53120.0,0.5747,0.127,110.0,-15.0,0.0,-2.0,-17.0,1075.0,9.0,1.0,0.0,63.0,0.0,23.56,6.09,2.06
2015/09/23,439.0,440.0,428.5,428.5,198.0,85996.0,-2.0571,0.2078,182.0,6.0,-18.0,3.0,-9.0,1086.0,30.0,19.0,0.0,64.0,1.0,23.07,5.97,2.1
2015/09/24,429.0,433.5,427.0,430.0,174.0,75079.0,0.3501,0.1826,164.0,14.0,-8.0,-15.0,-9.0,1094.0,11.0,3.0,0.0,66.0,2.0,23.16,5.99,2.09
2015/09/25,432.5,435.0,429.0,431.0,124.0,53561.0,0.2326,0.1301,122.0,13.0,0.0,5.0,18.0,1091.0,2.0,5.0,0.0,67.0,1.0,23.21,6.0,2.09
2015/09/30,427.0,453.0,427.0,450.0,613.0,272204.0,4.4084,0.6433,558.0,114.0,66.0,43.0,223.0,1062.0,22.0,51.0,0.0,70.0,3.0,24.23,6.26,2.0
2015/10/01,452.5,452.5,438.5,447.5,352.0,156952.0,-0.5556,0.3694,303.0,-16.0,10.0,11.0,5.0,1075.0,37.0,23.0,0.0,70.0,0.0,24.1,6.23,2.01
2015/10/02,445.5,447.5,439.0,444.5,251.0,111095.0,-0.6704,0.2634,241.0,10.0,1.0,2.0,13.0,1085.0,17.0,7.0,0.0,70.0,0.0,23.94,6.19,2.02
2015/10/05,449.0,450.5,443.0,443.0,141.0,62990.0,-0.3375,0.148,130.0,7.0,15.0,-2.0,20.0,1093.0,22.0,14.0,0.0,71.0,1.0,23.86,6.17,2.03
2015/10/06,446.0,453.0,446.0,448.0,242.0,108764.0,1.1287,0.2539,234.0,39.0,15.0,31.0,85.0,1102.0,30.0,21.0,0.0,71.0,0.0,24.12,6.24,2.01
2015/10/07,441.0,443.0,428.0,430.5,563.0,243529.0,-3.9063,0.5908,521.0,19.0,-94.0,7.0,-68.0,1145.0,98.0,55.0,8.0,65.0,2.0,23.18,5.99,2.09
2015/10/08,432.0,435.0,424.0,425.5,241.0,103276.0,-1.1614,0.2529,237.0,59.0,-33.0,-3.0,23.0,1131.0,28.0,42.0,2.0,63.0,0.0,22.91,5.92,2.12
2015/10/12,425.5,432.0,423.5,432.0,204.0,87316.0,1.5276,0.2141,174.0,40.0,0.0,-2.0,38.0,1137.0,21.0,15.0,0.0,64.0,1.0,23.26,6.01,2.08
2015/10/13,435.0,435.0,425.0,427.5,227.0,97572.0,-1.0417,0.2382,221.0,38.0,-25.0,2.0,15.0,1136.0,17.0,18.0,1.0,64.0,1.0,23.02,5.95,2.11
2015/10/14,433.0,433.0,410.0,410.0,430.0,178585.0,-4.0936,0.4512,384.0,-102.0,-80.0,-7.0,-189.0,1207.0,91.0,20.0,8.0,57.0,1.0,22.08,5.71,2.2
2015/10/15,408.0,415.0,405.0,414.0,339.0,138608.0,0.9756,0.3557,305.0,116.0,-157.0,1.0,-40.0,1213.0,32.0,26.0,2.0,56.0,1.0,22.29,5.76,2.17
2015/10/16,417.0,418.0,409.5,409.5,153.0,63214.0,-1.087,0.1606,130.0,-24.0,-10.0,0.0,-34.0,1217.0,8.0,4.0,0.0,57.0,1.0,22.05,5.7,2.2
2015/10/19,416.5,417.0,406.5,410.5,188.0,77339.0,0.2442,0.1973,187.0,11.0,-39.0,-1.0,-29.0,1225.0,12.0,4.0,5.0,53.0,1.0,22.11,5.71,2.19
2015/10/20,413.0,415.0,405.5,411.0,483.0,198055.0,0.1218,0.5068,320.0,42.0,-116.0,1.0,-73.0,1233.0,10.0,2.0,2.0,51.0,0.0,22.13,5.72,2.19
2015/10/21,412.5,417.0,408.5,411.0,260.0,107361.0,0.0,0.2728,230.0,69.0,-55.0,-6.0,8.0,1230.0,8.0,11.0,0.0,52.0,1.0,22.13,5.72,2.19
2015/10/22,415.5,422.0,414.5,416.0,365.0,152431.0,1.2165,0.383,346.0,165.0,-45.0,13.0,133.0,1221.0,16.0,25.0,0.0,52.0,0.0,22.4,5.79,2.16
2015/10/23,421.5,426.0,421.5,425.0,325.0,138175.0,2.1635,0.341,318.0,140.0,20.0,-19.0,141.0,1152.0,12.0,81.0,0.0,59.0,7.0,22.89,5.92,2.12
2015/10/26,427.0,438.0,424.0,437.5,308.0,133255.0,2.9412,0.3232,282.0,84.0,0.0,-8.0,76.0,1130.0,8.0,30.0,0.0,62.0,3.0,23.56,6.09,2.06
2015/10/27,439.0,440.0,435.0,437.5,254.0,111068.0,0.0,0.2665,225.0,127.0,7.0,7.0,141.0,1115.0,3.0,18.0,0.0,62.0,0.0,23.56,6.09,2.06
2015/10/28,431.0,436.5,431.0,432.0,217.0,94365.0,-1.2571,0.2277,184.0,-19.0,0.0,-6.0,-25.0,1111.0,2.0,6.0,0.0,62.0,0.0,23.26,6.01,2.08
2015/10/29,435.0,436.0,425.5,435.0,287.0,123734.0,0.6944,0.3012,265.0,88.0,0.0,1.0,89.0,1091.0,2.0,16.0,1.0,62.0,1.0,23.42,6.06,2.07
2015/10/30,431.0,438.0,417.5,426.5,212.0,90671.0,-1.954,0.2225,190.0,-50.0,-30.0,2.0,-78.0,1103.0,16.0,4.0,3.0,59.0,0.0,22.97,5.94,2.11
2015/11/02,426.5,428.0,421.5,428.0,212.0,89882.0,0.3517,0.2225,175.0,22.0,0.0,0.0,22.0,1103.0,3.0,3.0,0.0,60.0,1.0,23.05,5.96,2.1
2015/11/03,431.5,440.0,431.5,436.0,306.0,133145.0,1.8692,0.3211,271.0,75.0,0.0,3.0,78.0,1111.0,23.0,15.0,0.0,64.0,4.0,23.48,6.07,2.06
2015/11/04,437.5,441.0,435.0,438.5,275.0,120495.0,0.5734,0.2886,275.0,37.0,-29.0,6.0,14.0,1108.0,7.0,10.0,0.0,65.0,1.0,23.61,6.1,2.05
2015/11/05,438.5,444.5,430.0,436.5,249.0,109017.0,-0.4561,0.2613,215.0,23.0,-2.0,-29.0,-8.0,1122.0,24.0,10.0,4.0,65.0,4.0,23.51,6.08,2.06
2015/11/06,437.5,438.5,430.0,435.0,133.0,57877.0,-0.3436,0.1396,128.0,-35.0,0.0,-1.0,-36.0,1132.0,22.0,12.0,0.0,66.0,1.0,19.81,5.45,2.07
2015/11/09,436.0,437.5,395.0,400.0,611.0,251185.0,-8.046,0.6412,561.0,67.0,-347.0,-35.0,-315.0,1198.0,79.0,13.0,13.0,53.0,0.0,18.21,5.01,2.25
2015/11/10,400.0,405.5,393.5,397.0,645.0,257590.0,-0.75,0.6768,599.0,7.0,-79.0,-62.0,-134.0,1221.0,44.0,21.0,1.0,54.0,2.0,18.08,4.97,2.27
2015/11/11,401.0,404.0,397.0,400.0,453.0,181446.0,0.7557,0.4754,428.0,32.0,0.0,-40.0,-8.0,1218.0,17.0,19.0,1.0,55.0,2.0,18.21,5.01,2.25
2015/11/12,406.0,406.0,398.5,400.5,385.0,154373.0,0.125,0.404,308.0,41.0,0.0,-23.0,18.0,1226.0,17.0,9.0,1.0,54.0,0.0,18.24,5.02,2.25
2015/11/13,399.0,404.5,390.5,393.0,648.0,255864.0,-1.8727,0.68,500.0,11.0,-79.0,-4.0,-72.0,1212.0,17.0,31.0,9.0,53.0,8.0,17.9,4.92,2.29
2015/11/16,396.0,397.0,391.0,396.0,373.0,147470.0,0.7634,0.3914,344.0,-57.0,0.0,-7.0,-64.0,1213.0,8.0,7.0,1.0,55.0,3.0,18.03,4.96,2.27
2015/11/17,405.5,411.5,402.5,410.0,545.0,222139.0,3.5354,0.5719,524.0,-22.0,23.0,4.0,5.0,1187.0,13.0,39.0,0.0,59.0,4.0,18.67,5.13,2.2
2015/11/18,413.0,413.0,396.5,397.0,371.0,148437.0,-3.1707,0.3893,336.0,-175.0,-5.0,8.0,-172.0,1219.0,34.0,2.0,5.0,60.0,6.0,18.08,4.97,2.27
2015/11/19,400.0,401.5,397.0,400.0,337.0,134866.0,0.7557,0.3536,325.0,-27.0,-27.0,0.0,-54.0,1221.0,16.0,14.0,7.0,60.0,7.0,18.21,5.01,2.25
2015/11/20,400.0,402.0,396.0,396.0,195.0,77619.0,-1.0,0.2046,184.0,-16.0,-11.0,0.0,-27.0,1220.0,8.0,9.0,1.0,60.0,1.0,18.03,4.96,2.27
2015/11/23,397.5,398.0,389.0,392.0,221.0,86755.0,-1.0101,0.2319,206.0,-28.0,-20.0,-13.0,-61.0,1230.0,24.0,14.0,1.0,62.0,3.0,17.85,4.91,2.3
2015/11/24,394.0,395.5,390.0,394.0,171.0,67258.0,0.5102,0.1794,165.0,19.0,-23.0,-10.0,-14.0,1232.0,9.0,7.0,0.0,64.0,2.0,17.94,4.93,2.28
2015/11/25,394.0,396.0,379.0,384.0,296.0,114025.0,-2.5381,0.3106,245.0,80.0,-14.0,-26.0,40.0,1246.0,30.0,16.0,2.0,71.0,9.0,17.49,4.81,2.34
2015/11/26,384.0,393.5,376.0,393.5,662.0,254527.0,2.474,0.6947,534.0,344.0,-80.0,10.0,274.0,1243.0,9.0,12.0,8.0,65.0,2.0,17.92,4.93,2.29
2015/11/27,399.5,401.0,396.0,398.0,337.0,134413.0,1.1436,0.3536,320.0,153.0,-67.0,-1.0,85.0,1239.0,23.0,27.0,0.0,67.0,2.0,18.12,4.98,2.26
2015/11/30,400.0,404.5,394.5,394.5,369.0,147323.0,-0.8794,0.3872,284.0,68.0,-39.0,6.0,35.0,1240.0,51.0,50.0,2.0,68.0,3.0,17.96,4.94,2.28
2015/12/01,400.0,418.5,400.0,416.0,582.0,239305.0,5.4499,0.6107,554.0,169.0,-6.0,13.0,176.0,1168.0,56.0,128.0,3.0,75.0,10.0,18.94,5.21,2.16
2015/12/02,418.0,418.5,408.0,413.0,320.0,132178.0,-0.7212,0.3358,307.0,-44.0,-13.0,-1.0,-58.0,1168.0,12.0,12.0,4.0,71.0,0.0,18.81,5.17,2.18
2015/12/03,414.5,414.5,410.0,410.0,144.0,59460.0,-0.7264,0.1511,135.0,13.0,-21.0,-2.0,-10.0,1177.0,13.0,4.0,0.0,73.0,2.0,18.67,5.13,2.2
2015/12/04,410.0,421.0,406.5,420.0,369.0,153662.0,2.439,0.3872,336.0,127.0,-16.0,3.0,114.0,1158.0,13.0,32.0,1.0,79.0,7.0,19.13,5.26,2.14
2015/12/07,424.0,429.0,422.5,427.0,250.0,106473.0,1.6667,0.2623,249.0,10.0,61.0,29.0,100.0,1151.0,10.0,17.0,2.0,86.0,9.0,19.44,5.35,2.11
2015/12/08,429.0,429.0,419.0,426.0,247.0,104628.0,-0.2342,0.2592,235.0,57.0,-13.0,-4.0,40.0,1143.0,10.0,18.0,7.0,80.0,1.0,19.4,5.33,2.11
2015/12/09,422.0,425.5,417.0,419.0,244.0,103010.0,-1.6432,0.256,215.0,50.0,0.0,4.0,54.0,1134.0,9.0,18.0,3.0,79.0,2.0,19.08,5.25,2.15
2015/12/10,419.0,422.5,417.0,422.0,260.0,109101.0,0.716,0.2728,232.0,81.0,-36.0,-5.0,40.0,1126.0,5.0,13.0,1.0,80.0,2.0,19.22,5.28,2.13
2015/12/11,422.0,426.5,414.0,418.0,268.0,112393.0,-0.9479,0.2812,226.0,20.0,-50.0,0.0,-30.0,1118.0,10.0,18.0,2.0,81.0,3.0,19.03,5.23,2.15
2015/12/14,411.0,423.5,408.0,419.0,158.0,65904.0,0.2392,0.1658,146.0,10.0,-13.0,-3.0,-6.0,1112.0,2.0,8.0,3.0,79.0,1.0,19.08,5.25,2.15
2015/12/15,419.0,420.0,409.0,413.5,213.0,87798.0,-1.3126,0.2235,205.0,-27.0,-8.0,-1.0,-36.0,1110.0,13.0,14.0,0.0,82.0,3.0,18.83,5.18,2.18
2015/12/16,415.0,430.0,413.5,425.0,394.0,167504.0,2.7811,0.4134,364.0,219.0,-66.0,11.0,164.0,1098.0,13.0,25.0,5.0,83.0,6.0,19.35,5.32,2.12
2015/12/17,428.5,430.5,423.5,430.5,253.0,108187.0,1.2941,0.2655,240.0,113.0,0.0,1.0,114.0,1090.0,7.0,15.0,0.0,86.0,3.0,19.6,5.39,2.09
2015/12/18,430.0,435.0,427.0,435.0,231.0,99808.0,1.0453,0.2424,216.0,64.0,0.0,14.0,78.0,1083.0,7.0,14.0,0.0,91.0,5.0,19.81,5.45,2.07
2015/12/21,435.0,440.0,432.0,440.0,163.0,71313.0,1.1494,0.171,161.0,43.0,0.0,-1.0,42.0,1073.0,1.0,11.0,0.0,83.0,2.0,20.04,5.51,2.05
2015/12/22,442.5,444.5,431.5,435.0,226.0,98337.0,-1.1364,0.2372,210.0,19.0,0.0,-3.0,16.0,1074.0,7.0,6.0,0.0,83.0,0.0,19.81,5.45,2.07
2015/12/23,435.0,438.0,433.5,435.0,113.0,49315.0,0.0,0.1186,105.0,-7.0,0.0,1.0,-6.0,1071.0,0.0,3.0,0.0,83.0,0.0,19.81,5.45,2.07
2015/12/24,437.5,438.0,432.5,435.0,94.0,40935.0,0.0,0.0986,85.0,9.0,-3.0,1.0,7.0,1069.0,1.0,3.0,0.0,86.0,3.0,19.81,5.45,2.07
2015/12/25,437.0,437.0,427.5,430.0,181.0,78109.0,-1.1494,0.1899,152.0,-21.0,-2.0,-4.0,-27.0,1074.0,6.0,1.0,7.0,62.0,0.0,19.58,5.38,2.09
2015/12/28,430.0,431.5,418.5,420.0,280.0,118432.0,-2.3256,0.2938,241.0,97.0,-18.0,-4.0,75.0,1075.0,5.0,4.0,9.0,53.0,0.0,19.13,5.26,2.14
2015/12/29,420.0,423.5,415.5,416.0,215.0,90002.0,-0.9524,0.2256,199.0,57.0,-7.0,5.0,55.0,1080.0,8.0,3.0,1.0,52.0,0.0,18.94,5.21,2.16
2015/12/30,420.0,422.0,413.0,417.0,214.0,89425.0,0.2404,0.2246,208.0,12.0,-15.0,-3.0,-6.0,1083.0,7.0,4.0,2.0,53.0,3.0,18.99,5.22,2.16
2015/12/31,414.0,426.0,414.0,426.0,218.0,91668.0,2.1583,0.2288,199.0,80.0,-10.0,-9.0,61.0,1075.0,0.0,8.0,0.0,54.0,1.0,19.4,5.33,2.11
2016/01/04,427.0,429.0,417.0,422.5,185.0,77950.0,-0.8216,0.1941,157.0,6.0,-9.0,6.0,3.0,1076.0,4.0,3.0,0.0,57.0,3.0,19.24,5.29,2.13
2016/01/05,426.5,427.0,413.0,413.5,181.0,75952.0,-2.1302,0.1899,147.0,-49.0,0.0,1.0,-48.0,1079.0,9.0,6.0,4.0,53.0,0.0,18.83,5.18,2.18
2016/01/06,415.0,415.0,395.5,400.0,184.0,74580.0,-3.2648,0.1931,184.0,-21.0,-29.0,-23.0,-73.0,1098.0,25.0,6.0,11.0,48.0,6.0,18.21,5.01,2.25
2016/01/07,400.0,410.0,399.0,404.0,296.0,119229.0,1.0,0.3106,276.0,-21.0,0.0,-22.0,-43.0,1082.0,0.0,15.0,1.0,53.0,6.0,18.4,5.06,2.23
2016/01/08,408.0,411.5,403.5,408.0,245.0,99289.0,0.9901,0.2571,206.0,-74.0,0.0,-6.0,-80.0,1085.0,6.0,3.0,0.0,57.0,4.0,18.58,5.11,2.21
2016/01/11,407.0,415.0,403.0,413.0,202.0,82860.0,1.2255,0.212,162.0,-45.0,38.0,-12.0,-19.0,1076.0,1.0,10.0,3.0,54.0,0.0,18.81,5.17,2.18
2016/01/12,414.0,415.0,397.5,400.0,198.0,80728.0,-3.1477,0.2078,180.0,-26.0,-41.0,-11.0,-78.0,1078.0,5.0,3.0,1.0,58.0,5.0,18.21,5.01,2.25
2016/01/13,402.5,407.5,381.5,393.5,237.0,93213.0,-1.625,0.2487,218.0,-47.0,-60.0,-5.0,-112.0,1093.0,21.0,6.0,8.0,52.0,2.0,17.92,4.93,2.29
2016/01/14,382.0,398.0,382.0,397.0,177.0,69353.0,0.8895,0.1857,147.0,13.0,-8.0,-4.0,1.0,1078.0,6.0,21.0,3.0,59.0,10.0,18.08,4.97,2.27
2016/01/15,400.0,400.0,395.0,397.0,257.0,102476.0,0.0,0.2697,248.0,66.0,-76.0,-6.0,-16.0,1076.0,7.0,9.0,3.0,58.0,2.0,18.08,4.97,2.27
2016/01/18,392.0,408.0,391.0,402.5,229.0,91665.0,1.3854,0.2403,205.0,32.0,0.0,7.0,39.0,1074.0,6.0,7.0,4.0,57.0,3.0,18.33,5.04,2.24
2016/01/19,404.0,407.5,400.0,407.5,173.0,70150.0,1.2422,0.1815,152.0,41.0,0.0,-1.0,40.0,1072.0,4.0,6.0,5.0,52.0,0.0,18.56,5.1,2.21
2016/01/20,408.0,408.0,400.5,406.5,162.0,65775.0,-0.2454,0.17,147.0,18.0,-2.0,-4.0,12.0,1062.0,0.0,10.0,0.0,52.0,0.0,18.51,5.09,2.21
2016/01/21,408.0,417.5,407.0,416.0,290.0,119555.0,2.337,0.3043,253.0,139.0,0.0,-1.0,138.0,1059.0,1.0,4.0,7.0,48.0,3.0,18.94,5.21,2.16
2016/01/22,416.0,419.5,416.0,418.5,247.0,103223.0,0.601,0.2592,199.0,160.0,0.0,-6.0,154.0,1054.0,2.0,7.0,0.0,50.0,2.0,19.06,5.24,2.15
2016/01/25,421.0,436.5,421.0,436.0,263.0,112853.0,4.1816,0.276,250.0,103.0,39.0,13.0,155.0,1046.0,3.0,11.0,1.0,55.0,6.0,19.85,5.46,2.06
2016/01/26,434.0,434.0,427.0,428.0,138.0,59425.0,-1.8349,0.1448,131.0,-37.0,5.0,5.0,-27.0,1051.0,5.0,0.0,4.0,52.0,1.0,19.49,5.36,2.1
2016/01/27,432.0,432.5,425.5,429.5,102.0,44105.0,0.3505,0.107,97.0,-25.0,-2.0,5.0,-22.0,1053.0,5.0,3.0,1.0,51.0,0.0,19.56,5.38,2.1
2016/01/28,429.5,431.5,424.5,425.0,149.0,63765.0,-1.0477,0.1564,128.0,-28.0,-1.0,11.0,-18.0,1063.0,12.0,2.0,0.0,53.0,2.0,19.35,5.32,2.12
2016/01/29,429.0,431.5,426.0,431.5,167.0,71710.0,1.5294,0.1752,149.0,54.0,-3.0,-2.0,49.0,1056.0,1.0,8.0,0.0,53.0,0.0,19.65,5.4,2.09
2016/01/30,435.0,436.0,432.0,436.0,122.0,53085.0,1.0429,0.128,113.0,0.0,-13.0,10.0,-3.0,1051.0,5.0,10.0,0.0,55.0,2.0,19.85,5.46,2.06
2016/02/01,438.5,440.0,436.5,439.0,174.0,76358.0,0.6881,0.1826,166.0,85.0,-23.0,2.0,64.0,1038.0,4.0,17.0,0.0,55.0,0.0,19.99,5.5,2.05
2016/02/02,440.0,442.0,433.0,440.0,185.0,81000.0,0.2278,0.1941,145.0,26.0,-3.0,2.0,25.0,1035.0,5.0,8.0,1.0,55.0,1.0,20.04,5.51,2.05
2016/02/03,435.0,442.0,430.5,433.0,166.0,72405.0,-1.5909,0.1742,126.0,-4.0,0.0,5.0,1.0,1033.0,13.0,15.0,0.0,57.0,2.0,19.72,5.42,2.08
2016/02/15,420.0,420.0,401.0,406.0,468.0,189836.0,-6.2356,0.4911,441.0,71.0,-223.0,-15.0,-167.0,1045.0,40.0,28.0,23.0,35.0,1.0,18.49,5.08,2.22
2016/02/16,409.0,412.0,402.5,407.0,248.0,100813.0,0.2463,0.2602,221.0,17.0,-81.0,-3.0,-67.0,1043.0,12.0,14.0,2.0,33.0,0.0,18.53,5.1,2.21
2016/02/17,410.5,411.5,404.0,407.0,197.0,80257.0,0.0,0.2067,147.0,-12.0,-2.0,16.0,2.0,1050.0,13.0,6.0,0.0,34.0,1.0,18.53,5.1,2.21
2016/02/18,411.0,412.5,408.5,411.0,171.0,70224.0,0.9828,0.1794,148.0,32.0,0.0,1.0,33.0,1044.0,2.0,8.0,2.0,36.0,4.0,18.72,5.15,2.19
2016/02/19,407.0,418.0,406.0,417.0,203.0,84189.0,1.4599,0.213,196.0,112.0,0.0,0.0,112.0,1041.0,7.0,10.0,0.0,37.0,1.0,18.99,5.22,2.16
2016/02/22,410.0,414.0,407.0,410.0,180.0,73882.0,-1.6787,0.1889,145.0,-36.0,0.0,1.0,-35.0,1052.0,11.0,0.0,0.0,37.0,0.0,18.67,5.13,2.2
2016/02/23,413.0,413.0,409.0,410.5,136.0,55959.0,0.122,0.1427,125.0,16.0,-35.0,0.0,-19.0,1050.0,1.0,3.0,0.0,37.0,0.0,18.69,5.14,2.19
2016/02/24,414.5,415.0,405.0,411.0,223.0,92041.0,0.1218,0.234,212.0,-48.0,-5.0,2.0,-51.0,1041.0,2.0,11.0,1.0,38.0,2.0,18.72,5.15,2.19
2016/02/25,411.5,413.5,407.0,411.0,182.0,74940.0,0.0,0.191,170.0,-52.0,0.0,-1.0,-53.0,1038.0,2.0,5.0,2.0,38.0,2.0,18.72,5.15,2.19
2016/02/26,411.0,414.5,409.0,411.0,122.0,50390.0,0.0,0.128,122.0,3.0,0.0,1.0,4.0,1039.0,3.0,2.0,0.0,40.0,2.0,20.37,4.85,2.19
2016/03/01,411.0,413.0,400.5,403.5,183.0,74347.0,-1.8248,0.192,168.0,-51.0,0.0,3.0,-48.0,1065.0,29.0,3.0,4.0,37.0,1.0,20.0,4.77,2.23
2016/03/02,410.0,410.0,396.0,404.0,311.0,125140.0,0.1239,0.3263,274.0,-27.0,0.0,-2.0,-29.0,1092.0,32.0,5.0,5.0,33.0,1.0,20.02,4.77,2.23
2016/03/03,404.0,408.5,393.5,396.0,290.0,115808.0,-1.9802,0.3043,236.0,-45.0,-6.0,-3.0,-54.0,1123.0,41.0,10.0,0.0,36.0,3.0,19.62,4.68,2.27
2016/03/04,396.0,398.5,392.0,395.0,224.0,88640.0,-0.2525,0.2351,201.0,-89.0,-6.0,0.0,-95.0,1128.0,9.0,3.0,1.0,37.0,2.0,19.57,4.67,2.28
2016/03/07,392.0,399.0,386.5,389.5,294.0,115287.0,-1.3924,0.3085,255.0,-163.0,-14.0,-4.0,-181.0,1147.0,23.0,4.0,3.0,39.0,5.0,19.3,4.6,2.31
2016/03/08,382.0,393.0,380.0,388.0,556.0,213955.0,-0.3851,0.5834,511.0,-281.0,-20.0,-3.0,-304.0,1174.0,33.0,6.0,8.0,34.0,3.0,19.23,4.58,2.32
2016/03/09,388.0,391.0,382.0,385.5,345.0,133147.0,-0.6443,0.362,312.0,-126.0,-9.0,2.0,-133.0,1189.0,23.0,8.0,1.0,35.0,2.0,19.1,4.55,2.33
2016/03/10,391.0,393.0,388.0,393.0,235.0,91984.0,1.9455,0.2466,206.0,-5.0,9.0,2.0,6.0,1193.0,12.0,6.0,1.0,34.0,0.0,19.47,4.64,2.29
2016/03/11,393.0,395.0,388.0,392.0,169.0,66291.0,-0.2545,0.1773,162.0,-66.0,3.0,0.0,-63.0,1195.0,11.0,9.0,2.0,32.0,0.0,19.43,4.63,2.3
2016/03/14,390.0,396.5,389.0,394.0,143.0,56364.0,0.5102,0.1501,126.0,-9.0,2.0,2.0,-5.0,1192.0,16.0,19.0,2.0,30.0,0.0,19.52,4.65,2.28
2016/03/15,394.0,396.5,390.0,390.0,302.0,118004.0,-1.0152,0.3169,259.0,-51.0,-55.0,-3.0,-109.0,1184.0,14.0,21.0,0.0,30.0,1.0,19.33,4.61,2.31
2016/03/16,390.0,394.0,389.0,391.0,167.0,65461.0,0.2564,0.1752,151.0,-5.0,0.0,15.0,10.0,1171.0,2.0,15.0,0.0,30.0,0.0,19.38,4.62,2.3
2016/03/17,396.0,396.0,385.0,385.0,285.0,110582.0,-1.5345,0.2991,266.0,-104.0,-27.0,5.0,-126.0,1184.0,20.0,7.0,3.0,27.0,0.0,19.08,4.55,2.34
2016/03/18,383.5,384.0,379.0,382.5,244.0,93042.0,-0.6494,0.256,211.0,-3.0,-64.0,2.0,-65.0,1192.0,19.0,11.0,0.0,22.0,1.0,18.95,4.52,2.35
2016/03/21,382.0,385.5,380.0,381.0,303.0,115823.0,-0.3922,0.318,253.0,-29.0,-79.0,1.0,-107.0,1216.0,37.0,13.0,0.0,24.0,2.0,18.88,4.5,2.36
2016/03/22,384.5,384.5,378.5,379.0,310.0,117918.0,-0.5249,0.3253,251.0,-62.0,-38.0,-3.0,-103.0,1227.0,16.0,5.0,1.0,26.0,3.0,18.78,4.48,2.37
2016/03/23,378.5,383.5,378.5,381.0,185.0,70547.0,0.5277,0.1941,173.0,13.0,-4.0,10.0,19.0,1215.0,2.0,14.0,1.0,25.0,0.0,18.88,4.5,2.36
2016/03/24,381.0,385.5,378.0,382.5,150.0,57354.0,0.3937,0.1574,139.0,-7.0,16.0,-1.0,8.0,1200.0,2.0,17.0,1.0,24.0,0.0,18.95,4.52,2.35
2016/03/25,383.0,384.0,375.0,375.5,157.0,59425.0,-1.8301,0.1647,140.0,-41.0,-7.0,1.0,-47.0,1207.0,13.0,6.0,1.0,36.0,13.0,18.61,4.43,2.4
2016/03/28,377.5,378.5,374.0,376.5,94.0,35519.0,0.2663,0.0986,92.0,-14.0,0.0,0.0,-14.0,1209.0,4.0,2.0,0.0,36.0,0.0,18.66,4.45,2.39
2016/03/29,376.5,378.0,367.5,370.5,216.0,80346.0,-1.5936,0.2267,161.0,0.0,0.0,-2.0,-2.0,1214.0,8.0,3.0,0.0,36.0,0.0,18.36,4.38,2.43
2016/03/30,368.0,375.5,366.5,373.0,219.0,81142.0,0.6748,0.2298,162.0,-41.0,0.0,19.0,-22.0,1218.0,11.0,7.0,5.0,31.0,0.0,18.48,4.41,2.41
2016/03/31,374.0,374.5,366.5,371.5,258.0,95446.0,-0.4021,0.2707,212.0,-65.0,0.0,-1.0,-66.0,1232.0,17.0,3.0,0.0,31.0,0.0,18.41,4.39,2.42
2016/04/01,373.5,374.0,365.0,367.0,234.0,86552.0,-1.2113,0.2455,229.0,21.0,0.0,-1.0,20.0,1238.0,20.0,14.0,0.0,31.0,0.0,18.19,4.33,2.45
2016/04/06,364.0,364.0,359.5,360.5,373.0,134777.0,-1.7711,0.3914,346.0,-23.0,15.0,-4.0,-12.0,1255.0,49.0,32.0,1.0,32.0,2.0,17.86,4.26,2.5
2016/04/07,360.5,364.5,353.5,354.0,306.0,109578.0,-1.8031,0.3211,304.0,-41.0,25.0,-5.0,-21.0,1261.0,17.0,11.0,0.0,36.0,4.0,17.54,4.18,2.54
2016/04/08,355.0,355.5,336.5,342.5,659.0,226278.0,-3.2486,0.6915,642.0,-235.0,30.0,-3.0,-208.0,1315.0,75.0,20.0,9.0,20.0,6.0,16.97,4.05,2.63
2016/04/11,343.5,352.0,337.0,345.5,579.0,198771.0,0.8759,0.6076,556.0,-182.0,87.0,1.0,-94.0,1332.0,37.0,20.0,14.0,7.0,1.0,17.12,4.08,2.6
2016/04/12,348.0,353.5,344.5,350.0,840.0,293915.0,1.3025,0.8815,382.0,-91.0,18.0,2.0,-71.0,1319.0,27.0,40.0,2.0,5.0,0.0,17.34,4.13,2.57
2016/04/13,354.5,383.0,354.0,380.0,548.0,206448.0,8.5714,0.575,462.0,103.0,144.0,16.0,263.0,1219.0,17.0,116.0,1.0,5.0,1.0,18.83,4.49,2.37
2016/04/14,385.0,391.0,376.5,378.0,608.0,231880.0,-0.5263,0.638,539.0,63.0,-12.0,3.0,54.0,1233.0,45.0,31.0,5.0,1.0,1.0,18.73,4.46,2.38
2016/04/15,375.5,388.0,375.5,387.5,461.0,177316.0,2.5132,0.4838,420.0,195.0,-8.0,5.0,192.0,1192.0,14.0,55.0,1.0,0.0,0.0,19.2,4.58,2.32
2016/04/18,383.0,390.0,380.5,381.0,272.0,104807.0,-1.6774,0.2854,250.0,-27.0,60.0,0.0,33.0,1197.0,15.0,10.0,0.0,0.0,0.0,18.88,4.5,2.36
2016/04/19,386.0,386.5,382.0,383.5,182.0,69995.0,0.6562,0.191,171.0,-18.0,0.0,-2.0,-20.0,1190.0,3.0,10.0,0.0,0.0,0.0,19.0,4.53,2.35
2016/04/20,387.0,387.0,372.0,381.5,298.0,112644.0,-0.5215,0.3127,292.0,72.0,-10.0,-14.0,48.0,1197.0,19.0,12.0,0.0,0.0,0.0,18.9,4.51,2.36
2016/04/21,382.0,389.0,379.0,387.5,387.0,149240.0,1.5727,0.4061,369.0,250.0,0.0,8.0,258.0,1173.0,12.0,36.0,0.0,32.0,32.0,19.2,4.58,2.32
2016/04/22,387.0,392.0,375.5,380.0,352.0,134355.0,-1.9355,0.3694,338.0,-29.0,-14.0,1.0,-42.0,1170.0,16.0,18.0,3.0,32.0,3.0,18.83,4.49,2.37
2016/04/25,382.0,385.5,379.5,383.5,149.0,57178.0,0.9211,0.1564,141.0,32.0,0.0,0.0,32.0,1162.0,0.0,8.0,1.0,34.0,3.0,19.0,4.53,2.35
2016/04/26,385.0,386.0,380.5,383.0,161.0,61759.0,-0.1304,0.1689,154.0,-2.0,0.0,1.0,-1.0,1159.0,15.0,18.0,0.0,35.0,1.0,18.98,4.52,2.35
2016/04/27,383.0,384.5,375.0,379.5,313.0,119191.0,-0.9138,0.3284,293.0,44.0,0.0,2.0,46.0,1164.0,24.0,19.0,0.0,42.0,7.0,18.81,4.48,2.37
2016/04/28,380.5,381.0,376.0,380.0,173.0,65576.0,0.1318,0.1815,158.0,11.0,0.0,-1.0,10.0,1163.0,10.0,11.0,2.0,42.0,2.0,18.83,4.49,2.37
2016/04/29,380.0,385.0,379.0,382.5,295.0,113155.0,0.6579,0.3096,270.0,111.0,0.0,-1.0,110.0,1149.0,14.0,28.0,0.0,43.0,1.0,18.95,4.52,2.35
2016/05/03,386.5,387.5,382.5,386.0,221.0,85401.0,0.915,0.2319,215.0,94.0,0.0,0.0,94.0,1132.0,23.0,40.0,0.0,44.0,1.0,19.13,4.56,2.33
2016/05/04,382.0,389.0,382.0,383.5,220.0,85015.0,-0.6477,0.2309,194.0,98.0,0.0,1.0,99.0,1123.0,4.0,13.0,0.0,48.0,4.0,19.0,4.53,2.35
2016/05/05,383.5,388.0,382.0,382.0,208.0,79871.0,-0.3911,0.2183,157.0,46.0,0.0,3.0,49.0,1125.0,5.0,2.0,3.0,49.0,4.0,18.93,4.51,2.36
2016/05/06,382.0,385.0,375.0,379.0,181.0,68708.0,-0.7853,0.1899,162.0,-8.0,0.0,-3.0,-11.0,1124.0,4.0,5.0,0.0,53.0,4.0,20.03,4.33,2.37
2016/05/09,371.5,382.5,363.5,365.0,263.0,98094.0,-3.6939,0.276,247.0,9.0,2.0,1.0,12.0,1131.0,13.0,6.0,8.0,61.0,16.0,19.29,4.17,2.77
2016/05/10,365.0,372.5,365.0,370.0,192.0,70918.0,1.3699,0.2015,172.0,53.0,-15.0,1.0,39.0,1126.0,3.0,8.0,1.0,66.0,6.0,19.56,4.23,2.73
2016/05/11,369.5,373.0,348.5,350.0,375.0,132933.0,-5.4054,0.3935,319.0,4.0,0.0,-1.0,3.0,1138.0,21.0,9.0,3.0,73.0,10.0,18.5,4.0,2.89
2016/05/12,350.5,355.0,336.0,340.0,479.0,164628.0,-2.8571,0.5026,398.0,77.0,-30.0,-6.0,41.0,1134.0,13.0,16.0,13.0,68.0,8.0,17.97,3.88,2.97
2016/05/13,344.0,344.5,331.0,339.0,276.0,93383.0,-0.2941,0.2896,257.0,-59.0,-1.0,0.0,-60.0,1139.0,22.0,17.0,7.0,74.0,13.0,17.92,3.87,2.98
2016/05/16,351.0,354.0,343.0,350.0,511.0,177740.0,3.2448,0.5362,468.0,119.0,0.0,0.0,119.0,1124.0,26.0,41.0,12.0,64.0,2.0,18.5,4.0,2.89
2016/05/17,355.0,355.0,348.5,349.5,384.0,134671.0,-0.1429,0.403,354.0,23.0,-8.0,9.0,24.0,1123.0,5.0,6.0,3.0,62.0,1.0,18.47,3.99,2.89
2016/05/18,349.5,351.0,348.0,350.0,220.0,76976.0,0.1431,0.2309,180.0,-61.0,10.0,1.0,-50.0,1125.0,4.0,2.0,12.0,53.0,3.0,18.5,4.0,2.89
2016/05/19,350.0,352.0,340.0,346.0,198.0,68575.0,-1.1429,0.2078,164.0,-37.0,0.0,-10.0,-47.0,1123.0,3.0,5.0,2.0,53.0,2.0,18.29,3.95,2.92
2016/05/20,346.0,350.0,340.0,343.0,170.0,58735.0,-0.8671,0.1784,130.0,-60.0,5.0,-3.0,-58.0,1124.0,5.0,4.0,1.0,54.0,2.0,18.13,3.92,2.94
2016/05/23,341.0,349.5,335.5,346.5,221.0,76207.0,1.0204,0.2319,196.0,-31.0,2.0,10.0,-19.0,1132.0,16.0,8.0,5.0,51.0,2.0,18.31,3.96,2.91
2016/05/24,347.0,351.0,339.5,344.0,175.0,60153.0,-0.7215,0.1836,159.0,-28.0,-16.0,0.0,-44.0,1143.0,16.0,5.0,2.0,54.0,5.0,18.18,3.93,2.94
2016/05/25,343.5,347.0,340.0,340.0,168.0,57617.0,-1.1628,0.1763,135.0,-19.0,0.0,-2.0,-21.0,1153.0,14.0,4.0,6.0,52.0,4.0,17.97,3.88,2.97
2016/05/26,344.5,349.0,342.0,344.5,452.0,155712.0,1.3235,0.4743,260.0,-54.0,0.0,4.0,-50.0,1161.0,19.0,10.0,0.0,52.0,0.0,18.21,3.94,2.93
2016/05/27,345.5,348.0,345.0,345.0,270.0,93767.0,0.1451,0.2833,214.0,4.0,0.0,1.0,5.0,1162.0,11.0,10.0,0.0,53.0,1.0,18.23,3.94,2.93
2016/05/30,345.0,348.0,342.5,344.0,193.0,66759.0,-0.2899,0.2025,156.0,-35.0,0.0,1.0,-34.0,1176.0,22.0,8.0,1.0,55.0,3.0,18.18,3.93,2.94
2016/05/31,345.0,347.0,343.5,345.0,308.0,106090.0,0.2907,0.3232,183.0,-19.0,0.0,1.0,-18.0,1188.0,19.0,7.0,0.0,64.0,9.0,18.23,3.94,2.93
2016/06/01,348.0,352.0,348.0,350.5,480.0,167995.0,1.5942,0.5037,394.0,-41.0,1.0,25.0,-15.0,1225.0,56.0,19.0,2.0,62.0,0.0,18.53,4.0,2.88
2016/06/02,350.5,354.5,348.0,348.0,369.0,129357.0,-0.7133,0.3872,323.0,59.0,0.0,-8.0,51.0,1213.0,7.0,19.0,3.0,61.0,2.0,18.39,3.98,2.9
2016/06/03,349.0,351.5,348.0,349.0,461.0,161068.0,0.2874,0.4838,244.0,-21.0,0.0,8.0,-13.0,1215.0,7.0,5.0,0.0,61.0,0.0,18.45,3.99,2.89
2016/06/04,351.5,353.5,349.5,353.0,145.0,51012.0,1.1461,0.1522,95.0,0.0,0.0,-2.0,-2.0,1212.0,7.0,10.0,3.0,58.0,0.0,18.66,4.03,2.86
2016/06/06,353.0,355.0,345.5,349.0,210.0,73211.0,-1.1331,0.2204,185.0,-2.0,0.0,-9.0,-11.0,1206.0,5.0,11.0,0.0,61.0,3.0,18.45,3.99,2.89
2016/06/07,356.0,367.0,350.5,351.0,780.0,278295.0,0.5731,0.8185,611.0,-250.0,37.0,50.0,-163.0,1274.0,86.0,18.0,6.0,55.0,0.0,18.55,4.01,2.88
2016/06/08,355.0,359.0,353.0,356.0,182.0,64770.0,1.4245,0.191,146.0,61.0,0.0,-5.0,56.0,1250.0,5.0,28.0,0.0,59.0,4.0,18.82,4.07,2.84
2016/06/13,352.0,356.0,351.0,356.0,234.0,82706.0,0.0,0.2455,199.0,-25.0,0.0,-4.0,-29.0,1241.0,3.0,12.0,3.0,59.0,3.0,18.82,4.07,2.84
2016/06/14,355.0,358.5,353.5,357.0,271.0,96652.0,0.2809,0.2844,239.0,-26.0,0.0,6.0,-20.0,1232.0,5.0,14.0,1.0,58.0,0.0,18.87,4.08,2.83
2016/06/15,357.5,357.5,353.0,357.0,193.0,68705.0,0.0,0.2025,170.0,-41.0,0.0,22.0,-19.0,1219.0,2.0,15.0,3.0,55.0,0.0,18.87,4.08,2.83
2016/06/16,357.5,357.5,351.0,353.5,163.0,57645.0,-0.9804,0.171,118.0,-18.0,0.0,-1.0,-19.0,1209.0,4.0,14.0,0.0,56.0,1.0,18.68,4.04,2.86
2016/06/17,351.5,360.0,351.5,358.5,234.0,83361.0,1.4144,0.2455,188.0,45.0,5.0,-1.0,49.0,1184.0,0.0,25.0,2.0,48.0,4.0,18.95,4.1,2.82
2016/06/20,361.0,365.0,361.0,363.0,147.0,53450.0,1.2552,0.1543,108.0,-10.0,0.0,10.0,0.0,1181.0,6.0,9.0,6.0,42.0,0.0,19.19,4.15,2.78
2016/06/21,363.0,377.0,363.0,373.5,239.0,88681.0,2.8926,0.2508,210.0,30.0,40.0,10.0,80.0,1172.0,7.0,16.0,2.0,41.0,1.0,19.74,4.27,2.7
2016/06/22,373.5,378.0,368.0,373.0,178.0,66346.0,-0.1339,0.1868,161.0,-2.0,0.0,7.0,5.0,1154.0,1.0,19.0,0.0,41.0,0.0,19.71,4.26,2.71
2016/06/23,373.0,377.5,373.0,375.0,191.0,71700.0,0.5362,0.2004,173.0,54.0,0.0,-13.0,41.0,1142.0,6.0,18.0,0.0,42.0,1.0,19.82,4.28,2.69
2016/06/24,375.0,378.0,361.5,371.0,174.0,64607.0,-1.0667,0.1826,158.0,43.0,-2.0,-8.0,33.0,1131.0,5.0,16.0,2.0,43.0,3.0,19.61,4.24,2.72
2016/06/27,370.0,371.0,363.0,367.5,158.0,58026.0,-0.9434,0.1658,146.0,-19.0,-5.0,12.0,-12.0,1140.0,10.0,1.0,2.0,42.0,1.0,19.42,4.2,2.75
2016/06/28,368.5,370.0,366.5,369.0,246.0,90592.0,0.4082,0.2581,195.0,96.0,-49.0,-18.0,29.0,1129.0,9.0,20.0,1.0,41.0,0.0,19.5,4.22,2.74
2016/06/29,370.5,380.5,370.5,377.5,215.0,81071.0,2.3035,0.2256,189.0,22.0,10.0,-7.0,25.0,1120.0,9.0,18.0,0.0,45.0,4.0,19.95,4.31,2.68
2016/06/30,380.0,380.5,374.0,377.0,135.0,50849.0,-0.1325,0.1417,127.0,-18.0,0.0,-3.0,-21.0,1116.0,6.0,10.0,2.0,43.0,0.0,19.93,4.31,2.68
2016/07/01,379.5,380.0,377.5,380.0,136.0,51666.0,0.7958,0.1427,128.0,44.0,0.0,-4.0,40.0,1112.0,1.0,5.0,1.0,42.0,0.0,20.08,4.34,2.66
2016/07/04,383.0,385.0,378.5,380.0,117.0,44736.0,0.0,0.1228,107.0,28.0,0.0,-3.0,25.0,1105.0,2.0,9.0,1.0,41.0,0.0,20.08,4.34,2.66
2016/07/05,383.5,384.5,380.0,382.0,100.0,38296.0,0.5263,0.1049,92.0,-1.0,0.0,-3.0,-4.0,1107.0,3.0,1.0,1.0,41.0,1.0,20.19,4.36,2.64
2016/07/06,380.5,384.0,376.5,380.0,116.0,44119.0,-0.5236,0.1217,112.0,16.0,0.0,-3.0,13.0,1104.0,1.0,4.0,6.0,35.0,0.0,20.08,4.34,2.66
2016/07/07,381.5,381.5,366.0,380.0,150.0,56814.0,0.0,0.1574,148.0,36.0,0.0,-8.0,28.0,1104.0,1.0,1.0,0.0,35.0,0.0,20.08,4.34,2.66
2016/07/11,381.5,382.5,377.0,379.0,156.0,59290.0,-0.2632,0.1637,152.0,30.0,0.0,0.0,30.0,1096.0,0.0,8.0,0.0,35.0,0.0,20.03,4.33,2.66
2016/07/12,381.5,383.0,379.5,382.0,114.0,43535.0,0.7916,0.1196,105.0,10.0,15.0,0.0,25.0,1095.0,3.0,4.0,0.0,35.0,0.0,20.19,4.36,2.64
2016/07/13,383.5,384.0,377.5,381.5,72.0,27510.0,-0.1309,0.0756,71.0,-4.0,0.0,0.0,-4.0,1094.0,5.0,6.0,0.0,35.0,0.0,20.16,4.36,2.65
2016/07/14,383.0,383.5,376.5,380.0,104.0,39465.0,-0.3932,0.1091,91.0,-11.0,0.0,-2.0,-13.0,1096.0,3.0,1.0,0.0,35.0,0.0,20.08,4.34,2.66
2016/07/15,382.0,382.5,372.5,374.5,147.0,55464.0,-1.4474,0.1543,132.0,-53.0,0.0,3.0,-50.0,1103.0,9.0,2.0,3.0,32.0,0.0,19.79,4.28,2.7
2016/07/18,374.5,378.5,370.5,376.5,192.0,72020.0,0.534,0.2015,167.0,63.0,0.0,1.0,64.0,1100.0,8.0,11.0,0.0,32.0,0.0,19.9,4.3,2.68
2016/07/19,379.0,390.0,379.0,386.5,465.0,179228.0,2.656,0.4879,385.0,262.0,-54.0,22.0,230.0,1102.0,22.0,20.0,0.0,39.0,7.0,20.43,4.42,2.61
2016/07/20,389.0,394.5,387.5,394.0,369.0,144318.0,1.9405,0.3872,292.0,195.0,-20.0,-2.0,173.0,1073.0,17.0,46.0,0.0,42.0,3.0,20.82,4.5,2.56
2016/07/21,399.0,399.0,390.0,393.0,185.0,73137.0,-0.2538,0.1941,154.0,45.0,-21.0,0.0,24.0,1071.0,7.0,9.0,0.0,43.0,1.0,20.77,4.49,2.57
2016/07/22,394.0,395.0,384.5,389.0,227.0,88276.0,-1.0178,0.2382,192.0,83.0,-26.0,4.0,61.0,1073.0,8.0,6.0,3.0,40.0,0.0,20.56,4.44,2.6
2016/07/25,391.0,393.0,380.0,385.0,197.0,76145.0,-1.0283,0.2067,166.0,125.0,-35.0,2.0,92.0,1067.0,7.0,13.0,0.0,41.0,1.0,20.35,4.4,2.62
2016/07/26,388.5,388.5,378.0,380.0,226.0,86271.0,-1.2987,0.2372,190.0,-1.0,-30.0,10.0,-21.0,1074.0,12.0,5.0,3.0,38.0,0.0,20.08,4.34,2.66
2016/07/27,383.0,384.0,381.0,383.5,204.0,78421.0,0.9211,0.2141,197.0,40.0,0.0,4.0,44.0,1073.0,6.0,7.0,0.0,39.0,1.0,20.27,4.38,2.63
2016/07/28,385.5,391.5,383.5,388.5,223.0,86918.0,1.3038,0.234,216.0,48.0,0.0,-6.0,42.0,1069.0,5.0,9.0,0.0,40.0,1.0,20.53,4.44,2.6
2016/07/29,388.5,388.5,380.0,387.5,223.0,85563.0,-0.2574,0.234,211.0,7.0,-63.0,8.0,-48.0,1073.0,9.0,5.0,2.0,39.0,1.0,20.48,4.43,2.61
2016/08/01,387.5,388.0,375.0,377.0,273.0,103986.0,-2.7097,0.2865,224.0,-23.0,0.0,-2.0,-25.0,1103.0,36.0,6.0,1.0,38.0,0.0,19.93,4.31,2.68
2016/08/02,378.5,382.5,370.0,373.0,322.0,120698.0,-1.061,0.3379,304.0,74.0,-59.0,8.0,23.0,1119.0,34.0,17.0,6.0,37.0,5.0,19.71,4.26,2.71
2016/08/03,374.0,374.0,364.5,367.0,321.0,117808.0,-1.6086,0.3368,306.0,75.0,0.0,13.0,88.0,1154.0,35.0,0.0,2.0,39.0,4.0,19.4,4.19,2.75
2016/08/04,368.5,371.0,363.5,365.0,192.0,70454.0,-0.545,0.2015,181.0,-57.0,0.0,-2.0,-59.0,1162.0,18.0,10.0,0.0,41.0,2.0,19.29,4.17,2.77
2016/08/05,367.0,371.0,365.0,368.0,219.0,80517.0,0.8219,0.2298,168.0,-12.0,-3.0,-2.0,-17.0,1181.0,29.0,10.0,1.0,42.0,2.0,19.45,4.2,2.74
2016/08/08,370.0,374.5,369.5,374.5,349.0,129782.0,1.7663,0.3662,246.0,32.0,0.0,-8.0,24.0,1174.0,14.0,21.0,0.0,46.0,4.0,19.76,4.65,2.7
2016/08/09,377.0,377.5,371.0,377.0,341.0,127664.0,0.6676,0.3578,272.0,-10.0,0.0,1.0,-9.0,1145.0,4.0,33.0,0.0,48.0,2.0,19.89,4.68,2.68
2016/08/10,379.0,379.0,370.0,373.5,226.0,84795.0,-0.9284,0.2372,199.0,-11.0,0.0,2.0,-9.0,1152.0,22.0,15.0,2.0,33.0,0.0,19.71,4.64,2.7
2016/08/11,375.0,375.0,371.0,374.0,148.0,55217.0,0.1339,0.1553,130.0,-12.0,0.0,-2.0,-14.0,1134.0,4.0,22.0,5.0,28.0,0.0,19.74,4.64,2.7
2016/08/12,375.5,375.5,370.0,374.0,172.0,64243.0,0.0,0.1805,153.0,30.0,-1.0,-12.0,17.0,1136.0,12.0,9.0,4.0,24.0,0.0,19.74,4.64,2.7
2016/08/15,374.5,378.5,374.5,377.5,203.0,76514.0,0.9358,0.213,152.0,32.0,0.0,2.0,34.0,1143.0,16.0,9.0,0.0,24.0,0.0,19.92,4.69,2.68
2016/08/16,380.0,382.0,373.5,375.0,181.0,68311.0,-0.6623,0.1899,158.0,11.0,-1.0,14.0,24.0,1152.0,17.0,8.0,2.0,22.0,0.0,19.79,4.65,2.69
2016/08/17,378.0,378.0,371.5,376.0,156.0,58624.0,0.2667,0.1637,159.0,58.0,0.0,0.0,58.0,1157.0,7.0,2.0,1.0,21.0,0.0,19.84,4.67,2.69
2016/08/18,376.0,381.0,376.0,380.5,261.0,98869.0,1.1968,0.2739,235.0,111.0,0.0,3.0,114.0,1146.0,3.0,14.0,2.0,19.0,0.0,20.08,4.72,2.65
2016/08/19,381.0,386.0,381.0,383.0,378.0,145030.0,0.657,0.3967,357.0,47.0,-23.0,7.0,31.0,1118.0,8.0,36.0,3.0,9.0,0.0,20.21,4.75,2.64
2016/08/22,386.0,391.0,385.0,391.0,383.0,148779.0,2.0888,0.4019,336.0,147.0,0.0,-9.0,138.0,1084.0,9.0,43.0,0.0,11.0,2.0,20.63,4.85,2.58
2016/08/23,390.0,394.5,386.0,387.0,363.0,141698.0,-1.023,0.3809,320.0,73.0,-20.0,2.0,55.0,1088.0,13.0,9.0,11.0,0.0,0.0,20.42,4.8,2.61
2016/08/24,387.0,393.0,387.0,388.0,166.0,64643.0,0.2584,0.1742,141.0,-26.0,0.0,10.0,-16.0,1092.0,12.0,8.0,0.0,0.0,0.0,20.47,4.82,2.6
2016/08/25,388.0,393.5,387.0,390.0,285.0,111029.0,0.5155,0.2991,247.0,-20.0,0.0,31.0,11.0,1110.0,29.0,11.0,0.0,0.0,0.0,20.58,4.84,2.59
2016/08/26,390.0,390.5,387.0,387.0,254.0,98735.0,-0.7692,0.2665,211.0,-79.0,0.0,24.0,-55.0,1098.0,12.0,24.0,0.0,0.0,0.0,20.42,4.8,2.61
2016/08/29,380.0,380.0,374.0,376.0,202.0,76347.0,-0.2326,0.212,186.0,-3.0,0.0,-13.0,-16.0,1099.0,8.0,7.0,0.0,7.0,7.0,19.84,4.67,2.69
2016/08/30,378.0,388.0,377.0,387.0,250.0,95928.0,2.9255,0.2623,235.0,72.0,0.0,-9.0,63.0,1088.0,3.0,14.0,0.0,12.0,5.0,20.42,4.8,2.61
2016/08/31,388.5,389.5,385.0,387.5,98.0,38126.0,0.1292,0.1028,90.0,15.0,6.0,-10.0,11.0,1086.0,2.0,4.0,0.0,16.0,4.0,20.45,4.81,2.61
2016/09/01,387.5,389.0,382.0,383.5,145.0,55866.0,-1.0323,0.1522,129.0,20.0,0.0,-12.0,8.0,1095.0,11.0,2.0,5.0,12.0,1.0,20.24,4.76,2.63
2016/09/02,387.0,387.0,383.0,384.0,195.0,74969.0,0.1304,0.2046,179.0,131.0,0.0,-3.0,128.0,1080.0,1.0,16.0,0.0,14.0,2.0,20.26,4.77,2.63
2016/09/05,384.0,391.0,384.0,390.0,143.0,55565.0,1.5625,0.1501,122.0,20.0,0.0,-6.0,14.0,1079.0,15.0,15.0,0.0,17.0,3.0,20.58,4.84,2.59
2016/09/06,393.0,393.0,388.5,389.0,54.0,21246.0,-0.2564,0.0567,58.0,0.0,0.0,4.0,4.0,1068.0,1.0,12.0,0.0,17.0,0.0,20.53,4.83,2.6
2016/09/07,392.0,392.0,389.5,391.0,196.0,76623.0,0.5141,0.2057,107.0,37.0,2.0,0.0,39.0,1043.0,5.0,30.0,0.0,22.0,5.0,20.63,4.85,2.58
2016/09/08,392.5,414.0,391.5,412.0,845.0,340429.0,5.3708,0.8867,655.0,221.0,0.0,64.0,285.0,1047.0,50.0,46.0,2.0,26.0,6.0,21.74,5.11,2.45
2016/09/09,413.5,413.5,405.0,409.0,278.0,113689.0,-0.7282,0.2917,253.0,61.0,-55.0,4.0,10.0,1052.0,17.0,11.0,0.0,27.0,1.0,21.58,5.08,2.47
2016/09/10,407.0,408.0,401.0,404.5,96.0,39010.0,-1.1002,0.1007,89.0,0.0,0.0,-3.0,-3.0,1050.0,6.0,8.0,2.0,26.0,1.0,21.35,5.02,2.5
2016/09/12,407.0,407.5,396.0,397.0,167.0,67127.0,-1.8541,0.1752,155.0,-17.0,-14.0,13.0,-18.0,1025.0,5.0,30.0,0.0,27.0,1.0,20.95,4.93,2.54
2016/09/13,398.0,401.5,396.0,398.5,215.0,85797.0,0.3778,0.2256,192.0,23.0,0.0,0.0,23.0,1017.0,4.0,11.0,0.0,27.0,0.0,21.03,4.95,2.53
2016/09/14,398.5,402.5,391.0,400.5,237.0,93797.0,0.5019,0.2487,189.0,-5.0,0.0,-9.0,-14.0,1009.0,3.0,11.0,3.0,24.0,0.0,21.13,4.97,2.52
2016/09/19,401.0,407.0,400.5,407.0,226.0,91504.0,1.623,0.2372,207.0,65.0,10.0,-3.0,72.0,1000.0,5.0,14.0,0.0,24.0,0.0,21.48,5.05,2.48
2016/09/20,406.0,409.0,404.5,409.0,114.0,46669.0,0.4914,0.1196,101.0,-5.0,0.0,-2.0,-7.0,996.0,5.0,8.0,0.0,24.0,0.0,21.58,5.08,2.47
2016/09/21,409.0,411.0,403.0,403.5,191.0,77560.0,-1.3447,0.2004,147.0,15.0,0.0,-18.0,-3.0,996.0,7.0,7.0,0.0,24.0,0.0,21.29,5.01,2.5
2016/09/22,408.5,410.0,403.0,405.5,196.0,79512.0,0.4957,0.2057,168.0,22.0,0.0,-14.0,8.0,998.0,8.0,6.0,0.0,24.0,0.0,21.4,5.03,2.49
2016/09/23,407.5,408.5,401.5,404.0,211.0,85490.0,-0.3699,0.2214,179.0,50.0,0.0,-39.0,11.0,995.0,8.0,11.0,0.0,24.0,0.0,21.32,5.01,2.5
2016/09/26,404.0,407.0,403.0,406.0,197.0,80138.0,0.495,0.2067,178.0,95.0,0.0,-4.0,91.0,997.0,3.0,1.0,0.0,24.0,0.0,21.42,5.04,2.49
2016/09/29,406.0,409.5,405.0,405.0,210.0,85606.0,-0.2463,0.2204,193.0,68.0,2.0,1.0,71.0,997.0,8.0,8.0,0.0,24.0,0.0,21.37,5.03,2.49
2016/09/30,405.0,409.0,402.5,405.5,210.0,85193.0,0.1235,0.2204,175.0,6.0,0.0,2.0,8.0,1000.0,6.0,3.0,0.0,24.0,0.0,21.4,5.03,2.49
2016/10/03,409.0,418.5,407.0,415.0,279.0,114776.0,2.3428,0.2928,245.0,67.0,-2.0,26.0,91.0,1012.0,35.0,22.0,0.0,24.0,0.0,21.9,5.15,2.43
2016/10/04,417.5,417.5,409.0,410.0,147.0,60725.0,-1.2048,0.1543,133.0,22.0,0.0,2.0,24.0,1017.0,12.0,7.0,3.0,21.0,0.0,21.64,5.09,2.46
2016/10/05,410.0,411.0,401.5,404.5,119.0,48161.0,-1.3415,0.1249,108.0,-1.0,0.0,-4.0,-5.0,1010.0,6.0,13.0,0.0,21.0,0.0,21.35,5.02,2.5
2016/10/06,407.5,408.0,401.5,401.5,115.0,46640.0,-0.7417,0.1207,111.0,5.0,-4.0,-6.0,-5.0,1022.0,15.0,3.0,0.0,21.0,0.0,21.19,4.98,2.52
2016/10/07,398.5,400.0,395.0,396.5,232.0,92271.0,-1.2453,0.2434,123.0,-4.0,0.0,-14.0,-18.0,1016.0,5.0,11.0,0.0,21.0,0.0,20.92,4.92,2.55
2016/10/11,391.0,399.5,386.5,389.0,212.0,82756.0,-1.8916,0.2225,196.0,-17.0,0.0,14.0,-3.0,1018.0,9.0,7.0,5.0,16.0,0.0,20.53,4.83,2.6
2016/10/12,389.0,393.5,388.5,390.5,132.0,51576.0,0.3856,0.1385,122.0,20.0,0.0,3.0,23.0,1016.0,3.0,5.0,0.0,16.0,0.0,20.61,4.85,2.59
2016/10/13,390.5,394.5,383.0,387.0,174.0,67407.0,-0.8963,0.1826,164.0,-28.0,0.0,-19.0,-47.0,1019.0,7.0,4.0,2.0,14.0,0.0,20.42,4.8,2.61
2016/10/14,391.0,392.0,381.0,384.0,84.0,32460.0,-0.7752,0.0881,81.0,-21.0,3.0,-6.0,-24.0,1017.0,2.0,3.0,0.0,14.0,0.0,20.26,4.77,2.63
2016/10/17,391.0,391.0,385.0,388.5,155.0,60134.0,1.1719,0.1626,137.0,28.0,0.0,9.0,37.0,1006.0,2.0,13.0,0.0,14.0,0.0,20.5,4.82,2.6
2016/10/18,389.0,392.5,387.0,388.5,132.0,51438.0,0.0,0.1385,138.0,31.0,0.0,-5.0,26.0,1011.0,7.0,2.0,0.0,14.0,0.0,20.5,4.82,2.6
2016/10/19,389.0,392.0,384.5,386.5,188.0,72929.0,-0.5148,0.1973,178.0,12.0,0.0,-3.0,9.0,1017.0,7.0,1.0,0.0,15.0,1.0,20.4,4.8,2.61
2016/10/20,390.0,390.0,380.5,380.5,132.0,50634.0,-1.5524,0.1385,128.0,-18.0,-3.0,3.0,-18.0,1028.0,12.0,1.0,1.0,14.0,0.0,20.08,4.72,2.65
2016/10/21,383.5,383.5,371.0,374.0,240.0,89997.0,-1.7083,0.2518,218.0,-27.0,-46.0,-11.0,-84.0,1038.0,20.0,10.0,5.0,11.0,2.0,19.74,4.64,2.7
2016/10/24,377.0,377.0,373.0,376.5,196.0,73577.0,0.6684,0.2057,165.0,20.0,0.0,-6.0,14.0,1034.0,2.0,6.0,0.0,11.0,0.0,19.87,4.67,2.68
2016/10/25,376.5,382.0,376.5,380.0,155.0,58641.0,0.9296,0.1626,131.0,0.0,-7.0,4.0,-3.0,1029.0,5.0,10.0,0.0,11.0,0.0,20.05,4.72,2.66
2016/10/26,380.0,381.5,377.0,380.0,161.0,61033.0,0.0,0.1689,128.0,11.0,0.0,0.0,11.0,1025.0,1.0,5.0,0.0,11.0,0.0,20.05,4.72,2.66
2016/10/27,380.5,386.5,380.5,385.0,233.0,89314.0,1.3158,0.2445,208.0,55.0,-16.0,-4.0,35.0,1025.0,8.0,8.0,0.0,11.0,0.0,20.32,4.78,2.62
2016/10/28,386.0,388.0,381.5,385.5,165.0,63617.0,0.1299,0.1731,139.0,-26.0,0.0,-2.0,-28.0,1025.0,4.0,4.0,0.0,11.0,0.0,20.34,4.79,2.62
2016/10/31,382.0,387.5,381.0,387.0,180.0,69232.0,0.3891,0.1889,155.0,35.0,0.0,-2.0,33.0,1013.0,0.0,12.0,0.0,11.0,0.0,20.42,4.8,2.61
2016/11/01,388.5,392.5,388.0,390.0,210.0,81895.0,0.7752,0.2204,195.0,61.0,0.0,-4.0,57.0,1014.0,9.0,8.0,1.0,10.0,0.0,20.58,4.84,2.59
2016/11/02,391.0,395.0,381.0,383.0,192.0,74250.0,-1.7949,0.2015,179.0,-26.0,-20.0,7.0,-39.0,1014.0,6.0,6.0,0.0,10.0,0.0,20.21,4.75,2.64
2016/11/03,384.0,385.5,368.5,371.0,233.0,87348.0,-3.1332,0.2445,149.0,-29.0,-15.0,10.0,-34.0,1023.0,13.0,4.0,2.0,12.0,4.0,19.58,4.61,2.72
2016/11/04,371.0,375.0,356.0,360.0,250.0,91129.0,-2.965,0.2623,203.0,-17.0,-26.0,-30.0,-73.0,1040.0,19.0,2.0,2.0,12.0,2.0,19.0,4.47,2.81
2016/11/07,360.5,375.0,360.5,370.0,200.0,73684.0,2.7778,0.2099,197.0,13.0,-25.0,-13.0,-25.0,1021.0,5.0,24.0,0.0,15.0,3.0,26.19,4.42,2.73
2016/11/08,369.0,377.5,368.0,377.5,228.0,85069.0,2.027,0.2393,187.0,30.0,0.0,-13.0,17.0,1016.0,3.0,8.0,0.0,24.0,9.0,26.72,4.51,2.68
2016/11/09,377.5,392.5,369.0,369.0,240.0,91039.0,-2.2517,0.2518,216.0,1.0,3.0,-33.0,-29.0,1019.0,19.0,16.0,2.0,22.0,0.0,26.11,4.41,2.74
2016/11/10,375.0,388.0,375.0,385.5,247.0,94569.0,4.4715,0.2592,238.0,41.0,3.0,9.0,53.0,1015.0,10.0,14.0,0.0,23.0,1.0,27.28,4.6,2.62
2016/11/11,386.5,386.5,375.0,375.5,93.0,35240.0,-2.594,0.0976,86.0,-27.0,-4.0,2.0,-29.0,1017.0,6.0,4.0,3.0,21.0,1.0,26.57,4.49,2.69
2016/11/14,374.0,379.0,361.0,367.0,210.0,76918.0,-2.2636,0.2204,199.0,-93.0,2.0,5.0,-86.0,1024.0,15.0,8.0,8.0,14.0,1.0,25.97,4.38,2.75
2016/11/15,367.0,368.5,360.5,364.5,128.0,46428.0,-0.6812,0.1343,118.0,-45.0,0.0,-3.0,-48.0,1028.0,6.0,2.0,3.0,12.0,1.0,25.8,4.35,2.77
2016/11/16,364.5,370.0,364.0,368.0,108.0,39607.0,0.9602,0.1133,105.0,-32.0,0.0,8.0,-24.0,1028.0,2.0,2.0,0.0,12.0,0.0,26.04,4.4,2.74
2016/11/17,369.0,369.0,364.0,368.0,113.0,41466.0,0.0,0.1186,108.0,-1.0,0.0,-2.0,-3.0,1028.0,0.0,0.0,0.0,12.0,0.0,26.04,4.4,2.74
2016/11/18,368.0,371.5,365.0,371.0,129.0,47774.0,0.8152,0.1354,118.0,-4.0,0.0,0.0,-4.0,1022.0,0.0,6.0,0.0,13.0,1.0,26.26,4.43,2.72
2016/11/21,372.0,372.0,366.5,371.0,102.0,37727.0,0.0,0.107,92.0,-35.0,0.0,7.0,-28.0,1016.0,0.0,6.0,0.0,13.0,0.0,26.26,4.43,2.72
2016/11/22,370.0,371.5,365.0,367.0,174.0,63963.0,-1.0782,0.1826,168.0,-39.0,0.0,6.0,-33.0,1027.0,12.0,1.0,0.0,13.0,0.0,25.97,4.38,2.75
2016/11/23,368.0,369.0,366.0,366.5,133.0,48920.0,-0.1362,0.1396,107.0,19.0,0.0,1.0,20.0,1030.0,5.0,2.0,0.0,13.0,0.0,25.94,4.38,2.76
2016/11/24,366.5,370.0,365.0,367.0,103.0,37953.0,0.1364,0.1081,100.0,-49.0,0.0,4.0,-45.0,1052.0,24.0,2.0,2.0,11.0,0.0,25.97,4.38,2.75
2016/11/25,369.0,371.5,367.0,367.5,137.0,50543.0,0.1362,0.1438,121.0,-13.0,-4.0,6.0,-11.0,1055.0,18.0,15.0,1.0,10.0,0.0,26.01,4.39,2.75
2016/11/28,370.0,370.5,364.0,367.0,148.0,54439.0,-0.1361,0.1553,109.0,-21.0,0.0,2.0,-19.0,1059.0,8.0,4.0,0.0,10.0,0.0,25.97,4.38,2.75
2016/11/29,368.0,370.0,363.5,365.5,188.0,68796.0,-0.4087,0.1973,170.0,-54.0,0.0,0.0,-54.0,1065.0,10.0,3.0,0.0,11.0,1.0,25.87,4.37,2.76
2016/11/30,365.5,369.5,364.0,364.5,217.0,79535.0,-0.2736,0.2277,178.0,-3.0,0.0,0.0,-3.0,1057.0,4.0,12.0,0.0,12.0,1.0,25.8,4.35,2.77
2016/12/01,367.5,369.0,364.0,365.5,221.0,80906.0,0.2743,0.2319,204.0,-9.0,12.0,-9.0,-6.0,1067.0,14.0,4.0,2.0,10.0,0.0,25.87,4.37,2.76
2016/12/02,368.0,368.0,363.0,365.0,180.0,65662.0,-0.1368,0.1889,148.0,-29.0,0.0,-7.0,-36.0,1073.0,9.0,3.0,0.0,10.0,0.0,25.83,4.36,2.77
2016/12/05,368.0,369.0,365.0,366.0,172.0,63050.0,0.274,0.1805,158.0,17.0,0.0,-5.0,12.0,1074.0,4.0,3.0,0.0,10.0,0.0,25.9,4.37,2.76
2016/12/06,368.5,368.5,362.5,366.0,263.0,96116.0,0.0,0.276,217.0,-75.0,0.0,10.0,-65.0,1102.0,31.0,3.0,0.0,11.0,1.0,25.9,4.37,2.76
2016/12/07,369.5,380.5,369.5,377.5,551.0,207674.0,3.1421,0.5782,433.0,154.0,-25.0,20.0,149.0,1097.0,39.0,44.0,6.0,8.0,3.0,26.72,4.51,2.68
2016/12/08,381.0,388.0,381.0,388.0,523.0,201687.0,2.7815,0.5488,372.0,145.0,-17.0,17.0,145.0,1074.0,31.0,54.0,0.0,8.0,0.0,27.46,4.63,2.6
2016/12/09,393.5,393.5,385.0,388.0,373.0,144048.0,0.0,0.3914,240.0,-10.0,-3.0,0.0,-13.0,1075.0,17.0,16.0,1.0,7.0,0.0,27.46,4.63,2.6
2016/12/12,388.0,390.5,386.0,389.0,317.0,122823.0,0.2577,0.3326,231.0,117.0,0.0,-10.0,107.0,1066.0,1.0,10.0,0.0,7.0,0.0,27.53,4.65,2.6
2016/12/13,389.0,391.5,387.0,389.5,278.0,108165.0,0.1285,0.2917,237.0,-49.0,30.0,17.0,-2.0,1066.0,7.0,7.0,0.0,7.0,0.0,27.57,4.65,2.59
2016/12/14,389.5,392.5,387.5,392.5,345.0,134341.0,0.7702,0.362,299.0,50.0,30.0,-6.0,74.0,1065.0,10.0,11.0,0.0,7.0,0.0,27.78,4.69,2.57
2016/12/15,392.5,398.5,392.5,395.5,221.0,87474.0,0.7643,0.2319,204.0,96.0,0.0,-5.0,91.0,1059.0,8.0,14.0,0.0,9.0,2.0,27.99,4.72,2.55
2016/12/16,397.5,404.5,397.0,403.0,557.0,223679.0,1.8963,0.5845,471.0,-43.0,155.0,31.0,144.0,1055.0,32.0,36.0,0.0,11.0,2.0,28.52,4.81,2.51
2016/12/19,403.0,411.0,403.0,407.0,402.0,164286.0,0.9926,0.4218,323.0,-78.0,144.0,15.0,81.0,1033.0,9.0,31.0,0.0,14.0,3.0,28.8,4.86,2.48
2016/12/20,407.0,411.0,405.0,408.0,256.0,104410.0,0.2457,0.2686,213.0,-34.0,61.0,2.0,29.0,1036.0,19.0,14.0,1.0,13.0,0.0,28.87,4.87,2.48
2016/12/21,408.0,410.0,402.0,410.0,386.0,157116.0,0.4902,0.405,326.0,-92.0,148.0,18.0,74.0,1023.0,14.0,27.0,0.0,13.0,0.0,29.02,4.9,2.46
2016/12/22,406.0,409.0,395.5,400.0,373.0,149412.0,-2.439,0.3914,282.0,-82.0,105.0,-9.0,14.0,1025.0,12.0,10.0,3.0,10.0,0.0,28.31,4.78,2.53
2016/12/23,400.0,408.0,391.5,398.5,340.0,135711.0,-0.375,0.3568,297.0,-53.0,0.0,14.0,-39.0,1025.0,3.0,3.0,1.0,9.0,0.0,28.2,4.76,2.53
2016/12/26,399.0,405.0,398.5,402.0,217.0,87065.0,0.8783,0.2277,182.0,7.0,0.0,-6.0,1.0,1014.0,5.0,16.0,0.0,10.0,1.0,28.45,4.8,2.51
2016/12/27,403.0,408.0,393.0,405.0,421.0,169474.0,0.7463,0.4418,370.0,117.0,0.0,27.0,144.0,1016.0,19.0,17.0,0.0,10.0,0.0,28.66,4.84,2.49
2016/12/28,405.0,410.0,405.0,410.0,361.0,147318.0,1.2346,0.3788,303.0,93.0,51.0,9.0,153.0,1009.0,19.0,26.0,1.0,13.0,4.0,29.02,4.9,2.46
2016/12/29,413.5,415.5,410.0,413.5,380.0,156710.0,0.8537,0.3988,327.0,30.0,89.0,-5.0,114.0,1023.0,21.0,7.0,0.0,15.0,2.0,29.26,4.94,2.44
2016/12/30,415.0,418.0,413.5,417.0,358.0,149179.0,0.8464,0.3757,256.0,-19.0,114.0,43.0,138.0,1017.0,11.0,17.0,0.0,18.0,3.0,29.51,4.98,2.42
2017/01/03,417.0,421.0,412.0,412.0,215.0,89391.0,-1.199,0.2256,161.0,-36.0,0.0,22.0,-14.0,1027.0,22.0,12.0,0.0,18.0,0.0,29.16,4.92,2.45
2017/01/04,414.5,415.0,409.5,413.0,241.0,99288.0,0.2427,0.2529,228.0,-4.0,0.0,14.0,10.0,1028.0,16.0,15.0,1.0,18.0,1.0,29.23,4.93,2.45
2017/01/05,413.5,413.5,409.0,410.0,284.0,116771.0,-0.7264,0.298,263.0,34.0,0.0,-29.0,5.0,1035.0,24.0,17.0,1.0,17.0,0.0,29.02,4.9,2.46
2017/01/06,411.5,412.0,405.0,410.5,229.0,93750.0,0.122,0.2403,193.0,29.0,1.0,-23.0,7.0,1031.0,19.0,23.0,0.0,19.0,2.0,29.05,4.9,2.46
2017/01/09,406.5,412.0,397.0,405.0,355.0,143805.0,-1.3398,0.3725,329.0,39.0,0.0,-60.0,-21.0,1035.0,24.0,20.0,6.0,14.0,1.0,28.66,4.84,2.49
2017/01/10,405.0,408.0,399.5,400.0,390.0,156747.0,-1.2346,0.4092,251.0,19.0,-13.0,1.0,7.0,1034.0,5.0,6.0,0.0,14.0,0.0,28.31,4.78,2.53
2017/01/11,408.0,421.0,402.5,421.0,492.0,200894.0,5.25,0.5163,396.0,214.0,-14.0,-30.0,170.0,1035.0,17.0,16.0,0.0,15.0,1.0,29.79,5.03,2.4
2017/01/12,416.0,420.0,412.5,415.5,283.0,117590.0,-1.3064,0.297,269.0,1.0,-16.0,13.0,-2.0,1055.0,25.0,5.0,0.0,16.0,1.0,29.41,4.96,2.43
2017/01/13,417.0,419.0,412.0,416.0,235.0,97505.0,0.1203,0.2466,192.0,39.0,0.0,-55.0,-16.0,1050.0,2.0,7.0,0.0,18.0,2.0,29.44,4.97,2.43
2017/01/16,416.0,417.5,410.5,414.5,205.0,84918.0,-0.3606,0.2151,144.0,-30.0,-17.0,-8.0,-55.0,1050.0,6.0,6.0,0.0,18.0,0.0,29.33,4.95,2.44
2017/01/17,414.5,420.0,414.5,420.0,224.0,93611.0,1.3269,0.2351,183.0,-34.0,0.0,-12.0,-46.0,1069.0,32.0,13.0,2.0,16.0,0.0,29.72,5.02,2.4
2017/01/18,419.0,420.0,406.0,415.0,341.0,140576.0,-1.1905,0.3578,257.0,79.0,0.0,5.0,84.0,1077.0,29.0,21.0,0.0,16.0,0.0,29.37,4.96,2.43
2017/01/19,415.0,420.0,413.0,418.5,187.0,78174.0,0.8434,0.1962,173.0,15.0,0.0,-12.0,3.0,1080.0,19.0,16.0,0.0,18.0,2.0,29.62,5.0,2.41
2017/01/20,418.5,419.0,412.0,415.0,177.0,73456.0,-0.8363,0.1857,144.0,-14.0,0.0,3.0,-11.0,1078.0,8.0,10.0,1.0,17.0,0.0,29.37,4.96,2.43
2017/01/23,416.0,419.0,410.0,414.0,209.0,86647.0,-0.241,0.2193,173.0,-38.0,3.0,0.0,-35.0,1083.0,22.0,17.0,1.0,16.0,0.0,29.3,4.95,2.44
2017/01/24,415.0,418.0,414.5,416.5,205.0,85341.0,0.6039,0.2151,163.0,31.0,3.0,0.0,34.0,1077.0,7.0,13.0,0.0,17.0,1.0,29.48,4.97,2.42
2017/02/02,413.5,420.0,413.5,415.0,229.0,95729.0,-0.3601,0.2403,204.0,40.0,0.0,-17.0,23.0,1086.0,15.0,6.0,0.0,18.0,1.0,29.37,4.96,2.43
2017/02/03,415.0,416.0,408.5,415.5,256.0,105874.0,0.1205,0.2686,230.0,27.0,0.0,-5.0,22.0,1077.0,2.0,11.0,2.0,16.0,0.0,29.41,4.96,2.43
2017/02/06,411.5,418.0,411.5,415.5,366.0,152037.0,0.0,0.3841,278.0,-58.0,0.0,4.0,-54.0,1067.0,28.0,38.0,0.0,19.0,3.0,29.41,4.96,2.43
2017/02/07,416.5,417.5,410.0,411.0,265.0,109846.0,-1.083,0.2781,217.0,-79.0,-36.0,0.0,-115.0,1067.0,4.0,4.0,3.0,16.0,0.0,29.09,4.91,2.46
2017/02/08,416.5,428.0,412.5,414.5,463.0,193478.0,0.8516,0.4858,428.0,52.0,-29.0,4.0,27.0,1082.0,29.0,14.0,0.0,17.0,1.0,29.33,4.95,2.44
2017/02/09,417.0,418.0,407.5,410.0,334.0,138093.0,-1.0856,0.3505,247.0,12.0,-72.0,-15.0,-75.0,1063.0,11.0,30.0,1.0,16.0,0.0,29.02,4.9,2.46
2017/02/10,412.0,415.0,406.0,410.0,284.0,116557.0,0.0,0.298,218.0,-32.0,-19.0,-11.0,-62.0,1062.0,2.0,3.0,2.0,14.0,0.0,29.02,4.9,2.46
2017/02/13,410.0,411.0,400.5,406.0,426.0,172746.0,-0.9756,0.447,279.0,-18.0,-38.0,-5.0,-61.0,1062.0,2.0,2.0,1.0,17.0,4.0,28.73,4.85,2.49
2017/02/14,410.0,415.0,409.0,415.0,430.0,177190.0,2.2167,0.4512,336.0,133.0,-31.0,-2.0,100.0,1056.0,3.0,9.0,0.0,22.0,5.0,29.37,4.96,2.43
2017/02/15,414.0,417.0,408.0,412.5,370.0,152051.0,-0.6024,0.3883,327.0,46.0,-65.0,44.0,25.0,1064.0,9.0,1.0,1.0,23.0,2.0,29.19,4.93,2.45
2017/02/16,415.0,416.5,410.0,412.5,190.0,78210.0,0.0,0.1994,154.0,8.0,1.0,5.0,14.0,1061.0,0.0,3.0,1.0,22.0,0.0,29.19,4.93,2.45
2017/02/17,412.5,417.5,412.5,417.5,327.0,136082.0,1.2121,0.3431,246.0,103.0,0.0,2.0,105.0,1058.0,1.0,4.0,3.0,23.0,4.0,29.55,4.99,2.42
2017/02/18,418.0,421.0,417.5,420.0,247.0,103610.0,0.5988,0.2592,177.0,0.0,0.0,0.0,0.0,1052.0,4.0,10.0,0.0,25.0,2.0,29.72,5.02,2.4
2017/02/20,420.5,425.0,416.0,417.0,373.0,156908.0,-0.7143,0.3914,251.0,-36.0,0.0,-16.0,-52.0,1030.0,4.0,26.0,1.0,27.0,3.0,29.51,4.98,2.42
2017/02/21,417.0,422.0,415.0,416.0,285.0,118849.0,-0.2398,0.2991,241.0,-101.0,0.0,0.0,-101.0,1027.0,1.0,4.0,3.0,24.0,0.0,29.44,4.97,2.43
2017/02/22,419.0,419.0,411.5,415.0,352.0,145722.0,-0.2404,0.3694,255.0,-167.0,-12.0,2.0,-177.0,1029.0,4.0,2.0,5.0,19.0,0.0,29.37,4.96,2.43
2017/02/23,417.0,418.5,413.0,417.0,227.0,94271.0,0.4819,0.2382,197.0,-27.0,-7.0,0.0,-34.0,1028.0,6.0,7.0,2.0,18.0,1.0,29.51,4.98,2.42
2017/02/24,417.0,424.0,416.0,424.0,331.0,139054.0,1.6787,0.3473,246.0,17.0,1.0,-4.0,14.0,1015.0,9.0,22.0,0.0,27.0,9.0,25.71,4.67,2.38
2017/03/01,425.0,425.0,414.0,416.0,391.0,162856.0,-1.8868,0.4103,316.0,-124.0,-92.0,10.0,-206.0,1013.0,29.0,31.0,8.0,19.0,0.0,25.23,4.58,2.43
2017/03/02,419.5,419.5,413.5,417.0,397.0,164976.0,0.2404,0.4166,188.0,-26.0,0.0,4.0,-22.0,1008.0,27.0,32.0,0.0,19.0,0.0,25.29,4.59,2.42
2017/03/03,417.0,417.5,413.5,417.0,455.0,189331.0,0.0,0.4775,331.0,15.0,-58.0,-42.0,-85.0,1006.0,29.0,31.0,3.0,21.0,5.0,25.29,4.59,2.42
2017/03/06,416.5,419.0,413.0,415.0,185.0,76838.0,-0.4796,0.1941,121.0,-40.0,-35.0,0.0,-75.0,1008.0,13.0,11.0,0.0,21.0,0.0,25.17,4.57,2.43
2017/03/07,416.5,420.5,416.5,420.0,317.0,132629.0,1.2048,0.3326,212.0,15.0,-12.0,0.0,3.0,1004.0,25.0,29.0,0.0,24.0,3.0,25.47,4.62,2.4
2017/03/08,420.0,425.0,420.0,421.0,378.0,160479.0,0.2381,0.3967,278.0,58.0,-3.0,2.0,57.0,979.0,19.0,44.0,0.0,29.0,5.0,25.53,4.63,2.4
2017/03/09,421.0,429.5,421.0,427.0,295.0,125929.0,1.4252,0.3096,259.0,112.0,0.0,-6.0,106.0,1001.0,39.0,17.0,0.0,32.0,3.0,25.89,4.7,2.37
2017/03/10,428.5,428.5,420.0,423.0,254.0,107355.0,-0.9368,0.2665,215.0,0.0,5.0,-4.0,1.0,997.0,13.0,17.0,5.0,27.0,0.0,25.65,4.66,2.39
2017/03/13,421.0,429.5,416.5,422.5,424.0,179350.0,-0.1182,0.4449,379.0,101.0,0.0,1.0,102.0,999.0,40.0,38.0,2.0,25.0,0.0,25.62,4.65,2.39
2017/03/14,425.0,425.0,416.5,423.0,288.0,120872.0,0.1183,0.3022,243.0,3.0,0.0,-1.0,2.0,996.0,27.0,30.0,4.0,21.0,0.0,25.65,4.66,2.39
2017/03/15,425.0,426.5,415.5,418.0,250.0,104794.0,-1.182,0.2623,220.0,-21.0,-11.0,6.0,-26.0,1006.0,22.0,12.0,3.0,18.0,0.0,25.35,4.6,2.42
2017/03/16,421.5,422.0,415.0,415.0,306.0,127657.0,-0.7177,0.3211,271.0,59.0,-3.0,-5.0,51.0,1011.0,28.0,23.0,0.0,18.0,0.0,25.17,4.57,2.43
2017/03/17,419.5,424.5,415.0,424.5,366.0,153977.0,2.2892,0.3841,316.0,145.0,-51.0,10.0,104.0,989.0,27.0,49.0,0.0,20.0,2.0,25.74,4.67,2.38
2017/03/20,424.5,428.0,421.0,424.5,207.0,87817.0,0.0,0.2172,173.0,-25.0,-5.0,-6.0,-36.0,983.0,16.0,22.0,0.0,20.0,0.0,25.74,4.67,2.38
2017/03/21,426.5,427.5,419.0,425.5,177.0,74946.0,0.2356,0.1857,153.0,36.0,-64.0,-1.0,-29.0,981.0,1.0,3.0,0.0,20.0,0.0,25.8,4.68,2.37
2017/03/22,426.5,430.0,423.5,427.5,176.0,75145.0,0.47,0.1847,154.0,5.0,0.0,-2.0,3.0,971.0,2.0,12.0,0.0,22.0,2.0,25.92,4.7,2.36
2017/03/23,429.5,430.5,427.5,430.0,236.0,101247.0,0.5848,0.2476,209.0,78.0,-26.0,0.0,52.0,971.0,2.0,2.0,0.0,25.0,3.0,26.08,4.73,2.35
2017/03/24,431.0,432.0,430.0,431.0,310.0,133540.0,0.2326,0.3253,269.0,-3.0,6.0,-1.0,2.0,981.0,12.0,2.0,0.0,27.0,2.0,26.14,4.74,2.34
2017/03/27,428.0,431.0,428.0,431.0,249.0,106975.0,0.0,0.2613,158.0,56.0,-5.0,-1.0,50.0,978.0,7.0,10.0,2.0,26.0,1.0,26.14,4.74,2.34
2017/03/28,431.0,440.5,427.5,432.0,316.0,136331.0,0.232,0.3316,240.0,37.0,-25.0,2.0,14.0,982.0,18.0,14.0,1.0,25.0,0.0,26.2,4.75,2.34
2017/03/29,432.5,437.0,429.0,433.5,242.0,104758.0,0.3472,0.2539,159.0,48.0,0.0,-5.0,43.0,981.0,9.0,10.0,1.0,24.0,0.0,26.29,4.77,2.33
2017/03/30,433.0,437.0,429.0,433.5,285.0,123371.0,0.0,0.2991,227.0,29.0,0.0,-2.0,27.0,965.0,20.0,36.0,3.0,21.0,0.0,26.29,4.77,2.33
2017/03/31,435.0,435.0,429.0,435.0,329.0,142436.0,0.346,0.3452,267.0,77.0,0.0,0.0,77.0,945.0,20.0,40.0,0.0,21.0,0.0,26.38,4.79,2.32
2017/04/05,435.0,439.0,421.0,429.5,344.0,148325.0,-1.2644,0.361,244.0,-82.0,0.0,-11.0,-93.0,974.0,54.0,25.0,3.0,18.0,0.0,26.05,4.73,2.35
2017/04/06,429.5,430.0,417.0,417.0,264.0,111558.0,-2.9104,0.277,246.0,-98.0,0.0,-5.0,-103.0,983.0,25.0,16.0,5.0,14.0,1.0,25.29,4.59,2.42
2017/04/07,423.0,426.5,418.0,423.5,402.0,169568.0,1.5588,0.4218,319.0,30.0,0.0,-15.0,15.0,980.0,24.0,27.0,0.0,14.0,0.0,25.68,4.66,2.38
2017/04/10,432.0,434.5,428.0,434.0,186.0,80336.0,2.4793,0.1952,162.0,15.0,1.0,-6.0,10.0,972.0,7.0,15.0,1.0,14.0,1.0,26.32,4.78,2.33
2017/04/11,434.0,434.0,424.0,427.5,411.0,175746.0,-1.4977,0.4313,381.0,91.0,-12.0,-3.0,76.0,985.0,15.0,2.0,1.0,14.0,1.0,25.92,4.7,2.36
2017/04/12,430.5,432.0,429.0,429.5,279.0,120001.0,0.4678,0.2928,220.0,73.0,0.0,0.0,73.0,983.0,1.0,3.0,0.0,14.0,0.0,26.05,4.73,2.35
2017/04/13,432.0,433.0,425.0,427.0,238.0,101998.0,-0.5821,0.2497,198.0,40.0,0.0,0.0,40.0,983.0,2.0,2.0,0.0,14.0,0.0,25.89,4.7,2.37
2017/04/14,429.0,439.0,427.0,430.0,262.0,112557.0,0.7026,0.2749,226.0,71.0,-40.0,0.0,31.0,992.0,17.0,8.0,1.0,13.0,0.0,26.08,4.73,2.35
2017/04/17,430.0,432.0,426.5,429.5,246.0,105400.0,-0.1163,0.2581,228.0,96.0,0.0,-4.0,92.0,992.0,2.0,2.0,13.0,0.0,0.0,26.05,4.73,2.35
2017/04/18,431.0,434.0,428.5,431.0,196.0,84399.0,0.3492,0.2057,166.0,16.0,0.0,0.0,16.0,989.0,4.0,7.0,0.0,0.0,0.0,26.14,4.74,2.34
2017/04/19,431.0,432.0,426.5,430.0,256.0,109725.0,-0.232,0.2686,237.0,58.0,-25.0,-5.0,28.0,976.0,0.0,13.0,0.0,0.0,0.0,26.08,4.73,2.35
2017/04/20,429.5,434.0,429.0,432.5,306.0,131877.0,0.5814,0.3211,283.0,108.0,-10.0,1.0,99.0,970.0,3.0,9.0,0.0,0.0,0.0,26.23,4.76,2.34
2017/04/21,433.5,435.0,428.0,430.5,401.0,172893.0,-0.4624,0.4208,346.0,-33.0,0.0,2.0,-31.0,979.0,11.0,2.0,0.0,8.0,8.0,26.11,4.74,2.35
2017/04/24,433.0,434.0,427.5,433.0,245.0,105656.0,0.5807,0.2571,230.0,-19.0,0.0,1.0,-18.0,970.0,1.0,10.0,0.0,13.0,5.0,26.26,4.77,2.33
2017/04/25,434.0,451.0,432.5,451.0,422.0,187033.0,4.157,0.4428,385.0,173.0,0.0,22.0,195.0,956.0,24.0,38.0,0.0,26.0,13.0,27.35,4.96,2.24
2017/04/26,452.0,466.5,452.0,462.5,361.0,167729.0,2.5499,0.3788,351.0,24.0,0.0,14.0,38.0,973.0,36.0,19.0,3.0,26.0,3.0,28.05,5.09,2.18
2017/04/27,467.0,467.0,461.5,464.0,268.0,124407.0,0.3243,0.2812,245.0,61.0,-46.0,0.0,15.0,975.0,8.0,6.0,1.0,26.0,1.0,28.14,5.11,2.18
2017/04/28,470.0,475.0,464.5,464.5,256.0,119789.0,0.1078,0.2686,225.0,45.0,0.0,0.0,45.0,986.0,14.0,3.0,1.0,25.0,0.0,28.17,5.11,2.17
2017/05/02,464.5,467.0,456.5,461.0,168.0,77582.0,-0.7535,0.1763,138.0,-23.0,-5.0,4.0,-24.0,990.0,6.0,2.0,3.0,22.0,0.0,27.96,5.07,2.19
2017/05/03,465.0,468.0,460.0,464.0,191.0,88703.0,0.6508,0.2004,168.0,12.0,-8.0,-2.0,2.0,996.0,12.0,6.0,0.0,22.0,0.0,28.14,5.11,2.18
2017/05/04,462.0,473.0,462.0,470.5,210.0,98848.0,1.4009,0.2204,195.0,30.0,-4.0,1.0,27.0,988.0,2.0,10.0,0.0,23.0,1.0,28.53,5.18,2.15
2017/05/05,467.5,477.0,464.0,466.5,168.0,78829.0,-0.8502,0.1763,138.0,-10.0,-9.0,2.0,-17.0,987.0,1.0,2.0,1.0,22.0,0.0,31.63,5.07,2.17
2017/05/08,458.0,458.0,427.5,446.0,323.0,142783.0,-4.3944,0.3389,307.0,58.0,-17.0,-27.0,14.0,970.0,16.0,33.0,8.0,23.0,9.0,30.24,4.85,2.26
2017/05/09,445.0,451.5,441.5,447.0,293.0,130312.0,0.2242,0.3075,262.0,32.0,-9.0,2.0,25.0,995.0,26.0,1.0,0.0,23.0,0.0,30.31,4.86,2.26
2017/05/10,447.0,450.5,431.0,431.0,172.0,75760.0,-3.5794,0.1805,165.0,-65.0,-9.0,3.0,-71.0,1019.0,25.0,1.0,9.0,14.0,0.0,29.22,4.69,2.34
2017/05/11,435.0,439.0,423.0,428.0,276.0,118560.0,-0.6961,0.2896,268.0,-21.0,-5.0,-1.0,-27.0,1016.0,11.0,13.0,3.0,13.0,2.0,29.02,4.65,2.36
2017/05/12,435.0,435.0,429.0,432.0,255.0,110177.0,0.9346,0.2676,241.0,65.0,6.0,-4.0,67.0,1022.0,9.0,3.0,0.0,13.0,0.0,29.29,4.7,1.91
2017/05/15,429.0,437.0,427.5,430.0,237.0,102416.0,-0.463,0.2487,212.0,42.0,0.0,-3.0,39.0,1034.0,13.0,1.0,0.0,14.0,1.0,29.15,4.68,1.92
2017/05/16,435.0,436.0,420.5,424.0,269.0,114832.0,-1.3953,0.2823,266.0,4.0,0.0,2.0,6.0,1034.0,8.0,8.0,3.0,13.0,2.0,28.75,4.61,1.95
2017/05/17,428.5,434.5,420.5,431.0,253.0,107745.0,1.6509,0.2655,239.0,28.0,0.0,-10.0,18.0,1040.0,10.0,4.0,0.0,13.0,0.0,29.22,4.69,1.91
2017/05/18,434.0,434.0,427.5,432.0,231.0,99411.0,0.232,0.2424,204.0,44.0,0.0,-6.0,38.0,1040.0,0.0,0.0,0.0,14.0,1.0,29.29,4.7,1.91
2017/05/19,433.0,435.0,428.0,430.0,162.0,69890.0,-0.463,0.17,122.0,-43.0,0.0,0.0,-43.0,1040.0,0.0,0.0,0.0,15.0,1.0,29.15,4.68,1.92
2017/05/22,433.0,433.5,423.5,427.0,295.0,126395.0,-0.6977,0.3096,283.0,76.0,0.0,0.0,76.0,1040.0,0.0,0.0,2.0,13.0,0.0,28.95,4.64,1.93
2017/05/23,431.5,432.0,426.0,431.5,228.0,98384.0,1.0539,0.2393,217.0,70.0,0.0,-13.0,57.0,1039.0,1.0,2.0,0.0,15.0,2.0,29.25,4.69,1.91
2017/05/24,431.5,445.0,431.5,445.0,225.0,98124.0,3.1286,0.2361,206.0,116.0,0.0,-1.0,115.0,1028.0,9.0,20.0,0.0,20.0,5.0,30.17,4.84,1.85
2017/05/25,446.0,453.5,436.0,436.0,210.0,92522.0,-2.0225,0.2204,203.0,-69.0,0.0,6.0,-63.0,1036.0,9.0,0.0,1.0,20.0,1.0,29.56,4.74,1.89
2017/05/26,438.5,446.0,434.0,439.0,235.0,103266.0,0.6881,0.2466,223.0,-7.0,-1.0,12.0,4.0,1019.0,9.0,26.0,0.0,23.0,3.0,29.76,4.77,1.88
2017/05/31,444.0,447.5,439.5,446.0,338.0,150048.0,1.5945,0.3547,297.0,80.0,0.0,3.0,83.0,1012.0,25.0,32.0,0.0,24.0,1.0,30.24,4.85,1.85
2017/06/01,448.5,448.5,440.0,440.5,183.0,81065.0,-1.2332,0.192,145.0,-27.0,0.0,2.0,-25.0,1005.0,15.0,21.0,1.0,24.0,1.0,29.86,4.79,1.87
2017/06/02,443.0,444.0,436.5,439.0,185.0,81593.0,-0.3405,0.1941,156.0,-29.0,0.0,-1.0,-30.0,1004.0,10.0,11.0,0.0,24.0,0.0,29.76,4.77,1.88
2017/06/03,442.0,443.0,433.5,436.0,172.0,75129.0,-0.6834,0.1805,138.0,0.0,-45.0,2.0,-43.0,1008.0,5.0,1.0,2.0,22.0,0.0,29.56,4.74,1.89
2017/06/05,439.5,443.5,436.0,438.0,175.0,76923.0,0.4587,0.1836,171.0,2.0,0.0,0.0,2.0,1010.0,4.0,2.0,2.0,21.0,1.0,29.69,4.76,1.88
2017/06/06,443.0,444.0,440.0,444.0,173.0,76487.0,1.3699,0.1815,145.0,52.0,0.0,-4.0,48.0,1010.0,6.0,6.0,0.0,22.0,1.0,30.1,4.83,1.86
2017/06/07,448.0,448.0,441.5,444.0,151.0,67148.0,0.0,0.1585,126.0,-12.0,0.0,-4.0,-16.0,1009.0,0.0,1.0,0.0,22.0,0.0,30.1,4.83,1.86
2017/06/08,441.5,444.0,433.0,433.0,273.0,119207.0,-2.4775,0.2865,186.0,-36.0,-4.0,-21.0,-61.0,1012.0,5.0,2.0,4.0,18.0,0.0,29.36,4.71,1.91
2017/06/09,437.5,437.5,434.0,436.0,299.0,130132.0,0.6928,0.3138,139.0,18.0,-1.0,0.0,17.0,1009.0,0.0,3.0,0.0,19.0,1.0,29.56,4.74,1.89
2017/06/12,435.5,438.0,430.5,433.0,174.0,75482.0,-0.6881,0.1826,168.0,-16.0,-2.0,-11.0,-29.0,1012.0,5.0,2.0,2.0,18.0,1.0,29.36,4.71,1.91
2017/06/13,435.0,438.0,429.0,433.5,275.0,119044.0,0.1155,0.2886,264.0,-23.0,0.0,-10.0,-33.0,1011.0,0.0,1.0,0.0,18.0,0.0,29.39,4.71,1.9
2017/06/14,435.0,441.5,430.5,434.0,816.0,355482.0,0.1153,0.8563,206.0,0.0,0.0,-3.0,-3.0,1012.0,1.0,0.0,1.0,19.0,2.0,29.42,4.72,1.9
2017/06/15,434.0,437.5,424.5,427.0,219.0,93941.0,-1.6129,0.2298,207.0,-15.0,0.0,0.0,-15.0,1018.0,6.0,0.0,8.0,11.0,0.0,28.95,4.64,1.93
2017/06/16,430.0,430.0,425.0,428.0,233.0,99715.0,0.2342,0.2445,218.0,0.0,0.0,0.0,0.0,1019.0,1.0,0.0,1.0,10.0,0.0,29.02,4.65,1.93
2017/06/19,428.0,431.5,425.5,428.5,187.0,80409.0,0.1168,0.1962,184.0,-16.0,-8.0,10.0,-14.0,1017.0,0.0,2.0,0.0,10.0,0.0,29.05,4.66,1.93
2017/06/20,429.0,431.5,422.0,426.5,306.0,130896.0,-0.4667,0.3211,286.0,14.0,0.0,12.0,26.0,1019.0,3.0,1.0,0.0,12.0,2.0,28.92,4.64,1.93
2017/06/21,428.0,429.5,421.0,429.5,255.0,108779.0,0.7034,0.2676,237.0,-16.0,0.0,16.0,0.0,1017.0,0.0,2.0,5.0,8.0,1.0,29.12,4.67,1.92
2017/06/22,430.5,432.0,426.0,429.0,179.0,76722.0,-0.1164,0.1878,163.0,-8.0,0.0,-1.0,-9.0,1017.0,0.0,0.0,0.0,8.0,0.0,29.08,4.67,1.92
2017/06/23,425.0,428.0,423.5,423.5,153.0,65023.0,-1.2821,0.1606,144.0,-21.0,-6.0,-2.0,-29.0,1018.0,1.0,0.0,0.0,8.0,0.0,28.71,4.61,1.95
2017/06/26,426.0,426.0,419.0,422.5,179.0,75689.0,-0.2361,0.1878,174.0,-22.0,0.0,-4.0,-26.0,1022.0,4.0,0.0,4.0,4.0,0.0,28.64,4.59,1.95
2017/06/27,424.0,426.0,421.0,423.0,255.0,108020.0,0.1183,0.2676,254.0,-10.0,0.0,3.0,-7.0,1024.0,2.0,0.0,0.0,6.0,2.0,28.68,4.6,1.95
2017/06/28,423.0,423.0,412.0,413.0,176.0,73329.0,-2.3641,0.1847,165.0,-39.0,0.0,4.0,-35.0,1036.0,14.0,2.0,3.0,3.0,0.0,28.0,4.49,2.0
2017/06/29,416.5,426.0,415.0,421.5,317.0,133152.0,2.0581,0.3326,304.0,12.0,0.0,0.0,12.0,1023.0,1.0,14.0,0.0,4.0,1.0,28.58,4.58,1.96
2017/06/30,421.5,432.0,421.5,427.0,173.0,73617.0,1.3049,0.1815,157.0,-3.0,1.0,0.0,-2.0,1019.0,0.0,4.0,1.0,6.0,3.0,28.95,4.64,1.93
2017/07/03,429.5,431.0,426.0,430.0,167.0,71678.0,0.7026,0.1752,156.0,41.0,0.0,0.0,41.0,1016.0,1.0,4.0,0.0,9.0,3.0,29.15,4.68,1.92
2017/07/04,432.0,434.5,429.0,431.0,190.0,81969.0,0.2326,0.1994,169.0,45.0,-20.0,-10.0,15.0,1014.0,0.0,2.0,0.0,14.0,5.0,29.22,4.69,1.91
2017/07/05,435.0,435.0,427.5,431.0,193.0,82976.0,0.0,0.2025,184.0,14.0,-17.0,8.0,5.0,1009.0,0.0,5.0,0.0,14.0,0.0,29.22,4.69,1.91
2017/07/06,434.5,434.5,426.0,431.0,230.0,98820.0,0.0,0.2414,213.0,-41.0,37.0,2.0,-2.0,1009.0,0.0,0.0,1.0,13.0,0.0,29.22,4.69,1.91
2017/07/07,434.0,437.5,428.0,431.0,171.0,73760.0,0.0,0.1794,148.0,9.0,-16.0,4.0,-3.0,1012.0,5.0,2.0,0.0,13.0,0.0,29.22,4.69,1.91
2017/07/10,432.0,437.0,428.0,431.0,166.0,71743.0,0.0,0.1742,140.0,-8.0,0.0,-3.0,-11.0,1011.0,1.0,2.0,0.0,13.0,0.0,29.22,4.69,1.91
2017/07/11,431.5,436.0,431.5,435.5,210.0,91238.0,1.0441,0.2204,169.0,37.0,-8.0,3.0,32.0,1011.0,2.0,2.0,0.0,13.0,0.0,29.53,4.74,1.89
2017/07/12,431.5,437.5,427.0,427.0,268.0,115414.0,-1.9518,0.2812,142.0,-68.0,-4.0,6.0,-66.0,1022.0,11.0,0.0,0.0,13.0,0.0,28.95,4.64,1.93
2017/07/13,427.0,429.5,420.0,420.0,196.0,83233.0,-1.6393,0.2057,171.0,-41.0,-10.0,-25.0,-76.0,1024.0,5.0,3.0,3.0,10.0,0.0,28.47,4.57,1.96
2017/07/14,421.0,427.5,414.0,421.5,318.0,133268.0,0.3571,0.3337,299.0,21.0,-3.0,2.0,20.0,1022.0,2.0,2.0,4.0,5.0,0.0,28.58,4.58,1.96
2017/07/17,425.0,428.0,416.0,418.0,322.0,135142.0,-0.8304,0.3379,272.0,78.0,-17.0,0.0,61.0,1038.0,17.0,1.0,1.0,4.0,0.0,28.34,4.55,1.97
2017/07/18,422.5,422.5,412.0,418.0,309.0,128478.0,0.0,0.3242,174.0,-1.0,-14.0,1.0,-14.0,1043.0,8.0,3.0,3.0,1.0,0.0,28.34,4.55,1.97
2017/07/19,419.0,421.0,414.0,417.5,245.0,102269.0,-0.1196,0.2571,237.0,-33.0,-33.0,30.0,-36.0,1046.0,7.0,4.0,0.0,2.0,1.0,28.31,4.54,1.98
2017/07/20,418.0,420.0,414.5,417.0,197.0,82104.0,-0.1198,0.2067,168.0,-18.0,0.0,-2.0,-20.0,1065.0,26.0,7.0,1.0,1.0,0.0,28.27,4.53,1.98
2017/07/21,418.0,418.0,407.0,407.5,207.0,85221.0,-2.2782,0.2172,190.0,-65.0,0.0,-3.0,-68.0,1076.0,13.0,2.0,1.0,0.0,0.0,27.63,4.43,2.02
2017/07/24,408.5,413.5,406.5,412.5,262.0,107438.0,1.227,0.2749,251.0,74.0,0.0,0.0,74.0,1084.0,11.0,3.0,0.0,1.0,1.0,27.97,4.49,2.0
2017/07/25,416.0,417.0,413.5,417.0,224.0,93013.0,1.0909,0.2351,210.0,113.0,0.0,10.0,123.0,1081.0,5.0,8.0,0.0,1.0,0.0,28.27,4.53,1.98
2017/07/26,419.5,421.0,417.5,419.0,268.0,112273.0,0.4796,0.2812,242.0,68.0,0.0,-2.0,66.0,1083.0,6.0,4.0,0.0,2.0,1.0,28.41,4.56,1.97
2017/07/27,422.0,427.0,421.0,427.0,390.0,165272.0,1.9093,0.4092,153.0,23.0,0.0,-2.0,21.0,1083.0,4.0,4.0,2.0,0.0,0.0,28.95,4.64,1.93
2017/07/28,428.0,428.0,423.0,425.0,275.0,116818.0,-0.4684,0.2886,159.0,19.0,0.0,0.0,19.0,1075.0,0.0,7.0,0.0,1.0,1.0,28.81,4.62,1.94
2017/07/31,425.0,425.0,420.5,424.5,200.0,84589.0,-0.1176,0.2099,180.0,31.0,0.0,0.0,31.0,1071.0,0.0,4.0,0.0,1.0,0.0,28.78,4.62,1.94
2017/08/01,424.5,427.0,424.0,426.0,184.0,78249.0,0.3534,0.1931,93.0,21.0,0.0,0.0,21.0,1063.0,1.0,9.0,0.0,2.0,1.0,28.88,4.63,1.94
2017/08/02,426.0,430.0,426.0,430.0,254.0,108831.0,0.939,0.2665,152.0,-7.0,0.0,-4.0,-11.0,1054.0,3.0,12.0,0.0,9.0,7.0,29.15,4.68,1.92
2017/08/03,430.0,431.0,425.0,426.5,197.0,84231.0,-0.814,0.2067,111.0,-20.0,0.0,0.0,-20.0,1052.0,1.0,3.0,0.0,9.0,0.0,28.92,4.64,1.93
2017/08/04,428.5,428.5,422.5,424.0,196.0,83185.0,-0.5862,0.2057,102.0,-21.0,0.0,0.0,-21.0,1053.0,5.0,4.0,1.0,8.0,0.0,28.75,4.61,1.95
2017/08/07,428.0,428.5,424.0,426.5,211.0,89873.0,0.5896,0.2214,116.0,32.0,0.0,0.0,32.0,1045.0,5.0,13.0,0.0,8.0,0.0,28.92,4.64,1.93
2017/08/08,418.0,420.0,404.0,407.0,483.0,197842.0,-4.5721,0.5068,400.0,-232.0,-16.0,-6.0,-254.0,1077.0,40.0,8.0,7.0,1.0,0.0,31.12,4.77,2.03
2017/08/09,406.0,406.0,368.0,399.5,649.0,253209.0,-1.8428,0.681,585.0,-157.0,-30.0,-21.0,-208.0,1094.0,22.0,5.0,0.0,8.0,7.0,30.54,4.69,2.07
2017/08/10,400.0,408.5,398.0,408.5,373.0,149718.0,2.2528,0.3914,326.0,-103.0,0.0,-12.0,-115.0,1082.0,0.0,12.0,5.0,4.0,1.0,31.23,4.79,2.02
2017/08/11,406.5,410.0,396.5,408.0,210.0,84678.0,-0.1224,0.2204,182.0,-81.0,-2.0,0.0,-83.0,1073.0,0.0,9.0,0.0,4.0,0.0,31.19,4.79,2.02
2017/08/14,408.0,410.0,404.0,406.0,147.0,59745.0,-0.4902,0.1543,126.0,-30.0,0.0,-4.0,-34.0,1069.0,0.0,4.0,0.0,6.0,2.0,31.04,4.76,2.03
2017/08/15,406.0,409.5,391.0,406.5,197.0,78940.0,0.1232,0.2067,184.0,-46.0,-8.0,-5.0,-59.0,1061.0,1.0,9.0,4.0,16.0,14.0,31.08,4.77,2.03
2017/08/16,406.5,409.0,396.0,399.0,151.0,60774.0,-1.845,0.1585,135.0,-52.0,0.0,14.0,-38.0,1063.0,4.0,2.0,2.0,14.0,0.0,30.5,4.68,2.07
2017/08/17,403.0,404.0,396.5,400.0,150.0,60246.0,0.2506,0.1574,139.0,-35.0,-10.0,-3.0,-48.0,1067.0,4.0,0.0,6.0,8.0,0.0,30.58,4.69,2.06
2017/08/18,403.0,405.5,398.5,403.5,150.0,60269.0,0.875,0.1574,137.0,-1.0,0.0,0.0,-1.0,1068.0,5.0,4.0,0.0,8.0,0.0,30.85,4.73,2.04
2017/08/21,407.0,407.5,397.0,405.0,165.0,66360.0,0.3717,0.1731,140.0,4.0,0.0,-3.0,1.0,1069.0,4.0,3.0,0.0,8.0,0.0,30.96,4.75,2.04
2017/08/22,407.5,407.5,399.5,400.0,140.0,56380.0,-1.2346,0.1469,118.0,-25.0,-14.0,1.0,-38.0,1066.0,7.0,10.0,0.0,8.0,0.0,30.58,4.69,2.06
2017/08/23,402.5,403.0,396.5,398.5,143.0,57061.0,-0.375,0.1501,121.0,-26.0,-5.0,-6.0,-37.0,1071.0,8.0,3.0,8.0,0.0,0.0,30.47,4.67,2.07
2017/08/24,400.0,400.0,390.0,393.0,206.0,81177.0,-1.3802,0.2162,160.0,-37.0,-5.0,0.0,-42.0,1080.0,60.0,51.0,0.0,0.0,0.0,30.05,4.61,2.1
2017/08/25,395.5,397.0,392.5,397.0,162.0,64053.0,1.0178,0.17,158.0,-22.0,0.0,1.0,-21.0,1075.0,3.0,7.0,0.0,0.0,0.0,30.35,4.66,2.08
2017/08/28,397.0,406.0,397.0,406.0,268.0,108054.0,2.267,0.2812,258.0,27.0,0.0,5.0,32.0,1059.0,13.0,29.0,0.0,0.0,0.0,31.04,4.76,2.03
2017/08/29,397.0,404.5,392.0,398.0,157.0,62427.0,0.0616,0.1647,155.0,-1.0,0.0,-3.0,-4.0,1068.0,16.0,7.0,0.0,6.0,6.0,30.43,4.67,2.07
2017/08/30,398.0,401.5,393.5,401.0,146.0,58159.0,0.7538,0.1532,140.0,37.0,0.0,3.0,40.0,1063.0,3.0,8.0,0.0,13.0,7.0,30.66,4.7,2.06
2017/08/31,404.5,420.0,400.5,420.0,278.0,113264.0,4.7382,0.2917,250.0,85.0,0.0,4.0,89.0,1044.0,2.0,21.0,1.0,22.0,10.0,32.11,4.93,1.96
2017/09/01,416.0,420.0,407.0,407.0,157.0,64714.0,-3.0952,0.1647,142.0,-28.0,0.0,1.0,-27.0,1050.0,10.0,4.0,10.0,12.0,0.0,31.12,4.77,2.03
2017/09/04,409.0,414.0,407.0,407.0,140.0,57195.0,0.0,0.1469,109.0,-47.0,0.0,0.0,-47.0,1057.0,8.0,1.0,0.0,13.0,1.0,31.12,4.77,2.03
2017/09/05,413.0,414.0,408.0,408.0,130.0,53509.0,0.2457,0.1364,115.0,-24.0,0.0,-2.0,-26.0,1052.0,3.0,8.0,0.0,13.0,0.0,31.19,4.79,2.02
2017/09/06,408.0,412.0,408.0,411.5,133.0,54585.0,0.8578,0.1396,111.0,-17.0,0.0,0.0,-17.0,1050.0,5.0,7.0,0.0,13.0,0.0,31.46,4.83,2.0
2017/09/07,415.0,415.0,411.5,413.0,157.0,64817.0,0.3645,0.1647,146.0,13.0,0.0,-2.0,11.0,1050.0,6.0,6.0,0.0,13.0,0.0,31.57,4.84,2.0
2017/09/08,400.0,401.0,391.5,391.5,230.0,91276.0,-5.2058,0.2414,229.0,-94.0,0.0,3.0,-91.0,1061.0,18.0,7.0,0.0,13.0,0.0,29.93,4.59,2.11
2017/09/11,398.0,398.5,384.5,388.0,265.0,103366.0,-0.894,0.2781,182.0,-55.0,0.0,0.0,-55.0,1069.0,12.0,3.0,1.0,12.0,0.0,29.66,4.55,2.13
2017/09/12,392.0,395.5,390.0,390.5,139.0,54504.0,0.6443,0.1459,131.0,14.0,-29.0,-3.0,-18.0,1055.0,1.0,15.0,0.0,12.0,0.0,29.85,4.58,2.11
2017/09/13,393.5,395.5,391.5,394.0,123.0,48369.0,0.8963,0.1291,104.0,-8.0,0.0,-4.0,-12.0,1054.0,1.0,2.0,0.0,12.0,0.0,30.12,4.62,2.09
2017/09/14,396.0,399.0,395.0,398.0,127.0,50414.0,1.0152,0.1333,118.0,8.0,0.0,-2.0,6.0,1047.0,0.0,7.0,0.0,12.0,0.0,30.43,4.67,2.07
2017/09/15,404.0,405.0,398.5,399.0,126.0,50466.0,0.2513,0.1322,95.0,-5.0,0.0,-4.0,-9.0,1044.0,1.0,3.0,0.0,12.0,0.0,30.5,4.68,2.07
2017/09/18,404.0,404.5,397.5,400.0,115.0,46144.0,0.2506,0.1207,95.0,1.0,-27.0,0.0,-26.0,1047.0,4.0,1.0,0.0,12.0,0.0,30.58,4.69,2.06
2017/09/19,402.0,403.0,394.0,395.0,123.0,48948.0,-1.25,0.1291,92.0,-12.0,-23.0,0.0,-35.0,1050.0,4.0,1.0,0.0,12.0,0.0,30.2,4.63,2.09
2017/09/20,399.5,399.5,390.5,393.5,184.0,72296.0,-0.3797,0.1931,177.0,-35.0,0.0,10.0,-25.0,1053.0,3.0,0.0,0.0,13.0,1.0,30.08,4.62,2.1
2017/09/21,395.5,398.0,392.0,398.0,124.0,49145.0,1.1436,0.1301,99.0,-27.0,0.0,2.0,-25.0,1052.0,2.0,3.0,0.0,13.0,0.0,30.43,4.67,2.07
2017/09/22,399.5,405.0,398.0,400.0,121.0,48655.0,0.5025,0.127,101.0,-10.0,0.0,2.0,-8.0,1040.0,0.0,12.0,0.0,13.0,0.0,30.58,4.69,2.06
2017/09/25,398.0,404.0,395.0,404.0,211.0,84479.0,1.0,0.2214,208.0,33.0,0.0,1.0,34.0,1032.0,6.0,14.0,1.0,14.0,2.0,30.89,4.74,2.04
2017/09/26,404.0,411.0,404.0,406.0,146.0,59312.0,0.495,0.1532,140.0,3.0,0.0,0.0,3.0,1031.0,0.0,1.0,0.0,15.0,1.0,31.04,4.76,2.03
2017/09/27,406.0,409.0,405.5,408.0,112.0,45611.0,0.4926,0.1175,95.0,-18.0,0.0,0.0,-18.0,1031.0,0.0,0.0,0.0,15.0,0.0,31.19,4.79,2.02
2017/09/28,409.0,410.0,406.0,410.0,127.0,52064.0,0.4902,0.1333,110.0,4.0,0.0,-1.0,3.0,1030.0,0.0,1.0,0.0,16.0,1.0,31.35,4.81,2.01
2017/09/29,410.0,417.0,409.5,413.0,162.0,66872.0,0.7317,0.17,137.0,-7.0,0.0,0.0,-7.0,1040.0,14.0,4.0,0.0,17.0,1.0,31.57,4.84,2.0
2017/09/30,415.0,418.0,414.5,417.0,128.0,53470.0,0.9685,0.1343,123.0,31.0,0.0,0.0,31.0,1039.0,1.0,2.0,0.0,17.0,0.0,31.88,4.89,1.98
2017/10/02,417.0,422.0,417.0,419.0,223.0,93560.0,0.4796,0.234,216.0,64.0,0.0,0.0,64.0,1031.0,5.0,13.0,0.0,18.0,1.0,32.03,4.91,1.97
2017/10/03,419.0,422.5,418.0,421.0,610.0,256211.0,0.4773,0.6401,197.0,56.0,0.0,-10.0,46.0,1018.0,12.0,25.0,9.0,11.0,2.0,32.19,4.94,1.96
2017/10/05,421.0,423.0,417.0,420.0,164.0,68887.0,-0.2375,0.1721,140.0,-1.0,0.0,-2.0,-3.0,1017.0,4.0,5.0,0.0,11.0,0.0,32.11,4.93,1.96
2017/10/06,420.0,422.0,412.5,415.5,136.0,56674.0,-1.0714,0.1427,113.0,-21.0,0.0,0.0,-21.0,1013.0,1.0,5.0,0.0,11.0,0.0,31.77,4.87,1.99
2017/10/11,416.5,420.0,399.0,403.0,209.0,84961.0,-3.0084,0.2193,203.0,-9.0,0.0,-6.0,-15.0,1024.0,17.0,6.0,3.0,8.0,0.0,30.81,4.73,2.05
2017/10/12,403.0,406.0,394.0,400.0,215.0,86076.0,-0.7444,0.2256,198.0,37.0,0.0,-1.0,36.0,1016.0,10.0,18.0,2.0,7.0,1.0,30.58,4.69,2.06
2017/10/13,403.0,407.5,396.5,400.0,199.0,79520.0,0.0,0.2088,193.0,-6.0,0.0,2.0,-4.0,1016.0,2.0,2.0,1.0,6.0,0.0,30.58,4.69,2.06
2017/10/16,400.0,402.0,390.0,394.0,210.0,83098.0,-1.5,0.2204,201.0,11.0,0.0,0.0,11.0,1023.0,7.0,0.0,0.0,6.0,0.0,30.12,4.62,2.09
2017/10/17,395.5,406.5,394.0,405.0,264.0,105989.0,2.7919,0.277,250.0,142.0,0.0,0.0,142.0,1002.0,1.0,20.0,0.0,6.0,0.0,30.96,4.75,2.04
2017/10/18,408.0,414.0,404.0,414.0,206.0,84154.0,2.2222,0.2162,201.0,59.0,0.0,24.0,83.0,1002.0,11.0,11.0,0.0,6.0,0.0,31.65,4.86,1.99
2017/10/19,416.0,417.5,413.5,417.5,150.0,62436.0,0.8454,0.1574,150.0,28.0,0.0,4.0,32.0,1000.0,3.0,5.0,0.0,7.0,1.0,31.92,4.9,1.98
2017/10/20,417.5,418.0,410.5,414.0,172.0,71407.0,-0.8383,0.1805,163.0,-11.0,0.0,0.0,-11.0,999.0,8.0,9.0,0.0,7.0,0.0,31.65,4.86,1.99
2017/10/23,417.5,417.5,401.0,404.0,169.0,69285.0,-2.4155,0.1773,159.0,-47.0,0.0,2.0,-45.0,1002.0,18.0,15.0,0.0,7.0,0.0,30.89,4.74,2.04
2017/10/24,404.0,405.5,396.0,400.0,194.0,77404.0,-0.9901,0.2036,186.0,-43.0,0.0,-4.0,-47.0,1016.0,19.0,5.0,0.0,9.0,2.0,30.58,4.69,2.06
2017/10/25,402.0,408.0,396.5,400.0,159.0,63688.0,0.0,0.1668,145.0,-30.0,0.0,3.0,-27.0,1015.0,7.0,8.0,1.0,8.0,0.0,30.58,4.69,2.06
2017/10/26,404.0,405.0,397.0,404.0,141.0,56557.0,1.0,0.148,129.0,5.0,0.0,-2.0,3.0,1013.0,7.0,9.0,1.0,7.0,0.0,30.89,4.74,2.04
2017/10/27,400.0,406.5,399.5,404.0,177.0,71669.0,0.0,0.1857,186.0,5.0,0.0,-5.0,0.0,1006.0,7.0,14.0,0.0,11.0,4.0,30.89,4.74,2.04
2017/10/30,403.0,409.0,402.0,406.5,131.0,53116.0,0.6188,0.1375,127.0,13.0,-7.0,-1.0,5.0,999.0,7.0,14.0,0.0,15.0,4.0,31.08,4.77,2.03
2017/10/31,406.5,409.0,399.0,403.5,190.0,76726.0,-0.738,0.1994,187.0,-25.0,0.0,-1.0,-26.0,999.0,5.0,5.0,0.0,15.0,0.0,30.85,4.73,2.04
2017/11/01,405.0,407.0,403.0,405.0,176.0,71185.0,0.3717,0.1847,132.0,38.0,0.0,0.0,38.0,999.0,7.0,7.0,0.0,15.0,0.0,30.96,4.75,2.04
2017/11/02,406.0,407.5,403.5,405.5,139.0,56349.0,0.1235,0.1459,116.0,-10.0,0.0,0.0,-10.0,998.0,6.0,7.0,0.0,15.0,0.0,31.0,4.76,2.03
2017/11/03,405.5,408.0,397.5,400.0,146.0,58799.0,-1.3564,0.1532,133.0,-32.0,-15.0,-1.0,-48.0,1006.0,15.0,7.0,1.0,14.0,0.0,30.58,4.69,2.06
2017/11/06,400.0,403.0,391.0,391.0,154.0,61202.0,-2.25,0.1616,145.0,-28.0,0.0,-2.0,-30.0,1008.0,7.0,5.0,0.0,14.0,0.0,29.89,4.59,2.11
2017/11/07,392.0,405.5,392.0,403.0,311.0,124508.0,3.0691,0.3263,298.0,-26.0,0.0,2.0,-24.0,1036.0,35.0,7.0,2.0,12.0,0.0,30.07,4.54,2.05
2017/11/08,402.0,405.0,390.0,403.0,400.0,159623.0,0.0,0.4197,369.0,52.0,0.0,-4.0,48.0,1023.0,14.0,27.0,0.0,12.0,0.0,30.07,4.54,2.05
2017/11/09,403.0,403.0,392.5,395.5,166.0,65656.0,-1.861,0.1742,170.0,-48.0,0.0,0.0,-48.0,1026.0,8.0,5.0,0.0,12.0,0.0,29.51,4.46,2.09
2017/11/10,398.0,398.0,386.0,390.5,258.0,100501.0,-1.2642,0.2707,246.0,-69.0,0.0,-8.0,-77.0,1021.0,9.0,14.0,0.0,12.0,0.0,29.14,4.4,2.11
2017/11/13,395.0,395.5,385.5,392.0,223.0,86851.0,0.3841,0.234,213.0,-40.0,0.0,-4.0,-44.0,1020.0,0.0,1.0,0.0,14.0,2.0,29.25,4.42,2.1
2017/11/14,394.0,395.0,391.0,394.5,134.0,52707.0,0.6378,0.1406,119.0,16.0,0.0,-6.0,10.0,1017.0,0.0,3.0,0.0,14.0,0.0,29.44,4.44,2.09
2017/11/15,395.0,400.0,394.5,400.0,206.0,81775.0,1.3942,0.2162,197.0,74.0,0.0,14.0,88.0,1005.0,0.0,12.0,0.0,14.0,0.0,29.85,4.51,2.06
2017/11/16,402.0,403.0,399.0,402.0,127.0,50927.0,0.5,0.1333,106.0,7.0,0.0,0.0,7.0,1005.0,0.0,0.0,0.0,14.0,0.0,30.0,4.53,2.05
2017/11/17,405.0,409.0,402.5,405.0,161.0,65238.0,0.7463,0.1689,160.0,24.0,0.0,0.0,24.0,1009.0,9.0,5.0,0.0,10.0,0.0,30.22,4.56,2.04
2017/11/20,404.5,407.0,402.5,406.0,159.0,64311.0,0.2469,0.1668,142.0,24.0,0.0,0.0,24.0,1002.0,0.0,7.0,0.0,14.0,4.0,30.3,4.57,2.03
2017/11/21,409.0,410.0,407.0,410.0,186.0,75946.0,0.9852,0.1952,178.0,58.0,0.0,2.0,60.0,998.0,0.0,4.0,0.0,14.0,0.0,30.6,4.62,2.01
2017/11/22,410.0,411.5,403.0,405.5,153.0,62221.0,-1.0976,0.1606,148.0,8.0,-7.0,0.0,1.0,1000.0,3.0,1.0,0.0,14.0,0.0,30.26,4.57,2.03
2017/11/23,407.5,409.0,406.0,408.5,176.0,71725.0,0.7398,0.1847,164.0,54.0,0.0,-2.0,52.0,995.0,0.0,5.0,0.0,14.0,0.0,30.49,4.6,2.02
2017/11/24,408.5,411.0,406.5,408.5,167.0,68169.0,0.0,0.1752,156.0,41.0,0.0,-1.0,40.0,989.0,0.0,6.0,0.0,14.0,0.0,30.49,4.6,2.02
2017/11/27,408.5,410.0,397.5,405.0,161.0,65001.0,-0.8568,0.1689,149.0,-31.0,0.0,-3.0,-34.0,989.0,0.0,0.0,1.0,13.0,0.0,30.22,4.56,2.04
2017/11/28,405.0,407.0,402.5,404.5,136.0,54968.0,-0.1235,0.1427,107.0,-5.0,0.0,0.0,-5.0,989.0,0.0,0.0,0.0,14.0,1.0,30.19,4.56,2.04
2017/11/29,405.0,407.5,403.5,407.5,200.0,81067.0,0.7417,0.2099,182.0,62.0,0.0,0.0,62.0,988.0,0.0,1.0,0.0,14.0,0.0,30.41,4.59,2.02
2017/11/30,407.5,410.0,405.0,410.0,169.0,68870.0,0.6135,0.1773,160.0,28.0,0.0,1.0,29.0,980.0,0.0,8.0,0.0,14.0,0.0,30.6,4.62,2.01
2017/12/01,411.0,412.0,408.5,411.0,139.0,57020.0,0.2439,0.1459,130.0,18.0,0.0,0.0,18.0,978.0,0.0,2.0,0.0,14.0,0.0,30.67,4.63,2.01
2017/12/04,412.0,413.0,408.5,411.5,153.0,62773.0,0.1217,0.1606,137.0,-9.0,0.0,2.0,-7.0,973.0,1.0,6.0,0.0,14.0,0.0,30.71,4.64,2.0
2017/12/05,415.0,415.5,409.5,412.5,139.0,57277.0,0.243,0.1459,133.0,-3.0,0.0,0.0,-3.0,975.0,2.0,0.0,0.0,14.0,0.0,30.78,4.65,2.0
2017/12/06,412.5,414.0,408.0,410.0,118.0,48470.0,-0.6061,0.1238,94.0,-26.0,0.0,0.0,-26.0,975.0,1.0,1.0,0.0,14.0,0.0,30.6,4.62,2.01
2017/12/07,413.0,413.5,409.0,411.5,161.0,66163.0,0.3659,0.1689,153.0,15.0,0.0,-3.0,12.0,975.0,0.0,0.0,0.0,14.0,0.0,30.71,4.64,2.0
2017/12/08,409.5,413.0,406.0,406.5,153.0,62378.0,-1.2151,0.1606,134.0,-14.0,0.0,-4.0,-18.0,980.0,7.0,2.0,0.0,14.0,0.0,30.34,4.58,2.03
2017/12/11,406.5,408.5,403.0,403.0,131.0,53184.0,-0.861,0.1375,111.0,-8.0,0.0,0.0,-8.0,978.0,0.0,2.0,0.0,14.0,0.0,30.07,4.54,2.05
2017/12/12,403.0,406.5,396.5,398.5,148.0,59326.0,-1.1166,0.1553,141.0,-27.0,0.0,-2.0,-29.0,981.0,3.0,0.0,0.0,14.0,0.0,29.74,4.49,2.07
2017/12/13,401.0,402.0,392.0,394.5,140.0,55478.0,-1.0038,0.1469,130.0,-42.0,0.0,2.0,-40.0,981.0,1.0,1.0,2.0,13.0,1.0,29.44,4.44,2.09
2017/12/14,396.5,396.5,391.5,394.5,144.0,56705.0,0.0,0.1511,118.0,-30.0,0.0,-6.0,-36.0,981.0,0.0,0.0,8.0,5.0,0.0,29.44,4.44,2.09
2017/12/15,395.5,398.0,390.0,398.0,278.0,109784.0,0.8872,0.2917,254.0,-19.0,0.0,0.0,-19.0,986.0,5.0,0.0,2.0,5.0,2.0,29.7,4.48,2.07
2017/12/18,401.5,401.5,391.0,394.5,109.0,42953.0,-0.8794,0.1144,97.0,-44.0,0.0,0.0,-44.0,978.0,0.0,2.0,1.0,4.0,0.0,29.44,4.44,2.09
2017/12/19,395.0,396.5,390.0,392.5,138.0,54387.0,-0.507,0.1448,139.0,-7.0,0.0,0.0,-7.0,967.0,0.0,0.0,0.0,4.0,0.0,29.29,4.42,2.1
2017/12/20,395.5,396.0,390.0,393.0,193.0,75940.0,0.1274,0.2025,186.0,-36.0,0.0,22.0,-14.0,977.0,11.0,1.0,0.0,4.0,0.0,29.33,4.43,2.1
2017/12/21,394.5,395.0,389.5,393.0,197.0,77232.0,0.0,0.2067,196.0,-4.0,0.0,-4.0,-8.0,978.0,3.0,1.0,0.0,4.0,0.0,29.33,4.43,2.1
2017/12/22,394.5,395.5,392.5,395.0,151.0,59416.0,0.5089,0.1585,142.0,20.0,0.0,0.0,20.0,950.0,0.0,2.0,0.0,5.0,1.0,29.48,4.45,2.09
2017/12/25,395.5,399.5,395.0,399.5,176.0,70018.0,1.1392,0.1847,164.0,24.0,0.0,0.0,24.0,956.0,23.0,7.0,0.0,8.0,3.0,29.81,4.5,2.07
2017/12/26,402.5,402.5,394.5,397.5,112.0,44568.0,-0.5006,0.1175,78.0,-11.0,0.0,1.0,-10.0,950.0,2.0,8.0,1.0,9.0,2.0,29.66,4.48,2.08
2017/12/27,399.0,400.0,393.0,394.0,137.0,54252.0,-0.8805,0.1438,119.0,-8.0,-1.0,0.0,-9.0,891.0,2.0,8.0,0.0,9.0,0.0,29.4,4.44,2.09
2017/12/28,396.5,399.0,393.5,395.5,153.0,60767.0,0.3807,0.1606,152.0,-17.0,0.0,1.0,-16.0,901.0,10.0,0.0,0.0,9.0,0.0,29.51,4.46,2.09
2017/12/29,398.0,400.5,395.5,400.5,179.0,71184.0,1.2642,0.1878,167.0,44.0,0.0,0.0,44.0,867.0,0.0,22.0,0.0,9.0,0.0,29.89,4.51,2.06
2018/01/02,403.0,403.5,400.5,402.0,156.0,62790.0,0.3745,0.1637,142.0,29.0,0.0,0.0,29.0,843.0,0.0,8.0,0.0,9.0,0.0,30.0,4.53,2.05
2018/01/03,404.5,406.0,401.0,404.5,155.0,62569.0,0.6219,0.1626,145.0,-3.0,0.0,0.0,-3.0,827.0,0.0,2.0,0.0,9.0,0.0,30.19,4.56,2.04
2018/01/04,404.5,405.0,395.5,398.0,177.0,70748.0,-1.6069,0.1857,162.0,-35.0,0.0,0.0,-35.0,840.0,24.0,9.0,0.0,9.0,0.0,29.7,4.48,2.07
2018/01/05,399.0,401.0,392.5,394.0,162.0,64223.0,-1.005,0.17,163.0,-49.0,0.0,0.0,-49.0,857.0,17.0,0.0,0.0,9.0,0.0,29.4,4.44,2.09
2018/01/08,399.0,399.0,391.0,395.5,140.0,55216.0,0.3807,0.1469,136.0,-17.0,0.0,0.0,-17.0,857.0,1.0,1.0,0.0,9.0,0.0,29.51,4.46,2.09
2018/01/09,398.0,399.5,394.5,397.0,216.0,85669.0,0.3793,0.2267,144.0,69.0,0.0,0.0,69.0,834.0,3.0,0.0,0.0,9.0,0.0,29.63,4.47,2.08
2018/01/10,401.0,401.5,391.0,391.0,129.0,50897.0,-1.5113,0.1354,123.0,-36.0,0.0,0.0,-36.0,836.0,4.0,0.0,0.0,10.0,1.0,29.18,4.4,2.11
2018/01/11,391.0,393.5,389.5,390.5,138.0,53954.0,-0.1279,0.1448,116.0,32.0,0.0,0.0,32.0,811.0,0.0,25.0,0.0,11.0,1.0,29.14,4.4,2.11
2018/01/12,392.5,394.5,391.0,392.0,170.0,66709.0,0.3841,0.1784,168.0,12.0,0.0,2.0,14.0,808.0,3.0,6.0,0.0,11.0,0.0,29.25,4.42,2.1
2018/01/15,394.0,395.0,391.0,394.0,152.0,59732.0,0.5102,0.1595,148.0,22.0,0.0,0.0,22.0,808.0,0.0,0.0,1.0,10.0,0.0,29.4,4.44,2.09
2018/01/16,395.0,396.0,391.0,391.0,120.0,47233.0,-0.7614,0.1259,106.0,19.0,0.0,0.0,19.0,806.0,1.0,3.0,0.0,10.0,0.0,29.18,4.4,2.11
2018/01/17,394.0,395.0,389.0,390.0,254.0,99503.0,-0.2558,0.2665,233.0,22.0,0.0,14.0,36.0,806.0,0.0,0.0,6.0,4.0,0.0,29.1,4.39,2.12
2018/01/18,394.0,395.0,388.5,389.0,117.0,45938.0,-0.2564,0.1228,108.0,-19.0,0.0,0.0,-19.0,810.0,4.0,0.0,0.0,4.0,0.0,29.03,4.38,2.12
2018/01/19,391.5,392.5,388.0,390.0,116.0,45261.0,0.2571,0.1217,109.0,-15.0,0.0,0.0,-15.0,811.0,1.0,0.0,1.0,3.0,0.0,29.1,4.39,2.12
2018/01/22,392.5,393.5,387.5,388.5,111.0,43258.0,-0.3846,0.1165,83.0,-17.0,0.0,0.0,-17.0,812.0,1.0,0.0,0.0,3.0,0.0,28.99,4.38,2.12
2018/01/23,389.0,391.0,388.5,390.0,158.0,61563.0,0.3861,0.1658,81.0,36.0,0.0,0.0,36.0,812.0,0.0,0.0,0.0,3.0,0.0,29.1,4.39,2.12
2018/01/24,393.5,393.5,390.0,391.0,433.0,169106.0,0.2564,0.4544,108.0,32.0,0.0,0.0,32.0,811.0,0.0,1.0,0.0,3.0,0.0,29.18,4.4,2.11
2018/01/25,393.0,393.0,390.0,392.5,119.0,46628.0,0.3836,0.1249,78.0,12.0,0.0,0.0,12.0,809.0,0.0,2.0,0.0,3.0,0.0,29.29,4.42,2.1
2018/01/26,393.0,397.0,390.5,394.5,161.0,63274.0,0.5096,0.1689,146.0,24.0,0.0,-2.0,22.0,811.0,2.0,0.0,0.0,3.0,0.0,29.44,4.44,2.09
2018/01/29,396.0,397.0,391.0,395.0,117.0,46131.0,0.1267,0.1228,108.0,14.0,0.0,0.0,14.0,810.0,1.0,1.0,0.0,3.0,0.0,29.48,4.45,2.09
2018/01/30,395.0,397.0,390.0,391.0,153.0,59977.0,-1.0127,0.1606,114.0,20.0,4.0,0.0,24.0,811.0,3.0,1.0,0.0,4.0,1.0,29.18,4.4,2.11
2018/01/31,393.0,395.5,390.0,395.5,136.0,53266.0,1.1509,0.1427,116.0,30.0,0.0,0.0,30.0,810.0,0.0,1.0,1.0,3.0,0.0,29.51,4.46,2.09
2018/02/01,395.0,397.5,392.0,395.5,117.0,46207.0,0.0,0.1228,103.0,20.0,0.0,0.0,20.0,733.0,0.0,4.0,0.0,3.0,0.0,29.51,4.46,2.09
2018/02/02,396.0,396.5,391.5,395.0,170.0,67317.0,-0.1264,0.1784,177.0,9.0,0.0,0.0,9.0,733.0,1.0,1.0,0.0,3.0,0.0,29.48,4.45,2.09
2018/02/05,394.0,395.5,392.0,392.0,139.0,54893.0,-0.7595,0.1459,124.0,42.0,0.0,0.0,42.0,738.0,5.0,0.0,0.0,3.0,0.0,29.25,4.42,2.1
2018/02/06,388.0,394.0,386.0,394.0,141.0,54968.0,0.5102,0.148,129.0,-15.0,0.0,0.0,-15.0,734.0,2.0,6.0,0.0,5.0,2.0,29.4,4.44,2.09
2018/02/07,394.5,396.0,383.0,383.0,155.0,59959.0,-2.7919,0.1626,155.0,-94.0,0.0,-2.0,-96.0,753.0,21.0,2.0,0.0,5.0,0.0,28.58,4.31,2.15
2018/02/08,392.0,420.5,392.0,415.0,657.0,270216.0,8.3551,0.6894,573.0,440.0,0.0,-4.0,436.0,724.0,10.0,39.0,0.0,7.0,2.0,30.97,4.68,1.99
2018/02/09,414.0,427.0,407.0,416.0,285.0,119028.0,0.241,0.2991,269.0,28.0,0.0,-3.0,25.0,729.0,9.0,4.0,0.0,7.0,0.0,31.04,4.69,1.98
2018/02/12,421.0,423.0,407.5,416.0,424.0,175187.0,0.0,0.4449,345.0,-116.0,73.0,19.0,-24.0,659.0,1.0,6.0,1.0,6.0,0.0,31.04,4.69,1.98
2018/02/21,422.5,432.5,420.5,430.0,296.0,126493.0,3.3654,0.3106,264.0,91.0,0.0,6.0,97.0,702.0,45.0,2.0,2.0,7.0,3.0,32.09,4.84,1.92
2018/02/22,429.5,437.5,425.0,426.0,164.0,70268.0,-0.9302,0.1721,148.0,-5.0,0.0,9.0,4.0,693.0,2.0,11.0,0.0,7.0,0.0,31.79,4.8,1.94
2018/02/23,426.5,429.0,422.0,424.0,199.0,84517.0,-0.4695,0.2088,187.0,-27.0,-9.0,2.0,-34.0,693.0,4.0,4.0,0.0,8.0,1.0,31.64,4.78,1.95
2018/02/26,426.0,426.0,422.0,424.0,139.0,58859.0,0.0,0.1459,116.0,-8.0,0.0,-2.0,-10.0,684.0,3.0,5.0,0.0,8.0,0.0,31.64,4.78,1.95
2018/02/27,426.0,435.0,422.5,426.0,217.0,92354.0,0.4717,0.2277,208.0,11.0,0.0,-3.0,8.0,602.0,3.0,8.0,0.0,9.0,1.0,44.65,4.62,1.94
2018/03/01,426.0,428.5,416.0,416.0,252.0,106638.0,-2.3474,0.2644,154.0,-4.0,0.0,-10.0,-14.0,599.0,4.0,7.0,2.0,8.0,1.0,43.61,4.52,1.98
2018/03/02,414.5,417.0,410.5,410.5,194.0,80230.0,-1.3221,0.2036,182.0,-48.0,0.0,0.0,-48.0,599.0,3.0,3.0,5.0,3.0,0.0,43.03,4.46,2.01
2018/03/05,410.5,418.0,410.5,413.0,234.0,96570.0,0.609,0.2455,198.0,-23.0,0.0,0.0,-23.0,599.0,0.0,0.0,0.0,5.0,2.0,43.29,4.48,2.0
2018/03/06,415.5,418.0,411.0,413.0,191.0,79049.0,0.0,0.2004,163.0,-83.0,0.0,5.0,-78.0,599.0,1.0,1.0,0.0,9.0,4.0,43.29,4.48,2.0
2018/03/07,415.0,417.0,410.5,413.0,186.0,76882.0,0.0,0.1952,173.0,-7.0,0.0,0.0,-7.0,596.0,0.0,2.0,0.0,9.0,0.0,43.29,4.48,2.0
2018/03/08,417.0,426.0,416.5,424.0,208.0,87935.0,2.6634,0.2183,202.0,25.0,0.0,-1.0,24.0,601.0,12.0,7.0,0.0,9.0,0.0,44.44,4.6,1.95
2018/03/09,428.0,430.5,415.5,420.5,121.0,50907.0,-0.8255,0.127,104.0,-25.0,0.0,0.0,-25.0,598.0,2.0,5.0,0.0,9.0,0.0,44.08,4.56,1.96
2018/03/12,423.5,425.0,421.0,425.0,121.0,51223.0,1.0702,0.127,102.0,-11.0,0.0,1.0,-10.0,597.0,1.0,2.0,0.0,9.0,0.0,44.55,4.61,1.94
2018/03/13,425.0,428.0,414.0,418.5,221.0,92131.0,-1.5294,0.2319,187.0,-9.0,0.0,-2.0,-11.0,572.0,5.0,2.0,0.0,9.0,0.0,43.87,4.54,1.97
2018/03/14,422.0,422.0,410.0,411.0,119.0,49205.0,-1.7921,0.1249,104.0,-22.0,0.0,-3.0,-25.0,541.0,8.0,2.0,0.0,9.0,0.0,43.08,4.46,2.01
2018/03/15,411.5,418.0,411.0,418.0,133.0,55228.0,1.7032,0.1396,133.0,19.0,0.0,1.0,20.0,535.0,0.0,6.0,0.0,9.0,0.0,43.82,4.54,1.97
2018/03/16,418.0,419.5,410.0,414.5,175.0,72716.0,-0.8373,0.1836,155.0,-29.0,-20.0,0.0,-49.0,539.0,4.0,0.0,0.0,9.0,0.0,43.45,4.5,1.99
2018/03/19,415.0,417.5,413.5,416.0,118.0,48989.0,0.3619,0.1238,92.0,-17.0,0.0,0.0,-17.0,539.0,0.0,0.0,0.0,12.0,3.0,43.61,4.52,1.98
2018/03/20,416.0,416.0,404.0,406.5,138.0,56105.0,-2.2837,0.1448,128.0,-34.0,-2.0,4.0,-32.0,541.0,2.0,0.0,9.0,3.0,0.0,42.61,4.41,2.03
2018/03/21,409.0,416.5,407.0,408.0,120.0,49368.0,0.369,0.1259,110.0,-17.0,0.0,6.0,-11.0,544.0,3.0,0.0,0.0,3.0,0.0,42.77,4.43,2.02
2018/03/22,411.0,415.0,409.0,410.5,119.0,49296.0,0.6127,0.1249,103.0,-13.0,-5.0,-1.0,-19.0,543.0,0.0,1.0,0.0,3.0,0.0,43.03,4.46,2.01
2018/03/23,409.0,415.0,405.5,415.0,137.0,55931.0,1.0962,0.1438,109.0,-6.0,0.0,-3.0,-9.0,542.0,2.0,3.0,0.0,12.0,9.0,43.5,4.5,1.99
2018/03/26,418.0,418.0,406.0,408.5,137.0,56070.0,-1.5663,0.1438,134.0,-5.0,0.0,0.0,-5.0,546.0,9.0,5.0,0.0,12.0,0.0,42.82,4.43,2.02
2018/03/27,412.5,417.0,409.5,412.0,162.0,66970.0,0.8568,0.17,164.0,10.0,0.0,0.0,10.0,545.0,16.0,17.0,0.0,13.0,1.0,43.19,4.47,2.0
2018/03/28,412.5,416.0,410.0,414.0,128.0,52774.0,0.4854,0.1343,119.0,26.0,0.0,0.0,26.0,493.0,4.0,2.0,0.0,15.0,2.0,43.4,4.49,1.99
2018/03/29,414.0,417.0,406.5,409.0,110.0,45255.0,-1.2077,0.1154,101.0,-29.0,0.0,0.0,-29.0,466.0,2.0,5.0,0.0,15.0,0.0,42.87,4.44,2.02
2018/03/30,413.0,413.0,400.5,401.0,188.0,76337.0,-1.956,0.1973,171.0,-18.0,-58.0,-9.0,-85.0,471.0,5.0,0.0,9.0,6.0,0.0,42.03,4.35,2.06
2018/03/31,404.5,405.0,401.0,405.0,110.0,44325.0,0.9975,0.1154,95.0,0.0,-2.0,1.0,-1.0,463.0,0.0,0.0,0.0,6.0,0.0,42.45,4.4,2.04
2018/04/02,405.0,409.0,404.5,409.0,177.0,71847.0,0.9877,0.1857,153.0,-9.0,0.0,-1.0,-10.0,455.0,0.0,4.0,0.0,12.0,6.0,42.87,4.44,2.02
2018/04/03,412.5,412.5,408.5,411.5,126.0,51856.0,0.6112,0.1322,116.0,1.0,0.0,1.0,2.0,453.0,0.0,2.0,0.0,12.0,0.0,43.13,4.47,2.0
2018/04/09,414.0,417.0,405.5,412.0,180.0,74054.0,0.1215,0.1889,173.0,-34.0,0.0,-5.0,-39.0,452.0,0.0,1.0,2.0,10.0,0.0,43.19,4.47,2.0
2018/04/10,412.5,416.5,412.5,414.0,164.0,67860.0,0.4854,0.1721,153.0,-19.0,0.0,1.0,-18.0,453.0,2.0,1.0,0.0,10.0,0.0,43.4,4.49,1.99
2018/04/11,418.0,418.5,414.0,417.5,135.0,56156.0,0.8454,0.1417,122.0,12.0,0.0,6.0,18.0,453.0,3.0,3.0,0.0,10.0,0.0,43.76,4.53,1.98
2018/04/12,421.5,421.5,418.5,420.0,129.0,54201.0,0.5988,0.1354,121.0,-8.0,0.0,0.0,-8.0,454.0,2.0,1.0,1.0,9.0,0.0,44.03,4.56,1.96
2018/04/13,422.5,422.5,416.0,419.5,142.0,59450.0,-0.119,0.149,153.0,-17.0,0.0,-1.0,-18.0,452.0,1.0,3.0,0.0,9.0,0.0,43.97,4.55,1.97
2018/04/16,421.0,424.0,420.0,421.0,144.0,60607.0,0.3576,0.1511,126.0,0.0,0.0,0.0,0.0,451.0,1.0,2.0,0.0,9.0,0.0,44.13,4.57,1.96
2018/04/17,423.0,426.0,415.0,416.5,130.0,54602.0,-1.0689,0.1364,127.0,-19.0,0.0,0.0,-19.0,444.0,0.0,7.0,3.0,6.0,0.0,43.66,4.52,1.98
2018/04/18,419.5,423.0,418.5,421.5,174.0,73120.0,1.2005,0.1826,144.0,6.0,0.0,4.0,10.0,441.0,0.0,3.0,5.0,1.0,0.0,44.18,4.58,1.96
2018/04/19,424.5,426.0,423.0,426.0,122.0,51800.0,1.0676,0.128,119.0,20.0,0.0,-1.0,19.0,436.0,0.0,5.0,0.0,1.0,0.0,44.65,4.62,1.94
2018/04/20,428.0,428.0,422.0,427.5,141.0,59990.0,0.3521,0.148,128.0,-4.0,4.0,0.0,0.0,407.0,0.0,1.0,1.0,0.0,0.0,44.81,4.64,1.93
2018/04/23,430.0,435.0,420.0,427.5,106.0,45105.0,0.0,0.1112,89.0,-30.0,1.0,1.0,-28.0,406.0,3.0,4.0,0.0,0.0,0.0,44.81,4.64,1.93
2018/04/24,432.0,432.0,412.0,415.0,142.0,59352.0,-2.924,0.149,139.0,-37.0,0.0,3.0,-34.0,407.0,3.0,2.0,0.0,0.0,0.0,43.5,4.5,1.99
2018/04/25,415.0,420.0,409.0,409.5,108.0,44667.0,-1.3253,0.1133,98.0,-25.0,0.0,-2.0,-27.0,413.0,9.0,3.0,0.0,0.0,0.0,42.92,4.44,2.01
2018/04/26,414.0,416.0,410.0,413.0,112.0,46282.0,0.8547,0.1175,106.0,12.0,0.0,-12.0,0.0,412.0,1.0,2.0,0.0,0.0,0.0,43.29,4.48,2.0
2018/04/27,421.0,421.5,412.5,415.0,130.0,54021.0,0.4843,0.1364,121.0,-27.0,-7.0,-2.0,-36.0,411.0,1.0,2.0,0.0,0.0,0.0,43.5,4.5,1.99
2018/04/30,416.0,421.0,416.0,419.5,152.0,63607.0,1.0843,0.1595,142.0,21.0,4.0,0.0,25.0,405.0,1.0,7.0,0.0,0.0,0.0,43.97,4.55,1.97
2018/05/02,421.5,422.0,414.5,416.5,152.0,63287.0,-0.7151,0.1595,130.0,-31.0,0.0,0.0,-31.0,409.0,4.0,0.0,0.0,0.0,0.0,43.66,4.52,1.98
2018/05/03,419.0,419.0,412.5,412.5,110.0,45606.0,-0.9604,0.1154,102.0,-19.0,0.0,2.0,-17.0,413.0,4.0,0.0,0.0,0.0,0.0,43.24,4.48,2.0
2018/05/04,416.0,416.0,405.5,413.0,102.0,42012.0,0.1212,0.107,85.0,-20.0,0.0,0.0,-20.0,409.0,0.0,4.0,0.0,0.0,0.0,43.29,4.48,2.0
2018/05/07,417.0,417.0,412.0,413.0,119.0,49215.0,0.0,0.1249,111.0,-39.0,0.0,-2.0,-41.0,411.0,2.0,0.0,0.0,0.0,0.0,35.12,4.32,2.0
2018/05/08,414.0,419.0,412.0,418.0,250.0,104206.0,1.2107,0.2623,234.0,-95.0,57.0,2.0,-36.0,425.0,17.0,3.0,0.0,0.0,0.0,35.54,4.38,1.2
2018/05/09,421.0,436.5,419.0,430.0,202.0,86149.0,2.8708,0.212,197.0,43.0,2.0,9.0,54.0,428.0,10.0,7.0,0.0,0.0,0.0,36.56,4.5,1.16
2018/05/10,432.0,448.0,431.0,448.0,262.0,115436.0,4.186,0.2749,259.0,126.0,17.0,-5.0,138.0,401.0,2.0,29.0,0.0,4.0,4.0,38.1,4.69,1.12
2018/05/11,448.0,464.0,448.0,455.0,236.0,108008.0,1.5625,0.2476,213.0,65.0,21.0,0.0,86.0,400.0,2.0,3.0,0.0,4.0,0.0,38.69,4.76,1.1
2018/05/14,455.0,462.5,452.0,458.0,120.0,54894.0,0.6593,0.1259,109.0,4.0,0.0,1.0,5.0,402.0,4.0,2.0,0.0,4.0,0.0,38.95,4.79,1.09
2018/05/15,461.0,461.0,456.0,458.5,126.0,57809.0,0.1092,0.1322,115.0,31.0,0.0,3.0,34.0,403.0,4.0,3.0,0.0,4.0,0.0,38.99,4.8,1.09
2018/05/16,456.0,462.0,456.0,460.0,120.0,55223.0,0.3272,0.1259,113.0,19.0,0.0,-12.0,7.0,394.0,1.0,10.0,0.0,4.0,0.0,39.12,4.82,1.09
2018/05/17,462.0,463.0,446.0,454.5,120.0,54723.0,-1.1957,0.1259,106.0,17.0,0.0,2.0,19.0,384.0,1.0,11.0,0.0,4.0,0.0,38.65,4.76,1.1
2018/05/18,459.0,459.0,442.0,442.0,175.0,77963.0,-2.7503,0.1836,168.0,-6.0,0.0,1.0,-5.0,387.0,12.0,9.0,2.0,2.0,0.0,37.59,4.63,1.13
2018/05/21,446.0,465.0,444.0,459.0,173.0,79340.0,3.8462,0.1815,166.0,41.0,0.0,5.0,46.0,387.0,4.0,4.0,0.0,2.0,0.0,39.03,4.81,1.09
2018/05/22,459.0,459.0,451.5,455.0,142.0,64507.0,-0.8715,0.149,127.0,-6.0,0.0,-4.0,-10.0,390.0,5.0,2.0,0.0,2.0,0.0,38.69,4.76,1.1
2018/05/23,456.0,457.5,450.0,450.0,133.0,60152.0,-1.0989,0.1396,128.0,0.0,0.0,0.0,0.0,387.0,1.0,4.0,0.0,2.0,0.0,38.27,4.71,1.11
2018/05/24,454.0,457.0,444.0,448.0,116.0,51899.0,-0.4444,0.1217,104.0,-21.0,1.0,-2.0,-22.0,389.0,3.0,1.0,0.0,2.0,0.0,38.1,4.69,1.12
2018/05/25,450.0,451.5,444.5,448.0,109.0,48703.0,0.0,0.1144,91.0,-5.0,0.0,0.0,-5.0,383.0,0.0,6.0,0.0,3.0,1.0,38.1,4.69,1.12
2018/05/28,450.0,450.0,444.5,445.5,117.0,52621.0,-0.558,0.1228,94.0,-6.0,0.0,1.0,-5.0,378.0,0.0,5.0,0.0,3.0,0.0,37.88,4.66,1.12
2018/05/29,449.5,457.0,447.5,450.0,114.0,51427.0,1.0101,0.1196,111.0,-4.0,0.0,-1.0,-5.0,341.0,1.0,0.0,0.0,3.0,0.0,38.27,4.71,1.11
2018/05/30,451.0,457.5,441.0,443.0,131.0,58781.0,-1.5556,0.1375,115.0,-29.0,0.0,12.0,-17.0,314.0,10.0,10.0,1.0,2.0,0.0,37.67,4.64,1.13
2018/05/31,445.0,449.0,434.0,438.0,132.0,57916.0,-1.1287,0.1385,119.0,4.0,0.0,-16.0,-12.0,318.0,5.0,0.0,1.0,1.0,0.0,37.24,4.59,1.14
2018/06/01,443.0,444.0,438.5,440.0,148.0,65130.0,0.4566,0.1553,134.0,9.0,0.0,0.0,9.0,319.0,1.0,0.0,0.0,1.0,0.0,37.41,4.61,1.14
2018/06/04,440.0,446.5,427.0,430.5,188.0,81738.0,-2.1591,0.1973,186.0,2.0,-43.0,2.0,-39.0,325.0,8.0,1.0,1.0,0.0,0.0,36.61,4.51,1.16
2018/06/05,440.0,441.0,433.0,440.0,249.0,108972.0,2.2067,0.2613,243.0,45.0,0.0,0.0,45.0,331.0,8.0,2.0,0.0,0.0,0.0,37.41,4.61,1.14
2018/06/06,443.0,443.5,425.0,430.0,216.0,93108.0,-2.2727,0.2267,218.0,-1.0,-44.0,0.0,-45.0,338.0,14.0,7.0,0.0,0.0,0.0,36.56,4.5,1.16
2018/06/07,436.0,439.0,433.5,435.5,187.0,81456.0,1.2791,0.1962,187.0,49.0,0.0,-3.0,46.0,329.0,0.0,9.0,0.0,0.0,0.0,37.03,4.56,1.15
2018/06/08,439.0,444.5,437.5,443.0,189.0,83420.0,1.7222,0.1983,182.0,53.0,0.0,-1.0,52.0,328.0,3.0,4.0,0.0,0.0,0.0,37.67,4.64,1.13
2018/06/11,446.0,448.0,426.0,428.0,156.0,67667.0,-3.386,0.1637,161.0,-61.0,0.0,-1.0,-62.0,332.0,6.0,2.0,0.0,0.0,0.0,36.39,4.48,1.17
2018/06/12,434.0,434.5,427.0,430.0,162.0,69728.0,0.4673,0.17,160.0,-12.0,0.0,8.0,-4.0,332.0,0.0,0.0,0.0,0.0,0.0,36.56,4.5,1.16
2018/06/13,433.0,435.0,430.0,433.0,118.0,50994.0,0.6977,0.1238,108.0,7.0,0.0,0.0,7.0,331.0,0.0,1.0,0.0,0.0,0.0,36.82,4.53,1.15
2018/06/14,435.0,436.0,430.5,434.0,117.0,50757.0,0.2309,0.1228,115.0,24.0,0.0,-2.0,22.0,317.0,1.0,15.0,0.0,0.0,0.0,36.9,4.54,1.15
2018/06/15,437.0,437.0,431.0,431.0,96.0,41646.0,-0.6912,0.1007,84.0,-15.0,-3.0,0.0,-18.0,317.0,3.0,3.0,0.0,0.0,0.0,36.65,4.51,1.16
2018/06/19,431.5,431.5,420.5,423.0,130.0,55109.0,-1.8561,0.1364,129.0,11.0,0.0,-1.0,10.0,314.0,7.0,2.0,0.0,0.0,0.0,35.97,4.43,1.18
2018/06/20,423.0,429.0,421.0,429.0,98.0,41804.0,1.4184,0.1028,92.0,34.0,0.0,2.0,36.0,313.0,1.0,2.0,0.0,0.0,0.0,36.48,4.49,1.17
2018/06/21,433.0,433.0,430.0,433.0,106.0,45814.0,0.9324,0.1112,98.0,18.0,0.0,0.0,18.0,306.0,4.0,11.0,0.0,0.0,0.0,36.82,4.53,1.15
2018/06/22,433.0,439.0,433.0,437.0,133.0,58302.0,0.9238,0.1396,132.0,48.0,0.0,1.0,49.0,300.0,1.0,7.0,0.0,0.0,0.0,37.16,4.57,1.14
2018/06/25,437.5,444.0,431.0,431.5,175.0,76551.0,-1.2586,0.1836,172.0,-17.0,0.0,-2.0,-19.0,306.0,7.0,1.0,0.0,0.0,0.0,36.69,4.52,1.16
2018/06/26,434.0,440.0,432.5,435.0,231.0,100628.0,0.8111,0.2424,180.0,13.0,4.0,0.0,17.0,302.0,3.0,7.0,0.0,0.0,0.0,36.99,4.55,1.15
2018/06/27,439.0,440.0,425.0,428.5,140.0,60205.0,-1.4943,0.1469,137.0,-43.0,0.0,3.0,-40.0,300.0,1.0,3.0,0.0,0.0,0.0,36.44,4.49,1.17
2018/06/28,433.0,437.5,430.0,437.5,144.0,62191.0,2.1004,0.1511,134.0,-3.0,0.0,1.0,-2.0,298.0,0.0,2.0,0.0,0.0,0.0,37.2,4.58,1.14
2018/06/29,438.0,439.0,428.0,430.5,116.0,50053.0,-1.6,0.1217,92.0,-39.0,3.0,0.0,-36.0,298.0,1.0,1.0,0.0,0.0,0.0,36.61,4.51,1.16
2018/07/02,432.0,435.0,421.0,426.5,142.0,60471.0,-0.9292,0.149,138.0,-30.0,5.0,2.0,-23.0,290.0,3.0,11.0,0.0,0.0,0.0,36.27,4.47,1.17
2018/07/03,426.5,439.5,426.5,438.0,126.0,54506.0,2.6964,0.1322,122.0,19.0,4.0,1.0,24.0,295.0,8.0,3.0,0.0,6.0,6.0,37.24,4.59,1.14
2018/07/04,439.5,439.5,425.5,433.0,123.0,52779.0,-1.1416,0.1291,110.0,-19.0,0.0,3.0,-16.0,298.0,3.0,0.0,0.0,6.0,0.0,36.82,4.53,1.15
2018/07/05,434.0,437.5,426.0,428.5,103.0,44322.0,-1.0393,0.1081,104.0,4.0,0.0,0.0,4.0,297.0,0.0,1.0,0.0,7.0,1.0,36.44,4.49,1.17
2018/07/06,434.0,435.5,419.0,421.5,130.0,54911.0,-1.6336,0.1364,130.0,-20.0,0.0,0.0,-20.0,292.0,2.0,5.0,0.0,5.0,0.0,35.84,4.41,1.19
2018/07/09,420.5,424.5,413.0,424.5,143.0,59678.0,0.7117,0.1501,131.0,-6.0,-4.0,-9.0,-19.0,283.0,0.0,9.0,2.0,3.0,0.0,36.1,4.44,1.18
2018/07/10,429.0,430.0,412.5,415.5,127.0,53036.0,-2.1201,0.1333,127.0,-53.0,0.0,0.0,-53.0,288.0,12.0,7.0,3.0,0.0,0.0,35.33,4.35,1.2
2018/07/11,416.0,428.0,410.0,422.0,123.0,51639.0,1.5644,0.1291,112.0,27.0,0.0,-5.0,22.0,285.0,0.0,3.0,0.0,0.0,0.0,35.88,4.42,1.18
2018/07/12,425.5,427.5,414.5,417.0,115.0,48398.0,-1.1848,0.1207,114.0,-22.0,0.0,0.0,-22.0,288.0,3.0,0.0,0.0,0.0,0.0,35.46,4.37,1.2
2018/07/13,417.0,427.0,417.0,427.0,111.0,46660.0,2.3981,0.1165,102.0,26.0,0.0,0.0,26.0,288.0,0.0,0.0,0.0,0.0,0.0,36.31,4.47,1.17
2018/07/16,431.5,433.0,427.0,433.0,162.0,69499.0,1.4052,0.17,160.0,21.0,0.0,0.0,21.0,288.0,22.0,22.0,0.0,3.0,3.0,36.82,4.53,1.15
2018/07/17,435.5,435.5,421.0,423.5,113.0,48011.0,-2.194,0.1186,101.0,-20.0,-2.0,0.0,-22.0,290.0,2.0,0.0,3.0,0.0,0.0,36.01,4.43,1.18
2018/07/18,425.0,433.5,423.5,430.0,255.0,109795.0,1.5348,0.2676,192.0,40.0,0.0,9.0,49.0,291.0,3.0,2.0,0.0,0.0,0.0,36.56,4.5,1.16
2018/07/19,432.0,433.0,425.0,425.5,115.0,49313.0,-1.0465,0.1207,105.0,-7.0,0.0,-2.0,-9.0,293.0,2.0,0.0,0.0,0.0,0.0,36.18,4.45,1.18
2018/07/20,429.5,435.0,427.0,428.0,115.0,49392.0,0.5875,0.1207,82.0,-7.0,0.0,-2.0,-9.0,291.0,0.0,0.0,0.0,0.0,0.0,36.39,4.48,1.17
2018/07/23,429.5,432.0,425.5,429.5,107.0,45732.0,0.3505,0.1123,91.0,-1.0,0.0,0.0,-1.0,291.0,1.0,1.0,0.0,0.0,0.0,36.52,4.5,1.16
2018/07/24,429.0,429.0,423.5,426.0,110.0,46794.0,-0.8149,0.1154,90.0,-14.0,0.0,2.0,-12.0,291.0,0.0,0.0,0.0,0.0,0.0,36.22,4.46,1.17
2018/07/25,431.0,432.5,427.5,430.0,120.0,51782.0,0.939,0.1259,118.0,34.0,0.0,-1.0,33.0,291.0,0.0,0.0,0.0,3.0,3.0,36.56,4.5,1.16
2018/07/26,433.0,434.0,431.0,434.0,223.0,96478.0,0.9302,0.234,116.0,31.0,0.0,0.0,31.0,291.0,0.0,0.0,0.0,4.0,1.0,36.9,4.54,1.15
2018/07/27,435.0,445.0,432.0,445.0,216.0,94559.0,2.5346,0.2267,188.0,130.0,0.0,2.0,132.0,290.0,1.0,2.0,0.0,4.0,0.0,37.84,4.66,1.12
2018/07/30,445.0,445.0,427.0,427.0,128.0,55409.0,-4.0449,0.1343,120.0,-59.0,0.0,-1.0,-60.0,294.0,4.0,0.0,4.0,0.0,0.0,36.31,4.47,1.17
2018/07/31,429.5,430.0,420.0,422.0,138.0,58577.0,-1.171,0.1448,129.0,-43.0,0.0,0.0,-43.0,293.0,6.0,1.0,0.0,0.0,0.0,35.88,4.42,1.18
2018/08/01,430.0,431.0,423.5,429.5,127.0,54233.0,1.7773,0.1333,124.0,43.0,0.0,0.0,43.0,264.0,1.0,7.0,0.0,0.0,0.0,36.52,4.5,1.16
2018/08/02,429.5,430.0,423.0,427.0,115.0,48999.0,-0.5821,0.1207,94.0,-9.0,0.0,0.0,-9.0,263.0,0.0,1.0,0.0,0.0,0.0,36.31,4.47,1.17
2018/08/03,428.0,429.5,422.5,428.0,129.0,54823.0,0.2342,0.1354,110.0,-18.0,0.0,1.0,-17.0,262.0,0.0,1.0,0.0,0.0,0.0,36.39,4.48,1.17
2018/08/06,433.0,433.0,429.0,430.0,134.0,57642.0,0.4673,0.1406,125.0,-2.0,0.0,0.0,-2.0,272.0,10.0,0.0,0.0,0.0,0.0,36.56,4.5,1.16
2018/08/07,432.0,435.0,432.0,433.5,138.0,59823.0,0.814,0.1448,114.0,6.0,0.0,0.0,6.0,270.0,0.0,0.0,0.0,0.0,0.0,26.76,4.49,1.15
2018/08/08,430.0,430.0,412.0,413.0,290.0,121200.0,-4.729,0.3043,284.0,-152.0,-4.0,3.0,-153.0,281.0,11.0,0.0,0.0,0.0,0.0,25.49,4.28,1.21
2018/08/09,413.5,413.5,405.0,412.5,134.0,54691.0,-0.1211,0.1406,133.0,-63.0,0.0,1.0,-62.0,283.0,2.0,0.0,0.0,0.0,0.0,25.46,4.28,1.21
2018/08/10,412.0,412.0,406.0,410.0,129.0,52872.0,-0.6061,0.1354,134.0,-6.0,0.0,0.0,-6.0,284.0,1.0,0.0,0.0,0.0,0.0,25.31,4.25,1.22
2018/08/13,412.0,412.0,409.0,411.0,127.0,52134.0,0.2439,0.1333,122.0,45.0,0.0,2.0,47.0,283.0,1.0,2.0,0.0,0.0,0.0,25.37,4.26,1.22
2018/08/14,411.5,414.0,407.5,410.0,84.0,34498.0,-0.2433,0.0881,83.0,-19.0,0.0,0.0,-19.0,283.0,0.0,0.0,0.0,0.0,0.0,25.31,4.25,1.22
2018/08/15,410.0,415.0,408.0,408.0,77.0,31677.0,-0.4878,0.0808,76.0,-18.0,0.0,-2.0,-20.0,282.0,0.0,1.0,0.0,0.0,0.0,25.19,4.23,1.23
2018/08/16,407.0,407.5,403.0,404.0,81.0,32788.0,-0.9804,0.085,74.0,-27.0,0.0,0.0,-27.0,281.0,0.0,1.0,0.0,0.0,0.0,24.94,4.19,1.24
2018/08/17,407.0,407.5,399.5,404.0,289.0,115854.0,0.0,0.3033,58.0,-19.0,0.0,1.0,-18.0,280.0,2.0,3.0,0.0,0.0,0.0,24.94,4.19,1.24
2018/08/20,406.5,410.5,404.5,409.5,100.0,40796.0,1.3614,0.1049,78.0,-5.0,0.0,-1.0,-6.0,276.0,0.0,4.0,0.0,0.0,0.0,25.28,4.24,1.22
2018/08/21,413.0,415.5,405.0,411.0,115.0,47242.0,0.3663,0.1207,100.0,-15.0,0.0,0.0,-15.0,277.0,1.0,0.0,0.0,0.0,0.0,25.37,4.26,1.22
2018/08/22,415.0,416.0,407.5,411.5,105.0,43323.0,0.1217,0.1102,93.0,-10.0,0.0,-7.0,-17.0,278.0,1.0,0.0,0.0,0.0,0.0,25.4,4.27,1.22
2018/08/23,407.0,414.0,407.0,412.0,92.0,37804.0,0.1215,0.0965,77.0,-10.0,0.0,0.0,-10.0,278.0,0.0,0.0,0.0,0.0,0.0,25.43,4.27,1.21
2018/08/24,412.5,416.0,412.5,414.5,95.0,39357.0,0.6068,0.0997,96.0,21.0,3.0,0.0,24.0,276.0,0.0,2.0,0.0,0.0,0.0,25.59,4.3,1.21
2018/08/27,414.5,416.0,407.5,407.5,88.0,36162.0,-1.6888,0.0923,73.0,-23.0,0.0,0.0,-23.0,279.0,4.0,1.0,0.0,0.0,0.0,25.15,4.22,1.23
2018/08/28,407.5,408.5,404.5,406.0,121.0,49337.0,-0.3681,0.127,118.0,-14.0,0.0,4.0,-10.0,287.0,9.0,1.0,0.0,0.0,0.0,25.06,4.21,1.23
2018/08/29,403.0,409.0,399.0,403.5,120.0,48335.0,0.6158,0.1259,115.0,-27.0,0.0,-8.0,-35.0,292.0,6.0,1.0,0.0,0.0,0.0,24.91,4.18,1.24
2018/08/30,406.0,406.5,396.0,398.5,98.0,39272.0,-1.2392,0.1028,97.0,-14.0,0.0,1.0,-13.0,297.0,6.0,1.0,0.0,0.0,0.0,24.6,4.13,1.25
2018/08/31,398.5,400.0,390.5,391.0,116.0,45868.0,-1.8821,0.1217,122.0,0.0,-7.0,-1.0,-8.0,262.0,5.0,18.0,0.0,0.0,0.0,24.14,4.05,1.28
2018/09/03,394.0,394.0,387.0,389.0,121.0,47345.0,-0.5115,0.127,117.0,14.0,0.0,0.0,14.0,256.0,0.0,6.0,0.0,0.0,0.0,24.01,4.03,1.29
2018/09/04,394.0,396.0,389.0,391.5,126.0,49355.0,0.6427,0.1322,125.0,31.0,-10.0,0.0,21.0,255.0,1.0,2.0,0.0,0.0,0.0,24.17,4.06,1.28
2018/09/05,393.0,393.0,388.0,391.5,107.0,41816.0,0.0,0.1123,104.0,2.0,0.0,1.0,3.0,256.0,4.0,3.0,0.0,0.0,0.0,24.17,4.06,1.28
2018/09/06,391.5,391.5,385.0,390.0,138.0,53452.0,-0.3831,0.1448,136.0,22.0,0.0,0.0,22.0,254.0,5.0,7.0,0.0,5.0,5.0,24.07,4.04,1.28
2018/09/07,392.0,396.5,385.0,389.0,101.0,39434.0,-0.2564,0.106,96.0,-1.0,0.0,-1.0,-2.0,250.0,1.0,5.0,0.0,5.0,0.0,24.01,4.03,1.29
2018/09/10,393.0,394.0,384.0,385.0,106.0,40888.0,-1.0283,0.1112,90.0,-13.0,0.0,3.0,-10.0,251.0,2.0,1.0,5.0,0.0,0.0,23.77,3.99,1.3
2018/09/11,385.0,389.0,383.0,385.0,101.0,38827.0,0.0,0.106,88.0,11.0,0.0,-1.0,10.0,240.0,2.0,13.0,0.0,0.0,0.0,23.77,3.99,1.3
2018/09/12,388.0,389.5,380.5,384.0,100.0,38759.0,-0.2597,0.1049,98.0,-10.0,0.0,0.0,-10.0,240.0,0.0,0.0,0.0,0.0,0.0,23.7,3.98,1.3
2018/09/13,386.5,387.0,380.0,383.0,97.0,37127.0,-0.2604,0.1018,89.0,20.0,0.0,0.0,20.0,240.0,0.0,0.0,0.0,0.0,0.0,23.64,3.97,1.31
2018/09/14,384.5,387.5,383.5,387.0,110.0,42365.0,1.0444,0.1154,107.0,48.0,0.0,2.0,50.0,239.0,0.0,1.0,0.0,0.0,0.0,23.89,4.01,1.29
2018/09/17,389.5,391.0,387.0,391.0,73.0,28436.0,1.0336,0.0766,60.0,1.0,0.0,0.0,1.0,238.0,0.0,1.0,0.0,0.0,0.0,24.14,4.05,1.28
2018/09/18,391.0,393.0,386.0,390.0,94.0,36857.0,-0.2558,0.0986,90.0,-2.0,0.0,0.0,-2.0,238.0,0.0,0.0,0.0,0.0,0.0,24.07,4.04,1.28
2018/09/19,392.0,393.5,387.0,389.5,115.0,44806.0,-0.1282,0.1207,109.0,2.0,0.0,1.0,3.0,202.0,0.0,1.0,0.0,0.0,0.0,24.04,4.04,1.28
2018/09/20,392.0,394.0,389.5,390.0,92.0,36074.0,0.1284,0.0965,91.0,-5.0,0.0,-1.0,-6.0,201.0,0.0,1.0,0.0,0.0,0.0,24.07,4.04,1.28
2018/09/21,393.0,395.0,390.5,391.0,77.0,30193.0,0.2564,0.0808,71.0,-6.0,-1.0,1.0,-6.0,198.0,0.0,3.0,0.0,1.0,1.0,24.14,4.05,1.28
2018/09/25,393.5,394.0,390.5,393.0,84.0,32937.0,0.5115,0.0881,76.0,-5.0,0.0,-1.0,-6.0,198.0,0.0,0.0,0.0,1.0,0.0,24.26,4.07,1.27
2018/09/26,394.5,394.5,389.0,391.0,93.0,36411.0,-0.5089,0.0976,85.0,5.0,0.0,0.0,5.0,198.0,0.0,0.0,0.0,2.0,1.0,24.14,4.05,1.28
2018/09/27,393.0,393.0,386.0,386.0,84.0,32712.0,-1.2788,0.0881,71.0,10.0,0.0,2.0,12.0,186.0,0.0,12.0,0.0,2.0,0.0,23.83,4.0,1.3
2018/09/28,389.5,402.0,388.0,401.0,193.0,76615.0,3.886,0.2025,185.0,78.0,0.0,-1.0,77.0,183.0,1.0,4.0,0.0,6.0,4.0,24.75,4.16,1.25
2018/10/01,407.0,407.0,395.5,395.5,136.0,54439.0,-1.3716,0.1427,135.0,-17.0,0.0,1.0,-16.0,187.0,17.0,1.0,0.0,6.0,0.0,24.41,4.1,1.26
2018/10/02,397.5,400.0,393.0,397.5,447.0,177164.0,0.5057,0.4691,95.0,0.0,0.0,-2.0,-2.0,188.0,6.0,5.0,0.0,7.0,1.0,24.54,4.12,1.26
2018/10/03,397.5,401.0,389.5,391.5,103.0,40812.0,-1.5094,0.1081,88.0,-7.0,0.0,-1.0,-8.0,187.0,6.0,7.0,0.0,7.0,0.0,24.17,4.06,1.28
2018/10/04,398.0,398.0,376.0,382.0,93.0,35755.0,-2.4266,0.0976,91.0,-24.0,0.0,-2.0,-26.0,170.0,7.0,21.0,6.0,2.0,1.0,23.58,3.96,1.31
2018/10/05,384.0,384.0,370.5,373.5,105.0,39595.0,-2.2251,0.1102,93.0,-39.0,0.0,2.0,-37.0,169.0,0.0,1.0,1.0,4.0,3.0,23.06,3.87,1.34
2018/10/08,382.0,382.0,374.0,377.0,83.0,31250.0,0.9371,0.0871,68.0,-15.0,0.0,-8.0,-23.0,169.0,0.0,0.0,0.0,4.0,0.0,23.27,3.91,1.33
2018/10/09,379.5,382.0,371.0,373.5,107.0,40221.0,-0.9284,0.1123,101.0,-36.0,10.0,-1.0,-27.0,159.0,0.0,1.0,0.0,4.0,0.0,23.06,3.87,1.34
2018/10/11,371.5,371.5,351.0,360.0,78.0,28029.0,-3.6145,0.0818,77.0,-5.0,0.0,-8.0,-13.0,154.0,0.0,5.0,4.0,2.0,2.0,22.22,3.73,1.39
2018/10/12,372.0,374.0,356.0,358.0,79.0,28526.0,-0.5556,0.0829,73.0,-32.0,0.0,1.0,-31.0,149.0,2.0,0.0,0.0,2.0,0.0,22.1,3.71,1.4
2018/10/15,358.0,367.5,358.0,363.0,93.0,33554.0,1.3966,0.0976,77.0,-24.0,0.0,-2.0,-26.0,150.0,2.0,1.0,0.0,2.0,0.0,22.41,3.76,1.38
2018/10/16,367.5,368.5,356.0,363.0,103.0,37118.0,0.0,0.1081,88.0,-31.0,0.0,-2.0,-33.0,149.0,1.0,2.0,0.0,2.0,0.0,22.41,3.76,1.38
2018/10/17,369.0,371.5,367.0,369.0,98.0,36163.0,1.6529,0.1028,88.0,-9.0,0.0,2.0,-7.0,147.0,1.0,3.0,0.0,2.0,0.0,22.78,3.82,1.36
2018/10/18,370.0,370.5,357.0,357.0,79.0,28990.0,-3.252,0.0829,81.0,-29.0,0.0,1.0,-28.0,136.0,2.0,13.0,0.0,2.0,0.0,22.04,3.7,1.4
2018/10/19,361.0,363.5,357.0,360.0,165.0,59395.0,0.8403,0.1731,132.0,-20.0,0.0,-2.0,-22.0,135.0,1.0,2.0,0.0,10.0,8.0,22.22,3.73,1.39
2018/10/22,365.0,365.0,351.5,352.0,87.0,31069.0,-2.2222,0.0913,83.0,-38.0,0.0,0.0,-38.0,137.0,2.0,0.0,0.0,10.0,0.0,21.73,3.65,1.42
2018/10/23,357.0,360.0,346.5,346.5,88.0,31079.0,-1.5625,0.0923,91.0,-40.0,0.0,2.0,-38.0,137.0,0.0,0.0,0.0,10.0,0.0,21.39,3.59,1.44
2018/10/24,349.0,356.0,339.5,350.5,107.0,37099.0,1.1544,0.1123,103.0,-14.0,0.0,0.0,-14.0,137.0,1.0,0.0,2.0,8.0,0.0,21.64,3.63,1.43
2018/10/25,347.0,350.5,346.0,350.5,78.0,27143.0,0.0,0.0818,75.0,-11.0,0.0,-6.0,-17.0,135.0,0.0,2.0,1.0,7.0,0.0,21.64,3.63,1.43
2018/10/26,350.5,357.0,334.5,340.5,75.0,25749.0,-2.8531,0.0787,67.0,-24.0,0.0,-1.0,-25.0,136.0,6.0,5.0,2.0,6.0,1.0,21.02,3.53,1.47
2018/10/29,338.0,344.0,310.0,311.0,160.0,51120.0,-8.6637,0.1679,159.0,-31.0,0.0,2.0,-29.0,134.0,12.0,14.0,0.0,6.0,0.0,19.2,3.22,1.61
2018/10/30,314.0,315.0,284.5,294.5,283.0,84143.0,-5.3055,0.297,275.0,86.0,-14.0,-1.0,71.0,61.0,12.0,85.0,2.0,7.0,3.0,18.18,3.05,1.7
2018/10/31,309.0,321.5,298.0,321.5,244.0,75175.0,9.1681,0.256,243.0,74.0,0.0,-7.0,67.0,52.0,5.0,13.0,1.0,6.0,0.0,19.85,3.33,1.56
2018/11/01,322.0,330.0,321.5,322.0,132.0,42810.0,0.1555,0.1385,132.0,-11.0,0.0,-5.0,-16.0,50.0,1.0,3.0,1.0,5.0,0.0,19.88,3.34,1.55
2018/11/02,330.0,340.0,325.5,332.5,134.0,44536.0,3.2609,0.1406,135.0,-37.0,2.0,-1.0,-36.0,56.0,9.0,3.0,2.0,3.0,0.0,20.52,3.45,1.5
2018/11/05,332.0,332.0,323.5,327.5,132.0,43030.0,-1.5038,0.1385,127.0,-27.0,3.0,0.0,-24.0,57.0,1.0,0.0,2.0,1.0,0.0,20.22,3.39,1.53
2018/11/06,331.0,331.0,315.0,316.0,152.0,48609.0,-3.5115,0.1595,143.0,-21.0,0.0,-1.0,-22.0,59.0,5.0,3.0,0.0,1.0,0.0,19.51,3.28,1.58
2018/11/07,320.0,330.0,320.0,330.0,116.0,37589.0,4.4304,0.1217,117.0,16.0,0.0,1.0,17.0,55.0,0.0,4.0,0.0,1.0,0.0,19.53,3.28,1.52
2018/11/08,335.5,339.5,333.0,334.0,124.0,41725.0,1.2121,0.1301,127.0,-21.0,20.0,0.0,-1.0,48.0,2.0,9.0,0.0,1.0,0.0,19.76,3.32,1.5
2018/11/09,339.0,339.0,325.0,325.0,94.0,31163.0,-2.6946,0.0986,87.0,-19.0,0.0,3.0,-16.0,45.0,5.0,8.0,0.0,3.0,2.0,19.23,3.23,1.54
2018/11/12,331.5,331.5,323.0,327.0,82.0,26760.0,0.6154,0.086,81.0,-3.0,0.0,-1.0,-4.0,41.0,0.0,4.0,0.0,3.0,0.0,19.35,3.25,1.53
2018/11/13,328.0,328.0,323.5,327.0,151.0,49129.0,0.0,0.1585,144.0,28.0,0.0,-3.0,25.0,52.0,11.0,0.0,0.0,3.0,0.0,19.35,3.25,1.53
2018/11/14,332.0,332.5,328.0,331.0,73.0,24109.0,1.2232,0.0766,70.0,-6.0,0.0,0.0,-6.0,49.0,0.0,3.0,0.0,3.0,0.0,19.59,3.29,1.51
2018/11/15,336.0,336.0,319.0,325.5,148.0,47791.0,-1.6616,0.1553,138.0,-39.0,0.0,-1.0,-40.0,54.0,5.0,0.0,0.0,3.0,0.0,19.26,3.23,1.54
2018/11/16,329.0,329.0,319.5,319.5,128.0,41434.0,-1.8433,0.1343,124.0,-17.0,0.0,1.0,-16.0,61.0,7.0,0.0,0.0,4.0,1.0,18.91,3.17,1.56
2018/11/19,322.5,337.5,320.0,335.5,181.0,59551.0,5.0078,0.1899,184.0,65.0,0.0,-1.0,64.0,49.0,7.0,19.0,0.0,4.0,0.0,19.85,3.33,1.49
2018/11/20,337.0,337.0,327.5,332.0,154.0,50930.0,-1.0432,0.1616,153.0,-10.0,0.0,2.0,-8.0,47.0,1.0,3.0,0.0,4.0,0.0,19.64,3.3,1.51
2018/11/21,335.0,335.0,331.0,333.0,125.0,41553.0,0.3012,0.1312,121.0,-24.0,0.0,17.0,-7.0,48.0,2.0,1.0,0.0,4.0,0.0,19.7,3.31,1.5
2018/11/22,337.5,338.0,327.0,330.0,133.0,43924.0,-0.9009,0.1396,124.0,-14.0,0.0,0.0,-14.0,51.0,6.0,3.0,0.0,4.0,0.0,19.53,3.28,1.52
2018/11/23,334.5,335.0,323.0,325.5,106.0,34795.0,-1.3636,0.1112,102.0,-32.0,0.0,-4.0,-36.0,54.0,4.0,1.0,1.0,3.0,0.0,19.26,3.23,1.54
2018/11/26,330.0,330.0,322.0,325.5,121.0,39455.0,0.0,0.127,111.0,-22.0,0.0,0.0,-22.0,46.0,1.0,9.0,0.0,3.0,0.0,19.26,3.23,1.54
2018/11/27,330.5,331.0,325.5,329.0,116.0,38042.0,1.0753,0.1217,115.0,-3.0,1.0,0.0,-2.0,50.0,5.0,1.0,0.0,3.0,0.0,19.47,3.27,1.52
2018/11/28,332.0,336.0,329.0,336.0,169.0,56075.0,2.1277,0.1773,174.0,17.0,0.0,0.0,17.0,57.0,10.0,3.0,0.0,3.0,0.0,19.88,3.34,1.49
2018/11/29,343.0,343.0,332.0,337.0,178.0,59785.0,0.2976,0.1868,179.0,-59.0,0.0,4.0,-55.0,92.0,39.0,4.0,0.0,3.0,0.0,19.94,3.35,1.48
2018/11/30,343.0,354.0,335.5,335.5,470.0,161230.0,-0.4451,0.4932,431.0,-147.0,23.0,12.0,-112.0,114.0,48.0,25.0,0.0,3.0,0.0,19.85,3.33,1.49
2018/12/03,341.0,352.0,339.0,349.0,503.0,174860.0,4.0238,0.5278,435.0,-128.0,79.0,-6.0,-55.0,122.0,35.0,27.0,0.0,3.0,0.0,20.65,3.47,1.43
2018/12/04,349.0,350.0,346.0,347.0,382.0,133190.0,-0.5731,0.4009,305.0,-141.0,25.0,0.0,-116.0,138.0,24.0,8.0,0.0,3.0,0.0,20.53,3.45,1.44
2018/12/05,345.5,345.5,335.5,337.5,350.0,118473.0,-2.7378,0.3673,258.0,-124.0,50.0,0.0,-74.0,144.0,17.0,11.0,0.0,3.0,0.0,19.97,3.35,1.48
2018/12/06,339.5,341.0,322.0,322.0,253.0,83312.0,-4.5926,0.2655,235.0,-53.0,25.0,-4.0,-32.0,137.0,8.0,15.0,0.0,3.0,0.0,19.05,3.2,1.55
2018/12/07,327.0,329.5,324.0,327.0,212.0,69228.0,1.5528,0.2225,200.0,-29.0,0.0,0.0,-29.0,148.0,13.0,2.0,0.0,3.0,0.0,19.35,3.25,1.53
2018/12/10,329.5,331.0,326.5,329.0,272.0,89531.0,0.6116,0.2854,239.0,0.0,25.0,0.0,25.0,146.0,9.0,11.0,0.0,3.0,0.0,19.47,3.27,1.52
2018/12/11,336.0,336.0,329.0,331.5,203.0,67138.0,0.7599,0.213,180.0,-54.0,0.0,0.0,-54.0,149.0,5.0,2.0,0.0,3.0,0.0,19.62,3.29,1.51
2018/12/12,333.0,333.0,326.0,326.0,216.0,70896.0,-1.6591,0.2267,201.0,-51.0,1.0,0.0,-50.0,161.0,13.0,1.0,0.0,3.0,0.0,19.29,3.24,1.53
2018/12/13,327.0,328.5,324.0,328.0,221.0,72153.0,0.6135,0.2319,210.0,-15.0,25.0,1.0,11.0,150.0,0.0,11.0,0.0,3.0,0.0,19.41,3.26,1.52
2018/12/14,327.0,333.5,327.0,328.5,277.0,91248.0,0.1524,0.2907,272.0,-11.0,0.0,1.0,-10.0,153.0,4.0,1.0,0.0,3.0,0.0,19.44,3.26,1.52
2018/12/17,328.0,331.5,327.5,329.0,230.0,75713.0,0.1522,0.2414,222.0,-37.0,16.0,0.0,-21.0,149.0,2.0,5.0,0.0,3.0,0.0,19.47,3.27,1.52
2018/12/18,329.0,332.0,326.0,327.5,185.0,60927.0,-0.4559,0.1941,180.0,-15.0,0.0,5.0,-10.0,151.0,11.0,9.0,0.0,3.0,0.0,19.38,3.25,1.53
2018/12/19,328.0,329.0,314.0,316.0,281.0,89661.0,-3.5115,0.2949,266.0,-84.0,0.0,3.0,-81.0,163.0,18.0,6.0,0.0,3.0,0.0,18.7,3.14,1.58
2018/12/20,316.0,316.0,305.5,309.5,297.0,91948.0,-2.057,0.3117,196.0,2.0,25.0,0.0,27.0,152.0,8.0,19.0,0.0,3.0,0.0,18.31,3.08,1.62
2018/12/21,312.0,314.0,306.5,308.5,200.0,62020.0,-0.3231,0.2099,186.0,-6.0,0.0,4.0,-2.0,158.0,8.0,2.0,0.0,3.0,0.0,18.25,3.07,1.62
2018/12/22,313.0,313.0,308.5,310.0,130.0,40313.0,0.4862,0.1364,116.0,0.0,0.0,-4.0,-4.0,155.0,1.0,4.0,0.0,6.0,3.0,18.34,3.08,1.61
2018/12/24,311.0,311.0,302.0,305.0,192.0,58745.0,-1.6129,0.2015,183.0,-24.0,1.0,0.0,-23.0,151.0,13.0,17.0,0.0,8.0,2.0,18.05,3.03,1.64
2018/12/25,303.0,308.0,300.0,307.5,132.0,40190.0,0.8197,0.1385,118.0,11.0,0.0,-2.0,9.0,143.0,3.0,11.0,2.0,6.0,0.0,18.2,3.06,1.63
2018/12/26,308.5,314.0,306.5,306.5,166.0,51369.0,-0.3252,0.1742,161.0,-13.0,0.0,-1.0,-14.0,135.0,2.0,10.0,0.0,6.0,0.0,18.14,3.05,1.63
2018/12/27,315.0,315.0,302.0,306.0,255.0,78375.0,-0.1631,0.2676,234.0,-83.0,0.0,0.0,-83.0,150.0,15.0,0.0,0.0,6.0,0.0,18.11,3.04,1.63
2018/12/28,308.0,320.5,305.0,320.0,282.0,88089.0,4.5752,0.2959,281.0,73.0,13.0,-1.0,85.0,120.0,4.0,34.0,1.0,5.0,0.0,18.93,3.18,1.56
2019/01/02,321.5,327.0,312.0,314.0,205.0,65235.0,-1.875,0.2151,202.0,-48.0,0.0,2.0,-46.0,133.0,24.0,11.0,0.0,5.0,0.0,18.58,3.12,1.59
2019/01/03,318.5,324.0,315.0,324.0,446.0,143253.0,3.1847,0.468,305.0,124.0,6.0,-3.0,127.0,115.0,3.0,21.0,0.0,5.0,0.0,19.17,3.22,1.54
2019/01/04,327.0,337.0,325.5,334.0,356.0,117855.0,3.0864,0.3736,334.0,87.0,6.0,-4.0,89.0,112.0,10.0,13.0,0.0,14.0,9.0,19.76,3.32,1.5
2019/01/07,340.0,341.0,334.0,340.0,231.0,78090.0,1.7964,0.2424,215.0,38.0,0.0,0.0,38.0,128.0,22.0,6.0,0.0,14.0,0.0,20.12,3.38,1.47
2019/01/08,343.0,354.0,342.0,344.5,489.0,169893.0,1.3235,0.5131,429.0,166.0,0.0,0.0,166.0,97.0,15.0,46.0,0.0,15.0,1.0,20.38,3.42,1.45
2019/01/09,349.0,351.5,347.0,349.0,235.0,82150.0,1.3062,0.2466,208.0,31.0,0.0,5.0,36.0,87.0,2.0,12.0,0.0,15.0,0.0,20.65,3.47,1.43
2019/01/10,353.5,363.0,353.0,358.5,951.0,341062.0,2.7221,0.9979,315.0,67.0,0.0,10.0,77.0,95.0,21.0,13.0,0.0,15.0,0.0,21.21,3.56,1.39
2019/01/11,361.0,361.0,340.5,349.0,318.0,111305.0,-2.6499,0.3337,262.0,-62.0,-13.0,5.0,-70.0,84.0,12.0,23.0,0.0,15.0,0.0,20.65,3.47,1.43
2019/01/14,349.5,353.0,341.0,345.0,173.0,59857.0,-1.1461,0.1815,154.0,-18.0,-12.0,0.0,-30.0,89.0,5.0,0.0,0.0,15.0,0.0,20.41,3.43,1.45
2019/01/15,347.5,353.0,344.0,347.5,151.0,52430.0,0.7246,0.1585,140.0,-19.0,0.0,1.0,-18.0,89.0,3.0,3.0,0.0,15.0,0.0,20.56,3.45,1.44
2019/01/16,350.0,352.5,343.0,343.5,172.0,59792.0,-1.1511,0.1805,154.0,-46.0,0.0,5.0,-41.0,97.0,14.0,6.0,2.0,13.0,0.0,20.33,3.41,1.46
2019/01/17,346.0,348.5,331.0,339.5,196.0,66261.0,-1.1645,0.2057,192.0,-18.0,0.0,-12.0,-30.0,90.0,4.0,11.0,0.0,13.0,0.0,20.09,3.37,1.47
2019/01/18,342.0,345.0,339.5,342.5,163.0,55588.0,0.8837,0.171,137.0,-34.0,0.0,2.0,-32.0,89.0,0.0,1.0,0.0,13.0,0.0,20.27,3.4,1.46
2019/01/21,342.5,345.0,342.5,343.5,269.0,92298.0,0.292,0.2823,240.0,36.0,-1.0,5.0,40.0,89.0,0.0,0.0,0.0,13.0,0.0,20.33,3.41,1.46
2019/01/22,344.0,345.0,336.5,339.0,154.0,52273.0,-1.31,0.1616,150.0,-29.0,0.0,1.0,-28.0,92.0,6.0,3.0,0.0,13.0,0.0,20.06,3.37,1.47
2019/01/23,339.0,340.0,336.0,339.5,159.0,53763.0,0.1475,0.1668,152.0,12.0,0.0,-2.0,10.0,86.0,0.0,6.0,2.0,11.0,0.0,20.09,3.37,1.47
2019/01/24,343.0,346.0,339.5,342.5,263.0,90084.0,0.8837,0.276,154.0,-13.0,4.0,-2.0,-11.0,81.0,5.0,10.0,3.0,8.0,0.0,20.27,3.4,1.46
2019/01/25,344.0,345.0,342.0,345.0,175.0,60082.0,0.7299,0.1836,164.0,-26.0,0.0,-2.0,-28.0,89.0,8.0,0.0,0.0,8.0,0.0,20.41,3.43,1.45
2019/01/28,347.0,349.0,344.0,345.5,212.0,73228.0,0.1449,0.2225,152.0,-25.0,0.0,0.0,-25.0,110.0,22.0,1.0,0.0,8.0,0.0,20.44,3.43,1.45
2019/01/29,343.0,343.0,336.5,340.0,108.0,36552.0,-1.5919,0.1133,109.0,-11.0,0.0,6.0,-5.0,95.0,6.0,21.0,4.0,5.0,1.0,20.12,3.38,1.47
2019/01/30,342.0,344.0,340.5,343.0,182.0,62262.0,0.8824,0.191,167.0,47.0,5.0,0.0,52.0,86.0,1.0,10.0,0.0,5.0,0.0,20.3,3.41,1.46
2019/02/11,345.0,347.0,338.5,343.0,109.0,37267.0,0.0,0.1144,109.0,-17.0,0.0,0.0,-17.0,90.0,4.0,0.0,0.0,5.0,0.0,20.3,3.41,1.46
2019/02/12,344.5,345.0,341.5,341.5,93.0,32006.0,-0.4373,0.0976,91.0,-22.0,-11.0,0.0,-33.0,106.0,18.0,2.0,0.0,5.0,0.0,20.21,3.39,1.46
2019/02/13,351.5,351.5,343.0,345.0,609.0,209932.0,1.0249,0.6391,292.0,-20.0,0.0,2.0,-18.0,128.0,27.0,5.0,0.0,5.0,0.0,20.41,3.43,1.45
2019/02/14,346.5,348.0,344.5,346.0,432.0,149475.0,0.2899,0.4533,222.0,37.0,0.0,5.0,42.0,119.0,9.0,18.0,0.0,5.0,0.0,20.47,3.44,1.45
2019/02/15,346.0,347.5,341.5,343.0,403.0,138503.0,-0.8671,0.4229,170.0,53.0,-15.0,-2.0,36.0,125.0,9.0,3.0,0.0,5.0,0.0,20.3,3.41,1.46
2019/02/18,346.0,349.0,340.5,341.0,166.0,56928.0,-0.5831,0.1742,154.0,14.0,0.0,-2.0,12.0,136.0,15.0,4.0,0.0,5.0,0.0,20.1775,3.39,1.47
2019/02/19,344.0,346.0,338.5,339.5,150.0,51226.0,-0.4399,0.1574,130.0,-9.0,0.0,-1.0,-10.0,146.0,15.0,5.0,0.0,5.0,0.0,20.09,3.37,1.47
2019/02/20,344.0,344.0,333.0,333.0,328.0,110327.0,-1.9146,0.3442,316.0,-8.0,-22.0,-6.0,-36.0,156.0,28.0,17.0,0.0,5.0,0.0,19.7,3.31,1.5
2019/02/21,336.5,338.0,331.0,332.5,231.0,77189.0,-0.1502,0.2424,211.0,-10.0,0.0,2.0,-8.0,150.0,7.0,13.0,0.0,5.0,0.0,19.6746,3.3,1.5
2019/02/22,335.0,336.5,324.5,327.0,209.0,68757.0,-1.6541,0.2193,188.0,-44.0,0.0,0.0,-44.0,157.0,15.0,8.0,0.0,5.0,0.0,19.3491,3.25,1.53
2019/02/25,327.0,334.0,326.5,330.0,261.0,85925.0,0.9174,0.2739,246.0,2.0,0.0,4.0,6.0,176.0,22.0,3.0,0.0,5.0,0.0,19.53,3.28,1.52
2019/02/26,333.0,337.0,331.0,332.5,422.0,140767.0,0.7576,0.4428,380.0,-175.0,10.0,-3.0,-168.0,192.0,32.0,16.0,0.0,5.0,0.0,19.67,3.3,1.5
2019/02/27,335.5,336.5,328.5,335.0,263.0,87195.0,0.7519,0.276,239.0,-39.0,0.0,2.0,-37.0,187.0,2.0,7.0,0.0,5.0,0.0,17.97,3.17,1.49
2019/03/04,338.0,341.5,337.5,340.0,892.0,303178.0,1.4925,0.936,811.0,-60.0,0.0,0.0,-60.0,180.0,26.0,33.0,0.0,5.0,0.0,18.2403,3.22,1.47
2019/03/05,342.0,344.0,338.5,340.0,636.0,216421.0,0.0,0.6674,579.0,51.0,0.0,-5.0,46.0,166.0,3.0,17.0,0.0,5.0,0.0,18.24,3.22,1.47
2019/03/06,345.0,346.0,342.5,345.5,806.0,277821.0,1.6176,0.8458,726.0,-96.0,8.0,-4.0,-92.0,165.0,21.0,22.0,0.0,5.0,0.0,18.5354,3.27,1.45
2019/03/07,347.0,347.0,340.5,343.5,473.0,162348.0,-0.5789,0.4963,396.0,-182.0,37.0,-1.0,-146.0,154.0,3.0,14.0,0.0,5.0,0.0,18.4281,3.25,1.46
2019/03/08,339.5,340.0,337.0,340.0,492.0,167024.0,-1.0189,0.5163,385.0,-47.0,2.0,0.0,-45.0,139.0,0.0,15.0,0.0,5.0,0.0,18.24,3.22,1.47
2019/03/11,342.0,342.0,340.0,341.0,344.0,117301.0,0.2941,0.361,304.0,-51.0,0.0,0.0,-51.0,135.0,0.0,4.0,0.0,5.0,0.0,18.294,3.23,1.47
2019/03/12,343.5,344.0,341.5,343.0,325.0,111571.0,0.5865,0.341,267.0,-70.0,0.0,0.0,-70.0,128.0,0.0,7.0,0.0,5.0,0.0,18.4013,3.24,2.77
2019/03/13,343.0,345.5,342.0,345.0,481.0,165719.0,0.5831,0.5047,398.0,-116.0,3.0,0.0,-113.0,114.0,2.0,16.0,0.0,6.0,1.0,18.5086,3.26,2.75
2019/03/14,347.0,348.0,345.0,345.5,202.0,69979.0,0.1449,0.212,189.0,17.0,0.0,4.0,21.0,110.0,1.0,5.0,0.0,6.0,0.0,18.5354,3.27,2.75
2019/03/15,346.5,347.0,342.5,345.0,134.0,46193.0,-0.1447,0.1406,118.0,18.0,0.0,0.0,18.0,112.0,4.0,2.0,0.0,6.0,0.0,18.51,3.26,2.75
2019/03/18,348.0,348.5,345.5,346.0,285.0,98739.0,0.2899,0.2991,215.0,-49.0,1.0,0.0,-48.0,118.0,10.0,4.0,0.0,6.0,0.0,18.56,3.27,2.75
2019/03/19,346.0,346.0,341.5,341.5,269.0,92463.0,-1.3006,0.2823,181.0,-16.0,0.0,-2.0,-18.0,118.0,1.0,1.0,0.0,6.0,0.0,18.32,3.23,2.78
2019/03/20,344.0,360.0,342.5,350.0,606.0,211972.0,2.489,0.6359,493.0,-48.0,20.0,4.0,-24.0,147.0,39.0,10.0,1.0,6.0,1.0,18.78,3.31,2.71
2019/03/21,354.0,354.0,347.0,350.0,236.0,82663.0,0.0,0.2476,236.0,-41.0,0.0,0.0,-41.0,143.0,3.0,7.0,0.0,6.0,0.0,18.78,3.31,2.71
2019/03/22,353.0,354.5,346.0,350.0,300.0,104807.0,0.0,0.3148,294.0,-9.0,0.0,4.0,-5.0,140.0,5.0,8.0,0.0,6.0,0.0,18.78,3.31,2.71
2019/03/25,349.0,349.0,336.5,343.0,381.0,130109.0,-2.0,0.3998,373.0,24.0,5.0,0.0,29.0,126.0,6.0,20.0,2.0,4.0,0.0,18.4,3.24,2.77
2019/03/26,347.5,347.5,343.0,345.0,244.0,84280.0,0.5831,0.256,232.0,10.0,0.0,0.0,10.0,118.0,0.0,8.0,0.0,5.0,1.0,18.51,3.26,2.75
2019/03/27,347.5,349.5,342.0,343.0,174.0,60016.0,-0.5797,0.1826,147.0,-35.0,0.0,0.0,-35.0,117.0,2.0,3.0,0.0,5.0,0.0,18.4,3.24,2.77
2019/03/28,343.5,345.0,338.0,340.0,223.0,75979.0,-0.8746,0.234,216.0,-1.0,0.0,0.0,-1.0,112.0,2.0,7.0,1.0,4.0,0.0,18.24,3.22,2.79
2019/03/29,345.0,345.0,341.0,343.5,329.0,112689.0,1.0294,0.3452,253.0,0.0,10.0,0.0,10.0,118.0,6.0,0.0,0.0,4.0,0.0,18.43,3.25,2.77
2019/04/01,345.0,347.0,344.0,345.0,211.0,72785.0,0.4367,0.2214,190.0,-31.0,12.0,0.0,-19.0,119.0,4.0,3.0,1.0,3.0,0.0,18.51,3.26,2.75
2019/04/02,347.0,348.5,335.5,339.5,197.0,66983.0,-1.5942,0.2067,186.0,-47.0,-55.0,-2.0,-104.0,135.0,17.0,1.0,0.0,3.0,0.0,18.21,3.21,2.8
2019/04/03,342.5,342.5,328.5,333.0,246.0,81832.0,-1.9146,0.2581,238.0,-105.0,0.0,-4.0,-109.0,137.0,12.0,9.0,1.0,2.0,0.0,17.86,3.15,2.85
2019/04/08,337.0,337.0,329.0,329.5,220.0,72846.0,-1.0511,0.2309,208.0,-103.0,-6.0,-2.0,-111.0,148.0,15.0,2.0,0.0,2.0,0.0,17.68,3.12,2.88
2019/04/09,332.0,333.0,327.0,329.5,259.0,85412.0,0.0,0.2718,259.0,-88.0,-10.0,-2.0,-100.0,156.0,8.0,0.0,0.0,2.0,0.0,17.68,3.12,2.88
2019/04/10,329.0,330.5,325.0,326.0,386.0,126460.0,-1.0622,0.405,347.0,-132.0,11.0,-2.0,-123.0,167.0,17.0,6.0,0.0,2.0,0.0,17.49,3.08,2.91
2019/04/11,327.5,330.0,324.0,329.5,331.0,108284.0,1.0736,0.3473,322.0,-61.0,0.0,0.0,-61.0,154.0,5.0,18.0,1.0,1.0,0.0,17.68,3.12,2.88
2019/04/12,326.0,326.0,321.0,324.0,213.0,69091.0,-1.6692,0.2235,196.0,-124.0,-20.0,4.0,-140.0,168.0,18.0,4.0,0.0,1.0,0.0,17.38,3.06,2.93
2019/04/15,325.5,326.0,321.5,322.0,264.0,85389.0,-0.6173,0.277,251.0,-66.0,0.0,3.0,-63.0,174.0,10.0,4.0,0.0,1.0,0.0,17.27,3.05,2.95
2019/04/16,323.0,326.0,322.5,326.0,212.0,68811.0,1.2422,0.2225,188.0,-10.0,0.0,0.0,-10.0,168.0,1.0,7.0,1.0,0.0,0.0,17.49,3.08,2.91
2019/04/17,326.0,334.0,326.0,334.0,373.0,123294.0,2.454,0.3914,340.0,49.0,65.0,0.0,114.0,162.0,11.0,17.0,0.0,0.0,0.0,17.92,3.16,2.84
2019/04/18,336.0,338.5,328.0,330.5,316.0,104794.0,-1.0479,0.3316,279.0,-87.0,27.0,-7.0,-67.0,161.0,12.0,13.0,0.0,0.0,0.0,17.73,3.13,2.87
2019/04/19,331.0,336.0,330.5,332.0,217.0,72253.0,0.4539,0.2277,206.0,-38.0,27.0,0.0,-11.0,156.0,2.0,7.0,0.0,0.0,0.0,17.81,3.14,2.86
2019/04/22,333.5,335.0,332.0,332.0,124.0,41652.0,0.0,0.1301,128.0,-18.0,27.0,-1.0,8.0,151.0,1.0,6.0,0.0,0.0,0.0,17.81,3.14,2.86
2019/04/23,332.0,335.5,332.0,333.5,169.0,56319.0,0.4518,0.1773,161.0,8.0,0.0,5.0,13.0,149.0,2.0,4.0,0.0,0.0,0.0,17.89,3.15,2.85
2019/04/24,335.0,336.0,331.0,331.0,134.0,44701.0,-0.7496,0.1406,130.0,-10.0,0.0,-3.0,-13.0,150.0,4.0,3.0,0.0,0.0,0.0,17.76,3.13,2.87
2019/04/25,331.0,332.0,326.0,327.0,115.0,37686.0,-1.2085,0.1207,110.0,-30.0,6.0,-2.0,-26.0,156.0,7.0,0.0,0.0,0.0,0.0,17.54,3.09,2.91
2019/04/26,327.0,327.0,323.5,325.5,147.0,47816.0,-0.4587,0.1543,124.0,-36.0,0.0,-3.0,-39.0,156.0,2.0,2.0,0.0,0.0,0.0,17.46,3.08,2.92
2019/04/29,326.0,329.0,325.0,326.0,238.0,77802.0,0.1536,0.2497,229.0,-34.0,0.0,0.0,-34.0,154.0,0.0,2.0,0.0,0.0,0.0,17.49,3.08,2.91
2019/04/30,327.0,327.5,322.0,324.5,258.0,83745.0,-0.4601,0.2707,238.0,4.0,0.0,5.0,9.0,143.0,1.0,12.0,0.0,0.0,0.0,17.41,3.07,2.93
2019/05/02,324.5,330.0,324.5,329.0,270.0,88542.0,1.3867,0.2833,262.0,31.0,0.0,-4.0,27.0,142.0,3.0,4.0,0.0,0.0,0.0,17.65,3.11,2.89
2019/05/03,329.0,330.0,323.0,323.5,189.0,61621.0,-1.6717,0.1983,184.0,-77.0,0.0,0.0,-77.0,155.0,14.0,1.0,0.0,0.0,0.0,17.36,3.06,2.94
2019/05/06,321.5,325.0,317.5,318.5,166.0,53419.0,-1.5456,0.1742,166.0,-66.0,0.0,0.0,-66.0,156.0,9.0,8.0,0.0,0.0,0.0,17.09,3.01,2.98
2019/05/07,320.5,323.5,319.0,321.5,154.0,49549.0,0.9419,0.1616,142.0,-42.0,0.0,0.0,-42.0,158.0,3.0,1.0,0.0,0.0,0.0,16.12,2.91,2.95
2019/05/08,321.0,322.0,316.0,317.5,170.0,54303.0,-1.2442,0.1784,169.0,-116.0,0.0,4.0,-112.0,159.0,4.0,3.0,0.0,0.0,0.0,15.92,2.88,2.99
2019/05/09,313.5,317.0,306.0,306.5,151.0,47112.0,-3.4646,0.1585,151.0,-93.0,0.0,0.0,-93.0,165.0,10.0,4.0,0.0,1.0,1.0,15.37,2.78,3.1
2019/05/10,306.5,310.0,304.0,306.5,194.0,59660.0,0.0,0.2036,154.0,-93.0,0.0,4.0,-89.0,162.0,3.0,6.0,0.0,1.0,0.0,15.37,2.78,3.1
2019/05/13,306.5,307.5,302.0,303.0,112.0,34220.0,-1.1419,0.1175,106.0,-63.0,0.0,4.0,-59.0,158.0,0.0,4.0,0.0,1.0,0.0,15.2,2.74,3.14
2019/05/14,301.0,304.0,299.0,302.5,147.0,44491.0,-0.165,0.1543,151.0,-53.0,0.0,16.0,-37.0,152.0,3.0,9.0,0.0,1.0,0.0,15.17,2.74,3.14
2019/05/15,305.0,315.5,304.5,307.0,169.0,52264.0,1.4876,0.1773,163.0,-67.0,0.0,-3.0,-70.0,164.0,14.0,2.0,0.0,1.0,0.0,15.4,2.78,3.09
2019/05/16,307.5,313.0,306.0,307.5,146.0,45055.0,0.1629,0.1532,135.0,-52.0,0.0,0.0,-52.0,157.0,1.0,8.0,1.0,0.0,0.0,15.42,2.78,3.09
2019/05/17,310.5,311.5,301.0,301.0,108.0,32920.0,-2.1138,0.1133,111.0,-67.0,0.0,0.0,-67.0,161.0,7.0,3.0,0.0,0.0,0.0,15.1,2.73,3.16
2019/05/20,304.0,305.5,300.0,302.5,106.0,31981.0,0.4983,0.1112,106.0,-27.0,0.0,3.0,-24.0,167.0,7.0,1.0,0.0,0.0,0.0,15.17,2.74,3.14
2019/05/21,302.5,312.0,302.5,307.0,133.0,40726.0,1.4876,0.1396,128.0,6.0,0.0,2.0,8.0,158.0,1.0,10.0,0.0,0.0,0.0,15.4,2.78,3.09
2019/05/22,307.0,313.0,307.0,308.5,123.0,37970.0,0.4886,0.1291,117.0,-24.0,0.0,0.0,-24.0,158.0,0.0,0.0,0.0,0.0,0.0,15.47,2.79,3.08
2019/05/23,310.0,310.5,304.5,306.0,90.0,27680.0,-0.8104,0.0944,87.0,-7.0,0.0,0.0,-7.0,150.0,1.0,9.0,0.0,0.0,0.0,15.35,2.77,3.1
2019/05/24,305.0,309.5,305.0,306.0,241.0,74093.0,0.0,0.2529,245.0,-53.0,49.0,-1.0,-5.0,152.0,5.0,3.0,0.0,0.0,0.0,15.35,2.77,3.1
2019/05/27,306.0,307.0,303.5,305.5,172.0,52460.0,-0.1634,0.1805,176.0,-11.0,5.0,1.0,-5.0,153.0,1.0,0.0,0.0,0.0,0.0,15.32,2.77,3.11
2019/05/28,306.0,306.5,304.5,306.0,222.0,67988.0,0.1637,0.233,209.0,-68.0,66.0,1.0,-1.0,148.0,1.0,6.0,0.0,0.0,0.0,15.35,2.77,3.1
2019/05/29,306.0,306.0,300.5,303.5,126.0,38082.0,-0.817,0.1322,125.0,-23.0,-7.0,0.0,-30.0,155.0,7.0,0.0,0.0,0.0,0.0,15.22,2.75,3.13
2019/05/30,304.5,305.5,300.5,304.0,147.0,44563.0,0.1647,0.1543,143.0,-17.0,-32.0,-1.0,-50.0,159.0,5.0,1.0,0.0,0.0,0.0,15.25,2.75,3.13
2019/05/31,303.0,305.0,302.0,304.0,143.0,43374.0,0.0,0.1501,137.0,11.0,-27.0,0.0,-16.0,164.0,11.0,6.0,0.0,0.0,0.0,15.25,2.75,3.13
2019/06/03,304.0,304.0,300.5,302.0,107.0,32409.0,-0.6579,0.1123,105.0,10.0,-35.0,0.0,-25.0,168.0,8.0,4.0,0.0,0.0,0.0,15.15,2.74,3.15
2019/06/04,303.0,306.0,301.0,302.5,151.0,45841.0,0.1656,0.1585,131.0,-13.0,-20.0,-2.0,-35.0,167.0,4.0,5.0,0.0,0.0,0.0,15.17,2.74,3.14
2019/06/05,306.0,306.0,300.0,300.5,301.0,91331.0,-0.6612,0.3159,258.0,-38.0,-20.0,0.0,-58.0,173.0,11.0,5.0,0.0,0.0,0.0,15.07,2.72,3.16
2019/06/06,300.5,303.5,290.0,293.0,326.0,96711.0,-2.4958,0.3421,304.0,8.0,-61.0,0.0,-53.0,168.0,18.0,23.0,0.0,1.0,1.0,14.69,2.65,3.24
2019/06/10,295.0,299.5,284.5,287.0,399.0,115313.0,-2.0478,0.4187,356.0,-64.0,-36.0,1.0,-99.0,202.0,36.0,2.0,0.0,1.0,0.0,14.39,2.6,3.31
2019/06/11,290.0,291.5,286.0,291.0,322.0,92769.0,1.3937,0.3379,303.0,24.0,-39.0,-2.0,-17.0,207.0,15.0,10.0,0.0,1.0,0.0,14.59,2.64,3.26
2019/06/12,291.0,291.0,286.5,289.5,264.0,76103.0,-0.5155,0.277,242.0,-8.0,-39.0,0.0,-47.0,211.0,8.0,4.0,0.0,1.0,0.0,14.52,2.62,3.28
2019/06/13,288.0,290.5,286.5,289.5,288.0,83086.0,0.0,0.3022,278.0,76.0,-41.0,1.0,36.0,213.0,6.0,3.0,1.0,0.0,0.0,14.52,2.62,3.28
2019/06/14,290.0,290.5,285.0,285.0,375.0,107263.0,-1.5544,0.3935,344.0,-43.0,-46.0,0.0,-89.0,261.0,49.0,1.0,0.0,5.0,5.0,14.29,2.58,3.33
2019/06/17,285.0,297.5,285.0,295.0,442.0,128953.0,3.5088,0.4638,425.0,138.0,-15.0,0.0,124.0,239.0,37.0,59.0,1.0,5.0,1.0,14.79,2.67,3.22
2019/06/18,295.0,297.5,294.0,297.5,178.0,52710.0,0.8475,0.1868,178.0,-1.0,1.0,1.0,1.0,223.0,7.0,23.0,5.0,0.0,0.0,14.92,2.69,3.19
2019/06/19,299.5,301.0,297.5,300.0,322.0,96656.0,0.8403,0.3379,292.0,-45.0,11.0,17.0,-17.0,242.0,37.0,17.0,0.0,0.0,0.0,15.05,2.72,3.17
2019/06/20,303.0,304.5,299.0,301.5,297.0,89745.0,0.5,0.3117,266.0,-20.0,1.0,-1.0,-20.0,232.0,15.0,25.0,0.0,0.0,0.0,15.12,2.73,3.15
2019/06/21,303.5,304.5,300.0,301.0,206.0,62306.0,-0.1658,0.2162,198.0,18.0,0.0,0.0,18.0,203.0,2.0,31.0,0.0,0.0,0.0,15.1,2.73,3.16
2019/06/24,301.0,303.5,299.5,301.0,169.0,50860.0,0.0,0.1773,169.0,-4.0,-1.0,1.0,-4.0,204.0,8.0,7.0,0.0,0.0,0.0,15.1,2.73,3.16
2019/06/25,300.0,302.5,297.5,299.0,138.0,41339.0,-0.6645,0.1448,135.0,-2.0,-1.0,-3.0,-6.0,199.0,4.0,9.0,0.0,0.0,0.0,14.99,2.71,3.18
2019/06/26,300.5,306.0,299.0,306.0,302.0,91694.0,2.3411,0.3169,296.0,48.0,3.0,1.0,52.0,188.0,11.0,22.0,0.0,0.0,0.0,15.35,2.77,3.1
2019/06/27,306.0,307.0,305.0,306.0,288.0,88023.0,0.0,0.3022,252.0,-74.0,0.0,0.0,-74.0,202.0,16.0,2.0,0.0,0.0,0.0,15.35,2.77,3.1
2019/06/28,305.0,309.5,305.0,306.5,179.0,55097.0,0.1634,0.1878,183.0,31.0,0.0,2.0,33.0,190.0,2.0,14.0,0.0,0.0,0.0,15.37,2.78,3.1
2019/07/01,308.0,310.5,307.5,308.5,175.0,54236.0,0.6525,0.1836,172.0,-4.0,0.0,0.0,-4.0,187.0,8.0,8.0,0.0,0.0,0.0,15.47,2.79,3.08
2019/07/02,310.0,310.5,307.0,310.0,149.0,46095.0,0.4862,0.1564,135.0,-27.0,0.0,0.0,-27.0,193.0,12.0,6.0,0.0,0.0,0.0,15.55,2.81,3.06
2019/07/03,310.0,311.0,303.5,305.5,218.0,66679.0,-1.4516,0.2288,182.0,24.0,0.0,-6.0,18.0,203.0,14.0,4.0,0.0,0.0,0.0,15.32,2.77,3.11
2019/07/04,305.5,310.0,304.0,304.5,146.0,44714.0,-0.3273,0.1532,132.0,-11.0,0.0,0.0,-11.0,204.0,2.0,1.0,0.0,0.0,0.0,15.27,2.76,3.12
2019/07/05,304.5,307.0,303.0,304.0,143.0,43516.0,-0.1642,0.1501,131.0,-21.0,0.0,0.0,-21.0,213.0,11.0,1.0,0.0,0.0,0.0,15.25,2.75,3.13
2019/07/08,304.0,307.0,302.0,303.0,152.0,46277.0,-0.3289,0.1595,145.0,-22.0,11.0,-1.0,-12.0,212.0,4.0,5.0,0.0,0.0,0.0,15.2,2.74,3.14
2019/07/09,302.0,302.0,300.5,302.0,207.0,62371.0,-0.33,0.2172,196.0,-44.0,0.0,-1.0,-45.0,208.0,7.0,11.0,0.0,0.0,0.0,15.15,2.74,3.15
2019/07/10,302.0,303.0,300.0,300.5,304.0,91589.0,-0.4967,0.319,243.0,-147.0,0.0,13.0,-134.0,268.0,61.0,1.0,0.0,0.0,0.0,15.07,2.72,3.16
2019/07/11,301.0,302.5,300.0,301.0,190.0,57313.0,0.1664,0.1994,173.0,-70.0,1.0,0.0,-69.0,283.0,23.0,8.0,0.0,0.0,0.0,15.1,2.73,3.16
2019/07/12,301.0,301.5,298.5,300.0,259.0,77705.0,-0.3322,0.2718,217.0,-130.0,30.0,-2.0,-102.0,296.0,17.0,4.0,0.0,0.0,0.0,15.05,2.72,3.17
2019/07/15,301.0,306.5,301.0,306.0,448.0,136536.0,2.0,0.4701,408.0,70.0,20.0,0.0,90.0,254.0,32.0,74.0,0.0,0.0,0.0,15.35,2.77,3.1
2019/07/16,311.5,323.0,307.5,321.0,957.0,303668.0,4.902,1.0042,898.0,106.0,70.0,14.0,190.0,344.0,141.0,51.0,0.0,0.0,0.0,16.1,2.91,2.96
2019/07/17,323.0,332.0,317.0,319.5,927.0,301006.0,-0.4673,0.9727,896.0,-207.0,76.0,10.0,-121.0,313.0,48.0,79.0,0.0,0.0,0.0,16.02,2.89,2.97
2019/07/18,322.0,325.0,316.5,324.5,442.0,142367.0,1.5649,0.4638,436.0,-25.0,0.0,3.0,-22.0,268.0,14.0,59.0,0.0,0.0,0.0,16.27,2.94,2.93
2019/07/19,325.0,325.5,318.5,324.5,487.0,156459.0,0.0,0.511,412.0,-214.0,20.0,9.0,-185.0,272.0,27.0,23.0,0.0,0.0,0.0,16.27,2.94,2.93
2019/07/22,324.0,327.0,317.0,325.5,422.0,135831.0,0.3082,0.4428,363.0,-113.0,37.0,-6.0,-82.0,278.0,30.0,24.0,0.0,0.0,0.0,16.32,2.95,2.92
2019/07/23,325.5,327.5,322.0,324.0,346.0,112483.0,-0.4608,0.3631,280.0,-60.0,6.0,0.0,-54.0,239.0,4.0,43.0,0.0,0.0,0.0,16.25,2.93,2.93
2019/07/24,324.5,326.0,324.0,326.0,300.0,97581.0,0.6173,0.3148,253.0,70.0,2.0,-13.0,59.0,223.0,2.0,18.0,0.0,0.0,0.0,16.35,2.95,2.91
2019/07/25,326.0,330.0,326.0,327.5,227.0,74605.0,0.4601,0.2382,215.0,-17.0,0.0,10.0,-7.0,236.0,29.0,16.0,0.0,0.0,0.0,16.42,2.97,2.9
2019/07/26,328.0,330.0,323.0,325.0,235.0,76456.0,-0.7634,0.2466,215.0,-22.0,0.0,0.0,-22.0,229.0,4.0,11.0,0.0,0.0,0.0,16.3,2.94,2.92
2019/07/29,325.0,329.0,323.0,329.0,316.0,103157.0,1.2308,0.3316,294.0,62.0,0.0,3.0,65.0,219.0,18.0,28.0,0.0,0.0,0.0,16.5,2.98,2.89
2019/07/30,330.0,332.5,325.0,325.0,279.0,91853.0,-1.2158,0.2928,253.0,-21.0,6.0,5.0,-10.0,189.0,6.0,36.0,0.0,0.0,0.0,16.3,2.94,2.92
2019/07/31,325.0,330.0,325.0,329.0,239.0,78553.0,1.2308,0.2508,235.0,31.0,0.0,-6.0,25.0,181.0,5.0,9.0,0.0,0.0,0.0,16.5,2.98,2.89
2019/08/01,328.5,329.0,326.0,327.0,218.0,71404.0,-0.6079,0.2288,206.0,-46.0,17.0,0.0,-29.0,179.0,3.0,5.0,0.0,0.0,0.0,16.4,2.96,2.91
2019/08/02,326.0,326.0,321.0,321.0,166.0,53683.0,-1.8349,0.1742,168.0,-10.0,0.0,0.0,-10.0,182.0,6.0,3.0,0.0,0.0,0.0,16.1,2.91,2.96
2019/08/05,321.0,325.0,321.0,322.0,170.0,55130.0,0.3115,0.1784,179.0,-11.0,12.0,0.0,1.0,186.0,5.0,1.0,0.0,0.0,0.0,16.15,2.92,2.95
2019/08/06,317.5,326.0,311.0,326.0,196.0,62868.0,1.2422,0.2057,192.0,-21.0,16.0,0.0,-5.0,175.0,1.0,12.0,0.0,0.0,0.0,16.35,2.95,2.91
2019/08/07,326.0,328.0,322.5,326.0,285.0,92728.0,0.0,0.2991,270.0,-47.0,22.0,-6.0,-31.0,184.0,14.0,5.0,0.0,0.0,0.0,18.45,3.12,2.91
2019/08/08,328.0,338.0,328.0,336.0,614.0,205189.0,3.0675,0.6443,554.0,-46.0,170.0,-2.0,122.0,209.0,40.0,15.0,0.0,0.0,0.0,19.02,3.21,2.83
2019/08/12,336.0,340.0,333.0,336.5,240.0,80862.0,0.1488,0.2518,231.0,-45.0,14.0,10.0,-21.0,211.0,16.0,14.0,0.0,0.0,0.0,19.04,3.22,2.82
2019/08/13,337.5,338.0,332.0,337.0,183.0,61393.0,0.1486,0.192,174.0,-39.0,5.0,0.0,-34.0,210.0,2.0,3.0,0.0,0.0,0.0,19.07,3.22,2.82
2019/08/14,340.0,342.0,333.0,335.5,304.0,102260.0,-0.4451,0.319,275.0,-25.0,26.0,0.0,1.0,201.0,6.0,15.0,0.0,0.0,0.0,18.99,3.21,2.83
2019/08/15,330.5,335.5,330.0,330.0,203.0,67454.0,-1.6393,0.213,195.0,-2.0,0.0,0.0,-2.0,196.0,8.0,13.0,0.0,0.0,0.0,18.68,3.15,2.88
2019/08/16,330.5,335.0,330.0,331.0,226.0,75006.0,0.303,0.2372,211.0,22.0,1.0,1.0,24.0,200.0,7.0,3.0,0.0,0.0,0.0,18.73,3.16,2.87
2019/08/19,331.5,335.5,331.5,334.0,237.0,79196.0,0.9063,0.2487,225.0,11.0,6.0,1.0,18.0,194.0,10.0,16.0,0.0,0.0,0.0,18.9,3.19,2.84
2019/08/20,334.0,338.5,334.0,338.5,321.0,108121.0,1.3473,0.3368,297.0,40.0,42.0,0.0,82.0,184.0,8.0,18.0,0.0,0.0,0.0,19.16,3.24,2.81
2019/08/21,339.0,358.5,339.0,353.5,660.0,233063.0,4.4313,0.6926,589.0,-47.0,85.0,52.0,90.0,284.0,128.0,28.0,0.0,0.0,0.0,20.01,3.38,2.69
2019/08/22,354.0,359.5,349.0,351.0,491.0,174240.0,-0.7072,0.5152,440.0,-122.0,106.0,2.0,-14.0,282.0,19.0,21.0,0.0,0.0,0.0,19.86,3.36,2.71
2019/08/23,353.0,355.0,342.0,343.5,347.0,120381.0,-2.1368,0.3641,314.0,-31.0,0.0,10.0,-21.0,272.0,17.0,27.0,0.0,0.0,0.0,19.44,3.28,2.77
2019/08/26,340.0,340.5,335.0,340.0,317.0,107105.0,-1.0189,0.3326,289.0,65.0,0.0,-37.0,28.0,263.0,11.0,20.0,0.0,0.0,0.0,19.24,3.25,2.79
2019/08/27,335.0,343.0,332.0,332.0,484.0,163264.0,0.4412,0.5079,426.0,-90.0,76.0,1.0,-13.0,264.0,25.0,24.0,0.0,0.0,0.0,18.79,3.17,2.86
2019/08/28,335.5,339.0,331.0,332.0,294.0,98518.0,0.0,0.3085,276.0,-6.0,10.0,9.0,13.0,254.0,7.0,17.0,0.0,0.0,0.0,18.79,3.17,2.86
2019/08/29,335.0,338.5,333.0,334.0,295.0,99037.0,0.6024,0.3096,281.0,-9.0,0.0,1.0,-8.0,243.0,1.0,12.0,0.0,0.0,0.0,18.9,3.19,2.84
2019/08/30,337.5,339.0,328.0,328.0,412.0,137594.0,-1.7964,0.4323,360.0,54.0,5.0,4.0,63.0,276.0,45.0,12.0,0.0,0.0,0.0,18.56,3.14,2.9
2019/09/02,331.0,333.5,325.0,330.0,397.0,130427.0,0.6098,0.4166,359.0,99.0,0.0,9.0,108.0,300.0,39.0,15.0,0.0,0.0,0.0,18.68,3.15,2.88
2019/09/03,331.5,334.5,329.5,330.0,394.0,130774.0,0.0,0.4134,366.0,111.0,51.0,-19.0,143.0,286.0,9.0,23.0,0.0,0.0,0.0,18.68,3.15,2.88
2019/09/04,334.5,335.5,329.0,330.0,314.0,104003.0,0.0,0.3295,265.0,29.0,10.0,17.0,56.0,294.0,13.0,4.0,0.0,0.0,0.0,18.68,3.15,2.88
2019/09/05,333.0,333.0,323.0,325.0,382.0,125156.0,-1.5152,0.4009,341.0,2.0,11.0,-13.0,0.0,308.0,24.0,10.0,0.0,0.0,0.0,18.39,3.11,2.92
2019/09/06,327.0,329.0,319.5,321.0,424.0,137029.0,-1.2308,0.4449,401.0,144.0,-31.0,3.0,116.0,325.0,27.0,10.0,0.0,0.0,0.0,18.17,3.07,2.96
2019/09/09,321.0,321.0,314.0,318.0,368.0,116687.0,-0.9346,0.3862,344.0,148.0,0.0,-16.0,132.0,312.0,15.0,28.0,0.0,0.0,0.0,18.0,3.04,2.99
2019/09/10,319.0,323.5,318.0,322.5,370.0,118932.0,1.4151,0.3883,330.0,46.0,8.0,2.0,56.0,318.0,13.0,7.0,0.0,0.0,0.0,18.25,3.08,2.95
2019/09/11,326.0,330.5,324.0,329.5,296.0,97086.0,2.1705,0.3106,271.0,66.0,31.0,-2.0,95.0,309.0,9.0,18.0,0.0,1.0,1.0,18.65,3.15,2.88
2019/09/12,332.5,333.5,326.0,330.5,220.0,72626.0,0.3035,0.2309,194.0,-28.0,0.0,0.0,-28.0,314.0,10.0,5.0,0.0,1.0,0.0,18.7,3.16,2.87
2019/09/16,327.5,330.5,326.0,329.5,217.0,71345.0,-0.3026,0.2277,194.0,-8.0,0.0,0.0,-8.0,321.0,12.0,5.0,1.0,0.0,0.0,18.65,3.15,2.88
2019/09/17,329.5,334.0,327.0,330.5,318.0,105574.0,0.3035,0.3337,293.0,2.0,2.0,13.0,17.0,326.0,19.0,14.0,0.0,0.0,0.0,18.7,3.16,2.87
2019/09/18,335.0,363.0,335.0,363.0,1168.0,410142.0,9.8336,1.2256,1063.0,21.0,63.0,0.0,84.0,293.0,80.0,113.0,0.0,11.0,11.0,20.54,3.47,2.62
2019/09/19,362.0,366.5,353.5,358.0,620.0,222577.0,-1.3774,0.6506,544.0,-144.0,58.0,13.0,-73.0,279.0,47.0,61.0,5.0,6.0,0.0,20.26,3.42,2.65
2019/09/20,357.0,363.0,355.0,355.0,411.0,147339.0,-0.838,0.4313,374.0,-66.0,0.0,9.0,-57.0,267.0,20.0,32.0,0.0,8.0,2.0,20.09,3.39,2.68
2019/09/23,355.0,363.0,355.0,361.0,391.0,141183.0,1.6901,0.4103,369.0,-52.0,30.0,9.0,-13.0,247.0,24.0,44.0,2.0,6.0,0.0,20.43,3.45,2.63
2019/09/24,361.0,365.5,360.0,360.0,320.0,116150.0,-0.277,0.3358,292.0,-37.0,55.0,4.0,22.0,236.0,5.0,16.0,0.0,6.0,0.0,20.37,3.44,2.64
2019/09/25,357.5,368.5,357.5,362.0,366.0,132946.0,0.5556,0.3841,351.0,-19.0,0.0,-7.0,-26.0,225.0,12.0,23.0,0.0,6.0,0.0,20.49,3.46,2.62
2019/09/26,362.0,366.0,362.0,363.0,211.0,76819.0,0.2762,0.2214,197.0,-11.0,-1.0,-1.0,-13.0,217.0,1.0,9.0,0.0,6.0,0.0,20.54,3.47,2.62
2019/09/27,365.5,366.0,351.5,353.0,331.0,118001.0,-2.7548,0.3473,303.0,-35.0,0.0,-16.0,-51.0,220.0,25.0,22.0,3.0,3.0,0.0,19.98,3.37,2.69
2019/10/01,353.0,355.0,349.0,355.0,341.0,120154.0,0.5666,0.3578,295.0,-39.0,0.0,1.0,-38.0,221.0,3.0,2.0,1.0,5.0,3.0,20.09,3.39,2.68
2019/10/02,353.0,357.5,351.5,356.0,162.0,57552.0,0.2817,0.17,139.0,-2.0,0.0,0.0,-2.0,211.0,3.0,13.0,0.0,11.0,6.0,20.15,3.4,2.67
2019/10/03,356.0,361.0,353.0,361.0,273.0,97130.0,1.4045,0.2865,247.0,-14.0,-7.0,3.0,-18.0,206.0,7.0,12.0,2.0,11.0,2.0,20.43,3.45,2.63
2019/10/04,362.0,363.5,357.0,362.0,273.0,98587.0,0.277,0.2865,244.0,-87.0,-3.0,-3.0,-93.0,211.0,14.0,9.0,2.0,9.0,0.0,20.49,3.46,2.62
2019/10/07,362.0,366.0,360.5,364.0,269.0,97674.0,0.5525,0.2823,243.0,-17.0,-22.0,-6.0,-45.0,205.0,5.0,10.0,0.0,9.0,0.0,20.6,3.48,2.61
2019/10/08,364.0,370.0,364.0,366.0,224.0,82351.0,0.5495,0.2351,204.0,-24.0,0.0,-3.0,-27.0,192.0,15.0,27.0,6.0,3.0,0.0,20.71,3.5,2.6
2019/10/09,368.5,368.5,366.0,367.0,198.0,72713.0,0.2732,0.2078,165.0,14.0,0.0,3.0,17.0,159.0,4.0,37.0,0.0,3.0,0.0,20.77,3.51,2.59
2019/10/14,370.0,374.0,366.5,368.0,293.0,108262.0,0.2725,0.3075,268.0,-99.0,0.0,6.0,-93.0,162.0,13.0,10.0,2.0,1.0,0.0,20.83,3.52,2.58
2019/10/15,370.0,370.0,364.0,368.0,294.0,108287.0,0.0,0.3085,266.0,-28.0,-4.0,-4.0,-36.0,156.0,5.0,11.0,0.0,2.0,1.0,20.83,3.52,2.58
2019/10/16,368.0,369.0,358.0,362.5,281.0,102013.0,-1.4946,0.2949,263.0,-64.0,-3.0,0.0,-67.0,158.0,16.0,14.0,0.0,2.0,0.0,20.51,3.47,2.62
2019/10/17,366.5,367.0,354.0,357.0,346.0,124124.0,-1.5172,0.3631,326.0,-38.0,0.0,-30.0,-68.0,165.0,18.0,11.0,1.0,1.0,0.0,20.2,3.41,2.66
2019/10/18,362.5,363.0,358.5,363.0,280.0,101381.0,1.6807,0.2938,200.0,26.0,-19.0,-3.0,4.0,162.0,1.0,4.0,0.0,1.0,0.0,20.54,3.47,2.62
2019/10/21,367.0,367.0,361.5,361.5,192.0,69858.0,-0.4132,0.2015,161.0,-73.0,-5.0,-5.0,-83.0,160.0,6.0,8.0,0.0,1.0,0.0,20.46,3.46,2.63
2019/10/22,362.0,362.5,356.0,357.5,260.0,93298.0,-1.1065,0.2728,197.0,-77.0,-50.0,-1.0,-128.0,160.0,9.0,9.0,0.0,1.0,0.0,20.23,3.42,2.66
2019/10/23,357.0,359.5,353.0,358.0,285.0,101583.0,0.1399,0.2991,239.0,-5.0,-89.0,4.0,-90.0,160.0,2.0,2.0,0.0,1.0,0.0,20.26,3.42,2.65
2019/10/24,358.5,361.5,357.5,361.0,254.0,91259.0,0.838,0.2665,191.0,-29.0,-63.0,4.0,-88.0,155.0,2.0,7.0,0.0,1.0,0.0,20.43,3.45,2.63
2019/10/25,361.5,363.0,361.0,363.0,179.0,64842.0,0.554,0.1878,112.0,-44.0,-2.0,-3.0,-49.0,142.0,1.0,14.0,0.0,1.0,0.0,20.54,3.47,2.62
2019/10/28,364.0,366.5,363.5,365.5,297.0,108408.0,0.6887,0.3117,248.0,3.0,0.0,1.0,4.0,130.0,1.0,13.0,0.0,1.0,0.0,20.68,3.49,2.6
2019/10/29,366.5,368.0,361.0,361.0,198.0,72244.0,-1.2312,0.2078,149.0,-31.0,0.0,0.0,-31.0,130.0,3.0,3.0,0.0,1.0,0.0,20.43,3.45,2.63
2019/10/30,363.0,363.0,358.0,362.0,239.0,85969.0,0.277,0.2508,184.0,-50.0,-20.0,0.0,-70.0,132.0,3.0,1.0,0.0,1.0,0.0,20.49,3.46,2.62
2019/10/31,363.0,367.0,359.0,364.5,298.0,108754.0,0.6906,0.3127,286.0,53.0,-2.0,1.0,52.0,124.0,4.0,12.0,0.0,1.0,0.0,20.63,3.48,2.61
2019/11/01,364.5,365.0,360.5,363.0,186.0,67575.0,-0.4115,0.1952,176.0,-37.0,-8.0,0.0,-45.0,126.0,2.0,0.0,0.0,1.0,0.0,20.54,3.47,2.62
2019/11/04,364.5,366.5,358.0,363.5,248.0,89913.0,0.1377,0.2602,225.0,-76.0,-45.0,0.0,-121.0,134.0,9.0,1.0,0.0,1.0,0.0,20.57,3.47,2.61
2019/11/05,361.0,368.0,361.0,368.0,265.0,96778.0,1.238,0.2781,253.0,-8.0,-3.0,11.0,0.0,125.0,20.0,29.0,0.0,1.0,0.0,20.83,3.52,2.58
2019/11/06,370.0,387.0,370.0,378.0,741.0,280863.0,2.7174,0.7776,675.0,-55.0,-6.0,16.0,-45.0,218.0,127.0,34.0,0.0,1.0,0.0,20.86,3.46,2.51
2019/11/07,386.5,386.5,376.0,379.0,412.0,156671.0,0.2646,0.4323,365.0,44.0,-14.0,-24.0,6.0,163.0,20.0,75.0,0.0,1.0,0.0,20.92,3.47,2.51
2019/11/08,380.0,392.0,379.0,388.5,485.0,188369.0,2.5066,0.5089,452.0,-1.0,2.0,33.0,34.0,190.0,55.0,28.0,0.0,1.0,0.0,21.44,3.56,2.45
2019/11/11,388.5,388.5,372.0,376.0,309.0,116987.0,-3.2175,0.3242,299.0,-19.0,-23.0,-14.0,-56.0,189.0,26.0,27.0,0.0,1.0,0.0,20.75,3.44,2.53
2019/11/12,376.0,378.5,370.0,374.0,255.0,95336.0,-0.5319,0.2676,240.0,20.0,0.0,3.0,23.0,195.0,11.0,5.0,0.0,1.0,0.0,20.64,3.42,2.54
2019/11/13,374.0,379.0,372.5,377.0,378.0,142392.0,0.8021,0.3967,367.0,101.0,-4.0,-6.0,91.0,198.0,8.0,5.0,0.0,1.0,0.0,20.81,3.45,2.52
2019/11/14,380.0,380.5,373.5,376.5,309.0,116405.0,-0.1326,0.3242,305.0,-38.0,-27.0,2.0,-63.0,194.0,1.0,5.0,0.0,1.0,0.0,20.78,3.45,2.52
2019/11/15,378.0,380.5,376.5,378.0,187.0,70821.0,0.3984,0.1962,171.0,-26.0,0.0,0.0,-26.0,204.0,12.0,2.0,0.0,1.0,0.0,20.86,3.46,2.51
2019/11/18,378.0,379.0,373.5,375.5,171.0,64338.0,-0.6614,0.1794,153.0,-39.0,0.0,-4.0,-43.0,192.0,5.0,17.0,0.0,1.0,0.0,20.72,3.44,2.53
2019/11/19,377.5,377.5,375.5,377.0,132.0,49950.0,0.3995,0.1385,120.0,7.0,0.0,-1.0,6.0,192.0,0.0,0.0,0.0,1.0,0.0,20.81,3.45,2.52
2019/11/20,378.5,379.0,370.5,372.0,153.0,57469.0,-1.3263,0.1606,141.0,-12.0,-15.0,1.0,-26.0,191.0,3.0,4.0,0.0,1.0,0.0,20.53,3.41,2.55
2019/11/21,373.0,374.5,359.0,363.0,321.0,116625.0,-2.4194,0.3368,265.0,4.0,-19.0,-4.0,-19.0,190.0,17.0,18.0,0.0,1.0,0.0,20.03,3.32,2.62
2019/11/22,366.0,367.0,358.0,363.0,176.0,63657.0,0.0,0.1847,152.0,-49.0,-10.0,-6.0,-65.0,181.0,1.0,10.0,1.0,0.0,0.0,20.03,3.32,2.62
2019/11/25,364.0,366.0,362.0,364.0,146.0,53109.0,0.2755,0.1532,120.0,-18.0,0.0,-2.0,-20.0,179.0,1.0,3.0,0.0,0.0,0.0,20.09,3.33,2.61
2019/11/26,365.0,365.5,358.5,360.0,235.0,84799.0,-1.0989,0.2466,227.0,-70.0,0.0,-1.0,-71.0,187.0,8.0,0.0,0.0,0.0,0.0,19.87,3.3,2.64
2019/11/27,363.0,372.0,361.0,361.5,311.0,113543.0,0.4167,0.3263,294.0,3.0,0.0,16.0,19.0,189.0,8.0,6.0,0.0,0.0,0.0,19.95,3.31,2.63
2019/11/28,366.0,366.0,360.5,363.5,241.0,87400.0,0.5533,0.2529,220.0,45.0,0.0,-1.0,44.0,183.0,1.0,3.0,0.0,0.0,0.0,20.06,3.33,2.61
2019/11/29,365.0,365.0,354.0,356.0,212.0,75758.0,-2.0633,0.2225,190.0,-67.0,-20.0,-1.0,-88.0,170.0,5.0,18.0,0.0,0.0,0.0,19.65,3.26,2.67
2019/12/02,359.0,360.5,355.5,360.5,170.0,60948.0,1.264,0.1784,149.0,-2.0,0.0,-1.0,-3.0,167.0,0.0,3.0,0.0,0.0,0.0,19.9,3.3,2.64
2019/12/03,362.5,363.0,351.0,352.5,210.0,74644.0,-2.2191,0.2204,182.0,-66.0,-3.0,0.0,-69.0,175.0,8.0,0.0,0.0,0.0,0.0,19.45,3.23,2.7
2019/12/04,356.0,357.5,351.0,357.5,310.0,109641.0,1.4184,0.3253,274.0,50.0,-77.0,-8.0,-35.0,171.0,2.0,5.0,0.0,0.0,0.0,19.73,3.27,2.66
2019/12/05,361.5,361.5,352.5,356.5,265.0,94658.0,-0.2797,0.2781,233.0,-46.0,-4.0,0.0,-50.0,171.0,0.0,0.0,0.0,0.0,0.0,19.67,3.26,2.66
2019/12/06,355.5,357.5,347.5,352.5,381.0,133787.0,-1.122,0.3998,324.0,-157.0,-45.0,0.0,-202.0,188.0,20.0,3.0,0.0,0.0,0.0,19.45,3.23,2.7
2019/12/09,353.0,353.5,347.0,348.5,319.0,111379.0,-1.1348,0.3347,267.0,-45.0,-76.0,2.0,-119.0,205.0,17.0,0.0,0.0,0.0,0.0,19.23,3.19,2.73
2019/12/10,350.0,352.0,349.0,350.0,237.0,83092.0,0.4304,0.2487,203.0,20.0,-17.0,8.0,11.0,200.0,0.0,5.0,0.0,0.0,0.0,19.32,3.2,2.71
2019/12/11,351.5,354.0,348.5,348.5,218.0,76499.0,-0.4286,0.2288,201.0,7.0,-7.0,0.0,0.0,197.0,0.0,3.0,0.0,0.0,0.0,19.23,3.19,2.73
2019/12/12,351.0,351.5,348.5,348.5,196.0,68839.0,0.0,0.2057,180.0,-57.0,0.0,-1.0,-58.0,198.0,1.0,0.0,0.0,0.0,0.0,19.23,3.19,2.73
2019/12/13,350.0,350.5,339.5,340.0,362.0,125214.0,-2.439,0.3799,327.0,-168.0,0.0,-12.0,-180.0,220.0,27.0,5.0,0.0,0.0,0.0,18.76,3.11,2.79
2019/12/16,346.0,353.0,339.0,350.0,269.0,93401.0,2.9412,0.2823,265.0,54.0,0.0,-27.0,27.0,211.0,7.0,16.0,0.0,0.0,0.0,19.32,3.2,2.71
2019/12/17,352.5,356.0,351.0,355.5,200.0,71070.0,1.5714,0.2099,202.0,56.0,-8.0,4.0,52.0,194.0,0.0,17.0,0.0,0.0,0.0,19.62,3.25,2.67
2019/12/18,356.0,356.5,353.5,354.0,187.0,66416.0,-0.4219,0.1962,183.0,36.0,-29.0,-4.0,3.0,185.0,0.0,9.0,0.0,0.0,0.0,19.54,3.24,2.68
2019/12/19,357.0,358.0,354.0,356.0,169.0,60107.0,0.565,0.1773,148.0,-1.0,-22.0,1.0,-22.0,179.0,0.0,5.0,0.0,0.0,0.0,19.65,3.26,2.67
2019/12/20,358.0,358.0,350.0,350.0,165.0,58441.0,-1.6854,0.1731,141.0,-62.0,0.0,13.0,-49.0,195.0,16.0,0.0,0.0,0.0,0.0,19.32,3.2,2.71
2019/12/23,352.0,364.5,352.0,355.5,328.0,117758.0,1.5714,0.3442,292.0,41.0,0.0,10.0,51.0,197.0,16.0,14.0,0.0,0.0,0.0,19.62,3.25,2.67
2019/12/24,360.0,360.0,340.0,341.0,452.0,155810.0,-4.0788,0.4743,377.0,-57.0,-10.0,-27.0,-94.0,260.0,66.0,3.0,0.0,0.0,0.0,18.82,3.12,2.79
2019/12/25,343.0,347.5,336.5,347.5,521.0,177869.0,1.9062,0.5467,440.0,70.0,-92.0,-18.0,-40.0,240.0,20.0,40.0,0.0,0.0,0.0,19.18,3.18,2.73
2019/12/26,350.0,354.0,347.0,354.0,260.0,91115.0,1.8705,0.2728,237.0,38.0,0.0,-3.0,35.0,217.0,1.0,24.0,0.0,0.0,0.0,19.54,3.24,2.68
2019/12/27,354.0,357.0,350.5,355.0,230.0,81738.0,0.2825,0.2414,212.0,15.0,0.0,3.0,18.0,221.0,10.0,6.0,0.0,0.0,0.0,19.59,3.25,2.68
2019/12/30,356.0,362.0,356.0,357.0,169.0,60584.0,0.5634,0.1773,148.0,-19.0,0.0,-3.0,-22.0,218.0,2.0,5.0,0.0,0.0,0.0,19.7,3.27,2.66
2019/12/31,360.0,365.0,359.0,362.0,253.0,91535.0,1.4006,0.2655,239.0,52.0,3.0,2.0,57.0,207.0,5.0,16.0,0.0,0.0,0.0,19.98,3.31,2.62
2020/01/02,360.5,361.0,350.0,352.0,409.0,144235.0,-2.7624,0.4292,373.0,-202.0,0.0,15.0,-187.0,227.0,25.0,5.0,0.0,0.0,0.0,19.43,3.22,2.7
2020/01/03,355.5,357.5,352.5,353.0,150.0,53173.0,0.2841,0.1574,140.0,-27.0,0.0,-1.0,-28.0,220.0,1.0,8.0,0.0,0.0,0.0,19.48,3.23,2.69
2020/01/06,351.5,355.0,351.0,353.0,241.0,85192.0,0.0,0.2529,216.0,-11.0,-12.0,-8.0,-31.0,215.0,2.0,7.0,0.0,0.0,0.0,19.48,3.23,2.69
2020/01/07,354.5,355.5,341.0,343.5,292.0,101280.0,-2.6912,0.3064,246.0,-36.0,-11.0,35.0,-12.0,223.0,18.0,10.0,0.0,0.0,0.0,18.96,3.14,2.77
2020/01/08,351.0,352.0,347.0,352.0,295.0,103177.0,2.4745,0.3096,270.0,88.0,0.0,-1.0,87.0,211.0,3.0,15.0,0.0,0.0,0.0,19.43,3.22,2.7
2020/01/09,356.0,358.0,354.0,357.0,207.0,73889.0,1.4205,0.2172,184.0,13.0,0.0,1.0,14.0,196.0,5.0,20.0,0.0,0.0,0.0,19.7,3.27,2.66
2020/01/10,359.0,359.5,354.5,357.0,154.0,54918.0,0.0,0.1616,146.0,28.0,0.0,-1.0,27.0,195.0,2.0,3.0,0.0,0.0,0.0,19.7,3.27,2.66
2020/01/13,363.5,363.5,353.5,355.0,272.0,97536.0,-0.5602,0.2854,254.0,21.0,0.0,0.0,21.0,192.0,6.0,9.0,0.0,0.0,0.0,19.59,3.25,2.68
2020/01/14,359.0,360.5,354.0,356.5,331.0,118046.0,0.4225,0.3473,302.0,48.0,0.0,-1.0,47.0,193.0,4.0,3.0,0.0,0.0,0.0,19.67,3.26,2.66
2020/01/15,359.0,365.0,355.0,356.5,412.0,148121.0,0.0,0.4323,373.0,45.0,0.0,5.0,50.0,203.0,17.0,7.0,0.0,0.0,0.0,19.67,3.26,2.66
2020/01/16,358.0,360.5,351.0,352.0,263.0,93217.0,-1.2623,0.276,251.0,-31.0,0.0,-2.0,-33.0,221.0,21.0,3.0,0.0,0.0,0.0,19.43,3.22,2.7
2020/01/17,356.5,356.5,345.5,348.5,387.0,134931.0,-0.9943,0.4061,370.0,-37.0,0.0,3.0,-34.0,246.0,26.0,1.0,0.0,0.0,0.0,19.23,3.19,2.73
2020/01/20,351.0,361.5,350.0,360.0,346.0,122807.0,3.2999,0.3631,344.0,169.0,0.0,-2.0,167.0,204.0,1.0,40.0,0.0,0.0,0.0,19.87,3.3,2.64
2020/01/30,354.0,354.0,339.0,344.5,324.0,111785.0,-4.3056,0.34,298.0,14.0,0.0,-1.0,13.0,212.0,13.0,5.0,0.0,0.0,0.0,19.01,3.15,2.76
2020/01/31,349.0,352.0,348.0,351.0,216.0,75613.0,1.8868,0.2267,198.0,14.0,0.0,-3.0,11.0,213.0,8.0,7.0,0.0,0.0,0.0,19.37,3.21,2.71
2020/02/03,347.0,355.5,342.0,355.5,339.0,118535.0,1.2821,0.3557,290.0,121.0,0.0,-11.0,110.0,186.0,1.0,28.0,0.0,0.0,0.0,19.62,3.25,2.67
2020/02/04,355.5,362.5,355.0,360.5,441.0,158576.0,1.4065,0.4628,419.0,116.0,0.0,1.0,117.0,182.0,20.0,24.0,0.0,0.0,0.0,19.9,3.3,2.64
2020/02/05,363.0,364.0,356.0,359.0,387.0,139110.0,-0.4161,0.4061,381.0,28.0,0.0,-16.0,12.0,184.0,7.0,5.0,0.0,0.0,0.0,19.81,3.29,2.65
2020/02/06,359.5,369.5,359.5,369.5,468.0,170422.0,2.9248,0.4911,456.0,95.0,0.0,12.0,107.0,226.0,61.0,15.0,0.0,1.0,1.0,20.39,3.38,2.57
2020/02/07,371.0,374.5,367.0,369.0,457.0,169231.0,-0.1353,0.4796,436.0,44.0,0.0,10.0,54.0,223.0,30.0,33.0,0.0,1.0,0.0,20.36,3.38,2.57
2020/02/10,360.0,363.0,359.0,360.0,314.0,113356.0,-2.439,0.3295,290.0,-74.0,0.0,10.0,-64.0,214.0,28.0,37.0,0.0,1.0,0.0,19.87,3.3,2.64
2020/02/11,360.5,364.5,359.0,360.5,263.0,95227.0,0.1389,0.276,243.0,-55.0,0.0,1.0,-54.0,244.0,35.0,5.0,0.0,1.0,0.0,19.9,3.3,2.64
2020/02/12,362.0,366.0,360.0,360.5,275.0,99599.0,0.0,0.2886,253.0,-23.0,0.0,2.0,-21.0,248.0,13.0,9.0,0.0,1.0,0.0,19.9,3.3,2.64
2020/02/13,363.0,363.0,356.5,361.5,257.0,92643.0,0.2774,0.2697,202.0,-69.0,-14.0,2.0,-81.0,306.0,69.0,11.0,0.0,1.0,0.0,19.95,3.31,2.63
2020/02/14,361.5,367.0,361.0,362.0,240.0,87331.0,0.1383,0.2518,239.0,-21.0,0.0,1.0,-20.0,316.0,20.0,10.0,0.0,2.0,1.0,19.98,3.31,2.62
2020/02/17,361.0,363.0,359.0,362.0,156.0,56386.0,0.0,0.1637,138.0,-17.0,0.0,-1.0,-18.0,300.0,3.0,19.0,0.0,2.0,0.0,19.98,3.31,2.62
2020/02/18,362.0,368.0,360.0,367.0,203.0,74256.0,1.3812,0.213,199.0,31.0,0.0,0.0,31.0,291.0,5.0,14.0,0.0,2.0,0.0,20.25,3.36,2.59
2020/02/19,367.0,369.0,361.0,363.0,301.0,109610.0,-1.0899,0.3159,280.0,-2.0,0.0,-2.0,-4.0,325.0,39.0,5.0,0.0,2.0,0.0,20.03,3.32,2.62
2020/02/20,365.0,365.0,355.0,355.0,350.0,125591.0,-2.2039,0.3673,324.0,-58.0,-88.0,-11.0,-157.0,341.0,30.0,14.0,2.0,0.0,0.0,19.59,3.25,2.68
2020/02/21,357.0,359.5,355.5,357.5,340.0,121657.0,0.7042,0.3568,330.0,49.0,0.0,0.0,49.0,339.0,0.0,0.0,0.0,0.0,0.0,19.73,3.27,2.66
2020/02/24,358.5,358.5,349.5,352.5,387.0,136080.0,-1.3986,0.4061,349.0,-48.0,0.0,3.0,-45.0,311.0,6.0,34.0,0.0,0.0,0.0,19.45,3.23,2.7
2020/02/25,348.0,352.5,346.0,350.0,322.0,112467.0,-0.7092,0.3379,226.0,-95.0,0.0,7.0,-88.0,316.0,9.0,4.0,0.0,0.0,0.0,19.32,3.2,2.71
2020/02/26,353.0,353.0,344.0,344.5,331.0,114516.0,-1.5714,0.3473,269.0,-108.0,0.0,3.0,-105.0,260.0,20.0,75.0,0.0,0.0,0.0,19.01,3.15,2.76
2020/02/27,350.0,357.0,346.5,348.5,558.0,196300.0,1.1611,0.5855,508.0,-26.0,56.0,11.0,41.0,246.0,21.0,35.0,0.0,2.0,2.0,21.31,3.1,2.73
2020/03/02,350.0,350.0,339.0,341.0,444.0,152524.0,-2.1521,0.4659,415.0,-97.0,6.0,9.0,-82.0,245.0,20.0,21.0,0.0,2.0,0.0,20.86,3.03,2.79
2020/03/03,345.5,347.0,340.0,340.5,364.0,124586.0,-0.1466,0.382,313.0,-87.0,4.0,-4.0,-87.0,250.0,22.0,17.0,0.0,2.0,0.0,20.83,3.03,2.79
2020/03/04,342.5,345.5,340.5,343.0,534.0,183449.0,0.7342,0.5604,464.0,-6.0,36.0,-13.0,17.0,239.0,4.0,14.0,0.0,3.0,1.0,20.98,3.05,2.77
2020/03/05,348.0,353.5,346.5,351.0,293.0,102782.0,2.3324,0.3075,276.0,-21.0,22.0,0.0,1.0,236.0,9.0,12.0,0.0,3.0,0.0,21.47,3.12,2.71
2020/03/06,351.0,354.5,348.5,350.0,294.0,103184.0,-0.2849,0.3085,258.0,-64.0,31.0,-1.0,-34.0,217.0,1.0,20.0,1.0,2.0,0.0,21.41,3.11,2.71
2020/03/09,348.0,348.0,334.0,336.5,309.0,104906.0,-3.8571,0.3242,272.0,-161.0,0.0,-2.0,-163.0,215.0,13.0,14.0,0.0,3.0,1.0,20.58,2.99,2.82
2020/03/10,337.0,347.5,336.5,346.0,475.0,162191.0,2.8232,0.4984,450.0,105.0,10.0,0.0,115.0,207.0,5.0,13.0,0.0,3.0,0.0,21.16,3.08,2.75
2020/03/11,349.5,350.5,340.5,340.5,221.0,76484.0,-1.5896,0.2319,208.0,-43.0,8.0,-4.0,-39.0,222.0,19.0,4.0,0.0,3.0,0.0,20.83,3.03,2.79
2020/03/12,344.0,344.0,325.0,331.0,222.0,73974.0,-2.79,0.233,196.0,-91.0,0.0,-8.0,-99.0,208.0,12.0,26.0,1.0,2.0,0.0,20.24,2.94,2.87
2020/03/13,319.0,320.0,300.0,319.5,309.0,94512.0,-3.4743,0.3242,283.0,-100.0,0.0,12.0,-88.0,191.0,8.0,25.0,1.0,1.0,0.0,19.54,2.84,2.97
2020/03/16,328.0,328.0,303.0,305.5,234.0,72939.0,-4.3818,0.2455,224.0,-122.0,5.0,-6.0,-123.0,187.0,7.0,11.0,0.0,1.0,0.0,18.69,2.72,3.11
2020/03/17,300.0,308.5,292.0,295.0,484.0,143763.0,-3.437,0.5079,402.0,-145.0,0.0,-5.0,-150.0,124.0,11.0,74.0,0.0,1.0,0.0,18.04,2.62,3.22
2020/03/18,304.0,310.0,295.5,306.0,396.0,120176.0,3.7288,0.4155,344.0,-92.0,15.0,-6.0,-83.0,116.0,4.0,12.0,0.0,1.0,0.0,18.72,2.72,3.1
2020/03/19,302.0,302.0,285.5,296.0,261.0,76200.0,-3.268,0.2739,254.0,-158.0,3.0,-2.0,-157.0,121.0,7.0,2.0,0.0,1.0,0.0,18.1,2.63,3.21
2020/03/20,305.0,306.0,297.0,298.0,301.0,90677.0,0.6757,0.3159,290.0,-115.0,-1.0,-5.0,-121.0,147.0,28.0,2.0,0.0,1.0,0.0,18.23,2.65,3.19
2020/03/23,298.0,298.0,285.5,285.5,306.0,88474.0,-4.1946,0.3211,186.0,-62.0,0.0,-2.0,-64.0,143.0,9.0,13.0,0.0,1.0,0.0,17.46,2.54,3.33
2020/03/24,293.0,293.0,287.0,288.5,215.0,62554.0,1.0508,0.2256,200.0,-48.0,-20.0,-2.0,-70.0,147.0,8.0,4.0,0.0,1.0,0.0,17.65,2.56,3.29
2020/03/25,293.5,302.5,291.0,292.0,388.0,115014.0,1.2132,0.4071,357.0,-69.0,10.0,0.0,-59.0,168.0,26.0,4.0,0.0,1.0,0.0,17.86,2.6,2.74
2020/03/26,292.0,292.0,284.0,287.5,509.0,146520.0,-1.5411,0.5341,472.0,-134.0,-34.0,-1.0,-169.0,191.0,27.0,4.0,0.0,1.0,0.0,17.58,2.56,2.78
2020/03/27,293.0,294.5,289.0,291.0,557.0,162981.0,1.2174,0.5845,508.0,-21.0,-29.0,-4.0,-54.0,207.0,32.0,16.0,0.0,1.0,0.0,17.8,2.59,2.75
2020/03/30,289.0,292.5,271.0,292.5,319.0,90376.0,0.5155,0.3347,299.0,-11.0,-41.0,-4.0,-56.0,193.0,5.0,18.0,0.0,2.0,1.0,17.89,2.6,2.74
2020/03/31,293.5,296.0,289.0,292.0,329.0,95996.0,-0.1709,0.3452,305.0,-69.0,0.0,-8.0,-77.0,197.0,12.0,8.0,0.0,2.0,0.0,17.86,2.6,2.74
2020/04/01,292.5,293.0,288.0,290.0,268.0,77697.0,-0.6849,0.2812,267.0,19.0,-51.0,1.0,-31.0,181.0,6.0,2.0,0.0,1.0,0.0,17.74,2.58,2.76
2020/04/06,291.5,292.5,286.5,291.5,357.0,103448.0,0.5172,0.3746,348.0,-4.0,-4.0,-2.0,-10.0,179.0,12.0,14.0,0.0,1.0,0.0,17.83,2.59,2.74
2020/04/07,294.0,297.0,289.5,296.5,456.0,133481.0,1.7153,0.4785,444.0,-79.0,-10.0,-2.0,-91.0,200.0,34.0,13.0,1.0,0.0,0.0,18.13,2.64,2.7
2020/04/08,298.0,298.0,292.0,293.0,506.0,148769.0,-1.1804,0.531,484.0,-94.0,0.0,-5.0,-99.0,249.0,52.0,3.0,0.0,0.0,0.0,17.92,2.6,2.73
2020/04/09,295.0,300.5,293.0,295.0,574.0,169896.0,0.6826,0.6023,544.0,-105.0,0.0,7.0,-98.0,262.0,43.0,30.0,0.0,0.0,0.0,18.04,2.62,2.71
2020/04/10,296.0,296.0,290.5,294.0,308.0,90399.0,-0.339,0.3232,296.0,-94.0,0.0,1.0,-93.0,265.0,14.0,11.0,0.0,0.0,0.0,17.98,2.61,2.72
2020/04/13,294.0,307.5,294.0,306.5,583.0,176278.0,4.2517,0.6118,548.0,121.0,-1.0,5.0,125.0,223.0,35.0,77.0,0.0,0.0,0.0,18.75,2.72,2.61
2020/04/14,309.5,311.5,303.0,306.0,560.0,171212.0,-0.1631,0.5876,524.0,-224.0,0.0,9.0,-215.0,272.0,66.0,17.0,0.0,0.0,0.0,18.72,2.72,2.61
2020/04/15,307.5,309.0,304.0,308.0,483.0,147873.0,0.6536,0.5068,396.0,-40.0,11.0,-11.0,-40.0,280.0,33.0,25.0,0.0,0.0,0.0,18.84,2.74,2.6
2020/04/16,308.0,308.0,304.0,306.0,410.0,125288.0,-0.6494,0.4302,363.0,-72.0,0.0,-5.0,-77.0,293.0,21.0,8.0,0.0,0.0,0.0,18.72,2.72,2.61
2020/04/17,310.0,312.0,298.0,298.5,681.0,206984.0,-2.451,0.7146,566.0,-207.0,0.0,-7.0,-214.0,308.0,66.0,51.0,0.0,1.0,1.0,18.26,2.65,2.68
2020/04/20,299.0,300.0,295.0,295.0,437.0,129945.0,-1.1725,0.4586,396.0,-82.0,0.0,-4.0,-86.0,326.0,29.0,11.0,0.0,1.0,0.0,18.04,2.62,2.71
2020/04/21,295.0,302.5,288.0,289.0,643.0,189592.0,-2.0339,0.6747,596.0,-36.0,0.0,-1.0,-37.0,356.0,43.0,13.0,0.0,1.0,0.0,17.68,2.57,2.77
2020/04/22,288.5,298.0,288.5,297.0,421.0,123814.0,2.7682,0.4418,399.0,67.0,0.0,8.0,75.0,324.0,8.0,40.0,1.0,0.0,0.0,18.17,2.64,2.69
2020/04/23,296.0,299.5,295.0,298.5,375.0,111646.0,0.5051,0.3935,335.0,-21.0,0.0,0.0,-21.0,308.0,9.0,25.0,0.0,0.0,0.0,18.26,2.65,2.68
2020/04/24,300.0,300.5,292.0,292.0,600.0,176274.0,-2.1776,0.6296,454.0,-177.0,0.0,6.0,-171.0,322.0,26.0,12.0,0.0,0.0,0.0,17.86,2.6,2.74
2020/04/27,293.0,296.0,291.5,293.5,701.0,205463.0,0.5137,0.7356,629.0,-114.0,-61.0,20.0,-155.0,345.0,31.0,8.0,0.0,0.0,0.0,17.95,2.61,2.73
2020/04/28,295.5,322.5,295.0,317.5,1135.0,352433.0,8.1772,1.191,973.0,414.0,35.0,7.0,456.0,284.0,59.0,120.0,0.0,0.0,0.0,19.42,2.82,2.52
2020/04/29,318.5,321.5,313.0,314.5,685.0,216714.0,-0.9449,0.7188,646.0,-114.0,10.0,-7.0,-111.0,295.0,35.0,24.0,0.0,0.0,0.0,19.24,2.8,2.54
2020/04/30,315.5,318.5,310.5,310.5,597.0,186962.0,-1.2719,0.6265,555.0,-160.0,2.0,-3.0,-161.0,303.0,38.0,30.0,0.0,0.0,0.0,18.99,2.76,2.58
2020/05/04,308.0,316.0,306.0,313.0,452.0,141243.0,0.8052,0.4743,417.0,19.0,0.0,0.0,19.0,295.0,20.0,28.0,0.0,0.0,0.0,19.14,2.78,2.56
2020/05/05,317.0,317.5,313.5,315.5,313.0,98672.0,0.7987,0.3284,282.0,-4.0,0.0,0.0,-4.0,289.0,15.0,21.0,0.0,0.0,0.0,19.3,2.8,2.54
2020/05/06,317.0,317.5,315.5,316.5,277.0,87827.0,0.317,0.2907,247.0,10.0,0.0,-4.0,6.0,271.0,7.0,25.0,0.0,0.0,0.0,19.19,2.7,2.53
2020/05/07,316.5,318.0,310.0,311.5,408.0,127613.0,-1.5798,0.4281,350.0,-167.0,0.0,11.0,-156.0,292.0,33.0,6.0,0.0,0.0,0.0,18.89,2.66,2.57
2020/05/08,311.5,312.5,306.0,308.0,519.0,160302.0,-1.1236,0.5446,435.0,-259.0,0.0,12.0,-247.0,348.0,62.0,6.0,0.0,0.0,0.0,18.68,2.63,2.6
2020/05/11,309.0,315.0,308.5,312.0,452.0,141137.0,1.2987,0.4743,396.0,-151.0,0.0,0.0,-151.0,342.0,35.0,41.0,0.0,0.0,0.0,18.92,2.66,2.56
2020/05/12,312.0,317.0,312.0,312.5,343.0,107749.0,0.1603,0.3599,318.0,-89.0,0.0,-12.0,-101.0,360.0,36.0,18.0,0.0,0.0,0.0,18.95,2.66,2.56
2020/05/13,311.0,311.5,307.5,309.0,358.0,111084.0,-1.12,0.3757,298.0,-36.0,0.0,-7.0,-43.0,365.0,15.0,10.0,0.0,0.0,0.0,18.74,2.63,2.59
2020/05/14,309.0,312.5,306.0,307.0,417.0,128720.0,-0.6472,0.4376,292.0,-121.0,0.0,7.0,-114.0,367.0,18.0,16.0,0.0,0.0,0.0,18.62,2.62,2.61
2020/05/15,308.0,309.0,300.0,301.0,433.0,131223.0,-1.9544,0.4544,415.0,-230.0,0.0,-34.0,-264.0,400.0,41.0,8.0,0.0,0.0,0.0,18.25,2.57,2.66
2020/05/18,302.0,317.5,302.0,312.0,548.0,171258.0,3.6545,0.575,533.0,194.0,0.0,4.0,198.0,362.0,24.0,62.0,0.0,1.0,1.0,18.92,2.66,2.56
2020/05/19,316.0,318.0,312.5,313.0,308.0,96915.0,0.3205,0.3232,294.0,55.0,0.0,1.0,56.0,321.0,9.0,50.0,0.0,1.0,0.0,18.98,2.67,2.56
2020/05/20,316.0,331.5,316.0,323.5,829.0,269282.0,3.3546,0.8699,713.0,-35.0,0.0,-2.0,-37.0,396.0,130.0,55.0,1.0,0.0,0.0,19.62,2.76,2.47
2020/05/21,323.5,323.5,316.5,320.0,334.0,106716.0,-1.0819,0.3505,323.0,-130.0,0.0,7.0,-123.0,413.0,37.0,20.0,0.0,0.0,0.0,19.41,2.73,2.5
2020/05/22,320.0,326.0,318.0,320.0,382.0,122830.0,0.0,0.4009,331.0,-79.0,0.0,3.0,-76.0,413.0,37.0,37.0,0.0,0.0,0.0,19.41,2.73,2.5
2020/05/25,323.5,325.0,321.5,323.5,266.0,86034.0,1.0938,0.2791,250.0,7.0,20.0,6.0,33.0,404.0,23.0,32.0,0.0,0.0,0.0,19.62,2.76,2.47
2020/05/26,327.0,339.5,327.0,333.5,459.0,153256.0,3.0912,0.4817,438.0,52.0,0.0,8.0,60.0,416.0,46.0,34.0,0.0,0.0,0.0,20.22,2.84,2.4
2020/05/27,337.0,342.0,334.0,334.5,386.0,130090.0,0.2999,0.405,372.0,29.0,0.0,1.0,30.0,416.0,24.0,24.0,0.0,0.0,0.0,20.29,2.85,2.39
2020/05/28,336.0,342.0,332.5,333.0,312.0,105125.0,-0.4484,0.3274,285.0,30.0,0.0,0.0,30.0,401.0,12.0,27.0,0.0,0.0,0.0,20.19,2.84,2.4
2020/05/29,332.0,334.5,324.0,325.0,480.0,156910.0,-2.4024,0.5037,357.0,-83.0,0.0,8.0,-75.0,402.0,22.0,21.0,0.0,0.0,0.0,19.71,2.77,2.46
2020/06/01,328.0,333.5,328.0,329.0,178.0,58870.0,1.2308,0.1868,174.0,40.0,0.0,2.0,42.0,390.0,5.0,17.0,0.0,0.0,0.0,19.95,2.81,2.43
2020/06/02,332.0,333.5,327.0,328.5,164.0,54036.0,-0.152,0.1721,158.0,-28.0,0.0,0.0,-28.0,377.0,4.0,17.0,0.0,0.0,0.0,19.92,2.8,2.44
2020/06/03,331.0,352.0,331.0,351.0,927.0,316819.0,6.8493,0.9727,839.0,153.0,0.0,10.0,163.0,448.0,116.0,45.0,0.0,0.0,0.0,21.29,2.99,2.28
2020/06/04,355.0,356.0,342.0,342.0,609.0,210482.0,-2.5641,0.6391,566.0,-57.0,0.0,3.0,-54.0,517.0,88.0,19.0,0.0,0.0,0.0,20.74,2.92,2.34
2020/06/05,345.0,351.0,341.5,344.0,356.0,123130.0,0.5848,0.3736,318.0,12.0,0.0,0.0,12.0,523.0,19.0,13.0,0.0,0.0,0.0,20.86,2.93,2.33
2020/06/08,348.0,350.0,344.0,347.5,370.0,128319.0,1.0174,0.3883,331.0,-2.0,0.0,3.0,1.0,525.0,12.0,10.0,0.0,0.0,0.0,21.07,2.96,2.3
2020/06/09,348.0,351.5,342.5,342.5,368.0,127418.0,-1.4388,0.3862,345.0,-15.0,0.0,0.0,-15.0,516.0,10.0,19.0,0.0,0.0,0.0,20.77,2.92,2.34
2020/06/10,344.0,346.5,341.0,344.5,372.0,127769.0,0.5839,0.3904,292.0,47.0,-20.0,-1.0,26.0,506.0,32.0,42.0,0.0,0.0,0.0,20.89,2.94,2.32
2020/06/11,344.5,350.0,338.0,340.0,630.0,216482.0,-1.3062,0.6611,518.0,58.0,-20.0,-13.0,25.0,470.0,32.0,68.0,0.0,0.0,0.0,20.62,2.9,2.35
2020/06/12,333.5,340.0,330.0,339.5,253.0,84743.0,-0.1471,0.2655,226.0,-10.0,-35.0,-4.0,-49.0,470.0,12.0,12.0,0.0,0.0,0.0,20.59,2.89,2.36
2020/06/15,339.5,341.0,331.0,332.0,265.0,89400.0,-2.2091,0.2781,236.0,-15.0,6.0,0.0,-9.0,473.0,10.0,7.0,0.0,0.0,0.0,20.13,2.83,2.41
2020/06/16,337.0,340.5,336.0,338.0,217.0,73383.0,1.8072,0.2277,203.0,18.0,11.0,0.0,29.0,469.0,19.0,23.0,0.0,0.0,0.0,20.5,2.88,2.37
2020/06/17,338.5,340.0,335.5,338.5,232.0,78357.0,0.1479,0.2434,209.0,-22.0,0.0,-6.0,-28.0,459.0,5.0,15.0,0.0,0.0,0.0,20.53,2.89,2.36
2020/06/18,342.0,342.5,335.5,339.5,200.0,67718.0,0.2954,0.2099,180.0,1.0,0.0,2.0,3.0,448.0,3.0,14.0,0.0,0.0,0.0,20.59,2.89,2.36
2020/06/19,342.0,342.0,333.0,333.0,386.0,129827.0,-1.9146,0.405,321.0,-49.0,-13.0,15.0,-47.0,416.0,18.0,50.0,0.0,0.0,0.0,20.19,2.84,2.4
2020/06/22,336.0,339.0,334.0,338.5,204.0,68719.0,1.6517,0.2141,175.0,78.0,0.0,0.0,78.0,408.0,2.0,10.0,0.0,0.0,0.0,20.53,2.89,2.36
2020/06/23,339.0,342.0,337.5,340.0,259.0,88049.0,0.4431,0.2718,186.0,-39.0,0.0,-4.0,-43.0,413.0,11.0,6.0,0.0,0.0,0.0,20.62,2.9,2.35
2020/06/24,342.0,342.0,336.0,336.0,244.0,82695.0,-1.1765,0.256,216.0,-16.0,0.0,-1.0,-17.0,414.0,7.0,6.0,0.0,0.0,0.0,29.44,4.44,2.09
2020/06/29,334.0,338.0,333.5,336.0,142.0,47866.0,0.0,0.149,119.0,-3.0,-2.0,-6.0,-11.0,419.0,7.0,2.0,0.0,0.0,0.0,20.38,2.86,2.38
2020/06/30,337.5,339.5,335.5,335.5,181.0,61070.0,-0.1488,0.1899,163.0,-14.0,0.0,0.0,-14.0,432.0,14.0,1.0,0.0,0.0,0.0,20.35,2.86,2.38
2020/07/01,337.0,341.0,336.0,339.5,390.0,132648.0,1.1923,0.4092,323.0,17.0,0.0,-7.0,10.0,412.0,14.0,34.0,0.0,0.0,0.0,20.59,2.89,2.36
2020/07/02,340.5,343.0,338.0,341.5,396.0,135119.0,0.5891,0.4155,334.0,-131.0,0.0,-1.0,-132.0,438.0,50.0,24.0,0.0,0.0,0.0,20.71,2.91,2.34
2020/07/03,342.0,346.0,341.0,346.0,487.0,167245.0,1.3177,0.511,351.0,66.0,36.0,0.0,102.0,401.0,9.0,46.0,0.0,0.0,0.0,20.98,2.95,2.31
2020/07/06,349.0,353.0,347.5,350.5,502.0,176195.0,1.3006,0.5268,406.0,-8.0,0.0,4.0,-4.0,408.0,53.0,46.0,0.0,0.0,0.0,21.26,2.99,2.28
2020/07/07,352.5,353.5,341.5,347.0,390.0,134789.0,-0.9986,0.4092,328.0,-82.0,-2.0,2.0,-82.0,365.0,18.0,56.0,0.0,0.0,0.0,21.04,2.96,2.31
2020/07/08,348.0,349.5,341.5,342.5,278.0,95568.0,-1.2968,0.2917,266.0,-25.0,-1.0,4.0,-22.0,381.0,26.0,10.0,0.0,0.0,0.0,20.77,2.92,2.34
2020/07/09,343.0,345.0,341.0,343.5,223.0,76470.0,0.292,0.234,179.0,-54.0,0.0,0.0,-54.0,367.0,11.0,25.0,0.0,0.0,0.0,20.83,2.93,2.33
2020/07/10,343.5,343.5,334.0,334.0,329.0,110947.0,-2.7656,0.3452,282.0,-122.0,-1.0,-2.0,-125.0,373.0,25.0,19.0,0.0,0.0,0.0,20.25,2.85,2.4
2020/07/13,335.5,338.0,333.0,333.0,359.0,120183.0,-0.2994,0.3767,309.0,-119.0,-1.0,-1.0,-121.0,359.0,12.0,26.0,0.0,0.0,0.0,20.19,2.84,2.4
2020/07/14,333.0,337.5,333.0,333.5,225.0,75477.0,0.1502,0.2361,221.0,32.0,-1.0,0.0,31.0,350.0,3.0,12.0,0.0,1.0,1.0,20.22,2.84,2.4
2020/07/15,335.0,344.5,335.0,343.0,386.0,131357.0,2.8486,0.405,383.0,135.0,-1.0,8.0,142.0,330.0,10.0,30.0,0.0,1.0,0.0,20.8,2.92,2.33
2020/07/16,343.0,346.0,337.5,343.5,320.0,109568.0,0.1458,0.3358,313.0,33.0,0.0,-8.0,25.0,327.0,6.0,9.0,0.0,1.0,0.0,20.83,2.93,2.33
2020/07/17,344.0,346.5,341.5,343.5,308.0,105880.0,0.0,0.3232,229.0,8.0,0.0,0.0,8.0,311.0,2.0,18.0,0.0,1.0,0.0,20.83,2.93,2.33
2020/07/20,343.5,357.0,343.5,346.5,594.0,207668.0,0.8734,0.6233,544.0,203.0,0.0,5.0,208.0,356.0,56.0,11.0,1.0,0.0,0.0,21.01,2.95,2.31
2020/07/21,349.5,356.0,343.0,344.0,579.0,200717.0,-0.7215,0.6076,519.0,13.0,-1.0,1.0,13.0,316.0,28.0,68.0,0.0,0.0,0.0,20.86,2.93,2.33
2020/07/22,343.0,348.0,343.0,348.0,283.0,98018.0,1.1628,0.297,270.0,28.0,-2.0,-3.0,23.0,310.0,4.0,10.0,0.0,0.0,0.0,21.1,2.97,2.3
2020/07/23,348.5,354.0,345.5,348.0,364.0,127277.0,0.0,0.382,315.0,49.0,0.0,0.0,49.0,298.0,15.0,27.0,0.0,0.0,0.0,21.1,2.97,2.3
2020/07/24,348.0,350.5,344.0,344.0,241.0,83877.0,-1.1494,0.2529,226.0,-13.0,-1.0,-2.0,-16.0,297.0,8.0,9.0,0.0,0.0,0.0,20.86,2.93,2.33
2020/07/27,345.0,346.5,337.0,341.0,265.0,90296.0,-0.8721,0.2781,240.0,-52.0,-1.0,1.0,-52.0,290.0,6.0,13.0,0.0,0.0,0.0,20.68,2.91,2.35
2020/07/28,345.0,347.0,338.0,341.0,329.0,112938.0,0.0,0.3452,314.0,-12.0,-2.0,-3.0,-17.0,293.0,14.0,11.0,0.0,0.0,0.0,20.68,2.91,2.35
2020/07/29,341.0,345.5,338.0,338.0,247.0,84357.0,-0.8798,0.2592,239.0,-39.0,-1.0,-11.0,-51.0,295.0,4.0,2.0,0.0,0.0,0.0,20.5,2.88,2.37
2020/07/30,339.0,342.5,338.0,341.0,314.0,106741.0,0.8876,0.3295,299.0,-2.0,0.0,-1.0,-3.0,296.0,3.0,2.0,0.0,0.0,0.0,20.68,2.91,2.35
2020/07/31,341.0,343.0,338.0,338.0,224.0,76244.0,-0.8798,0.2351,204.0,-46.0,-1.0,0.0,-47.0,297.0,4.0,3.0,0.0,0.0,0.0,20.5,2.88,2.37
2020/08/03,341.0,344.0,338.5,340.0,191.0,65114.0,0.5917,0.2004,161.0,-2.0,-1.0,3.0,0.0,296.0,3.0,4.0,0.0,0.0,0.0,20.62,2.9,2.35
2020/08/04,341.0,345.0,341.0,344.0,190.0,65133.0,1.1765,0.1994,164.0,-14.0,0.0,-1.0,-15.0,294.0,4.0,6.0,0.0,0.0,0.0,20.86,2.93,2.33
2020/08/05,345.0,347.5,344.0,345.0,213.0,73650.0,0.2907,0.2235,192.0,1.0,0.0,6.0,7.0,295.0,5.0,4.0,0.0,0.0,0.0,20.92,2.94,2.32
2020/08/06,349.0,351.5,346.5,349.5,233.0,81261.0,1.3043,0.2445,211.0,16.0,0.0,1.0,17.0,324.0,37.0,8.0,0.0,0.0,0.0,21.19,2.98,2.29
2020/08/07,350.0,351.5,346.0,347.5,202.0,70467.0,-0.5722,0.212,182.0,-20.0,-13.0,4.0,-29.0,321.0,7.0,10.0,0.0,0.0,0.0,23.9,3.13,2.3
2020/08/10,340.0,340.0,332.0,332.5,577.0,193101.0,-4.3165,0.6055,485.0,-192.0,-13.0,-16.0,-221.0,329.0,41.0,33.0,0.0,0.0,0.0,22.87,3.0,2.41
2020/08/11,334.0,335.0,332.0,334.0,264.0,88087.0,0.4511,0.277,238.0,-26.0,-13.0,2.0,-37.0,330.0,3.0,2.0,0.0,0.0,0.0,22.97,3.01,2.4
2020/08/12,335.0,335.5,323.5,325.0,442.0,145273.0,-2.6946,0.4638,319.0,-258.0,-11.0,0.0,-269.0,314.0,21.0,33.0,0.0,0.0,0.0,22.35,2.93,2.46
2020/08/13,325.0,328.5,324.0,328.0,341.0,111106.0,0.9231,0.3578,301.0,-146.0,-28.0,16.0,-158.0,314.0,5.0,5.0,0.0,0.0,0.0,22.56,2.95,2.44
2020/08/14,328.0,328.5,324.5,327.0,386.0,125734.0,-0.3049,0.405,283.0,-229.0,0.0,2.0,-227.0,312.0,2.0,3.0,0.0,0.0,0.0,22.49,2.95,2.45
2020/08/17,327.0,330.0,323.5,327.5,394.0,128352.0,0.1529,0.4134,327.0,-210.0,-1.0,2.0,-209.0,316.0,4.0,0.0,0.0,0.0,0.0,22.52,2.95,2.44
2020/08/18,327.5,331.5,324.5,331.0,264.0,86644.0,1.0687,0.277,227.0,-47.0,-16.0,0.0,-63.0,309.0,0.0,7.0,0.0,0.0,0.0,22.76,2.98,2.42
2020/08/19,331.0,335.5,331.0,335.0,315.0,105061.0,1.2085,0.3305,258.0,-17.0,0.0,-14.0,-31.0,305.0,1.0,5.0,0.0,0.0,0.0,23.04,3.02,2.39
2020/08/20,333.0,333.0,323.5,329.5,277.0,90787.0,-1.6418,0.2907,264.0,-181.0,0.0,-2.0,-183.0,304.0,4.0,5.0,0.0,0.0,0.0,22.66,2.97,2.43
2020/08/21,330.0,332.0,324.0,328.0,259.0,84834.0,-0.4552,0.2718,229.0,-159.0,0.0,1.0,-158.0,314.0,10.0,0.0,0.0,0.0,0.0,22.56,2.95,2.44
2020/08/24,331.0,331.5,319.0,320.5,438.0,142519.0,-2.2866,0.4596,413.0,-162.0,0.0,-6.0,-168.0,324.0,14.0,4.0,0.0,0.0,0.0,22.04,2.89,2.5
2020/08/25,322.5,322.5,312.0,318.5,302.0,96231.0,-0.624,0.3169,267.0,-128.0,0.0,1.0,-127.0,325.0,4.0,3.0,0.0,0.0,0.0,21.91,2.87,2.51
2020/08/26,321.5,323.5,318.0,322.5,521.0,167519.0,1.2559,0.5467,424.0,-129.0,0.0,20.0,-109.0,324.0,12.0,12.0,0.0,0.0,0.0,22.18,2.91,2.48
2020/08/27,315.0,315.5,304.5,306.0,389.0,120504.0,-2.6357,0.4082,325.0,-241.0,0.0,-9.0,-250.0,341.0,20.0,3.0,0.0,0.0,0.0,21.05,2.76,2.61
2020/08/28,309.5,314.0,307.0,311.0,282.0,87278.0,1.634,0.2959,252.0,-92.0,-25.0,19.0,-98.0,337.0,6.0,6.0,0.0,5.0,5.0,21.39,2.8,2.57
2020/08/31,313.5,313.5,304.0,304.5,202.0,62005.0,-2.09,0.212,196.0,-134.0,0.0,0.0,-134.0,338.0,7.0,6.0,0.0,5.0,0.0,20.94,2.74,2.63
2020/09/01,306.0,308.0,305.0,306.0,164.0,50297.0,0.4926,0.1721,134.0,-31.0,0.0,-20.0,-51.0,348.0,12.0,2.0,0.0,5.0,0.0,21.05,2.76,2.61
2020/09/02,307.0,308.0,305.0,305.5,150.0,46063.0,-0.1634,0.1574,142.0,-29.0,0.0,2.0,-27.0,347.0,0.0,1.0,0.0,5.0,0.0,21.01,2.75,2.62
2020/09/03,306.5,308.0,303.5,305.5,152.0,46473.0,0.0,0.1595,150.0,-72.0,-2.0,2.0,-72.0,349.0,5.0,3.0,0.0,5.0,0.0,21.01,2.75,2.62
2020/09/04,304.0,304.0,295.0,299.0,401.0,119758.0,-2.1277,0.4208,338.0,-164.0,0.0,1.0,-163.0,359.0,21.0,3.0,0.0,6.0,1.0,20.56,2.69,2.68
2020/09/07,300.0,307.0,300.0,301.0,237.0,72139.0,0.6689,0.2487,227.0,-55.0,0.0,0.0,-55.0,373.0,23.0,9.0,0.0,6.0,0.0,20.7,2.71,2.66
2020/09/08,307.0,307.5,302.0,304.0,247.0,75382.0,0.9967,0.2592,210.0,-61.0,0.0,0.0,-61.0,395.0,28.0,6.0,0.0,6.0,0.0,20.91,2.74,2.63
2020/09/09,304.0,304.0,301.0,303.0,161.0,48767.0,-0.3289,0.1689,151.0,-43.0,0.0,-1.0,-44.0,402.0,7.0,0.0,0.0,6.0,0.0,20.84,2.73,2.64
2020/09/10,304.0,306.0,299.5,302.5,167.0,50431.0,-0.165,0.1752,155.0,-51.0,0.0,1.0,-50.0,400.0,1.0,3.0,0.0,9.0,3.0,20.8,2.72,2.64
2020/09/11,302.5,303.0,299.5,300.0,162.0,48806.0,-0.8264,0.17,150.0,-24.0,0.0,-2.0,-26.0,401.0,1.0,0.0,0.0,9.0,0.0,20.63,2.7,2.67
2020/09/14,304.0,304.0,301.0,303.5,221.0,66874.0,1.1667,0.2319,216.0,-15.0,0.0,2.0,-13.0,411.0,16.0,6.0,0.0,9.0,0.0,20.87,2.73,2.64
2020/09/15,303.5,304.5,302.0,304.5,203.0,61584.0,0.3295,0.213,194.0,6.0,0.0,2.0,8.0,408.0,0.0,3.0,0.0,9.0,0.0,20.94,2.74,2.63
2020/09/16,305.0,305.5,300.5,300.5,215.0,65184.0,-1.3136,0.2256,192.0,-58.0,0.0,0.0,-58.0,414.0,10.0,4.0,2.0,7.0,0.0,20.67,2.71,2.66
2020/09/17,303.0,303.0,298.0,298.0,274.0,82301.0,-0.8319,0.2875,217.0,-124.0,-19.0,-3.0,-146.0,416.0,4.0,2.0,0.0,7.0,0.0,20.5,2.68,2.68
2020/09/18,300.0,300.0,296.0,296.0,296.0,88190.0,-0.6711,0.3106,243.0,-86.0,-19.0,-5.0,-110.0,426.0,14.0,4.0,0.0,4.0,0.0,20.36,2.67,2.7
2020/09/21,298.5,299.5,292.5,294.0,229.0,67356.0,-0.6757,0.2403,220.0,-55.0,0.0,-2.0,-57.0,432.0,8.0,2.0,0.0,4.0,0.0,20.22,2.65,2.72
2020/09/22,295.0,296.0,289.0,292.5,190.0,55625.0,-0.5102,0.1994,177.0,-43.0,-1.0,-1.0,-45.0,399.0,10.0,43.0,0.0,4.0,0.0,20.12,2.63,2.74
2020/09/23,293.0,294.0,290.0,290.5,167.0,48895.0,-0.6838,0.1752,158.0,-66.0,0.0,-10.0,-76.0,364.0,10.0,0.0,0.0,4.0,0.0,19.98,2.62,2.75
2020/09/24,290.5,290.5,280.0,280.0,350.0,99055.0,-3.6145,0.3673,337.0,-186.0,0.0,-12.0,-198.0,392.0,33.0,5.0,0.0,4.0,0.0,20.36,2.67,2.7
2020/09/25,284.0,284.0,275.0,276.5,220.0,61360.0,-1.25,0.2309,231.0,-58.0,0.0,-12.0,-70.0,405.0,19.0,6.0,0.0,4.0,0.0,19.02,2.49,2.89
2020/09/28,285.0,285.0,274.0,276.5,432.0,119691.0,0.0,0.4533,395.0,-175.0,0.0,-1.0,-176.0,431.0,28.0,1.0,0.0,4.0,0.0,19.02,2.49,2.89
2020/09/29,279.0,280.0,277.0,280.0,371.0,103481.0,1.2658,0.3893,303.0,-45.0,0.0,-1.0,-46.0,429.0,2.0,4.0,0.0,4.0,0.0,19.26,2.52,2.86
2020/09/30,280.0,282.0,279.5,280.0,339.0,95108.0,0.0,0.3557,242.0,-154.0,0.0,9.0,-145.0,433.0,6.0,1.0,0.0,4.0,0.0,19.26,2.52,2.86
2020/10/05,279.0,283.5,278.0,283.5,331.0,92881.0,1.25,0.3473,261.0,-46.0,0.0,-7.0,-53.0,426.0,0.0,7.0,0.0,4.0,0.0,19.5,2.55,2.82
2020/10/06,283.5,285.0,280.5,282.0,377.0,106424.0,-0.5291,0.3956,313.0,-66.0,0.0,0.0,-66.0,435.0,16.0,7.0,0.0,4.0,0.0,19.39,2.54,2.84
2020/10/07,282.0,283.0,279.0,282.0,269.0,75563.0,0.0,0.2823,249.0,-74.0,0.0,1.0,-73.0,442.0,7.0,0.0,0.0,4.0,0.0,19.39,2.54,2.84
2020/10/08,282.0,282.5,279.5,281.5,214.0,60074.0,-0.1773,0.2246,198.0,-42.0,0.0,0.0,-42.0,451.0,10.0,1.0,0.0,0.0,0.0,19.36,2.54,2.84
2020/10/12,278.5,278.5,275.5,277.5,477.0,132420.0,-1.421,0.5005,212.0,-66.0,0.0,0.0,-66.0,447.0,3.0,5.0,0.0,2.0,2.0,19.09,2.5,2.88
2020/10/13,277.5,277.5,274.0,276.0,357.0,98554.0,-0.5405,0.3746,340.0,-30.0,0.0,-5.0,-35.0,446.0,8.0,9.0,0.0,2.0,0.0,18.98,2.49,2.9
2020/10/14,277.0,290.0,277.0,288.5,372.0,106539.0,4.529,0.3904,345.0,63.0,0.0,1.0,64.0,432.0,11.0,25.0,0.0,10.0,8.0,19.84,2.6,2.77
2020/10/15,288.0,291.5,283.0,288.5,319.0,92210.0,0.0,0.3347,307.0,13.0,0.0,-4.0,9.0,428.0,5.0,8.0,0.0,15.0,5.0,19.84,2.6,2.77
2020/10/16,289.0,294.0,289.0,292.0,278.0,81179.0,1.2132,0.2917,266.0,30.0,0.0,1.0,31.0,429.0,8.0,7.0,0.0,15.0,0.0,20.08,2.63,2.74
2020/10/19,296.0,296.5,289.0,290.5,215.0,62530.0,-0.5137,0.2256,211.0,-60.0,0.0,5.0,-55.0,436.0,8.0,1.0,0.0,15.0,0.0,19.98,2.62,2.75
2020/10/20,292.0,294.5,286.5,294.5,366.0,106279.0,1.3769,0.3841,334.0,7.0,0.0,15.0,22.0,472.0,39.0,2.0,0.0,15.0,0.0,20.25,2.65,2.72
2020/10/21,298.0,298.5,292.0,296.5,270.0,79944.0,0.6791,0.2833,259.0,0.0,0.0,-4.0,-4.0,463.0,14.0,23.0,0.0,15.0,0.0,20.39,2.67,2.7
2020/10/22,297.0,298.0,286.0,287.0,383.0,111101.0,-3.204,0.4019,319.0,-144.0,0.0,-3.0,-147.0,480.0,23.0,6.0,2.0,13.0,0.0,19.74,2.59,2.79
2020/10/23,289.0,290.5,285.5,287.0,364.0,104547.0,0.0,0.382,292.0,-35.0,0.0,-1.0,-36.0,477.0,2.0,5.0,0.0,13.0,0.0,19.74,2.59,2.79
2020/10/26,287.0,292.5,286.5,288.0,218.0,63241.0,0.3484,0.2288,195.0,-20.0,0.0,0.0,-20.0,520.0,47.0,4.0,0.0,13.0,0.0,19.81,2.59,2.78
2020/10/27,288.0,292.0,287.0,290.0,242.0,70162.0,0.6944,0.2539,210.0,15.0,0.0,4.0,19.0,519.0,2.0,2.0,0.0,14.0,1.0,19.94,2.61,2.76
2020/10/28,290.0,292.0,287.5,290.0,201.0,58376.0,0.0,0.2109,183.0,-18.0,0.0,-8.0,-26.0,516.0,3.0,6.0,1.0,13.0,0.0,19.94,2.61,2.76
2020/10/29,289.0,290.0,287.0,290.0,174.0,50269.0,0.0,0.1826,158.0,2.0,0.0,0.0,2.0,522.0,10.0,4.0,0.0,13.0,0.0,19.94,2.61,2.76
2020/10/30,290.5,291.5,287.0,288.0,143.0,41453.0,-0.6897,0.1501,141.0,-16.0,0.0,-7.0,-23.0,521.0,1.0,2.0,0.0,13.0,0.0,19.81,2.59,2.78
2020/11/02,290.0,292.0,280.5,283.0,177.0,50745.0,-1.7361,0.1857,176.0,-27.0,0.0,-2.0,-29.0,522.0,8.0,7.0,0.0,24.0,11.0,19.46,2.55,2.83
2020/11/03,286.0,289.0,284.5,286.0,160.0,45955.0,1.0601,0.1679,154.0,11.0,0.0,-2.0,9.0,510.0,1.0,13.0,0.0,25.0,1.0,19.67,2.58,2.8
2020/11/04,288.0,292.0,288.0,290.0,273.0,79328.0,1.3986,0.2865,258.0,107.0,0.0,-8.0,99.0,498.0,1.0,13.0,2.0,24.0,1.0,19.94,2.61,2.76
2020/11/05,290.5,293.0,289.0,292.5,190.0,55428.0,0.8621,0.1994,178.0,20.0,0.0,0.0,20.0,498.0,3.0,3.0,0.0,24.0,0.0,20.12,2.63,2.74
2020/11/06,293.0,297.0,293.0,295.0,339.0,100132.0,0.8547,0.3557,284.0,157.0,0.0,-4.0,153.0,496.0,4.0,6.0,0.0,26.0,2.0,22.69,2.58,2.71
2020/11/09,295.0,296.0,287.0,292.5,397.0,115098.0,-0.8475,0.4166,391.0,-62.0,0.0,4.0,-58.0,502.0,7.0,1.0,5.0,22.0,1.0,22.0,2.51,2.8
2020/11/10,292.5,292.5,287.5,290.5,280.0,81168.0,-0.6838,0.2938,252.0,-43.0,0.0,0.0,-43.0,504.0,4.0,2.0,7.0,15.0,0.0,22.35,2.55,2.75
2020/11/11,292.0,292.5,288.0,289.0,214.0,62176.0,-0.5164,0.2246,210.0,-62.0,0.0,8.0,-54.0,507.0,3.0,0.0,0.0,17.0,2.0,22.23,2.53,2.77
2020/11/12,290.0,290.0,284.0,287.5,404.0,116155.0,-0.519,0.4239,364.0,-153.0,0.0,-2.0,-155.0,507.0,4.0,3.0,2.0,16.0,1.0,22.12,2.52,2.78
2020/11/13,287.5,290.0,285.0,287.5,264.0,75726.0,0.0,0.277,257.0,-63.0,0.0,0.0,-63.0,504.0,3.0,6.0,0.0,16.0,0.0,22.12,2.52,2.78
2020/11/16,288.0,293.0,287.5,292.5,466.0,135216.0,1.7391,0.489,423.0,5.0,0.0,0.0,5.0,567.0,64.0,1.0,0.0,18.0,2.0,22.5,2.56,2.74
2020/11/17,292.5,293.0,288.0,288.0,333.0,96881.0,-1.5385,0.3494,339.0,-51.0,0.0,-1.0,-52.0,579.0,12.0,0.0,2.0,16.0,0.0,22.15,2.52,2.78
2020/11/18,288.0,289.0,285.0,286.0,343.0,98347.0,-0.6944,0.3599,320.0,-94.0,0.0,15.0,-79.0,582.0,4.0,1.0,0.0,16.0,0.0,22.0,2.51,2.8
2020/11/19,285.5,288.0,285.0,285.0,268.0,76817.0,-0.3497,0.2812,253.0,-118.0,0.0,0.0,-118.0,588.0,7.0,1.0,0.0,16.0,0.0,21.92,2.5,2.81
2020/11/20,285.5,288.5,285.0,285.0,259.0,74385.0,0.0,0.2718,273.0,-86.0,0.0,4.0,-82.0,592.0,5.0,1.0,2.0,14.0,0.0,21.92,2.5,2.81
2020/11/23,287.0,297.5,287.0,294.5,339.0,99448.0,3.3333,0.3557,351.0,46.0,1.0,2.0,49.0,605.0,33.0,20.0,0.0,14.0,0.0,22.65,2.58,2.72
2020/11/24,296.0,298.5,291.0,294.0,276.0,80991.0,-0.1698,0.2896,290.0,-66.0,0.0,1.0,-65.0,621.0,21.0,5.0,0.0,14.0,0.0,22.62,2.58,2.72
2020/11/25,293.0,296.0,292.0,294.5,305.0,89721.0,0.1701,0.3201,278.0,-16.0,0.0,8.0,-8.0,623.0,8.0,6.0,0.0,14.0,0.0,22.65,2.58,2.72
2020/11/26,295.5,296.5,292.0,295.0,252.0,74272.0,0.1698,0.2644,248.0,15.0,0.0,0.0,15.0,628.0,13.0,8.0,0.0,22.0,8.0,22.69,2.58,2.71
2020/11/27,295.0,298.0,295.0,297.5,317.0,94320.0,0.8475,0.3326,300.0,41.0,0.0,27.0,68.0,627.0,16.0,17.0,0.0,24.0,2.0,22.88,2.61,2.69
2020/11/30,299.0,304.5,299.0,300.0,488.0,147193.0,0.8403,0.5121,436.0,-34.0,0.0,2.0,-32.0,642.0,30.0,15.0,0.0,24.0,0.0,23.08,2.63,2.67
2020/12/01,302.0,303.0,299.5,300.0,279.0,84035.0,0.0,0.2928,257.0,-2.0,0.0,2.0,0.0,637.0,5.0,10.0,0.0,24.0,0.0,23.08,2.63,2.67
2020/12/02,301.0,302.5,300.0,300.5,290.0,87271.0,0.1667,0.3043,258.0,31.0,0.0,28.0,59.0,626.0,13.0,20.0,0.0,24.0,0.0,23.12,2.63,2.66
2020/12/03,303.0,303.0,299.5,301.0,237.0,71376.0,0.1664,0.2487,218.0,-44.0,0.0,18.0,-26.0,629.0,8.0,5.0,0.0,24.0,0.0,23.15,2.64,2.66
2020/12/04,303.0,303.0,300.0,300.0,268.0,80632.0,-0.3322,0.2812,227.0,8.0,0.0,7.0,15.0,621.0,10.0,18.0,0.0,24.0,0.0,23.08,2.63,2.67
2020/12/07,303.0,303.0,298.5,301.0,297.0,89179.0,0.3333,0.3117,285.0,11.0,0.0,3.0,14.0,620.0,6.0,7.0,0.0,26.0,2.0,23.15,2.64,2.66
2020/12/08,302.0,303.0,299.5,303.0,324.0,97763.0,0.6645,0.34,276.0,-8.0,0.0,8.0,0.0,604.0,1.0,17.0,0.0,26.0,0.0,23.31,2.65,2.64
2020/12/09,303.0,306.5,302.5,303.5,274.0,83372.0,0.165,0.2875,256.0,-30.0,0.0,0.0,-30.0,609.0,14.0,9.0,0.0,28.0,2.0,23.35,2.66,2.64
2020/12/10,303.5,305.5,301.5,305.0,358.0,108635.0,0.4942,0.3757,338.0,57.0,0.0,-3.0,54.0,604.0,9.0,14.0,0.0,28.0,0.0,23.46,2.67,2.62
2020/12/11,305.0,305.0,300.0,301.0,285.0,86045.0,-1.3115,0.2991,249.0,-98.0,0.0,12.0,-86.0,612.0,19.0,11.0,4.0,24.0,0.0,23.15,2.64,2.66
2020/12/14,302.0,304.5,300.0,303.0,231.0,69932.0,0.6645,0.2424,208.0,59.0,0.0,-5.0,54.0,596.0,2.0,16.0,0.0,24.0,0.0,23.31,2.65,2.64
2020/12/15,303.0,304.0,297.0,299.0,198.0,59625.0,-1.3201,0.2078,187.0,-83.0,0.0,3.0,-80.0,588.0,7.0,13.0,0.0,24.0,0.0,23.0,2.62,2.68
2020/12/16,301.0,303.0,298.5,300.5,181.0,54448.0,0.5017,0.1899,176.0,4.0,0.0,-5.0,-1.0,574.0,10.0,24.0,6.0,18.0,0.0,23.12,2.63,2.66
2020/12/17,300.5,301.0,295.0,296.0,146.0,43581.0,-1.4975,0.1532,147.0,-64.0,0.0,16.0,-48.0,599.0,26.0,1.0,13.0,5.0,0.0,22.77,2.59,2.7
2020/12/18,296.0,299.5,293.0,299.5,153.0,45492.0,1.1824,0.1606,149.0,-16.0,0.0,11.0,-5.0,602.0,8.0,5.0,0.0,9.0,4.0,23.04,2.62,2.67
2020/12/21,300.0,303.0,296.5,302.0,150.0,44978.0,0.8347,0.1574,147.0,40.0,0.0,-1.0,39.0,583.0,0.0,19.0,0.0,15.0,6.0,23.23,2.65,2.65
2020/12/22,302.0,302.0,298.0,299.0,120.0,36149.0,-0.9934,0.1259,111.0,18.0,0.0,-1.0,17.0,582.0,1.0,2.0,0.0,15.0,0.0,23.0,2.62,2.68
2020/12/23,301.0,302.0,298.0,298.0,117.0,35127.0,-0.3344,0.1228,105.0,9.0,0.0,-1.0,8.0,587.0,5.0,0.0,0.0,15.0,0.0,22.92,2.61,2.68
2020/12/24,300.0,301.5,298.5,300.0,141.0,42368.0,0.6711,0.148,131.0,36.0,0.0,0.0,36.0,587.0,2.0,2.0,0.0,15.0,0.0,23.08,2.63,2.67
2020/12/25,300.0,302.0,298.0,301.5,140.0,42098.0,0.5,0.1469,125.0,20.0,0.0,-5.0,15.0,582.0,2.0,7.0,0.0,17.0,2.0,23.19,2.64,2.65
2020/12/28,301.5,302.5,300.0,301.5,134.0,40391.0,0.0,0.1406,128.0,22.0,0.0,-3.0,19.0,582.0,1.0,1.0,0.0,17.0,0.0,23.19,2.64,2.65
2020/12/29,302.0,302.5,297.5,299.5,91.0,27531.0,-0.6633,0.0955,99.0,1.0,0.0,-6.0,-5.0,588.0,6.0,0.0,0.0,19.0,2.0,23.04,2.62,2.67
2020/12/30,301.0,301.0,298.0,298.5,111.0,33173.0,-0.3339,0.1165,98.0,13.0,0.0,10.0,23.0,558.0,11.0,41.0,0.0,19.0,0.0,22.96,2.62,2.68
2020/12/31,300.5,301.5,297.0,297.0,100.0,29971.0,-0.5025,0.1049,88.0,-4.0,0.0,-1.0,-5.0,541.0,4.0,21.0,0.0,19.0,0.0,22.85,2.6,2.69
2021/01/04,296.0,298.0,292.0,293.0,303.0,89106.0,-1.3468,0.318,292.0,9.0,0.0,0.0,9.0,446.0,24.0,118.0,0.0,19.0,0.0,22.54,2.57,2.73
2021/01/05,293.5,295.0,291.5,293.0,125.0,36898.0,0.0,0.1312,142.0,-30.0,0.0,5.0,-25.0,447.0,1.0,0.0,0.0,19.0,0.0,22.54,2.57,2.73
2021/01/06,294.0,295.0,288.0,288.0,155.0,45198.0,-1.7065,0.1626,173.0,-9.0,0.0,-7.0,-16.0,440.0,8.0,15.0,0.0,19.0,0.0,22.15,2.52,2.78
2021/01/07,291.0,291.0,285.0,287.0,203.0,58475.0,-0.3472,0.213,222.0,-44.0,0.0,3.0,-41.0,448.0,17.0,7.0,0.0,19.0,0.0,22.08,2.51,2.79
2021/01/08,289.5,294.5,285.0,287.0,261.0,75653.0,0.0,0.2739,269.0,-62.0,0.0,1.0,-61.0,483.0,36.0,1.0,0.0,21.0,2.0,22.08,2.51,2.79
2021/01/11,289.0,290.0,286.0,288.5,188.0,54156.0,0.5226,0.1973,161.0,13.0,0.0,1.0,14.0,468.0,5.0,14.0,0.0,21.0,0.0,22.19,2.53,2.77
2021/01/12,288.0,292.5,287.5,292.0,144.0,42036.0,1.2132,0.1511,148.0,53.0,0.0,0.0,53.0,433.0,2.0,24.0,0.0,21.0,0.0,22.46,2.56,2.74
2021/01/13,292.5,295.0,292.5,295.0,136.0,40204.0,1.0274,0.1427,127.0,50.0,0.0,8.0,58.0,434.0,5.0,4.0,0.0,21.0,0.0,22.69,2.58,2.71
2021/01/14,296.0,296.0,294.0,294.5,91.0,26942.0,-0.1695,0.0955,87.0,20.0,0.0,0.0,20.0,425.0,0.0,8.0,0.0,21.0,0.0,22.65,2.58,2.72
2021/01/15,296.5,301.5,295.5,300.0,281.0,83923.0,1.8676,0.2949,272.0,131.0,0.0,2.0,133.0,424.0,12.0,13.0,0.0,21.0,0.0,23.08,2.63,2.67
2021/01/18,297.0,301.0,296.0,297.5,143.0,42643.0,-0.8333,0.1501,142.0,21.0,0.0,3.0,24.0,428.0,4.0,0.0,0.0,21.0,0.0,22.88,2.61,2.69
2021/01/19,299.5,301.5,298.5,301.5,235.0,70780.0,1.3445,0.2466,217.0,85.0,0.0,0.0,85.0,479.0,56.0,5.0,1.0,20.0,0.0,23.19,2.64,2.65
2021/01/20,303.0,305.0,301.0,302.0,407.0,123183.0,0.1658,0.4271,373.0,160.0,0.0,0.0,160.0,460.0,4.0,23.0,13.0,7.0,0.0,23.23,2.65,2.65
2021/01/21,303.0,305.0,302.5,303.5,182.0,55267.0,0.4967,0.191,187.0,30.0,13.0,3.0,46.0,461.0,8.0,7.0,0.0,7.0,0.0,23.35,2.66,2.64
2021/01/22,300.5,304.5,300.5,303.0,244.0,74094.0,-0.1647,0.256,233.0,96.0,14.0,1.0,111.0,454.0,0.0,7.0,2.0,5.0,0.0,23.31,2.65,2.64
2021/01/25,303.0,303.5,301.5,303.0,327.0,99039.0,0.0,0.3431,142.0,31.0,15.0,5.0,51.0,444.0,4.0,14.0,0.0,5.0,0.0,23.31,2.65,2.64
2021/01/26,303.5,305.0,302.0,303.0,339.0,102896.0,0.0,0.3557,199.0,84.0,16.0,5.0,105.0,436.0,3.0,11.0,0.0,5.0,0.0,23.31,2.65,2.64
2021/01/27,304.5,312.0,303.0,310.0,509.0,157151.0,2.3102,0.5341,455.0,-49.0,0.0,23.0,-26.0,476.0,49.0,9.0,2.0,3.0,0.0,23.85,2.72,2.58
2021/01/28,308.0,308.0,301.0,301.5,311.0,94442.0,-2.7419,0.3263,290.0,-35.0,0.0,-5.0,-40.0,457.0,15.0,34.0,0.0,4.0,1.0,23.19,2.64,2.65
2021/01/29,305.0,305.0,294.5,299.0,308.0,91913.0,-0.8292,0.3232,294.0,-59.0,0.0,-4.0,-63.0,462.0,18.0,13.0,0.0,2.0,0.0,23.0,2.62,2.68
2021/02/01,300.0,300.5,293.0,299.5,197.0,58627.0,0.1672,0.2067,197.0,4.0,0.0,1.0,5.0,454.0,2.0,10.0,0.0,2.0,0.0,23.04,2.62,2.67
2021/02/02,300.0,303.5,295.0,303.0,252.0,75677.0,1.1686,0.2644,251.0,125.0,0.0,3.0,128.0,450.0,2.0,6.0,1.0,3.0,2.0,23.31,2.65,2.64
2021/02/03,304.5,308.0,303.0,304.0,186.0,56667.0,0.33,0.1952,146.0,37.0,0.0,-1.0,36.0,444.0,0.0,6.0,0.0,3.0,0.0,23.38,2.66,2.63
2021/02/04,304.0,306.0,303.5,305.0,124.0,37813.0,0.3289,0.1301,123.0,40.0,1.0,0.0,41.0,442.0,0.0,2.0,2.0,1.0,0.0,23.46,2.67,2.62
2021/02/05,306.0,310.0,303.0,303.0,102.0,31304.0,-0.6557,0.107,109.0,-2.0,0.0,-4.0,-6.0,437.0,6.0,6.0,0.0,1.0,0.0,23.31,2.65,2.64
2021/02/17,306.5,326.0,306.5,315.0,393.0,124147.0,3.9604,0.4124,427.0,20.0,0.0,-4.0,16.0,460.0,45.0,19.0,0.0,1.0,0.0,24.23,2.76,2.54
2021/02/18,317.0,320.5,315.0,320.0,255.0,81367.0,1.5873,0.2676,267.0,78.0,0.0,-1.0,77.0,472.0,21.0,9.0,0.0,1.0,0.0,24.62,2.8,2.5
2021/02/19,322.0,324.0,320.0,323.0,187.0,60490.0,0.9375,0.1962,229.0,58.0,0.0,0.0,58.0,462.0,5.0,15.0,0.0,1.0,0.0,24.85,2.83,2.48
2021/02/22,324.5,324.5,318.5,319.5,136.0,43672.0,-1.0836,0.1427,173.0,-34.0,0.0,0.0,-34.0,455.0,9.0,16.0,0.0,1.0,0.0,24.58,2.8,2.5
2021/02/23,317.5,324.5,313.0,322.0,173.0,55845.0,0.7825,0.1815,181.0,30.0,0.0,2.0,32.0,451.0,8.0,12.0,0.0,3.0,2.0,24.77,2.82,2.48
2021/02/24,321.0,323.0,318.5,319.5,137.0,44089.0,-0.7764,0.1438,149.0,27.0,0.0,-9.0,18.0,444.0,4.0,11.0,0.0,3.0,0.0,24.58,2.8,2.5
2021/02/25,322.5,322.5,318.0,322.0,117.0,37530.0,0.7825,0.1228,126.0,43.0,0.0,-8.0,35.0,452.0,8.0,0.0,0.0,3.0,0.0,24.77,2.82,2.48
2021/02/26,319.0,321.0,316.5,321.0,167.0,53382.0,-0.3106,0.1752,176.0,52.0,0.0,-2.0,50.0,450.0,3.0,5.0,0.0,5.0,2.0,24.69,2.81,2.49
2021/03/02,322.0,325.0,320.0,321.5,305.0,98281.0,0.1558,0.3201,301.0,125.0,0.0,-2.0,123.0,414.0,2.0,38.0,0.0,9.0,4.0,26.31,2.75,2.49
2021/03/03,323.0,330.0,315.5,322.0,288.0,93388.0,0.1555,0.3022,310.0,-14.0,0.0,17.0,3.0,412.0,7.0,9.0,0.0,9.0,0.0,26.35,2.76,2.48
2021/03/04,323.0,323.0,317.0,317.5,132.0,42270.0,-1.3975,0.1385,148.0,-29.0,0.0,-6.0,-35.0,413.0,3.0,2.0,0.0,9.0,0.0,25.98,2.72,2.52
2021/03/05,315.0,319.5,314.5,315.5,183.0,58038.0,-0.6299,0.192,213.0,-21.0,0.0,-2.0,-23.0,412.0,2.0,3.0,0.0,9.0,0.0,25.82,2.7,2.54
2021/03/08,317.5,321.5,315.5,318.0,175.0,55886.0,0.7924,0.1836,149.0,-38.0,0.0,-2.0,-40.0,412.0,0.0,0.0,5.0,2.0,0.0,26.02,2.72,2.52
2021/03/09,317.0,323.5,317.0,322.0,243.0,78296.0,1.2579,0.255,213.0,83.0,0.0,1.0,84.0,410.0,2.0,4.0,1.0,1.0,0.0,26.35,2.76,2.48
2021/03/10,323.0,327.0,320.0,320.0,123.0,39996.0,-0.6211,0.1291,141.0,-14.0,0.0,-3.0,-17.0,410.0,6.0,6.0,0.0,1.0,0.0,26.19,2.74,2.5
2021/03/11,317.0,319.5,317.0,318.5,157.0,50132.0,-0.4687,0.1647,153.0,-75.0,0.0,3.0,-72.0,443.0,39.0,6.0,1.0,0.0,0.0,26.06,2.73,2.51
2021/03/12,319.5,320.5,318.0,318.0,179.0,57308.0,-0.157,0.1878,173.0,-99.0,-3.0,0.0,-102.0,443.0,1.0,1.0,0.0,0.0,0.0,26.02,2.72,2.52
2021/03/15,319.0,319.0,313.5,315.0,158.0,50070.0,-0.9434,0.1658,173.0,-54.0,0.0,-1.0,-55.0,458.0,17.0,2.0,0.0,0.0,0.0,25.78,2.7,2.54
2021/03/16,315.0,316.5,313.0,315.0,168.0,52790.0,0.0,0.1763,160.0,-16.0,0.0,20.0,4.0,469.0,16.0,5.0,0.0,0.0,0.0,25.78,2.7,2.54
2021/03/17,316.0,319.5,314.0,315.0,117.0,37013.0,0.0,0.1228,120.0,-19.0,0.0,-1.0,-20.0,469.0,2.0,2.0,0.0,0.0,0.0,25.78,2.7,2.54
2021/03/18,319.0,320.5,316.0,320.0,113.0,36096.0,1.5873,0.1186,112.0,15.0,-3.0,-5.0,7.0,459.0,0.0,10.0,0.0,0.0,0.0,26.19,2.74,2.5
2021/03/19,316.5,321.0,316.5,317.0,209.0,66468.0,-0.9375,0.2193,109.0,-18.0,-1.0,-3.0,-22.0,480.0,21.0,0.0,0.0,0.0,0.0,25.94,2.72,2.52
2021/03/22,317.0,322.0,317.0,321.0,157.0,50327.0,1.2618,0.1647,176.0,29.0,0.0,0.0,29.0,475.0,2.0,4.0,0.0,0.0,0.0,26.27,2.75,2.49
2021/03/23,322.0,322.5,319.0,321.0,82.0,26435.0,0.0,0.086,93.0,15.0,0.0,-3.0,12.0,476.0,2.0,1.0,0.0,0.0,0.0,26.27,2.75,2.49
2021/03/24,320.5,322.0,318.5,320.0,60.0,19397.0,-0.3115,0.063,67.0,11.0,0.0,-4.0,7.0,459.0,0.0,2.0,0.0,0.0,0.0,26.19,2.74,2.5
2021/03/25,321.0,321.0,315.5,317.0,119.0,38042.0,-0.9375,0.1249,121.0,12.0,0.0,-21.0,-9.0,441.0,2.0,14.0,0.0,0.0,0.0,25.94,2.72,1.93
2021/03/26,319.0,323.0,319.0,320.0,155.0,49770.0,0.9464,0.1626,149.0,53.0,0.0,-3.0,50.0,432.0,3.0,12.0,0.0,2.0,2.0,26.19,2.74,1.91
2021/03/29,324.5,328.0,320.5,327.0,175.0,57064.0,2.1875,0.1836,191.0,35.0,0.0,0.0,35.0,428.0,3.0,7.0,0.0,2.0,0.0,26.76,2.8,1.87
2021/03/30,328.0,329.5,326.0,328.5,144.0,47291.0,0.4587,0.1511,150.0,-29.0,0.0,0.0,-29.0,425.0,2.0,5.0,0.0,2.0,0.0,26.19,2.74,2.5
2021/03/31,329.0,330.0,327.0,329.5,126.0,41597.0,0.3044,0.1322,129.0,4.0,0.0,0.0,4.0,420.0,2.0,7.0,0.0,2.0,0.0,26.96,2.82,1.86
2021/04/01,330.5,331.0,327.5,329.5,106.0,35080.0,0.0,0.1112,107.0,-3.0,0.0,0.0,-3.0,412.0,0.0,8.0,0.0,2.0,0.0,26.96,2.82,1.86
2021/04/06,331.0,332.0,328.0,330.0,109.0,36167.0,0.1517,0.1144,107.0,2.0,0.0,1.0,3.0,411.0,3.0,4.0,0.0,2.0,0.0,27.0,2.83,1.85
2021/04/07,332.0,332.0,328.5,331.5,164.0,54323.0,0.4545,0.1721,122.0,7.0,0.0,2.0,9.0,405.0,1.0,7.0,0.0,2.0,0.0,27.13,2.84,1.85
2021/04/08,333.0,334.0,329.0,334.0,114.0,38119.0,0.7541,0.1196,121.0,23.0,0.0,0.0,23.0,413.0,10.0,2.0,0.0,2.0,0.0,27.33,2.86,1.83
2021/04/09,334.0,335.0,330.5,333.5,103.0,34522.0,-0.1497,0.1081,106.0,22.0,0.0,0.0,22.0,403.0,4.0,14.0,0.0,2.0,0.0,27.29,2.86,1.84
2021/04/12,334.5,334.5,331.5,333.0,111.0,37159.0,-0.1499,0.1165,138.0,32.0,0.0,0.0,32.0,400.0,5.0,8.0,0.0,3.0,1.0,27.25,2.85,1.84
2021/04/13,333.0,334.5,331.5,334.0,127.0,42649.0,0.3003,0.1333,125.0,38.0,0.0,31.0,69.0,400.0,5.0,5.0,0.0,3.0,0.0,27.33,2.86,1.83
2021/04/14,335.0,335.0,329.5,333.0,111.0,37030.0,-0.2994,0.1165,102.0,4.0,0.0,11.0,15.0,394.0,3.0,9.0,0.0,3.0,0.0,27.25,2.85,1.84
2021/04/15,334.0,335.5,332.0,333.0,148.0,49606.0,0.0,0.1553,151.0,31.0,0.0,-1.0,30.0,390.0,0.0,4.0,0.0,3.0,0.0,27.25,2.85,1.84
2021/04/16,333.0,344.5,333.0,343.0,204.0,69913.0,3.003,0.2141,222.0,48.0,0.0,-1.0,47.0,390.0,13.0,13.0,0.0,3.0,0.0,28.07,2.94,1.78
2021/04/19,346.0,350.0,346.0,348.0,138.0,48214.0,1.4577,0.1448,151.0,11.0,0.0,7.0,18.0,374.0,4.0,20.0,0.0,3.0,0.0,28.48,2.98,1.76
2021/04/20,352.0,353.0,347.0,351.0,183.0,64124.0,0.8621,0.192,188.0,25.0,45.0,27.0,97.0,363.0,3.0,14.0,0.0,3.0,0.0,28.72,3.01,1.74
2021/04/21,350.5,365.5,350.0,358.0,359.0,128112.0,1.9943,0.3767,372.0,60.0,65.0,10.0,135.0,344.0,9.0,28.0,2.0,1.0,0.0,29.3,3.07,1.71
2021/04/22,361.0,375.0,361.0,367.5,417.0,153991.0,2.6536,0.4376,406.0,69.0,28.0,-3.0,94.0,361.0,51.0,34.0,1.0,0.0,0.0,30.07,3.15,1.67
2021/04/23,372.0,378.0,364.5,367.5,325.0,119773.0,0.0,0.341,292.0,-22.0,-15.0,-2.0,-39.0,378.0,28.0,11.0,0.0,0.0,0.0,30.07,3.15,1.67
2021/04/26,367.5,368.0,362.0,365.5,161.0,58937.0,-0.5442,0.1689,162.0,-28.0,-15.0,-2.0,-45.0,364.0,0.0,14.0,0.0,0.0,0.0,29.91,3.13,1.67
2021/04/27,367.0,367.5,362.0,365.0,130.0,47528.0,-0.1368,0.1364,116.0,-19.0,0.0,0.0,-19.0,345.0,1.0,20.0,0.0,0.0,0.0,29.87,3.13,1.68
2021/04/28,365.0,367.0,358.5,360.5,123.0,44592.0,-1.2329,0.1291,128.0,-11.0,0.0,-10.0,-21.0,333.0,4.0,16.0,0.0,4.0,4.0,29.5,3.09,1.7
2021/04/29,360.5,360.5,354.5,360.0,120.0,43097.0,-0.1387,0.1259,144.0,38.0,-4.0,2.0,36.0,329.0,5.0,9.0,0.0,6.0,2.0,29.46,3.08,1.7
2021/05/03,358.5,358.5,352.0,354.5,103.0,36662.0,-1.5278,0.1081,124.0,27.0,0.0,-2.0,25.0,333.0,16.0,12.0,0.0,6.0,0.0,29.01,3.04,1.73
2021/05/04,357.5,357.5,343.0,351.5,104.0,36107.0,-0.8463,0.1091,132.0,-7.0,0.0,9.0,2.0,338.0,8.0,3.0,0.0,6.0,0.0,28.76,3.01,1.74
2021/05/05,351.0,353.0,345.5,349.5,117.0,40859.0,-0.569,0.1228,126.0,5.0,0.0,0.0,5.0,335.0,0.0,3.0,0.0,6.0,0.0,28.6,2.99,1.75
2021/05/06,352.0,359.0,346.5,346.5,73.0,25620.0,-0.8584,0.0766,94.0,-31.0,0.0,1.0,-30.0,333.0,1.0,3.0,0.0,6.0,0.0,28.36,2.97,1.77
2021/05/07,346.0,354.0,346.0,354.0,114.0,40352.0,2.1645,0.1196,104.0,27.0,0.0,0.0,27.0,332.0,2.0,3.0,0.0,6.0,0.0,29.57,2.92,1.73
2021/05/10,369.5,389.0,369.5,374.0,499.0,190531.0,5.6497,0.5236,510.0,135.0,18.0,15.0,168.0,323.0,10.0,19.0,0.0,6.0,0.0,31.24,3.08,1.64
2021/05/11,382.0,385.5,375.0,380.0,500.0,190902.0,1.6043,0.5247,507.0,201.0,63.0,-16.0,248.0,268.0,3.0,58.0,0.0,6.0,0.0,31.75,3.13,1.61
2021/05/12,386.0,387.0,350.5,364.5,365.0,136717.0,-4.0789,0.383,392.0,40.0,-8.0,35.0,66.0,241.0,11.0,38.0,2.0,4.0,0.0,30.45,3.01,1.68
2021/05/13,369.0,372.5,348.0,366.0,166.0,60769.0,0.4115,0.1742,176.0,1.0,2.0,-24.0,-21.0,239.0,1.0,3.0,0.0,4.0,0.0,30.58,3.02,1.67
2021/05/14,375.0,380.0,369.5,376.0,218.0,80096.0,2.7322,0.2288,195.0,38.0,2.0,-2.0,38.0,236.0,3.0,6.0,0.0,4.0,0.0,31.41,3.1,1.63
2021/05/17,369.5,379.0,358.0,362.0,199.0,73344.0,-3.7234,0.2088,216.0,53.0,0.0,-9.0,44.0,244.0,12.0,4.0,0.0,5.0,1.0,30.24,2.99,1.69
2021/05/18,370.0,384.0,370.0,383.5,188.0,71672.0,5.9392,0.1973,216.0,22.0,1.0,5.0,28.0,254.0,25.0,15.0,0.0,5.0,0.0,32.04,3.16,1.6
2021/05/19,386.0,392.0,373.0,382.5,144.0,55627.0,-0.2608,0.1511,162.0,-24.0,0.0,0.0,-24.0,259.0,7.0,2.0,0.0,7.0,2.0,31.95,3.15,1.6
2021/05/20,380.0,385.0,376.0,380.5,92.0,34868.0,-0.5229,0.0965,91.0,31.0,2.0,1.0,34.0,259.0,0.0,0.0,0.0,7.0,0.0,31.79,3.14,1.61
2021/05/21,382.0,386.0,377.5,383.0,100.0,38334.0,0.657,0.1049,105.0,17.0,1.0,0.0,18.0,262.0,6.0,3.0,2.0,5.0,0.0,32.0,3.16,1.6
2021/05/24,382.0,399.5,381.0,390.0,229.0,89570.0,1.8277,0.2403,220.0,18.0,2.0,-3.0,17.0,324.0,68.0,6.0,0.0,5.0,0.0,32.58,3.22,1.57
2021/05/25,393.0,396.0,387.5,390.5,98.0,38657.0,0.1282,0.1028,112.0,-13.0,3.0,15.0,5.0,314.0,17.0,27.0,2.0,3.0,0.0,32.62,3.22,1.57
2021/05/26,393.0,395.0,385.0,389.5,97.0,38131.0,-0.2561,0.1018,106.0,-21.0,1.0,8.0,-12.0,318.0,8.0,4.0,0.0,3.0,0.0,32.54,3.21,1.57
2021/05/27,387.0,391.0,385.0,390.5,127.0,49391.0,0.2567,0.1333,121.0,38.0,0.0,-1.0,37.0,310.0,0.0,8.0,0.0,3.0,0.0,32.62,3.22,1.57
2021/05/28,394.5,394.5,375.0,376.5,242.0,92291.0,-3.5851,0.2539,280.0,-47.0,0.0,-4.0,-51.0,263.0,9.0,56.0,0.0,3.0,0.0,31.45,3.11,1.63
2021/05/31,376.5,383.5,376.5,383.5,113.0,42033.0,1.8592,0.1186,98.0,54.0,0.0,-1.0,53.0,258.0,3.0,8.0,0.0,3.0,0.0,32.04,3.16,1.6
2021/06/01,383.5,389.0,383.5,389.0,71.0,27773.0,1.4342,0.0745,94.0,26.0,0.0,6.0,32.0,253.0,0.0,5.0,0.0,3.0,0.0,32.5,3.21,1.57
2021/06/02,389.0,393.0,384.5,389.0,86.0,33441.0,0.0,0.0902,97.0,5.0,-6.0,16.0,15.0,251.0,0.0,2.0,0.0,3.0,0.0,32.5,3.21,1.57
2021/06/03,389.0,392.0,382.0,386.5,80.0,31027.0,-0.6427,0.0839,81.0,14.0,0.0,-13.0,1.0,249.0,2.0,4.0,0.0,3.0,0.0,32.29,3.19,1.58
2021/06/04,389.0,390.5,382.5,382.5,68.0,26453.0,-1.0349,0.0714,85.0,9.0,0.0,3.0,12.0,245.0,0.0,4.0,0.0,3.0,0.0,31.95,3.15,1.6
2021/06/07,388.0,388.0,381.0,388.0,69.0,26649.0,1.4379,0.0724,85.0,24.0,0.0,-1.0,23.0,241.0,1.0,5.0,0.0,3.0,0.0,32.41,3.2,1.58
2021/06/08,391.5,393.0,382.0,387.5,91.0,35321.0,-0.1289,0.0955,102.0,13.0,0.0,-7.0,6.0,242.0,3.0,2.0,0.0,3.0,0.0,32.37,3.2,1.58
2021/06/09,387.0,391.0,385.0,390.5,80.0,31218.0,0.7742,0.0839,91.0,18.0,0.0,-6.0,12.0,237.0,2.0,7.0,0.0,3.0,0.0,32.62,3.22,1.57
2021/06/10,390.5,393.0,388.0,392.0,63.0,24726.0,0.3841,0.0661,75.0,20.0,0.0,-3.0,17.0,232.0,0.0,5.0,0.0,3.0,0.0,32.75,3.23,1.56
2021/06/11,391.0,394.0,387.5,393.0,99.0,38932.0,0.2551,0.1039,108.0,16.0,8.0,3.0,27.0,239.0,9.0,2.0,0.0,3.0,0.0,32.83,3.24,1.56
2021/06/15,393.0,396.5,389.0,394.5,123.0,48310.0,0.3817,0.1291,155.0,32.0,0.0,1.0,33.0,233.0,4.0,10.0,0.0,3.0,0.0,32.96,3.25,1.55
2021/06/16,394.5,419.0,394.5,411.5,541.0,221278.0,4.3093,0.5677,580.0,194.0,0.0,0.0,194.0,287.0,60.0,6.0,2.0,2.0,1.0,34.38,3.39,1.49
2021/06/17,410.5,417.0,400.5,402.5,369.0,149865.0,-2.1871,0.3872,365.0,-174.0,0.0,26.0,-148.0,307.0,28.0,8.0,0.0,2.0,0.0,33.63,3.32,1.52
2021/06/18,405.0,409.0,395.5,395.5,337.0,135824.0,-1.7391,0.3536,319.0,-115.0,10.0,31.0,-74.0,280.0,17.0,44.0,1.0,1.0,0.0,33.04,3.26,1.55
2021/06/21,395.0,397.5,392.0,397.5,163.0,64726.0,0.5057,0.171,194.0,0.0,2.0,4.0,6.0,274.0,4.0,10.0,0.0,1.0,0.0,33.21,3.28,1.54
2021/06/22,394.0,407.0,394.0,401.0,209.0,84042.0,0.8805,0.2193,220.0,95.0,0.0,21.0,116.0,265.0,2.0,11.0,0.0,1.0,0.0,33.5,3.31,1.53
2021/06/23,399.5,408.0,396.0,405.5,125.0,50639.0,1.1222,0.1312,135.0,4.0,0.0,29.0,33.0,262.0,1.0,4.0,0.0,1.0,0.0,33.88,3.34,1.51
2021/06/24,414.5,417.0,407.5,412.0,144.0,59579.0,1.603,0.1511,152.0,-16.0,0.0,5.0,-11.0,257.0,4.0,9.0,0.0,1.0,0.0,34.42,3.4,1.49
2021/06/25,412.0,416.0,411.0,414.0,75.0,31280.0,0.4854,0.0787,98.0,4.0,0.0,6.0,10.0,255.0,0.0,2.0,0.0,1.0,0.0,34.59,3.41,1.48
2021/06/28,409.0,414.0,399.0,400.0,162.0,65452.0,-3.3816,0.17,170.0,-6.0,0.0,-4.0,-10.0,267.0,12.0,0.0,0.0,1.0,0.0,33.42,3.3,1.53
2021/06/29,400.0,401.5,395.0,395.0,155.0,61863.0,-1.25,0.1626,243.0,-21.0,0.0,-11.0,-32.0,302.0,38.0,3.0,0.0,1.0,0.0,33.0,3.26,1.55
2021/06/30,400.0,400.5,392.0,392.5,113.0,44695.0,-0.6329,0.1186,143.0,-20.0,0.0,-12.0,-31.0,316.0,19.0,5.0,0.0,1.0,0.0,32.79,3.24,1.56
2021/07/01,400.5,401.0,392.0,392.0,123.0,48936.0,-0.1274,0.1291,115.0,20.0,0.0,-6.0,14.0,318.0,12.0,10.0,0.0,1.0,0.0,32.75,3.23,1.56
2021/07/02,397.0,398.5,388.5,388.5,127.0,49826.0,-0.8929,0.1333,144.0,26.0,0.0,-2.0,24.0,336.0,20.0,2.0,0.0,1.0,0.0,32.46,3.2,1.58
2021/07/05,390.0,393.0,387.5,390.5,141.0,55145.0,0.5148,0.148,141.0,43.0,9.0,-28.0,24.0,354.0,21.0,3.0,0.0,1.0,0.0,32.62,3.22,1.57
2021/07/06,394.5,396.0,388.0,388.5,84.0,32827.0,-0.5122,0.0881,91.0,-1.0,-27.0,0.0,-28.0,361.0,7.0,0.0,0.0,3.0,2.0,32.46,3.2,1.58
2021/07/07,388.5,391.5,384.5,387.5,142.0,55064.0,-0.2574,0.149,142.0,17.0,-12.0,10.0,15.0,351.0,8.0,18.0,0.0,13.0,10.0,32.37,3.2,1.58
2021/07/08,390.0,394.0,386.0,390.0,70.0,27450.0,0.6452,0.0735,71.0,6.0,0.0,-17.0,-11.0,350.0,2.0,3.0,0.0,13.0,0.0,32.58,3.22,1.57
2021/07/09,389.0,392.5,381.0,388.0,113.0,43853.0,-0.5128,0.1186,109.0,-37.0,1.0,1.0,-35.0,348.0,1.0,3.0,0.0,13.0,0.0,32.41,3.2,1.58
2021/07/12,388.0,393.0,381.5,384.5,103.0,39915.0,-0.9021,0.1081,119.0,-43.0,-9.0,1.0,-51.0,345.0,6.0,7.0,0.0,13.0,0.0,32.12,3.17,1.59
2021/07/13,382.0,389.0,381.0,382.0,97.0,37317.0,-0.6502,0.1018,114.0,-22.0,0.0,4.0,-18.0,339.0,2.0,8.0,0.0,13.0,0.0,31.91,3.15,1.6
2021/07/14,383.0,385.5,376.5,380.0,111.0,42359.0,-0.5236,0.1165,126.0,2.0,0.0,6.0,8.0,332.0,2.0,9.0,0.0,13.0,0.0,31.75,3.13,1.61
2021/07/15,381.0,381.0,378.5,380.0,95.0,36102.0,0.0,0.0997,97.0,-14.0,1.0,2.0,-11.0,334.0,2.0,0.0,0.0,13.0,0.0,31.75,3.13,1.61
2021/07/16,378.5,380.0,370.5,379.0,190.0,71648.0,-0.2632,0.1994,185.0,23.0,-58.0,5.0,-30.0,337.0,5.0,2.0,1.0,12.0,0.0,31.66,3.13,1.61
2021/07/19,379.0,382.0,369.0,373.0,98.0,36730.0,-1.5831,0.1028,113.0,-18.0,0.0,4.0,-14.0,341.0,4.0,0.0,2.0,10.0,0.0,31.16,3.08,1.64
2021/07/20,368.5,374.5,368.5,374.0,103.0,38374.0,0.2681,0.1081,99.0,32.0,0.0,-4.0,28.0,338.0,2.0,5.0,0.0,10.0,0.0,31.24,3.08,1.64
2021/07/21,379.5,379.5,366.5,368.5,161.0,59705.0,-1.4706,0.1689,168.0,-16.0,0.0,9.0,-7.0,342.0,4.0,0.0,6.0,6.0,2.0,30.79,3.04,1.66
2021/07/22,368.0,369.0,358.0,362.0,227.0,82794.0,-1.7639,0.2382,255.0,-38.0,0.0,24.0,-14.0,354.0,12.0,0.0,0.0,6.0,0.0,30.24,2.99,1.69
2021/07/23,362.0,369.5,362.0,367.0,71.0,26197.0,1.3812,0.0745,76.0,14.0,0.0,0.0,14.0,347.0,0.0,7.0,0.0,6.0,0.0,30.66,3.03,1.67
2021/07/26,368.0,372.0,366.0,370.0,88.0,32607.0,0.8174,0.0923,97.0,4.0,0.0,0.0,4.0,349.0,2.0,0.0,0.0,6.0,0.0,30.91,3.05,1.65
2021/07/27,370.0,375.5,367.0,371.0,151.0,56012.0,0.2703,0.1585,126.0,-35.0,0.0,0.0,-35.0,343.0,1.0,7.0,0.0,6.0,0.0,30.99,3.06,1.65
2021/07/28,372.0,374.0,367.0,372.5,131.0,48437.0,0.4043,0.1375,115.0,-6.0,0.0,13.0,7.0,341.0,4.0,6.0,0.0,6.0,0.0,31.12,3.07,1.64
2021/07/29,373.0,376.5,368.0,375.0,365.0,136442.0,0.6711,0.383,288.0,67.0,0.0,-6.0,61.0,342.0,1.0,0.0,0.0,6.0,0.0,31.33,3.09,1.63
2021/07/30,377.0,380.0,372.0,372.5,62.0,23258.0,-0.6667,0.0651,73.0,-34.0,0.0,0.0,-34.0,350.0,8.0,0.0,0.0,6.0,0.0,31.12,3.07,1.64
2021/08/02,373.0,374.0,361.5,365.5,112.0,41057.0,-1.8792,0.1175,127.0,-36.0,0.0,4.0,-32.0,351.0,3.0,2.0,0.0,6.0,0.0,30.53,3.01,1.67
2021/08/03,367.0,367.0,362.5,367.0,57.0,20905.0,0.4104,0.0598,67.0,-3.0,-6.0,0.0,-9.0,350.0,0.0,1.0,0.0,6.0,0.0,30.66,3.03,1.67
2021/08/04,367.0,369.0,363.0,366.0,81.0,29769.0,-0.2725,0.085,87.0,-7.0,0.0,2.0,-5.0,351.0,1.0,0.0,0.0,6.0,0.0,30.58,3.02,1.67
2021/08/05,366.5,367.0,362.5,363.0,76.0,27792.0,-0.8197,0.0798,84.0,-23.0,0.0,0.0,-23.0,358.0,7.0,0.0,0.0,6.0,0.0,30.33,2.99,1.69
2021/08/06,364.0,364.0,358.5,363.0,103.0,37259.0,0.0,0.1081,100.0,-46.0,0.0,-1.0,-47.0,385.0,28.0,1.0,0.0,6.0,0.0,25.47,2.9,1.69
2021/08/09,371.0,379.0,370.5,375.0,397.0,149011.0,3.3058,0.4166,382.0,-1.0,20.0,0.0,19.0,373.0,14.0,26.0,0.0,6.0,0.0,26.32,2.99,1.63
2021/08/10,375.0,375.0,363.5,365.0,240.0,88437.0,-2.6667,0.2518,270.0,-66.0,0.0,4.0,-62.0,370.0,6.0,9.0,0.0,6.0,0.0,25.61,2.91,1.68
2021/08/11,364.0,370.0,364.0,368.0,157.0,57747.0,0.8219,0.1647,144.0,-26.0,0.0,10.0,-16.0,365.0,0.0,5.0,6.0,0.0,0.0,25.82,2.94,1.66
2021/08/12,367.0,367.0,361.0,364.5,132.0,48145.0,-0.9511,0.1385,138.0,-27.0,1.0,2.0,-24.0,380.0,18.0,3.0,0.0,0.0,0.0,25.58,2.91,1.68
2021/08/13,364.5,370.0,364.5,366.0,237.0,86742.0,0.4115,0.2487,203.0,-12.0,0.0,-1.0,-13.0,378.0,0.0,2.0,0.0,0.0,0.0,25.68,2.92,1.67
2021/08/16,367.0,373.5,366.0,370.5,196.0,72487.0,1.2295,0.2057,193.0,-27.0,12.0,-1.0,-16.0,373.0,1.0,6.0,0.0,0.0,0.0,26.0,2.96,1.65
2021/08/17,370.0,372.0,366.5,369.0,207.0,76620.0,-0.4049,0.2172,198.0,-44.0,0.0,-10.0,-54.0,372.0,0.0,1.0,0.0,0.0,0.0,25.89,2.95,1.66
2021/08/18,365.0,370.0,362.0,364.5,200.0,73222.0,-1.2195,0.2099,180.0,-6.0,0.0,-16.0,-22.0,382.0,12.0,0.0,0.0,1.0,1.0,25.58,2.91,1.68
2021/08/19,363.0,365.0,361.0,361.0,236.0,85920.0,-0.9602,0.2476,203.0,7.0,0.0,-43.0,-36.0,385.0,5.0,2.0,1.0,0.0,0.0,25.33,2.88,1.7
2021/08/20,361.0,366.0,361.0,362.5,115.0,41715.0,0.4155,0.1207,110.0,-34.0,4.0,-2.0,-32.0,387.0,3.0,1.0,0.0,0.0,0.0,25.44,2.89,1.69
2021/08/23,364.5,366.5,362.5,362.5,160.0,58385.0,0.0,0.1679,140.0,-42.0,0.0,0.0,-42.0,389.0,2.0,0.0,0.0,0.0,0.0,25.44,2.89,1.69
2021/08/24,364.0,368.0,358.0,366.0,143.0,52281.0,0.9655,0.1501,147.0,11.0,0.0,0.0,11.0,388.0,1.0,2.0,0.0,0.0,0.0,25.68,2.92,1.67
2021/08/25,369.0,369.0,363.5,365.0,146.0,53417.0,-0.2732,0.1532,135.0,-64.0,0.0,1.0,-63.0,400.0,13.0,1.0,0.0,0.0,0.0,25.61,2.91,1.68
2021/08/26,364.5,367.0,363.0,365.5,216.0,78985.0,1.8137,0.2267,198.0,-60.0,0.0,1.0,-59.0,390.0,0.0,10.0,0.0,0.0,0.0,25.65,2.92,1.67
2021/08/27,365.0,365.0,357.0,363.0,93.0,33688.0,-0.684,0.0976,107.0,-59.0,0.0,0.0,-59.0,392.0,3.0,1.0,0.0,0.0,0.0,25.47,2.9,1.69
2021/08/30,365.0,368.0,363.0,368.0,110.0,40246.0,1.3774,0.1154,106.0,-20.0,-7.0,11.0,-16.0,392.0,0.0,0.0,0.0,0.0,0.0,25.82,2.94,1.66
2021/08/31,370.5,375.0,368.0,373.5,244.0,90663.0,1.4946,0.256,216.0,-6.0,0.0,-8.0,-14.0,391.0,0.0,1.0,0.0,0.0,0.0,26.21,2.98,1.64
2021/09/01,374.5,374.5,364.0,370.0,484.0,178949.0,-0.9371,0.5079,147.0,-62.0,-25.0,1.0,-86.0,393.0,2.0,0.0,0.0,0.0,0.0,25.96,2.95,1.65
2021/09/02,368.0,368.0,360.0,364.5,987.0,360478.0,-1.4865,1.0357,208.0,-30.0,-69.0,2.0,-97.0,394.0,1.0,0.0,0.0,0.0,0.0,25.58,2.91,1.68
2021/09/03,367.0,372.0,367.0,369.0,179.0,66047.0,1.2346,0.1878,172.0,-58.0,0.0,4.0,-54.0,395.0,1.0,0.0,0.0,0.0,0.0,25.89,2.95,1.66
2021/09/06,371.0,372.0,369.0,372.0,98.0,36376.0,0.813,0.1028,102.0,-29.0,0.0,3.0,-26.0,384.0,2.0,5.0,0.0,0.0,0.0,26.11,2.97,1.65
2021/09/07,372.0,392.0,368.5,392.0,487.0,185479.0,5.3763,0.511,478.0,17.0,10.0,-7.0,20.0,407.0,40.0,17.0,0.0,1.0,1.0,27.51,3.13,1.56
2021/09/08,392.0,394.0,380.0,387.0,172.0,66880.0,-1.2755,0.1805,192.0,-26.0,6.0,-11.0,-31.0,402.0,11.0,16.0,0.0,2.0,1.0,27.16,3.09,1.58
2021/09/09,390.0,390.0,375.5,377.0,199.0,75953.0,-2.584,0.2088,204.0,-68.0,-26.0,-3.0,-97.0,416.0,15.0,1.0,0.0,2.0,0.0,26.46,3.01,1.62
2021/09/10,381.0,386.0,376.0,382.0,353.0,134840.0,1.3263,0.3704,338.0,-113.0,36.0,-12.0,-89.0,437.0,30.0,9.0,0.0,2.0,0.0,26.81,3.05,1.6
2021/09/13,385.0,387.0,382.0,387.0,247.0,95089.0,1.3089,0.2592,259.0,-70.0,77.0,0.0,7.0,436.0,0.0,1.0,0.0,2.0,0.0,27.16,3.09,1.58
2021/09/14,389.5,399.0,389.5,398.0,281.0,111096.0,2.8424,0.2949,290.0,86.0,0.0,5.0,91.0,432.0,18.0,22.0,0.0,2.0,0.0,27.93,3.18,1.54
2021/09/15,398.0,400.0,390.0,390.0,162.0,63925.0,-2.0101,0.17,167.0,-38.0,0.0,-6.0,-44.0,428.0,5.0,9.0,0.0,2.0,0.0,27.37,3.11,1.57
2021/09/16,390.0,402.0,389.0,396.0,388.0,153489.0,1.5385,0.4071,379.0,-92.0,0.0,-2.0,-94.0,435.0,16.0,9.0,0.0,5.0,3.0,27.79,3.16,1.55
2021/09/17,395.0,403.0,395.0,399.0,357.0,143171.0,0.7576,0.3746,353.0,32.0,-6.0,2.0,28.0,406.0,9.0,38.0,0.0,5.0,0.0,28.0,3.18,1.53
2021/09/22,395.0,400.0,394.0,398.0,199.0,79447.0,-0.2506,0.2088,183.0,-95.0,0.0,-5.0,-100.0,395.0,11.0,22.0,0.0,5.0,0.0,27.93,3.18,1.54
2021/09/23,399.0,401.5,398.5,400.5,330.0,132225.0,0.6281,0.3463,363.0,-34.0,0.0,0.0,-35.0,418.0,36.0,13.0,0.0,5.0,0.0,28.11,3.2,1.53
2021/09/24,404.0,410.0,404.0,407.0,179.0,73161.0,1.623,0.1878,204.0,31.0,0.0,1.0,32.0,429.0,16.0,5.0,0.0,6.0,1.0,28.56,3.25,1.5
2021/09/27,409.0,410.0,398.0,399.0,204.0,82387.0,-1.9656,0.2141,204.0,-60.0,20.0,0.0,-40.0,413.0,6.0,22.0,0.0,6.0,0.0,28.0,3.18,1.53
2021/09/28,399.0,401.0,390.0,394.0,157.0,61822.0,-1.2531,0.1647,156.0,-22.0,0.0,-2.0,-24.0,404.0,0.0,9.0,1.0,5.0,0.0,27.65,3.14,1.55
2021/09/29,392.0,392.0,376.5,379.5,336.0,128352.0,-3.6802,0.3526,292.0,-99.0,12.0,-5.0,-92.0,392.0,17.0,29.0,3.0,2.0,0.0,26.63,3.03,1.61
2021/09/30,382.0,390.0,370.0,388.0,295.0,111663.0,2.2398,0.3096,288.0,-62.0,34.0,3.0,-24.0,390.0,2.0,4.0,0.0,2.0,0.0,27.23,3.1,1.58
2021/10/01,385.0,385.0,375.0,381.0,166.0,63257.0,-1.8041,0.1742,158.0,7.0,0.0,-1.0,6.0,371.0,0.0,19.0,0.0,2.0,0.0,26.74,3.04,1.61
2021/10/04,382.0,382.5,373.0,379.0,124.0,47087.0,-0.5249,0.1301,131.0,-23.0,0.0,0.0,-23.0,363.0,0.0,8.0,1.0,2.0,1.0,26.6,3.03,1.61
2021/10/05,376.0,384.5,376.0,379.5,216.0,82026.0,0.1319,0.2267,183.0,-69.0,16.0,0.0,-53.0,363.0,0.0,0.0,0.0,2.0,0.0,26.63,3.03,1.61
2021/10/06,379.0,379.5,374.0,377.0,113.0,42613.0,-0.6588,0.1186,108.0,-36.0,0.0,0.0,-36.0,362.0,0.0,1.0,1.0,1.0,0.0,26.46,3.01,1.62
2021/10/07,373.5,382.0,373.5,378.5,257.0,97451.0,0.3979,0.2697,324.0,-72.0,0.0,8.0,-64.0,363.0,2.0,1.0,0.0,1.0,0.0,26.56,3.02,1.62
2021/10/08,378.0,379.0,376.0,377.0,133.0,50274.0,-0.3963,0.1396,160.0,-36.0,0.0,1.0,-35.0,374.0,12.0,1.0,1.0,0.0,0.0,26.46,3.01,1.62
2021/10/12,376.0,381.5,375.0,378.5,162.0,61242.0,0.3979,0.17,161.0,-6.0,0.0,3.0,-3.0,375.0,7.0,6.0,0.0,0.0,0.0,26.56,3.02,1.62
2021/10/13,375.0,378.5,373.0,376.0,132.0,49558.0,-0.6605,0.1385,129.0,1.0,9.0,9.0,19.0,379.0,4.0,0.0,0.0,1.0,1.0,26.39,3.0,1.63
2021/10/14,372.5,379.5,372.0,377.0,185.0,69691.0,0.266,0.1941,183.0,-18.0,10.0,2.0,-6.0,378.0,0.0,1.0,0.0,1.0,0.0,26.46,3.01,1.62
2021/10/15,378.5,398.5,378.5,388.5,197.0,75770.0,3.0504,0.2067,192.0,6.0,0.0,3.0,9.0,377.0,0.0,1.0,0.0,1.0,0.0,27.26,3.1,1.58
2021/10/18,388.5,388.5,382.0,384.5,112.0,43216.0,-1.0296,0.1175,105.0,-14.0,0.0,23.0,9.0,377.0,0.0,0.0,0.0,1.0,0.0,26.98,3.07,1.59
2021/10/19,388.0,391.5,383.0,385.5,155.0,59803.0,0.2601,0.1626,153.0,-28.0,0.0,4.0,-24.0,378.0,1.0,0.0,0.0,1.0,0.0,27.05,3.08,1.59
2021/10/20,385.0,388.5,384.0,386.5,219.0,84675.0,0.2594,0.2298,201.0,-57.0,0.0,4.0,-53.0,379.0,1.0,0.0,0.0,1.0,0.0,27.12,3.09,1.58
2021/10/21,385.5,395.0,385.5,387.5,333.0,130145.0,0.2587,0.3494,291.0,-35.0,0.0,-1.0,-36.0,432.0,56.0,3.0,1.0,0.0,0.0,27.19,3.09,1.58
2021/10/22,387.5,395.0,386.5,392.5,652.0,253992.0,1.2903,0.6842,391.0,-53.0,0.0,6.0,-47.0,455.0,25.0,2.0,0.0,0.0,0.0,27.54,3.13,1.56
2021/10/25,394.0,394.0,389.0,390.0,265.0,103516.0,-0.6369,0.2781,188.0,-59.0,0.0,-2.0,-61.0,466.0,11.0,0.0,0.0,0.0,0.0,27.37,3.11,1.57
2021/10/26,390.0,407.5,389.0,397.0,723.0,287125.0,1.7949,0.7587,636.0,10.0,0.0,26.0,36.0,489.0,24.0,1.0,0.0,1.0,1.0,27.86,3.17,1.54
2021/10/27,400.0,430.0,400.0,421.5,676.0,281990.0,6.1713,0.7094,675.0,64.0,0.0,17.0,81.0,651.0,173.0,11.0,0.0,1.0,0.0,29.58,3.36,1.45
2021/10/28,421.5,424.0,415.0,421.0,176.0,74165.0,-0.1186,0.1847,233.0,-29.0,0.0,7.0,-22.0,650.0,21.0,22.0,0.0,3.0,2.0,29.54,3.36,1.45
2021/10/29,421.0,430.5,418.0,427.0,271.0,115646.0,1.4252,0.2844,275.0,25.0,0.0,23.0,48.0,683.0,59.0,26.0,0.0,3.0,0.0,29.96,3.41,1.43
2021/11/01,430.0,430.0,419.0,423.0,163.0,69050.0,-0.9368,0.171,293.0,-54.0,0.0,2.0,-52.0,707.0,50.0,26.0,0.0,3.0,0.0,29.68,3.38,1.45
2021/11/02,423.5,423.5,408.0,413.0,251.0,104326.0,-2.3641,0.2634,266.0,19.0,0.0,7.0,26.0,665.0,28.0,70.0,0.0,3.0,0.0,28.98,3.3,1.48
2021/11/03,419.0,426.0,413.5,418.0,117.0,49098.0,1.2107,0.1228,123.0,-3.0,-1.0,-2.0,-6.0,665.0,4.0,4.0,0.0,3.0,0.0,29.33,3.34,1.46
2021/11/04,420.0,426.0,418.5,420.0,132.0,55913.0,0.4785,0.1385,156.0,-11.0,-2.0,-4.0,-17.0,680.0,24.0,9.0,0.0,3.0,0.0,29.47,3.35,1.46
2021/11/05,418.5,425.0,413.5,424.5,110.0,46405.0,1.0714,0.1154,121.0,-29.0,0.0,0.0,-29.0,670.0,5.0,15.0,0.0,3.0,0.0,23.9,3.38,1.44
2021/11/08,433.5,440.5,430.0,439.0,344.0,149694.0,3.4158,0.361,393.0,117.0,7.0,3.0,127.0,636.0,21.0,55.0,0.0,4.0,1.0,24.72,3.49,1.39
2021/11/09,454.5,471.5,448.0,465.0,744.0,346132.0,5.9226,0.7807,875.0,-88.0,150.0,10.0,72.0,664.0,72.0,44.0,0.0,4.0,0.0,26.18,3.7,1.32
2021/11/10,471.5,471.5,449.0,467.0,467.0,215632.0,0.4301,0.49,808.0,11.0,20.0,83.0,114.0,700.0,59.0,23.0,0.0,5.0,1.0,26.3,3.71,1.31
2021/11/11,459.0,466.5,454.5,461.0,300.0,137713.0,-1.2848,0.3148,437.0,16.0,5.0,-34.0,-13.0,707.0,53.0,46.0,1.0,5.0,1.0,25.96,3.67,1.33
2021/11/12,461.0,463.0,450.0,459.5,230.0,105081.0,-0.3254,0.2414,240.0,9.0,20.0,-2.0,27.0,699.0,16.0,24.0,0.0,5.0,0.0,25.87,3.65,1.33
2021/11/15,457.0,466.5,453.5,465.5,171.0,78845.0,1.3058,0.1794,212.0,19.0,0.0,18.0,37.0,675.0,21.0,45.0,0.0,5.0,0.0,26.21,3.7,1.31
2021/11/16,471.5,471.5,460.5,467.0,170.0,79629.0,0.3222,0.1784,209.0,-34.0,10.0,26.0,2.0,645.0,2.0,32.0,0.0,5.0,0.0,26.3,3.71,1.31
2021/11/17,466.0,470.0,458.0,461.5,192.0,89045.0,-1.1777,0.2015,214.0,-70.0,0.0,-22.0,-92.0,641.0,9.0,13.0,1.0,4.0,0.0,25.99,3.67,1.33
2021/11/18,461.5,467.0,453.5,461.5,209.0,97286.0,0.0,0.2193,203.0,11.0,0.0,3.0,14.0,636.0,3.0,8.0,0.0,4.0,0.0,25.99,3.67,1.33
2021/11/19,461.5,479.5,457.0,476.0,424.0,200889.0,3.1419,0.4449,462.0,114.0,20.0,-4.0,130.0,646.0,36.0,26.0,0.0,7.0,3.0,26.8,3.78,1.29
2021/11/22,473.0,487.5,473.0,487.5,336.0,162715.0,2.416,0.3526,336.0,86.0,0.0,4.0,90.0,644.0,16.0,18.0,1.0,6.0,0.0,27.45,3.88,1.26
2021/11/23,487.5,487.5,477.5,482.0,225.0,108631.0,-1.1282,0.2361,333.0,-17.0,0.0,10.0,-7.0,636.0,10.0,18.0,0.0,6.0,0.0,27.14,3.83,1.27
2021/11/24,478.0,485.5,466.0,466.5,405.0,191846.0,-3.2158,0.425,437.0,146.0,0.0,-98.0,48.0,640.0,37.0,33.0,1.0,5.0,0.0,26.27,3.71,1.31
2021/11/25,467.0,482.5,467.0,478.0,298.0,142496.0,2.4652,0.3127,310.0,135.0,0.0,-3.0,132.0,625.0,11.0,26.0,0.0,6.0,1.0,26.91,3.8,1.28
2021/11/26,474.0,481.0,468.0,469.0,219.0,104229.0,-1.8828,0.2298,254.0,16.0,0.0,-8.0,8.0,618.0,4.0,11.0,1.0,5.0,0.0,26.41,3.73,1.3
2021/11/29,468.0,474.0,462.5,468.0,325.0,152152.0,-0.2132,0.341,270.0,107.0,0.0,2.0,109.0,597.0,3.0,24.0,0.0,6.0,1.0,26.35,3.72,1.31
2021/11/30,476.0,490.0,472.5,481.5,397.0,190749.0,2.8846,0.4166,397.0,103.0,0.0,-6.0,97.0,595.0,1.0,3.0,1.0,6.0,1.0,27.11,3.83,1.27
2021/12/01,481.5,487.5,473.0,485.5,242.0,117078.0,0.8307,0.2539,333.0,65.0,-5.0,9.0,69.0,583.0,9.0,21.0,1.0,5.0,0.0,27.34,3.86,1.26
2021/12/02,485.5,485.5,466.0,470.0,222.0,105234.0,-3.1926,0.233,389.0,-23.0,0.0,2.0,-21.0,588.0,12.0,7.0,0.0,5.0,0.0,26.46,3.74,1.3
2021/12/03,470.5,491.5,470.5,490.0,336.0,162901.0,4.2553,0.3526,355.0,96.0,0.0,-20.0,76.0,586.0,13.0,15.0,0.0,6.0,1.0,27.59,3.9,1.25
2021/12/06,490.0,490.5,476.0,490.0,199.0,96565.0,0.0,0.2088,273.0,-43.0,0.0,-27.0,-70.0,585.0,3.0,4.0,1.0,5.0,0.0,27.59,3.9,1.25
2021/12/07,493.0,493.0,479.0,487.0,240.0,116623.0,-0.6122,0.2518,248.0,-44.0,25.0,-5.0,-25.0,584.0,8.0,9.0,0.0,7.0,2.0,27.42,3.87,1.26
2021/12/08,486.5,492.5,486.5,492.0,164.0,80611.0,1.0267,0.1721,185.0,3.0,0.0,-5.0,-2.0,584.0,4.0,4.0,0.0,7.0,0.0,27.7,3.91,1.24
2021/12/09,492.0,496.5,482.5,484.5,178.0,87560.0,-1.5244,0.1868,535.0,-59.0,0.0,2.0,-57.0,575.0,2.0,11.0,0.0,7.0,0.0,27.28,3.85,1.26
2021/12/10,483.0,490.0,483.0,488.5,118.0,57989.0,0.8256,0.1238,140.0,21.0,0.0,-1.0,20.0,569.0,0.0,6.0,0.0,7.0,0.0,27.51,3.88,1.25
2021/12/13,496.0,503.0,495.0,501.0,313.0,156864.0,2.5589,0.3284,312.0,106.0,0.0,-3.0,103.0,575.0,14.0,8.0,0.0,8.0,1.0,28.21,3.98,1.22
2021/12/14,501.0,503.0,485.0,493.0,241.0,119666.0,-1.5968,0.2529,600.0,18.0,-7.0,3.0,14.0,588.0,31.0,18.0,1.0,7.0,0.0,27.76,3.92,1.24
2021/12/15,491.0,491.0,483.0,487.5,114.0,55768.0,-1.1156,0.1196,231.0,-15.0,-26.0,7.0,-34.0,588.0,3.0,3.0,0.0,7.0,0.0,27.45,3.88,1.26
2021/12/16,500.0,500.0,489.0,494.0,153.0,75775.0,1.3333,0.1606,285.0,14.0,0.0,-3.0,11.0,581.0,6.0,13.0,0.0,7.0,0.0,27.82,3.93,1.24
2021/12/17,494.0,499.0,491.5,491.5,143.0,71034.0,-0.5061,0.1501,146.0,27.0,0.0,0.0,27.0,575.0,0.0,6.0,0.0,7.0,0.0,27.67,3.91,1.25
2021/12/20,491.5,491.5,485.0,489.5,112.0,54844.0,-0.4069,0.1175,120.0,-17.0,0.0,-5.0,-22.0,575.0,1.0,1.0,0.0,7.0,0.0,27.56,3.89,1.25
2021/12/21,490.0,497.5,486.0,489.0,249.0,122409.0,-0.1021,0.2613,266.0,15.0,0.0,2.0,17.0,567.0,7.0,15.0,0.0,7.0,0.0,27.53,3.89,1.25
2021/12/22,489.0,498.0,489.0,498.0,179.0,88960.0,1.8405,0.1878,193.0,78.0,0.0,0.0,78.0,563.0,2.0,6.0,0.0,8.0,1.0,28.04,3.96,1.23
2021/12/23,499.0,501.0,495.0,501.0,147.0,73473.0,0.6024,0.1543,150.0,32.0,0.0,1.0,33.0,563.0,1.0,1.0,0.0,9.0,1.0,28.21,3.98,1.22
2021/12/24,501.0,508.0,500.0,508.0,259.0,130749.0,1.3972,0.2718,280.0,124.0,0.0,27.0,151.0,568.0,11.0,6.0,0.0,10.0,1.0,28.6,4.04,1.2
2021/12/27,507.0,512.0,505.0,505.0,169.0,86424.0,-0.5906,0.1773,214.0,-18.0,0.0,19.0,1.0,567.0,4.0,5.0,0.0,10.0,0.0,28.43,4.02,1.21
2021/12/28,515.0,519.0,514.0,517.0,233.0,120711.0,2.3762,0.2445,566.0,20.0,-5.0,16.0,31.0,567.0,13.0,13.0,0.0,11.0,1.0,29.11,4.11,1.18
2021/12/29,521.0,539.0,511.0,518.0,344.0,180359.0,0.1934,0.361,770.0,-41.0,0.0,21.0,-20.0,614.0,52.0,5.0,0.0,11.0,0.0,29.17,4.12,1.18
2021/12/30,518.0,522.0,511.0,517.0,100.0,51909.0,-0.1931,0.1049,213.0,-28.0,0.0,14.0,-14.0,598.0,7.0,23.0,0.0,11.0,0.0,29.11,4.11,1.18
2022/01/03,519.0,524.0,505.0,512.0,222.0,114207.0,-0.9671,0.233,280.0,1.0,-3.0,11.0,9.0,605.0,33.0,26.0,1.0,10.0,0.0,26.69,3.77,1.29
2022/01/04,515.0,515.0,499.0,501.0,167.0,84016.0,-2.1484,0.1752,200.0,-33.0,5.0,9.0,-19.0,600.0,3.0,8.0,1.0,9.0,0.0,28.21,3.98,1.22
2022/01/05,501.0,501.0,486.0,494.5,208.0,102579.0,-1.2974,0.2183,245.0,38.0,-8.0,-5.0,25.0,583.0,14.0,31.0,0.0,10.0,1.0,27.84,3.93,1.24
2022/01/06,490.5,491.0,483.5,490.0,168.0,82152.0,-0.91,0.1763,188.0,-32.0,0.0,-4.0,-36.0,580.0,6.0,9.0,2.0,9.0,1.0,27.59,3.9,1.25
2022/01/07,500.0,502.0,467.5,471.0,425.0,203085.0,-3.8776,0.446,488.0,60.0,0.0,-98.0,-38.0,599.0,31.0,12.0,2.0,7.0,0.0,26.52,3.74,1.3
2022/01/10,468.0,475.5,462.0,465.0,348.0,162358.0,-1.2739,0.3652,358.0,87.0,2.0,12.0,101.0,617.0,30.0,12.0,1.0,6.0,0.0,26.18,3.7,1.32
2022/01/11,465.0,466.0,452.0,458.0,351.0,160823.0,-1.5054,0.3683,393.0,167.0,-40.0,-1.0,126.0,609.0,32.0,36.0,1.0,8.0,3.0,25.79,3.64,1.34
2022/01/12,464.5,464.5,452.5,453.5,139.0,63543.0,-0.9825,0.1459,147.0,-53.0,19.0,0.0,-34.0,620.0,20.0,9.0,3.0,5.0,0.0,25.53,3.61,1.35
2022/01/13,458.5,470.0,453.5,469.0,401.0,185888.0,3.4179,0.4208,389.0,-35.0,87.0,18.0,70.0,601.0,4.0,20.0,0.0,5.0,0.0,26.41,3.73,1.3
2022/01/14,469.0,473.0,460.5,469.5,262.0,122535.0,0.1066,0.2749,248.0,4.0,29.0,9.0,42.0,570.0,3.0,34.0,0.0,5.0,0.0,26.44,3.73,1.3
2022/01/17,465.5,479.0,464.0,478.0,154.0,73568.0,1.8104,0.1616,159.0,-60.0,40.0,1.0,-19.0,571.0,8.0,7.0,0.0,5.0,0.0,26.91,3.8,1.28
2022/01/18,476.0,480.5,470.5,474.0,158.0,75191.0,-0.8368,0.1658,162.0,-67.0,18.0,-3.0,-52.0,581.0,17.0,7.0,0.0,5.0,0.0,26.69,3.77,1.29
2022/01/19,472.5,478.5,469.5,477.0,184.0,87771.0,0.6329,0.1931,183.0,52.0,0.0,-13.0,39.0,502.0,0.0,29.0,0.0,5.0,0.0,26.86,3.79,1.28
2022/01/20,474.0,476.5,466.5,467.5,94.0,44123.0,-1.9916,0.0986,112.0,-27.0,0.0,-2.0,-29.0,493.0,4.0,13.0,1.0,4.0,0.0,26.32,3.72,1.31
2022/01/21,464.5,469.5,456.5,456.5,138.0,64062.0,-2.3529,0.1448,151.0,9.0,0.0,-7.0,2.0,396.0,3.0,16.0,0.0,4.0,0.0,25.7,3.63,1.34
2022/01/24,450.0,457.5,445.0,454.5,254.0,115152.0,-0.4381,0.2665,208.0,31.0,0.0,-28.0,3.0,400.0,25.0,21.0,0.0,4.0,0.0,25.59,3.61,1.35
2022/01/25,455.0,455.0,444.0,444.0,141.0,63303.0,-2.3102,0.148,147.0,-38.0,0.0,-8.0,-46.0,413.0,23.0,10.0,0.0,5.0,1.0,25.0,3.53,1.38
2022/01/26,444.0,449.5,440.0,448.0,246.0,109564.0,0.9009,0.2581,261.0,73.0,0.0,-4.0,69.0,399.0,6.0,20.0,0.0,6.0,1.0,25.23,3.56,1.37
2022/02/07,448.5,460.0,440.0,450.5,222.0,99572.0,0.558,0.233,224.0,-60.0,0.0,29.0,-31.0,395.0,0.0,4.0,0.0,6.0,0.0,25.37,3.58,1.36
2022/02/08,452.0,471.0,452.0,465.0,317.0,146532.0,3.2186,0.3326,311.0,119.0,9.0,9.0,137.0,401.0,17.0,11.0,1.0,5.0,0.0,26.18,3.7,1.32
2022/02/09,466.0,479.5,466.0,474.5,223.0,105986.0,2.043,0.234,236.0,39.0,0.0,7.0,46.0,405.0,14.0,10.0,0.0,5.0,0.0,26.72,3.77,1.29
2022/02/10,475.0,478.0,467.5,472.0,202.0,95496.0,-0.5269,0.212,193.0,-27.0,-20.0,5.0,-42.0,420.0,20.0,5.0,0.0,5.0,0.0,26.58,3.75,1.3
2022/02/11,475.0,475.0,466.5,473.0,187.0,88232.0,0.2119,0.1962,184.0,15.0,-20.0,-3.0,-8.0,419.0,7.0,8.0,0.0,5.0,0.0,26.63,3.76,1.29
2022/02/14,471.0,471.0,456.0,457.5,124.0,57451.0,-3.277,0.1301,125.0,-22.0,0.0,-42.0,-64.0,426.0,8.0,1.0,0.0,5.0,0.0,25.76,3.64,1.34
2022/02/15,459.0,460.0,450.0,450.0,162.0,73772.0,-1.6393,0.17,168.0,-56.0,1.0,-3.0,-58.0,438.0,13.0,1.0,0.0,5.0,0.0,25.34,3.58,1.36
2022/02/16,456.5,460.0,450.0,450.0,121.0,54988.0,0.0,0.127,128.0,-33.0,0.0,-6.0,-39.0,440.0,3.0,1.0,0.0,5.0,0.0,25.34,3.58,1.36
2022/02/17,446.5,457.0,446.5,451.5,104.0,47239.0,0.3333,0.1091,112.0,-41.0,1.0,54.0,14.0,438.0,0.0,2.0,0.0,5.0,0.0,25.42,3.59,1.36
2022/02/18,450.0,450.0,441.0,445.0,167.0,74440.0,-1.4396,0.1752,152.0,-37.0,0.0,-1.0,-38.0,442.0,30.0,26.0,0.0,5.0,0.0,25.06,3.54,1.38
2022/02/21,445.0,445.0,438.5,442.0,142.0,62756.0,-0.6742,0.149,142.0,-2.0,0.0,-59.0,-61.0,440.0,3.0,5.0,0.0,5.0,0.0,24.89,3.51,1.38
2022/02/22,442.0,444.5,429.0,431.0,164.0,71148.0,-2.4887,0.1721,200.0,-32.0,-7.0,-23.0,-62.0,437.0,9.0,12.0,0.0,5.0,0.0,24.27,3.43,1.42
2022/02/23,435.5,443.5,432.0,441.0,133.0,58335.0,2.3202,0.1396,133.0,4.0,0.0,1.0,5.0,435.0,1.0,3.0,0.0,6.0,1.0,24.83,3.51,1.39
2022/02/24,433.0,438.0,420.0,420.0,354.0,150793.0,-4.7619,0.3715,325.0,-65.0,-33.0,-2.0,-100.0,504.0,72.0,3.0,1.0,5.0,0.0,23.65,3.34,1.46
2022/02/25,425.0,431.5,419.5,428.0,199.0,85206.0,1.9048,0.2088,197.0,58.0,-41.0,-9.0,8.0,504.0,3.0,3.0,0.0,6.0,1.0,19.68,3.24,1.43
2022/03/01,430.0,448.0,430.0,441.0,238.0,104460.0,3.0374,0.2497,241.0,32.0,-7.0,2.0,27.0,499.0,9.0,14.0,2.0,4.0,0.0,20.28,3.33,1.39
2022/03/02,443.0,446.5,441.0,445.0,94.0,41831.0,0.907,0.0986,103.0,11.0,0.0,2.0,13.0,493.0,0.0,6.0,0.0,4.0,0.0,20.46,3.36,1.38
2022/03/03,449.0,452.5,443.0,446.0,112.0,50210.0,0.2247,0.1175,104.0,3.0,0.0,-3.0,0.0,472.0,6.0,27.0,0.0,4.0,0.0,20.51,3.37,1.37
2022/03/04,445.0,445.5,435.5,441.0,92.0,40645.0,-1.1211,0.0965,108.0,-25.0,0.0,6.0,-19.0,474.0,2.0,0.0,0.0,4.0,0.0,20.28,3.33,1.39
2022/03/07,435.5,435.5,414.0,415.5,202.0,85109.0,-5.7823,0.212,235.0,14.0,-38.0,14.0,-10.0,445.0,28.0,57.0,1.0,6.0,3.0,19.1,3.14,1.47
2022/03/08,415.5,418.0,403.5,406.5,130.0,53278.0,-2.1661,0.1364,158.0,23.0,-38.0,-1.0,-16.0,456.0,12.0,1.0,1.0,6.0,1.0,18.69,3.07,1.51
2022/03/09,410.0,418.5,409.5,412.5,152.0,63071.0,1.476,0.1595,162.0,-1.0,-35.0,-1.0,-37.0,463.0,11.0,4.0,0.0,6.0,0.0,18.97,3.12,1.48
2022/03/10,420.0,426.0,419.0,423.0,180.0,76175.0,2.5455,0.1889,172.0,21.0,-35.0,2.0,-12.0,473.0,12.0,2.0,3.0,3.0,0.0,19.45,3.2,1.45
2022/03/11,423.0,426.5,415.0,420.5,95.0,39976.0,-0.591,0.0997,104.0,9.0,-40.0,0.0,-32.0,497.0,24.0,0.0,0.0,4.0,1.0,19.33,3.18,1.46
2022/03/14,421.0,425.0,417.0,422.0,114.0,48221.0,0.3567,0.1196,114.0,7.0,14.0,4.0,25.0,499.0,7.0,5.0,0.0,4.0,0.0,19.4,3.19,1.45
2022/03/15,422.0,424.0,418.0,421.5,121.0,51171.0,-0.1185,0.127,136.0,15.0,0.0,-1.0,14.0,504.0,7.0,2.0,0.0,5.0,1.0,19.38,3.19,1.45
2022/03/16,422.0,427.5,420.0,427.5,112.0,47634.0,1.4235,0.1175,124.0,23.0,0.0,-1.0,22.0,502.0,1.0,2.0,1.0,5.0,1.0,19.66,3.23,1.43
2022/03/17,432.0,435.0,423.0,428.5,175.0,74986.0,0.2339,0.1836,183.0,-66.0,4.0,-2.0,-64.0,513.0,11.0,0.0,0.0,6.0,1.0,19.7,3.24,1.43
2022/03/18,429.0,429.0,414.0,414.0,150.0,63131.0,-3.3839,0.1574,150.0,-62.0,0.0,8.0,-54.0,524.0,12.0,1.0,0.0,7.0,1.0,19.03,3.13,1.48
2022/03/21,414.0,430.0,414.0,429.5,107.0,45656.0,3.744,0.1123,115.0,15.0,0.0,2.0,17.0,519.0,6.0,11.0,0.0,7.0,0.0,19.75,3.25,1.42
2022/03/22,430.0,432.0,426.5,430.0,88.0,37784.0,0.1164,0.0923,90.0,-10.0,0.0,1.0,-9.0,519.0,0.0,0.0,0.0,7.0,0.0,19.77,3.25,1.42
2022/03/23,430.0,437.5,429.0,429.5,140.0,60776.0,-0.1163,0.1469,149.0,31.0,0.0,5.0,36.0,513.0,3.0,9.0,1.0,6.0,0.0,19.03,3.13,1.48
2022/03/24,429.0,435.0,426.5,427.0,74.0,31922.0,-0.5821,0.0777,88.0,-22.0,0.0,0.0,-22.0,512.0,0.0,1.0,0.0,6.0,0.0,19.63,3.23,1.43
2022/03/25,428.5,434.0,424.5,434.0,127.0,54689.0,1.6393,0.1333,140.0,29.0,0.0,0.0,29.0,510.0,2.0,4.0,0.0,6.0,0.0,19.95,3.28,1.41
2022/03/28,434.5,434.5,415.5,419.0,194.0,81826.0,-3.4562,0.2036,236.0,-24.0,0.0,6.0,-18.0,522.0,13.0,1.0,0.0,6.0,0.0,19.26,3.17,1.46
2022/03/29,419.5,434.0,419.5,425.5,128.0,54987.0,1.5513,0.1343,136.0,32.0,0.0,-1.0,31.0,513.0,3.0,12.0,0.0,6.0,0.0,19.56,3.22,2.56
2022/03/30,430.0,439.5,430.0,439.5,199.0,86949.0,3.2902,0.2088,207.0,53.0,-1.0,9.0,61.0,509.0,6.0,9.0,0.0,6.0,0.0,20.21,3.32,2.48
2022/03/31,439.5,442.5,435.5,437.0,114.0,50425.0,-0.5688,0.1196,129.0,-14.0,15.0,3.0,4.0,506.0,4.0,7.0,0.0,6.0,0.0,20.09,3.3,2.49
2022/04/01,436.5,441.0,431.5,438.0,149.0,65270.0,0.2288,0.1564,167.0,-12.0,46.0,-9.0,25.0,508.0,4.0,2.0,0.0,6.0,0.0,20.14,3.31,2.48
2022/04/06,435.0,441.5,431.0,431.5,190.0,82981.0,-1.484,0.1994,167.0,-57.0,0.0,8.0,-49.0,517.0,11.0,0.0,0.0,6.0,0.0,19.84,3.26,2.52
2022/04/07,428.0,434.5,421.5,425.0,115.0,49276.0,-1.5064,0.1207,140.0,-26.0,0.0,-4.0,-30.0,512.0,10.0,15.0,0.0,6.0,0.0,19.54,3.21,2.56
2022/04/08,435.0,447.5,430.0,446.0,254.0,112594.0,4.9412,0.2665,299.0,37.0,79.0,-1.0,115.0,507.0,7.0,12.0,0.0,7.0,1.0,20.51,3.37,2.44
2022/04/11,443.5,455.5,438.5,438.5,295.0,132282.0,-1.6816,0.3096,326.0,-80.0,10.0,11.0,-59.0,511.0,26.0,22.0,1.0,6.0,0.0,20.16,3.32,2.48
2022/04/12,436.5,441.0,428.5,430.0,192.0,83354.0,-1.9384,0.2015,215.0,-36.0,25.0,23.0,12.0,529.0,20.0,2.0,0.0,6.0,0.0,19.77,3.25,2.53
2022/04/13,435.0,441.0,434.5,439.0,126.0,55345.0,2.093,0.1322,130.0,21.0,10.0,15.0,46.0,530.0,8.0,7.0,0.0,6.0,0.0,20.18,3.32,2.48
2022/04/14,443.0,447.0,440.0,443.0,120.0,53241.0,0.9112,0.1259,132.0,12.0,36.0,-3.0,45.0,517.0,6.0,19.0,0.0,6.0,0.0,20.37,3.35,2.46
2022/04/15,442.0,442.0,425.0,425.0,190.0,81971.0,-4.0632,0.1994,221.0,-47.0,10.0,13.0,-24.0,513.0,12.0,16.0,1.0,5.0,0.0,19.54,3.21,2.56
2022/04/18,425.5,431.5,420.5,427.5,133.0,56677.0,0.5882,0.1396,139.0,-13.0,8.0,-12.0,-17.0,512.0,0.0,1.0,0.0,5.0,0.0,19.66,3.23,2.55
2022/04/19,434.0,437.0,430.0,433.5,115.0,49953.0,1.4035,0.1207,110.0,10.0,0.0,0.0,10.0,502.0,3.0,9.0,0.0,5.0,0.0,19.93,3.28,2.51
2022/04/20,438.0,441.0,433.5,433.5,121.0,52796.0,0.0,0.127,111.0,14.0,6.0,3.0,23.0,471.0,4.0,5.0,0.0,5.0,0.0,19.93,3.28,2.51
2022/04/21,435.0,442.0,426.0,426.0,156.0,67787.0,-1.7301,0.1637,147.0,-13.0,0.0,12.0,-1.0,461.0,7.0,17.0,4.0,1.0,0.0,19.59,3.22,2.55
2022/04/22,425.0,425.0,407.0,409.5,275.0,113754.0,-3.8732,0.2886,318.0,-175.0,0.0,11.0,-164.0,416.0,29.0,8.0,1.0,0.0,0.0,18.83,3.1,2.66
2022/04/25,392.0,403.0,381.5,385.0,287.0,111821.0,-5.9829,0.3012,347.0,-34.0,-47.0,-5.0,-86.0,405.0,16.0,27.0,0.0,0.0,0.0,17.7,2.91,2.83
2022/04/26,392.0,392.0,377.0,383.0,446.0,171279.0,-0.5195,0.468,464.0,194.0,-107.0,-12.0,75.0,403.0,9.0,11.0,0.0,0.0,0.0,17.61,2.9,2.84
2022/04/27,379.0,379.0,371.5,377.5,455.0,170338.0,-1.436,0.4775,427.0,126.0,8.0,-24.0,110.0,409.0,28.0,20.0,0.0,0.0,0.0,17.36,2.85,2.88
2022/04/28,380.5,390.5,378.5,386.5,216.0,83220.0,2.3841,0.2267,208.0,20.0,0.0,3.0,23.0,399.0,3.0,13.0,0.0,0.0,0.0,17.77,2.92,2.82
2022/04/29,393.0,398.0,390.0,397.0,170.0,67349.0,2.7167,0.1784,176.0,-19.0,47.0,0.0,28.0,380.0,2.0,5.0,0.0,1.0,1.0,18.25,3.0,2.74
2022/05/03,399.5,400.0,395.0,399.0,71.0,28447.0,0.5038,0.0745,79.0,15.0,0.0,1.0,16.0,376.0,0.0,4.0,0.0,1.0,0.0,18.34,3.02,2.73
2022/05/04,402.0,409.5,402.0,407.0,100.0,40935.0,2.005,0.1049,115.0,2.0,0.0,0.0,2.0,367.0,4.0,13.0,0.0,1.0,0.0,18.71,3.08,2.67
2022/05/05,410.5,413.0,407.0,409.5,134.0,55149.0,0.6143,0.1406,150.0,-5.0,0.0,0.0,-5.0,364.0,2.0,5.0,0.0,1.0,0.0,18.83,3.1,2.66
2022/05/06,400.5,405.5,398.5,405.0,91.0,36752.0,-1.0989,0.0955,104.0,-13.0,0.0,-1.0,-14.0,366.0,3.0,1.0,0.0,1.0,0.0,15.14,2.86,2.69
2022/05/09,412.0,417.5,407.5,415.0,226.0,93615.0,2.4691,0.2372,257.0,14.0,57.0,0.0,71.0,366.0,23.0,23.0,0.0,1.0,0.0,15.51,2.93,2.62
2022/05/10,408.0,410.0,398.5,410.0,296.0,120295.0,-1.2048,0.3106,296.0,-72.0,102.0,-15.0,15.0,396.0,34.0,4.0,1.0,0.0,0.0,15.33,2.89,2.65
2022/05/11,412.0,412.5,404.5,408.5,167.0,68197.0,-0.3659,0.1752,196.0,12.0,50.0,6.0,68.0,403.0,8.0,1.0,0.0,0.0,0.0,15.27,2.88,2.66
2022/05/12,415.5,432.0,415.5,425.0,734.0,312919.0,4.0392,0.7702,676.0,97.0,133.0,10.0,240.0,382.0,22.0,43.0,0.0,0.0,0.0,15.89,3.0,2.56
2022/05/13,431.0,451.0,428.0,440.0,596.0,262876.0,3.5294,0.6254,613.0,-103.0,115.0,15.0,27.0,425.0,85.0,42.0,0.0,1.0,1.0,16.45,3.1,2.47
2022/05/16,445.0,449.0,436.5,437.5,240.0,106500.0,-0.5682,0.2518,253.0,-59.0,0.0,7.0,-52.0,474.0,63.0,12.0,0.0,2.0,1.0,16.36,3.08,2.49
2022/05/17,445.0,455.0,441.5,446.5,217.0,97148.0,2.0571,0.2277,237.0,30.0,0.0,15.0,45.0,455.0,16.0,24.0,0.0,3.0,1.0,16.69,3.15,2.44
2022/05/18,452.5,453.0,440.0,446.5,239.0,106956.0,0.0,0.2508,241.0,75.0,0.0,-8.0,67.0,428.0,19.0,31.0,1.0,2.0,0.0,16.69,3.15,2.44
2022/05/19,438.0,444.0,432.5,444.0,196.0,86283.0,-0.5599,0.2057,208.0,73.0,0.0,1.0,74.0,392.0,9.0,45.0,0.0,5.0,3.0,16.6,3.13,2.45
2022/05/20,444.0,444.0,435.0,438.0,205.0,90034.0,-1.3514,0.2151,218.0,10.0,37.0,5.0,52.0,346.0,1.0,47.0,0.0,5.0,0.0,16.37,3.09,2.48
2022/05/23,442.0,444.0,433.5,435.0,180.0,78939.0,-0.6849,0.1889,188.0,-27.0,39.0,1.0,13.0,338.0,10.0,13.0,0.0,5.0,0.0,16.26,3.07,2.5
2022/05/24,443.0,443.0,430.5,430.5,121.0,52722.0,-1.0345,0.127,145.0,-5.0,-31.0,0.0,-36.0,334.0,3.0,7.0,1.0,4.0,0.0,16.09,3.03,2.53
2022/05/25,428.5,440.0,428.5,434.0,197.0,85972.0,0.813,0.2067,207.0,40.0,-22.0,11.0,29.0,317.0,4.0,21.0,0.0,5.0,1.0,16.22,3.06,2.51
2022/05/26,439.0,439.5,430.0,434.0,71.0,30873.0,0.0,0.0745,83.0,-29.0,0.0,-1.0,-30.0,311.0,0.0,6.0,1.0,4.0,0.0,16.22,3.06,2.51
2022/05/27,434.0,438.0,428.0,432.0,129.0,56002.0,-0.4608,0.1354,168.0,-6.0,1.0,-4.0,-9.0,320.0,15.0,6.0,1.0,3.0,0.0,16.15,3.05,2.52
2022/05/30,439.0,443.5,434.5,441.0,139.0,61518.0,2.0833,0.1459,174.0,-17.0,50.0,5.0,38.0,302.0,10.0,28.0,0.0,3.0,0.0,16.49,3.11,2.47
2022/05/31,441.0,448.5,440.0,448.0,167.0,74571.0,1.5873,0.1752,200.0,-5.0,31.0,-20.0,6.0,322.0,29.0,9.0,0.0,6.0,3.0,16.75,3.16,2.43
2022/06/01,450.0,450.0,440.5,448.0,172.0,76525.0,0.0,0.1805,166.0,-55.0,0.0,2.0,-53.0,318.0,6.0,10.0,0.0,6.0,0.0,16.75,3.16,2.43
2022/06/02,446.0,447.0,440.5,445.5,127.0,56557.0,-0.558,0.1333,124.0,-37.0,0.0,-2.0,-39.0,319.0,5.0,4.0,0.0,6.0,0.0,16.65,3.14,2.44
2022/06/06,448.0,448.0,439.0,446.0,177.0,78525.0,0.1122,0.1857,187.0,-51.0,0.0,-6.0,-57.0,320.0,6.0,5.0,0.0,6.0,0.0,16.67,3.14,2.44
2022/06/07,446.0,450.0,444.5,446.5,236.0,105827.0,0.1121,0.2476,299.0,28.0,0.0,7.0,35.0,316.0,2.0,6.0,0.0,6.0,0.0,16.69,3.15,2.44
2022/06/08,450.0,469.0,450.0,456.0,343.0,158088.0,2.1277,0.3599,423.0,45.0,5.0,11.0,60.0,339.0,43.0,20.0,0.0,7.0,1.0,17.05,3.21,2.39
2022/06/09,458.0,458.0,452.5,456.0,149.0,68202.0,0.0,0.1564,241.0,-23.0,5.0,2.0,-16.0,335.0,4.0,8.0,0.0,7.0,0.0,17.05,3.21,2.39
2022/06/10,455.0,455.0,446.0,453.0,207.0,93368.0,-0.6579,0.2172,222.0,-43.0,29.0,5.0,-9.0,317.0,4.0,22.0,1.0,6.0,0.0,16.93,3.19,2.4
2022/06/13,441.0,443.0,432.0,442.0,235.0,103145.0,-2.4283,0.2466,323.0,-55.0,0.0,-22.0,-77.0,310.0,2.0,9.0,4.0,3.0,1.0,16.52,3.12,2.46
2022/06/14,442.0,442.0,427.5,434.0,204.0,88226.0,-1.81,0.2141,278.0,-30.0,0.0,2.0,-28.0,303.0,5.0,12.0,1.0,2.0,0.0,16.22,3.06,2.51
2022/06/15,436.0,445.0,427.5,441.0,255.0,111373.0,1.6129,0.2676,287.0,-50.0,4.0,-4.0,-50.0,301.0,4.0,6.0,0.0,3.0,1.0,16.49,3.11,2.47
2022/06/16,444.0,444.0,420.0,420.0,190.0,82113.0,-4.7619,0.1994,211.0,9.0,0.0,-10.0,-1.0,305.0,8.0,4.0,1.0,2.0,0.0,15.7,2.96,2.59
2022/06/17,418.0,424.5,411.0,411.0,145.0,60421.0,-2.1429,0.1522,195.0,-20.0,0.0,-4.0,-24.0,308.0,8.0,5.0,0.0,3.0,1.0,15.36,2.9,2.65
2022/06/20,415.0,415.5,409.0,411.5,88.0,36469.0,0.1217,0.0923,109.0,-12.0,5.0,2.0,-5.0,314.0,10.0,4.0,0.0,4.0,1.0,15.38,2.9,2.64
2022/06/21,412.5,422.5,411.5,420.0,112.0,47075.0,2.0656,0.1175,124.0,7.0,0.0,9.0,16.0,321.0,12.0,5.0,1.0,3.0,0.0,15.7,2.96,2.59
2022/06/22,419.5,420.0,405.5,410.0,64.0,26788.0,-2.381,0.0672,88.0,-16.0,0.0,4.0,-13.0,312.0,2.0,10.0,2.0,1.0,0.0,15.33,2.89,2.65
2022/06/23,410.0,415.0,401.0,409.5,141.0,57568.0,-0.122,0.148,130.0,34.0,0.0,7.0,41.0,307.0,2.0,5.0,0.0,2.0,1.0,15.31,2.89,2.66
2022/06/24,412.0,420.5,407.0,409.5,160.0,66379.0,0.0,0.1679,186.0,-27.0,17.0,22.0,12.0,303.0,3.0,6.0,1.0,1.0,0.0,15.31,2.89,2.66
2022/06/27,414.0,423.5,413.5,418.5,202.0,84792.0,2.1978,0.212,163.0,-23.0,0.0,7.0,-16.0,314.0,13.0,2.0,0.0,1.0,0.0,15.64,2.95,2.6
2022/06/28,416.5,418.5,410.0,413.0,82.0,34208.0,-1.3142,0.086,103.0,-12.0,0.0,-2.0,-14.0,316.0,7.0,5.0,0.0,1.0,0.0,15.44,2.91,2.63
2022/06/29,410.5,416.0,408.0,414.0,68.0,28353.0,0.2421,0.0714,97.0,-1.0,0.0,-2.0,-3.0,315.0,0.0,1.0,0.0,1.0,0.0,15.48,2.92,2.63
2022/06/30,410.5,411.5,403.0,408.0,81.0,33176.0,-1.4493,0.085,118.0,-30.0,0.0,0.0,-30.0,317.0,2.0,0.0,0.0,1.0,0.0,15.25,2.88,2.67
2022/07/01,407.0,409.5,387.0,388.5,247.0,97224.0,-4.7794,0.2592,308.0,29.0,-50.0,7.0,-14.0,311.0,5.0,11.0,1.0,0.0,0.0,14.52,2.74,2.8
2022/07/04,388.0,394.0,385.0,390.5,107.0,41854.0,0.5148,0.1123,134.0,-20.0,0.0,10.0,-10.0,310.0,2.0,3.0,0.0,0.0,0.0,14.6,2.75,2.79
2022/07/05,393.0,403.0,390.0,398.5,108.0,43188.0,2.0487,0.1133,134.0,-35.0,29.0,10.0,4.0,309.0,1.0,2.0,0.0,1.0,1.0,14.9,2.81,2.73
2022/07/06,398.0,404.5,386.5,386.5,113.0,44765.0,-3.0113,0.1186,136.0,-31.0,23.0,4.0,-4.0,311.0,4.0,2.0,0.0,1.0,0.0,14.45,2.72,2.82
2022/07/07,402.0,425.0,400.0,418.0,313.0,129214.0,8.1501,0.3284,389.0,29.0,34.0,2.0,64.0,311.0,11.0,11.0,0.0,1.0,0.0,15.63,2.95,2.6
2022/07/08,418.0,425.0,408.5,412.5,164.0,68743.0,-1.3158,0.1721,293.0,-27.0,0.0,-4.0,-30.0,308.0,5.0,8.0,0.0,1.0,0.0,15.42,2.91,2.64
2022/07/11,419.5,419.5,405.0,406.0,90.0,37161.0,-1.5758,0.0944,151.0,-30.0,12.0,3.0,-15.0,315.0,10.0,3.0,1.0,0.0,0.0,15.18,2.86,2.68
2022/07/12,404.0,404.0,394.0,398.0,143.0,57109.0,-1.9704,0.1501,184.0,-24.0,0.0,0.0,-24.0,318.0,6.0,3.0,0.0,2.0,2.0,14.88,2.81,2.73
2022/07/13,404.0,407.0,394.5,396.0,111.0,44354.0,-0.5025,0.1165,156.0,-49.0,0.0,9.0,-39.0,319.0,7.0,6.0,0.0,2.0,0.0,14.8,2.79,2.75
2022/07/14,392.5,399.5,390.0,399.5,130.0,51383.0,0.8838,0.1364,153.0,39.0,0.0,-1.0,38.0,330.0,13.0,1.0,0.0,2.0,0.0,14.93,2.82,2.72
2022/07/15,400.0,405.0,399.0,403.5,153.0,61889.0,1.0013,0.1606,158.0,-40.0,29.0,0.0,-11.0,342.0,14.0,2.0,1.0,1.0,0.0,15.08,2.84,2.7
2022/07/18,400.5,409.0,399.5,408.5,117.0,47655.0,1.2392,0.1228,140.0,33.0,1.0,10.0,44.0,352.0,14.0,4.0,0.0,1.0,0.0,15.27,2.88,2.66
2022/07/19,408.5,411.0,402.0,405.0,79.0,32218.0,-0.8568,0.0829,111.0,9.0,0.0,2.0,11.0,355.0,7.0,4.0,0.0,1.0,0.0,15.14,2.86,2.69
2022/07/20,406.5,420.5,406.5,415.5,280.0,116163.0,2.5926,0.2938,297.0,50.0,25.0,2.0,77.0,340.0,11.0,26.0,0.0,1.0,0.0,15.53,2.93,2.62
2022/07/21,416.5,425.0,415.0,423.0,217.0,91657.0,1.8051,0.2277,238.0,116.0,7.0,6.0,129.0,326.0,16.0,30.0,0.0,1.0,0.0,15.81,2.98,2.57
2022/07/22,423.0,434.0,420.5,434.0,244.0,104588.0,2.6005,0.256,275.0,47.0,0.0,-5.0,42.0,315.0,4.0,15.0,0.0,1.0,0.0,16.22,3.06,2.51
2022/07/25,433.0,433.5,426.0,430.5,159.0,68787.0,-0.8065,0.1668,149.0,31.0,28.0,0.0,59.0,314.0,3.0,4.0,0.0,1.0,0.0,16.09,3.03,2.53
2022/07/26,433.0,440.0,429.0,438.5,282.0,123123.0,1.8583,0.2959,292.0,11.0,118.0,-6.0,123.0,328.0,18.0,4.0,0.0,1.0,0.0,16.39,3.09,2.48
2022/07/27,438.5,453.0,435.0,445.0,623.0,277204.0,1.4823,0.6537,580.0,69.0,114.0,19.0,202.0,321.0,24.0,31.0,0.0,1.0,0.0,16.64,3.14,2.44
2022/07/28,452.0,462.0,451.5,458.0,576.0,263976.0,2.9213,0.6044,552.0,142.0,50.0,-1.0,191.0,352.0,61.0,30.0,1.0,0.0,0.0,17.12,3.23,2.38
2022/07/29,456.5,461.0,441.0,455.0,322.0,144856.0,-0.655,0.3379,376.0,-26.0,3.0,6.0,-17.0,362.0,18.0,8.0,0.0,0.0,0.0,17.01,3.21,2.39
2022/08/01,455.0,455.5,444.5,452.0,191.0,86146.0,-0.6593,0.2004,236.0,-14.0,-20.0,11.0,-23.0,362.0,3.0,3.0,0.0,0.0,0.0,16.9,3.19,2.41
2022/08/02,448.5,460.5,443.0,457.0,336.0,153192.0,1.1062,0.3526,382.0,-30.0,106.0,-3.0,73.0,355.0,4.0,11.0,0.0,1.0,1.0,17.08,3.22,2.38
2022/08/03,460.5,460.5,445.0,445.0,248.0,111858.0,-2.6258,0.2602,303.0,-27.0,0.0,6.0,-21.0,361.0,10.0,4.0,0.0,4.0,3.0,16.64,3.14,2.44
2022/08/04,450.0,450.5,442.5,449.5,223.0,99681.0,1.0112,0.234,270.0,-23.0,0.0,-9.0,-32.0,355.0,4.0,10.0,0.0,5.0,1.0,16.8,3.17,2.42
2022/08/05,447.0,455.0,446.5,453.0,199.0,90168.0,0.7786,0.2088,213.0,-52.0,0.0,-1.0,-53.0,379.0,25.0,1.0,0.0,5.0,0.0,13.65,3.2,2.4
2022/08/08,463.0,471.0,459.0,469.0,670.0,312148.0,3.532,0.7031,702.0,297.0,23.0,2.0,322.0,372.0,57.0,64.0,0.0,5.0,0.0,14.13,3.32,2.32
2022/08/09,469.0,494.5,468.5,494.5,1231.0,597901.0,5.4371,1.2918,1226.0,201.0,46.0,-5.0,242.0,409.0,71.0,34.0,0.0,8.0,3.0,14.9,3.5,2.2
2022/08/10,490.0,490.5,469.0,473.5,733.0,349953.0,-4.2467,0.7692,1077.0,-124.0,-46.0,-16.0,-186.0,414.0,78.0,73.0,2.0,6.0,0.0,14.27,3.35,2.3
2022/08/11,482.0,484.5,467.0,473.5,513.0,242935.0,0.0,0.5383,535.0,40.0,-8.0,-3.0,29.0,403.0,52.0,63.0,0.0,6.0,0.0,14.27,3.35,2.3
2022/08/12,473.5,478.0,465.5,474.0,301.0,142405.0,0.1056,0.3159,343.0,-39.0,-31.0,1.0,-69.0,408.0,23.0,18.0,0.0,6.0,0.0,14.28,3.35,2.3
2022/08/15,474.0,477.0,464.5,470.0,440.0,207222.0,-0.8439,0.4617,450.0,88.0,-31.0,-24.0,33.0,437.0,42.0,13.0,0.0,6.0,0.0,14.16,3.32,2.31
2022/08/16,467.5,476.5,467.5,476.5,378.0,179517.0,1.383,0.3967,372.0,110.0,50.0,-7.0,153.0,434.0,22.0,25.0,0.0,6.0,0.0,14.36,3.37,2.28
2022/08/17,477.0,484.0,469.0,470.0,413.0,197012.0,-1.3641,0.4334,463.0,-26.0,-67.0,-18.0,-111.0,453.0,36.0,17.0,0.0,6.0,0.0,14.16,3.32,2.31
2022/08/18,472.5,478.0,466.5,470.0,321.0,151959.0,0.0,0.3368,325.0,83.0,0.0,28.0,111.0,489.0,50.0,14.0,0.0,9.0,3.0,14.16,3.32,2.31
2022/08/19,470.0,474.0,463.0,469.0,342.0,160274.0,-0.2128,0.3589,370.0,-37.0,-31.0,12.0,-56.0,481.0,15.0,23.0,3.0,7.0,1.0,14.13,3.32,2.32
2022/08/22,469.0,469.0,459.5,459.5,297.0,137651.0,-2.0256,0.3117,353.0,-8.0,-30.0,12.0,-26.0,488.0,13.0,6.0,3.0,4.0,0.0,13.84,3.25,2.37
2022/08/23,451.5,463.0,451.5,457.0,131.0,60025.0,-0.5441,0.1375,193.0,-5.0,20.0,-14.0,1.0,464.0,2.0,19.0,0.0,5.0,1.0,13.77,3.23,2.38
2022/08/24,462.5,462.5,448.5,451.5,361.0,163611.0,-1.2035,0.3788,398.0,85.0,26.0,-4.0,107.0,428.0,17.0,53.0,5.0,0.0,0.0,13.6,3.19,2.41
2022/08/25,455.0,462.0,453.0,460.0,305.0,139825.0,1.8826,0.3201,307.0,93.0,-20.0,-1.0,71.0,439.0,22.0,11.0,0.0,0.0,0.0,13.86,3.25,2.37
2022/08/26,466.0,468.0,456.5,463.5,328.0,152152.0,0.7609,0.3442,364.0,-45.0,19.0,22.0,-4.0,416.0,17.0,39.0,0.0,0.0,0.0,13.97,3.28,2.35
2022/08/29,451.5,464.0,447.0,463.0,331.0,151222.0,-0.1079,0.3473,403.0,-23.0,8.0,-1.0,-16.0,410.0,13.0,19.0,0.0,0.0,0.0,13.95,3.27,2.35
2022/08/30,453.5,461.0,453.0,454.0,259.0,118359.0,0.406,0.2718,301.0,-129.0,45.0,1.0,-83.0,421.0,17.0,6.0,0.0,0.0,0.0,13.68,3.21,2.4
2022/08/31,454.0,457.0,446.0,457.0,282.0,127651.0,0.6608,0.2959,317.0,-51.0,17.0,4.0,-30.0,432.0,17.0,6.0,0.0,0.0,0.0,13.77,3.23,2.38
2022/09/01,453.0,457.5,446.0,448.0,254.0,114658.0,-1.9694,0.2665,279.0,23.0,13.0,-11.0,24.0,410.0,3.0,25.0,0.0,1.0,1.0,13.5,3.17,2.43
2022/09/02,448.5,463.5,446.0,446.0,343.0,155061.0,-0.4464,0.3599,365.0,-6.0,0.0,4.0,-2.0,440.0,37.0,7.0,1.0,0.0,0.0,13.44,3.15,2.44
2022/09/05,445.5,448.0,442.0,445.5,153.0,68176.0,-0.1121,0.1606,197.0,11.0,7.0,-6.0,12.0,435.0,7.0,12.0,0.0,0.0,0.0,13.42,3.15,2.44
2022/09/06,447.0,449.0,442.5,443.0,160.0,71232.0,-0.5612,0.1679,207.0,0.0,5.0,2.0,7.0,437.0,7.0,5.0,0.0,0.0,0.0,26.69,3.77,1.29
2022/09/07,445.5,447.5,437.5,442.0,169.0,74657.0,-0.2257,0.1773,190.0,25.0,10.0,-10.0,25.0,407.0,1.0,31.0,0.0,2.0,2.0,13.32,3.12,2.46
2022/09/08,444.0,450.0,441.0,450.0,154.0,68753.0,1.81,0.1616,188.0,19.0,10.0,1.0,30.0,410.0,9.0,6.0,0.0,2.0,0.0,13.56,3.18,2.42
2022/09/12,451.5,456.0,445.5,446.0,136.0,61353.0,-0.8889,0.1427,184.0,-12.0,0.0,8.0,-4.0,427.0,29.0,12.0,0.0,2.0,0.0,13.44,3.15,2.44
2022/09/13,447.5,451.0,444.5,449.5,144.0,65007.0,0.7848,0.1511,191.0,6.0,24.0,-1.0,28.0,434.0,20.0,13.0,0.0,2.0,0.0,13.54,3.18,2.42
2022/09/14,441.0,447.5,441.0,446.5,73.0,32861.0,-0.6674,0.0766,125.0,-5.0,0.0,-2.0,-7.0,434.0,7.0,7.0,0.0,4.0,2.0,13.45,3.16,2.44
2022/09/15,445.0,466.5,444.5,464.0,673.0,310296.0,3.9194,0.7062,665.0,205.0,77.0,-4.0,278.0,444.0,75.0,65.0,2.0,2.0,0.0,13.98,3.28,2.34
2022/09/16,466.5,473.5,459.0,470.0,601.0,281505.0,1.2931,0.6307,715.0,-61.0,125.0,-6.0,58.0,471.0,63.0,36.0,0.0,2.0,0.0,14.16,3.32,2.31
2022/09/19,471.5,472.5,456.0,456.0,238.0,109999.0,-2.9787,0.2497,735.0,-55.0,45.0,-4.0,-14.0,464.0,29.0,36.0,0.0,2.0,0.0,13.74,3.22,2.39
2022/09/20,462.0,462.0,449.5,452.0,198.0,90190.0,-0.8772,0.2078,264.0,-2.0,0.0,11.0,9.0,454.0,13.0,23.0,0.0,2.0,0.0,13.62,3.2,2.41
2022/09/21,452.0,459.0,450.5,455.0,323.0,146978.0,0.6637,0.3389,341.0,117.0,0.0,-29.0,88.0,460.0,11.0,5.0,0.0,2.0,0.0,13.71,3.22,2.39
2022/09/22,455.0,462.0,447.0,458.5,271.0,123636.0,0.7692,0.2844,379.0,66.0,0.0,6.0,72.0,472.0,22.0,10.0,0.0,2.0,0.0,13.81,3.24,2.37
2022/09/23,460.5,475.5,456.0,460.0,473.0,220708.0,0.3272,0.4963,586.0,25.0,33.0,19.0,77.0,473.0,31.0,30.0,0.0,2.0,0.0,13.86,3.25,2.37
2022/09/26,463.5,463.5,448.0,456.0,553.0,253075.0,-0.8696,0.5803,633.0,26.0,154.0,4.0,184.0,466.0,15.0,22.0,0.0,3.0,1.0,13.74,3.22,2.39
2022/09/27,463.5,473.0,460.0,467.5,635.0,297010.0,2.5219,0.6663,729.0,9.0,136.0,-21.0,124.0,478.0,31.0,19.0,0.0,3.0,0.0,14.09,3.31,2.33
2022/09/28,472.0,472.0,452.0,454.5,393.0,181324.0,-2.7807,0.4124,981.0,-58.0,96.0,-2.0,36.0,474.0,19.0,23.0,0.0,3.0,0.0,13.69,3.21,2.39
2022/09/29,462.5,468.0,455.0,459.5,455.0,210733.0,1.1001,0.4775,536.0,117.0,35.0,-14.0,138.0,447.0,31.0,58.0,0.0,3.0,0.0,13.84,3.25,2.37
2022/09/30,456.0,473.0,448.0,473.0,444.0,205102.0,2.938,0.4659,599.0,-14.0,142.0,-4.0,124.0,444.0,29.0,32.0,0.0,4.0,1.0,14.25,3.34,2.3
2022/10/03,470.0,475.5,465.5,466.5,593.0,279631.0,-1.3742,0.6223,694.0,-72.0,283.0,6.0,217.0,386.0,25.0,83.0,0.0,5.0,1.0,14.06,3.3,2.33
2022/10/04,483.0,494.0,472.5,482.5,1491.0,720188.0,3.4298,1.5646,2370.0,320.0,208.0,8.0,536.0,449.0,109.0,46.0,0.0,5.0,0.0,14.54,3.41,2.25
2022/10/05,486.0,486.0,472.0,472.0,745.0,355599.0,-2.1762,0.7818,822.0,-93.0,109.0,-5.0,11.0,508.0,82.0,23.0,0.0,5.0,0.0,14.22,3.34,2.31
2022/10/06,480.0,483.0,465.5,469.0,384.0,181523.0,-0.6356,0.403,454.0,-50.0,8.0,0.0,-42.0,541.0,51.0,18.0,0.0,5.0,0.0,14.13,3.32,2.32
2022/10/07,467.0,474.0,461.5,471.5,663.0,310283.0,0.533,0.6957,645.0,-25.0,-1.0,-13.0,-39.0,580.0,77.0,38.0,0.0,6.0,1.0,14.21,3.33,2.31
2022/10/11,457.0,457.0,432.0,438.0,872.0,385203.0,-7.105,0.915,1053.0,-4.0,69.0,3.0,68.0,525.0,26.0,81.0,2.0,4.0,0.0,13.2,3.1,2.48
2022/10/12,440.5,442.5,421.0,423.5,721.0,308116.0,-3.3105,0.7566,852.0,-146.0,3.0,1.0,-142.0,516.0,20.0,29.0,1.0,4.0,1.0,12.76,2.99,2.57
2022/10/13,423.5,426.0,408.0,411.0,769.0,318602.0,-2.9516,0.807,999.0,29.0,140.0,-17.0,152.0,449.0,8.0,75.0,1.0,3.0,0.0,12.38,2.91,2.65
2022/10/14,423.5,440.0,415.0,431.5,984.0,422656.0,4.9878,1.0326,974.0,1.0,134.0,7.0,142.0,470.0,47.0,26.0,1.0,2.0,0.0,13.0,3.05,2.52
2022/10/17,425.0,431.5,421.5,430.5,210.0,89540.0,-0.2317,0.2204,256.0,-8.0,5.0,1.0,-2.0,452.0,9.0,27.0,0.0,3.0,1.0,12.97,3.04,2.53
2022/10/18,436.0,438.5,429.5,433.0,283.0,122560.0,0.5807,0.297,278.0,50.0,9.0,-2.0,57.0,443.0,7.0,14.0,2.0,1.0,0.0,13.05,3.06,2.51
2022/10/19,436.5,440.0,431.5,433.0,322.0,139944.0,0.0,0.3379,331.0,-16.0,107.0,-8.0,83.0,426.0,3.0,20.0,0.0,1.0,0.0,13.05,3.06,2.51
2022/10/20,433.0,433.0,417.0,420.0,345.0,145700.0,-3.0023,0.362,861.0,-97.0,76.0,-9.0,-30.0,418.0,2.0,10.0,0.0,2.0,1.0,12.65,2.97,2.59
2022/10/21,422.0,422.5,404.0,404.0,443.0,181687.0,-3.8095,0.4649,919.0,-129.0,-49.0,-2.0,-180.0,410.0,5.0,13.0,1.0,2.0,1.0,12.17,2.86,2.69
2022/10/24,410.5,415.5,407.0,408.5,184.0,75642.0,1.1139,0.1931,182.0,56.0,-5.0,-1.0,50.0,388.0,2.0,24.0,1.0,1.0,0.0,12.31,2.89,2.66
2022/10/25,409.0,411.0,400.5,407.0,209.0,85126.0,-0.3672,0.2193,294.0,-19.0,0.0,28.0,9.0,379.0,3.0,11.0,0.0,3.0,2.0,12.26,2.88,2.67
2022/10/26,408.5,411.0,399.0,410.0,339.0,137849.0,0.7371,0.3557,371.0,144.0,-30.0,11.0,125.0,356.0,6.0,29.0,0.0,4.0,1.0,12.35,2.9,2.65
2022/10/27,413.0,420.0,411.0,420.0,328.0,137003.0,2.439,0.3442,378.0,-44.0,10.0,18.0,-16.0,364.0,13.0,5.0,0.0,4.0,0.0,12.65,2.97,2.59
2022/10/28,419.0,419.0,412.0,416.5,114.0,47545.0,-0.8333,0.1196,134.0,-12.0,0.0,12.0,0.0,368.0,5.0,1.0,0.0,4.0,0.0,12.55,2.94,2.61
2022/10/31,417.5,421.5,415.0,419.0,166.0,69619.0,0.6002,0.1742,211.0,-58.0,32.0,26.0,0.0,371.0,7.0,4.0,0.0,4.0,0.0,12.62,2.96,2.6
2022/11/01,419.0,423.5,416.0,419.0,178.0,74926.0,0.0,0.1868,236.0,-23.0,0.0,12.0,-11.0,370.0,6.0,7.0,0.0,4.0,0.0,12.62,2.96,2.6
2022/11/02,419.0,428.0,411.0,418.5,856.0,359846.0,-0.1193,0.8982,747.0,92.0,-49.0,4.0,47.0,432.0,78.0,16.0,0.0,4.0,0.0,12.61,2.96,2.6
2022/11/03,415.0,434.5,414.0,432.0,486.0,207483.0,3.2258,0.51,542.0,92.0,62.0,-30.0,124.0,494.0,88.0,26.0,0.0,4.0,0.0,13.02,3.05,2.52
2022/11/04,432.0,438.0,429.5,437.5,293.0,127409.0,1.2731,0.3075,311.0,-45.0,6.0,10.0,-29.0,462.0,22.0,54.0,0.0,4.0,0.0,10.38,2.79,2.49
2022/11/07,445.0,445.0,417.0,430.0,873.0,373646.0,-1.7143,0.9161,1038.0,-213.0,-73.0,-13.0,-299.0,488.0,70.0,44.0,0.0,4.0,0.0,10.21,2.74,2.53
2022/11/08,429.0,447.0,429.0,441.0,551.0,243334.0,2.5581,0.5782,570.0,196.0,-15.0,-11.0,170.0,456.0,49.0,81.0,0.0,4.0,0.0,10.47,2.81,2.47
2022/11/09,446.0,449.5,439.5,440.0,323.0,143505.0,-0.2268,0.3389,409.0,-47.0,0.0,2.0,-45.0,463.0,41.0,34.0,0.0,5.0,1.0,10.44,2.8,2.47
2022/11/10,440.0,445.0,438.0,440.0,306.0,134941.0,0.0,0.3211,354.0,10.0,-40.0,5.0,-25.0,472.0,20.0,11.0,0.0,12.0,7.0,10.44,2.8,2.47
2022/11/11,453.5,457.5,431.0,432.0,653.0,286860.0,-1.8182,0.6852,704.0,16.0,-140.0,-18.0,-141.0,490.0,50.0,32.0,0.0,15.0,3.0,10.25,2.75,2.52
2022/11/14,434.0,436.0,412.5,419.0,997.0,418565.0,-3.0093,1.0462,1196.0,198.0,-264.0,-1.0,-67.0,547.0,81.0,24.0,4.0,12.0,1.0,9.95,2.67,2.6
2022/11/15,418.5,419.5,403.0,406.5,1117.0,456334.0,-2.9833,1.1721,1395.0,-122.0,-449.0,-44.0,-615.0,640.0,110.0,17.0,0.0,13.0,1.0,9.65,2.59,2.68
2022/11/16,408.0,412.0,403.0,404.5,619.0,251738.0,-0.492,0.6495,799.0,-112.0,-175.0,-29.0,-315.0,675.0,51.0,16.0,3.0,10.0,0.0,9.6,2.58,2.69
2022/11/17,405.0,414.5,399.0,412.0,808.0,329042.0,1.8541,0.8479,1088.0,-224.0,-73.0,6.0,-291.0,755.0,125.0,45.0,2.0,10.0,2.0,9.78,2.62,2.64
2022/11/18,412.5,412.5,402.5,405.5,496.0,201865.0,-1.5777,0.5205,642.0,-187.0,-64.0,2.0,-249.0,763.0,46.0,38.0,2.0,9.0,1.0,9.62,2.58,2.68
2022/11/21,407.0,407.0,402.0,402.0,224.0,90583.0,-0.8631,0.2351,369.0,-42.0,-40.0,1.0,-81.0,764.0,22.0,21.0,0.0,9.0,0.0,9.54,2.56,2.71
2022/11/22,402.0,403.0,399.0,400.0,309.0,123798.0,-0.4975,0.3242,515.0,-35.0,-20.0,-1.0,-56.0,775.0,27.0,16.0,0.0,11.0,2.0,9.49,2.55,2.72
2022/11/23,402.5,407.5,400.0,402.0,423.0,170549.0,0.5,0.4439,524.0,27.0,-119.0,-2.0,-94.0,786.0,50.0,38.0,0.0,11.0,0.0,9.54,2.56,2.71
2022/11/24,403.5,414.0,403.5,412.0,457.0,187474.0,2.4876,0.4796,589.0,12.0,38.0,17.0,67.0,810.0,83.0,59.0,1.0,10.0,0.0,9.78,2.62,2.64
2022/11/25,415.0,416.0,408.0,413.5,463.0,191430.0,0.3641,0.4858,565.0,-138.0,3.0,-2.0,-138.0,797.0,37.0,50.0,0.0,10.0,0.0,9.81,2.63,2.63
2022/11/28,411.0,414.0,408.5,410.5,238.0,98133.0,-0.7255,0.2497,312.0,-5.0,0.0,-14.0,-19.0,808.0,31.0,20.0,0.0,10.0,0.0,9.74,2.61,2.65
2022/11/29,414.0,414.0,409.0,409.5,136.0,55847.0,-0.2436,0.1427,187.0,-36.0,0.0,-9.0,-45.0,816.0,24.0,16.0,0.0,10.0,0.0,9.72,2.61,2.66
2022/11/30,409.5,413.0,409.0,412.5,261.0,107465.0,0.7326,0.2739,338.0,37.0,0.0,-5.0,32.0,811.0,6.0,11.0,0.0,10.0,0.0,9.79,2.63,2.64
2022/12/01,416.0,422.5,412.5,421.5,547.0,229740.0,2.1818,0.574,670.0,38.0,0.0,2.0,40.0,829.0,83.0,64.0,8.0,2.0,0.0,10.0,2.68,2.58
2022/12/02,424.0,427.5,418.5,421.0,475.0,200900.0,-0.1186,0.4984,796.0,-57.0,-24.0,-15.0,-96.0,820.0,24.0,33.0,0.0,2.0,0.0,9.99,2.68,2.58
2022/12/05,419.0,421.0,411.0,411.5,528.0,218880.0,-2.2565,0.5541,730.0,-25.0,-101.0,-13.0,-139.0,805.0,61.0,76.0,0.0,3.0,1.0,9.77,2.62,2.64
2022/12/06,412.5,413.0,406.5,407.0,339.0,138769.0,-1.0936,0.3557,488.0,-2.0,-96.0,-6.0,-104.0,801.0,20.0,24.0,0.0,5.0,2.0,9.66,2.59,2.67
2022/12/07,407.0,407.0,395.0,398.5,643.0,257141.0,-2.0885,0.6747,1048.0,-30.0,-179.0,8.0,-201.0,792.0,38.0,47.0,0.0,5.0,0.0,9.46,2.54,2.73
2022/12/08,395.0,399.0,391.0,397.0,341.0,134979.0,-0.3764,0.3578,596.0,42.0,-24.0,-1.0,17.0,765.0,23.0,50.0,0.0,6.0,1.0,9.42,2.53,2.74
2022/12/09,399.0,402.0,398.0,400.0,204.0,81742.0,0.7557,0.2141,291.0,9.0,0.0,0.0,9.0,765.0,18.0,18.0,0.0,6.0,0.0,9.49,2.55,2.72
2022/12/12,402.0,406.0,396.5,402.5,217.0,87311.0,0.625,0.2277,345.0,-42.0,50.0,-4.0,4.0,779.0,21.0,6.0,2.0,4.0,0.0,9.55,2.56,2.7
2022/12/13,406.5,408.0,402.5,403.5,177.0,72090.0,0.2484,0.1857,249.0,-27.0,0.0,0.0,-27.0,766.0,3.0,16.0,1.0,3.0,0.0,9.58,2.57,2.7
2022/12/14,405.0,408.0,402.0,403.0,234.0,94629.0,-0.1239,0.2455,291.0,-84.0,41.0,11.0,-32.0,770.0,13.0,9.0,0.0,3.0,0.0,9.57,2.57,2.7
2022/12/15,404.0,404.0,399.0,399.5,195.0,78361.0,-0.8685,0.2046,286.0,-18.0,-11.0,-14.0,-43.0,785.0,16.0,1.0,0.0,3.0,0.0,9.48,2.54,2.72
2022/12/16,398.0,402.0,395.5,398.0,199.0,79280.0,-0.3755,0.2088,297.0,24.0,-1.0,-7.0,16.0,787.0,9.0,7.0,0.0,3.0,0.0,9.45,2.53,2.73
2022/12/19,398.0,402.0,396.0,396.5,159.0,63558.0,-0.3769,0.1668,220.0,-65.0,13.0,-5.0,-57.0,800.0,14.0,1.0,0.0,3.0,0.0,9.41,2.52,2.74
2022/12/20,396.5,400.0,386.0,386.0,388.0,152602.0,-2.6482,0.4071,677.0,-115.0,40.0,-1.0,-76.0,802.0,25.0,23.0,0.0,3.0,0.0,9.16,2.46,2.82
2022/12/21,390.0,393.0,385.5,388.5,193.0,75217.0,0.6477,0.2025,336.0,21.0,0.0,-3.0,18.0,792.0,10.0,20.0,0.0,4.0,1.0,9.22,2.47,2.8
2022/12/22,391.5,399.0,389.0,397.5,221.0,87581.0,2.3166,0.2319,301.0,39.0,50.0,-3.0,86.0,787.0,13.0,18.0,0.0,4.0,0.0,9.44,2.53,2.74
2022/12/23,397.0,398.0,392.0,395.0,106.0,42037.0,-0.6289,0.1112,187.0,-39.0,17.0,-3.0,-25.0,788.0,5.0,4.0,0.0,4.0,0.0,9.38,2.52,2.75
2022/12/26,398.0,399.0,392.5,392.5,47.0,18937.0,-0.6329,0.0493,133.0,-23.0,0.0,-2.0,-25.0,787.0,2.0,3.0,0.0,4.0,0.0,9.32,2.5,2.77
2022/12/27,395.0,397.0,393.0,394.0,80.0,31644.0,0.3822,0.0839,142.0,-39.0,0.0,2.0,-37.0,785.0,3.0,5.0,0.0,4.0,0.0,9.35,2.51,2.76
2022/12/28,393.0,395.5,385.5,386.5,232.0,90017.0,-1.9036,0.2434,430.0,-80.0,-29.0,-6.0,-115.0,778.0,10.0,17.0,0.0,4.0,0.0,9.17,2.46,2.82
2022/12/29,382.0,386.0,381.0,385.5,150.0,57761.0,-0.2587,0.1574,320.0,-36.0,-21.0,1.0,-56.0,759.0,7.0,12.0,0.0,4.0,0.0,9.15,2.45,2.82
2022/12/30,390.0,390.0,384.0,384.0,107.0,41290.0,-0.3891,0.1123,180.0,-33.0,0.0,6.0,-27.0,751.0,0.0,8.0,0.0,4.0,0.0,9.11,2.45,2.83
2023/01/03,384.0,384.5,380.0,382.5,182.0,69689.0,-0.3906,0.191,320.0,-51.0,0.0,-1.0,-52.0,755.0,12.0,8.0,0.0,5.0,1.0,29.44,4.44,2.09
2023/01/04,382.5,400.0,382.5,394.0,276.0,108893.0,3.0065,0.2896,428.0,-14.0,10.0,3.0,-1.0,763.0,29.0,21.0,0.0,6.0,1.0,9.35,2.51,2.76
2023/01/05,397.5,397.5,385.5,385.5,238.0,92885.0,-2.1574,0.2497,649.0,-57.0,-75.0,-5.0,-137.0,780.0,25.0,8.0,2.0,4.0,0.0,9.15,2.45,2.82
2023/01/06,385.0,388.5,385.0,388.0,121.0,46875.0,0.6485,0.127,202.0,30.0,-35.0,6.0,1.0,779.0,12.0,13.0,0.0,6.0,2.0,9.21,2.47,2.8
2023/01/09,389.5,392.5,388.5,390.0,243.0,94893.0,0.5155,0.255,309.0,-7.0,-25.0,6.0,-26.0,824.0,53.0,8.0,1.0,5.0,0.0,9.26,2.48,2.79
2023/01/10,390.5,398.0,390.5,393.5,368.0,144906.0,0.8974,0.3862,424.0,30.0,-15.0,3.0,18.0,834.0,32.0,22.0,0.0,5.0,0.0,9.34,2.51,2.76
2023/01/11,394.0,397.0,390.0,391.0,145.0,57138.0,-0.6353,0.1522,245.0,-41.0,-33.0,-1.0,-75.0,843.0,12.0,3.0,0.0,5.0,0.0,9.28,2.49,2.78
2023/01/12,393.5,402.5,393.5,398.0,425.0,169566.0,1.7903,0.446,530.0,105.0,0.0,5.0,110.0,827.0,15.0,31.0,3.0,2.0,0.0,9.45,2.53,2.73
2023/01/13,400.0,402.5,394.0,400.5,363.0,144828.0,0.6281,0.3809,469.0,-89.0,6.0,2.0,-81.0,823.0,19.0,23.0,0.0,2.0,0.0,9.51,2.55,2.72
2023/01/16,400.5,400.5,392.0,393.5,295.0,116638.0,-1.7478,0.3096,551.0,-98.0,-22.0,0.0,-120.0,847.0,29.0,4.0,0.0,3.0,1.0,9.34,2.51,2.76
2023/01/17,396.0,402.5,395.5,400.5,320.0,128234.0,1.7789,0.3358,431.0,87.0,10.0,-1.0,96.0,830.0,1.0,16.0,2.0,1.0,0.0,9.51,2.55,2.72
2023/01/30,408.0,409.5,402.0,402.0,561.0,227437.0,0.3745,0.5887,636.0,-71.0,-44.0,1.0,-114.0,906.0,90.0,12.0,0.0,1.0,0.0,9.54,2.56,2.71
2023/01/31,406.0,408.0,399.5,404.0,496.0,200174.0,0.4975,0.5205,562.0,-15.0,-55.0,-11.0,-81.0,917.0,34.0,23.0,0.0,1.0,0.0,9.59,2.57,2.69
2023/02/01,402.5,404.0,393.5,396.5,704.0,279738.0,-1.8564,0.7387,1060.0,-346.0,-26.0,14.0,-358.0,984.0,92.0,25.0,0.0,1.0,0.0,9.41,2.52,2.74
2023/02/02,398.0,411.0,398.0,408.5,773.0,313872.0,3.0265,0.8111,977.0,242.0,-79.0,25.0,188.0,976.0,38.0,46.0,0.0,1.0,0.0,9.7,2.6,2.66
2023/02/03,408.5,408.5,404.0,405.0,189.0,76992.0,-0.8568,0.1983,295.0,-57.0,-5.0,-14.0,-76.0,1010.0,55.0,21.0,0.0,1.0,0.0,9.61,2.58,2.69
2023/02/06,403.5,403.5,399.0,399.0,252.0,100950.0,-1.4815,0.2644,326.0,-76.0,-5.0,0.0,-81.0,992.0,21.0,39.0,0.0,1.0,0.0,9.47,2.54,2.73
2023/02/07,394.5,403.5,393.0,401.0,514.0,205256.0,0.5013,0.5394,731.0,-101.0,-15.0,-5.0,-121.0,989.0,18.0,20.0,0.0,1.0,0.0,9.52,2.55,2.71
2023/02/08,405.0,405.0,400.5,400.5,149.0,59834.0,-0.1247,0.1564,235.0,-23.0,0.0,-6.0,-29.0,985.0,13.0,17.0,0.0,1.0,0.0,9.51,2.55,2.72
2023/02/09,404.0,404.0,396.0,396.0,230.0,91721.0,-1.1236,0.2414,398.0,-92.0,-5.0,-1.0,-98.0,990.0,21.0,16.0,0.0,1.0,0.0,9.4,2.52,2.75
2023/02/10,397.0,399.0,392.5,392.5,197.0,77815.0,-0.8838,0.2067,415.0,-102.0,0.0,3.0,-99.0,992.0,17.0,15.0,0.0,3.0,2.0,9.32,2.5,2.77
2023/02/13,393.0,394.0,389.5,389.5,204.0,79889.0,-0.7643,0.2141,413.0,-60.0,-8.0,-6.0,-74.0,999.0,11.0,4.0,0.0,3.0,0.0,9.25,2.48,2.79
2023/02/14,391.0,395.0,389.0,390.0,352.0,137725.0,0.1284,0.3694,520.0,-30.0,0.0,-1.0,-31.0,1015.0,20.0,4.0,0.0,3.0,0.0,9.26,2.48,2.79
2023/02/15,392.5,392.5,385.5,386.5,295.0,114523.0,-0.8974,0.3096,730.0,-95.0,-53.0,7.0,-141.0,1040.0,32.0,7.0,0.0,3.0,0.0,9.17,2.46,2.82
2023/02/16,390.0,397.0,389.0,395.5,361.0,142156.0,2.3286,0.3788,550.0,160.0,-43.0,4.0,121.0,1030.0,9.0,19.0,0.0,3.0,0.0,9.39,2.52,2.75
2023/02/17,397.5,407.5,394.5,402.0,556.0,223861.0,1.6435,0.5834,786.0,249.0,8.0,9.0,266.0,984.0,17.0,62.0,0.0,4.0,1.0,9.54,2.56,2.71
2023/02/20,403.0,404.5,400.5,400.5,160.0,64399.0,-0.3731,0.1679,302.0,-37.0,0.0,0.0,-37.0,998.0,16.0,1.0,0.0,4.0,0.0,9.51,2.55,2.72
2023/02/21,402.0,404.5,400.0,403.5,150.0,60597.0,0.7491,0.1574,226.0,0.0,5.0,10.0,15.0,996.0,7.0,9.0,0.0,4.0,0.0,9.58,2.57,2.7
2023/02/22,400.0,405.0,399.0,401.0,235.0,94722.0,-0.6196,0.2466,339.0,-24.0,4.0,-7.0,-27.0,1009.0,30.0,17.0,0.0,4.0,0.0,9.52,2.55,2.71
2023/02/23,402.5,405.0,401.0,404.0,290.0,117124.0,0.7481,0.3043,351.0,-19.0,0.0,0.0,-19.0,1021.0,28.0,16.0,1.0,3.0,0.0,9.59,2.57,2.69
2023/02/24,405.5,424.0,405.5,417.5,1140.0,475269.0,3.3416,1.1963,1507.0,204.0,1.0,31.0,236.0,1100.0,151.0,72.0,1.0,3.0,1.0,9.81,2.54,2.61
2023/03/01,415.5,416.5,403.0,403.0,1126.0,459044.0,-3.4731,1.1816,2233.0,-512.0,8.0,6.0,-498.0,1149.0,111.0,62.0,0.0,3.0,0.0,9.47,2.46,2.7
2023/03/02,404.5,405.0,400.5,401.5,378.0,152126.0,-0.3722,0.3967,573.0,-117.0,8.0,-9.0,-118.0,1148.0,22.0,23.0,0.0,3.0,0.0,9.43,2.45,2.71
2023/03/03,402.0,404.5,399.5,399.5,298.0,119511.0,-0.4981,0.3127,552.0,-140.0,0.0,5.0,-135.0,1147.0,16.0,17.0,0.0,4.0,1.0,9.39,2.43,2.72
2023/03/06,403.0,403.0,399.5,399.5,240.0,96174.0,0.0,0.2518,399.0,-89.0,-1.0,7.0,-83.0,1155.0,18.0,10.0,0.0,4.0,0.0,9.39,2.43,2.72
2023/03/07,397.5,398.0,391.5,393.5,444.0,175235.0,-1.5019,0.4659,955.0,-115.0,3.0,-3.0,-115.0,1151.0,32.0,36.0,1.0,3.0,0.0,9.25,2.4,2.76
2023/03/08,393.5,397.5,392.5,395.5,246.0,97289.0,0.5083,0.2581,448.0,20.0,1.0,-3.0,18.0,1140.0,10.0,21.0,0.0,3.0,0.0,9.29,2.41,2.75
2023/03/09,397.0,397.5,393.0,393.0,285.0,112675.0,-0.6321,0.2991,490.0,-120.0,0.0,0.0,-120.0,1189.0,52.0,3.0,0.0,3.0,0.0,9.23,2.39,2.77
2023/03/10,393.0,393.0,388.5,389.0,422.0,165010.0,-1.0178,0.4428,791.0,-180.0,9.0,0.0,-170.0,1257.0,95.0,26.0,2.0,1.0,0.0,9.14,2.37,2.8
2023/03/13,389.0,391.0,382.0,384.5,532.0,204676.0,-1.1568,0.5583,1073.0,-240.0,0.0,-8.0,-247.0,1299.0,53.0,10.0,0.0,2.0,1.0,9.03,2.34,5.2
2023/03/14,384.5,384.5,378.0,378.5,446.0,169423.0,-1.5605,0.468,1131.0,-176.0,-26.0,-8.0,-210.0,1330.0,44.0,13.0,0.0,3.0,1.0,8.89,2.31,5.28
2023/03/15,380.0,380.5,378.0,378.5,380.0,144120.0,0.0,0.3988,643.0,-118.0,-1.0,-7.0,-126.0,1343.0,17.0,4.0,0.0,3.0,0.0,8.89,2.31,5.28
2023/03/16,376.0,378.0,370.5,372.0,418.0,155957.0,-1.7173,0.4386,1014.0,-48.0,-21.0,-8.0,-77.0,1368.0,37.0,12.0,0.0,8.0,5.0,8.74,2.27,5.38
2023/03/17,375.0,376.0,367.5,368.5,517.0,191073.0,-0.9409,0.5425,1131.0,-184.0,-29.0,-6.0,-219.0,1414.0,62.0,15.0,0.0,8.0,0.0,8.66,2.25,5.43
2023/03/20,367.5,372.0,363.5,369.0,317.0,116868.0,0.1357,0.3326,625.0,-30.0,-12.0,1.0,-41.0,1426.0,22.0,10.0,0.0,11.0,3.0,8.67,2.25,5.42
2023/03/21,371.0,378.0,371.0,374.5,424.0,159219.0,1.4905,0.4449,604.0,58.0,0.0,-12.0,46.0,1409.0,25.0,42.0,1.0,11.0,1.0,8.8,2.28,5.34
2023/03/22,379.0,385.0,377.0,384.0,483.0,184918.0,2.5367,0.5068,682.0,129.0,0.0,18.0,147.0,1378.0,15.0,46.0,9.0,5.0,3.0,9.02,2.34,5.21
2023/03/23,384.0,386.0,377.5,379.0,615.0,234234.0,-1.3021,0.6454,893.0,-179.0,0.0,22.0,-157.0,1432.0,67.0,13.0,1.0,5.0,1.0,8.91,2.31,5.28
2023/03/24,381.5,381.5,379.0,379.5,557.0,211823.0,0.1319,0.5845,630.0,-123.0,-65.0,70.0,-118.0,1488.0,62.0,6.0,0.0,5.0,0.0,8.92,2.31,5.27
2023/03/27,381.0,383.0,379.5,381.0,305.0,116669.0,0.3953,0.3201,332.0,-38.0,-4.0,26.0,-16.0,1486.0,23.0,22.0,0.0,5.0,0.0,8.95,2.32,5.25
2023/03/28,383.5,385.0,381.0,381.5,338.0,129349.0,0.1312,0.3547,407.0,135.0,-10.0,-12.0,113.0,1488.0,16.0,14.0,0.0,5.0,0.0,8.96,2.32,5.24
2023/03/29,382.0,383.5,380.5,382.0,227.0,86900.0,0.1311,0.2382,331.0,27.0,0.0,3.0,30.0,1483.0,15.0,19.0,0.0,6.0,1.0,8.98,2.33,5.24
2023/03/30,385.5,385.5,380.0,380.5,278.0,106398.0,-0.3927,0.2917,402.0,91.0,-17.0,-6.0,68.0,1492.0,16.0,7.0,1.0,5.0,0.0,8.94,2.32,5.26
2023/03/31,383.0,385.5,381.5,384.5,228.0,87730.0,1.0512,0.2393,372.0,109.0,0.0,1.0,110.0,1485.0,11.0,18.0,0.0,5.0,0.0,9.03,2.34,5.2
2023/04/06,385.5,386.0,380.5,381.5,124.0,47686.0,-0.7802,0.1301,272.0,-39.0,0.0,-4.0,-43.0,1480.0,7.0,12.0,2.0,3.0,0.0,8.96,2.32,5.24
2023/04/07,387.0,392.0,386.5,386.5,334.0,129720.0,1.3106,0.3505,620.0,26.0,0.0,-2.0,24.0,1458.0,15.0,37.0,0.0,3.0,0.0,9.08,2.36,5.17
2023/04/10,390.0,405.0,390.0,403.5,1380.0,552244.0,4.3984,1.4481,1740.0,472.0,48.0,88.0,608.0,1492.0,115.0,81.0,0.0,4.0,1.0,9.48,2.46,4.96
2023/04/11,404.5,406.5,401.0,404.5,830.0,335220.0,0.2478,0.871,992.0,139.0,70.0,-25.0,184.0,1523.0,52.0,21.0,0.0,4.0,0.0,9.5,2.46,4.94
2023/04/12,409.5,418.0,405.0,414.0,1757.0,725344.0,2.3486,1.8437,2449.0,274.0,85.0,34.0,393.0,1467.0,164.0,220.0,1.0,3.0,0.0,9.73,2.52,4.83
2023/04/13,414.5,419.5,411.0,414.5,836.0,347573.0,0.1208,0.8773,1247.0,136.0,90.0,-29.0,197.0,1478.0,51.0,40.0,0.0,4.0,1.0,9.74,2.53,4.83
2023/04/14,417.5,418.0,413.0,415.5,667.0,277196.0,0.2413,0.6999,962.0,-42.0,12.0,13.0,-17.0,1512.0,73.0,39.0,1.0,3.0,0.0,9.76,2.53,4.81
2023/04/17,419.5,419.5,410.5,413.0,748.0,310742.0,-0.6017,0.7849,1134.0,-178.0,0.0,19.0,-159.0,1590.0,139.0,48.0,2.0,1.0,0.0,9.7,2.52,4.84
2023/04/18,410.0,410.0,401.0,403.0,700.0,282992.0,-2.4213,0.7345,1684.0,-224.0,-1.0,-1.0,-226.0,1694.0,162.0,58.0,1.0,3.0,3.0,9.47,2.46,4.96
2023/04/19,405.5,435.5,405.5,422.0,2498.0,1060682.0,4.7146,2.6213,2715.0,136.0,463.0,1.0,600.0,1703.0,230.0,221.0,3.0,3.0,3.0,9.92,2.57,4.74
2023/04/20,421.0,432.0,417.5,423.0,1642.0,698576.0,0.237,1.723,2628.0,-437.0,104.0,-94.0,-427.0,1807.0,223.0,119.0,3.0,0.0,0.0,9.94,2.58,4.73
2023/04/21,423.0,426.0,408.0,409.0,870.0,361610.0,-3.3097,0.9129,1725.0,-143.0,2.0,9.0,-132.0,1796.0,151.0,162.0,0.0,0.0,0.0,9.61,2.49,4.89
2023/04/24,411.0,414.0,403.0,406.0,326.0,133103.0,-0.7335,0.3421,675.0,-82.0,4.0,18.0,-60.0,1816.0,43.0,23.0,0.0,0.0,0.0,9.54,2.47,4.93
2023/04/25,407.0,408.0,400.0,401.0,472.0,190534.0,-1.2315,0.4953,801.0,-85.0,144.0,-7.0,52.0,1772.0,60.0,104.0,0.0,0.0,0.0,9.42,2.44,4.99
2023/04/26,401.0,405.5,397.0,400.0,537.0,214897.0,-0.2494,0.5635,756.0,158.0,0.0,-15.0,143.0,1743.0,43.0,72.0,0.0,0.0,0.0,9.4,2.44,5.0
2023/04/27,400.0,412.0,397.0,406.5,559.0,227609.0,1.625,0.5866,770.0,-91.0,22.0,-5.0,-74.0,1681.0,28.0,90.0,0.0,0.0,0.0,9.55,2.48,4.92
2023/04/28,410.0,414.0,406.0,413.0,420.0,173039.0,1.599,0.4407,629.0,59.0,8.0,-2.0,65.0,1559.0,11.0,132.0,0.0,0.0,0.0,9.7,2.52,4.84
2023/05/02,415.0,417.5,411.0,414.0,427.0,177058.0,0.2421,0.4481,625.0,157.0,-52.0,1.0,106.0,1496.0,22.0,85.0,0.0,0.0,0.0,9.73,2.52,4.83
2023/05/03,412.0,413.0,404.0,405.0,356.0,145273.0,-2.1739,0.3736,610.0,-48.0,12.0,2.0,-34.0,1503.0,31.0,24.0,0.0,0.0,0.0,9.52,2.47,4.94
2023/05/04,407.5,409.0,399.0,402.0,501.0,201507.0,-0.7407,0.5257,768.0,-15.0,0.0,2.0,-12.0,1550.0,83.0,36.0,0.0,0.0,0.0,9.45,2.45,4.98
2023/05/05,405.0,405.0,400.0,402.0,283.0,114068.0,0.0,0.297,448.0,17.0,0.0,-1.0,16.0,1598.0,64.0,16.0,0.0,0.0,0.0,10.63,2.38,4.98
2023/05/08,403.5,420.0,403.5,419.0,939.0,389625.0,4.2289,0.9853,1199.0,249.0,94.0,174.0,517.0,1541.0,66.0,123.0,0.0,0.0,0.0,11.08,2.48,4.77
2023/05/09,417.5,420.0,406.0,406.0,438.0,180015.0,-3.1026,0.4596,884.0,-211.0,57.0,2.0,-152.0,1548.0,46.0,39.0,0.0,0.0,0.0,10.74,2.4,4.93
2023/05/10,406.0,408.0,403.0,404.5,328.0,133089.0,-0.3695,0.3442,538.0,-45.0,0.0,2.0,-43.0,1557.0,45.0,36.0,0.0,0.0,0.0,10.7,2.39,4.94
2023/05/11,403.0,405.5,398.5,399.5,426.0,170896.0,-1.2361,0.447,674.0,-82.0,-12.0,20.0,-74.0,1574.0,58.0,41.0,0.0,0.0,0.0,10.56,2.37,5.01
2023/05/12,400.0,404.5,395.0,403.5,274.0,109949.0,1.0013,0.2875,479.0,-25.0,2.0,-15.0,-38.0,1587.0,29.0,16.0,0.0,0.0,0.0,10.67,2.39,4.96
2023/05/15,406.0,411.0,404.0,407.0,235.0,95976.0,0.8674,0.2466,412.0,1.0,37.0,28.0,66.0,1578.0,10.0,18.0,0.0,0.0,0.0,10.76,2.41,4.91
2023/05/16,411.0,432.0,411.0,421.5,1933.0,818844.0,3.5627,2.0284,2050.0,508.0,159.0,15.0,682.0,1440.0,90.0,228.0,0.0,2.0,2.0,11.14,2.5,4.74
2023/05/17,422.0,425.5,416.0,416.0,631.0,264184.0,-1.3049,0.6621,2337.0,-109.0,2.0,-3.0,-110.0,1525.0,118.0,33.0,1.0,1.0,0.0,11.0,2.46,4.81
2023/05/18,422.5,425.0,415.0,423.5,813.0,341964.0,1.8029,0.8531,1120.0,-63.0,-72.0,113.0,-22.0,1635.0,152.0,42.0,1.0,0.0,0.0,11.2,2.51,4.72
2023/05/19,421.0,423.5,413.0,414.5,747.0,311471.0,-2.1251,0.7839,1128.0,-40.0,-41.0,3.0,-78.0,1703.0,106.0,38.0,0.0,0.0,0.0,10.96,2.45,4.83
2023/05/22,417.5,417.5,411.0,412.0,545.0,225225.0,-0.6031,0.5719,637.0,51.0,-32.0,13.0,32.0,1824.0,154.0,33.0,0.0,0.0,0.0,10.89,2.44,4.85
2023/05/23,415.0,419.5,409.5,419.0,479.0,198888.0,1.699,0.5026,657.0,27.0,-51.0,23.0,-1.0,1869.0,93.0,47.0,0.0,1.0,1.0,11.08,2.48,4.77
2023/05/24,418.5,421.5,416.0,418.0,472.0,197709.0,-0.2387,0.4953,685.0,-41.0,0.0,1.0,-40.0,1943.0,94.0,20.0,0.0,1.0,0.0,11.05,2.47,4.78
2023/05/25,420.5,425.5,412.5,422.5,1072.0,450842.0,1.0766,1.1249,1331.0,83.0,-66.0,48.0,65.0,2057.0,231.0,117.0,1.0,0.0,0.0,11.17,2.5,4.73
2023/05/26,428.0,430.0,419.0,420.0,1419.0,602468.0,-0.5917,1.489,1736.0,8.0,20.0,11.0,39.0,2369.0,425.0,113.0,0.0,0.0,0.0,11.11,2.49,4.76
2023/05/29,421.0,437.0,421.0,436.0,1902.0,820040.0,3.8095,1.9959,2215.0,286.0,0.0,120.0,406.0,2589.0,415.0,195.0,0.0,7.0,7.0,11.53,2.58,4.59
2023/05/30,439.0,443.0,425.5,427.0,1443.0,625764.0,-2.0642,1.5142,2969.0,-614.0,0.0,59.0,-555.0,2614.0,238.0,212.0,6.0,1.0,0.0,11.29,2.53,4.68
2023/05/31,425.0,425.0,420.0,424.0,1005.0,425020.0,-0.7026,1.0546,1226.0,82.0,-3.0,76.0,156.0,2576.0,108.0,146.0,1.0,0.0,0.0,11.21,2.51,4.72
2023/06/01,424.0,431.0,424.0,429.0,616.0,264125.0,1.1792,0.6464,746.0,225.0,-2.0,11.0,234.0,2508.0,105.0,173.0,0.0,0.0,0.0,11.34,2.54,4.66
2023/06/02,431.0,432.0,424.0,427.0,728.0,311667.0,-0.4662,0.7639,1033.0,-61.0,-112.0,-7.0,-180.0,2621.0,218.0,105.0,0.0,0.0,0.0,11.29,2.53,4.68
2023/06/05,429.0,437.0,424.0,435.5,887.0,384636.0,1.9906,0.9308,1112.0,90.0,0.0,-70.0,20.0,2576.0,77.0,122.0,0.0,0.0,0.0,11.52,2.58,4.59
2023/06/06,433.0,437.0,424.0,435.5,724.0,312740.0,0.0,0.7597,1019.0,-151.0,0.0,-43.0,-194.0,2490.0,42.0,128.0,0.0,1.0,1.0,11.52,2.58,4.59
2023/06/07,435.0,442.0,431.0,437.0,874.0,382018.0,0.3444,0.9171,1119.0,57.0,-100.0,-5.0,-48.0,2499.0,94.0,85.0,0.0,11.0,10.0,11.55,2.59,4.58
2023/06/08,440.0,442.5,434.0,438.0,704.0,308737.0,0.2288,0.7387,930.0,-37.0,71.0,-21.0,13.0,2469.0,36.0,66.0,0.0,11.0,0.0,11.58,2.59,4.57
2023/06/09,440.5,452.5,439.5,447.0,1019.0,454948.0,2.0548,1.0693,1285.0,-21.0,57.0,99.0,135.0,2416.0,154.0,207.0,0.0,12.0,1.0,11.82,2.65,4.47
2023/06/12,452.0,461.0,441.0,459.5,1411.0,642054.0,2.7964,1.4806,1938.0,-216.0,-45.0,25.0,-236.0,2407.0,118.0,127.0,0.0,15.0,3.0,12.15,2.72,4.35
2023/06/13,459.0,459.0,450.0,450.5,1223.0,558326.0,-1.9587,1.2834,1824.0,-347.0,-60.0,-11.0,-418.0,2375.0,81.0,112.0,2.0,13.0,0.0,11.91,2.67,4.44
2023/06/14,450.5,457.5,448.0,456.0,764.0,347577.0,1.2209,0.8017,955.0,59.0,-79.0,10.0,-10.0,2361.0,36.0,50.0,0.0,13.0,0.0,12.06,2.7,4.39
2023/06/15,459.0,469.0,454.5,461.5,1063.0,491244.0,1.2061,1.1155,1331.0,292.0,-18.0,-1.0,272.0,2341.0,87.0,107.0,0.0,13.0,0.0,12.2,2.73,4.33
2023/06/16,458.0,465.0,453.0,459.5,1123.0,518760.0,-0.4334,1.1784,1355.0,-22.0,-95.0,1.0,-116.0,2241.0,29.0,118.0,0.0,14.0,1.0,12.15,2.72,4.35
2023/06/19,459.5,462.5,457.0,461.0,521.0,239812.0,0.3264,0.5467,687.0,89.0,-51.0,-1.0,37.0,2204.0,40.0,77.0,0.0,14.0,0.0,12.19,2.73,4.34
2023/06/20,469.0,507.0,469.0,507.0,3600.0,1798800.0,9.9783,3.7777,4122.0,76.0,183.0,65.0,324.0,2850.0,813.0,167.0,0.0,28.0,14.0,13.41,3.0,3.94
2023/06/21,557.0,557.0,551.0,557.0,1992.0,1109893.0,9.8619,2.0903,1209.0,-188.0,2.0,-8.0,-194.0,2925.0,506.0,431.0,0.0,36.0,8.0,14.73,3.3,3.59
2023/06/26,565.0,612.0,565.0,612.0,4298.0,2571841.0,9.8743,4.5101,3437.0,-5.0,27.0,226.0,249.0,2999.0,365.0,291.0,3.0,312.0,279.0,16.18,3.62,3.27
2023/06/27,614.0,619.0,592.0,607.0,3521.0,2132154.0,-0.817,3.6948,3736.0,421.0,81.0,-66.0,436.0,2815.0,340.0,524.0,67.0,279.0,37.0,16.05,3.59,3.29
2023/06/28,667.0,667.0,608.0,634.0,6015.0,3893586.0,4.4481,6.3118,5355.0,-405.0,30.0,113.0,-262.0,3376.0,896.0,335.0,156.0,182.0,66.0,16.76,3.75,3.15
2023/06/29,631.0,645.0,628.0,628.0,644.0,408810.0,-0.9464,0.6758,904.0,-31.0,-26.0,-13.0,-70.0,3429.0,226.0,173.0,35.0,165.0,19.0,16.6,3.72,3.18
2023/06/30,628.0,666.0,616.0,663.0,1246.0,805489.0,5.5732,1.3075,1659.0,-223.0,4.0,59.0,-160.0,3747.0,410.0,92.0,34.0,149.0,18.0,17.53,3.93,3.02
2023/07/03,673.0,709.0,673.0,709.0,1037.0,719559.0,6.9382,1.0882,1565.0,-2.0,0.0,101.0,99.0,3861.0,445.0,331.0,21.0,200.0,72.0,18.75,4.2,2.82
2023/07/04,699.0,700.0,690.0,697.0,330.0,229510.0,-1.6925,0.3463,475.0,54.0,5.0,18.0,77.0,3730.0,0.0,130.0,55.0,145.0,0.0,18.43,4.13,2.87
2023/07/05,704.0,704.0,667.0,670.0,374.0,253202.0,-3.8737,0.3925,620.0,-112.0,-6.0,32.0,-86.0,3691.0,11.0,50.0,15.0,129.0,0.0,17.72,3.97,2.99
2023/07/06,670.0,685.0,657.0,667.0,296.0,198110.0,-0.4478,0.3106,438.0,-14.0,0.0,20.0,6.0,3630.0,15.0,76.0,4.0,125.0,0.0,17.64,3.95,3.0
2023/07/07,671.0,690.0,660.0,690.0,340.0,230751.0,3.4483,0.3568,449.0,111.0,-15.0,53.0,149.0,3594.0,27.0,63.0,0.0,124.0,1.0,18.24,4.09,2.9
2023/07/10,701.0,715.0,689.0,689.0,550.0,388775.0,-0.1449,0.5771,803.0,-155.0,-8.0,25.0,-138.0,3580.0,40.0,53.0,0.0,124.0,0.0,18.22,4.08,2.9
2023/07/11,700.0,702.0,693.0,693.0,353.0,247307.0,0.5806,0.3704,461.0,-33.0,-16.0,14.0,-35.0,3566.0,1.0,15.0,2.0,123.0,1.0,18.32,4.1,2.89
2023/07/12,695.0,715.0,695.0,715.0,407.0,288904.0,3.1746,0.4271,493.0,-174.0,0.0,103.0,-71.0,3556.0,15.0,25.0,0.0,123.0,0.0,18.91,4.23,2.8
2023/07/13,729.0,786.0,729.0,742.0,493.0,379814.0,3.7762,0.5173,814.0,41.0,0.0,110.0,151.0,3508.0,4.0,52.0,2.0,122.0,1.0,19.62,4.39,2.7
2023/07/14,779.0,800.0,777.0,800.0,371.0,294845.0,7.8167,0.3893,601.0,-58.0,-7.0,61.0,-4.0,3496.0,23.0,35.0,3.0,120.0,1.0,21.15,4.74,2.5
2023/07/17,860.0,860.0,767.0,792.0,640.0,519296.0,-1.0,0.6716,828.0,-143.0,-6.0,53.0,-96.0,3520.0,54.0,30.0,3.0,118.0,1.0,20.94,4.69,2.53
2023/07/18,870.0,871.0,803.0,871.0,4626.0,3950534.0,9.9747,4.8543,4716.0,-654.0,581.0,-82.0,-155.0,4229.0,993.0,284.0,25.0,117.0,24.0,23.03,5.16,2.3
2023/07/19,915.0,958.0,912.0,958.0,3054.0,2882137.0,9.9885,3.2047,2518.0,-194.0,346.0,-147.0,4.0,4709.0,772.0,292.0,10.0,170.0,63.0,25.33,5.67,2.09
2023/07/20,954.0,999.0,921.0,947.0,3868.0,3720516.0,-1.1482,4.0589,4478.0,-242.0,477.0,42.0,277.0,4595.0,437.0,551.0,35.0,151.0,16.0,25.04,5.61,2.11
2023/07/21,922.0,966.0,922.0,941.0,2128.0,2010415.0,-0.6336,2.233,2582.0,-438.0,128.0,96.0,-214.0,4658.0,207.0,144.0,26.0,150.0,25.0,24.88,5.57,2.13
2023/07/24,985.0,1015.0,961.0,991.0,2198.0,2179133.0,5.3135,2.3065,2839.0,-133.0,136.0,-96.0,-93.0,4730.0,268.0,196.0,10.0,150.0,10.0,26.2,5.87,2.02
2023/07/25,1010.0,1060.0,989.0,1015.0,2966.0,3029296.0,2.4218,3.1124,3344.0,277.0,86.0,-129.0,234.0,4687.0,268.0,311.0,1.0,154.0,5.0,26.84,6.01,1.97
2023/07/26,1020.0,1025.0,930.0,943.0,2638.0,2563522.0,-7.0936,2.7682,3819.0,62.0,-5.0,35.0,92.0,4632.0,228.0,283.0,8.0,148.0,2.0,24.93,5.58,2.12
2023/07/27,962.0,972.0,921.0,942.0,1853.0,1752831.0,-0.106,1.9444,2179.0,263.0,95.0,2.0,360.0,4435.0,162.0,359.0,1.0,151.0,4.0,24.91,5.58,2.12
2023/07/28,932.0,948.0,880.0,937.0,2990.0,2761537.0,-0.5308,3.1376,4317.0,-1.0,211.0,45.0,255.0,4448.0,326.0,313.0,11.0,145.0,7.0,24.78,5.55,2.13
2023/07/31,987.0,987.0,883.0,907.0,2656.0,2468066.0,-3.2017,2.7871,4087.0,89.0,154.0,-80.0,163.0,4452.0,324.0,319.0,6.0,145.0,6.0,23.98,5.37,2.21
2023/08/01,924.0,924.0,851.0,880.0,2430.0,2144276.0,-2.9768,2.5499,3475.0,496.0,34.0,50.0,580.0,4145.0,291.0,597.0,17.0,131.0,3.0,23.27,5.21,2.27
2023/08/02,879.0,892.0,792.0,822.0,3170.0,2640553.0,-6.5909,3.3264,4258.0,887.0,-100.0,-129.0,659.0,3938.0,237.0,444.0,17.0,128.0,14.0,21.73,4.87,2.43
2023/08/04,822.0,844.0,796.0,817.0,2481.0,2033991.0,-0.6083,2.6034,2795.0,-388.0,174.0,36.0,-178.0,4077.0,315.0,176.0,17.0,99.0,5.0,23.46,5.22,2.45
2023/08/07,818.0,888.0,812.0,877.0,2665.0,2280093.0,7.3439,2.7965,3627.0,-560.0,164.0,57.0,-339.0,4453.0,621.0,245.0,5.0,107.0,13.0,25.18,5.61,2.28
2023/08/08,901.0,944.0,887.0,888.0,5735.0,5235490.0,1.2543,6.018,6213.0,-1198.0,1260.0,119.0,181.0,4317.0,450.0,585.0,1.0,125.0,20.0,25.5,5.68,2.25
2023/08/09,888.0,903.0,852.0,857.0,2690.0,2356844.0,-3.491,2.8228,3488.0,-163.0,74.0,-27.0,-116.0,4387.0,305.0,235.0,9.0,119.0,3.0,24.61,5.48,2.33
2023/08/10,830.0,838.0,778.0,787.0,2890.0,2317380.0,-8.168,3.0326,4603.0,422.0,75.0,-76.0,422.0,4012.0,150.0,477.0,31.0,94.0,6.0,22.6,5.03,2.54
2023/08/11,811.0,834.0,796.0,812.0,2522.0,2050813.0,3.1766,2.6465,2914.0,-225.0,119.0,42.0,-64.0,4127.0,201.0,86.0,1.0,97.0,4.0,23.31,5.19,2.46
2023/08/14,800.0,829.0,784.0,817.0,1390.0,1130129.0,0.6158,1.4586,1895.0,25.0,62.0,6.0,93.0,4053.0,75.0,149.0,2.0,95.0,11.0,23.46,5.22,2.45
2023/08/15,861.0,898.0,853.0,881.0,3836.0,3386348.0,7.8335,4.0253,3664.0,-808.0,291.0,105.0,-412.0,3979.0,210.0,284.0,8.0,102.0,15.0,25.29,5.63,2.27
2023/08/16,850.0,929.0,850.0,920.0,2622.0,2361341.0,4.4268,2.7514,3341.0,-357.0,392.0,2.0,37.0,4023.0,339.0,295.0,19.0,97.0,15.0,26.41,5.88,2.17
2023/08/17,910.0,960.0,904.0,956.0,2512.0,2349402.0,3.913,2.636,3271.0,-221.0,479.0,46.0,304.0,3810.0,161.0,373.0,6.0,104.0,13.0,27.45,6.11,2.09
2023/08/18,962.0,978.0,871.0,906.0,3134.0,2882162.0,-5.2301,3.2887,4445.0,-239.0,0.0,105.0,-134.0,3610.0,310.0,510.0,31.0,61.0,0.0,26.01,5.79,2.21
2023/08/21,921.0,932.0,893.0,904.0,1377.0,1255228.0,-0.2208,1.445,1742.0,81.0,95.0,-82.0,94.0,3531.0,115.0,194.0,0.0,62.0,1.0,25.95,5.78,2.21
2023/08/22,937.0,938.0,901.0,904.0,1281.0,1171863.0,0.0,1.3442,1684.0,-61.0,33.0,-127.0,-155.0,3499.0,149.0,181.0,8.0,29.0,0.0,25.95,5.78,2.21
2023/08/23,916.0,945.0,907.0,935.0,1782.0,1659404.0,3.4292,1.8699,2384.0,146.0,130.0,-88.0,188.0,3349.0,132.0,282.0,23.0,4.0,0.0,26.84,5.98,2.14
2023/08/24,980.0,985.0,925.0,925.0,2254.0,2154681.0,-1.0695,2.3652,3209.0,-77.0,153.0,-22.0,53.0,3185.0,270.0,432.0,0.0,0.0,0.0,26.56,5.92,2.16
2023/08/25,891.0,916.0,882.0,893.0,1189.0,1069176.0,-3.4595,1.2477,2097.0,-192.0,70.0,-31.0,-153.0,3197.0,125.0,113.0,0.0,0.0,0.0,25.64,5.71,2.24
2023/08/28,905.0,908.0,874.0,892.0,1046.0,931787.0,-0.112,1.0976,1471.0,39.0,-57.0,-30.0,-48.0,3124.0,71.0,144.0,0.0,0.0,0.0,25.61,5.7,2.24
2023/08/29,888.0,889.0,837.0,864.0,1845.0,1584511.0,-0.8969,1.9361,3258.0,29.0,-134.0,3.0,-102.0,3328.0,322.0,118.0,0.0,59.0,59.0,24.81,5.53,2.31
2023/08/30,883.0,937.0,880.0,909.0,2169.0,1975686.0,5.2083,2.276,3096.0,232.0,-58.0,-31.0,143.0,3279.0,197.0,246.0,52.0,44.0,37.0,26.1,5.81,2.2
2023/08/31,899.0,918.0,885.0,915.0,1224.0,1110812.0,0.6601,1.2844,2582.0,-83.0,159.0,-71.0,5.0,3325.0,152.0,92.0,8.0,45.0,9.0,26.27,5.85,2.19
2023/09/01,915.0,927.0,872.0,874.0,1303.0,1163771.0,-4.4809,1.3673,2791.0,-376.0,-1.0,-52.0,-429.0,3367.0,183.0,132.0,12.0,41.0,8.0,25.09,5.59,2.29
2023/09/04,881.0,881.0,858.0,868.0,1164.0,1009509.0,-0.6865,1.2214,1840.0,-55.0,-150.0,8.0,-197.0,3470.0,135.0,30.0,12.0,37.0,8.0,24.92,5.55,2.3
2023/09/05,860.0,864.0,845.0,856.0,1194.0,1018678.0,-1.3825,1.2529,1991.0,128.0,-179.0,5.0,-46.0,3549.0,134.0,55.0,8.0,38.0,9.0,24.58,5.47,2.34
2023/09/06,863.0,915.0,855.0,900.0,1789.0,1593605.0,5.1402,1.8773,2530.0,181.0,6.0,-66.0,121.0,3540.0,197.0,206.0,2.0,72.0,36.0,25.84,5.76,2.22
2023/09/07,894.0,894.0,875.0,875.0,755.0,666219.0,-2.7778,0.7923,1420.0,-177.0,-13.0,-20.0,-210.0,3544.0,146.0,42.0,13.0,61.0,2.0,25.12,5.6,2.29
2023/09/08,865.0,883.0,842.0,847.0,1285.0,1106286.0,-3.2,1.3484,2689.0,-231.0,-79.0,11.0,-299.0,3623.0,146.0,66.0,14.0,58.0,11.0,24.32,5.42,2.36
2023/09/11,848.0,848.0,815.0,830.0,979.0,813150.0,-2.0071,1.0273,1760.0,142.0,-59.0,-25.0,58.0,3545.0,35.0,113.0,14.0,50.0,6.0,23.83,5.31,2.41
2023/09/12,831.0,848.0,820.0,828.0,917.0,766729.0,-0.241,0.9623,1439.0,-33.0,19.0,29.0,15.0,3584.0,63.0,24.0,16.0,41.0,7.0,23.77,5.29,2.42
2023/09/13,829.0,844.0,819.0,822.0,981.0,813329.0,-0.7246,1.0294,1461.0,-195.0,63.0,-27.0,-159.0,3672.0,115.0,27.0,2.0,45.0,6.0,23.6,5.26,2.43
2023/09/14,833.0,873.0,830.0,869.0,1822.0,1562171.0,5.7178,1.9119,2397.0,98.0,205.0,74.0,377.0,3586.0,179.0,265.0,2.0,74.0,31.0,24.95,5.56,2.3
2023/09/15,869.0,899.0,860.0,867.0,1794.0,1575903.0,-0.2301,1.8825,2704.0,-27.0,98.0,-10.0,61.0,3548.0,173.0,209.0,5.0,73.0,4.0,24.89,5.54,2.31
2023/09/18,853.0,856.0,811.0,811.0,1967.0,1624572.0,-6.4591,2.0641,3802.0,-790.0,-47.0,23.0,-814.0,3720.0,268.0,95.0,20.0,57.0,4.0,23.28,5.19,2.47
2023/09/19,812.0,826.0,805.0,811.0,958.0,781305.0,0.0,1.0053,1666.0,-3.0,-81.0,14.0,-70.0,3724.0,66.0,62.0,2.0,64.0,9.0,23.28,5.19,2.47
2023/09/20,808.0,831.0,797.0,805.0,1279.0,1038643.0,-0.7398,1.3421,1718.0,158.0,-5.0,30.0,183.0,3680.0,95.0,139.0,7.0,76.0,19.0,23.11,5.15,2.48
2023/09/21,792.0,808.0,772.0,803.0,1425.0,1130852.0,-0.2484,1.4953,1961.0,170.0,12.0,-30.0,152.0,3565.0,137.0,252.0,7.0,85.0,16.0,23.05,5.13,2.49
2023/09/22,795.0,829.0,791.0,829.0,1059.0,864705.0,3.2379,1.1113,1511.0,62.0,33.0,13.0,108.0,3557.0,97.0,105.0,11.0,91.0,17.0,23.8,5.3,2.41
2023/09/25,832.0,840.0,823.0,837.0,622.0,518695.0,0.965,0.6527,896.0,10.0,40.0,-37.0,13.0,3507.0,16.0,63.0,12.0,91.0,12.0,24.03,5.35,2.39
2023/09/26,837.0,851.0,826.0,827.0,887.0,746507.0,-1.1947,0.9308,1306.0,-20.0,162.0,-65.0,77.0,3477.0,48.0,78.0,5.0,98.0,12.0,23.74,5.29,2.42
2023/09/27,826.0,838.0,813.0,828.0,1106.0,909641.0,0.1209,1.1606,1436.0,266.0,-211.0,17.0,72.0,3350.0,43.0,170.0,10.0,95.0,7.0,23.77,5.29,2.42
2023/09/28,834.0,847.0,825.0,828.0,910.0,759980.0,0.0,0.9549,1193.0,11.0,-47.0,-29.0,-64.0,3366.0,44.0,27.0,5.0,111.0,22.0,23.77,5.29,2.42
2023/10/02,840.0,910.0,840.0,900.0,3543.0,3166174.0,8.6957,3.7179,4337.0,153.0,259.0,67.0,479.0,3248.0,301.0,418.0,8.0,129.0,26.0,25.84,5.76,2.22
2023/10/03,902.0,914.0,882.0,907.0,2139.0,1931664.0,0.7778,2.2446,3133.0,-87.0,42.0,-20.0,-65.0,3412.0,313.0,147.0,6.0,134.0,11.0,26.04,5.8,2.21
2023/10/04,898.0,935.0,890.0,923.0,1973.0,1810009.0,1.7641,2.0704,2597.0,-28.0,126.0,-17.0,81.0,3224.0,147.0,335.0,3.0,153.0,22.0,26.5,5.9,2.17
2023/10/05,936.0,941.0,912.0,930.0,2255.0,2090181.0,0.7584,2.3663,3821.0,-207.0,-117.0,7.0,-317.0,3144.0,131.0,211.0,9.0,153.0,9.0,26.7,5.95,2.15
2023/10/06,930.0,940.0,910.0,910.0,991.0,915226.0,-2.1505,1.0399,1558.0,8.0,-44.0,-1.0,-37.0,3184.0,122.0,81.0,10.0,151.0,8.0,26.13,5.82,2.2
2023/10/11,918.0,925.0,895.0,898.0,1212.0,1101343.0,-1.3187,1.2718,2598.0,-128.0,-117.0,-5.0,-250.0,3129.0,64.0,119.0,7.0,164.0,20.0,25.78,5.74,2.23
2023/10/12,905.0,925.0,898.0,907.0,1033.0,941700.0,1.0022,1.084,1770.0,-177.0,28.0,0.0,-149.0,3119.0,67.0,77.0,10.0,181.0,27.0,26.04,5.8,2.21
2023/10/13,907.0,914.0,877.0,888.0,882.0,786706.0,-2.0948,0.9255,6458.0,-173.0,-51.0,-19.0,-243.0,3161.0,103.0,60.0,19.0,172.0,10.0,25.5,5.68,2.25
2023/10/16,876.0,897.0,876.0,893.0,450.0,400938.0,0.5631,0.4722,750.0,-22.0,4.0,7.0,-11.0,3155.0,41.0,47.0,1.0,186.0,15.0,25.64,5.71,2.24
2023/10/17,900.0,908.0,860.0,862.0,686.0,603818.0,-3.4714,0.7199,1561.0,-111.0,4.0,-17.0,-124.0,3194.0,90.0,51.0,12.0,176.0,2.0,24.75,5.51,2.32
2023/10/18,852.0,857.0,807.0,809.0,1610.0,1323082.0,-6.1485,1.6895,3147.0,81.0,-177.0,-130.0,-225.0,3115.0,114.0,193.0,99.0,94.0,17.0,23.23,5.17,2.47
2023/10/19,809.0,823.0,805.0,805.0,808.0,655890.0,-0.4944,0.8479,1360.0,-182.0,33.0,-111.0,-260.0,3162.0,61.0,14.0,13.0,84.0,9.0,23.11,5.15,2.48
2023/10/20,810.0,812.0,785.0,797.0,963.0,769342.0,-0.9938,1.0105,1692.0,0.0,0.0,-170.0,-170.0,3212.0,76.0,25.0,13.0,89.0,18.0,22.88,5.1,2.51
2023/10/23,793.0,806.0,788.0,788.0,555.0,442480.0,-1.1292,0.5824,1039.0,-1.0,0.0,-74.0,-75.0,3216.0,42.0,37.0,1.0,90.0,2.0,22.62,5.04,2.54
2023/10/24,798.0,806.0,784.0,795.0,920.0,729838.0,0.8883,0.9654,1521.0,-8.0,-215.0,-25.0,-248.0,3296.0,122.0,41.0,11.0,85.0,6.0,22.83,5.08,2.52
2023/10/25,811.0,834.0,801.0,821.0,1763.0,1439548.0,3.2704,1.85,2110.0,29.0,11.0,98.0,138.0,3247.0,77.0,126.0,10.0,85.0,10.0,23.57,5.25,2.44
2023/10/26,801.0,805.0,783.0,785.0,966.0,766828.0,-4.3849,1.0137,2105.0,-107.0,-1.0,-209.0,-317.0,3291.0,109.0,65.0,14.0,84.0,13.0,22.54,5.02,2.55
2023/10/27,790.0,798.0,769.0,773.0,751.0,587480.0,-1.5287,0.7881,1660.0,10.0,-150.0,-36.0,-176.0,3351.0,98.0,38.0,6.0,87.0,9.0,22.19,4.94,2.59
2023/10/30,773.0,779.0,742.0,744.0,1920.0,1449502.0,-3.7516,2.0148,3421.0,459.0,-671.0,-6.0,-218.0,3399.0,151.0,103.0,10.0,93.0,16.0,21.36,4.76,2.69
2023/10/31,752.0,757.0,701.0,702.0,2211.0,1597267.0,-5.6452,2.3201,3943.0,771.0,-601.0,-101.0,69.0,3259.0,157.0,293.0,8.0,145.0,60.0,20.16,4.49,2.85
2023/11/01,703.0,705.0,665.0,684.0,3486.0,2375499.0,-2.5641,3.658,4835.0,780.0,-1127.0,-144.0,-490.0,3493.0,280.0,40.0,39.0,169.0,63.0,19.64,4.37,2.92
2023/11/02,715.0,728.0,698.0,713.0,1786.0,1271302.0,4.2398,1.8741,2409.0,24.0,-257.0,94.0,-139.0,3518.0,205.0,177.0,8.0,167.0,11.0,20.47,4.56,2.81
2023/11/03,719.0,737.0,707.0,719.0,1063.0,766985.0,0.8415,1.1155,1635.0,-173.0,-15.0,179.0,-9.0,3523.0,92.0,82.0,13.0,163.0,9.0,20.64,4.6,2.78
2023/11/06,729.0,748.0,719.0,724.0,1677.0,1223865.0,0.6954,1.7598,2192.0,-264.0,-152.0,50.0,-366.0,3677.0,212.0,58.0,9.0,164.0,24.0,24.48,4.33,2.76
2023/11/07,762.0,796.0,754.0,796.0,4344.0,3403479.0,9.9448,4.5584,4406.0,15.0,268.0,75.0,358.0,3816.0,527.0,388.0,28.0,241.0,105.0,26.91,4.76,2.51
2023/11/08,845.0,875.0,835.0,875.0,3476.0,2993308.0,9.9246,3.6475,5336.0,406.0,165.0,38.0,609.0,3647.0,362.0,531.0,23.0,437.0,219.0,29.58,5.24,2.29
2023/11/09,879.0,881.0,837.0,854.0,4221.0,3621214.0,-2.4,4.4293,7374.0,-659.0,23.0,29.0,-607.0,3717.0,379.0,309.0,129.0,316.0,8.0,28.87,5.11,2.34
2023/11/10,860.0,860.0,835.0,848.0,1849.0,1566569.0,-0.7026,1.9402,2568.0,-46.0,20.0,47.0,21.0,3583.0,164.0,295.0,13.0,313.0,12.0,28.67,5.08,2.36
2023/11/13,867.0,868.0,833.0,849.0,1829.0,1554552.0,0.1179,1.9193,2519.0,-279.0,50.0,31.0,-198.0,3578.0,155.0,158.0,90.0,231.0,22.0,28.7,5.08,2.36
2023/11/14,855.0,863.0,847.0,856.0,1015.0,869500.0,0.8245,1.0651,1506.0,18.0,-5.0,7.0,20.0,3568.0,107.0,117.0,1.0,249.0,21.0,28.94,5.12,2.34
2023/11/15,883.0,892.0,852.0,867.0,2752.0,2389952.0,1.285,2.8878,3355.0,-98.0,-1.0,-14.0,-112.0,3598.0,258.0,228.0,12.0,236.0,6.0,29.31,5.19,2.31
2023/11/16,867.0,876.0,848.0,857.0,1145.0,982025.0,-1.1534,1.2015,1833.0,-139.0,-42.0,0.0,-181.0,3576.0,100.0,122.0,16.0,224.0,4.0,28.97,5.13,2.33
2023/11/17,855.0,867.0,845.0,849.0,1064.0,906755.0,-0.9335,1.1165,1727.0,27.0,-268.0,6.0,-235.0,3599.0,99.0,76.0,23.0,198.0,2.0,28.7,5.08,2.36
2023/11/20,849.0,856.0,838.0,842.0,949.0,801600.0,-0.8245,0.9958,1669.0,93.0,-139.0,23.0,-23.0,3652.0,97.0,44.0,23.0,178.0,3.0,28.47,5.04,2.38
2023/11/21,848.0,895.0,848.0,895.0,3534.0,3096543.0,6.2945,3.7084,4458.0,788.0,20.0,69.0,877.0,3685.0,436.0,403.0,27.0,171.0,20.0,30.26,5.36,2.23
2023/11/22,882.0,888.0,871.0,875.0,1601.0,1406024.0,-2.2346,1.68,2327.0,61.0,-86.0,-26.0,-51.0,3550.0,174.0,309.0,6.0,181.0,16.0,29.58,5.24,2.29
2023/11/23,880.0,884.0,849.0,851.0,1241.0,1070209.0,-2.7429,1.3022,2482.0,-173.0,-31.0,-29.0,-233.0,3576.0,185.0,159.0,20.0,161.0,0.0,28.77,5.09,2.35
2023/11/24,861.0,879.0,850.0,872.0,1207.0,1046711.0,2.4677,1.2666,1641.0,260.0,-5.0,23.0,278.0,3445.0,40.0,170.0,0.0,167.0,6.0,29.48,5.22,2.29
2023/11/27,868.0,875.0,835.0,856.0,2180.0,1854935.0,-1.8349,2.2876,3206.0,248.0,-43.0,-87.0,118.0,3364.0,105.0,186.0,20.0,238.0,91.0,28.94,5.12,2.34
2023/11/28,866.0,866.0,853.0,855.0,854.0,732862.0,-0.1168,0.8961,1194.0,8.0,10.0,26.0,43.0,3429.0,115.0,50.0,8.0,230.0,0.0,28.9,5.12,2.34
2023/11/29,860.0,891.0,856.0,880.0,1895.0,1669426.0,2.924,1.9885,2730.0,410.0,93.0,76.0,578.0,3351.0,160.0,238.0,12.0,233.0,15.0,29.75,5.27,2.27
2023/11/30,879.0,895.0,871.0,873.0,1014.0,893266.0,-0.7955,1.064,1738.0,-202.0,2.0,-14.0,-214.0,3412.0,139.0,77.0,1.0,232.0,0.0,29.51,5.23,2.29
2023/12/01,873.0,888.0,869.0,884.0,872.0,767971.0,1.26,0.915,1377.0,132.0,-34.0,12.0,110.0,3396.0,90.0,106.0,5.0,230.0,3.0,29.89,5.29,2.26
2023/12/04,892.0,895.0,857.0,857.0,1148.0,997339.0,-3.0543,1.2047,2420.0,-326.0,-50.0,-37.0,-413.0,3475.0,181.0,102.0,8.0,224.0,12.0,28.97,5.13,2.33
2023/12/05,842.0,849.0,836.0,840.0,1227.0,1032802.0,-1.9837,1.2876,2322.0,-190.0,-176.0,-30.0,-396.0,3456.0,118.0,137.0,19.0,205.0,3.0,28.4,5.03,2.38
2023/12/06,848.0,882.0,846.0,868.0,1217.0,1058365.0,3.3333,1.2771,1743.0,426.0,-81.0,44.0,389.0,3320.0,54.0,180.0,8.0,214.0,17.0,29.34,5.2,2.3
2023/12/07,866.0,877.0,851.0,858.0,808.0,696843.0,-1.1521,0.8479,2068.0,81.0,10.0,-177.0,-86.0,3359.0,92.0,53.0,3.0,211.0,0.0,29.01,5.14,2.33
2023/12/08,870.0,882.0,860.0,869.0,997.0,868567.0,1.2821,1.0462,1441.0,194.0,41.0,-30.0,205.0,3360.0,89.0,88.0,2.0,213.0,4.0,29.38,5.2,2.3
2023/12/11,877.0,885.0,870.0,880.0,723.0,634642.0,1.2658,0.7587,1209.0,98.0,29.0,10.0,137.0,3345.0,96.0,111.0,3.0,228.0,18.0,29.75,5.27,2.27
2023/12/12,893.0,905.0,863.0,863.0,1678.0,1474594.0,-1.9318,1.7608,2527.0,-569.0,28.0,65.0,-476.0,3495.0,263.0,113.0,7.0,230.0,9.0,29.18,5.17,2.32
2023/12/13,870.0,899.0,870.0,892.0,1940.0,1726642.0,3.3604,2.0357,2978.0,526.0,97.0,54.0,676.0,3433.0,239.0,301.0,0.0,255.0,25.0,30.16,5.34,2.24
2023/12/14,900.0,907.0,873.0,877.0,1585.0,1407198.0,-1.6816,1.6632,2722.0,-576.0,-50.0,-19.0,-645.0,3726.0,408.0,114.0,13.0,243.0,1.0,29.65,5.25,2.28
2023/12/15,882.0,885.0,857.0,857.0,1378.0,1190118.0,-2.2805,1.446,3253.0,-300.0,-119.0,13.0,-406.0,3587.0,219.0,358.0,12.0,236.0,5.0,28.97,5.13,2.33
2023/12/18,857.0,865.0,848.0,857.0,776.0,662792.0,0.0,0.8143,1415.0,-108.0,-113.0,-9.0,-230.0,3606.0,100.0,76.0,14.0,229.0,7.0,28.97,5.13,2.33
2023/12/19,861.0,872.0,846.0,846.0,1028.0,881383.0,-1.2835,1.0787,1673.0,-142.0,-1.0,37.0,-106.0,3551.0,46.0,101.0,3.0,232.0,6.0,28.6,5.06,2.36
2023/12/20,852.0,860.0,847.0,857.0,518.0,442900.0,1.3002,0.5436,888.0,115.0,-50.0,3.0,68.0,3548.0,52.0,55.0,11.0,227.0,6.0,28.97,5.13,2.33
2023/12/21,848.0,864.0,842.0,861.0,676.0,579030.0,0.4667,0.7094,1077.0,209.0,0.0,-13.0,196.0,3514.0,30.0,64.0,9.0,220.0,2.0,29.11,5.15,2.32
2023/12/22,865.0,866.0,853.0,855.0,553.0,475399.0,-0.6969,0.5803,863.0,-6.0,-101.0,-40.0,-147.0,3604.0,104.0,14.0,6.0,214.0,0.0,28.9,5.12,2.34
2023/12/25,862.0,888.0,861.0,868.0,1897.0,1667443.0,1.5205,1.9906,2906.0,456.0,38.0,-8.0,486.0,3429.0,122.0,297.0,0.0,216.0,2.0,29.34,5.2,2.3
2023/12/26,877.0,907.0,874.0,904.0,2896.0,2595527.0,4.1475,3.0389,4564.0,581.0,85.0,28.0,694.0,3480.0,389.0,338.0,1.0,260.0,45.0,30.56,5.41,2.21
2023/12/27,914.0,948.0,911.0,942.0,3602.0,3367725.0,4.2035,3.7798,5181.0,449.0,90.0,31.0,570.0,3292.0,233.0,421.0,9.0,296.0,45.0,31.85,5.64,2.12
2023/12/28,949.0,956.0,907.0,910.0,2582.0,2388707.0,-3.397,2.7094,8664.0,-850.0,6.0,-127.0,-970.0,3562.0,434.0,164.0,29.0,268.0,1.0,30.76,5.45,2.2
2023/12/29,917.0,919.0,907.0,914.0,951.0,868797.0,0.4396,0.9979,1597.0,-58.0,-33.0,-69.0,-160.0,3607.0,106.0,61.0,9.0,260.0,1.0,30.9,5.47,2.19
2024/01/02,918.0,920.0,882.0,890.0,1164.0,1038632.0,-2.6258,1.2214,2452.0,-38.0,-94.0,-44.0,-176.0,3564.0,130.0,173.0,15.0,255.0,10.0,30.09,5.33,2.25
2024/01/03,880.0,885.0,871.0,872.0,776.0,681000.0,-2.0225,0.8143,1528.0,-19.0,-101.0,54.0,-66.0,3580.0,85.0,69.0,20.0,242.0,7.0,29.48,5.22,2.29
2024/01/04,872.0,878.0,861.0,862.0,740.0,642771.0,-1.1468,0.7765,1466.0,-100.0,6.0,46.0,-48.0,3628.0,108.0,60.0,10.0,239.0,7.0,29.14,5.16,2.32
2024/01/05,866.0,872.0,861.0,870.0,423.0,367405.0,0.9281,0.4439,736.0,-36.0,62.0,-1.0,25.0,3657.0,57.0,27.0,10.0,231.0,2.0,29.41,5.21,2.3
2024/01/08,882.0,922.0,873.0,915.0,1772.0,1596937.0,5.1724,1.8594,2921.0,719.0,-1.0,-17.0,701.0,3461.0,167.0,363.0,3.0,241.0,13.0,30.93,5.48,2.19
2024/01/09,923.0,938.0,901.0,910.0,2131.0,1956325.0,-0.5464,2.2362,2884.0,247.0,29.0,-63.0,213.0,3400.0,108.0,169.0,0.0,245.0,4.0,30.76,5.45,2.2
2024/01/10,910.0,912.0,893.0,896.0,729.0,656725.0,-1.5385,0.765,1565.0,-269.0,-12.0,5.0,-276.0,3533.0,157.0,24.0,11.0,234.0,0.0,30.29,5.36,2.23
2024/01/11,900.0,927.0,897.0,923.0,1074.0,985264.0,3.0134,1.127,1995.0,302.0,-28.0,29.0,303.0,3521.0,107.0,119.0,13.0,227.0,6.0,31.2,5.52,2.17
2024/01/12,916.0,934.0,912.0,918.0,815.0,752522.0,-0.5417,0.8552,1409.0,77.0,-5.0,8.0,80.0,3478.0,99.0,141.0,2.0,227.0,2.0,31.03,5.5,2.18
2024/01/15,927.0,928.0,903.0,910.0,691.0,631726.0,-0.8715,0.7251,1947.0,29.0,-5.0,-11.0,13.0,3517.0,101.0,62.0,4.0,221.0,2.0,30.76,5.45,2.2
2024/01/16,909.0,922.0,897.0,920.0,874.0,795309.0,1.0989,0.9171,1288.0,180.0,-20.0,35.0,195.0,3498.0,60.0,79.0,2.0,220.0,1.0,31.1,5.51,2.17
2024/01/17,915.0,930.0,903.0,904.0,677.0,620465.0,-1.7391,0.7104,1359.0,-27.0,1.0,1.0,-25.0,3506.0,98.0,90.0,1.0,221.0,2.0,30.56,5.41,2.21
2024/01/18,912.0,938.0,907.0,936.0,1920.0,1779953.0,3.5398,2.0148,3656.0,192.0,146.0,1.0,339.0,3429.0,212.0,289.0,0.0,225.0,10.0,31.64,5.6,2.14
2024/01/19,949.0,1020.0,930.0,1000.0,5010.0,4893503.0,6.8376,5.2572,7283.0,204.0,108.0,4.0,316.0,3735.0,832.0,526.0,1.0,299.0,75.0,33.81,5.99,2.0
2024/01/22,1030.0,1100.0,1015.0,1075.0,4434.0,4713758.0,7.5,4.6528,6154.0,92.0,130.0,-58.0,164.0,3542.0,409.0,602.0,4.0,347.0,55.0,36.34,6.43,1.86
2024/01/23,1075.0,1095.0,1045.0,1070.0,2419.0,2587296.0,-0.4651,2.5384,3097.0,564.0,-9.0,-113.0,442.0,3469.0,187.0,259.0,9.0,372.0,34.0,36.17,6.4,1.87
2024/01/24,1075.0,1085.0,1035.0,1040.0,1322.0,1395567.0,-2.8037,1.3872,2049.0,-128.0,78.0,0.0,-51.0,3572.0,234.0,131.0,16.0,390.0,34.0,35.16,6.23,1.92
2024/01/25,1045.0,1060.0,992.0,999.0,3175.0,3235951.0,-3.9423,3.3317,4432.0,131.0,-143.0,-20.0,-32.0,3595.0,289.0,266.0,28.0,371.0,9.0,33.77,5.98,2.0
2024/01/26,1005.0,1010.0,984.0,1000.0,1438.0,1437826.0,0.1001,1.509,1900.0,-63.0,-26.0,-29.0,-118.0,3593.0,109.0,107.0,5.0,367.0,1.0,33.81,5.99,2.0
2024/01/29,1005.0,1035.0,996.0,1020.0,1099.0,1114479.0,2.0,1.1532,1632.0,43.0,13.0,13.0,69.0,3595.0,115.0,108.0,0.0,379.0,12.0,34.48,6.11,1.96
2024/01/30,1035.0,1065.0,1020.0,1065.0,1783.0,1867304.0,4.4118,1.871,2613.0,36.0,-21.0,33.0,48.0,3529.0,187.0,253.0,9.0,389.0,19.0,36.0,6.37,1.88
2024/01/31,1040.0,1075.0,1030.0,1040.0,1353.0,1415069.0,-2.3474,1.4198,2104.0,-63.0,-1.0,-14.0,-78.0,3594.0,177.0,109.0,7.0,391.0,9.0,35.16,6.23,1.92
2024/02/01,1030.0,1060.0,1015.0,1055.0,1081.0,1128568.0,1.4423,1.1343,1501.0,248.0,-109.0,4.0,143.0,3541.0,101.0,152.0,4.0,393.0,6.0,35.67,6.32,1.9
2024/02/02,1070.0,1095.0,1045.0,1085.0,1631.0,1749898.0,2.8436,1.7115,2333.0,25.0,-124.0,9.0,-90.0,3680.0,376.0,210.0,28.0,368.0,3.0,36.68,6.49,1.84
2024/02/05,1085.0,1085.0,994.0,1010.0,3226.0,3279627.0,-6.9124,3.3852,4794.0,589.0,-417.0,48.0,219.0,3784.0,352.0,211.0,45.0,330.0,13.0,34.14,6.05,1.98
2024/02/15,1085.0,1110.0,1080.0,1110.0,2883.0,3186332.0,9.901,3.0253,2837.0,939.0,29.0,7.0,975.0,3684.0,250.0,349.0,4.0,338.0,30.0,37.53,6.64,1.8
2024/02/16,1135.0,1185.0,1120.0,1180.0,4094.0,4755374.0,6.3063,4.296,4947.0,261.0,334.0,-37.0,558.0,3586.0,295.0,389.0,22.0,318.0,10.0,39.89,7.06,1.69
2024/02/19,1175.0,1225.0,1150.0,1195.0,2384.0,2844480.0,1.2712,2.5017,3256.0,-128.0,31.0,0.0,-97.0,3529.0,299.0,356.0,7.0,328.0,17.0,40.4,7.15,1.67
2024/02/20,1210.0,1220.0,1180.0,1220.0,2022.0,2437175.0,2.0921,2.1218,2514.0,14.0,76.0,1.0,90.0,3625.0,276.0,180.0,0.0,350.0,26.0,41.24,7.3,1.64
2024/02/21,1255.0,1315.0,1225.0,1285.0,5034.0,6446214.0,5.3279,5.2824,6342.0,-255.0,545.0,84.0,373.0,3812.0,645.0,291.0,59.0,303.0,18.0,43.44,7.69,1.56
2024/02/22,1310.0,1335.0,1265.0,1315.0,3043.0,3957621.0,2.3346,3.1932,4154.0,163.0,87.0,89.0,339.0,3836.0,335.0,311.0,5.0,306.0,8.0,46.34,7.62,1.52
2024/02/23,1375.0,1390.0,1315.0,1355.0,4167.0,5635976.0,3.0418,4.3726,4719.0,379.0,111.0,-127.0,363.0,3756.0,518.0,598.0,6.0,277.0,19.0,47.74,7.86,1.05
2024/02/26,1300.0,1330.0,1265.0,1315.0,2934.0,3809547.0,-2.952,3.0788,4225.0,16.0,-85.0,-93.0,-161.0,3838.0,368.0,286.0,31.0,255.0,9.0,46.34,7.62,1.08
2024/02/27,1320.0,1330.0,1270.0,1290.0,1858.0,2409132.0,-1.9011,1.9497,2680.0,268.0,-68.0,-113.0,87.0,3663.0,94.0,147.0,12.0,246.0,3.0,45.45,7.48,1.1
2024/02/29,1290.0,1355.0,1270.0,1355.0,1808.0,2395315.0,5.0388,1.8972,2499.0,-80.0,77.0,49.0,46.0,3829.0,364.0,198.0,5.0,252.0,11.0,47.74,7.86,1.05
2024/03/01,1350.0,1385.0,1345.0,1375.0,1184.0,1616863.0,1.476,1.2424,1844.0,214.0,-3.0,-21.0,190.0,3769.0,108.0,168.0,3.0,254.0,6.0,48.45,7.97,1.03
2024/03/04,1415.0,1425.0,1325.0,1340.0,2178.0,2980536.0,-2.5455,2.2855,3420.0,-68.0,-101.0,-22.0,-191.0,3696.0,211.0,284.0,22.0,235.0,3.0,47.22,7.77,1.06
2024/03/05,1350.0,1455.0,1340.0,1445.0,2816.0,3963277.0,7.8358,2.955,4049.0,302.0,-51.0,70.0,322.0,3617.0,266.0,345.0,4.0,227.0,16.0,50.92,8.38,0.98
2024/03/06,1425.0,1475.0,1395.0,1470.0,2094.0,3017781.0,1.7301,2.1973,3150.0,-4.0,-29.0,117.0,85.0,3702.0,306.0,221.0,14.0,227.0,14.0,51.8,8.52,0.97
2024/03/07,1470.0,1470.0,1355.0,1365.0,2921.0,4119891.0,-7.1429,3.0652,5722.0,209.0,-196.0,-92.0,-79.0,3593.0,246.0,355.0,23.0,208.0,4.0,48.1,7.91,1.04
2024/03/08,1375.0,1390.0,1300.0,1325.0,2082.0,2796257.0,-2.9304,2.1847,3457.0,481.0,-26.0,10.0,465.0,3467.0,83.0,197.0,6.0,207.0,5.0,46.69,7.68,1.07
2024/03/11,1300.0,1325.0,1280.0,1310.0,1328.0,1736668.0,-1.1321,1.3935,2000.0,15.0,16.0,23.0,54.0,3502.0,146.0,91.0,5.0,204.0,2.0,46.16,7.6,1.08
2024/03/12,1320.0,1365.0,1300.0,1310.0,1302.0,1724953.0,0.0,1.3663,1941.0,40.0,-64.0,45.0,21.0,3520.0,58.0,40.0,7.0,202.0,5.0,46.16,7.6,1.08
2024/03/13,1320.0,1320.0,1215.0,1260.0,2387.0,3003484.0,-3.8168,2.5048,3931.0,717.0,-105.0,-114.0,498.0,3429.0,101.0,192.0,22.0,187.0,7.0,44.4,7.31,1.13
2024/03/14,1250.0,1265.0,1215.0,1230.0,1317.0,1629872.0,-2.381,1.382,1952.0,205.0,-142.0,23.0,86.0,3410.0,105.0,120.0,6.0,189.0,8.0,43.34,7.13,1.15
2024/03/15,1200.0,1240.0,1190.0,1205.0,1528.0,1855324.0,-2.0325,1.6034,2061.0,334.0,-218.0,111.0,228.0,3423.0,41.0,28.0,5.0,186.0,2.0,42.46,6.99,1.18
2024/03/18,1215.0,1290.0,1215.0,1290.0,1480.0,1867775.0,7.0539,1.553,1972.0,-410.0,300.0,35.0,-75.0,3403.0,72.0,87.0,5.0,182.0,2.0,45.45,7.48,1.1
2024/03/19,1300.0,1315.0,1245.0,1260.0,1747.0,2230692.0,-2.3256,1.8332,2565.0,-381.0,508.0,-10.0,117.0,3421.0,84.0,66.0,0.0,197.0,15.0,44.4,7.31,1.13
2024/03/20,1275.0,1305.0,1215.0,1220.0,1963.0,2460442.0,-3.1746,2.0599,2678.0,-98.0,98.0,83.0,83.0,3462.0,116.0,74.0,4.0,187.0,0.0,42.99,7.07,1.16
2024/03/21,1245.0,1280.0,1240.0,1265.0,968.0,1221616.0,3.6885,1.0158,1374.0,4.0,51.0,25.0,80.0,3434.0,35.0,63.0,15.0,177.0,5.0,44.57,7.33,1.12
2024/03/22,1270.0,1350.0,1260.0,1320.0,2063.0,2717098.0,4.3478,2.1648,3021.0,148.0,-32.0,9.0,125.0,3411.0,104.0,127.0,2.0,159.0,4.0,46.51,7.65,1.08
2024/03/25,1325.0,1330.0,1280.0,1285.0,762.0,990944.0,-2.6515,0.7996,1391.0,-78.0,-2.0,-55.0,-136.0,3454.0,81.0,38.0,4.0,164.0,9.0,45.28,7.45,1.1
2024/03/26,1280.0,1285.0,1190.0,1220.0,1633.0,2009979.0,-5.0584,1.7136,3070.0,167.0,-90.0,-49.0,27.0,3394.0,90.0,150.0,16.0,152.0,4.0,42.99,7.07,1.16
2024/03/27,1225.0,1235.0,1195.0,1210.0,659.0,801789.0,-0.8197,0.6915,1141.0,34.0,-9.0,-32.0,-7.0,3393.0,17.0,18.0,8.0,138.0,1.0,42.64,7.02,1.17
2024/03/28,1230.0,1240.0,1195.0,1230.0,650.0,794150.0,1.6529,0.6821,1015.0,-91.0,17.0,22.0,-52.0,3414.0,63.0,41.0,4.0,139.0,5.0,43.34,7.13,1.15
2024/03/29,1230.0,1275.0,1225.0,1250.0,695.0,873632.0,1.626,0.7293,1216.0,-34.0,1.0,26.0,-7.0,3420.0,69.0,63.0,1.0,132.0,0.0,44.05,7.25,1.14
2024/04/01,1265.0,1290.0,1250.0,1260.0,507.0,642091.0,0.8,0.532,1010.0,-8.0,-9.0,62.0,45.0,3402.0,25.0,43.0,0.0,132.0,0.0,44.4,7.31,1.13
2024/04/02,1260.0,1280.0,1250.0,1250.0,479.0,605298.0,-0.7937,0.5026,834.0,-151.0,68.0,-19.0,-102.0,3374.0,24.0,27.0,0.0,132.0,0.0,44.05,7.25,1.14
2024/04/03,1240.0,1355.0,1225.0,1325.0,1414.0,1860287.0,6.0,1.4838,2355.0,-202.0,89.0,64.0,-49.0,3479.0,232.0,127.0,5.0,133.0,6.0,46.69,7.68,1.07
