年月日,開盤價(元),最高價(元),最低價(元),收盤價(元),成交量(千股),成交值(千元),報酬率％,週轉率％,成交筆數(筆),外資買賣超(千股),投信買賣超(千股),自營買賣超(千股),合計買賣超(千股),融資餘額(張),融資買進(張),融資賣出(張),融券買進(張),融券餘額(張),融券賣出(張),本益比-TSE,股價淨值比-TSE,股利殖利率-TSE
2002/10/29,26.2,26.2,26.2,26.2,1607.0,42103.0,6.9388,1.6381,436.0,0.0,0.0,-561.0,-561.0,,,,,,,0.0,,
2002/10/30,27.9,28.0,26.8,27.0,2360.0,64846.0,3.0534,2.4057,982.0,2.0,0.0,-602.0,-600.0,,,,,,,32.53,,
2002/10/31,27.0,28.0,26.1,27.2,1454.0,39192.0,0.7407,1.4822,647.0,0.0,0.0,-307.0,-307.0,,,,,,,32.77,,
2002/11/01,26.2,26.9,25.3,25.3,1020.0,26514.0,-6.9853,1.0398,375.0,0.0,0.0,-74.0,-74.0,,,,,,,30.48,,
2002/11/04,25.5,26.3,24.1,25.8,1054.0,26859.0,1.9763,1.0744,427.0,0.0,0.0,-146.0,-146.0,,,,,,,31.08,,
2002/11/05,25.8,26.1,25.1,25.5,858.0,21993.0,-1.1628,0.8746,395.0,0.0,0.0,-264.0,-264.0,,,,,,,30.72,,
2002/11/06,27.2,27.2,26.6,27.2,2750.0,74720.0,6.6667,2.8033,548.0,0.0,0.0,-476.0,-476.0,,,,,,,32.77,,
2002/11/07,29.1,29.1,28.7,29.1,4490.0,130493.0,6.9853,4.577,1163.0,0.0,0.0,-610.0,-610.0,,,,,,,35.06,,
2002/11/08,28.7,29.5,27.8,29.1,2485.0,71220.0,0.0,2.5331,743.0,0.0,0.0,595.0,595.0,,,,,,,35.06,,
2002/11/11,28.7,29.0,27.3,27.5,1029.0,28769.0,-5.4983,1.0489,396.0,0.0,0.0,0.0,0.0,,,,,,,33.13,,
2002/11/12,26.8,29.3,26.8,28.9,1271.0,36053.0,5.0909,1.2956,475.0,-2.0,0.0,19.0,17.0,,,,,,,34.82,,
2002/11/13,29.0,30.0,28.1,30.0,1540.0,44682.0,3.8062,1.5698,573.0,0.0,340.0,39.0,379.0,,,,,,,36.14,,
2002/11/14,30.0,31.0,29.4,30.3,1868.0,56719.0,1.0,1.9042,549.0,0.0,200.0,361.0,561.0,,,,,,,36.51,,
2002/11/15,30.5,30.9,29.3,29.5,1531.0,45879.0,-2.6403,1.5607,531.0,0.0,0.0,-50.0,-50.0,,,,,,,35.54,,
2002/11/18,29.0,29.5,28.5,28.7,734.0,21228.0,-2.7119,0.7482,248.0,0.0,0.0,100.0,100.0,,,,,,,34.58,,
2002/11/19,28.5,29.1,28.3,28.5,487.0,13956.0,-0.6969,0.4964,215.0,0.0,0.0,50.0,50.0,,,,,,,34.34,,
2002/11/20,28.8,28.8,27.3,28.0,851.0,23614.0,-1.7544,0.8675,292.0,0.0,0.0,35.0,35.0,,,,,,,33.73,,
2002/11/21,28.5,28.6,26.8,26.8,774.0,21210.0,-4.2857,0.789,278.0,0.0,0.0,0.0,0.0,,,,,,,32.29,,
2002/11/22,27.5,28.0,27.5,27.6,1076.0,29905.0,2.9851,1.0968,312.0,0.0,0.0,119.0,119.0,,,,,,,33.25,,
2002/11/25,27.6,27.7,27.0,27.6,293.0,8062.0,0.0,0.2987,149.0,0.0,0.0,-21.0,-21.0,,,,,,,33.25,,
2002/11/26,27.6,27.8,27.0,27.0,342.0,9317.0,-2.1739,0.3486,166.0,0.0,0.0,-83.0,-83.0,,,,,,,32.53,,
2002/11/27,26.2,26.6,26.0,26.0,593.0,15512.0,-3.7037,0.6045,204.0,0.0,0.0,-16.0,-16.0,,,,,,,31.33,,
2002/11/28,26.4,26.5,25.3,25.5,554.0,14264.0,-1.9231,0.5647,237.0,0.0,0.0,41.0,41.0,,,,,,,30.72,,
2002/11/29,25.7,26.5,25.7,26.2,654.0,17060.0,2.7451,0.6667,197.0,0.0,0.0,-70.0,-70.0,,,,,,,31.57,,
2002/12/02,26.2,26.5,25.8,26.5,373.0,9781.0,1.145,0.3802,164.0,0.0,0.0,-55.0,-55.0,,,,,,,31.93,,
2002/12/03,26.6,27.2,26.6,26.9,697.0,18803.0,1.5094,0.7105,265.0,0.0,0.0,-15.0,-15.0,,,,,,,32.41,,
2002/12/04,26.7,26.7,26.0,26.1,428.0,11214.0,-2.974,0.4363,166.0,0.0,0.0,-90.0,-90.0,,,,,,,31.45,,
2002/12/05,26.0,26.6,25.8,26.1,242.0,6327.0,0.0,0.2467,110.0,0.0,0.0,-25.0,-25.0,,,,,,,31.45,,
2002/12/06,26.0,26.4,25.8,26.0,300.0,7804.0,-0.3831,0.3058,101.0,0.0,0.0,-102.0,-102.0,,,,,,,31.33,,
2002/12/09,26.8,27.2,26.2,26.9,757.0,20167.0,3.4615,0.7717,223.0,0.0,0.0,-16.0,-16.0,,,,,,,32.41,,
2002/12/10,26.5,26.5,25.8,26.1,321.0,8365.0,-2.974,0.3272,130.0,0.0,0.0,-44.0,-44.0,,,,,,,31.45,,
2002/12/11,26.1,26.3,25.5,25.6,330.0,8571.0,-1.9157,0.3364,129.0,0.0,0.0,-110.0,-110.0,,,,,,,30.84,,
2002/12/12,25.5,26.0,24.6,25.9,481.0,12180.0,1.1719,0.4903,177.0,0.0,0.0,133.0,133.0,,,,,,,31.2,,
2002/12/13,25.5,25.6,24.5,24.8,373.0,9292.0,-4.2471,0.3802,266.0,0.0,0.0,-2.0,-2.0,,,,,,,29.88,,
2002/12/16,24.8,25.3,24.1,25.3,1043.0,25830.0,2.0161,1.0632,194.0,0.0,0.0,-154.0,-154.0,,,,,,,30.48,,
2002/12/17,25.5,25.6,24.4,24.7,1108.0,27655.0,-2.3715,1.1295,181.0,0.0,0.0,-11.0,-11.0,,,,,,,29.76,,
2002/12/18,24.7,24.7,23.2,23.5,1025.0,24563.0,-4.8583,1.0449,223.0,0.0,-540.0,-49.0,-589.0,,,,,,,28.31,,
2002/12/19,23.8,25.1,23.8,24.5,4227.0,104845.0,4.2553,4.3089,1038.0,0.0,0.0,-870.0,-870.0,,,,,,,29.52,,
2002/12/20,24.5,25.1,23.0,25.0,1632.0,39076.0,2.0408,1.6636,626.0,0.0,0.0,0.0,0.0,,,,,,,30.12,,
2002/12/23,24.9,24.9,24.0,24.5,689.0,16781.0,-2.0,0.7023,299.0,0.0,0.0,0.0,0.0,,,,,,,29.52,,
2002/12/24,24.5,25.0,24.1,24.6,473.0,11599.0,0.4082,0.4822,246.0,0.0,0.0,0.0,0.0,,,,,,,29.64,,
2002/12/25,24.8,25.8,24.1,25.6,1297.0,32503.0,4.065,1.3221,576.0,0.0,0.0,0.0,0.0,,,,,,,30.84,,
2002/12/26,26.2,26.2,25.0,25.6,930.0,23717.0,0.0,0.948,385.0,0.0,0.0,0.0,0.0,,,,,,,30.84,,
2002/12/27,25.6,25.6,24.8,25.6,900.0,22777.0,0.0,0.9174,289.0,0.0,0.0,0.0,0.0,,,,,,,30.84,,
2002/12/30,25.6,26.2,25.4,25.9,1481.0,38146.0,1.1719,1.5097,506.0,0.0,0.0,0.0,0.0,,,,,,,31.2,,
2002/12/31,26.2,26.4,25.4,25.6,2083.0,54099.0,-1.1583,2.1233,637.0,0.0,0.0,0.0,0.0,,,,,,,30.84,,
2003/01/02,25.5,25.8,25.1,25.3,575.0,14573.0,-1.1719,0.5861,239.0,0.0,0.0,0.0,0.0,,,,,,,30.48,,
2003/01/03,25.5,25.8,25.1,25.3,771.0,19538.0,0.0,0.7859,318.0,0.0,0.0,0.0,0.0,,,,,,,30.48,,
2003/01/06,25.3,25.5,24.9,25.1,933.0,23544.0,-0.7905,0.9511,237.0,0.0,0.0,0.0,0.0,,,,,,,30.24,,
2003/01/07,25.5,26.3,25.1,26.3,1425.0,36428.0,4.7809,1.4526,494.0,0.0,0.0,0.0,0.0,,,,,,,31.69,,
2003/01/08,26.8,28.1,26.8,28.1,4289.0,118783.0,6.8441,4.3721,1387.0,0.0,0.0,-350.0,-350.0,,,,,,,33.86,,
2003/01/09,28.1,30.0,27.7,29.5,4297.0,124409.0,4.9822,4.3802,1501.0,0.0,136.0,-150.0,-14.0,,,,,,,35.54,,
2003/01/10,29.9,29.9,28.5,28.5,2472.0,71401.0,-3.3898,2.5199,1083.0,0.0,0.0,0.0,0.0,,,,,,,34.34,,
2003/01/13,28.5,29.0,28.0,28.9,1650.0,46986.0,1.4035,1.682,711.0,0.0,0.0,0.0,0.0,,,,,,,34.82,,
2003/01/14,28.5,28.8,28.3,28.5,901.0,25714.0,-1.3841,0.9185,454.0,0.0,0.0,2.0,2.0,,,,,,,34.34,,
2003/01/15,28.5,29.1,28.3,28.8,1351.0,38818.0,1.0526,1.3772,588.0,0.0,0.0,2.0,2.0,,,,,,,34.7,,
2003/01/16,28.7,28.7,27.0,28.5,1668.0,46385.0,-1.0417,1.7003,548.0,0.0,-136.0,0.0,-136.0,,,,,,,34.34,,
2003/01/17,28.0,28.1,26.6,26.7,967.0,26317.0,-6.3158,0.9857,399.0,0.0,0.0,0.0,0.0,,,,,,,32.17,,
2003/01/20,26.5,26.5,25.5,25.5,531.0,13710.0,-4.4944,0.5413,232.0,0.0,0.0,0.0,0.0,,,,,,,30.72,,
2003/01/21,25.3,25.9,25.0,25.5,946.0,24067.0,0.0,0.9643,405.0,0.0,0.0,4.0,4.0,,,,,,,30.72,,
2003/01/22,25.5,25.8,24.9,25.0,517.0,12986.0,-1.9608,0.527,258.0,0.0,0.0,0.0,0.0,,,,,,,30.12,,
2003/01/23,25.0,25.9,24.5,25.0,647.0,16337.0,0.0,0.6595,331.0,0.0,0.0,0.0,0.0,,,,,,,30.12,,
2003/01/24,25.1,25.4,24.5,24.5,504.0,12539.0,-2.0,0.5138,264.0,0.0,0.0,0.0,0.0,,,,,,,29.52,,
2003/01/27,24.5,24.9,23.8,24.5,322.0,7834.0,0.0,0.3282,159.0,0.0,0.0,-2.0,-2.0,,,,,,,29.52,,
2003/01/28,24.5,25.0,24.0,24.4,494.0,12081.0,-0.4082,0.5036,220.0,0.0,0.0,0.0,0.0,,,,,,,29.4,,
2003/02/06,24.6,24.6,23.5,23.5,280.0,6682.0,-3.6885,0.2854,141.0,0.0,0.0,-1.0,-1.0,,,,,,,28.31,,
2003/02/07,23.5,24.5,23.5,24.5,279.0,6640.0,4.2553,0.2844,137.0,0.0,0.0,-1.0,-1.0,,,,,,,29.52,,
2003/02/10,24.7,24.7,24.0,24.6,250.0,6109.0,0.4082,0.2548,126.0,0.0,0.0,0.0,0.0,,,,,,,29.64,,
2003/02/11,24.5,25.5,24.5,25.2,736.0,18521.0,2.439,0.7503,257.0,0.0,0.0,1.0,1.0,,,,,,,30.36,,
2003/02/12,25.4,25.4,24.6,24.7,329.0,8215.0,-1.9841,0.3354,132.0,0.0,0.0,0.0,0.0,,,,,,,29.76,,
2003/02/13,24.5,24.7,24.0,24.7,469.0,11426.0,0.0,0.4781,208.0,0.0,0.0,0.0,0.0,,,,,,,29.76,,
2003/02/14,24.5,25.2,24.5,24.7,448.0,11160.0,0.0,0.4567,141.0,0.0,0.0,0.0,0.0,,,,,,,29.76,,
2003/02/17,25.5,25.8,25.1,25.4,365.0,9256.0,2.834,0.3721,162.0,0.0,0.0,0.0,0.0,,,,,,,30.6,,
2003/02/18,25.4,25.4,24.5,24.8,303.0,7513.0,-2.3622,0.3089,111.0,0.0,0.0,0.0,0.0,,,,,,,29.88,,
2003/02/19,24.9,25.0,24.3,24.3,310.0,7642.0,-2.0161,0.316,119.0,0.0,0.0,0.0,0.0,,,,,,,29.28,,
2003/02/20,24.2,24.9,24.2,24.3,385.0,9397.0,0.0,0.3925,127.0,0.0,0.0,0.0,0.0,,,,,,,29.28,,
2003/02/21,24.3,24.7,23.8,23.9,385.0,9256.0,-1.6461,0.3925,181.0,0.0,0.0,0.0,0.0,,,,,,,28.8,,
2003/02/24,23.8,24.0,23.6,23.8,263.0,6248.0,-0.4184,0.2681,99.0,0.0,0.0,0.0,0.0,,,,,,,28.67,,
2003/02/25,23.7,23.7,23.3,23.6,229.0,5376.0,-0.8403,0.2334,106.0,0.0,0.0,-1.0,-1.0,,,,,,,28.43,,
2003/02/26,23.6,23.6,23.2,23.3,159.0,3720.0,-1.2712,0.1621,79.0,0.0,0.0,0.0,0.0,,,,,,,28.07,,
2003/02/27,23.0,23.1,22.8,23.1,348.0,7999.0,-0.8584,0.3547,135.0,0.0,0.0,0.0,0.0,,,,,,,27.83,,
2003/03/03,23.1,23.6,23.1,23.5,146.0,3408.0,1.7316,0.1488,74.0,0.0,0.0,0.0,0.0,,,,,,,28.31,,
2003/03/04,23.3,23.9,23.0,23.4,96.0,2264.0,-0.4255,0.0979,49.0,0.0,0.0,0.0,0.0,,,,,,,28.19,,
2003/03/05,23.3,23.3,22.4,22.7,217.0,4931.0,-2.9915,0.2212,101.0,0.0,0.0,-1.0,-1.0,,,,,,,27.35,,
2003/03/06,22.7,23.0,22.5,22.5,154.0,3506.0,-0.8811,0.157,68.0,0.0,0.0,0.0,0.0,,,,,,,27.11,,
2003/03/07,22.5,22.8,22.0,22.5,143.0,3199.0,0.0,0.1458,68.0,0.0,0.0,0.0,0.0,,,,,,,27.11,,
2003/03/10,22.1,22.6,22.1,22.2,171.0,3808.0,-1.3333,0.1743,66.0,0.0,0.0,0.0,0.0,,,,,,,26.75,,
2003/03/11,21.5,22.1,21.5,21.8,287.0,6252.0,-1.8018,0.2926,118.0,0.0,0.0,0.0,0.0,,,,,,,26.27,,
2003/03/12,21.8,22.3,21.8,22.1,86.0,1903.0,1.3761,0.0877,45.0,0.0,0.0,0.0,0.0,,,,,,,26.63,,
2003/03/13,22.1,23.5,21.8,22.8,159.0,3584.0,3.1674,0.1621,90.0,0.0,0.0,-1.0,-1.0,,,,,,,27.47,,
2003/03/14,23.5,23.5,22.8,23.3,236.0,5481.0,2.193,0.2406,115.0,0.0,0.0,0.0,0.0,,,,,,,28.07,,
2003/03/17,23.2,23.2,22.3,22.5,139.0,3153.0,-3.4335,0.1417,63.0,0.0,0.0,0.0,0.0,,,,,,,27.11,,
2003/03/18,23.0,23.8,23.0,23.6,266.0,6218.0,4.8889,0.2712,131.0,0.0,0.0,0.0,0.0,,,,,,,28.43,,
2003/03/19,23.6,23.6,23.0,23.0,162.0,3749.0,-2.5424,0.1651,79.0,0.0,0.0,0.0,0.0,,,,,,,27.71,,
2003/03/20,23.0,23.8,22.8,23.0,397.0,9200.0,0.0,0.4047,130.0,0.0,0.0,1.0,1.0,,,,,,,27.71,,
2003/03/21,22.8,23.3,22.5,22.6,154.0,3519.0,-1.7391,0.157,61.0,0.0,0.0,0.0,0.0,,,,,,,27.23,,
2003/03/24,22.9,22.9,22.6,22.7,46.0,1053.0,0.4425,0.0469,28.0,0.0,0.0,0.0,0.0,,,,,,,27.35,,
2003/03/25,22.5,22.5,22.2,22.2,103.0,2296.0,-2.2026,0.105,46.0,0.0,0.0,0.0,0.0,,,,,,,26.75,,
2003/03/26,22.2,22.6,22.2,22.2,47.0,1045.0,0.0,0.0479,31.0,0.0,0.0,0.0,0.0,,,,,,,26.75,,
2003/03/27,22.0,22.6,22.0,22.5,84.0,1879.0,1.3514,0.0856,52.0,0.0,0.0,0.0,0.0,,,,,,,27.11,,
2003/03/28,22.2,22.3,22.0,22.1,74.0,1639.0,-1.7778,0.0754,29.0,0.0,0.0,0.0,0.0,,,,,,,26.63,,
2003/03/31,22.0,22.1,21.5,21.5,84.0,1824.0,-2.7149,0.0856,44.0,0.0,0.0,0.0,0.0,,,,,,,25.9,,
2003/04/01,21.5,22.8,21.2,22.3,304.0,6786.0,3.7209,0.3099,114.0,0.0,0.0,0.0,0.0,,,,,,,26.87,,
2003/04/02,22.3,22.6,22.1,22.1,67.0,1488.0,-0.8969,0.0683,46.0,0.0,0.0,-1.0,-1.0,,,,,,,26.63,,
2003/04/03,22.6,22.8,22.1,22.2,63.0,1411.0,0.4525,0.0642,39.0,0.0,0.0,0.0,0.0,,,,,,,26.75,,
2003/04/04,21.7,22.2,21.2,22.2,435.0,9434.0,0.0,0.4434,173.0,0.0,0.0,-1.0,-1.0,,,,,,,26.75,,
2003/04/07,22.1,22.6,21.8,22.3,155.0,3429.0,0.4505,0.158,65.0,0.0,0.0,0.0,0.0,,,,,,,26.87,,
2003/04/08,22.3,22.5,22.2,22.2,128.0,2862.0,-0.4484,0.1305,72.0,0.0,0.0,0.0,0.0,,,,,,,26.75,,
2003/04/09,22.1,22.1,21.3,21.5,253.0,5498.0,-3.1532,0.2579,100.0,0.0,0.0,0.0,0.0,,,,,,,25.9,,
2003/04/10,21.4,22.0,21.4,21.8,132.0,2886.0,1.3953,0.1346,59.0,0.0,0.0,0.0,0.0,,,,,,,26.27,,
2003/04/11,21.8,22.1,21.8,21.8,133.0,2911.0,0.0,0.1356,51.0,0.0,0.0,0.0,0.0,,,,,,,26.27,,
2003/04/14,22.4,22.4,21.7,21.7,144.0,3163.0,-0.4587,0.1468,58.0,0.0,0.0,0.0,0.0,,,,,,,26.14,,
2003/04/15,22.2,22.5,22.0,22.5,184.0,4104.0,3.6866,0.1876,80.0,0.0,0.0,0.0,0.0,,,,,,,27.11,,
2003/04/16,22.8,23.2,22.6,22.9,569.0,13031.0,1.7778,0.58,192.0,0.0,0.0,0.0,0.0,,,,,,,27.59,,
2003/04/17,23.5,23.6,22.6,22.7,369.0,8601.0,-0.8734,0.3761,131.0,0.0,0.0,-1.0,-1.0,,,,,,,27.35,,
2003/04/18,23.2,23.6,23.0,23.4,650.0,15226.0,3.0837,0.6626,231.0,0.0,0.0,2.0,2.0,,,,,,,28.19,,
2003/04/21,23.1,23.8,23.0,23.7,232.0,5437.0,1.2821,0.2365,108.0,0.0,0.0,0.0,0.0,,,,,,,28.55,,
2003/04/22,23.4,23.5,22.9,23.0,283.0,6566.0,-2.9536,0.2885,107.0,0.0,0.0,100.0,100.0,,,,,,,27.71,,
2003/04/23,23.3,24.1,22.9,24.0,797.0,18776.0,4.3478,0.8124,266.0,0.0,0.0,41.0,41.0,,,,,,,28.92,,
2003/04/24,23.9,23.9,22.4,23.0,668.0,15479.0,-4.1667,0.6809,235.0,0.0,0.0,60.0,60.0,,,,,,,27.71,,
2003/04/25,22.8,22.8,21.8,21.9,464.0,10208.0,-4.7826,0.473,186.0,0.0,0.0,12.0,12.0,,,,,,,26.39,,
2003/04/28,21.5,21.5,20.4,20.9,344.0,7142.0,-4.5662,0.3507,115.0,0.0,0.0,1.0,1.0,,,,,,,25.18,,
2003/04/29,21.3,21.9,21.3,21.7,259.0,5596.0,3.8278,0.264,99.0,0.0,0.0,0.0,0.0,,,,,,,26.14,,
2003/04/30,21.8,22.0,21.3,21.8,174.0,3760.0,0.4608,0.1774,107.0,1.0,0.0,0.0,1.0,,,,,,,11.78,,
2003/05/02,21.8,22.1,21.2,22.1,303.0,6537.0,1.3761,0.3089,127.0,0.0,0.0,0.0,0.0,,,,,,,11.95,,
2003/05/05,22.1,23.2,21.9,23.2,718.0,16450.0,4.9774,0.7319,292.0,0.0,100.0,0.0,100.0,0.0,0.0,0.0,0.0,0.0,0.0,12.54,,
2003/05/06,23.3,24.2,23.0,24.0,1165.0,27555.0,3.4483,1.1876,386.0,0.0,359.0,0.0,359.0,129.0,129.0,0.0,0.0,0.0,0.0,12.97,,
2003/05/07,24.2,25.2,23.2,25.2,1926.0,47165.0,5.0,1.9633,609.0,1.0,444.0,50.0,495.0,746.0,688.0,71.0,0.0,0.0,0.0,13.62,,
2003/05/08,25.0,25.1,24.2,25.0,1518.0,37757.0,-0.7937,1.5474,425.0,0.0,506.0,0.0,506.0,786.0,389.0,349.0,0.0,0.0,0.0,13.51,,
2003/05/09,24.9,26.2,24.6,25.2,2619.0,67070.0,0.8,2.6697,693.0,0.0,1041.0,-220.0,821.0,1229.0,873.0,430.0,0.0,0.0,0.0,13.62,,
2003/05/12,25.4,25.8,24.9,24.9,706.0,17856.0,-1.1905,0.7197,299.0,-2.0,100.0,0.0,98.0,1216.0,272.0,285.0,0.0,1.0,1.0,13.46,,
2003/05/13,25.2,25.6,24.8,25.0,983.0,24704.0,0.4016,1.002,312.0,0.0,0.0,0.0,0.0,1260.0,324.0,280.0,1.0,0.0,0.0,13.51,,
2003/05/14,25.0,25.4,24.6,25.2,632.0,15838.0,0.8,0.6442,239.0,0.0,0.0,0.0,0.0,1271.0,293.0,282.0,0.0,4.0,4.0,13.62,,
2003/05/15,25.0,25.0,24.2,24.7,574.0,14034.0,-1.9841,0.5851,191.0,0.0,0.0,0.0,0.0,1207.0,150.0,164.0,0.0,4.0,0.0,13.35,,
2003/05/16,24.7,25.0,24.1,24.2,404.0,9978.0,-2.0243,0.4118,171.0,0.0,0.0,0.0,0.0,1160.0,128.0,125.0,0.0,4.0,0.0,13.08,,
2003/05/19,24.0,24.0,23.7,23.8,269.0,6408.0,-1.6529,0.2742,96.0,0.0,0.0,0.0,0.0,1115.0,71.0,116.0,0.0,4.0,0.0,12.86,,
2003/05/20,23.5,24.0,23.2,24.0,325.0,7680.0,0.8403,0.3313,110.0,0.0,0.0,0.0,0.0,1243.0,210.0,82.0,0.0,4.0,0.0,12.97,,
2003/05/21,24.0,24.0,23.5,23.5,262.0,6238.0,-2.0833,0.2671,85.0,0.0,0.0,0.0,0.0,1224.0,55.0,74.0,0.0,4.0,0.0,12.7,,
2003/05/22,23.5,24.6,23.5,24.5,256.0,6206.0,4.2553,0.261,126.0,0.0,0.0,-3.0,-3.0,1281.0,122.0,65.0,0.0,4.0,0.0,13.24,,
2003/05/23,24.5,25.5,24.5,25.0,1003.0,25297.0,2.0408,1.0224,340.0,0.0,200.0,50.0,250.0,1474.0,419.0,226.0,0.0,4.0,0.0,13.51,,
2003/05/26,25.5,26.0,25.3,25.5,1391.0,35871.0,2.0,1.4179,422.0,0.0,-50.0,-100.0,-150.0,1955.0,814.0,331.0,0.0,4.0,0.0,13.78,,
2003/05/27,25.2,25.5,24.7,24.8,679.0,17105.0,-2.7451,0.6922,227.0,0.0,200.0,-50.0,150.0,1970.0,279.0,264.0,0.0,4.0,0.0,13.41,,
2003/05/28,25.5,25.6,24.8,24.9,757.0,19102.0,0.4032,0.7717,231.0,0.0,100.0,0.0,100.0,2007.0,274.0,237.0,0.0,4.0,0.0,13.46,,
2003/05/29,25.5,25.9,24.7,25.4,757.0,19341.0,2.008,0.7717,269.0,0.0,0.0,0.0,0.0,2173.0,316.0,150.0,0.0,4.0,0.0,13.73,,
2003/05/30,25.4,26.5,25.4,25.4,2073.0,53993.0,0.0,2.1131,607.0,0.0,-763.0,-126.0,-889.0,2874.0,1040.0,339.0,0.0,9.0,5.0,13.73,,
2003/06/02,25.8,27.0,25.5,26.4,2373.0,62614.0,3.937,2.419,639.0,0.0,-299.0,-64.0,-363.0,2823.0,640.0,691.0,0.0,9.0,0.0,14.27,,
2003/06/03,26.3,26.4,25.9,26.1,628.0,16454.0,-1.1364,0.6402,245.0,0.0,0.0,11.0,11.0,2831.0,267.0,259.0,5.0,4.0,0.0,14.11,,
2003/06/05,26.5,26.8,25.8,26.3,1388.0,36554.0,0.7663,1.4149,349.0,0.0,-438.0,-180.0,-618.0,2940.0,550.0,358.0,0.0,4.0,0.0,14.22,,
2003/06/06,26.3,26.3,25.6,25.7,703.0,18229.0,-2.2814,0.7166,212.0,0.0,0.0,-60.0,-60.0,3205.0,379.0,187.0,0.0,4.0,0.0,13.89,,
2003/06/09,25.6,26.9,25.6,26.6,1246.0,32924.0,3.5019,1.2701,373.0,0.0,0.0,-206.0,-206.0,3723.0,934.0,416.0,0.0,4.0,0.0,14.38,,
2003/06/10,26.6,26.9,26.2,26.2,749.0,19815.0,-1.5038,0.7635,243.0,0.0,0.0,-50.0,-50.0,3809.0,467.0,381.0,2.0,2.0,0.0,14.16,,
2003/06/11,26.3,27.6,26.1,26.1,2801.0,75070.0,-0.3817,2.8552,725.0,0.0,100.0,-90.0,10.0,4021.0,1336.0,1124.0,0.0,2.0,0.0,14.11,,
2003/06/12,26.5,26.6,25.6,25.6,1051.0,27425.0,-1.9157,1.0714,355.0,0.0,0.0,20.0,20.0,3726.0,405.0,700.0,0.0,2.0,0.0,13.84,,
2003/06/13,25.6,25.9,25.6,25.7,552.0,14205.0,0.3906,0.5627,208.0,0.0,0.0,0.0,0.0,3700.0,226.0,252.0,0.0,2.0,0.0,13.89,,
2003/06/16,25.0,25.8,25.0,25.2,599.0,15213.0,-1.9455,0.6106,194.0,0.0,0.0,2.0,2.0,3612.0,247.0,335.0,0.0,2.0,0.0,13.62,,
2003/06/17,25.5,25.8,25.2,25.3,614.0,15653.0,0.3968,0.6259,214.0,0.0,0.0,3.0,3.0,3636.0,327.0,300.0,0.0,2.0,0.0,13.68,,
2003/06/18,25.5,25.9,25.3,25.5,1730.0,44196.0,0.7905,1.7635,626.0,0.0,0.0,48.0,48.0,4034.0,640.0,242.0,0.0,2.0,0.0,13.78,,
2003/06/19,25.6,26.3,25.6,26.0,1215.0,31586.0,1.9608,1.2385,405.0,0.0,0.0,1.0,1.0,4475.0,807.0,366.0,0.0,2.0,0.0,14.05,,
2003/06/20,25.9,26.4,25.6,26.0,795.0,20659.0,0.0,0.8104,295.0,0.0,0.0,0.0,0.0,4478.0,320.0,317.0,0.0,2.0,0.0,14.05,,
2003/06/23,26.2,27.0,25.2,25.2,1064.0,27857.0,-3.0769,1.0846,340.0,37.0,0.0,0.0,37.0,4502.0,491.0,467.0,0.0,2.0,0.0,13.62,,
2003/06/24,25.0,25.6,25.0,25.6,542.0,13708.0,1.5873,0.5525,175.0,10.0,0.0,0.0,10.0,4485.0,265.0,282.0,0.0,3.0,1.0,13.84,,
2003/06/25,25.6,26.0,25.3,25.4,491.0,12546.0,-0.7813,0.5005,162.0,-4.0,0.0,0.0,-4.0,4442.0,205.0,248.0,1.0,2.0,0.0,13.73,,
2003/06/26,25.4,25.9,25.4,25.4,396.0,10130.0,0.0,0.4037,155.0,0.0,0.0,0.0,0.0,4518.0,218.0,142.0,2.0,0.0,0.0,13.73,,
2003/06/27,25.7,25.9,25.4,25.5,630.0,16209.0,0.3937,0.6422,215.0,0.0,0.0,-1.0,-1.0,4573.0,262.0,267.0,0.0,0.0,0.0,13.78,,
2003/06/30,25.5,25.8,25.3,25.5,167.0,4273.0,0.0,0.1702,71.0,0.0,0.0,0.0,0.0,4520.0,78.0,69.0,0.0,2.0,4.0,13.78,,
2003/07/01,25.9,26.5,25.8,26.4,1064.0,27921.0,3.5294,1.0846,358.0,0.0,0.0,1.0,1.0,4808.0,588.0,298.0,0.0,2.0,0.0,14.27,,
2003/07/02,26.5,26.9,25.6,26.2,1636.0,42858.0,-0.7576,1.6677,447.0,0.0,-600.0,121.0,-479.0,5180.0,751.0,379.0,0.0,2.0,0.0,14.16,,
2003/07/03,26.5,26.5,25.5,25.8,1121.0,29110.0,-1.5267,1.1427,341.0,0.0,0.0,-100.0,-100.0,4912.0,382.0,622.0,0.0,2.0,0.0,13.95,,
2003/07/04,25.8,26.3,25.7,26.2,805.0,20979.0,1.5504,0.8206,252.0,0.0,0.0,1.0,1.0,4846.0,193.0,259.0,0.0,2.0,0.0,14.16,,
2003/07/07,27.0,27.2,26.3,26.8,2708.0,72590.0,2.2901,2.7604,702.0,0.0,0.0,-394.0,-394.0,5378.0,1227.0,690.0,0.0,2.0,0.0,14.49,,
2003/07/08,27.0,27.2,26.5,26.7,1869.0,50273.0,-0.3731,1.9052,421.0,0.0,0.0,-200.0,-200.0,5694.0,916.0,598.0,0.0,2.0,2.0,14.43,,
2003/07/09,26.9,27.0,26.4,26.5,1320.0,35099.0,-0.7491,1.3456,278.0,0.0,0.0,-261.0,-261.0,5847.0,565.0,412.0,0.0,2.0,0.0,14.32,,
2003/07/10,26.5,26.8,25.8,26.5,1002.0,26268.0,0.0,1.0214,291.0,1.0,0.0,-1.0,0.0,5815.0,454.0,484.0,0.0,2.0,0.0,14.32,,
2003/07/11,26.4,26.4,25.9,26.1,507.0,13233.0,-1.5094,0.5168,131.0,51.0,0.0,0.0,51.0,5895.0,239.0,159.0,0.0,2.0,0.0,14.11,,
2003/07/14,26.4,27.1,26.3,27.0,1130.0,30211.0,3.4483,1.1519,343.0,0.0,0.0,-36.0,-36.0,5867.0,540.0,568.0,0.0,7.0,5.0,14.59,,
2003/07/15,27.3,28.8,27.3,28.8,5326.0,151640.0,6.6667,5.4292,1181.0,-50.0,0.0,-300.0,-350.0,7562.0,2789.0,1104.0,0.0,9.0,2.0,15.57,,
2003/07/16,29.2,29.5,28.4,28.8,4209.0,121691.0,0.0,4.2905,1264.0,7.0,0.0,-96.0,-89.0,7519.0,2141.0,2182.0,0.0,10.0,1.0,15.57,,
2003/07/17,28.5,28.5,27.2,27.3,2070.0,57958.0,-5.2083,2.1101,586.0,-1.0,0.0,-3.0,-4.0,7573.0,1000.0,946.0,2.0,8.0,0.0,14.76,,
2003/07/18,26.9,27.5,26.6,27.3,1472.0,39816.0,0.0,1.5005,391.0,0.0,0.0,-50.0,-50.0,7457.0,506.0,622.0,3.0,5.0,0.0,14.76,,
2003/07/21,27.5,27.6,26.9,26.9,667.0,18185.0,-1.4652,0.6799,240.0,0.0,0.0,0.0,0.0,7534.0,388.0,310.0,2.0,3.0,0.0,14.54,,
2003/07/22,26.9,27.3,26.8,27.0,578.0,15611.0,0.3717,0.5892,185.0,0.0,0.0,1.0,1.0,7521.0,233.0,244.0,1.0,2.0,0.0,14.59,,
2003/07/23,27.4,28.4,27.4,27.4,934.0,25942.0,1.4815,0.9521,352.0,0.0,0.0,-45.0,-45.0,7664.0,617.0,474.0,0.0,2.0,0.0,14.81,,
2003/07/24,27.8,27.8,27.2,27.7,1149.0,31659.0,1.0949,1.1713,352.0,0.0,0.0,-15.0,-15.0,7719.0,724.0,669.0,2.0,0.0,0.0,14.97,,
2003/07/25,27.4,28.1,27.4,27.5,860.0,23911.0,-0.722,0.8767,301.0,0.0,0.0,-23.0,-23.0,7240.0,0.0,479.0,0.0,0.0,0.0,14.86,,
2003/07/28,28.1,28.6,27.8,28.2,1440.0,40646.0,2.5455,1.4679,472.0,0.0,0.0,-88.0,-88.0,6621.0,0.0,619.0,0.0,0.0,0.0,15.24,,
2003/07/29,28.7,28.7,27.1,27.1,1623.0,44485.0,-3.9007,1.6544,542.0,0.0,0.0,0.0,0.0,5795.0,0.0,826.0,0.0,0.0,0.0,14.65,,
2003/07/30,24.5,24.6,24.0,24.0,1322.0,32061.0,-0.4819,1.2128,435.0,0.0,0.0,-1.0,-1.0,6268.0,619.0,146.0,0.0,28.0,28.0,12.97,,
2003/07/31,24.0,24.2,23.2,23.4,748.0,17725.0,-2.5,0.6862,266.0,0.0,0.0,0.0,0.0,6304.0,332.0,296.0,1.0,43.0,16.0,14.1,,
2003/08/01,24.0,24.2,23.6,23.7,580.0,13872.0,1.2821,0.5321,183.0,0.0,0.0,0.0,0.0,6343.0,210.0,171.0,0.0,43.0,0.0,14.28,,
2003/08/04,23.7,24.1,23.6,23.7,382.0,9108.0,0.0,0.3505,161.0,-27.0,0.0,0.0,-27.0,6352.0,107.0,98.0,0.0,32.0,4.0,14.28,,
2003/08/05,23.7,23.8,22.9,22.9,400.0,9340.0,-3.3755,0.367,169.0,-18.0,0.0,0.0,-18.0,6318.0,149.0,183.0,0.0,32.0,0.0,13.8,,
2003/08/06,22.3,22.9,22.3,22.4,411.0,9252.0,-2.1834,0.3771,162.0,0.0,0.0,0.0,0.0,6300.0,166.0,184.0,0.0,32.0,0.0,13.49,,
2003/08/07,23.0,23.2,22.4,22.9,454.0,10318.0,2.2321,0.4165,190.0,0.0,0.0,0.0,0.0,6356.0,183.0,97.0,0.0,33.0,1.0,13.8,,
2003/08/08,23.6,23.6,22.9,22.9,382.0,8842.0,0.0,0.3505,164.0,0.0,0.0,0.0,0.0,6335.0,96.0,117.0,0.0,34.0,1.0,13.8,,
2003/08/11,22.9,22.9,22.5,22.5,224.0,5074.0,-1.7467,0.2055,101.0,0.0,0.0,0.0,0.0,6303.0,54.0,86.0,0.0,34.0,0.0,13.55,,
2003/08/12,22.8,23.1,22.7,23.0,232.0,5301.0,2.2222,0.2128,103.0,0.0,0.0,0.0,0.0,6321.0,93.0,75.0,2.0,38.0,6.0,13.86,,
2003/08/13,23.4,24.6,23.3,24.6,1610.0,39149.0,6.9565,1.4771,470.0,0.0,0.0,-50.0,-50.0,6700.0,897.0,513.0,3.0,41.0,6.0,14.82,,
2003/08/14,25.6,26.3,25.6,26.3,3334.0,87212.0,6.9106,3.0587,864.0,0.0,0.0,-1.0,-1.0,7182.0,1506.0,984.0,0.0,88.0,47.0,15.84,,
2003/08/15,26.5,26.9,25.8,26.1,3028.0,79474.0,-0.7605,2.778,852.0,0.0,0.0,-19.0,-19.0,7260.0,1489.0,1411.0,13.0,80.0,5.0,15.72,,
2003/08/18,26.1,26.6,25.2,25.2,1258.0,32520.0,-3.4483,1.1541,398.0,0.0,0.0,-21.0,-21.0,7060.0,584.0,784.0,16.0,66.0,2.0,15.18,,
2003/08/19,25.9,26.9,25.6,26.3,3777.0,100578.0,4.3651,3.4651,969.0,0.0,0.0,400.0,400.0,7559.0,1695.0,1195.0,2.0,86.0,22.0,15.84,,
2003/08/20,26.5,27.2,26.0,27.2,1960.0,52226.0,3.4221,1.7982,656.0,70.0,0.0,-2.0,68.0,7309.0,693.0,943.0,6.0,109.0,29.0,16.39,,
2003/08/21,27.4,28.8,27.3,28.1,4679.0,132081.0,3.3088,4.2927,1394.0,208.0,0.0,-3.0,205.0,7109.0,1656.0,1768.0,12.0,164.0,67.0,16.93,,
2003/08/22,28.5,29.3,28.1,28.2,3827.0,109499.0,0.3559,3.511,1179.0,11.0,0.0,-471.0,-460.0,7233.0,1464.0,1340.0,16.0,225.0,77.0,16.99,,
2003/08/25,28.2,28.5,27.2,27.7,1347.0,37164.0,-1.773,1.2358,478.0,-11.0,0.0,-1.0,-12.0,6881.0,537.0,889.0,98.0,122.0,0.0,16.69,,
2003/08/26,27.8,27.8,26.4,26.8,862.0,23116.0,-3.2491,0.7908,344.0,0.0,0.0,0.0,0.0,6976.0,461.0,361.0,18.0,99.0,0.0,16.14,,
2003/08/27,26.8,28.5,26.8,28.0,2911.0,81040.0,4.4776,2.6706,947.0,0.0,0.0,-23.0,-23.0,7074.0,1125.0,937.0,9.0,189.0,101.0,16.87,,
2003/08/28,28.5,28.7,27.5,28.7,3455.0,97317.0,2.5,3.1697,809.0,0.0,0.0,-30.0,-30.0,6791.0,970.0,1253.0,16.0,291.0,118.0,17.29,,
2003/08/29,29.1,29.1,28.3,28.4,2646.0,76023.0,-1.0453,2.4275,843.0,0.0,0.0,-19.0,-19.0,6988.0,1251.0,1044.0,50.0,331.0,90.0,14.42,,
2003/09/01,29.5,29.5,28.4,28.5,2634.0,76079.0,0.3521,2.4165,917.0,0.0,0.0,0.0,0.0,6969.0,1000.0,1019.0,39.0,319.0,27.0,14.47,,
2003/09/02,28.7,28.7,27.8,28.0,1252.0,35203.0,-1.7544,1.1486,462.0,0.0,-391.0,2.0,-389.0,7025.0,532.0,476.0,31.0,292.0,4.0,14.21,,
2003/09/03,28.1,28.5,27.6,27.8,1517.0,42542.0,-0.7143,1.3917,489.0,3.0,-318.0,0.0,-315.0,6996.0,511.0,540.0,24.0,312.0,44.0,14.11,,
2003/09/04,27.6,28.1,27.0,27.0,1205.0,33133.0,-2.8777,1.1055,388.0,0.0,-291.0,-20.0,-311.0,6670.0,297.0,618.0,71.0,236.0,0.0,13.71,,
2003/09/05,27.4,27.5,26.5,26.8,902.0,24275.0,-0.7407,0.8275,314.0,0.0,0.0,0.0,0.0,6615.0,322.0,376.0,65.0,180.0,9.0,13.6,,
2003/09/08,26.8,28.0,26.7,27.9,1088.0,29970.0,4.1045,0.9982,452.0,5.0,0.0,1.0,6.0,6581.0,427.0,461.0,19.0,179.0,18.0,14.16,,
2003/09/09,28.3,28.4,27.2,27.3,965.0,26849.0,-2.1505,0.8853,359.0,-1.0,0.0,-4.0,-5.0,6718.0,565.0,428.0,15.0,172.0,8.0,13.86,,
2003/09/10,27.1,27.3,26.5,27.0,888.0,23670.0,-1.0989,0.8147,315.0,1.0,0.0,-1.0,0.0,6530.0,373.0,561.0,24.0,149.0,1.0,13.71,,
2003/09/12,26.8,27.0,26.5,26.7,384.0,10256.0,-1.1111,0.3523,219.0,-200.0,0.0,0.0,-200.0,6581.0,148.0,96.0,14.0,103.0,0.0,13.55,,
2003/09/15,26.9,26.9,26.2,26.8,480.0,12766.0,0.3745,0.4404,268.0,0.0,-102.0,20.0,-82.0,6618.0,190.0,148.0,17.0,50.0,2.0,13.6,,
2003/09/16,26.7,27.2,26.5,27.2,564.0,15148.0,1.4925,0.5174,327.0,0.0,0.0,0.0,0.0,6618.0,232.0,232.0,18.0,29.0,3.0,13.81,,
2003/09/17,27.5,27.6,27.0,27.2,851.0,23227.0,0.0,0.7807,432.0,0.0,0.0,-12.0,-12.0,6719.0,406.0,305.0,0.0,38.0,10.0,13.81,,
2003/09/18,27.1,27.4,26.6,26.8,446.0,12053.0,-1.4706,0.4092,234.0,0.0,0.0,-2.0,-2.0,6684.0,139.0,174.0,7.0,36.0,5.0,13.6,,
2003/09/19,27.0,27.8,27.0,27.1,1315.0,36015.0,1.1194,1.2064,514.0,10.0,0.0,-1.0,9.0,6691.0,580.0,573.0,9.0,27.0,0.0,13.76,,
2003/09/22,27.2,27.4,26.8,26.9,663.0,18006.0,-0.738,0.6083,264.0,0.0,0.0,-1.0,-1.0,6701.0,283.0,273.0,0.0,29.0,3.0,13.65,,
2003/09/23,26.9,27.1,26.5,26.8,495.0,13289.0,-0.3717,0.4541,189.0,10.0,0.0,4.0,14.0,6690.0,168.0,179.0,6.0,26.0,3.0,13.6,,
2003/09/24,26.9,27.3,26.7,26.9,724.0,19591.0,0.3731,0.6642,237.0,0.0,0.0,0.0,0.0,6772.0,321.0,239.0,0.0,28.0,2.0,13.65,,
2003/09/25,26.7,26.7,26.5,26.7,410.0,10939.0,-0.7435,0.3761,173.0,0.0,0.0,0.0,0.0,6787.0,182.0,167.0,0.0,28.0,0.0,13.55,,
2003/09/26,26.5,27.7,26.5,27.0,1244.0,33946.0,1.1236,1.1413,434.0,0.0,0.0,2.0,2.0,6622.0,279.0,442.0,0.0,40.0,12.0,13.71,,
2003/09/29,27.0,27.0,26.6,26.9,293.0,7857.0,-0.3704,0.2688,147.0,0.0,0.0,2.0,2.0,6606.0,101.0,117.0,10.0,30.0,0.0,13.65,,
2003/09/30,27.0,27.1,26.5,26.6,375.0,10045.0,-1.1152,0.344,144.0,0.0,0.0,0.0,0.0,6603.0,203.0,156.0,0.0,30.0,0.0,13.5,,
2003/10/01,26.1,26.5,26.0,26.1,437.0,11449.0,-1.8797,0.4009,188.0,2.0,0.0,7.0,9.0,6572.0,138.0,169.0,2.0,28.0,0.0,13.25,,
2003/10/02,26.5,27.0,26.4,26.6,632.0,16887.0,1.9157,0.5798,282.0,0.0,0.0,0.0,0.0,6628.0,330.0,274.0,2.0,28.0,2.0,13.5,,
2003/10/03,26.7,26.8,26.4,26.6,448.0,11899.0,0.0,0.411,189.0,0.0,0.0,0.0,0.0,6534.0,181.0,275.0,3.0,25.0,0.0,13.5,,
2003/10/06,26.7,27.0,26.5,26.5,568.0,15205.0,-0.3759,0.5211,205.0,-6.0,0.0,0.0,-6.0,6694.0,380.0,214.0,5.0,20.0,0.0,13.45,,
2003/10/07,26.6,26.9,26.3,26.4,312.0,8299.0,-0.3774,0.2862,129.0,-16.0,0.0,0.0,-16.0,6661.0,80.0,113.0,0.0,20.0,0.0,13.4,,
2003/10/08,26.5,26.6,26.3,26.4,448.0,11836.0,0.0,0.411,150.0,0.0,0.0,0.0,0.0,6628.0,123.0,155.0,0.0,20.0,0.0,13.4,,
2003/10/09,26.3,26.5,26.1,26.3,446.0,11735.0,-0.3788,0.4092,171.0,0.0,0.0,0.0,0.0,6581.0,121.0,180.0,0.0,19.0,0.0,13.35,,
2003/10/13,26.8,26.8,26.3,26.3,551.0,14640.0,0.0,0.5055,181.0,0.0,0.0,2.0,2.0,6503.0,268.0,342.0,0.0,20.0,1.0,13.35,,
2003/10/14,26.4,26.8,26.0,26.0,627.0,16556.0,-1.1407,0.5752,263.0,0.0,0.0,10.0,10.0,6526.0,321.0,298.0,3.0,17.0,0.0,13.2,,
2003/10/15,26.3,26.3,25.4,25.7,540.0,13885.0,-1.1538,0.4954,240.0,4.0,0.0,20.0,24.0,6417.0,204.0,301.0,3.0,13.0,0.0,13.05,,
2003/10/16,25.7,26.2,25.6,26.0,417.0,10824.0,1.1673,0.3826,184.0,17.0,0.0,-7.0,10.0,6355.0,170.0,198.0,1.0,14.0,2.0,13.2,,
2003/10/17,26.0,26.7,26.0,26.4,679.0,17907.0,1.5385,0.6229,285.0,0.0,0.0,0.0,0.0,6363.0,261.0,252.0,0.0,16.0,2.0,13.4,,
2003/10/20,26.4,26.5,26.1,26.3,443.0,11663.0,-0.3788,0.4064,201.0,0.0,0.0,1.0,1.0,6248.0,105.0,188.0,0.0,16.0,0.0,13.35,,
2003/10/21,26.7,28.1,26.7,27.3,1745.0,48246.0,3.8023,1.6009,643.0,0.0,0.0,-10.0,-10.0,6597.0,932.0,583.0,0.0,26.0,10.0,13.86,,
2003/10/22,27.0,27.0,26.6,26.7,528.0,14166.0,-2.1978,0.4844,229.0,0.0,0.0,0.0,0.0,6705.0,293.0,186.0,0.0,26.0,0.0,13.55,,
2003/10/23,26.3,26.5,26.0,26.3,564.0,14800.0,-1.4981,0.5174,221.0,1.0,0.0,0.0,1.0,6496.0,210.0,419.0,0.0,26.0,0.0,13.35,,
2003/10/24,26.4,26.5,26.0,26.2,228.0,5975.0,-0.3802,0.2092,112.0,0.0,0.0,0.0,0.0,6463.0,87.0,120.0,10.0,16.0,0.0,13.3,,
2003/10/27,26.1,26.4,26.0,26.1,190.0,4965.0,-0.3817,0.1743,101.0,0.0,0.0,0.0,0.0,6414.0,45.0,94.0,0.0,16.0,0.0,13.25,,
2003/10/28,26.5,26.8,26.2,26.5,331.0,8784.0,1.5326,0.3037,163.0,0.0,0.0,0.0,0.0,6374.0,154.0,194.0,0.0,16.0,0.0,13.45,,
2003/10/29,26.8,26.9,26.1,26.1,320.0,8442.0,-1.5094,0.2936,161.0,0.0,0.0,0.0,0.0,6372.0,126.0,127.0,0.0,16.0,0.0,13.25,,
2003/10/30,26.2,26.3,26.1,26.1,212.0,5568.0,0.0,0.1945,92.0,0.0,0.0,0.0,0.0,6340.0,36.0,68.0,0.0,17.0,1.0,13.25,,
2003/10/31,26.3,26.3,25.7,26.1,194.0,5040.0,0.0,0.178,100.0,0.0,0.0,0.0,0.0,6333.0,63.0,70.0,0.0,17.0,0.0,13.32,,
2003/11/03,26.0,26.3,25.8,26.0,144.0,3754.0,-0.3831,0.1321,77.0,0.0,0.0,0.0,0.0,6353.0,53.0,33.0,0.0,17.0,0.0,13.27,,
2003/11/04,26.0,26.4,25.8,25.8,279.0,7271.0,-0.7692,0.256,103.0,-2.0,0.0,65.0,63.0,6330.0,33.0,56.0,7.0,10.0,0.0,13.16,,
2003/11/05,25.8,26.0,25.7,25.9,256.0,6626.0,0.3876,0.2349,118.0,0.0,0.0,0.0,0.0,6310.0,68.0,88.0,0.0,10.0,0.0,13.21,,
2003/11/06,25.9,26.0,25.3,25.4,635.0,16309.0,-1.9305,0.5826,206.0,0.0,0.0,-7.0,-7.0,5948.0,141.0,503.0,2.0,8.0,0.0,12.96,,
2003/11/07,25.5,25.7,25.4,25.6,190.0,4860.0,0.7874,0.1743,79.0,0.0,0.0,0.0,0.0,5923.0,48.0,73.0,0.0,8.0,0.0,13.06,,
2003/11/10,25.7,26.3,25.7,26.2,457.0,11859.0,2.3438,0.4193,181.0,0.0,0.0,-1.0,-1.0,5874.0,167.0,216.0,0.0,8.0,0.0,13.37,,
2003/11/11,26.1,26.1,25.8,25.9,120.0,3130.0,-1.145,0.1101,62.0,0.0,0.0,1.0,1.0,5850.0,21.0,45.0,0.0,8.0,0.0,13.21,,
2003/11/12,26.0,26.7,26.0,26.2,767.0,20207.0,1.1583,0.7037,297.0,2.0,0.0,0.0,2.0,5956.0,411.0,305.0,0.0,11.0,3.0,13.37,,
2003/11/13,26.7,27.1,26.5,26.7,1662.0,44587.0,1.9084,1.5248,481.0,0.0,0.0,0.0,0.0,6253.0,622.0,325.0,0.0,13.0,2.0,13.62,,
2003/11/14,26.7,27.7,26.6,26.6,1678.0,45504.0,-0.3745,1.5394,489.0,0.0,0.0,0.0,0.0,6505.0,676.0,374.0,0.0,13.0,0.0,13.57,,
2003/11/17,26.6,27.0,26.4,26.4,504.0,13405.0,-0.7519,0.4624,173.0,0.0,0.0,0.0,0.0,6591.0,263.0,177.0,0.0,13.0,0.0,13.47,,
2003/11/18,26.8,26.9,26.3,26.4,652.0,17272.0,0.0,0.5982,177.0,12.0,0.0,8.0,20.0,6423.0,174.0,342.0,0.0,13.0,0.0,13.47,,
2003/11/19,26.3,26.6,25.8,26.0,351.0,9191.0,-1.5152,0.322,152.0,0.0,0.0,0.0,0.0,6279.0,109.0,153.0,4.0,9.0,0.0,13.27,,
2003/11/20,26.1,26.2,25.8,25.9,468.0,12154.0,-0.3846,0.4294,153.0,-6.0,0.0,-12.0,-18.0,6233.0,155.0,201.0,0.0,9.0,0.0,13.21,,
2003/11/21,25.8,26.0,25.6,25.8,372.0,9591.0,-0.3861,0.3413,117.0,12.0,0.0,6.0,18.0,6007.0,59.0,285.0,0.0,9.0,0.0,13.16,,
2003/11/24,26.3,26.3,25.9,25.9,200.0,5197.0,0.3876,0.1835,76.0,0.0,0.0,0.0,0.0,6004.0,63.0,66.0,0.0,9.0,0.0,13.21,,
2003/11/25,26.2,26.4,26.0,26.0,262.0,6846.0,0.3861,0.2404,96.0,0.0,0.0,0.0,0.0,6063.0,100.0,37.0,0.0,9.0,0.0,13.27,,
2003/11/26,26.0,26.2,25.7,25.8,171.0,4417.0,-0.7692,0.1569,69.0,0.0,0.0,0.0,0.0,5998.0,32.0,97.0,0.0,9.0,0.0,13.16,,
2003/11/27,25.8,25.8,25.4,25.4,358.0,9161.0,-1.5504,0.3284,109.0,3.0,0.0,-156.0,-153.0,6002.0,65.0,61.0,2.0,7.0,0.0,12.96,,
2003/11/28,25.6,25.8,25.5,25.5,267.0,6839.0,0.3937,0.245,63.0,0.0,0.0,-138.0,-138.0,6020.0,67.0,48.0,0.0,7.0,0.0,13.01,,
2003/12/01,25.5,25.9,25.5,25.8,224.0,5760.0,1.1765,0.2055,101.0,0.0,0.0,0.0,0.0,5970.0,59.0,109.0,0.0,7.0,0.0,13.16,,
2003/12/02,26.0,26.0,25.7,25.8,188.0,4846.0,0.0,0.1725,70.0,0.0,0.0,0.0,0.0,6003.0,67.0,34.0,0.0,7.0,0.0,13.16,,
2003/12/03,25.8,26.4,25.6,26.0,590.0,15406.0,0.7752,0.5413,216.0,0.0,0.0,-1.0,-1.0,6031.0,182.0,154.0,0.0,7.0,0.0,13.27,,
2003/12/04,26.0,26.4,25.8,26.4,412.0,10761.0,1.5385,0.378,178.0,0.0,0.0,0.0,0.0,5999.0,179.0,171.0,0.0,7.0,0.0,13.47,,
2003/12/05,26.5,26.9,26.2,26.3,706.0,18806.0,-0.3788,0.6477,242.0,0.0,0.0,-2.0,-2.0,6151.0,297.0,145.0,0.0,7.0,0.0,13.42,,
2003/12/08,26.1,26.1,25.8,25.8,175.0,4567.0,-1.9011,0.1606,77.0,0.0,0.0,-1.0,-1.0,6128.0,47.0,70.0,0.0,7.0,0.0,13.16,,
2003/12/09,25.9,26.0,25.5,25.6,205.0,5266.0,-0.7752,0.1881,81.0,0.0,0.0,0.0,0.0,6124.0,48.0,52.0,0.0,7.0,0.0,13.06,,
2003/12/10,25.4,25.6,25.2,25.2,339.0,8597.0,-1.5625,0.311,145.0,0.0,0.0,0.0,0.0,6051.0,134.0,207.0,0.0,7.0,0.0,12.86,,
2003/12/11,25.2,25.4,25.0,25.2,301.0,7572.0,0.0,0.2761,120.0,24.0,0.0,0.0,24.0,5958.0,86.0,174.0,0.0,7.0,0.0,12.86,,
2003/12/12,25.4,25.4,25.2,25.2,212.0,5377.0,0.0,0.1945,91.0,5.0,0.0,9.0,14.0,5898.0,19.0,79.0,0.0,7.0,0.0,12.86,,
2003/12/15,25.2,25.3,24.7,25.2,355.0,8865.0,0.0,0.3257,147.0,4.0,0.0,1.0,5.0,5921.0,90.0,67.0,5.0,2.0,0.0,12.86,,
2003/12/16,25.1,25.1,24.7,24.8,201.0,4990.0,-1.5873,0.1844,89.0,0.0,0.0,0.0,0.0,5834.0,30.0,107.0,0.0,2.0,0.0,12.65,,
2003/12/17,24.8,24.9,24.2,24.5,316.0,7758.0,-1.2097,0.2899,142.0,0.0,0.0,0.0,0.0,5666.0,55.0,213.0,0.0,2.0,0.0,12.5,,
2003/12/18,24.4,25.0,24.2,24.6,173.0,4263.0,0.4082,0.1587,87.0,-10.0,0.0,-8.0,-18.0,5626.0,40.0,80.0,0.0,2.0,0.0,12.55,,
2003/12/19,25.0,25.1,24.6,24.6,181.0,4473.0,0.0,0.1661,75.0,-2.0,0.0,-1.0,-3.0,5658.0,59.0,27.0,0.0,2.0,0.0,12.55,,
2003/12/22,24.5,25.0,24.3,24.6,231.0,5705.0,0.0,0.2119,87.0,0.0,0.0,0.0,0.0,5632.0,37.0,47.0,1.0,1.0,0.0,12.55,,
2003/12/23,24.6,24.8,24.5,24.8,60.0,1482.0,0.813,0.055,36.0,-5.0,0.0,-1.0,-6.0,5632.0,4.0,4.0,0.0,1.0,0.0,12.65,,
2003/12/24,24.8,25.0,24.7,24.8,147.0,3673.0,0.0,0.1349,75.0,-2.0,0.0,0.0,-2.0,5673.0,83.0,42.0,0.0,1.0,0.0,12.65,,
2003/12/25,25.0,25.0,24.6,24.6,56.0,1400.0,-0.8065,0.0514,34.0,0.0,0.0,0.0,0.0,5678.0,17.0,12.0,0.0,1.0,0.0,12.55,,
2003/12/26,25.0,25.0,24.7,24.8,31.0,777.0,0.813,0.0284,22.0,-5.0,0.0,0.0,-5.0,5673.0,1.0,6.0,0.0,1.0,0.0,12.65,,
2003/12/29,24.6,24.7,24.3,24.6,96.0,2365.0,-0.8065,0.0881,46.0,0.0,0.0,0.0,0.0,5616.0,7.0,64.0,0.0,1.0,0.0,12.55,,
2003/12/30,24.7,24.9,24.6,24.6,124.0,3075.0,0.0,0.1138,63.0,4.0,0.0,2.0,6.0,5566.0,26.0,76.0,0.0,1.0,0.0,12.55,,
2003/12/31,24.7,24.8,24.7,24.8,98.0,2424.0,0.813,0.0899,36.0,0.0,0.0,0.0,0.0,5567.0,48.0,47.0,0.0,1.0,0.0,12.65,,
2004/01/02,25.0,25.0,24.6,24.7,426.0,10556.0,-0.4032,0.3908,145.0,0.0,0.0,2.0,2.0,5651.0,113.0,29.0,0.0,1.0,0.0,12.6,,
2004/01/05,24.7,24.8,24.4,24.6,729.0,17906.0,-0.4049,0.6688,228.0,0.0,0.0,-2.0,-2.0,5721.0,170.0,100.0,0.0,1.0,0.0,12.55,,
2004/01/06,24.8,24.9,24.5,24.5,562.0,13862.0,-0.4065,0.5156,144.0,4.0,0.0,0.0,4.0,5718.0,135.0,138.0,0.0,1.0,0.0,12.5,,
2004/01/07,24.6,24.8,24.3,24.5,548.0,13450.0,0.0,0.5028,169.0,7.0,0.0,3.0,10.0,5781.0,130.0,67.0,0.0,1.0,0.0,12.5,,
2004/01/08,24.5,24.8,24.5,24.6,1339.0,32961.0,0.4082,1.2284,262.0,0.0,0.0,4.0,4.0,6264.0,493.0,70.0,0.0,1.0,0.0,12.55,,
2004/01/09,24.8,25.4,24.8,25.1,1647.0,41314.0,2.0325,1.511,474.0,0.0,0.0,3.0,3.0,6529.0,661.0,396.0,0.0,1.0,0.0,12.81,,
2004/01/12,25.2,25.2,24.8,24.9,610.0,15246.0,-0.7968,0.5596,192.0,0.0,0.0,0.0,0.0,6538.0,187.0,178.0,0.0,1.0,0.0,12.7,,
2004/01/13,25.3,25.3,24.6,24.7,492.0,12263.0,-0.8032,0.4514,165.0,0.0,0.0,0.0,0.0,6469.0,117.0,184.0,1.0,0.0,0.0,12.6,,
2004/01/14,24.7,24.9,24.6,24.7,552.0,13659.0,0.0,0.5064,212.0,3.0,0.0,0.0,3.0,6303.0,129.0,291.0,0.0,0.0,0.0,12.6,,
2004/01/15,24.9,25.0,24.8,24.9,614.0,15297.0,0.8097,0.5633,197.0,0.0,0.0,0.0,0.0,6351.0,180.0,132.0,0.0,0.0,0.0,12.7,,
2004/01/16,25.0,25.1,24.7,24.7,474.0,11773.0,-0.8032,0.4349,168.0,0.0,0.0,0.0,0.0,6228.0,99.0,214.0,0.0,0.0,0.0,12.6,,
2004/01/27,24.8,25.0,24.4,24.4,422.0,10438.0,-1.2146,0.3872,133.0,0.0,0.0,0.0,0.0,6285.0,207.0,148.0,0.0,0.0,0.0,12.45,,
2004/01/28,24.4,24.6,24.2,24.3,532.0,12996.0,-0.4098,0.4881,250.0,-16.0,0.0,-7.0,-23.0,6145.0,96.0,236.0,0.0,0.0,0.0,12.4,,
2004/01/29,24.2,25.5,24.2,25.0,1805.0,45153.0,2.8807,1.656,655.0,-27.0,0.0,-3.0,-30.0,6375.0,717.0,487.0,0.0,0.0,0.0,12.76,,
2004/01/30,25.4,25.7,25.3,25.7,1468.0,37471.0,2.8,1.3468,526.0,0.0,0.0,0.0,0.0,6489.0,655.0,541.0,0.0,0.0,0.0,13.11,,
2004/02/02,25.9,26.2,25.4,25.6,1320.0,34048.0,-0.3891,1.211,424.0,0.0,0.0,0.0,0.0,6686.0,777.0,580.0,0.0,0.0,0.0,13.06,,
2004/02/03,25.5,25.5,24.9,25.0,409.0,10250.0,-2.3438,0.3752,199.0,-5.0,0.0,-1.0,-6.0,6755.0,199.0,130.0,0.0,0.0,0.0,12.76,,
2004/02/04,25.1,25.1,24.7,24.9,452.0,11263.0,-0.4,0.4147,169.0,-3.0,0.0,0.0,-3.0,6678.0,163.0,225.0,0.0,0.0,0.0,12.7,,
2004/02/05,24.9,25.1,24.7,24.9,351.0,8753.0,0.0,0.322,128.0,-3.0,0.0,-1.0,-4.0,6769.0,200.0,109.0,0.0,0.0,0.0,12.7,,
2004/02/06,24.9,25.4,24.9,25.2,920.0,23125.0,1.2048,0.844,251.0,0.0,0.0,0.0,0.0,6700.0,256.0,325.0,0.0,0.0,0.0,12.86,,
2004/02/09,25.4,25.7,25.3,25.6,1187.0,30287.0,1.5873,1.089,346.0,0.0,0.0,100.0,100.0,6664.0,347.0,403.0,0.0,0.0,0.0,13.06,,
2004/02/10,25.7,25.7,25.0,25.2,670.0,16909.0,-1.5625,0.6147,226.0,0.0,0.0,0.0,0.0,6835.0,280.0,109.0,0.0,0.0,0.0,12.86,,
2004/02/11,25.1,25.1,24.6,24.8,797.0,19772.0,-1.5873,0.7312,253.0,-18.0,0.0,0.0,-18.0,6827.0,241.0,249.0,0.0,0.0,0.0,12.65,,
2004/02/12,24.9,25.0,24.5,24.6,641.0,15866.0,-0.8065,0.5881,188.0,12.0,0.0,6.0,18.0,6915.0,252.0,164.0,0.0,0.0,0.0,12.55,,
2004/02/13,24.7,24.8,24.3,24.6,460.0,11304.0,0.0,0.422,145.0,1.0,0.0,2.0,3.0,6778.0,81.0,125.0,0.0,0.0,0.0,12.55,,
2004/02/16,24.3,24.8,24.3,24.6,422.0,10387.0,0.0,0.3872,135.0,-3.0,0.0,1.0,-2.0,6617.0,150.0,211.0,0.0,0.0,0.0,12.55,,
2004/02/17,24.6,24.8,24.4,24.5,356.0,8745.0,-0.4065,0.3266,128.0,0.0,0.0,0.0,0.0,6460.0,74.0,119.0,0.0,0.0,0.0,12.5,,
2004/02/18,24.5,24.8,24.5,24.6,474.0,11682.0,0.4082,0.4349,179.0,0.0,0.0,0.0,0.0,6420.0,200.0,202.0,0.0,0.0,0.0,12.55,,
2004/02/19,24.6,25.0,24.6,25.0,1179.0,29273.0,1.626,1.0817,264.0,0.0,0.0,-9.0,-9.0,6846.0,560.0,134.0,0.0,0.0,0.0,12.76,,
2004/02/20,25.0,25.1,24.9,25.0,849.0,21228.0,0.0,0.7789,234.0,0.0,0.0,1.0,1.0,6865.0,260.0,241.0,0.0,0.0,0.0,12.76,,
2004/02/23,25.0,25.1,24.9,24.9,652.0,16292.0,-0.4,0.5982,201.0,10.0,0.0,2.0,12.0,6818.0,198.0,245.0,0.0,0.0,0.0,12.7,,
2004/02/24,25.0,25.0,24.7,25.0,385.0,9573.0,0.4016,0.3532,102.0,45.0,0.0,6.0,51.0,6853.0,212.0,172.0,0.0,0.0,0.0,12.76,,
2004/02/25,24.8,25.0,24.8,24.9,356.0,8854.0,-0.4,0.3266,134.0,13.0,0.0,1.0,14.0,6672.0,67.0,189.0,0.0,0.0,0.0,12.7,,
2004/02/26,25.0,25.7,24.8,25.2,1507.0,38091.0,1.2048,1.3826,375.0,0.0,0.0,50.0,50.0,6820.0,522.0,374.0,0.0,2.0,2.0,12.86,,
2004/02/27,25.4,25.9,25.3,25.4,1788.0,45803.0,0.7937,1.6404,442.0,0.0,0.0,1.0,1.0,7314.0,1071.0,518.0,2.0,0.0,0.0,12.96,,
2004/03/01,25.5,25.6,25.0,25.0,1025.0,25786.0,-1.5748,0.9404,297.0,7.0,0.0,3.0,10.0,7267.0,409.0,456.0,0.0,0.0,0.0,12.76,,
2004/03/02,25.1,25.2,24.8,24.8,1053.0,26307.0,-0.8,0.9661,262.0,12.0,0.0,0.0,12.0,6988.0,247.0,526.0,0.0,0.0,0.0,12.65,,
2004/03/03,24.8,25.0,24.7,24.7,433.0,10771.0,-0.4032,0.3972,158.0,2.0,0.0,0.0,2.0,6983.0,117.0,122.0,0.0,0.0,0.0,12.6,,
2004/03/04,24.7,25.0,24.7,24.8,759.0,18810.0,0.4049,0.6963,262.0,44.0,0.0,0.0,44.0,7074.0,269.0,172.0,0.0,0.0,0.0,12.65,,
2004/03/05,24.9,25.0,24.7,24.9,1038.0,25810.0,0.4032,0.9523,305.0,48.0,0.0,0.0,48.0,7211.0,295.0,157.0,0.0,0.0,0.0,12.7,,
2004/03/08,25.0,25.0,24.7,24.7,596.0,14771.0,-0.8032,0.5468,200.0,118.0,0.0,0.0,118.0,7234.0,161.0,138.0,0.0,1.0,1.0,12.6,,
2004/03/09,24.7,25.2,24.7,25.0,1323.0,33048.0,1.2146,1.2138,310.0,48.0,0.0,0.0,48.0,7668.0,543.0,109.0,0.0,1.0,0.0,12.76,,
2004/03/10,25.0,25.2,24.7,24.7,513.0,12795.0,-1.2,0.4706,157.0,12.0,0.0,0.0,12.0,7570.0,233.0,331.0,0.0,1.0,0.0,12.6,,
2004/03/11,24.6,24.9,24.5,24.7,435.0,10759.0,0.0,0.3991,149.0,16.0,0.0,0.0,16.0,7452.0,94.0,152.0,0.0,1.0,0.0,12.6,,
2004/03/12,24.5,24.6,24.3,24.4,323.0,7916.0,-1.2146,0.2963,127.0,10.0,0.0,0.0,10.0,7428.0,51.0,57.0,0.0,1.0,0.0,12.45,,
2004/03/15,24.4,24.7,24.3,24.3,393.0,9610.0,-0.4098,0.3606,168.0,-10.0,0.0,-8.0,-18.0,7521.0,195.0,102.0,0.0,21.0,20.0,12.4,,
2004/03/16,24.2,24.3,23.9,23.9,350.0,8443.0,-1.6461,0.3211,169.0,-64.0,0.0,-10.0,-74.0,7435.0,29.0,113.0,0.0,21.0,0.0,12.19,,
2004/03/17,24.2,24.2,23.4,23.5,598.0,14158.0,-1.6736,0.5486,237.0,-60.0,0.0,0.0,-60.0,7288.0,118.0,265.0,0.0,21.0,0.0,11.99,,
2004/03/18,23.2,23.7,23.0,23.5,666.0,15501.0,0.0,0.611,254.0,-176.0,0.0,4.0,-172.0,7284.0,86.0,75.0,0.0,21.0,0.0,11.99,,
2004/03/19,23.5,23.8,23.4,23.5,268.0,6351.0,0.0,0.2459,109.0,2.0,0.0,0.0,2.0,7319.0,117.0,82.0,0.0,21.0,0.0,11.99,,
2004/03/22,21.9,21.9,21.9,21.9,100.0,2209.0,-6.8085,0.0917,38.0,0.0,0.0,0.0,0.0,7320.0,50.0,30.0,0.0,21.0,0.0,11.17,,
2004/03/23,20.4,21.5,20.4,21.0,1098.0,22547.0,-4.1096,1.0073,245.0,-2.0,0.0,-50.0,-52.0,6792.0,154.0,679.0,21.0,0.0,0.0,10.71,,
2004/03/24,21.0,21.2,20.7,21.0,445.0,9329.0,0.0,0.4083,143.0,-21.0,0.0,-26.0,-47.0,6727.0,32.0,91.0,0.0,0.0,0.0,10.71,,
2004/03/25,20.8,21.0,20.4,20.7,210.0,4366.0,-1.4286,0.1927,101.0,-16.0,0.0,0.0,-16.0,6751.0,57.0,29.0,0.0,0.0,0.0,10.56,,
2004/03/26,21.0,21.0,20.1,20.2,334.0,6825.0,-2.4155,0.3064,113.0,0.0,0.0,-1.0,-1.0,6718.0,78.0,101.0,0.0,0.0,0.0,10.31,,
2004/03/29,21.0,21.5,20.8,21.4,661.0,13984.0,5.9406,0.6064,177.0,0.0,0.0,0.0,0.0,6545.0,0.0,153.0,0.0,0.0,0.0,10.92,,
2004/03/30,21.4,21.4,21.0,21.2,326.0,6909.0,-0.9346,0.2991,110.0,0.0,0.0,-80.0,-80.0,6524.0,0.0,14.0,0.0,0.0,0.0,10.82,,
2004/03/31,21.2,21.9,21.2,21.5,444.0,9510.0,1.4151,0.4073,188.0,0.0,0.0,-1.0,-1.0,6416.0,0.0,100.0,0.0,0.0,0.0,10.97,,
2004/04/01,21.5,21.9,21.4,21.7,522.0,11326.0,0.9302,0.4789,218.0,-32.0,0.0,0.0,-32.0,6504.0,146.0,58.0,0.0,0.0,0.0,11.07,,
2004/04/02,22.1,22.1,21.6,21.6,455.0,9975.0,-0.4608,0.4174,165.0,0.0,0.0,0.0,0.0,6585.0,110.0,29.0,0.0,0.0,0.0,11.02,,
2004/04/05,21.6,22.0,21.5,21.8,989.0,21533.0,0.9259,0.9073,309.0,0.0,0.0,0.0,0.0,7033.0,480.0,32.0,0.0,3.0,3.0,11.12,,
2004/04/06,22.0,22.4,21.9,22.0,1023.0,22685.0,0.9174,0.9385,325.0,0.0,0.0,0.0,0.0,7118.0,283.0,188.0,0.0,3.0,0.0,11.22,,
2004/04/07,22.2,22.2,21.5,21.6,404.0,8799.0,-1.8182,0.3706,147.0,0.0,0.0,0.0,0.0,6999.0,91.0,210.0,0.0,0.0,0.0,11.02,,
2004/04/08,21.6,21.7,21.2,21.5,366.0,7847.0,-0.463,0.3358,140.0,0.0,0.0,0.0,0.0,7069.0,128.0,58.0,0.0,0.0,0.0,10.97,,
2004/04/09,21.4,21.5,21.2,21.4,253.0,5418.0,-0.4651,0.2321,96.0,0.0,0.0,0.0,0.0,7065.0,114.0,114.0,0.0,0.0,0.0,10.92,,
2004/04/12,21.4,21.8,21.3,21.7,522.0,11278.0,1.4019,0.4789,209.0,0.0,0.0,2.0,2.0,7128.0,185.0,122.0,0.0,0.0,0.0,11.07,,
2004/04/13,21.9,22.0,21.5,21.7,803.0,17524.0,0.0,0.7367,255.0,0.0,0.0,0.0,0.0,7350.0,421.0,185.0,0.0,0.0,0.0,11.07,,
2004/04/14,21.7,23.0,21.6,22.6,1660.0,37302.0,4.1475,1.5229,569.0,0.0,0.0,0.0,0.0,7648.0,741.0,443.0,0.0,0.0,0.0,11.53,,
2004/04/15,23.0,23.0,21.9,22.0,968.0,21706.0,-2.6549,0.8881,317.0,10.0,0.0,0.0,10.0,7591.0,398.0,452.0,0.0,0.0,0.0,11.22,,
2004/04/16,22.0,22.3,22.0,22.1,518.0,11469.0,0.4545,0.4752,193.0,0.0,0.0,0.0,0.0,7615.0,225.0,201.0,0.0,0.0,0.0,11.28,,
2004/04/19,22.2,22.2,21.6,21.6,516.0,11276.0,-2.2624,0.4734,213.0,0.0,0.0,0.0,0.0,7557.0,200.0,188.0,0.0,0.0,0.0,11.02,,
2004/04/20,21.8,21.8,21.3,21.4,510.0,10979.0,-0.9259,0.4679,205.0,0.0,0.0,0.0,0.0,7513.0,136.0,180.0,0.0,0.0,0.0,10.92,,
2004/04/21,21.2,21.4,21.2,21.3,207.0,4409.0,-0.4673,0.1899,93.0,0.0,0.0,1.0,1.0,7549.0,51.0,15.0,0.0,0.0,0.0,10.87,,
2004/04/22,21.3,21.7,21.3,21.6,488.0,10503.0,1.4085,0.4477,176.0,0.0,0.0,-3.0,-3.0,7599.0,153.0,103.0,0.0,1.0,1.0,11.02,,
2004/04/23,21.6,21.7,21.3,21.4,319.0,6847.0,-0.9259,0.2927,117.0,0.0,0.0,0.0,0.0,7589.0,73.0,83.0,1.0,0.0,0.0,10.92,,
2004/04/26,20.2,20.4,20.0,20.0,962.0,19317.0,-6.5421,0.8826,319.0,0.0,0.0,0.0,0.0,7326.0,295.0,540.0,0.0,0.0,0.0,10.2,,
2004/04/27,18.6,18.6,18.6,18.6,340.0,6337.0,-7.0,0.3119,145.0,0.0,0.0,0.0,0.0,7307.0,105.0,64.0,0.0,0.0,0.0,9.49,,
2004/04/28,17.3,17.9,17.3,17.5,2204.0,38580.0,-5.914,2.022,691.0,62.0,0.0,2.0,64.0,7326.0,895.0,789.0,0.0,0.0,0.0,8.93,,
2004/04/29,17.2,17.7,17.0,17.2,1182.0,20611.0,-1.7143,1.0844,383.0,38.0,0.0,2.0,40.0,7142.0,422.0,549.0,0.0,0.0,0.0,8.78,,
2004/04/30,17.2,17.4,16.2,16.3,1093.0,18360.0,-5.2326,1.0028,363.0,-1.0,0.0,0.0,-1.0,7023.0,442.0,541.0,0.0,15.0,15.0,12.07,,
2004/05/03,16.3,16.3,15.4,15.6,555.0,8757.0,-4.2945,0.5092,203.0,0.0,0.0,-1.0,-1.0,7085.0,327.0,264.0,0.0,15.0,0.0,11.56,,
2004/05/04,15.4,15.9,15.4,15.8,672.0,10554.0,1.2821,0.6165,193.0,0.0,0.0,-1.0,-1.0,7275.0,378.0,172.0,0.0,34.0,19.0,11.7,,
2004/05/05,15.8,15.8,14.75,14.9,823.0,12580.0,-5.6962,0.755,242.0,-73.0,0.0,-1.0,-74.0,7390.0,549.0,370.0,10.0,24.0,0.0,11.04,,
2004/05/06,15.0,15.2,14.5,15.0,759.0,11328.0,0.6711,0.6963,190.0,0.0,0.0,0.0,0.0,7355.0,243.0,268.0,20.0,13.0,9.0,11.11,,
2004/05/07,15.0,15.5,14.7,15.5,797.0,12090.0,3.3333,0.7312,210.0,0.0,0.0,0.0,0.0,7221.0,129.0,263.0,7.0,16.0,10.0,11.48,,
2004/05/10,15.3,15.4,14.75,14.8,638.0,9628.0,-4.5161,0.5853,145.0,0.0,0.0,0.0,0.0,7433.0,360.0,148.0,0.0,16.0,0.0,10.96,,
2004/05/11,14.9,14.9,13.9,14.3,651.0,9239.0,-3.3784,0.5972,183.0,0.0,0.0,0.0,0.0,7285.0,325.0,469.0,6.0,12.0,2.0,10.59,,
2004/05/12,15.3,15.3,15.3,15.3,862.0,13188.0,6.993,0.7908,148.0,0.0,0.0,0.0,0.0,7663.0,583.0,205.0,0.0,13.0,1.0,11.33,,
2004/05/13,15.2,15.2,14.6,14.85,751.0,11207.0,-2.9412,0.689,233.0,0.0,0.0,0.0,0.0,7637.0,359.0,385.0,2.0,11.0,0.0,11.0,,
2004/05/14,14.7,14.85,14.6,14.7,399.0,5862.0,-1.0101,0.3661,104.0,-7.0,0.0,0.0,-7.0,7646.0,228.0,214.0,0.0,11.0,0.0,10.89,,
2004/05/17,14.0,14.6,13.75,13.8,522.0,7336.0,-6.1224,0.4789,173.0,-45.0,0.0,-1.0,-46.0,7576.0,254.0,294.0,0.0,11.0,0.0,10.22,,
2004/05/18,14.2,14.4,13.85,14.2,522.0,7398.0,2.8986,0.4789,170.0,0.0,0.0,2.0,2.0,7630.0,278.0,187.0,0.0,12.0,1.0,10.52,,
2004/05/19,14.7,14.9,14.3,14.8,867.0,12698.0,4.2254,0.7954,260.0,-15.0,0.0,-2.0,-17.0,7795.0,294.0,129.0,0.0,12.0,0.0,10.96,,
2004/05/20,14.8,14.8,14.2,14.45,369.0,5388.0,-2.3649,0.3385,138.0,0.0,0.0,0.0,0.0,7865.0,217.0,147.0,0.0,12.0,0.0,10.7,,
2004/05/21,14.8,14.95,14.5,14.9,690.0,10232.0,3.1142,0.633,211.0,0.0,0.0,0.0,0.0,8081.0,338.0,122.0,0.0,13.0,1.0,11.04,,
2004/05/24,14.9,15.1,14.8,15.1,377.0,5657.0,1.3423,0.3459,128.0,0.0,0.0,0.0,0.0,8144.0,192.0,129.0,0.0,13.0,0.0,11.19,,
2004/05/25,15.2,16.1,15.2,15.7,1470.0,23450.0,3.9735,1.3486,458.0,0.0,0.0,0.0,0.0,8328.0,590.0,401.0,0.0,49.0,36.0,11.63,,
2004/05/26,15.8,16.1,15.7,15.8,1104.0,17561.0,0.6369,1.0128,284.0,0.0,0.0,0.0,0.0,8122.0,327.0,533.0,4.0,45.0,0.0,11.7,,
2004/05/27,15.9,16.0,15.4,15.5,465.0,7279.0,-1.8987,0.4266,158.0,1.0,0.0,0.0,1.0,7935.0,97.0,284.0,2.0,43.0,0.0,11.48,,
2004/05/28,15.5,15.8,15.4,15.8,627.0,9800.0,1.9355,0.5752,189.0,0.0,0.0,0.0,0.0,7648.0,116.0,402.0,0.0,43.0,0.0,11.7,,
2004/05/31,15.8,15.9,15.4,15.4,412.0,6427.0,-2.5316,0.378,117.0,0.0,0.0,0.0,0.0,7566.0,82.0,164.0,0.0,43.0,0.0,11.41,,
2004/06/01,15.5,15.7,15.3,15.7,162.0,2495.0,1.9481,0.1486,73.0,0.0,0.0,0.0,0.0,7517.0,26.0,75.0,0.0,46.0,3.0,11.63,,
2004/06/02,15.6,16.4,15.5,15.8,727.0,11664.0,0.6369,0.667,279.0,0.0,0.0,0.0,0.0,7480.0,291.0,328.0,3.0,63.0,20.0,11.7,,
2004/06/03,15.8,16.1,15.1,15.2,294.0,4589.0,-3.7975,0.2697,120.0,0.0,0.0,0.0,0.0,7429.0,114.0,165.0,20.0,44.0,1.0,11.26,,
2004/06/04,15.2,15.4,14.9,15.3,349.0,5316.0,0.6579,0.3202,96.0,0.0,0.0,0.0,0.0,7540.0,205.0,94.0,1.0,45.0,2.0,11.33,,
2004/06/07,15.5,15.5,15.2,15.5,184.0,2836.0,1.3072,0.1688,73.0,0.0,0.0,0.0,0.0,7462.0,31.0,109.0,25.0,20.0,0.0,11.48,,
2004/06/08,15.8,15.8,15.4,15.5,198.0,3080.0,0.0,0.1817,60.0,-10.0,0.0,0.0,-10.0,7415.0,44.0,91.0,2.0,18.0,0.0,11.48,,
2004/06/09,15.7,15.9,15.3,15.5,224.0,3495.0,0.0,0.2055,83.0,0.0,0.0,0.0,0.0,7322.0,20.0,113.0,1.0,10.0,0.0,11.48,,
2004/06/10,15.5,15.6,15.3,15.5,154.0,2381.0,0.0,0.1413,67.0,-1.0,0.0,0.0,-1.0,7334.0,58.0,46.0,0.0,10.0,0.0,11.48,,
2004/06/11,15.5,15.5,15.1,15.3,194.0,2970.0,-1.2903,0.178,65.0,0.0,0.0,0.0,0.0,7332.0,43.0,45.0,0.0,10.0,0.0,11.33,,
2004/06/14,15.3,15.5,14.9,15.0,189.0,2869.0,-1.9608,0.1734,68.0,0.0,0.0,1.0,1.0,7348.0,63.0,47.0,0.0,10.0,0.0,11.11,,
2004/06/15,15.0,15.0,14.65,15.0,196.0,2923.0,0.0,0.1798,59.0,0.0,0.0,-1.0,-1.0,7292.0,47.0,102.0,10.0,0.0,0.0,11.11,,
2004/06/16,15.0,15.1,14.3,14.35,198.0,2920.0,-4.3333,0.1817,76.0,0.0,0.0,0.0,0.0,7107.0,0.0,83.0,0.0,0.0,0.0,10.63,,
2004/06/17,14.7,14.9,14.05,14.3,208.0,3003.0,-0.3484,0.1908,75.0,0.0,0.0,0.0,0.0,7084.0,0.0,23.0,0.0,0.0,0.0,10.59,,
2004/06/18,14.3,14.6,13.8,14.3,461.0,6501.0,0.0,0.4229,109.0,0.0,0.0,1.0,1.0,7004.0,0.0,78.0,0.0,0.0,0.0,10.59,,
2004/06/21,13.8,13.8,13.2,13.6,477.0,6418.0,3.5413,0.4376,155.0,0.0,0.0,1.0,1.0,6971.0,36.0,59.0,0.0,25.0,25.0,10.07,,
2004/06/23,13.7,13.85,13.5,13.8,254.0,3486.0,1.4706,0.233,69.0,0.0,0.0,0.0,0.0,6906.0,8.0,73.0,5.0,25.0,5.0,10.22,,
2004/06/24,13.8,14.75,13.7,14.3,341.0,4875.0,3.6232,0.3128,134.0,0.0,0.0,0.0,0.0,6915.0,63.0,53.0,0.0,25.0,0.0,10.59,,
2004/06/25,14.1,14.6,14.1,14.55,242.0,3484.0,1.7483,0.222,85.0,0.0,0.0,0.0,0.0,6901.0,15.0,29.0,0.0,26.0,1.0,10.78,,
2004/06/28,14.5,14.5,14.0,14.3,206.0,2928.0,-1.7182,0.189,54.0,0.0,0.0,0.0,0.0,6894.0,15.0,22.0,3.0,23.0,0.0,10.59,,
2004/06/29,14.1,14.95,14.1,14.5,460.0,6700.0,1.3986,0.422,130.0,0.0,0.0,0.0,0.0,6678.0,35.0,251.0,0.0,23.0,0.0,10.74,,
2004/06/30,14.65,14.8,14.4,14.8,430.0,6292.0,2.069,0.3945,102.0,0.0,0.0,1.0,1.0,6531.0,3.0,149.0,0.0,23.0,0.0,10.96,,
2004/07/01,15.0,15.0,14.8,15.0,253.0,3766.0,1.3514,0.2321,90.0,0.0,0.0,0.0,0.0,6542.0,53.0,40.0,0.0,33.0,10.0,11.11,,
2004/07/02,14.9,14.95,14.5,14.8,132.0,1939.0,-1.3333,0.1211,43.0,0.0,0.0,-1.0,-1.0,6525.0,36.0,53.0,10.0,23.0,0.0,10.96,,
2004/07/05,14.7,14.9,14.5,14.9,446.0,6544.0,0.6757,0.4092,80.0,0.0,0.0,0.0,0.0,6479.0,6.0,52.0,0.0,26.0,3.0,11.04,,
2004/07/06,14.7,15.0,14.7,15.0,339.0,5005.0,0.6711,0.311,80.0,0.0,0.0,1.0,1.0,6435.0,4.0,48.0,0.0,26.0,0.0,11.11,,
2004/07/07,14.9,15.0,14.6,15.0,525.0,7776.0,0.0,0.4817,112.0,0.0,0.0,-1.0,-1.0,6391.0,22.0,66.0,0.0,26.0,0.0,11.11,,
2004/07/08,15.0,15.0,14.7,14.95,347.0,5131.0,-0.3333,0.3183,77.0,0.0,0.0,0.0,0.0,5218.0,24.0,50.0,0.0,26.0,0.0,11.07,,
2004/07/09,14.85,15.1,14.75,15.0,351.0,5230.0,0.3344,0.322,94.0,0.0,0.0,0.0,0.0,5168.0,9.0,59.0,0.0,26.0,0.0,11.11,,
2004/07/12,15.1,15.2,14.9,15.2,341.0,5130.0,1.3333,0.3128,100.0,0.0,0.0,0.0,0.0,5012.0,8.0,110.0,3.0,23.0,0.0,11.26,,
2004/07/13,15.2,15.3,15.0,15.3,134.0,2030.0,0.6579,0.1229,56.0,0.0,0.0,0.0,0.0,4994.0,1.0,19.0,0.0,23.0,0.0,11.33,,
2004/07/14,15.3,15.6,15.3,15.4,374.0,5770.0,0.6536,0.3431,144.0,0.0,0.0,-1.0,-1.0,4947.0,33.0,75.0,0.0,36.0,13.0,11.41,,
2004/07/15,15.4,15.5,15.0,15.5,277.0,4242.0,0.6494,0.2541,86.0,0.0,0.0,0.0,0.0,4933.0,25.0,39.0,0.0,37.0,1.0,11.48,,
2004/07/16,15.2,15.4,15.1,15.4,225.0,3441.0,-0.6452,0.2064,81.0,2.0,0.0,0.0,2.0,4934.0,54.0,43.0,0.0,37.0,0.0,11.41,,
2004/07/19,15.4,15.4,15.1,15.2,460.0,7003.0,-1.2987,0.422,158.0,0.0,0.0,1.0,1.0,4842.0,15.0,104.0,0.0,37.0,0.0,11.26,,
2004/07/20,15.2,15.2,14.15,14.4,259.0,3802.0,-5.2632,0.2376,79.0,0.0,0.0,0.0,0.0,4785.0,26.0,83.0,11.0,26.0,0.0,10.67,,
2004/07/21,13.8,14.4,13.8,14.1,223.0,3149.0,-2.0833,0.2046,62.0,0.0,0.0,1.0,1.0,4786.0,54.0,43.0,0.0,26.0,0.0,10.44,,
2004/07/22,13.8,14.1,13.8,13.9,119.0,1661.0,-1.4184,0.1092,48.0,-2.0,0.0,0.0,-2.0,4756.0,35.0,65.0,0.0,26.0,0.0,10.3,,
2004/07/23,14.1,14.2,14.0,14.0,76.0,1072.0,0.7194,0.0697,36.0,1.0,0.0,-1.0,0.0,4750.0,19.0,20.0,3.0,23.0,0.0,10.37,,
2004/07/26,13.8,13.9,13.7,13.9,95.0,1310.0,-0.7143,0.0872,26.0,0.0,0.0,0.0,0.0,4792.0,54.0,12.0,2.0,21.0,0.0,10.3,,
2004/07/27,14.0,14.25,14.0,14.2,48.0,678.0,2.1583,0.044,30.0,0.0,0.0,2.0,2.0,4786.0,9.0,15.0,0.0,22.0,1.0,10.52,,
2004/07/28,14.25,14.25,13.95,14.1,24.0,337.0,-0.7042,0.022,17.0,0.0,0.0,1.0,1.0,4785.0,8.0,4.0,0.0,22.0,0.0,10.44,,
2004/07/29,14.2,14.2,13.95,14.1,47.0,661.0,0.0,0.0431,20.0,0.0,0.0,-1.0,-1.0,4400.0,5.0,11.0,0.0,22.0,0.0,10.44,,
2004/07/30,14.2,14.25,13.95,14.2,130.0,1842.0,0.7092,0.1193,38.0,0.0,0.0,0.0,0.0,4360.0,30.0,70.0,12.0,10.0,0.0,10.52,,
2004/08/02,14.0,14.1,13.8,14.05,51.0,710.0,-1.0563,0.0468,24.0,0.0,0.0,-2.0,-2.0,4370.0,15.0,5.0,0.0,10.0,0.0,10.41,,
2004/08/03,13.9,14.25,13.9,14.25,86.0,1214.0,1.4235,0.0789,32.0,0.0,0.0,0.0,0.0,4360.0,10.0,20.0,1.0,9.0,0.0,10.56,,
2004/08/04,14.0,14.0,13.5,13.8,150.0,2065.0,-3.1579,0.1376,68.0,0.0,0.0,0.0,0.0,4385.0,46.0,21.0,0.0,9.0,0.0,10.22,,
2004/08/05,13.7,14.05,13.7,14.0,64.0,885.0,1.4493,0.0587,41.0,0.0,0.0,0.0,0.0,4381.0,24.0,28.0,9.0,0.0,0.0,10.37,,
2004/08/06,13.9,14.4,13.9,14.1,94.0,1323.0,0.7143,0.0862,44.0,0.0,0.0,-1.0,-1.0,4396.0,33.0,8.0,0.0,0.0,0.0,10.44,,
2004/08/09,13.95,14.15,13.9,14.0,48.0,672.0,-0.7092,0.044,19.0,0.0,0.0,0.0,0.0,4383.0,14.0,22.0,0.0,0.0,0.0,10.37,,
2004/08/10,14.0,14.0,13.85,14.0,39.0,546.0,0.0,0.0358,19.0,0.0,0.0,0.0,0.0,4371.0,1.0,5.0,0.0,0.0,0.0,10.37,,
2004/08/11,14.0,14.3,14.0,14.0,61.0,854.0,0.0,0.056,22.0,0.0,0.0,0.0,0.0,4364.0,4.0,11.0,0.0,0.0,0.0,10.37,,
2004/08/12,13.95,14.15,13.95,14.1,8.0,119.0,0.7143,0.0073,6.0,0.0,0.0,0.0,0.0,4352.0,0.0,4.0,0.0,0.0,0.0,10.44,,
2004/08/13,13.8,14.2,13.8,14.2,35.0,492.0,0.7092,0.0321,24.0,0.0,0.0,0.0,0.0,4342.0,6.0,12.0,0.0,0.0,0.0,10.52,,
2004/08/16,14.2,14.2,14.0,14.0,61.0,860.0,-1.4085,0.056,30.0,0.0,0.0,0.0,0.0,4356.0,22.0,6.0,0.0,0.0,0.0,10.37,,
2004/08/17,14.2,14.2,13.9,13.9,53.0,751.0,-0.7143,0.0486,26.0,0.0,0.0,-1.0,-1.0,4330.0,4.0,30.0,0.0,0.0,0.0,10.3,,
2004/08/18,14.1,14.1,13.8,14.0,68.0,944.0,0.7194,0.0624,27.0,0.0,0.0,0.0,0.0,4318.0,23.0,35.0,0.0,0.0,0.0,10.37,,
2004/08/19,14.1,14.2,13.9,14.15,208.0,2931.0,1.0714,0.1908,86.0,0.0,0.0,0.0,0.0,4344.0,90.0,64.0,0.0,0.0,0.0,10.48,,
2004/08/20,14.2,14.2,14.0,14.0,178.0,2498.0,-1.0601,0.1633,76.0,0.0,0.0,0.0,0.0,4379.0,76.0,41.0,0.0,0.0,0.0,10.37,,
2004/08/23,14.0,14.2,14.0,14.2,301.0,4239.0,1.4286,0.2761,86.0,0.0,0.0,0.0,0.0,4362.0,75.0,79.0,0.0,0.0,0.0,10.52,,
2004/08/26,14.2,14.45,14.2,14.3,157.0,2255.0,0.7042,0.144,71.0,0.0,0.0,0.0,0.0,4365.0,76.0,68.0,0.0,0.0,0.0,10.59,,
2004/08/27,14.3,14.3,14.1,14.1,148.0,2111.0,-1.3986,0.1358,63.0,0.0,0.0,0.0,0.0,4373.0,65.0,54.0,0.0,0.0,0.0,10.44,,
2004/08/30,14.0,14.0,13.6,13.8,242.0,3350.0,-2.1277,0.222,88.0,0.0,0.0,0.0,0.0,4376.0,66.0,63.0,0.0,0.0,0.0,10.22,,
2004/08/31,13.8,14.0,13.8,13.9,71.0,996.0,0.7246,0.0651,42.0,0.0,0.0,0.0,0.0,4349.0,17.0,16.0,0.0,5.0,5.0,14.04,,
2004/09/01,13.9,14.1,13.85,14.0,127.0,1775.0,0.7194,0.1165,42.0,0.0,0.0,0.0,0.0,4344.0,56.0,59.0,5.0,0.0,0.0,14.14,,
2004/09/02,14.0,14.0,13.85,13.9,92.0,1281.0,-0.7143,0.0844,31.0,0.0,0.0,0.0,0.0,4362.0,52.0,33.0,0.0,0.0,0.0,14.04,,
2004/09/03,14.0,14.0,13.6,13.6,119.0,1646.0,-2.1583,0.1092,54.0,0.0,0.0,0.0,0.0,4322.0,31.0,70.0,0.0,0.0,0.0,13.74,,
2004/09/06,13.5,13.5,13.3,13.45,120.0,1609.0,-1.1029,0.1101,50.0,0.0,0.0,0.0,0.0,4321.0,13.0,14.0,0.0,0.0,0.0,13.59,,
2004/09/07,13.6,13.6,13.25,13.3,129.0,1726.0,-1.1152,0.1183,43.0,0.0,0.0,0.0,0.0,4319.0,35.0,37.0,0.0,0.0,0.0,13.43,,
2004/09/08,13.3,13.5,13.2,13.3,151.0,2009.0,0.0,0.1385,48.0,0.0,0.0,0.0,0.0,4349.0,79.0,39.0,0.0,6.0,6.0,13.43,,
2004/09/09,13.35,13.4,13.25,13.3,64.0,851.0,0.0,0.0587,25.0,0.0,0.0,0.0,0.0,4343.0,9.0,14.0,0.0,6.0,0.0,13.43,,
2004/09/10,13.35,13.45,13.25,13.3,96.0,1283.0,0.0,0.0881,40.0,0.0,0.0,0.0,0.0,4357.0,27.0,13.0,0.0,12.0,6.0,13.43,,
2004/09/13,13.25,13.5,13.25,13.4,105.0,1408.0,0.7519,0.0963,46.0,0.0,0.0,0.0,0.0,4337.0,30.0,50.0,9.0,3.0,0.0,13.54,,
2004/09/14,13.4,13.4,13.3,13.3,109.0,1451.0,-0.7463,0.1,34.0,0.0,0.0,0.0,0.0,4333.0,8.0,12.0,0.0,3.0,0.0,13.43,,
2004/09/15,13.3,13.5,13.25,13.45,88.0,1176.0,1.1278,0.0807,32.0,0.0,0.0,0.0,0.0,4335.0,7.0,5.0,0.0,43.0,40.0,13.59,,
2004/09/16,13.3,13.5,13.2,13.35,100.0,1339.0,-0.7435,0.0917,38.0,0.0,0.0,0.0,0.0,4310.0,8.0,18.0,3.0,40.0,0.0,13.48,,
2004/09/17,13.25,13.35,13.0,13.35,135.0,1776.0,0.0,0.1239,44.0,0.0,0.0,0.0,0.0,4319.0,39.0,22.0,0.0,40.0,0.0,13.48,,
2004/09/20,13.1,13.1,12.5,12.85,257.0,3319.0,-3.7453,0.2358,83.0,0.0,0.0,0.0,0.0,4303.0,38.0,53.0,0.0,40.0,0.0,12.98,,
2004/09/21,12.5,12.8,12.4,12.4,375.0,4710.0,-3.5019,0.344,106.0,0.0,0.0,0.0,0.0,4318.0,42.0,27.0,0.0,40.0,0.0,12.53,,
2004/09/22,12.4,12.6,12.4,12.55,63.0,802.0,1.2097,0.0578,32.0,0.0,0.0,0.0,0.0,4321.0,18.0,15.0,5.0,46.0,11.0,12.68,,
2004/09/23,12.5,12.9,12.45,12.9,52.0,658.0,2.7888,0.0477,26.0,0.0,0.0,0.0,0.0,4339.0,31.0,13.0,0.0,47.0,1.0,13.03,,
2004/09/24,12.85,12.85,12.65,12.8,42.0,539.0,-0.7752,0.0385,23.0,0.0,0.0,0.0,0.0,4324.0,20.0,14.0,0.0,47.0,0.0,12.93,,
2004/09/27,12.6,12.6,12.2,12.35,125.0,1551.0,-3.5156,0.1147,42.0,0.0,0.0,0.0,0.0,4320.0,12.0,13.0,2.0,45.0,0.0,12.47,,
2004/09/29,12.35,12.35,12.0,12.25,91.0,1113.0,-0.8097,0.0835,46.0,0.0,0.0,0.0,0.0,4300.0,21.0,41.0,0.0,47.0,2.0,12.37,,
2004/09/30,12.3,12.3,12.05,12.25,113.0,1379.0,0.0,0.1037,34.0,0.0,0.0,0.0,0.0,4295.0,5.0,10.0,10.0,37.0,0.0,12.37,,
2004/10/01,12.2,12.35,12.0,12.35,81.0,985.0,0.8163,0.0743,31.0,0.0,0.0,0.0,0.0,4301.0,40.0,15.0,2.0,35.0,0.0,12.47,,
2004/10/04,12.15,12.65,12.15,12.5,64.0,799.0,1.2146,0.0587,45.0,0.0,0.0,0.0,0.0,4294.0,12.0,18.0,20.0,15.0,0.0,12.63,,
2004/10/05,12.5,12.5,12.2,12.3,111.0,1372.0,-1.6,0.1018,33.0,43.0,0.0,0.0,43.0,4293.0,10.0,11.0,5.0,10.0,0.0,12.42,,
2004/10/06,12.3,12.35,12.2,12.35,88.0,1090.0,0.4065,0.0807,46.0,0.0,0.0,0.0,0.0,4296.0,13.0,7.0,0.0,10.0,0.0,12.47,,
2004/10/07,12.7,12.7,12.35,12.35,48.0,598.0,0.0,0.044,24.0,0.0,0.0,0.0,0.0,4279.0,10.0,17.0,0.0,10.0,0.0,12.47,,
2004/10/08,12.3,12.4,12.3,12.3,70.0,869.0,-0.4049,0.0642,30.0,0.0,0.0,0.0,0.0,4287.0,33.0,25.0,0.0,10.0,0.0,12.42,,
2004/10/11,12.2,12.45,12.1,12.1,98.0,1205.0,-1.626,0.0899,31.0,0.0,0.0,0.0,0.0,4293.0,53.0,47.0,0.0,10.0,0.0,12.22,,
2004/10/12,12.2,12.2,12.0,12.05,71.0,856.0,-0.4132,0.0651,36.0,0.0,0.0,0.0,0.0,4290.0,17.0,20.0,0.0,10.0,0.0,12.17,,
2004/10/13,12.05,12.3,12.05,12.1,111.0,1349.0,0.4149,0.1018,62.0,37.0,0.0,0.0,37.0,4290.0,21.0,21.0,10.0,0.0,0.0,12.22,,
2004/10/14,12.1,12.2,12.1,12.2,89.0,1090.0,0.8264,0.0817,33.0,0.0,0.0,0.0,0.0,4277.0,12.0,25.0,0.0,0.0,0.0,12.32,,
2004/10/15,12.05,12.3,12.0,12.15,37.0,449.0,-0.4098,0.0339,25.0,0.0,0.0,0.0,0.0,4276.0,14.0,15.0,0.0,0.0,0.0,12.27,,
2004/10/18,12.1,12.1,12.0,12.0,15.0,187.0,-1.2346,0.0138,13.0,0.0,0.0,0.0,0.0,4281.0,12.0,6.0,0.0,0.0,0.0,12.12,,
2004/10/19,12.05,12.2,11.95,12.2,114.0,1371.0,1.6667,0.1046,32.0,0.0,0.0,0.0,0.0,4275.0,10.0,4.0,0.0,0.0,0.0,12.32,,
2004/10/20,12.1,12.15,12.05,12.05,31.0,378.0,-1.2295,0.0284,15.0,0.0,0.0,0.0,0.0,4274.0,5.0,6.0,0.0,0.0,0.0,12.17,,
2004/10/21,12.0,12.15,11.9,12.0,68.0,817.0,-0.4149,0.0624,34.0,-12.0,0.0,0.0,-12.0,4262.0,17.0,27.0,0.0,0.0,0.0,12.12,,
2004/10/22,12.0,12.15,12.0,12.1,132.0,1588.0,0.8333,0.1211,35.0,0.0,0.0,0.0,0.0,4225.0,37.0,74.0,0.0,0.0,0.0,12.22,,
2004/10/26,12.0,12.4,12.0,12.0,251.0,3046.0,-0.8264,0.2303,101.0,0.0,0.0,0.0,0.0,4204.0,120.0,141.0,0.0,0.0,0.0,12.12,,
2004/10/27,12.0,12.1,11.8,11.9,89.0,1068.0,-0.8333,0.0817,34.0,0.0,0.0,0.0,0.0,4194.0,19.0,29.0,0.0,0.0,0.0,12.02,,
2004/10/28,12.2,12.2,11.95,11.95,71.0,854.0,0.4202,0.0651,41.0,0.0,0.0,0.0,0.0,4199.0,41.0,24.0,0.0,0.0,0.0,12.07,,
2004/10/29,12.0,12.0,11.9,12.0,88.0,1054.0,0.4184,0.0807,24.0,0.0,0.0,0.0,0.0,4190.0,1.0,9.0,0.0,0.0,0.0,10.62,,
2004/11/01,11.95,12.1,11.8,11.95,111.0,1327.0,-0.4167,0.1018,36.0,0.0,0.0,0.0,0.0,4135.0,33.0,14.0,0.0,0.0,0.0,10.58,,
2004/11/02,11.65,12.0,11.65,11.95,119.0,1408.0,0.0,0.1092,30.0,0.0,0.0,0.0,0.0,4115.0,15.0,31.0,0.0,0.0,0.0,10.58,,
2004/11/03,11.7,12.45,11.7,12.35,168.0,2060.0,3.3473,0.1541,72.0,0.0,0.0,0.0,0.0,4101.0,41.0,55.0,0.0,0.0,0.0,10.93,,
2004/11/04,12.1,12.5,12.1,12.1,102.0,1256.0,-2.0243,0.0936,53.0,-25.0,0.0,0.0,-25.0,4117.0,40.0,24.0,0.0,0.0,0.0,10.71,,
2004/11/05,12.2,12.25,12.15,12.15,60.0,733.0,0.4132,0.055,26.0,0.0,0.0,0.0,0.0,4093.0,8.0,32.0,0.0,0.0,0.0,10.75,,
2004/11/08,12.25,12.25,12.1,12.15,32.0,388.0,0.0,0.0294,15.0,0.0,0.0,0.0,0.0,4091.0,10.0,2.0,0.0,0.0,0.0,10.75,,
2004/11/09,12.15,12.15,12.0,12.0,46.0,555.0,-1.2346,0.0422,20.0,0.0,0.0,0.0,0.0,4087.0,6.0,8.0,0.0,0.0,0.0,10.62,,
2004/11/10,12.0,12.25,12.0,12.25,70.0,850.0,2.0833,0.0642,25.0,0.0,0.0,0.0,0.0,4100.0,46.0,33.0,0.0,0.0,0.0,10.84,,
2004/11/11,12.25,12.25,12.1,12.25,128.0,1563.0,0.0,0.1174,16.0,0.0,0.0,0.0,0.0,4096.0,103.0,107.0,0.0,0.0,0.0,10.84,,
2004/11/12,12.3,12.4,12.2,12.2,68.0,841.0,-0.4082,0.0624,39.0,0.0,0.0,0.0,0.0,4090.0,22.0,28.0,0.0,0.0,0.0,10.8,,
2004/11/15,12.4,12.4,12.2,12.3,27.0,337.0,0.8197,0.0248,20.0,0.0,0.0,0.0,0.0,4081.0,6.0,13.0,0.0,0.0,0.0,10.88,,
2004/11/16,12.3,12.4,12.1,12.1,42.0,513.0,-1.626,0.0385,22.0,0.0,0.0,0.0,0.0,4076.0,20.0,23.0,0.0,0.0,0.0,10.71,,
2004/11/17,12.0,12.4,12.0,12.3,117.0,1437.0,1.6529,0.1073,45.0,0.0,0.0,0.0,0.0,4046.0,37.0,24.0,0.0,0.0,0.0,10.88,,
2004/11/18,12.3,12.55,12.25,12.45,153.0,1909.0,1.2195,0.1404,54.0,0.0,0.0,0.0,0.0,4054.0,56.0,48.0,0.0,0.0,0.0,11.02,,
2004/11/19,12.5,13.25,12.4,13.15,441.0,5727.0,5.6225,0.4046,185.0,0.0,0.0,0.0,0.0,4240.0,280.0,84.0,0.0,0.0,0.0,11.64,,
2004/11/22,12.95,13.05,12.6,13.05,295.0,3781.0,-0.7605,0.2706,106.0,0.0,0.0,0.0,0.0,4227.0,154.0,132.0,0.0,0.0,0.0,11.55,,
2004/11/23,13.0,13.0,12.65,12.7,140.0,1789.0,-2.682,0.1284,50.0,0.0,0.0,0.0,0.0,4266.0,75.0,36.0,0.0,0.0,0.0,11.24,,
2004/11/24,12.7,12.9,12.65,12.9,134.0,1707.0,1.5748,0.1229,52.0,0.0,0.0,0.0,0.0,4268.0,54.0,52.0,0.0,0.0,0.0,11.42,,
2004/11/25,12.7,12.7,12.4,12.4,47.0,590.0,-3.876,0.0431,17.0,0.0,0.0,0.0,0.0,4261.0,6.0,13.0,0.0,0.0,0.0,10.97,,
2004/11/26,12.4,12.7,12.2,12.2,124.0,1555.0,-1.6129,0.1138,44.0,0.0,0.0,0.0,0.0,4247.0,37.0,51.0,0.0,0.0,0.0,10.8,,
2004/11/29,12.6,12.6,12.2,12.6,75.0,944.0,3.2787,0.0688,38.0,0.0,0.0,0.0,0.0,4245.0,25.0,17.0,0.0,0.0,0.0,11.15,,
2004/11/30,12.25,12.45,12.2,12.25,44.0,545.0,-2.7778,0.0404,21.0,0.0,0.0,0.0,0.0,4233.0,24.0,16.0,0.0,0.0,0.0,10.84,,
2004/12/01,12.25,12.25,12.2,12.2,42.0,517.0,-0.4082,0.0385,26.0,0.0,0.0,0.0,0.0,4260.0,29.0,2.0,0.0,0.0,0.0,10.8,,
2004/12/02,12.2,12.4,12.15,12.25,134.0,1646.0,0.4098,0.1229,45.0,0.0,0.0,0.0,0.0,4283.0,36.0,12.0,0.0,0.0,0.0,10.84,,
2004/12/03,12.2,12.2,12.1,12.15,36.0,436.0,-0.8163,0.033,20.0,0.0,0.0,0.0,0.0,4293.0,27.0,15.0,0.0,0.0,0.0,10.75,,
2004/12/06,12.1,12.15,12.05,12.1,49.0,597.0,-0.4115,0.045,24.0,0.0,0.0,0.0,0.0,4278.0,14.0,16.0,0.0,0.0,0.0,10.71,,
2004/12/07,12.05,12.1,12.0,12.05,105.0,1268.0,-0.4132,0.0963,37.0,0.0,0.0,0.0,0.0,4276.0,34.0,26.0,0.0,0.0,0.0,10.66,,
2004/12/08,12.1,12.25,12.0,12.0,61.0,745.0,-0.4149,0.056,34.0,0.0,0.0,0.0,0.0,4278.0,23.0,12.0,0.0,0.0,0.0,10.62,,
2004/12/09,12.2,12.25,12.2,12.2,54.0,661.0,1.6667,0.0495,23.0,0.0,0.0,0.0,0.0,4309.0,47.0,13.0,0.0,0.0,0.0,10.8,,
2004/12/10,12.2,12.2,12.0,12.0,53.0,641.0,-1.6393,0.0486,28.0,0.0,0.0,0.0,0.0,4314.0,24.0,19.0,0.0,0.0,0.0,10.62,,
2004/12/13,12.2,12.2,12.0,12.0,123.0,1490.0,0.0,0.1128,41.0,0.0,0.0,0.0,0.0,4280.0,47.0,72.0,0.0,0.0,0.0,10.62,,
2004/12/14,12.2,12.2,12.15,12.2,30.0,365.0,1.6667,0.0275,20.0,0.0,0.0,0.0,0.0,4275.0,9.0,13.0,0.0,0.0,0.0,10.8,,
2004/12/15,12.4,12.7,12.1,12.4,204.0,2534.0,1.6393,0.1872,85.0,0.0,0.0,0.0,0.0,4252.0,52.0,75.0,0.0,0.0,0.0,10.97,,
2004/12/16,12.6,12.6,12.4,12.55,230.0,2880.0,1.2097,0.211,61.0,0.0,0.0,0.0,0.0,4198.0,54.0,108.0,0.0,0.0,0.0,11.11,,
2004/12/17,12.55,12.6,12.3,12.3,144.0,1789.0,-1.992,0.1321,52.0,0.0,0.0,0.0,0.0,4229.0,57.0,23.0,0.0,0.0,0.0,10.88,,
2004/12/20,12.15,12.2,12.15,12.15,43.0,524.0,-1.2195,0.0394,25.0,0.0,0.0,0.0,0.0,4216.0,17.0,30.0,0.0,0.0,0.0,10.75,,
2004/12/21,12.15,12.2,12.1,12.2,90.0,1099.0,0.4115,0.0826,34.0,0.0,0.0,0.0,0.0,4187.0,15.0,44.0,0.0,0.0,0.0,10.8,,
2004/12/22,12.3,12.3,12.15,12.15,120.0,1464.0,-0.4098,0.1101,41.0,0.0,0.0,0.0,0.0,4165.0,32.0,54.0,0.0,0.0,0.0,10.75,,
2004/12/23,12.2,12.25,12.05,12.1,64.0,777.0,-0.4115,0.0587,33.0,0.0,0.0,0.0,0.0,4164.0,21.0,22.0,0.0,0.0,0.0,10.71,,
2004/12/24,12.1,12.2,12.05,12.2,76.0,920.0,0.8264,0.0697,25.0,0.0,0.0,0.0,0.0,4148.0,11.0,27.0,0.0,0.0,0.0,10.8,,
2004/12/27,12.1,12.1,11.8,12.0,79.0,952.0,-1.6393,0.0725,37.0,0.0,0.0,0.0,0.0,4107.0,15.0,56.0,0.0,0.0,0.0,10.62,,
2004/12/28,11.9,12.0,11.9,12.0,57.0,682.0,0.0,0.0523,21.0,0.0,0.0,0.0,0.0,4088.0,14.0,4.0,0.0,0.0,0.0,10.62,,
2004/12/29,12.3,12.3,12.0,12.05,77.0,930.0,0.4167,0.0706,44.0,0.0,0.0,0.0,0.0,4056.0,7.0,39.0,0.0,0.0,0.0,10.66,,
2004/12/30,12.2,12.2,11.8,12.0,68.0,816.0,-0.4149,0.0624,37.0,0.0,0.0,0.0,0.0,4070.0,34.0,20.0,0.0,0.0,0.0,10.62,,
2004/12/31,12.0,12.5,11.85,12.5,99.0,1210.0,4.1667,0.0908,60.0,0.0,0.0,0.0,0.0,4055.0,27.0,42.0,0.0,0.0,0.0,11.06,,
2005/01/03,12.05,12.35,12.05,12.2,86.0,1049.0,-2.4,0.0789,34.0,0.0,0.0,0.0,0.0,4039.0,18.0,24.0,0.0,0.0,0.0,10.8,,
2005/01/04,12.2,12.2,12.0,12.1,61.0,741.0,-0.8197,0.056,29.0,0.0,0.0,0.0,0.0,4076.0,51.0,14.0,0.0,0.0,0.0,10.71,,
2005/01/05,11.9,12.0,11.9,12.0,84.0,1013.0,-0.8264,0.0771,34.0,0.0,0.0,0.0,0.0,4033.0,3.0,40.0,0.0,0.0,0.0,10.62,,
2005/01/06,11.9,12.15,11.9,11.9,74.0,886.0,-0.8333,0.0679,29.0,0.0,0.0,0.0,0.0,4020.0,26.0,30.0,0.0,0.0,0.0,10.53,,
2005/01/07,11.95,11.95,11.8,11.8,109.0,1290.0,-0.8403,0.1,43.0,0.0,0.0,0.0,0.0,3992.0,35.0,63.0,0.0,0.0,0.0,10.44,,
2005/01/10,11.8,11.8,11.6,11.7,74.0,860.0,-0.8475,0.0679,29.0,0.0,0.0,0.0,0.0,3980.0,5.0,16.0,0.0,0.0,0.0,10.35,,
2005/01/11,11.6,11.7,11.5,11.6,73.0,848.0,-0.8547,0.067,36.0,0.0,0.0,4.0,4.0,3983.0,7.0,3.0,0.0,0.0,0.0,10.27,,
2005/01/12,11.55,11.55,11.3,11.3,127.0,1449.0,-2.5862,0.1165,38.0,0.0,0.0,0.0,0.0,3994.0,18.0,7.0,0.0,0.0,0.0,10.0,,
2005/01/13,11.4,11.4,11.0,11.0,118.0,1313.0,-2.6549,0.1083,38.0,0.0,0.0,0.0,0.0,3956.0,7.0,40.0,0.0,0.0,0.0,9.73,,
2005/01/14,11.0,11.3,11.0,11.3,35.0,387.0,2.7273,0.0321,12.0,0.0,0.0,0.0,0.0,3964.0,12.0,4.0,0.0,0.0,0.0,10.0,,
2005/01/17,11.2,11.3,11.1,11.25,34.0,384.0,-0.4425,0.0312,20.0,0.0,0.0,0.0,0.0,3960.0,13.0,1.0,0.0,0.0,0.0,9.96,,
2005/01/18,11.4,11.4,11.15,11.15,17.0,191.0,-0.8889,0.0156,10.0,0.0,0.0,0.0,0.0,3738.0,5.0,1.0,0.0,0.0,0.0,9.87,,
2005/01/19,11.15,11.2,11.05,11.2,44.0,496.0,0.4484,0.0404,21.0,0.0,0.0,0.0,0.0,3710.0,11.0,4.0,0.0,0.0,0.0,9.91,,
2005/01/20,10.5,11.0,10.5,10.9,187.0,2012.0,-2.6786,0.1716,65.0,0.0,0.0,0.0,0.0,3658.0,54.0,81.0,0.0,0.0,0.0,9.65,,
2005/01/21,10.9,11.2,10.8,11.2,32.0,350.0,2.7523,0.0294,17.0,0.0,0.0,0.0,0.0,3649.0,2.0,11.0,0.0,0.0,0.0,9.91,,
2005/01/24,11.05,11.1,10.85,10.85,50.0,549.0,-3.125,0.0459,18.0,0.0,0.0,0.0,0.0,3624.0,12.0,31.0,0.0,0.0,0.0,9.6,,
2005/01/25,10.9,10.9,10.55,10.6,84.0,893.0,-2.3041,0.0771,32.0,0.0,0.0,0.0,0.0,3590.0,8.0,42.0,0.0,0.0,0.0,9.38,,
2005/01/26,10.6,10.7,10.5,10.6,144.0,1525.0,0.0,0.1321,48.0,0.0,0.0,0.0,0.0,3609.0,36.0,17.0,0.0,0.0,0.0,9.38,,
2005/01/27,10.65,10.65,10.15,10.4,142.0,1473.0,-1.8868,0.1303,57.0,0.0,0.0,0.0,0.0,3572.0,12.0,49.0,0.0,0.0,0.0,9.2,,
2005/01/28,10.35,10.9,10.35,10.8,124.0,1324.0,3.8462,0.1138,60.0,0.0,0.0,0.0,0.0,3571.0,30.0,27.0,0.0,0.0,0.0,9.56,,
2005/01/31,10.8,11.2,10.8,10.95,420.0,4646.0,1.3889,0.3853,87.0,0.0,0.0,-1.0,-1.0,3657.0,112.0,26.0,0.0,0.0,0.0,9.69,,
2005/02/01,11.1,11.2,11.0,11.1,112.0,1245.0,1.3699,0.1028,42.0,0.0,0.0,-1.0,-1.0,3629.0,3.0,25.0,0.0,0.0,0.0,9.82,,
2005/02/02,11.2,11.2,10.8,11.15,134.0,1495.0,0.4505,0.1229,60.0,0.0,0.0,0.0,0.0,3601.0,27.0,53.0,0.0,0.0,0.0,9.87,,
2005/02/03,11.15,11.15,10.95,11.05,123.0,1358.0,-0.8969,0.1128,33.0,0.0,0.0,0.0,0.0,3563.0,17.0,49.0,0.0,0.0,0.0,9.78,,
2005/02/14,11.8,11.8,11.8,11.8,124.0,1463.0,6.7873,0.1138,34.0,0.0,0.0,0.0,0.0,3540.0,8.0,23.0,0.0,0.0,0.0,10.44,,
2005/02/15,12.6,12.6,12.6,12.6,484.0,6104.0,6.7797,0.444,189.0,0.0,0.0,0.0,0.0,3677.0,222.0,83.0,0.0,2.0,2.0,11.15,,
2005/02/16,13.2,13.45,12.95,13.45,3219.0,42591.0,6.746,2.9532,825.0,0.0,0.0,0.0,0.0,4554.0,1614.0,728.0,0.0,20.0,18.0,11.9,,
2005/02/17,13.8,14.2,13.45,13.8,2083.0,28947.0,2.6022,1.911,659.0,0.0,0.0,2.0,2.0,4768.0,790.0,576.0,1.0,37.0,19.0,12.21,,
2005/02/18,13.8,14.75,13.5,14.4,2177.0,30918.0,4.3478,1.9972,596.0,0.0,0.0,0.0,0.0,5000.0,827.0,595.0,14.0,48.0,25.0,12.74,,
2005/02/21,14.4,14.7,14.1,14.15,1369.0,19644.0,-1.7361,1.256,359.0,0.0,0.0,0.0,0.0,4987.0,624.0,626.0,20.0,28.0,0.0,12.52,,
2005/02/22,14.2,14.5,14.0,14.25,906.0,12890.0,0.7067,0.8312,264.0,0.0,0.0,-2.0,-2.0,5161.0,450.0,276.0,3.0,34.0,10.0,12.61,,
2005/02/23,14.25,15.2,14.0,15.2,1781.0,26455.0,6.6667,1.6339,424.0,0.0,0.0,-1.0,-1.0,6151.0,1322.0,332.0,0.0,98.0,64.0,13.45,,
2005/02/24,15.8,16.0,14.65,14.65,2352.0,36699.0,-3.6184,2.1578,736.0,0.0,0.0,-1.0,-1.0,5849.0,1095.0,1396.0,54.0,50.0,6.0,12.96,,
2005/02/25,14.8,15.6,14.75,15.1,1955.0,29925.0,3.0717,1.7936,557.0,0.0,0.0,0.0,0.0,5972.0,672.0,544.0,1.0,93.0,44.0,13.36,,
2005/03/01,14.9,15.1,14.4,15.05,932.0,13757.0,-0.3311,0.855,262.0,0.0,0.0,0.0,0.0,5755.0,255.0,469.0,40.0,53.0,0.0,13.32,,
2005/03/02,15.0,15.4,14.8,14.9,483.0,7285.0,-0.9967,0.4431,184.0,0.0,0.0,0.0,0.0,5788.0,269.0,211.0,4.0,54.0,6.0,13.19,,
2005/03/03,15.05,15.45,14.8,15.25,877.0,13320.0,2.349,0.8046,284.0,0.0,0.0,0.0,0.0,5988.0,568.0,347.0,1.0,65.0,12.0,13.5,,
2005/03/04,15.35,16.3,15.35,16.3,1918.0,30928.0,6.8852,1.7596,520.0,0.0,0.0,0.0,0.0,6450.0,966.0,499.0,0.0,142.0,77.0,14.42,,
2005/03/07,17.0,17.4,17.0,17.4,1348.0,23213.0,6.7485,1.2366,297.0,0.0,0.0,0.0,0.0,6911.0,760.0,299.0,5.0,218.0,81.0,15.4,,
2005/03/08,18.6,18.6,18.25,18.6,5097.0,94657.0,6.8966,4.6756,983.0,0.0,0.0,0.0,0.0,7083.0,2089.0,1907.0,16.0,369.0,177.0,16.46,,
2005/03/09,18.5,19.5,18.25,18.6,6962.0,131390.0,0.0,6.3865,1773.0,0.0,50.0,335.0,385.0,6999.0,2438.0,2512.0,121.0,394.0,157.0,16.46,,
2005/03/10,18.3,19.1,18.25,18.55,3949.0,73627.0,-0.2688,3.6225,989.0,0.0,0.0,15.0,15.0,7083.0,1846.0,1762.0,82.0,312.0,3.0,16.42,,
2005/03/11,18.7,19.2,18.35,18.55,2251.0,42200.0,0.0,2.0649,699.0,0.0,0.0,-20.0,-20.0,7360.0,1124.0,847.0,42.0,284.0,14.0,16.42,,
2005/03/14,18.2,19.8,18.1,18.65,4544.0,87675.0,0.5391,4.1683,1234.0,1.0,0.0,200.0,201.0,7674.0,2394.0,2080.0,115.0,244.0,78.0,16.5,,
2005/03/15,18.7,19.3,17.35,17.35,2061.0,37421.0,-6.9705,1.8906,622.0,0.0,0.0,0.0,0.0,7179.0,938.0,1347.0,54.0,246.0,67.0,15.35,,
2005/03/16,16.6,17.0,16.15,16.15,2845.0,46369.0,-6.9164,2.6098,706.0,-1.0,-50.0,-530.0,-581.0,7310.0,1575.0,1441.0,99.0,145.0,0.0,14.29,,
2005/03/17,15.5,16.4,15.5,15.7,1014.0,16171.0,-2.7864,0.9302,382.0,-37.0,0.0,0.0,-37.0,7266.0,466.0,360.0,9.0,144.0,21.0,13.89,,
2005/03/18,15.85,16.4,15.75,16.2,1425.0,22955.0,3.1847,1.3072,409.0,0.0,0.0,0.0,0.0,7409.0,674.0,525.0,14.0,258.0,128.0,14.34,,
2005/03/21,16.35,17.15,16.3,16.8,3338.0,56183.0,3.7037,3.062,642.0,0.0,0.0,0.0,0.0,7867.0,1203.0,745.0,5.0,289.0,56.0,14.87,,
2005/03/22,16.65,16.85,16.0,16.1,1074.0,17612.0,-4.1667,0.9852,346.0,0.0,0.0,0.0,0.0,7773.0,542.0,636.0,82.0,207.0,0.0,14.25,,
2005/03/23,16.0,16.4,15.6,16.2,961.0,15398.0,0.6211,0.8816,334.0,0.0,0.0,0.0,0.0,7740.0,497.0,480.0,43.0,175.0,11.0,14.34,,
2005/03/24,16.4,16.65,16.15,16.15,960.0,15751.0,-0.3086,0.8806,321.0,0.0,0.0,0.0,0.0,7698.0,491.0,533.0,7.0,171.0,3.0,14.29,,
2005/03/25,16.5,16.55,16.1,16.25,522.0,8514.0,0.6192,0.4788,168.0,0.0,0.0,0.0,0.0,7732.0,279.0,245.0,6.0,169.0,4.0,14.38,,
2005/03/28,16.35,16.5,15.8,15.8,501.0,8113.0,-2.7692,0.4596,214.0,0.0,0.0,0.0,0.0,7824.0,251.0,159.0,34.0,136.0,1.0,13.98,,
2005/03/29,15.8,15.85,14.8,14.85,967.0,14884.0,-6.0127,0.8871,315.0,0.0,0.0,0.0,0.0,7819.0,564.0,569.0,25.0,111.0,0.0,13.14,,
2005/03/30,14.8,15.85,14.8,15.6,2785.0,43494.0,5.0505,2.5548,696.0,0.0,0.0,0.0,0.0,7786.0,691.0,704.0,19.0,203.0,111.0,13.81,,
2005/03/31,15.8,15.85,15.25,15.5,876.0,13710.0,-0.641,0.8031,280.0,0.0,0.0,0.0,0.0,7890.0,401.0,297.0,42.0,165.0,4.0,38.75,,
2005/04/01,15.5,15.55,14.85,15.0,937.0,14120.0,-3.2258,0.859,279.0,0.0,0.0,0.0,0.0,7814.0,422.0,498.0,71.0,94.0,0.0,37.5,,
2005/04/04,15.0,15.6,15.0,15.2,730.0,11092.0,1.3333,0.6692,262.0,0.0,0.0,0.0,0.0,7759.0,292.0,341.0,20.0,74.0,6.0,38.0,,
2005/04/06,15.2,15.3,14.8,14.8,487.0,7299.0,-2.6316,0.4465,176.0,0.0,0.0,0.0,0.0,7713.0,224.0,270.0,49.0,25.0,0.0,37.0,,
2005/04/07,14.9,15.1,14.4,14.5,637.0,9354.0,-2.027,0.584,203.0,0.0,0.0,0.0,0.0,7730.0,337.0,316.0,25.0,0.0,0.0,36.25,,
2005/04/08,14.6,14.8,14.35,14.75,273.0,3980.0,1.7241,0.2503,101.0,0.0,0.0,0.0,0.0,7680.0,0.0,50.0,0.0,0.0,0.0,36.88,,
2005/04/11,14.75,15.0,14.6,14.95,344.0,5101.0,1.3559,0.3154,105.0,0.0,0.0,0.0,0.0,7517.0,0.0,162.0,0.0,0.0,0.0,37.38,,
2005/04/12,15.0,15.05,14.65,14.9,241.0,3573.0,-0.3344,0.2209,75.0,0.0,0.0,0.0,0.0,7456.0,0.0,58.0,0.0,0.0,0.0,37.25,,
2005/04/13,15.0,15.9,15.0,15.9,2096.0,32766.0,6.7114,1.9216,754.0,0.0,0.0,0.0,0.0,7663.0,787.0,580.0,0.0,10.0,10.0,39.75,,
2005/04/14,15.9,16.9,15.9,16.55,3535.0,58155.0,4.0881,3.2408,1210.0,0.0,0.0,0.0,0.0,7918.0,1373.0,1116.0,1.0,103.0,94.0,41.38,,
2005/04/15,16.5,16.5,16.05,16.15,895.0,14562.0,-2.4169,0.8205,320.0,0.0,0.0,0.0,0.0,7933.0,469.0,444.0,68.0,35.0,0.0,40.38,,
2005/04/18,15.9,15.95,15.05,15.05,690.0,10562.0,-6.8111,0.6326,233.0,0.0,0.0,0.0,0.0,7787.0,325.0,461.0,17.0,18.0,0.0,37.63,,
2005/04/19,15.05,15.2,14.6,15.2,856.0,12740.0,0.9967,0.7848,319.0,0.0,0.0,0.0,0.0,7742.0,330.0,373.0,5.0,17.0,4.0,38.0,,
2005/04/20,15.45,15.45,14.3,14.3,631.0,9301.0,-5.9211,0.5785,249.0,0.0,0.0,0.0,0.0,7793.0,387.0,336.0,9.0,35.0,27.0,35.75,,
2005/04/21,14.05,14.7,13.9,14.1,528.0,7581.0,-1.3986,0.4841,203.0,0.0,0.0,0.0,0.0,7851.0,212.0,154.0,5.0,94.0,64.0,35.25,,
2005/04/22,14.4,14.65,14.2,14.2,456.0,6592.0,0.7092,0.418,173.0,0.0,0.0,0.0,0.0,7832.0,255.0,249.0,2.0,118.0,26.0,35.5,,
2005/04/25,14.6,14.6,14.0,14.0,256.0,3637.0,-1.4085,0.2347,95.0,0.0,0.0,0.0,0.0,7854.0,110.0,87.0,20.0,106.0,8.0,35.0,,
2005/04/26,14.2,14.3,14.1,14.3,267.0,3790.0,2.1429,0.2448,112.0,-6.0,0.0,0.0,-6.0,7895.0,111.0,69.0,11.0,118.0,23.0,35.75,,
2005/04/27,14.2,14.35,14.0,14.05,182.0,2572.0,-1.7483,0.1669,77.0,0.0,0.0,0.0,0.0,7955.0,110.0,50.0,0.0,118.0,0.0,35.13,,
2005/04/28,13.9,14.3,13.9,14.05,550.0,7756.0,0.0,0.5042,108.0,0.0,0.0,0.0,0.0,7907.0,179.0,225.0,49.0,69.0,0.0,35.13,,
2005/04/29,14.05,14.15,13.7,13.85,400.0,5596.0,-1.4235,0.3667,106.0,0.0,0.0,0.0,0.0,8014.0,233.0,97.0,50.0,20.0,1.0,21.98,,
2005/05/03,14.0,14.8,14.0,14.35,760.0,11065.0,3.6101,0.6967,255.0,0.0,0.0,0.0,0.0,8173.0,473.0,314.0,2.0,28.0,10.0,22.78,,
2005/05/04,14.75,14.75,14.2,14.4,390.0,5641.0,0.3484,0.3575,160.0,0.0,0.0,0.0,0.0,8231.0,271.0,213.0,0.0,31.0,3.0,22.86,,
2005/05/05,14.6,15.15,14.6,14.9,739.0,10968.0,3.4722,0.6775,240.0,0.0,0.0,0.0,0.0,8239.0,355.0,347.0,10.0,22.0,1.0,23.65,,
2005/05/06,14.9,15.3,14.75,14.95,451.0,6791.0,0.3356,0.4135,163.0,0.0,0.0,0.0,0.0,8281.0,235.0,199.0,0.0,23.0,1.0,23.73,,
2005/05/09,15.05,15.4,15.0,15.1,360.0,5475.0,1.0033,0.33,150.0,0.0,0.0,0.0,0.0,8236.0,153.0,198.0,0.0,23.0,0.0,23.97,,
2005/05/10,15.4,15.5,15.05,15.05,505.0,7744.0,-0.3311,0.463,223.0,0.0,0.0,0.0,0.0,8244.0,238.0,230.0,0.0,25.0,2.0,23.89,,
2005/05/11,15.0,15.0,14.6,14.65,333.0,4914.0,-2.6578,0.3053,122.0,0.0,0.0,0.0,0.0,8203.0,138.0,179.0,1.0,24.0,0.0,23.25,,
2005/05/12,14.65,14.85,14.5,14.85,216.0,3161.0,1.3652,0.198,80.0,0.0,0.0,0.0,0.0,8238.0,101.0,66.0,0.0,24.0,0.0,23.57,,
2005/05/13,14.8,15.4,14.8,15.2,586.0,8907.0,2.3569,0.5372,199.0,0.0,0.0,0.0,0.0,8286.0,340.0,292.0,8.0,16.0,0.0,24.13,,
2005/05/16,15.4,15.45,15.15,15.2,468.0,7152.0,0.0,0.4291,158.0,0.0,0.0,0.0,0.0,8270.0,238.0,254.0,0.0,20.0,4.0,24.13,,
2005/05/17,15.35,15.35,15.05,15.05,127.0,1937.0,-0.9868,0.1164,68.0,0.0,0.0,0.0,0.0,8295.0,79.0,54.0,0.0,20.0,0.0,23.89,,
2005/05/18,15.25,15.25,14.75,14.85,178.0,2665.0,-1.3289,0.1632,81.0,0.0,0.0,0.0,0.0,8296.0,71.0,70.0,1.0,19.0,0.0,23.57,,
2005/05/19,15.1,15.15,15.0,15.0,176.0,2650.0,1.0101,0.1614,80.0,0.0,0.0,0.0,0.0,8313.0,79.0,62.0,3.0,16.0,0.0,23.81,,
2005/05/20,15.05,15.65,15.05,15.3,468.0,7182.0,2.0,0.4291,187.0,0.0,0.0,0.0,0.0,8490.0,331.0,154.0,0.0,16.0,0.0,24.29,,
2005/05/23,15.35,16.35,15.3,16.35,2014.0,32297.0,6.8627,1.8464,664.0,0.0,0.0,0.0,0.0,8681.0,1025.0,834.0,0.0,50.0,34.0,25.95,,
2005/05/24,16.5,17.05,16.05,16.1,2386.0,39656.0,-1.5291,2.1874,782.0,0.0,0.0,0.0,0.0,8979.0,1334.0,1036.0,6.0,55.0,11.0,25.56,,
2005/05/25,16.3,16.45,15.55,15.55,1034.0,16535.0,-3.4161,0.9479,374.0,0.0,0.0,0.0,0.0,8903.0,544.0,620.0,7.0,49.0,1.0,24.68,,
2005/05/26,15.65,15.8,15.3,15.75,655.0,10242.0,1.2862,0.6005,240.0,0.0,0.0,0.0,0.0,8940.0,306.0,269.0,4.0,65.0,20.0,25.0,,
2005/05/27,16.0,16.7,15.9,16.3,1543.0,25276.0,3.4921,1.4146,509.0,3.0,0.0,0.0,3.0,9112.0,717.0,545.0,4.0,78.0,17.0,25.87,,
2005/05/30,16.5,16.7,16.1,16.4,877.0,14397.0,0.6135,0.804,286.0,0.0,0.0,95.0,95.0,9039.0,319.0,392.0,4.0,76.0,2.0,26.03,,
2005/05/31,16.4,16.95,16.35,16.35,1297.0,21625.0,-0.3049,1.1891,465.0,0.0,0.0,50.0,0.0,9142.0,694.0,591.0,4.0,95.0,23.0,25.95,,
2005/06/01,16.4,16.6,16.0,16.35,939.0,15279.0,0.0,0.8609,298.0,0.0,0.0,50.0,50.0,8857.0,293.0,578.0,25.0,82.0,12.0,25.95,,
2005/06/02,16.6,16.85,16.4,16.4,1266.0,21018.0,0.3058,1.1606,349.0,0.0,0.0,100.0,100.0,8792.0,557.0,622.0,7.0,80.0,5.0,26.03,,
2005/06/03,16.5,17.5,16.5,17.5,2565.0,43776.0,6.7073,2.3515,750.0,-1.0,0.0,100.0,99.0,9100.0,1371.0,1063.0,20.0,66.0,6.0,27.78,,
2005/06/06,17.7,18.3,17.65,17.8,2462.0,44200.0,1.7143,2.2571,710.0,0.0,0.0,0.0,0.0,9195.0,1454.0,1359.0,14.0,65.0,13.0,28.25,,
2005/06/07,17.8,17.95,17.25,17.3,1120.0,19517.0,-2.809,1.0268,319.0,0.0,0.0,0.0,0.0,9324.0,585.0,456.0,8.0,57.0,0.0,27.46,,
2005/06/08,17.4,18.5,17.4,18.5,1967.0,35721.0,6.9364,1.8033,604.0,0.0,0.0,50.0,50.0,9858.0,1179.0,645.0,0.0,99.0,42.0,29.37,,
2005/06/09,18.9,19.3,18.0,18.5,4398.0,83117.0,0.0,4.032,1118.0,0.0,0.0,0.0,0.0,10027.0,2666.0,2492.0,17.0,80.0,3.0,29.37,,
2005/06/10,18.7,19.3,18.5,18.5,2621.0,49329.0,0.0,2.4029,709.0,0.0,0.0,100.0,100.0,9882.0,1220.0,1365.0,2.0,89.0,11.0,29.37,,
2005/06/13,18.85,18.85,18.05,18.1,1043.0,19099.0,-2.1622,0.9562,350.0,0.0,0.0,50.0,50.0,9867.0,555.0,570.0,8.0,83.0,2.0,28.73,,
2005/06/14,18.0,18.4,17.9,17.9,1280.0,23241.0,-1.105,1.1735,352.0,0.0,0.0,0.0,0.0,9809.0,663.0,716.0,21.0,82.0,25.0,28.41,,
2005/06/15,17.9,18.2,17.9,18.2,1111.0,20082.0,1.676,1.0185,296.0,0.0,0.0,0.0,0.0,9909.0,662.0,562.0,7.0,86.0,11.0,28.89,,
2005/06/16,18.9,19.3,18.5,18.9,2744.0,51942.0,3.8462,2.5156,809.0,14.0,0.0,0.0,14.0,10207.0,1565.0,1267.0,17.0,74.0,5.0,30.0,,
2005/06/17,19.1,19.6,18.45,18.5,4204.0,80224.0,-2.1164,3.8541,974.0,0.0,0.0,0.0,0.0,10042.0,2606.0,2771.0,6.0,71.0,3.0,29.37,,
2005/06/20,18.25,18.5,18.0,18.0,974.0,17718.0,-2.7027,0.8929,295.0,-5.0,0.0,-87.0,-92.0,10130.0,545.0,457.0,1.0,70.0,0.0,28.57,,
2005/06/21,18.0,18.2,17.5,17.7,1089.0,19456.0,-1.6667,0.9984,307.0,0.0,0.0,-108.0,-108.0,10044.0,434.0,520.0,4.0,111.0,45.0,28.1,,
2005/06/22,17.9,18.3,17.8,18.05,775.0,13987.0,1.9774,0.7105,306.0,-1.0,0.0,0.0,-1.0,10049.0,363.0,358.0,13.0,104.0,8.0,28.65,,
2005/06/23,18.2,18.2,17.65,17.7,632.0,11299.0,-1.9391,0.5794,218.0,20.0,0.0,0.0,20.0,9936.0,238.0,351.0,9.0,95.0,0.0,28.1,,
2005/06/24,17.6,18.1,17.5,17.7,479.0,8484.0,0.0,0.4391,184.0,0.0,0.0,4.0,4.0,9954.0,200.0,182.0,0.0,113.0,18.0,28.1,,
2005/06/27,17.6,17.9,17.35,17.35,899.0,15729.0,-1.9774,0.8242,188.0,0.0,0.0,0.0,0.0,9656.0,202.0,500.0,27.0,88.0,2.0,27.54,,
2005/06/28,17.7,17.7,17.3,17.65,276.0,4844.0,1.7291,0.253,127.0,0.0,0.0,4.0,4.0,9667.0,126.0,115.0,6.0,83.0,1.0,28.02,,
2005/06/29,17.75,17.9,17.5,17.55,723.0,12783.0,-0.5666,0.6628,178.0,-1.0,0.0,0.0,-1.0,9915.0,533.0,285.0,4.0,81.0,2.0,27.86,,
2005/06/30,17.6,17.65,17.45,17.45,608.0,10643.0,-0.5698,0.5573,116.0,0.0,0.0,-17.0,0.0,9772.0,190.0,303.0,3.0,50.0,2.0,27.7,,
2005/07/01,17.35,17.6,17.35,17.5,216.0,3780.0,0.2865,0.198,104.0,0.0,0.0,2.0,2.0,9761.0,101.0,112.0,5.0,45.0,0.0,27.78,,
2005/07/04,17.55,18.2,17.55,18.05,2310.0,41372.0,3.1429,2.1174,576.0,0.0,0.0,-302.0,-302.0,9881.0,1008.0,888.0,0.0,62.0,17.0,28.65,,
2005/07/05,18.25,18.25,18.0,18.0,1005.0,18218.0,-0.277,0.9212,317.0,0.0,0.0,-82.0,-82.0,9776.0,467.0,572.0,12.0,51.0,1.0,28.57,,
2005/07/06,18.3,18.3,17.65,17.65,1113.0,19944.0,-1.9444,1.0202,266.0,0.0,0.0,-1.0,-1.0,9625.0,300.0,451.0,15.0,36.0,0.0,28.02,,
2005/07/07,17.65,17.9,17.55,17.55,561.0,9918.0,-0.5666,0.5142,159.0,0.0,0.0,0.0,0.0,9519.0,246.0,352.0,0.0,34.0,0.0,27.86,,
2005/07/08,17.5,18.2,17.45,17.6,2899.0,52081.0,0.2849,2.6572,507.0,0.0,0.0,1.0,1.0,9758.0,726.0,487.0,0.0,38.0,4.0,27.94,,
2005/07/11,17.7,17.8,17.3,17.3,1126.0,19704.0,-1.7045,1.0321,363.0,30.0,0.0,1.0,31.0,9866.0,582.0,474.0,1.0,37.0,0.0,27.46,,
2005/07/12,17.3,17.65,17.0,17.0,1161.0,20171.0,-1.7341,1.0642,353.0,0.0,0.0,1.0,1.0,10142.0,651.0,375.0,3.0,37.0,5.0,26.98,,
2005/07/13,17.3,17.45,16.7,16.8,1112.0,19084.0,-1.1765,1.0193,386.0,31.0,0.0,0.0,31.0,10085.0,523.0,580.0,11.0,28.0,2.0,26.67,,
2005/07/14,17.0,17.6,16.9,17.6,1378.0,23943.0,4.7619,1.2631,462.0,2.0,0.0,0.0,2.0,10081.0,729.0,733.0,2.0,42.0,16.0,27.94,,
2005/07/15,17.6,17.8,17.3,17.3,846.0,14776.0,-1.7045,0.7754,288.0,0.0,0.0,-2.0,-2.0,10104.0,392.0,369.0,2.0,40.0,0.0,27.46,,
2005/07/19,17.55,18.15,17.3,17.9,2048.0,36571.0,3.4682,1.8772,508.0,72.0,0.0,1.0,73.0,10095.0,623.0,632.0,0.0,61.0,21.0,28.41,,
2005/07/20,17.9,18.0,17.6,17.6,738.0,13133.0,-1.676,0.6765,210.0,0.0,0.0,0.0,0.0,10048.0,324.0,371.0,2.0,59.0,0.0,27.94,,
2005/07/21,17.5,17.9,17.5,17.5,578.0,10193.0,-0.5682,0.5298,175.0,-78.0,0.0,-1.0,-79.0,10036.0,285.0,297.0,15.0,44.0,0.0,27.78,,
2005/07/22,17.3,17.5,17.1,17.15,491.0,8470.0,-2.0,0.4501,145.0,82.0,0.0,-2.0,80.0,9994.0,175.0,217.0,12.0,32.0,0.0,27.22,,
2005/07/25,17.15,17.5,17.1,17.1,250.0,4320.0,-0.2915,0.2292,92.0,-1.0,0.0,0.0,-1.0,10078.0,176.0,92.0,0.0,32.0,0.0,27.14,,
2005/07/26,17.15,17.25,16.55,16.55,520.0,8751.0,-3.2164,0.4766,167.0,0.0,0.0,0.0,0.0,9993.0,263.0,348.0,7.0,25.0,0.0,26.27,,
2005/07/27,16.55,16.7,15.9,15.9,470.0,7645.0,-3.9275,0.4308,178.0,0.0,0.0,0.0,0.0,9928.0,165.0,221.0,7.0,18.0,0.0,25.24,,
2005/07/28,16.3,16.5,16.1,16.3,393.0,6414.0,2.5157,0.3602,170.0,0.0,0.0,0.0,0.0,9883.0,147.0,192.0,0.0,26.0,8.0,25.87,,
2005/07/29,17.4,17.4,16.6,17.1,1177.0,20189.0,4.908,1.0788,378.0,0.0,0.0,0.0,0.0,9788.0,531.0,625.0,18.0,27.0,19.0,27.14,,
2005/08/01,17.3,17.3,16.7,16.9,383.0,6531.0,-1.1696,0.3511,121.0,0.0,0.0,0.0,0.0,9834.0,181.0,135.0,19.0,8.0,0.0,26.83,,
2005/08/02,16.65,17.0,16.05,16.45,433.0,7092.0,-2.6627,0.3969,134.0,2.0,0.0,0.0,2.0,9825.0,103.0,112.0,8.0,0.0,0.0,26.11,,
2005/08/03,16.4,16.45,16.0,16.1,722.0,11677.0,-2.1277,0.6618,173.0,3.0,0.0,0.0,3.0,9650.0,0.0,175.0,0.0,0.0,0.0,25.56,,
2005/08/04,16.1,16.5,16.1,16.35,608.0,9914.0,1.5528,0.5573,126.0,0.0,0.0,0.0,0.0,9577.0,0.0,73.0,0.0,0.0,0.0,25.95,,
2005/08/08,16.5,16.8,16.0,16.6,1252.0,20654.0,4.5842,1.1476,273.0,0.0,0.0,0.0,0.0,9670.0,328.0,235.0,0.0,6.0,6.0,26.35,,
2005/08/09,17.0,17.0,16.55,17.0,995.0,16742.0,2.4096,0.912,279.0,4.0,0.0,0.0,4.0,9771.0,293.0,192.0,5.0,30.0,29.0,26.98,,
2005/08/10,17.0,18.15,17.0,18.15,3081.0,54895.0,6.7647,2.8241,871.0,0.0,0.0,0.0,0.0,10279.0,1584.0,1076.0,17.0,39.0,26.0,28.81,,
2005/08/11,18.3,18.6,17.6,17.65,2643.0,47904.0,-2.7548,2.4226,729.0,0.0,0.0,0.0,0.0,9693.0,1204.0,1790.0,17.0,28.0,6.0,28.02,,
2005/08/12,17.65,17.95,17.0,17.0,1347.0,23395.0,-3.6827,1.2347,331.0,0.0,0.0,3.0,3.0,9546.0,655.0,802.0,14.0,13.0,0.0,26.98,,
2005/08/15,16.8,16.8,16.2,16.4,845.0,13866.0,-3.5294,0.7745,187.0,19.0,0.0,0.0,19.0,9309.0,332.0,568.0,12.0,1.0,0.0,26.03,,
2005/08/16,16.2,16.75,16.2,16.6,754.0,12462.0,1.2195,0.6911,189.0,0.0,0.0,0.0,0.0,9348.0,346.0,307.0,0.0,21.0,20.0,26.35,,
2005/08/17,16.2,16.6,16.2,16.5,262.0,4312.0,-0.6024,0.2402,89.0,0.0,0.0,0.0,0.0,9357.0,139.0,130.0,7.0,14.0,0.0,26.19,,
2005/08/18,16.5,16.7,16.4,16.5,197.0,3271.0,0.0,0.1806,83.0,-4.0,0.0,0.0,-4.0,9335.0,117.0,139.0,0.0,14.0,0.0,26.19,,
2005/08/19,16.4,16.5,16.2,16.45,316.0,5148.0,-0.303,0.2896,89.0,0.0,0.0,0.0,0.0,9357.0,182.0,160.0,13.0,1.0,0.0,26.11,,
2005/08/22,16.4,16.5,16.2,16.4,412.0,6707.0,-0.304,0.3776,110.0,0.0,0.0,0.0,0.0,9536.0,299.0,120.0,0.0,1.0,0.0,26.03,,
2005/08/23,16.45,16.5,16.25,16.45,205.0,3356.0,0.3049,0.1879,73.0,0.0,0.0,0.0,0.0,9526.0,115.0,125.0,0.0,1.0,0.0,26.11,,
2005/08/24,16.6,17.2,16.6,16.95,989.0,16734.0,3.0395,0.9065,376.0,0.0,0.0,0.0,0.0,9738.0,488.0,276.0,0.0,8.0,7.0,26.9,,
2005/08/25,17.0,17.15,16.7,16.9,656.0,11140.0,-0.295,0.6013,186.0,0.0,0.0,0.0,0.0,9948.0,527.0,317.0,2.0,6.0,0.0,26.83,,
2005/08/26,16.95,17.2,16.7,16.75,1023.0,17358.0,-0.8876,0.9377,199.0,0.0,0.0,0.0,0.0,10026.0,401.0,323.0,0.0,7.0,1.0,26.59,,
2005/08/29,16.65,16.9,16.6,16.7,218.0,3640.0,-0.2985,0.1998,85.0,0.0,0.0,0.0,0.0,9982.0,63.0,97.0,1.0,6.0,0.0,26.51,,
2005/08/30,17.1,17.4,16.6,16.85,979.0,16563.0,0.8982,0.8974,194.0,0.0,0.0,0.0,0.0,10301.0,556.0,237.0,0.0,28.0,22.0,26.75,,
2005/08/31,17.0,17.05,15.7,16.25,1345.0,21682.0,-3.5608,1.2328,234.0,0.0,0.0,0.0,0.0,10400.0,615.0,516.0,17.0,11.0,0.0,18.47,,
2005/09/02,16.5,16.7,16.05,16.7,642.0,10526.0,2.7692,0.5885,162.0,0.0,0.0,-1.0,-1.0,10288.0,241.0,348.0,10.0,20.0,19.0,18.98,1.54,2.93
2005/09/05,16.75,16.8,16.5,16.55,169.0,2813.0,-0.8982,0.1549,58.0,0.0,0.0,0.0,0.0,10304.0,87.0,71.0,1.0,19.0,0.0,18.81,1.53,2.96
2005/09/06,16.5,16.8,16.5,16.65,251.0,4182.0,0.6042,0.2301,64.0,0.0,0.0,0.0,0.0,10332.0,101.0,73.0,0.0,19.0,0.0,18.92,1.54,2.94
2005/09/07,16.85,16.85,16.7,16.8,398.0,6676.0,0.9009,0.3648,106.0,0.0,0.0,0.0,0.0,10512.0,215.0,35.0,10.0,9.0,0.0,19.09,1.55,2.92
2005/09/08,16.85,16.9,16.7,16.9,309.0,5204.0,0.5952,0.2832,90.0,0.0,0.0,0.0,0.0,10529.0,97.0,80.0,2.0,7.0,0.0,19.2,1.56,2.9
2005/09/09,17.0,17.0,16.5,16.8,420.0,7039.0,-0.5917,0.385,96.0,-7.0,0.0,0.0,-7.0,10532.0,231.0,228.0,0.0,7.0,0.0,19.09,1.55,2.92
2005/09/12,16.9,16.9,16.6,16.7,222.0,3713.0,-0.5952,0.2035,75.0,-12.0,0.0,0.0,-12.0,10579.0,128.0,81.0,0.0,7.0,0.0,18.98,1.54,2.93
2005/09/13,16.7,16.7,16.45,16.65,265.0,4387.0,-0.2994,0.2429,80.0,-34.0,0.0,0.0,-34.0,10681.0,114.0,12.0,2.0,5.0,0.0,18.92,1.54,2.94
2005/09/14,16.65,16.7,16.5,16.65,112.0,1868.0,0.0,0.1027,44.0,0.0,0.0,0.0,0.0,10650.0,33.0,64.0,0.0,5.0,0.0,18.92,1.54,2.94
2005/09/15,16.65,16.65,16.3,16.3,193.0,3176.0,-2.1021,0.1769,54.0,-1.0,0.0,0.0,-1.0,10571.0,75.0,154.0,3.0,2.0,0.0,18.52,1.51,3.01
2005/09/16,16.25,16.25,15.95,16.2,306.0,4912.0,-0.6135,0.2805,87.0,0.0,0.0,0.0,0.0,10572.0,113.0,112.0,1.0,1.0,0.0,18.41,1.5,3.02
2005/09/19,16.4,16.5,16.2,16.5,157.0,2569.0,1.8519,0.1439,54.0,0.0,0.0,0.0,0.0,10497.0,51.0,56.0,0.0,3.0,2.0,18.75,1.53,2.97
2005/09/20,16.45,16.65,16.3,16.55,169.0,2796.0,0.303,0.1549,62.0,0.0,0.0,0.0,0.0,10491.0,37.0,43.0,0.0,3.0,0.0,18.81,1.53,2.96
2005/09/21,16.55,16.7,16.3,16.3,79.0,1305.0,-1.5106,0.0724,37.0,0.0,0.0,0.0,0.0,10447.0,10.0,54.0,0.0,3.0,0.0,18.52,1.51,3.01
2005/09/22,16.2,16.5,16.1,16.5,147.0,2390.0,1.227,0.1347,62.0,-42.0,0.0,0.0,-42.0,10425.0,7.0,24.0,0.0,8.0,5.0,18.75,1.53,2.97
2005/09/23,16.35,16.5,16.15,16.2,177.0,2890.0,-1.8182,0.1622,61.0,0.0,0.0,0.0,0.0,10383.0,15.0,62.0,0.0,8.0,0.0,18.41,1.5,3.02
2005/09/26,16.2,16.4,16.15,16.4,330.0,5374.0,1.2346,0.3025,104.0,0.0,0.0,-1.0,-1.0,10257.0,18.0,144.0,5.0,13.0,10.0,18.64,1.52,2.99
2005/09/27,16.25,16.5,16.2,16.4,153.0,2517.0,0.0,0.1402,46.0,0.0,0.0,0.0,0.0,10205.0,19.0,70.0,2.0,11.0,0.0,18.64,1.52,2.99
2005/09/28,16.5,16.6,16.3,16.4,57.0,939.0,0.0,0.0522,34.0,-2.0,0.0,-2.0,-4.0,10192.0,17.0,30.0,9.0,3.0,1.0,18.64,1.52,2.99
2005/09/29,16.55,16.9,16.2,16.75,234.0,3916.0,2.1341,0.2145,84.0,0.0,0.0,-1.0,-1.0,10157.0,33.0,68.0,1.0,22.0,20.0,19.03,1.55,2.93
2005/09/30,16.85,17.3,16.75,16.85,469.0,7995.0,0.597,0.4296,158.0,-48.0,0.0,0.0,-48.0,10230.0,247.0,174.0,7.0,16.0,1.0,19.15,1.56,2.91
2005/10/03,17.0,17.2,16.8,16.95,644.0,10949.0,0.5935,0.5899,156.0,0.0,0.0,0.0,0.0,10348.0,424.0,306.0,13.0,3.0,0.0,19.26,1.57,2.89
2005/10/04,16.95,17.7,16.9,17.3,1438.0,24902.0,2.0649,1.3171,355.0,0.0,0.0,4.0,4.0,10436.0,530.0,442.0,0.0,3.0,0.0,19.66,1.6,2.83
2005/10/05,17.3,17.7,17.3,17.45,1447.0,25270.0,0.8671,1.3253,308.0,-6.0,0.0,-1.0,-7.0,10640.0,605.0,401.0,0.0,6.0,3.0,19.83,1.61,2.81
2005/10/06,17.3,17.4,17.1,17.3,752.0,12981.0,-0.8596,0.6888,150.0,-1.0,0.0,0.0,-1.0,10360.0,260.0,540.0,3.0,3.0,0.0,19.66,1.6,2.83
2005/10/07,17.3,17.6,17.3,17.4,314.0,5481.0,0.578,0.2876,101.0,0.0,0.0,0.0,0.0,10380.0,121.0,101.0,0.0,4.0,1.0,19.77,1.61,2.82
2005/10/11,17.6,17.8,17.4,17.8,509.0,8963.0,2.2989,0.4662,154.0,0.0,0.0,0.0,0.0,10518.0,352.0,204.0,0.0,8.0,4.0,20.23,1.65,2.75
2005/10/12,17.8,17.9,16.9,17.0,1465.0,25654.0,-4.4944,1.3418,296.0,0.0,0.0,1.0,1.0,10615.0,763.0,666.0,4.0,3.0,0.0,19.32,1.57,2.88
2005/10/13,17.0,17.35,17.0,17.3,567.0,9744.0,1.7647,0.5193,149.0,0.0,0.0,-1.0,-1.0,10528.0,204.0,291.0,0.0,5.0,2.0,19.66,1.6,2.83
2005/10/14,17.4,17.55,17.35,17.5,466.0,8123.0,1.1561,0.4268,130.0,0.0,0.0,0.0,0.0,10445.0,226.0,309.0,0.0,5.0,0.0,19.89,1.62,2.8
2005/10/17,17.5,17.5,16.65,16.9,386.0,6555.0,-3.4286,0.3535,102.0,-1.0,0.0,0.0,-1.0,10309.0,143.0,279.0,2.0,3.0,0.0,19.2,1.56,2.9
2005/10/18,17.0,17.05,16.55,16.6,426.0,7123.0,-1.7751,0.3902,162.0,-1.0,0.0,-1.0,-2.0,10268.0,235.0,276.0,1.0,2.0,0.0,18.86,1.54,2.95
2005/10/19,16.5,16.5,15.45,15.45,1399.0,21965.0,-6.9277,1.2814,276.0,-2.0,0.0,0.0,-2.0,10019.0,412.0,661.0,1.0,1.0,0.0,17.56,1.43,3.17
2005/10/20,15.5,15.75,15.35,15.55,380.0,5896.0,0.6472,0.3481,129.0,-21.0,0.0,-1.0,-22.0,9960.0,89.0,148.0,0.0,11.0,10.0,17.67,1.44,3.15
2005/10/21,15.5,15.9,15.35,15.5,286.0,4459.0,-0.3215,0.262,115.0,0.0,0.0,1.0,1.0,9861.0,107.0,206.0,0.0,12.0,1.0,17.61,1.43,3.16
2005/10/24,15.5,15.8,15.5,15.6,322.0,5002.0,0.6452,0.2949,64.0,0.0,0.0,-1.0,-1.0,9812.0,8.0,57.0,0.0,12.0,0.0,17.73,1.44,3.14
2005/10/25,16.0,16.65,16.0,16.65,756.0,12490.0,6.7308,0.6924,142.0,0.0,0.0,0.0,0.0,9840.0,195.0,167.0,0.0,180.0,168.0,18.92,1.54,2.94
2005/10/26,17.2,17.45,16.65,16.8,1832.0,31285.0,0.9009,1.678,473.0,0.0,0.0,4.0,4.0,10137.0,785.0,488.0,150.0,92.0,62.0,19.09,1.55,2.92
2005/10/27,16.8,16.8,15.65,16.6,572.0,9253.0,-1.1905,0.5239,200.0,0.0,0.0,3.0,3.0,9984.0,231.0,377.0,55.0,32.0,0.0,18.86,1.54,2.95
2005/10/28,16.35,16.6,16.25,16.25,233.0,3818.0,-2.1084,0.2134,74.0,0.0,0.0,3.0,3.0,9928.0,131.0,182.0,0.0,32.0,0.0,18.47,1.39,3.02
2005/10/31,16.5,17.35,16.4,17.35,896.0,15248.0,6.7692,0.8207,265.0,0.0,0.0,0.0,0.0,9894.0,474.0,508.0,4.0,32.0,4.0,15.92,1.48,2.82
2005/11/01,17.65,17.65,17.05,17.15,573.0,9904.0,-1.1527,0.5248,184.0,3.0,0.0,0.0,3.0,9931.0,297.0,260.0,1.0,35.0,4.0,15.73,1.46,2.86
2005/11/02,17.2,17.65,17.1,17.4,1164.0,20229.0,1.4577,1.0661,237.0,-10.0,0.0,-7.0,-17.0,9837.0,362.0,456.0,2.0,49.0,16.0,15.96,1.48,2.82
2005/11/03,17.5,17.5,17.15,17.2,416.0,7196.0,-1.1494,0.381,125.0,0.0,0.0,-1.0,-1.0,9805.0,199.0,231.0,16.0,42.0,10.0,15.78,1.47,2.85
2005/11/04,17.4,17.5,17.15,17.2,541.0,9367.0,0.0,0.4955,133.0,0.0,0.0,-2.0,-2.0,9790.0,196.0,211.0,0.0,44.0,2.0,15.78,1.47,2.85
2005/11/07,17.2,17.55,17.2,17.45,515.0,8964.0,1.4535,0.4717,136.0,0.0,0.0,-1.0,-1.0,9791.0,225.0,224.0,2.0,42.0,0.0,16.01,1.49,2.81
2005/11/08,17.6,17.65,17.0,17.2,523.0,9029.0,-1.4327,0.479,121.0,0.0,0.0,0.0,0.0,9807.0,325.0,309.0,0.0,42.0,0.0,15.78,1.47,2.85
2005/11/09,17.4,18.25,17.4,17.9,2180.0,39038.0,4.0698,1.9967,567.0,0.0,0.0,1.0,1.0,10228.0,1050.0,629.0,5.0,66.0,29.0,16.42,1.53,2.74
2005/11/10,18.0,18.25,17.65,17.7,1391.0,25037.0,-1.1173,1.2741,361.0,0.0,0.0,0.0,0.0,10289.0,746.0,685.0,0.0,68.0,2.0,16.24,1.51,2.77
2005/11/11,18.0,18.65,17.9,18.55,2848.0,52006.0,4.8023,2.6086,620.0,3.0,0.0,0.0,3.0,10280.0,1536.0,1545.0,20.0,120.0,72.0,17.02,1.58,2.64
2005/11/14,18.55,18.75,18.35,18.55,1676.0,31085.0,0.0,1.5351,452.0,0.0,0.0,0.0,0.0,10541.0,1091.0,830.0,4.0,137.0,21.0,17.02,1.58,2.64
2005/11/15,18.4,18.5,18.15,18.3,921.0,16839.0,-1.3477,0.8436,229.0,0.0,0.0,0.0,0.0,10539.0,591.0,593.0,28.0,109.0,0.0,16.79,1.56,2.68
2005/11/16,18.15,18.65,18.1,18.35,1041.0,19104.0,0.2732,0.9535,244.0,0.0,0.0,0.0,0.0,10470.0,545.0,614.0,5.0,132.0,28.0,16.83,1.56,2.67
2005/11/17,18.45,18.45,18.1,18.2,786.0,14333.0,-0.8174,0.7199,159.0,0.0,0.0,2.0,2.0,10515.0,353.0,308.0,0.0,132.0,0.0,16.7,1.55,2.69
2005/11/18,18.55,18.6,18.2,18.25,1832.0,33708.0,0.2747,1.678,344.0,0.0,0.0,0.0,0.0,10676.0,1033.0,872.0,0.0,145.0,13.0,16.74,1.56,2.68
2005/11/21,18.3,18.55,18.15,18.4,559.0,10256.0,0.8219,0.512,174.0,0.0,0.0,1.0,1.0,10706.0,312.0,282.0,0.0,148.0,3.0,16.88,1.57,2.66
2005/11/22,18.3,19.65,18.05,19.65,3617.0,69645.0,6.7935,3.3129,829.0,14.0,346.0,0.0,360.0,10725.0,1211.0,1192.0,30.0,175.0,57.0,18.03,1.68,2.49
2005/11/23,20.25,21.0,20.25,21.0,2106.0,43747.0,6.8702,1.9289,426.0,1.0,200.0,-1.0,200.0,11048.0,1018.0,695.0,0.0,296.0,121.0,19.27,1.79,2.33
2005/11/24,22.45,22.45,21.7,22.45,12006.0,268921.0,6.9048,10.9966,1928.0,11.0,2080.0,-5.0,2086.0,12112.0,4695.0,3631.0,11.0,899.0,614.0,20.6,1.91,2.18
2005/11/25,24.0,24.0,23.75,24.0,6306.0,151294.0,6.9042,5.7758,951.0,-5.0,0.0,-3.0,-8.0,13925.0,3477.0,1664.0,30.0,1216.0,347.0,22.02,2.05,2.04
2005/11/28,24.5,25.15,23.5,24.1,9222.0,224063.0,0.4167,8.4467,2587.0,0.0,180.0,42.0,222.0,14318.0,3865.0,3497.0,334.0,1076.0,194.0,22.11,2.05,2.03
2005/11/29,24.1,25.75,23.85,25.4,11081.0,278961.0,5.3942,10.1494,2564.0,-70.0,200.0,0.0,130.0,13641.0,3727.0,4497.0,36.0,1461.0,423.0,23.3,2.17,1.93
2005/11/30,25.8,25.8,24.4,25.4,5876.0,148143.0,0.0,5.3784,1532.0,-5.0,0.0,381.0,376.0,13427.0,2481.0,2695.0,124.0,1449.0,114.0,23.3,2.17,1.93
2005/12/01,25.4,26.8,24.85,26.5,7849.0,204041.0,4.3307,7.1844,2188.0,5.0,100.0,300.0,405.0,13949.0,2601.0,2079.0,76.0,1688.0,318.0,24.31,2.26,1.85
2005/12/02,26.8,27.1,26.05,26.5,7097.0,188576.0,0.0,6.4961,1715.0,4.0,0.0,-330.0,-326.0,15059.0,3985.0,2875.0,82.0,1744.0,139.0,24.31,2.26,1.85
2005/12/05,26.55,27.8,26.2,27.05,5315.0,143998.0,2.0755,4.8649,1662.0,0.0,0.0,-73.0,-73.0,15867.0,2706.0,1898.0,78.0,1883.0,217.0,24.82,2.31,1.81
2005/12/06,26.9,27.25,25.4,26.3,5177.0,136526.0,-2.7726,4.7386,1318.0,-5.0,0.0,98.0,93.0,15476.0,2766.0,3157.0,418.0,1464.0,1.0,24.13,2.24,1.86
2005/12/07,26.3,26.55,25.2,26.25,2975.0,77366.0,-0.1901,2.7231,840.0,3.0,-350.0,2.0,-345.0,16300.0,1828.0,1004.0,105.0,1358.0,4.0,24.08,2.24,1.87
2005/12/08,26.0,26.3,25.7,25.95,1843.0,47977.0,-1.1429,1.6869,567.0,15.0,-100.0,1.0,-84.0,16065.0,703.0,938.0,20.0,1364.0,26.0,23.81,2.21,1.89
2005/12/09,26.2,26.9,25.5,25.95,6660.0,174635.0,0.0,6.0961,1373.0,-10.0,0.0,27.0,17.0,16478.0,2268.0,1855.0,51.0,1377.0,64.0,23.81,2.21,1.89
2005/12/12,25.9,25.9,25.05,25.5,3110.0,79187.0,-1.7341,2.8467,807.0,-10.0,-286.0,3.0,-293.0,17047.0,1757.0,1188.0,69.0,1308.0,0.0,23.39,2.17,1.92
2005/12/13,25.6,27.25,25.5,27.25,15691.0,422966.0,6.8627,14.3623,3119.0,0.0,100.0,-51.0,49.0,18085.0,8303.0,7265.0,7.0,1633.0,332.0,25.0,2.32,1.8
2005/12/14,27.5,28.85,26.25,26.45,15427.0,430660.0,-2.9358,14.1207,3781.0,0.0,0.0,-150.0,-150.0,18768.0,7288.0,6607.0,193.0,1533.0,93.0,24.27,2.25,1.85
2005/12/15,26.45,26.45,25.0,25.7,5799.0,149111.0,-2.8355,5.308,1670.0,-3.0,-1480.0,0.0,-1483.0,19472.0,2535.0,1918.0,224.0,1326.0,17.0,23.58,2.19,1.91
2005/12/16,25.8,26.3,25.6,26.3,6562.0,170693.0,2.3346,6.0064,1954.0,0.0,-25.0,60.0,35.0,19035.0,2715.0,3112.0,55.0,1438.0,170.0,24.13,2.24,1.86
2005/12/19,26.3,26.6,25.7,25.75,4165.0,108162.0,-2.0913,3.8123,1256.0,0.0,-190.0,-1.0,-191.0,19125.0,2386.0,2309.0,123.0,1275.0,0.0,23.62,2.2,1.9
2005/12/20,25.7,26.5,25.6,26.1,4281.0,112032.0,1.3592,3.9185,1277.0,-8.0,-490.0,1.0,-497.0,20353.0,2811.0,1583.0,12.0,1276.0,79.0,23.94,2.23,1.88
2005/12/21,26.1,27.9,25.85,27.9,11359.0,307258.0,6.8966,10.3972,3070.0,0.0,-80.0,-281.0,-361.0,21417.0,5719.0,4655.0,39.0,1395.0,184.0,25.6,2.38,1.76
2005/12/22,28.1,28.2,26.75,26.95,6096.0,166994.0,-3.405,5.5798,1916.0,0.0,0.0,-23.0,-23.0,21135.0,3608.0,3890.0,226.0,1169.0,0.0,24.72,2.3,1.82
2005/12/23,27.1,27.75,26.7,26.9,6073.0,165301.0,-0.1855,5.5588,1755.0,0.0,-100.0,4.0,-96.0,21146.0,2982.0,2969.0,118.0,1106.0,57.0,24.68,2.29,1.82
2005/12/26,28.75,28.75,28.75,28.75,3465.0,99632.0,6.8773,3.1716,754.0,1.0,0.0,0.0,1.0,21288.0,1995.0,1853.0,0.0,1150.0,45.0,26.38,2.45,1.7
2005/12/27,30.75,30.75,29.7,30.75,18959.0,576243.0,6.9565,17.3536,4561.0,7.0,0.0,1.0,8.0,22533.0,8605.0,7360.0,25.0,1807.0,682.0,28.21,2.62,1.59
2005/12/28,30.3,30.35,29.0,30.1,5552.0,165475.0,-2.1138,5.0819,1872.0,0.0,0.0,0.0,0.0,22277.0,2782.0,3027.0,310.0,1472.0,0.0,27.61,2.57,1.63
2005/12/29,30.1,32.2,30.0,30.5,11758.0,368692.0,1.3289,10.7624,3345.0,4.0,0.0,-1.0,3.0,20558.0,3895.0,5594.0,29.0,1648.0,205.0,27.98,2.6,1.61
2005/12/30,30.5,31.0,29.6,29.7,4574.0,138198.0,-2.623,4.1724,1479.0,0.0,0.0,-3.0,-3.0,20060.0,1766.0,2264.0,268.0,1387.0,7.0,27.25,2.53,1.65
2006/01/02,28.75,29.45,28.15,28.9,2780.0,80343.0,-2.6936,2.5359,1011.0,0.0,0.0,1.0,1.0,19737.0,963.0,1283.0,115.0,1267.0,0.0,26.51,2.46,1.7
2006/01/03,29.7,30.75,29.0,30.2,4968.0,149290.0,4.4983,4.5318,1614.0,1.0,0.0,121.0,122.0,19411.0,2084.0,2396.0,48.0,1240.0,22.0,27.71,2.57,1.62
2006/01/04,30.5,31.3,30.0,30.6,8815.0,269689.0,1.3245,8.041,2478.0,8.0,2586.0,0.0,2594.0,17843.0,2370.0,3938.0,67.0,1217.0,44.0,28.07,2.61,1.6
2006/01/05,32.5,32.7,31.7,32.7,2708.0,88242.0,6.8627,2.4702,803.0,0.0,0.0,-2.0,-2.0,18534.0,1678.0,976.0,21.0,1238.0,43.0,30.0,2.79,1.5
2006/01/06,34.7,34.7,31.2,31.3,7601.0,251519.0,-4.2813,6.9336,2492.0,0.0,0.0,-1.0,-1.0,18975.0,4496.0,4055.0,122.0,1124.0,8.0,28.72,2.67,1.57
2006/01/09,31.3,31.55,30.1,30.5,3698.0,113432.0,-2.5559,3.3733,1104.0,0.0,0.0,-39.0,-39.0,18412.0,1580.0,2143.0,48.0,1076.0,0.0,27.98,2.6,1.61
2006/01/10,30.3,31.8,30.3,30.8,4297.0,134093.0,0.9836,3.9197,1435.0,0.0,0.0,1.0,1.0,18100.0,1576.0,1879.0,3.0,1100.0,33.0,28.26,2.63,1.59
2006/01/11,31.2,31.35,30.2,30.4,2131.0,65449.0,-1.2987,1.9439,718.0,19.0,0.0,3.0,22.0,18208.0,1144.0,1036.0,25.0,1055.0,0.0,27.89,2.59,1.61
2006/01/12,30.6,31.15,28.4,28.7,2246.0,67237.0,-5.5921,2.0488,838.0,0.0,0.0,-5.0,-5.0,18020.0,971.0,1159.0,37.0,1043.0,25.0,26.33,2.45,1.71
2006/01/13,28.8,29.2,28.4,28.4,1569.0,45213.0,-1.0453,1.4312,589.0,0.0,0.0,-40.0,-40.0,18010.0,759.0,769.0,19.0,1075.0,51.0,26.06,2.42,1.73
2006/01/16,28.1,29.0,28.1,28.85,1038.0,29797.0,1.5845,0.9469,391.0,0.0,0.0,0.0,0.0,18014.0,434.0,430.0,64.0,1018.0,12.0,26.47,2.46,1.7
2006/01/17,29.15,30.05,29.0,29.2,1655.0,48900.0,1.2132,1.5097,701.0,0.0,0.0,9.0,9.0,18047.0,792.0,759.0,102.0,920.0,36.0,26.79,2.49,1.68
2006/01/18,28.8,29.15,27.2,27.6,1169.0,32870.0,-5.4795,1.0664,480.0,0.0,0.0,-1.0,-1.0,17873.0,479.0,653.0,77.0,813.0,0.0,25.32,2.35,1.78
2006/01/19,27.6,28.4,25.7,26.7,2341.0,62768.0,-3.2609,2.1354,724.0,-11.0,-439.0,-11.0,-461.0,17488.0,840.0,1192.0,102.0,667.0,15.0,24.5,2.28,1.84
2006/01/20,26.8,27.4,26.0,26.2,1455.0,38489.0,-1.8727,1.3272,475.0,-8.0,-333.0,0.0,-341.0,17253.0,383.0,618.0,50.0,622.0,5.0,24.04,2.23,1.87
2006/01/23,25.15,25.3,24.4,24.5,2359.0,58169.0,-6.4885,2.1519,696.0,0.0,-251.0,0.0,-251.0,17116.0,681.0,815.0,132.0,490.0,0.0,22.48,2.09,2.0
2006/01/24,24.8,26.0,24.5,25.85,1971.0,49581.0,5.5102,1.7979,712.0,2.0,-285.0,0.0,-283.0,17362.0,786.0,483.0,2.0,611.0,127.0,23.72,2.2,1.9
2006/01/25,26.2,26.3,25.5,26.1,1699.0,44072.0,0.9671,1.5477,540.0,-6.0,0.0,0.0,-6.0,16779.0,284.0,745.0,9.0,660.0,58.0,23.94,2.23,1.88
2006/02/03,26.5,26.7,25.65,25.9,640.0,16678.0,-0.7663,0.583,241.0,-5.0,0.0,0.0,-5.0,16695.0,223.0,306.0,20.0,650.0,10.0,23.76,2.21,1.89
2006/02/06,25.85,26.75,25.25,26.75,678.0,17735.0,3.2819,0.6176,310.0,0.0,0.0,0.0,0.0,16670.0,246.0,271.0,18.0,642.0,10.0,24.54,2.28,1.83
2006/02/07,27.0,28.0,26.85,28.0,1855.0,50971.0,4.6729,1.6898,692.0,0.0,0.0,0.0,0.0,16699.0,525.0,496.0,116.0,576.0,50.0,25.69,2.39,1.75
2006/02/08,28.0,28.0,27.0,27.2,774.0,21211.0,-2.8571,0.7051,282.0,0.0,0.0,-3.0,-3.0,16512.0,249.0,436.0,11.0,565.0,0.0,24.95,2.32,1.8
2006/02/09,27.25,27.5,26.3,26.3,1105.0,29571.0,-3.3088,1.0066,375.0,0.0,0.0,4.0,4.0,16652.0,616.0,476.0,6.0,559.0,0.0,24.13,2.24,1.86
2006/02/10,26.3,26.3,25.1,25.1,790.0,20185.0,-4.5627,0.7196,348.0,-9.0,-77.0,0.0,-86.0,16694.0,312.0,270.0,66.0,496.0,3.0,23.03,2.14,1.95
2006/02/13,24.9,25.1,24.6,24.65,585.0,14496.0,-1.7928,0.5329,278.0,-5.0,-103.0,0.0,-108.0,16674.0,227.0,247.0,41.0,459.0,4.0,22.61,2.1,1.99
2006/02/14,24.65,25.6,24.55,25.45,714.0,18003.0,3.2454,0.6504,371.0,0.0,-58.0,0.0,-58.0,16772.0,309.0,205.0,32.0,429.0,3.0,23.35,2.17,1.93
2006/02/15,25.7,26.45,25.45,25.55,1885.0,49065.0,0.3929,1.7171,687.0,0.0,-152.0,1.0,-151.0,16835.0,528.0,465.0,17.0,424.0,12.0,23.44,2.18,1.92
2006/02/16,26.4,27.3,26.0,27.3,2961.0,79228.0,6.8493,2.6973,1006.0,-2.0,0.0,0.0,-2.0,17352.0,1227.0,710.0,0.0,484.0,60.0,25.05,2.33,1.79
2006/02/17,27.8,27.8,26.85,27.15,2874.0,78803.0,-0.5495,2.6181,1070.0,0.0,-175.0,-5.0,-180.0,17713.0,1595.0,1234.0,20.0,472.0,8.0,24.91,2.31,1.8
2006/02/20,26.65,26.9,26.1,26.3,925.0,24398.0,-3.1308,0.8426,327.0,0.0,-80.0,0.0,-80.0,17534.0,305.0,484.0,8.0,464.0,0.0,24.13,2.24,1.86
2006/02/21,26.35,26.7,25.8,25.85,988.0,25927.0,-1.711,0.9,356.0,-5.0,0.0,0.0,-5.0,17634.0,485.0,385.0,5.0,461.0,2.0,23.72,2.2,1.9
2006/02/22,25.9,26.2,24.6,24.7,1105.0,27856.0,-4.4487,1.0066,436.0,0.0,-50.0,0.0,-50.0,17271.0,345.0,708.0,25.0,436.0,0.0,22.66,2.11,1.98
2006/02/23,24.5,24.7,23.8,23.85,1120.0,27204.0,-3.4413,1.0203,409.0,0.0,-186.0,2.0,-184.0,17029.0,328.0,558.0,73.0,370.0,7.0,21.88,2.03,2.05
2006/02/24,23.85,24.3,23.8,24.25,989.0,23800.0,1.6771,0.9009,351.0,0.0,-150.0,-1.0,-151.0,17084.0,322.0,262.0,49.0,449.0,128.0,22.25,2.07,2.02
2006/02/27,24.2,24.2,23.6,23.7,790.0,18898.0,-2.268,0.7196,311.0,0.0,0.0,-1.0,-1.0,16941.0,358.0,501.0,40.0,409.0,0.0,21.74,2.02,2.07
2006/03/01,23.7,24.85,23.7,24.8,1337.0,32611.0,4.6414,1.2179,539.0,1.0,-352.0,0.0,-351.0,17150.0,566.0,356.0,3.0,432.0,26.0,22.75,2.12,1.98
2006/03/02,25.3,25.3,24.7,24.7,899.0,22531.0,-0.4032,0.8189,385.0,-1.0,0.0,5.0,4.0,16999.0,279.0,405.0,33.0,409.0,10.0,22.87,2.11,1.98
2006/03/03,24.7,25.1,24.2,24.2,793.0,19450.0,-2.0243,0.7224,269.0,0.0,0.0,0.0,0.0,16949.0,356.0,401.0,105.0,318.0,14.0,22.41,2.07,2.02
2006/03/06,23.8,24.4,23.8,23.85,601.0,14462.0,-1.4463,0.5475,219.0,0.0,0.0,0.0,0.0,16796.0,211.0,344.0,23.0,303.0,18.0,22.08,2.04,2.05
2006/03/07,23.85,24.5,23.85,23.95,753.0,18177.0,0.4193,0.6859,314.0,0.0,0.0,0.0,0.0,16830.0,313.0,276.0,18.0,296.0,11.0,22.18,2.05,2.05
2006/03/08,24.35,24.4,23.95,24.4,828.0,20061.0,1.8789,0.7543,285.0,0.0,0.0,0.0,0.0,16732.0,288.0,396.0,38.0,259.0,1.0,22.59,2.09,2.01
2006/03/09,24.6,24.6,23.9,23.95,972.0,23493.0,-1.8443,0.8854,319.0,0.0,0.0,0.0,0.0,16761.0,424.0,365.0,12.0,250.0,3.0,22.18,2.05,2.05
2006/03/10,24.2,24.3,23.4,23.45,1211.0,28687.0,-2.0877,1.1032,486.0,0.0,0.0,0.0,0.0,16909.0,501.0,353.0,24.0,226.0,0.0,21.71,2.01,2.09
2006/03/13,23.6,24.2,23.55,24.1,1026.0,24549.0,2.7719,0.9346,379.0,0.0,0.0,0.0,0.0,17099.0,603.0,413.0,23.0,235.0,32.0,22.31,2.06,2.03
2006/03/14,24.3,24.3,23.7,23.7,837.0,20055.0,-1.6598,0.7625,286.0,0.0,0.0,0.0,0.0,16882.0,316.0,533.0,16.0,221.0,2.0,21.94,2.03,2.07
2006/03/15,24.0,25.35,23.9,25.35,2164.0,53640.0,6.962,1.9713,818.0,0.0,0.0,0.0,0.0,16894.0,909.0,897.0,0.0,237.0,16.0,23.47,2.17,1.93
2006/03/16,26.0,26.8,25.85,26.0,4841.0,127435.0,2.5641,4.4099,1659.0,0.0,0.0,0.0,0.0,17039.0,2148.0,1946.0,2.0,418.0,194.0,24.07,2.23,1.88
2006/03/17,26.0,26.5,25.7,26.05,1546.0,40325.0,0.1923,1.4083,635.0,0.0,0.0,0.0,0.0,16902.0,637.0,774.0,34.0,401.0,17.0,24.12,2.23,1.88
2006/03/20,26.3,27.85,26.25,27.1,6166.0,168029.0,4.0307,5.6169,1830.0,0.0,0.0,0.0,0.0,17027.0,3130.0,3005.0,39.0,475.0,113.0,25.09,2.32,1.81
2006/03/21,27.45,27.55,25.8,25.8,2662.0,70989.0,-4.797,2.4249,829.0,0.0,0.0,0.0,0.0,16834.0,1483.0,1676.0,126.0,354.0,5.0,23.89,2.21,1.9
2006/03/22,25.5,26.25,25.35,25.75,1402.0,36339.0,-0.1938,1.2771,548.0,0.0,0.0,0.0,0.0,17014.0,805.0,619.0,48.0,309.0,3.0,23.84,2.2,1.9
2006/03/23,26.0,26.7,25.5,25.75,2071.0,54050.0,0.0,1.8866,733.0,0.0,0.0,0.0,0.0,16979.0,998.0,1029.0,53.0,259.0,3.0,23.84,2.2,1.9
2006/03/24,25.95,26.25,25.6,25.65,940.0,24348.0,-0.3883,0.8563,320.0,0.0,0.0,0.0,0.0,16889.0,313.0,403.0,10.0,250.0,1.0,23.75,2.2,1.91
2006/03/27,26.05,26.05,24.8,25.05,997.0,25163.0,-2.3392,0.9082,379.0,0.0,0.0,0.0,0.0,16755.0,484.0,618.0,9.0,241.0,0.0,23.19,2.14,1.96
2006/03/28,25.1,25.45,25.0,25.2,861.0,21711.0,0.5988,0.7843,370.0,0.0,0.0,0.0,0.0,16801.0,464.0,418.0,16.0,225.0,0.0,23.33,2.16,1.94
2006/03/29,25.3,25.7,25.2,25.2,918.0,23332.0,0.0,0.8362,393.0,0.0,0.0,0.0,0.0,16790.0,457.0,468.0,0.0,225.0,0.0,23.33,2.16,1.94
2006/03/30,25.5,25.9,25.4,25.6,1176.0,30130.0,1.5873,1.0713,489.0,1.0,0.0,0.0,1.0,16749.0,535.0,576.0,11.0,214.0,0.0,23.7,2.19,1.91
2006/03/31,25.6,26.35,25.6,25.9,2220.0,57734.0,1.1719,2.0148,822.0,-1.0,0.0,0.0,-1.0,16943.0,1015.0,799.0,14.0,182.0,1.0,23.98,2.22,6.56
2006/04/03,25.9,26.45,25.9,26.2,1388.0,36339.0,1.1583,1.2597,504.0,0.0,0.0,0.0,0.0,16949.0,810.0,803.0,36.0,145.0,0.0,24.26,2.24,6.49
2006/04/04,26.5,27.35,26.4,26.9,3360.0,90130.0,2.6718,3.0495,1130.0,0.0,0.0,0.0,0.0,16767.0,1908.0,2069.0,21.0,124.0,0.0,24.91,2.03,6.32
2006/04/06,27.2,27.45,26.6,26.95,2142.0,57737.0,0.1859,1.9441,687.0,0.0,0.0,0.0,0.0,16367.0,1010.0,1410.0,121.0,0.0,0.0,12.25,2.03,6.31
2006/04/07,27.0,27.0,26.2,26.35,1207.0,31914.0,-2.2263,1.0955,416.0,0.0,0.0,0.0,0.0,15667.0,0.0,680.0,0.0,0.0,0.0,11.98,1.99,6.45
2006/04/10,26.2,26.25,25.7,25.85,973.0,25279.0,-1.8975,0.8831,319.0,0.0,0.0,1.0,1.0,15266.0,0.0,401.0,0.0,0.0,0.0,11.75,1.95,6.58
2006/04/11,26.0,26.0,25.35,25.5,588.0,14979.0,-1.354,0.5337,262.0,0.0,0.0,-1.0,-1.0,15065.0,0.0,201.0,0.0,0.0,0.0,11.59,1.92,6.67
2006/04/12,25.5,26.8,25.5,26.8,3516.0,92769.0,5.098,3.1911,959.0,100.0,0.0,-5.0,95.0,15210.0,985.0,840.0,0.0,4.0,4.0,12.18,2.02,6.34
2006/04/13,27.0,27.0,26.3,26.7,2619.0,69963.0,-0.3731,2.377,887.0,240.0,0.0,4.0,244.0,15487.0,1228.0,951.0,0.0,5.0,1.0,12.14,2.01,6.37
2006/04/14,27.15,28.55,27.1,28.55,6472.0,180900.0,6.9288,5.8739,1826.0,0.0,0.0,1.0,1.0,16282.0,3235.0,2440.0,0.0,48.0,43.0,12.98,2.15,5.95
2006/04/17,29.2,29.5,28.2,28.8,9721.0,282556.0,0.8757,8.8227,3012.0,0.0,0.0,0.0,0.0,17015.0,4194.0,3461.0,10.0,55.0,17.0,13.09,2.17,5.9
2006/04/18,28.8,28.8,28.0,28.35,2826.0,80111.0,-1.5625,2.5648,1000.0,0.0,0.0,-1.0,-1.0,17015.0,1453.0,1453.0,17.0,38.0,0.0,12.89,2.14,6.0
2006/04/19,29.0,29.8,28.45,28.45,5253.0,152681.0,0.3527,4.7676,1567.0,0.0,0.0,350.0,350.0,17619.0,2760.0,2156.0,1.0,60.0,23.0,12.93,2.14,5.98
2006/04/20,28.6,29.1,28.2,28.4,3060.0,87719.0,-0.1757,2.7772,969.0,0.0,0.0,1.0,1.0,17692.0,1656.0,1553.0,24.0,41.0,5.0,12.91,2.14,5.99
2006/04/21,28.5,29.25,28.3,28.3,4167.0,119677.0,-0.3521,3.7819,1309.0,0.0,0.0,-1.0,-1.0,17959.0,2078.0,1810.0,22.0,25.0,6.0,12.86,2.13,6.01
2006/04/24,28.0,28.3,27.6,27.6,1952.0,54490.0,-2.4735,1.7716,719.0,3.0,0.0,0.0,3.0,17939.0,944.0,965.0,13.0,12.0,0.0,12.55,2.08,6.16
2006/04/25,27.6,27.8,26.55,26.6,2166.0,58642.0,-3.6232,1.9658,731.0,-100.0,0.0,0.0,-100.0,17572.0,962.0,1329.0,4.0,8.0,0.0,12.09,2.0,6.39
2006/04/26,26.8,28.3,26.65,27.6,3411.0,94091.0,3.7594,3.0958,1134.0,-250.0,0.0,2.0,-248.0,17663.0,1214.0,1123.0,0.0,22.0,14.0,12.55,1.93,6.16
2006/04/27,28.0,28.0,25.7,26.4,1843.0,49497.0,-4.3478,1.6727,714.0,0.0,0.0,0.0,0.0,17393.0,773.0,1043.0,12.0,10.0,0.0,10.86,1.85,6.44
2006/04/28,26.7,26.9,26.5,26.9,1040.0,27771.0,1.8939,0.9439,422.0,0.0,0.0,0.0,0.0,17329.0,410.0,474.0,1.0,30.0,21.0,11.07,1.89,6.32
2006/05/02,26.5,26.9,25.8,26.0,1291.0,33791.0,-3.3457,1.1717,407.0,-3.0,0.0,-1.0,-4.0,17422.0,700.0,607.0,1.0,29.0,0.0,10.7,1.82,6.54
2006/05/03,26.1,26.4,25.8,26.4,1270.0,33248.0,1.5385,1.1526,425.0,0.0,0.0,36.0,36.0,17678.0,747.0,481.0,0.0,29.0,0.0,10.86,1.85,6.44
2006/05/04,26.4,26.75,25.9,25.9,1149.0,30226.0,-1.8939,1.0428,399.0,0.0,0.0,-1.0,-1.0,17540.0,536.0,674.0,0.0,49.0,20.0,10.66,1.81,6.56
2006/05/05,26.35,26.35,25.15,25.3,1254.0,32436.0,-2.3166,1.1381,408.0,0.0,0.0,1.0,1.0,17272.0,522.0,787.0,20.0,30.0,1.0,10.41,1.77,6.72
2006/05/08,25.5,26.2,25.3,25.4,996.0,25599.0,0.3953,0.904,421.0,0.0,0.0,75.0,75.0,17083.0,312.0,499.0,2.0,36.0,8.0,10.45,1.78,6.69
2006/05/09,25.4,25.85,25.05,25.25,652.0,16627.0,-0.5906,0.5917,267.0,0.0,0.0,51.0,51.0,17070.0,218.0,231.0,2.0,36.0,2.0,10.39,1.77,6.73
2006/05/10,25.25,25.3,24.0,24.5,1186.0,29030.0,-2.9703,1.0764,436.0,0.0,0.0,15.0,15.0,16730.0,338.0,668.0,6.0,30.0,0.0,10.08,1.72,6.94
2006/05/11,24.5,25.2,24.5,25.2,671.0,16700.0,2.8571,0.609,293.0,5.0,0.0,-1.0,4.0,16633.0,267.0,364.0,0.0,45.0,15.0,10.37,1.77,6.75
2006/05/12,24.9,25.4,24.6,25.4,572.0,14293.0,0.7937,0.5191,248.0,20.0,0.0,1.0,21.0,16574.0,136.0,195.0,7.0,38.0,0.0,10.45,1.78,6.69
2006/05/15,26.6,27.15,26.2,27.15,3421.0,92522.0,6.8898,3.1049,996.0,0.0,0.0,-1.0,-1.0,16486.0,1588.0,1674.0,2.0,42.0,8.0,11.17,1.9,6.26
2006/05/16,28.0,28.1,26.6,26.65,3175.0,87122.0,-1.8416,2.8816,1118.0,0.0,0.0,0.0,0.0,16342.0,1351.0,1495.0,8.0,34.0,0.0,10.97,1.87,6.38
2006/05/17,27.3,28.5,27.0,28.5,4459.0,124326.0,6.9418,4.0469,1477.0,0.0,0.0,0.0,0.0,17051.0,2285.0,1576.0,0.0,118.0,84.0,11.73,2.0,5.96
2006/05/18,28.0,28.7,27.5,27.75,3826.0,107540.0,-2.6316,3.4724,1345.0,0.0,0.0,20.0,20.0,17278.0,2167.0,1940.0,32.0,86.0,0.0,11.42,1.94,6.13
2006/05/19,28.2,29.25,27.8,29.0,7519.0,216811.0,4.5045,6.8242,2152.0,0.0,0.0,26.0,26.0,17105.0,2635.0,2808.0,7.0,135.0,56.0,11.93,2.03,5.86
2006/05/22,29.3,29.3,28.4,28.5,4182.0,120419.0,-1.7241,3.7955,1232.0,0.0,0.0,-18.0,-18.0,16645.0,1662.0,2122.0,14.0,131.0,10.0,11.73,2.0,5.96
2006/05/23,28.5,28.8,27.3,27.5,1839.0,51406.0,-3.5088,1.6691,632.0,0.0,364.0,1.0,365.0,16334.0,684.0,995.0,32.0,99.0,0.0,11.32,1.93,6.18
2006/05/24,27.8,28.05,25.6,26.3,2211.0,58844.0,-4.3636,2.0067,824.0,0.0,0.0,0.0,0.0,15802.0,945.0,1477.0,36.0,73.0,10.0,10.82,1.84,6.46
2006/05/25,26.3,26.5,25.8,26.1,1002.0,26078.0,-0.7605,0.9094,443.0,8.0,0.0,-41.0,-33.0,15592.0,416.0,626.0,0.0,74.0,1.0,10.74,1.83,6.51
2006/05/26,26.45,26.6,25.8,25.8,751.0,19722.0,-1.1494,0.6816,348.0,0.0,0.0,0.0,0.0,15559.0,256.0,289.0,5.0,69.0,0.0,10.62,1.81,6.59
2006/05/29,26.1,26.2,25.7,26.0,485.0,12594.0,0.7752,0.4402,206.0,0.0,0.0,1.0,1.0,15377.0,141.0,316.0,40.0,40.0,11.0,10.7,1.82,6.54
2006/05/30,26.2,26.45,25.7,26.05,703.0,18314.0,0.1923,0.638,294.0,0.0,0.0,-1.0,-1.0,15510.0,344.0,211.0,2.0,68.0,30.0,10.72,1.83,6.53
2006/06/01,26.0,26.45,25.95,26.05,645.0,16911.0,0.0,0.5854,263.0,0.0,0.0,0.0,0.0,15458.0,241.0,293.0,18.0,52.0,2.0,10.72,1.83,6.53
2006/06/02,26.5,26.6,26.0,26.0,437.0,11428.0,-0.1919,0.3966,195.0,0.0,0.0,0.0,0.0,15378.0,185.0,255.0,2.0,50.0,0.0,10.7,1.82,6.54
2006/06/05,26.0,26.1,24.3,24.3,1008.0,25259.0,-6.5385,0.9148,406.0,0.0,0.0,1.0,1.0,15175.0,358.0,544.0,41.0,9.0,0.0,10.0,1.71,7.0
2006/06/06,24.0,24.5,22.6,23.5,2459.0,57220.0,-3.2922,2.2318,735.0,-19.0,-200.0,154.0,-65.0,15199.0,718.0,684.0,0.0,14.0,5.0,9.71,1.66,7.23
2006/06/07,23.0,23.25,22.0,22.1,1416.0,31858.0,-5.9574,1.2851,512.0,0.0,-164.0,0.0,-164.0,15163.0,390.0,405.0,1.0,13.0,0.0,9.13,1.56,7.69
2006/06/08,21.9,22.05,20.6,20.6,2125.0,44668.0,-6.7873,1.9286,574.0,0.0,0.0,2.0,2.0,14549.0,604.0,1158.0,5.0,8.0,0.0,8.51,1.45,8.25
2006/06/09,20.6,21.0,19.2,20.6,1899.0,37531.0,0.0,1.7235,562.0,-8.0,0.0,-353.0,-361.0,14254.0,649.0,827.0,0.0,9.0,1.0,8.51,1.45,8.25
2006/06/12,20.05,20.6,19.35,20.1,1541.0,30491.0,-2.4272,1.3986,515.0,177.0,0.0,-332.0,-155.0,14112.0,508.0,645.0,3.0,6.0,0.0,8.31,1.42,8.46
2006/06/13,19.7,20.35,19.55,19.75,946.0,18775.0,-1.7413,0.8586,360.0,-1.0,0.0,0.0,-1.0,14263.0,437.0,285.0,0.0,6.0,0.0,8.16,1.39,8.6
2006/06/14,19.8,20.4,19.8,20.1,1029.0,20666.0,1.7722,0.9339,353.0,0.0,0.0,0.0,0.0,14096.0,277.0,413.0,0.0,6.0,0.0,8.31,1.42,8.46
2006/06/15,20.6,20.6,19.9,20.05,1122.0,22696.0,-0.2488,1.0183,312.0,0.0,0.0,0.0,0.0,13894.0,266.0,466.0,0.0,6.0,0.0,8.29,1.41,8.48
2006/06/16,20.6,21.15,20.4,20.55,1739.0,36041.0,2.4938,1.5783,516.0,0.0,0.0,0.0,0.0,13563.0,476.0,802.0,5.0,1.0,0.0,8.49,1.45,8.27
2006/06/19,20.65,20.7,20.4,20.45,429.0,8798.0,-0.4866,0.3894,136.0,4.0,0.0,0.0,4.0,13394.0,59.0,228.0,0.0,7.0,6.0,8.45,1.44,8.31
2006/06/20,20.45,20.5,19.3,19.6,923.0,18415.0,-4.1565,0.8377,286.0,-4.0,0.0,0.0,-4.0,13212.0,289.0,437.0,0.0,6.0,0.0,8.1,1.38,8.67
2006/06/21,19.6,19.95,19.25,19.25,1097.0,21521.0,-1.7857,0.9956,278.0,74.0,0.0,0.0,74.0,12616.0,155.0,748.0,0.0,12.0,6.0,7.95,1.36,8.83
2006/06/22,19.5,20.35,19.5,20.1,738.0,14721.0,4.4156,0.6698,260.0,-1.0,0.0,2.0,1.0,12540.0,313.0,356.0,2.0,11.0,1.0,8.31,1.42,8.46
2006/06/23,20.1,20.1,19.5,20.1,284.0,5636.0,0.0,0.2578,141.0,0.0,0.0,-1.0,-1.0,12571.0,116.0,80.0,0.0,11.0,0.0,8.31,1.42,8.46
2006/06/26,20.0,20.7,20.0,20.6,1123.0,22979.0,2.4876,1.0192,415.0,3.0,0.0,30.0,33.0,12724.0,523.0,368.0,0.0,11.0,0.0,8.51,1.45,8.25
2006/06/27,20.8,21.0,20.5,20.65,889.0,18433.0,0.2427,0.8068,345.0,15.0,0.0,3.0,18.0,12784.0,377.0,317.0,1.0,10.0,0.0,8.53,1.46,8.23
2006/06/28,20.05,20.5,20.05,20.4,409.0,8297.0,-1.2107,0.3712,168.0,-4.0,0.0,-1.0,-5.0,12678.0,126.0,232.0,1.0,9.0,0.0,8.43,1.44,8.33
2006/06/29,20.9,21.4,20.6,20.8,956.0,20131.0,1.9608,0.8677,410.0,-7.0,0.0,-1.0,-8.0,12705.0,426.0,399.0,0.0,9.0,0.0,8.6,1.47,8.17
2006/06/30,21.5,21.5,21.1,21.1,1269.0,27004.0,1.4423,1.1499,397.0,-7.0,0.0,0.0,-7.0,12418.0,387.0,673.0,6.0,3.0,0.0,8.72,1.49,8.06
2006/07/03,21.3,21.3,20.8,20.85,717.0,15104.0,-1.1848,0.6497,244.0,0.0,166.0,0.0,166.0,12585.0,304.0,137.0,0.0,5.0,2.0,8.62,1.47,8.15
2006/07/04,21.05,21.9,20.85,21.5,1823.0,39106.0,3.1175,1.6519,663.0,-5.0,440.0,2.0,437.0,12647.0,487.0,425.0,0.0,7.0,2.0,8.88,1.52,7.91
2006/07/05,21.8,21.8,21.25,21.4,562.0,12099.0,-0.4651,0.5092,263.0,0.0,0.0,-1.0,-1.0,12672.0,242.0,217.0,2.0,7.0,2.0,8.84,1.51,7.94
2006/07/06,21.05,21.5,21.05,21.5,424.0,9031.0,0.4673,0.3842,144.0,111.0,0.0,-1.0,110.0,12677.0,139.0,134.0,4.0,3.0,0.0,8.88,1.52,7.91
2006/07/07,21.5,21.5,21.1,21.25,396.0,8439.0,-1.1628,0.3588,147.0,-2.0,0.0,-2.0,-4.0,12694.0,163.0,146.0,0.0,3.0,0.0,8.78,1.5,8.0
2006/07/10,21.05,22.05,21.0,21.8,548.0,11931.0,2.5882,0.4966,272.0,0.0,303.0,0.0,303.0,12542.0,117.0,269.0,0.0,3.0,0.0,9.01,1.54,7.8
2006/07/11,22.0,23.3,22.0,23.3,1344.0,30960.0,6.8807,1.2178,397.0,0.0,154.0,0.0,154.0,12419.0,341.0,464.0,0.0,4.0,1.0,9.63,1.64,7.3
2006/07/12,23.7,24.85,23.7,24.3,6667.0,162572.0,4.2918,6.0411,2021.0,511.0,404.0,0.0,915.0,12019.0,2041.0,2441.0,1.0,55.0,52.0,10.04,1.71,7.0
2006/07/13,24.3,24.9,23.85,24.4,2281.0,55575.0,0.4115,2.0669,792.0,-2.0,-62.0,-1.0,-65.0,12467.0,1202.0,754.0,15.0,48.0,8.0,10.08,1.72,6.97
2006/07/14,24.0,24.1,23.45,23.5,907.0,21436.0,-3.6885,0.8218,310.0,68.0,33.0,0.0,101.0,12438.0,408.0,437.0,26.0,22.0,0.0,9.71,1.66,7.23
2006/07/17,23.5,23.7,21.95,22.55,927.0,20913.0,-4.0426,0.84,336.0,202.0,0.0,0.0,202.0,12359.0,384.0,463.0,1.0,21.0,0.0,9.32,1.59,7.54
2006/07/18,22.55,23.3,22.55,23.25,1063.0,24443.0,3.1042,0.9632,359.0,-2.0,0.0,0.0,-2.0,12506.0,447.0,285.0,2.0,42.0,23.0,9.61,1.64,7.31
2006/07/19,23.4,23.7,22.6,22.6,650.0,15150.0,-2.7957,0.589,264.0,-4.0,50.0,2.0,48.0,12489.0,324.0,311.0,17.0,25.0,0.0,9.34,1.59,7.52
2006/07/20,23.6,23.65,23.1,23.65,716.0,16802.0,4.646,0.6488,241.0,0.0,50.0,0.0,50.0,12505.0,278.0,262.0,1.0,25.0,1.0,9.77,1.67,7.19
2006/07/21,23.5,23.5,23.1,23.4,246.0,5743.0,-1.0571,0.2229,116.0,0.0,0.0,0.0,0.0,12507.0,117.0,115.0,0.0,25.0,0.0,9.67,1.65,7.26
2006/07/24,22.9,23.4,22.8,23.25,353.0,8174.0,-0.641,0.3199,116.0,4.0,0.0,0.0,4.0,12495.0,158.0,170.0,3.0,22.0,0.0,9.61,1.64,7.31
2006/07/25,23.7,24.2,23.55,23.8,1535.0,36613.0,2.3656,1.3909,533.0,300.0,160.0,0.0,460.0,12101.0,530.0,922.0,0.0,29.0,7.0,9.83,1.68,7.14
2006/07/26,23.8,24.45,23.5,24.15,1373.0,33170.0,1.4706,1.2441,496.0,0.0,0.0,20.0,20.0,12478.0,811.0,434.0,2.0,30.0,3.0,9.98,1.7,7.04
2006/07/27,24.2,24.35,23.85,24.2,1058.0,25567.0,0.207,0.9587,257.0,90.0,0.0,-1.0,89.0,12385.0,200.0,249.0,5.0,25.0,0.0,10.0,1.71,7.02
2006/07/28,24.0,25.2,24.0,24.65,1865.0,46101.0,1.8595,1.6899,604.0,118.0,-121.0,0.0,-3.0,12661.0,825.0,549.0,1.0,31.0,7.0,10.19,1.74,6.9
2006/07/31,25.0,25.6,24.85,24.85,1405.0,35414.0,0.8114,1.2731,488.0,119.0,0.0,0.0,119.0,12701.0,639.0,599.0,3.0,38.0,10.0,10.27,1.75,6.84
2006/08/01,25.25,25.25,24.5,24.8,509.0,12597.0,-0.2012,0.4612,190.0,0.0,37.0,0.0,37.0,12645.0,152.0,208.0,12.0,26.0,0.0,10.25,1.75,6.85
2006/08/02,24.8,25.1,24.2,24.6,874.0,21631.0,-0.8065,0.7919,272.0,0.0,51.0,1.0,52.0,12825.0,509.0,319.0,2.0,24.0,0.0,10.17,1.73,6.91
2006/08/03,24.7,25.3,24.7,25.15,1351.0,33836.0,2.2358,1.2242,415.0,0.0,0.0,-1.0,-1.0,12858.0,428.0,395.0,24.0,0.0,0.0,10.39,1.77,6.76
2006/08/04,25.3,25.3,24.5,24.5,639.0,15826.0,-2.5845,0.579,224.0,0.0,0.0,0.0,0.0,12609.0,0.0,249.0,0.0,0.0,0.0,10.12,1.73,6.94
2006/08/07,24.1,24.5,23.75,24.0,1208.0,29025.0,-2.0408,1.0946,276.0,0.0,-470.0,0.0,-470.0,12416.0,0.0,193.0,0.0,0.0,0.0,9.92,1.69,7.08
2006/08/08,24.2,24.6,24.0,24.6,2001.0,48837.0,2.5,1.8131,603.0,714.0,50.0,99.0,863.0,11479.0,0.0,937.0,0.0,0.0,0.0,10.17,1.73,6.91
2006/08/09,23.6,24.5,23.6,24.5,3108.0,74858.0,6.4507,2.8162,966.0,-358.0,346.0,-24.0,-36.0,11791.0,872.0,560.0,0.0,13.0,13.0,10.12,1.73,6.94
2006/08/10,25.1,26.2,24.8,26.15,8347.0,214221.0,6.7347,7.5634,2434.0,-356.0,650.0,891.0,1185.0,12435.0,2243.0,1599.0,2.0,64.0,53.0,10.81,1.84,6.5
2006/08/11,26.35,27.75,26.35,26.85,8159.0,222134.0,2.6769,7.393,2145.0,0.0,650.0,1622.0,2272.0,12118.0,2413.0,2730.0,1.0,196.0,133.0,11.1,1.89,6.33
2006/08/14,27.2,27.65,26.9,27.4,5640.0,154068.0,2.0484,5.1105,1436.0,0.0,930.0,-84.0,846.0,12242.0,1709.0,1585.0,10.0,304.0,118.0,11.32,1.93,6.2
2006/08/15,26.8,28.3,26.8,27.8,5657.0,157921.0,1.4599,5.1259,1559.0,0.0,645.0,56.0,701.0,12159.0,1772.0,1825.0,41.0,353.0,120.0,11.49,1.96,6.12
2006/08/16,28.2,28.4,27.55,28.0,4363.0,121769.0,0.7194,3.9534,1077.0,0.0,255.0,299.0,554.0,12378.0,1850.0,1631.0,41.0,389.0,77.0,11.57,1.97,6.07
2006/08/17,28.3,29.4,28.3,28.8,8451.0,244605.0,2.8571,7.6576,1938.0,0.0,3334.0,-4.0,3330.0,11822.0,2245.0,2801.0,27.0,551.0,189.0,11.9,2.03,5.9
2006/08/18,29.2,29.2,28.1,28.6,3813.0,109135.0,-0.6944,3.455,976.0,6.0,1237.0,167.0,1410.0,11210.0,1103.0,1715.0,103.0,466.0,18.0,11.82,2.26,5.94
2006/08/21,28.6,28.7,26.6,26.6,2812.0,76269.0,-6.993,2.548,833.0,13.0,-306.0,178.0,-115.0,11275.0,1064.0,991.0,269.0,192.0,0.0,10.86,2.11,6.39
2006/08/22,26.05,27.65,25.7,27.4,3355.0,89308.0,3.0075,3.04,1056.0,246.0,380.0,-72.0,554.0,11239.0,993.0,1029.0,40.0,191.0,39.0,11.18,2.17,6.2
2006/08/23,27.1,28.8,26.5,28.2,4854.0,135253.0,2.9197,4.3983,1472.0,0.0,1172.0,64.0,1236.0,11071.0,1151.0,1319.0,21.0,269.0,99.0,11.51,2.23,6.03
2006/08/24,28.2,30.0,28.2,29.7,6649.0,195342.0,5.3191,6.0248,2236.0,-257.0,706.0,-54.0,395.0,11278.0,2058.0,1850.0,28.0,486.0,246.0,12.12,2.35,5.72
2006/08/25,30.5,30.75,29.55,29.7,6206.0,187702.0,0.0,5.6234,2290.0,-5.0,1592.0,-240.0,1347.0,10948.0,1651.0,1981.0,37.0,581.0,132.0,12.12,2.35,5.72
2006/08/28,29.7,29.7,28.05,29.2,1970.0,56922.0,-1.6835,1.7851,801.0,0.0,-20.0,117.0,97.0,10722.0,706.0,931.0,238.0,332.0,0.0,11.92,2.31,5.82
2006/08/29,29.3,30.4,28.85,29.6,3153.0,94062.0,1.3699,2.857,1357.0,-3.0,260.0,175.0,432.0,10836.0,1201.0,1087.0,19.0,492.0,179.0,12.08,2.34,5.74
2006/08/30,29.8,30.45,28.5,28.7,3717.0,109243.0,-3.0405,3.368,1580.0,0.0,204.0,306.0,510.0,10780.0,1401.0,1457.0,131.0,374.0,13.0,11.71,2.27,5.92
2006/08/31,29.2,29.3,28.5,28.6,1983.0,57175.0,-0.3484,1.7968,831.0,0.0,0.0,38.0,38.0,10626.0,805.0,959.0,30.0,406.0,63.0,11.67,2.26,5.94
2006/09/01,28.6,29.4,28.6,28.75,1750.0,50508.0,0.5245,1.5857,739.0,0.0,0.0,-39.0,-39.0,10608.0,893.0,911.0,21.0,439.0,54.0,11.73,2.28,5.91
2006/09/04,29.0,29.3,28.3,28.3,2472.0,71309.0,-1.5652,2.2399,861.0,0.0,-385.0,213.0,-172.0,10469.0,915.0,1054.0,33.0,415.0,9.0,11.55,2.24,6.01
2006/09/05,28.3,28.55,27.35,28.0,2828.0,78841.0,-1.0601,2.5625,1106.0,93.0,-617.0,-261.0,-785.0,10963.0,1249.0,755.0,104.0,314.0,3.0,11.43,2.22,6.07
2006/09/06,28.0,29.95,28.0,29.2,13663.0,400402.0,4.2857,12.3803,3634.0,-500.0,-654.0,-903.0,-2057.0,12811.0,4819.0,2970.0,13.0,582.0,282.0,11.92,2.32,5.82
2006/09/07,28.4,29.2,27.7,28.4,3935.0,111621.0,-2.7397,3.5656,1310.0,0.0,181.0,-541.0,-360.0,12854.0,1588.0,1545.0,187.0,395.0,0.0,11.59,2.25,5.99
2006/09/08,29.0,29.75,28.7,29.1,6063.0,177899.0,2.4648,5.4938,2110.0,-123.0,950.0,-240.0,587.0,13039.0,2020.0,1827.0,27.0,533.0,165.0,11.88,2.31,5.84
2006/09/11,29.1,30.15,29.1,29.35,3986.0,118496.0,0.8591,3.6118,1353.0,10.0,0.0,-329.0,-319.0,12759.0,1644.0,1924.0,32.0,520.0,19.0,11.98,2.33,5.79
2006/09/12,29.3,29.3,27.7,27.9,2174.0,61821.0,-4.9404,1.9699,883.0,-257.0,0.0,94.0,-163.0,12152.0,810.0,1416.0,145.0,375.0,0.0,11.39,2.21,6.09
2006/09/13,28.0,28.55,27.15,27.6,1860.0,51555.0,-1.0753,1.6854,698.0,-1.0,-70.0,-68.0,-139.0,11657.0,603.0,1096.0,107.0,310.0,42.0,11.27,2.19,6.16
2006/09/14,27.7,27.7,25.7,26.0,2298.0,60743.0,-5.7971,2.0823,847.0,-2.0,-20.0,-46.0,-68.0,11455.0,821.0,1023.0,86.0,224.0,0.0,10.61,2.06,6.54
2006/09/15,26.0,26.4,25.65,26.4,3210.0,83458.0,1.5385,2.9086,838.0,0.0,-1639.0,168.0,-1471.0,12237.0,1136.0,354.0,78.0,206.0,60.0,10.78,2.09,6.44
2006/09/18,27.3,27.9,26.75,27.5,3511.0,96161.0,4.1667,3.1814,1071.0,0.0,0.0,-184.0,-184.0,11976.0,1451.0,1712.0,64.0,184.0,42.0,11.22,2.18,6.18
2006/09/19,27.5,27.8,27.1,27.15,1307.0,35748.0,-1.2727,1.1843,464.0,0.0,0.0,-4.0,-4.0,12049.0,648.0,573.0,8.0,179.0,5.0,11.08,2.15,6.26
2006/09/20,26.8,27.55,26.8,27.1,1027.0,27897.0,-0.1842,0.9306,380.0,0.0,-102.0,48.0,-54.0,11878.0,323.0,492.0,44.0,148.0,15.0,11.06,2.15,6.27
2006/09/21,27.6,28.15,27.2,27.55,2008.0,55672.0,1.6605,1.8195,746.0,0.0,-30.0,-160.0,-190.0,11890.0,740.0,708.0,6.0,156.0,16.0,11.24,2.18,6.17
2006/09/22,27.75,27.95,27.4,27.5,1406.0,38936.0,-0.1815,1.274,485.0,0.0,0.0,-120.0,-120.0,11850.0,287.0,296.0,5.0,176.0,25.0,11.22,2.18,6.18
2006/09/25,27.6,27.6,26.85,27.55,1363.0,37064.0,0.1818,1.235,442.0,5.0,25.0,25.0,55.0,11461.0,265.0,654.0,24.0,153.0,1.0,11.24,2.18,6.17
2006/09/26,27.55,27.9,27.4,27.5,742.0,20480.0,-0.1815,0.6723,312.0,0.0,0.0,-3.0,-3.0,11505.0,345.0,301.0,4.0,164.0,15.0,11.22,2.18,6.18
2006/09/27,27.75,29.15,27.75,28.9,4627.0,131890.0,5.0909,4.1926,1398.0,0.0,-30.0,-147.0,-177.0,11473.0,1503.0,1525.0,10.0,255.0,101.0,11.8,2.29,5.88
2006/09/28,28.9,29.3,28.0,28.3,2092.0,59651.0,-2.0761,1.8956,568.0,200.0,0.0,10.0,210.0,11399.0,898.0,971.0,29.0,232.0,7.0,11.55,2.24,6.01
2006/09/29,28.8,29.7,28.6,29.2,6569.0,192698.0,3.1802,5.9418,1871.0,-20.0,405.0,-13.0,372.0,10971.0,1610.0,2065.0,9.0,371.0,151.0,11.92,2.32,5.82
2006/10/02,29.3,29.3,28.6,28.65,1402.0,40350.0,-1.8836,1.2681,433.0,6.0,0.0,-91.0,-85.0,10915.0,584.0,570.0,124.0,247.0,0.0,11.69,2.27,5.93
2006/10/03,28.9,29.1,28.65,28.65,1113.0,32133.0,0.0,1.0067,398.0,-6.0,0.0,-99.0,-105.0,10928.0,479.0,466.0,6.0,288.0,47.0,11.69,2.27,5.93
2006/10/04,28.7,29.9,28.6,29.4,4465.0,131476.0,2.6178,4.0387,1264.0,0.0,88.0,-19.0,69.0,11371.0,1830.0,1382.0,23.0,381.0,116.0,12.0,2.33,5.78
2006/10/05,29.6,29.9,28.9,29.2,2066.0,60581.0,-0.6803,1.8687,693.0,0.0,32.0,45.0,77.0,11517.0,931.0,784.0,80.0,306.0,5.0,11.92,2.32,5.82
2006/10/11,29.0,29.85,28.3,28.4,1802.0,52155.0,-2.7397,1.6299,583.0,2.0,0.0,-44.0,-42.0,11711.0,853.0,659.0,43.0,263.0,3.0,11.59,2.25,5.99
2006/10/12,28.8,28.8,27.4,27.6,1623.0,45587.0,-2.8169,1.468,665.0,-2.0,-400.0,-18.0,-420.0,11609.0,532.0,544.0,48.0,217.0,2.0,11.27,2.19,6.16
2006/10/13,28.05,29.5,27.9,29.5,3717.0,107258.0,6.8841,3.3621,1096.0,0.0,420.0,-112.0,308.0,11809.0,1268.0,1068.0,43.0,245.0,71.0,12.04,2.34,5.76
2006/10/14,30.2,31.3,29.0,29.2,7891.0,239037.0,-1.0169,7.1376,2164.0,0.0,-342.0,340.0,-2.0,11995.0,2800.0,2614.0,57.0,230.0,42.0,11.92,2.32,5.82
2006/10/16,29.1,29.4,28.7,28.8,2378.0,68993.0,-1.3699,2.1509,739.0,0.0,0.0,-80.0,-80.0,11525.0,488.0,958.0,23.0,228.0,21.0,11.76,2.28,5.9
2006/10/17,28.8,29.35,28.65,28.8,1614.0,46734.0,0.0,1.4599,515.0,0.0,0.0,-11.0,-11.0,11505.0,521.0,541.0,17.0,411.0,200.0,11.76,2.28,5.9
2006/10/18,28.7,29.0,28.5,28.6,854.0,24515.0,-0.6944,0.7725,288.0,-5.0,0.0,0.0,-5.0,11351.0,297.0,451.0,23.0,412.0,24.0,11.67,2.27,5.94
2006/10/19,28.8,29.6,28.8,29.0,2536.0,74233.0,1.3986,2.2939,750.0,0.0,0.0,-133.0,-133.0,11818.0,1057.0,590.0,12.0,555.0,155.0,11.84,2.3,5.86
2006/10/20,29.3,29.6,28.85,28.95,1452.0,42538.0,-0.1724,1.3134,524.0,0.0,-254.0,-10.0,-264.0,11786.0,565.0,597.0,4.0,605.0,54.0,11.82,2.3,5.87
2006/10/23,29.0,29.1,28.05,28.4,1083.0,30773.0,-1.8998,0.9796,440.0,0.0,-30.0,50.0,20.0,11523.0,377.0,640.0,49.0,556.0,0.0,11.59,2.25,5.99
2006/10/24,28.5,29.15,28.4,28.4,1580.0,45396.0,0.0,1.4291,645.0,1.0,-488.0,-9.0,-496.0,11825.0,790.0,448.0,23.0,536.0,3.0,11.59,2.25,5.99
2006/10/25,28.4,28.75,28.3,28.4,787.0,22403.0,0.0,0.7119,336.0,0.0,0.0,-100.0,-100.0,11789.0,289.0,325.0,12.0,539.0,15.0,11.59,2.25,5.99
2006/10/26,30.1,30.35,29.6,30.35,4109.0,124288.0,6.8662,3.7167,916.0,300.0,-78.0,-420.0,-198.0,13479.0,2707.0,1017.0,4.0,682.0,147.0,12.39,2.21,5.6
2006/10/27,30.5,30.5,28.9,29.5,8134.0,242080.0,-2.8007,7.3574,1927.0,445.0,-2920.0,130.0,-2345.0,14119.0,3940.0,3300.0,54.0,664.0,36.0,10.31,2.15,5.76
2006/10/30,29.6,30.15,29.1,30.15,3203.0,95309.0,2.2034,2.8972,1225.0,16.0,0.0,-1.0,15.0,13932.0,1359.0,1546.0,2.0,730.0,69.0,10.54,2.19,5.64
2006/10/31,30.5,32.25,30.2,31.7,12529.0,395425.0,5.141,11.3327,4403.0,-267.0,0.0,20.0,-247.0,14447.0,4171.0,3656.0,21.0,1091.0,383.0,11.08,2.31,5.36
2006/11/01,31.7,32.85,31.3,32.2,10565.0,338505.0,1.5773,9.5562,3593.0,-211.0,711.0,1050.0,1550.0,14926.0,3175.0,2696.0,82.0,1259.0,250.0,11.26,2.34,5.28
2006/11/02,32.2,34.2,31.8,33.55,10246.0,339018.0,4.1925,9.2677,3418.0,-5.0,764.0,335.0,1094.0,15475.0,3418.0,2867.0,57.0,1564.0,365.0,11.73,2.44,5.07
2006/11/03,34.2,34.7,33.25,33.35,7275.0,246400.0,-0.5961,6.5804,2440.0,2.0,7.0,-35.0,-26.0,15443.0,3185.0,3217.0,55.0,1647.0,138.0,11.66,2.43,5.1
2006/11/06,32.3,35.65,32.3,35.3,11871.0,408781.0,5.8471,10.7375,4407.0,-23.0,-628.0,-675.0,-1326.0,16896.0,4743.0,3309.0,163.0,1824.0,340.0,12.34,2.57,4.82
2006/11/07,35.9,37.5,34.75,35.8,14478.0,523267.0,1.4164,13.0956,5006.0,-2.0,1375.0,-92.0,1281.0,16691.0,4903.0,5108.0,82.0,2087.0,345.0,12.52,2.61,4.75
2006/11/08,36.9,37.8,36.2,36.85,13290.0,491211.0,2.933,12.0211,4212.0,-445.0,-180.0,-585.0,-1210.0,18191.0,5552.0,4052.0,75.0,2564.0,552.0,12.88,2.68,4.61
2006/11/09,36.0,36.3,34.3,34.3,9093.0,319362.0,-6.9199,8.2248,3416.0,16.0,-824.0,-151.0,-959.0,18447.0,3722.0,3466.0,632.0,1930.0,0.0,11.99,2.5,4.96
2006/11/10,33.25,34.0,32.6,33.2,7513.0,249630.0,-3.207,6.7957,2234.0,-837.0,-1054.0,-15.0,-1906.0,19037.0,2906.0,2298.0,324.0,1595.0,0.0,11.61,2.42,5.12
2006/11/13,33.2,33.5,32.35,32.4,4825.0,158154.0,-2.4096,4.3643,1642.0,-69.0,-920.0,-18.0,-1007.0,19668.0,2383.0,1749.0,190.0,1409.0,4.0,11.33,2.36,5.25
2006/11/14,32.6,33.7,32.6,33.1,6395.0,212994.0,2.1605,5.7844,2187.0,-15.0,-555.0,970.0,400.0,19321.0,2390.0,2737.0,17.0,1433.0,41.0,11.57,2.41,5.14
2006/11/15,33.85,34.0,32.85,33.4,5177.0,173725.0,0.9063,4.6827,1987.0,-52.0,-100.0,22.0,-130.0,19161.0,2157.0,2317.0,33.0,1435.0,67.0,11.68,2.43,5.09
2006/11/16,33.95,35.5,33.65,34.25,6527.0,226323.0,2.5449,5.9038,2572.0,0.0,0.0,-15.0,-15.0,18991.0,2836.0,3006.0,28.0,1498.0,91.0,11.98,2.49,4.96
2006/11/17,35.2,36.6,35.0,36.6,14906.0,538559.0,6.8613,13.4828,4499.0,-2.0,90.0,235.0,323.0,19821.0,5591.0,4760.0,20.0,2114.0,638.0,12.8,2.66,4.64
2006/11/20,36.6,36.85,35.6,35.8,8142.0,295354.0,-2.1858,7.3646,2963.0,-7.0,0.0,-259.0,-266.0,19492.0,3606.0,3935.0,275.0,1851.0,12.0,12.52,2.61,4.75
2006/11/21,36.3,38.3,36.3,38.3,11491.0,432583.0,6.9832,10.3938,3911.0,-3.0,340.0,-297.0,40.0,20283.0,5034.0,4243.0,16.0,2287.0,461.0,13.39,2.79,4.44
2006/11/22,39.3,40.0,37.55,37.75,18692.0,728079.0,-1.436,16.9073,6117.0,1209.0,211.0,-200.0,1220.0,19086.0,7453.0,8650.0,213.0,2468.0,394.0,13.2,2.75,4.5
2006/11/23,38.0,39.0,37.5,37.5,9846.0,375689.0,-0.6623,8.9059,3372.0,-1.0,47.0,-150.0,-104.0,20495.0,4429.0,3020.0,171.0,2599.0,303.0,13.11,2.73,4.53
2006/11/24,37.15,38.35,36.8,38.0,6551.0,247630.0,1.3333,5.9255,2641.0,0.0,-300.0,125.0,-175.0,20769.0,2647.0,2373.0,229.0,2494.0,125.0,13.29,2.77,4.45
2006/11/27,38.0,38.9,37.3,37.6,6166.0,234159.0,-1.0526,5.5773,2103.0,0.0,-108.0,-400.0,-508.0,20634.0,2726.0,2861.0,182.0,2322.0,12.0,13.15,2.74,4.49
2006/11/28,37.0,38.5,37.0,37.0,4601.0,172833.0,-1.5957,4.1617,1763.0,4.0,-700.0,-156.0,-852.0,21139.0,2345.0,1840.0,202.0,2174.0,54.0,12.94,2.69,4.57
2006/11/29,37.8,38.5,37.1,37.2,8046.0,304470.0,0.5405,7.2778,2930.0,-6.0,-200.0,126.0,-80.0,21095.0,3304.0,3331.0,107.0,2290.0,223.0,13.01,2.71,4.54
2006/11/30,37.5,38.0,37.15,37.7,3738.0,140429.0,1.3441,3.3802,1325.0,0.0,-300.0,0.0,-300.0,21263.0,1585.0,1399.0,182.0,2311.0,203.0,13.18,2.74,4.48
2006/12/01,37.7,39.3,37.6,37.65,8517.0,327578.0,-0.1326,7.7017,3038.0,2.0,0.0,90.0,92.0,21546.0,3338.0,3049.0,104.0,2543.0,336.0,13.16,2.74,4.49
2006/12/04,37.0,38.2,36.9,37.0,3983.0,148060.0,-1.7264,3.6017,1588.0,0.0,-615.0,-85.0,-700.0,21565.0,1835.0,1816.0,183.0,2365.0,5.0,12.94,2.69,4.57
2006/12/05,37.9,37.9,36.5,36.8,3610.0,134270.0,-0.5405,3.2644,1558.0,-3.0,-133.0,-50.0,-186.0,21431.0,1616.0,1690.0,158.0,2334.0,127.0,12.87,2.68,4.59
2006/12/06,37.0,37.2,36.3,36.55,2620.0,95948.0,-0.6793,2.3692,1231.0,1.0,0.0,0.0,1.0,20994.0,1034.0,1471.0,80.0,2342.0,88.0,12.82,2.67,4.62
2006/12/07,36.8,37.8,36.2,36.85,4723.0,175989.0,0.8208,4.2709,2037.0,-1.0,-165.0,530.0,364.0,21087.0,1714.0,1621.0,218.0,2418.0,294.0,12.93,2.69,4.59
2006/12/08,36.6,37.7,36.6,36.85,5224.0,193958.0,0.0,4.7239,1974.0,178.0,-20.0,-171.0,-13.0,20894.0,1997.0,2190.0,126.0,2491.0,199.0,12.93,2.69,4.59
2006/12/11,36.15,36.15,34.35,34.35,6303.0,219664.0,-6.7843,5.6972,2333.0,2.0,-120.0,-678.0,-796.0,20682.0,2036.0,2248.0,634.0,1857.0,0.0,12.05,2.51,4.92
2006/12/12,34.2,35.2,33.1,35.15,5830.0,199474.0,2.329,5.2696,2292.0,19.0,-955.0,0.0,-936.0,21277.0,2051.0,1456.0,188.0,1748.0,79.0,12.33,2.56,4.81
2006/12/13,36.0,36.75,35.3,36.1,7330.0,264222.0,2.7027,6.6254,3094.0,-12.0,100.0,1.0,89.0,21553.0,2512.0,2234.0,51.0,2117.0,422.0,12.67,2.63,4.68
2006/12/14,36.45,36.7,35.6,36.1,4176.0,151395.0,0.0,3.7746,1585.0,-19.0,0.0,0.0,-19.0,21721.0,1487.0,1313.0,180.0,2083.0,154.0,12.67,2.63,4.68
2006/12/15,36.2,36.5,35.1,35.3,3555.0,126602.0,-2.2161,3.2133,1468.0,2.0,-1100.0,0.0,-1098.0,22117.0,1590.0,1194.0,179.0,1909.0,15.0,12.39,2.57,4.79
2006/12/18,35.3,35.65,34.8,35.15,2602.0,91805.0,-0.4249,2.3519,1065.0,3.0,-70.0,0.0,-67.0,22128.0,934.0,923.0,106.0,1847.0,69.0,12.33,2.56,4.81
2006/12/19,35.1,36.45,35.0,35.85,4076.0,146680.0,1.9915,3.6842,1671.0,295.0,0.0,0.0,295.0,21980.0,1601.0,1719.0,78.0,1933.0,164.0,12.58,2.61,4.71
2006/12/20,36.2,37.5,35.8,36.5,6040.0,223187.0,1.8131,5.4594,2331.0,9.0,0.0,252.0,261.0,21996.0,2739.0,2722.0,110.0,1943.0,122.0,12.81,2.66,4.63
2006/12/21,36.85,37.15,35.5,35.6,3293.0,119039.0,-2.4658,2.9765,1475.0,-7.0,-100.0,-199.0,-306.0,22181.0,1527.0,1341.0,74.0,1928.0,59.0,12.49,2.6,4.75
2006/12/22,35.1,37.2,35.1,36.4,6886.0,249805.0,2.2472,6.2241,2471.0,-299.0,-100.0,80.0,-319.0,22716.0,2269.0,1734.0,108.0,2005.0,185.0,12.77,2.65,4.64
2006/12/25,36.0,37.15,35.75,36.5,4010.0,146696.0,0.2747,3.6246,1570.0,-1.0,0.0,0.0,-1.0,22642.0,1437.0,1511.0,696.0,1420.0,111.0,12.81,2.66,4.63
2006/12/26,37.1,38.75,36.8,38.15,11448.0,436364.0,4.5205,10.3476,3897.0,1.0,120.0,168.0,289.0,21352.0,3624.0,4832.0,251.0,1385.0,216.0,13.39,2.78,4.43
2006/12/27,39.0,39.25,37.2,37.2,5514.0,210145.0,-2.4902,4.984,1999.0,0.0,30.0,-22.0,8.0,20910.0,2735.0,3177.0,106.0,1285.0,6.0,13.05,2.71,4.54
2006/12/28,37.3,37.5,36.0,36.0,3286.0,120094.0,-3.2258,2.9702,1321.0,0.0,0.0,2.0,2.0,20560.0,1437.0,1785.0,201.0,1082.0,1.0,12.63,2.63,4.69
2006/12/29,36.3,37.35,36.3,37.0,3858.0,142847.0,2.7778,3.4719,1400.0,7.0,0.0,2.0,9.0,20502.0,1380.0,1438.0,39.0,1093.0,50.0,12.98,2.7,4.57
2007/01/02,37.6,39.55,37.2,39.55,11612.0,456041.0,6.8919,10.4498,3118.0,3.0,185.0,-20.0,168.0,19403.0,3731.0,4805.0,30.0,1369.0,311.0,13.88,2.88,4.27
2007/01/03,40.0,42.3,39.65,42.3,20527.0,846871.0,6.9532,18.4725,5416.0,11.0,255.0,-260.0,6.0,22378.0,9346.0,6360.0,209.0,2128.0,968.0,14.84,3.09,4.0
2007/01/04,42.75,45.25,42.75,45.25,11298.0,498727.0,6.974,10.1672,3358.0,-7.0,0.0,80.0,73.0,21878.0,3572.0,4071.0,108.0,3226.0,1206.0,15.88,3.3,3.73
2007/01/05,48.4,48.4,48.4,48.4,4372.0,211614.0,6.9613,3.9344,878.0,0.0,200.0,0.0,200.0,22034.0,2173.0,2017.0,50.0,3640.0,461.0,16.98,3.53,3.49
2007/01/08,51.7,51.7,45.6,47.0,31029.0,1548986.0,-2.8926,27.9234,6803.0,-5.0,-50.0,20.0,-35.0,24123.0,10487.0,8387.0,555.0,4833.0,1762.0,16.49,3.43,3.6
2007/01/09,47.0,50.2,46.8,50.2,13318.0,649448.0,6.8085,11.985,3392.0,98.0,33.0,180.0,311.0,23201.0,2306.0,3158.0,681.0,6234.0,2152.0,17.61,3.66,3.37
2007/01/10,52.9,53.7,50.3,53.6,15658.0,835245.0,6.7729,14.0908,3652.0,-101.0,1647.0,128.0,1674.0,21419.0,3785.0,5560.0,1144.0,6763.0,1656.0,18.81,3.91,3.15
2007/01/11,53.2,56.8,51.6,54.0,14893.0,804365.0,0.7463,13.4024,5240.0,-1209.0,915.0,169.0,-125.0,21170.0,4120.0,4330.0,1353.0,5997.0,590.0,18.95,3.94,3.13
2007/01/12,56.5,57.7,53.5,57.7,9319.0,516636.0,6.8519,8.3863,3421.0,-179.0,221.0,-211.0,-169.0,22938.0,4059.0,2276.0,350.0,6518.0,884.0,20.25,4.21,2.93
2007/01/15,58.2,58.2,53.7,53.7,5607.0,311125.0,-6.9324,5.0458,1748.0,69.0,20.0,147.0,236.0,21425.0,2059.0,3562.0,625.0,5889.0,17.0,18.84,3.92,3.15
2007/01/16,51.8,52.9,50.5,51.5,5303.0,273797.0,-4.0968,4.7722,1698.0,17.0,-380.0,165.0,-198.0,20995.0,1661.0,2091.0,1459.0,4429.0,0.0,18.07,3.76,3.28
2007/01/17,51.1,55.1,51.1,55.1,6001.0,323093.0,6.9903,5.4004,2095.0,37.0,70.0,-40.0,67.0,21284.0,2707.0,2412.0,189.0,4723.0,493.0,19.33,4.02,3.07
2007/01/18,55.0,56.5,53.8,55.7,6842.0,380031.0,1.0889,6.1572,2171.0,-22.0,230.0,128.0,336.0,21636.0,2916.0,2563.0,299.0,4632.0,219.0,19.54,4.06,3.03
2007/01/19,56.1,59.5,56.1,58.9,10508.0,618565.0,5.7451,9.4563,2597.0,-1.0,860.0,-20.0,839.0,21404.0,4125.0,4357.0,209.0,5142.0,754.0,20.67,4.3,2.87
2007/01/22,59.5,60.5,56.0,56.0,11733.0,689322.0,-4.9236,10.5587,3961.0,57.0,800.0,591.0,1448.0,21095.0,4893.0,5153.0,564.0,4777.0,218.0,19.65,4.08,3.02
2007/01/23,56.0,57.5,55.8,56.9,5520.0,312125.0,1.6071,4.9675,2127.0,73.0,0.0,-20.0,53.0,20511.0,2112.0,2695.0,345.0,4662.0,231.0,19.96,4.15,2.97
2007/01/24,56.9,57.8,53.8,54.4,6614.0,366454.0,-4.3937,5.952,2507.0,59.0,-290.0,-162.0,-393.0,20197.0,2834.0,3130.0,590.0,4009.0,2.0,19.09,3.97,3.11
2007/01/25,54.9,55.0,50.7,51.8,6471.0,340334.0,-4.7794,5.8233,2583.0,-1.0,-289.0,-339.0,-629.0,20105.0,2446.0,2478.0,748.0,3283.0,22.0,18.18,3.78,3.26
2007/01/26,51.5,54.9,51.4,54.2,7309.0,390975.0,4.6332,6.5775,3153.0,0.0,-130.0,6.0,-124.0,21122.0,3288.0,2256.0,50.0,3588.0,355.0,19.02,3.95,3.12
2007/01/29,54.2,54.2,51.7,51.7,3668.0,192718.0,-4.6125,3.3009,1528.0,-55.0,-450.0,-1.0,-506.0,20656.0,1806.0,2222.0,263.0,3326.0,1.0,18.14,3.77,3.27
2007/01/30,51.5,52.3,49.5,50.4,3268.0,165433.0,-2.5145,2.9409,1341.0,10.0,-347.0,-52.0,-389.0,20631.0,1664.0,1684.0,403.0,2922.0,8.0,17.68,3.68,3.35
2007/01/31,50.9,52.2,49.6,50.6,4469.0,227494.0,0.3968,4.0053,2213.0,10.0,0.0,-14.0,-4.0,20476.0,1606.0,1761.0,245.0,2896.0,221.0,17.75,3.69,3.34
2007/02/01,51.1,51.3,48.6,48.6,2794.0,139146.0,-3.9526,2.5041,1367.0,-1.0,-170.0,30.0,-141.0,20297.0,1239.0,1416.0,320.0,2589.0,13.0,17.05,3.54,3.48
2007/02/02,49.25,51.8,49.0,50.6,6302.0,318740.0,4.1152,5.6481,2533.0,-48.0,0.0,21.0,-27.0,21018.0,2595.0,1858.0,220.0,2627.0,258.0,17.75,3.69,3.34
2007/02/05,50.6,50.6,48.6,50.0,2612.0,129240.0,-1.1858,2.341,1152.0,9.0,0.0,-345.0,-336.0,21174.0,1303.0,1156.0,235.0,2393.0,1.0,17.54,3.65,3.38
2007/02/06,50.0,51.8,49.2,51.8,5402.0,275719.0,3.6,4.8415,2362.0,-111.0,-100.0,113.0,-98.0,21544.0,2266.0,1896.0,86.0,2427.0,120.0,18.18,3.78,3.26
2007/02/07,52.5,54.9,51.8,53.0,13791.0,740661.0,2.3166,12.36,5321.0,2410.0,175.0,459.0,3044.0,21343.0,4130.0,4326.0,45.0,2819.0,443.0,18.6,3.87,3.19
2007/02/08,54.0,56.7,54.0,56.7,15971.0,890205.0,6.9811,14.3138,5507.0,1454.0,830.0,907.0,3191.0,21245.0,5319.0,5417.0,71.0,4250.0,1502.0,19.89,4.14,2.98
2007/02/09,57.6,59.7,57.5,57.7,12401.0,727446.0,1.7637,11.1142,5378.0,200.0,36.0,115.0,351.0,20528.0,4648.0,5363.0,460.0,4310.0,522.0,20.25,4.21,2.93
2007/02/12,57.1,58.2,55.0,55.5,5191.0,292597.0,-3.8128,4.6524,2163.0,0.0,622.0,70.0,692.0,19379.0,2030.0,3179.0,592.0,3752.0,34.0,19.47,4.05,3.05
2007/02/13,55.5,57.4,51.8,54.1,8617.0,474430.0,-2.5225,7.7228,3291.0,-1592.0,100.0,-110.0,-1602.0,20207.0,3483.0,2625.0,840.0,3011.0,100.0,18.98,3.82,3.12
2007/02/14,54.1,56.7,53.1,55.9,8081.0,448365.0,3.3272,7.2425,3580.0,-76.0,51.0,214.0,189.0,19968.0,2806.0,2924.0,92.0,3304.0,390.0,24.63,3.95,3.02
2007/02/26,57.2,59.1,57.2,58.0,10156.0,591062.0,3.7567,9.1022,3361.0,-1149.0,75.0,3.0,-1071.0,21351.0,4262.0,2879.0,51.0,3506.0,253.0,25.55,4.1,2.91
2007/02/27,58.5,62.0,57.4,60.3,18177.0,1098100.0,3.9655,16.2741,6576.0,-1192.0,-150.0,161.0,-1181.0,22800.0,6541.0,5092.0,265.0,3735.0,494.0,26.56,4.26,2.8
2007/03/01,57.1,60.5,57.1,59.2,6945.0,409409.0,-1.8242,6.2179,2824.0,0.0,-212.0,-26.0,-238.0,21829.0,2451.0,3421.0,265.0,3510.0,40.0,26.08,4.18,2.85
2007/03/02,60.1,62.4,59.6,60.5,10592.0,645422.0,2.1959,9.4831,4279.0,1.0,150.0,-590.0,-439.0,22178.0,3851.0,3502.0,104.0,3935.0,529.0,26.65,4.27,2.79
2007/03/03,60.5,61.3,57.8,59.3,6493.0,386647.0,-1.9835,5.8133,2819.0,0.0,-129.0,14.0,-115.0,22127.0,3058.0,3109.0,318.0,3702.0,85.0,26.12,4.19,2.85
2007/03/05,56.3,58.6,55.2,55.2,4375.0,246314.0,-6.914,3.917,1998.0,-5.0,-100.0,-325.0,-430.0,21418.0,1714.0,2420.0,599.0,3103.0,0.0,24.32,3.9,3.06
2007/03/06,55.2,55.4,51.4,54.2,5287.0,283099.0,-1.8116,4.7335,2354.0,0.0,-301.0,-310.0,-611.0,22321.0,2651.0,1742.0,305.0,2803.0,5.0,23.88,3.83,3.12
2007/03/07,54.8,57.0,54.0,55.1,7564.0,422095.0,1.6605,6.7721,3587.0,-24.0,0.0,-952.0,-976.0,22277.0,2406.0,2450.0,131.0,3108.0,436.0,24.27,3.89,3.07
2007/03/08,56.5,58.9,55.6,58.9,8127.0,467678.0,6.8966,7.2762,3451.0,149.0,0.0,-112.0,37.0,22868.0,3345.0,2753.0,120.0,3406.0,419.0,25.95,4.16,2.87
2007/03/09,60.9,60.9,58.3,58.8,7571.0,451020.0,-0.1698,6.7784,3143.0,-185.0,60.0,-4.0,-129.0,22871.0,3519.0,3515.0,176.0,3382.0,153.0,25.9,4.15,2.87
2007/03/12,60.3,62.9,60.3,62.9,11285.0,699652.0,6.9728,10.1036,3891.0,-3.0,30.0,441.0,468.0,23037.0,4087.0,3921.0,93.0,4421.0,1132.0,27.71,4.44,2.69
2007/03/13,65.5,66.8,63.9,65.3,15914.0,1040562.0,3.8156,14.248,6072.0,551.0,955.0,190.0,1696.0,22685.0,4531.0,4883.0,603.0,4383.0,566.0,28.77,4.61,2.59
2007/03/14,63.0,65.8,62.2,65.3,9409.0,606964.0,0.0,8.424,3900.0,-3.0,-517.0,-144.0,-664.0,22556.0,3616.0,3744.0,558.0,3875.0,75.0,28.77,4.61,2.59
2007/03/15,66.9,69.4,66.3,67.7,10596.0,720133.0,3.6753,9.4867,4600.0,-7.0,0.0,0.0,-7.0,22299.0,3821.0,4072.0,155.0,4091.0,383.0,29.82,4.78,2.5
2007/03/16,67.7,68.9,65.2,65.7,8238.0,550256.0,-2.9542,7.3756,3737.0,15.0,-800.0,-41.0,-826.0,23585.0,3928.0,2634.0,411.0,3696.0,30.0,28.94,4.64,2.57
2007/03/19,65.7,65.8,63.0,63.4,5342.0,344643.0,-3.5008,4.7828,2457.0,53.0,-295.0,141.0,-101.0,23046.0,2141.0,2658.0,285.0,3450.0,40.0,27.93,4.48,2.67
2007/03/20,65.0,65.3,63.1,63.2,4938.0,316000.0,-0.3155,4.421,2289.0,47.0,-516.0,0.0,-469.0,23079.0,1953.0,1918.0,95.0,3529.0,175.0,27.84,4.46,2.67
2007/03/21,63.5,64.2,62.0,63.8,3885.0,245456.0,0.9494,3.4783,1889.0,10.0,0.0,9.0,19.0,22965.0,1352.0,1459.0,178.0,3513.0,162.0,28.11,4.51,2.65
2007/03/22,65.0,66.8,64.3,65.0,8102.0,531377.0,1.8809,7.2538,3860.0,165.0,40.0,100.0,305.0,23241.0,3020.0,2744.0,476.0,3199.0,163.0,28.63,4.59,2.6
2007/03/23,65.0,66.6,64.5,66.0,7216.0,474782.0,1.5385,6.4606,3374.0,-138.0,125.0,34.0,21.0,23393.0,2592.0,2437.0,156.0,3206.0,170.0,29.07,4.66,2.56
2007/03/26,66.5,68.8,66.4,67.7,6616.0,446993.0,2.5758,5.9234,3048.0,-59.0,436.0,-76.0,301.0,23088.0,2580.0,2878.0,315.0,2979.0,105.0,29.82,4.78,2.5
2007/03/27,68.4,70.9,67.4,67.8,11494.0,795237.0,0.1477,10.2907,5209.0,-27.0,456.0,-640.0,-211.0,22998.0,3722.0,3812.0,429.0,2830.0,285.0,29.87,4.79,2.49
2007/03/28,68.3,68.4,65.8,66.0,4348.0,290764.0,-2.6549,3.8928,2107.0,10.0,-103.0,-15.0,-108.0,22478.0,1739.0,1941.0,383.0,2489.0,42.0,29.07,4.66,2.56
2007/03/29,65.1,68.4,65.1,67.5,5203.0,349578.0,2.2727,4.6583,2405.0,90.0,-760.0,0.0,-670.0,22991.0,2106.0,1583.0,270.0,2313.0,104.0,29.74,4.77,2.5
2007/03/30,68.0,68.4,66.1,66.2,3712.0,248281.0,-1.9259,3.3123,1715.0,12.0,0.0,5.0,17.0,22844.0,1832.0,1975.0,515.0,1794.0,0.0,29.16,4.68,2.55
2007/04/02,66.7,67.8,63.8,63.8,4715.0,309013.0,-3.6254,4.2073,2220.0,47.0,-221.0,95.0,-79.0,21943.0,1838.0,2739.0,656.0,1128.0,0.0,28.11,4.51,2.65
2007/04/03,64.0,65.6,62.0,65.6,5306.0,335945.0,2.8213,4.7347,2377.0,131.0,-1225.0,17.0,-1077.0,21986.0,1819.0,1774.0,1030.0,89.0,0.0,28.9,4.63,2.58
2007/04/04,65.4,65.4,63.0,63.2,2344.0,149449.0,-3.6585,2.0916,1104.0,4.0,-170.0,123.0,-43.0,20668.0,0.0,1310.0,1.0,0.0,0.0,27.84,4.49,2.67
2007/04/09,62.5,62.5,58.8,58.8,2552.0,152937.0,-6.962,2.2772,1278.0,5.0,-573.0,34.0,-534.0,19835.0,0.0,830.0,0.0,0.0,0.0,26.02,4.18,2.87
2007/04/10,57.0,60.9,56.2,60.0,3983.0,230936.0,2.0408,3.5542,1953.0,34.0,-880.0,41.0,-805.0,19031.0,0.0,804.0,0.0,0.0,0.0,26.55,4.26,2.82
2007/04/11,60.0,62.0,60.0,61.3,4381.0,268007.0,2.1667,3.9093,2222.0,-8.0,100.0,-40.0,52.0,20451.0,2081.0,661.0,0.0,192.0,192.0,27.12,4.35,2.76
2007/04/12,61.0,62.6,60.7,61.3,3364.0,207675.0,0.0,3.0018,1568.0,-64.0,-135.0,-32.0,-231.0,20956.0,1265.0,759.0,15.0,327.0,150.0,27.12,4.35,2.76
2007/04/13,61.4,61.8,59.0,59.0,2490.0,150165.0,-3.752,2.2219,1237.0,60.0,0.0,17.0,77.0,21131.0,1113.0,917.0,157.0,184.0,14.0,26.11,4.19,2.86
2007/04/14,59.0,60.0,58.5,58.8,2201.0,130071.0,-0.339,1.964,1035.0,0.0,-215.0,9.0,-206.0,21299.0,891.0,723.0,30.0,456.0,302.0,26.02,4.18,2.87
2007/04/16,58.0,59.4,56.2,56.4,2645.0,151341.0,-4.0816,2.3602,1359.0,-7.0,0.0,-25.0,-32.0,21171.0,894.0,1020.0,23.0,454.0,21.0,24.96,4.01,3.0
2007/04/17,56.4,57.4,55.2,55.2,2235.0,125980.0,-2.1277,1.9944,1217.0,0.0,0.0,-250.0,-250.0,21285.0,872.0,757.0,41.0,515.0,102.0,24.42,3.92,3.06
2007/04/18,55.2,58.5,55.2,58.0,2874.0,164820.0,5.0725,2.5646,1555.0,3.0,0.0,-89.0,-86.0,21656.0,1301.0,930.0,59.0,569.0,113.0,25.66,4.12,2.91
2007/04/19,58.0,59.4,57.3,59.0,4427.0,258600.0,1.7241,3.9504,1678.0,4.0,0.0,54.0,58.0,21623.0,1369.0,1402.0,18.0,995.0,444.0,26.11,4.19,2.86
2007/04/20,59.0,61.5,59.0,59.5,4489.0,271170.0,0.8475,4.0057,2113.0,-19.0,0.0,-35.0,-54.0,22176.0,2089.0,1535.0,41.0,1054.0,100.0,26.33,4.23,2.84
2007/04/23,60.1,61.0,58.5,58.7,2266.0,135425.0,-1.3445,2.022,1132.0,-15.0,0.0,6.0,-9.0,22271.0,973.0,876.0,61.0,1083.0,92.0,25.97,4.17,2.88
2007/04/24,58.7,59.6,58.2,58.9,1562.0,92215.0,0.3407,1.3938,806.0,31.0,0.0,0.0,31.0,22255.0,633.0,645.0,74.0,1081.0,72.0,26.06,4.18,2.87
2007/04/25,58.9,59.8,58.7,58.9,1233.0,72927.0,0.0,1.1002,655.0,-11.0,0.0,0.0,-11.0,22192.0,491.0,554.0,32.0,1097.0,48.0,26.06,4.18,2.87
2007/04/26,59.5,60.3,58.9,58.9,1567.0,93371.0,0.0,1.3983,808.0,-20.0,0.0,0.0,-20.0,22153.0,652.0,691.0,18.0,1110.0,31.0,26.06,4.18,2.87
2007/04/27,59.0,59.8,58.6,59.6,1495.0,88649.0,1.1885,1.334,820.0,0.0,0.0,0.0,0.0,22151.0,589.0,590.0,116.0,1081.0,88.0,26.37,4.23,2.84
2007/04/30,60.5,60.9,59.1,59.6,2823.0,169538.0,0.0,2.5191,1370.0,0.0,0.0,74.0,74.0,22246.0,1134.0,1039.0,62.0,1177.0,158.0,26.37,3.98,2.84
2007/05/02,60.1,60.2,58.0,58.0,1817.0,107179.0,-2.6846,1.6214,903.0,0.0,0.0,0.0,0.0,22091.0,861.0,1016.0,100.0,1123.0,46.0,22.31,3.87,3.45
2007/05/03,58.2,58.3,55.0,57.9,1828.0,104079.0,-0.1724,1.6312,995.0,1.0,-100.0,6.0,-93.0,22187.0,827.0,721.0,140.0,1040.0,57.0,22.27,3.87,3.45
2007/05/04,58.0,61.5,57.6,61.5,4905.0,293790.0,6.2176,4.3769,2297.0,34.0,0.0,60.0,94.0,22365.0,1894.0,1715.0,132.0,1042.0,134.0,23.65,4.11,3.25
2007/05/07,62.3,64.2,60.6,63.5,8055.0,505874.0,3.252,7.1877,3688.0,77.0,0.0,0.0,77.0,22534.0,3180.0,3011.0,427.0,735.0,120.0,24.42,4.24,3.15
2007/05/08,63.5,66.2,63.0,65.1,12555.0,816216.0,2.5197,11.2032,4885.0,-234.0,0.0,1359.0,1125.0,22532.0,3484.0,3486.0,40.0,923.0,228.0,25.04,4.35,3.07
2007/05/09,66.4,68.5,65.4,65.4,14472.0,970805.0,0.4608,12.9138,5482.0,-26.0,820.0,860.0,1654.0,21230.0,4604.0,5904.0,380.0,802.0,261.0,25.15,4.37,3.06
2007/05/10,67.2,68.5,66.3,67.8,10703.0,723846.0,3.6697,9.5506,4407.0,-164.0,105.0,411.0,352.0,22007.0,3982.0,3205.0,146.0,1178.0,523.0,26.08,4.53,2.95
2007/05/11,66.3,68.3,66.3,66.8,5111.0,343935.0,-1.4749,4.5607,2100.0,-31.0,180.0,61.0,210.0,22343.0,2500.0,2162.0,338.0,882.0,50.0,25.69,4.46,2.99
2007/05/14,67.4,68.5,66.5,67.1,7255.0,491330.0,0.4491,6.4739,2970.0,18.0,160.0,414.0,592.0,22466.0,2730.0,2605.0,88.0,1175.0,381.0,25.81,4.48,2.98
2007/05/15,67.5,67.8,64.2,64.5,3959.0,260544.0,-3.8748,3.5327,1798.0,62.0,100.0,-477.0,-315.0,21816.0,1479.0,2128.0,432.0,756.0,13.0,24.81,4.31,3.1
2007/05/16,64.5,66.5,64.5,65.8,4120.0,271042.0,2.0155,3.6764,1868.0,-1.0,30.0,113.0,142.0,21820.0,1507.0,1503.0,41.0,968.0,253.0,25.31,4.39,3.04
2007/05/17,66.2,68.3,66.0,66.5,7717.0,519601.0,1.0638,6.8861,3392.0,17.0,0.0,369.0,386.0,22373.0,3109.0,2555.0,50.0,1160.0,243.0,25.58,4.44,3.01
2007/05/18,67.5,69.3,67.0,67.8,7017.0,478467.0,1.9549,6.2615,3119.0,-37.0,0.0,89.0,52.0,22669.0,3022.0,2726.0,114.0,1215.0,169.0,26.08,4.53,2.95
2007/05/21,68.6,68.8,67.0,67.0,3170.0,214433.0,-1.1799,2.8287,1522.0,-5.0,40.0,125.0,160.0,22483.0,1473.0,1659.0,103.0,1181.0,70.0,25.77,4.47,2.99
2007/05/22,67.0,69.9,67.0,68.5,7891.0,543605.0,2.2388,7.0414,3451.0,-107.0,270.0,472.0,635.0,21605.0,2514.0,3392.0,61.0,1336.0,216.0,26.35,4.57,2.92
2007/05/23,68.5,69.0,67.4,68.0,3737.0,254765.0,-0.7299,3.3346,1645.0,22.0,37.0,-157.0,-98.0,21707.0,1696.0,1594.0,139.0,1228.0,31.0,26.15,4.54,2.94
2007/05/24,68.0,72.7,67.6,72.7,14714.0,1043993.0,6.9118,13.1298,5498.0,0.0,509.0,351.0,860.0,21725.0,5294.0,5276.0,93.0,2024.0,889.0,27.96,4.85,2.75
2007/05/25,73.0,74.2,72.1,73.0,10073.0,737178.0,0.4127,8.9885,3855.0,-9.0,608.0,66.0,665.0,21392.0,3719.0,4052.0,269.0,1877.0,124.0,28.08,4.87,2.74
2007/05/28,74.1,75.8,72.1,72.1,9954.0,737616.0,-1.2329,8.8823,3749.0,-1.0,255.0,266.0,520.0,22007.0,5403.0,4788.0,222.0,2045.0,393.0,27.73,4.81,2.77
2007/05/29,73.0,73.9,72.1,73.9,5301.0,386270.0,2.4965,4.7302,2054.0,1.0,100.0,378.0,479.0,21751.0,2083.0,2335.0,203.0,1986.0,145.0,28.42,4.93,2.71
2007/05/30,73.8,79.0,73.5,77.0,21075.0,1627888.0,4.1949,18.8059,7122.0,2.0,1718.0,477.0,2197.0,20658.0,6004.0,7097.0,163.0,2626.0,803.0,29.62,5.14,2.6
2007/05/31,77.5,79.6,77.1,78.3,10726.0,839433.0,1.6883,9.5711,4133.0,-55.0,507.0,271.0,723.0,20605.0,4164.0,4216.0,200.0,2743.0,318.0,30.12,5.23,2.55
2007/06/01,79.1,83.7,79.0,83.7,12670.0,1040497.0,6.8966,11.3058,4340.0,-42.0,230.0,-609.0,-421.0,20794.0,4161.0,3969.0,258.0,3309.0,828.0,32.19,5.59,2.39
2007/06/04,83.9,85.2,82.7,85.0,10929.0,917197.0,1.5532,9.7523,4513.0,79.0,122.0,-116.0,85.0,21061.0,4681.0,4397.0,313.0,3167.0,171.0,32.69,5.67,2.35
2007/06/05,85.0,90.9,84.1,90.9,17325.0,1533173.0,6.9412,15.4596,5786.0,117.0,341.0,-640.0,-182.0,20482.0,4211.0,4789.0,331.0,4215.0,1382.0,34.96,6.07,2.2
2007/06/06,90.9,92.9,85.3,88.0,11923.0,1068438.0,-3.1903,10.6393,5205.0,-222.0,0.0,-118.0,-340.0,20381.0,5638.0,5738.0,1255.0,3063.0,105.0,33.85,5.87,2.27
2007/06/07,87.0,92.0,86.6,92.0,10364.0,931231.0,4.5455,9.2481,4660.0,22.0,345.0,-216.0,151.0,21231.0,4398.0,3547.0,384.0,3229.0,551.0,35.38,6.14,2.17
2007/06/08,90.5,91.9,89.0,91.3,3904.0,354123.0,-0.7609,3.4837,1818.0,-25.0,7.0,52.0,34.0,20766.0,2133.0,2565.0,388.0,2837.0,0.0,35.12,6.09,2.19
2007/06/11,91.6,93.6,86.6,88.4,11652.0,1055281.0,-3.1763,10.3974,4965.0,9.0,-163.0,-475.0,-629.0,21590.0,5679.0,4855.0,416.0,2519.0,98.0,34.0,5.9,2.26
2007/06/12,88.9,88.9,85.5,86.0,6396.0,556730.0,-2.7149,5.7074,2593.0,1223.0,-870.0,-321.0,32.0,22089.0,2956.0,2457.0,176.0,2354.0,11.0,33.08,5.74,2.33
2007/06/13,86.1,88.6,85.7,86.2,5590.0,485210.0,0.2326,4.9881,2689.0,22.0,-93.0,-91.0,-162.0,22060.0,2347.0,2376.0,143.0,2292.0,81.0,33.15,5.75,2.32
2007/06/14,87.8,87.8,83.3,86.2,5946.0,508138.0,0.0,5.3058,2710.0,32.0,-230.0,-89.0,-287.0,21655.0,2042.0,2445.0,391.0,1939.0,40.0,33.15,5.75,2.32
2007/06/15,86.5,88.5,85.5,86.9,5355.0,466658.0,0.8121,4.7784,2553.0,-20.0,150.0,292.0,422.0,21391.0,2047.0,2290.0,84.0,1900.0,58.0,33.42,5.8,2.3
2007/06/20,87.5,87.7,84.2,84.2,2776.0,236310.0,-3.107,2.4771,1373.0,23.0,180.0,-181.0,22.0,21126.0,1262.0,1493.0,197.0,1707.0,9.0,32.38,5.62,2.38
2007/06/21,85.0,87.0,84.6,86.1,4616.0,397243.0,2.2565,4.119,2064.0,50.0,60.0,111.0,221.0,21229.0,1593.0,1490.0,126.0,1645.0,64.0,33.12,5.75,2.32
2007/06/22,87.0,92.1,86.6,92.1,11932.0,1076744.0,6.9686,10.6473,4376.0,47.0,1071.0,631.0,1749.0,21926.0,4428.0,3730.0,126.0,1814.0,295.0,35.42,6.15,2.17
2007/06/23,92.9,95.6,92.1,92.1,9574.0,897478.0,0.0,8.5432,3986.0,1.0,973.0,-46.0,928.0,21658.0,3575.0,3835.0,432.0,1543.0,167.0,35.42,6.15,2.17
2007/06/25,93.0,94.0,88.5,88.5,6492.0,586150.0,-3.9088,5.793,2772.0,55.0,-402.0,-878.0,-1225.0,22296.0,3442.0,2804.0,327.0,1216.0,0.0,34.04,5.91,2.26
2007/06/26,89.0,89.7,85.7,86.0,3635.0,316520.0,-2.8249,3.2436,1671.0,8.0,30.0,-159.0,-121.0,22231.0,1847.0,1900.0,444.0,771.0,0.0,33.08,5.74,2.33
2007/06/27,86.0,88.3,86.0,88.2,4255.0,371822.0,2.5581,3.7969,1845.0,-8.0,35.0,-1434.0,-1407.0,22396.0,1677.0,1508.0,741.0,19.0,0.0,33.92,5.89,2.27
2007/06/28,88.2,88.2,85.6,85.8,2852.0,246033.0,-2.7211,2.5449,1308.0,5.0,-245.0,-97.0,-337.0,21193.0,0.0,1181.0,0.0,0.0,0.0,33.0,5.73,2.33
2007/06/29,85.8,86.6,84.2,85.0,3669.0,312797.0,-0.9324,3.274,1351.0,21.0,-615.0,234.0,-360.0,20334.0,0.0,854.0,0.0,0.0,0.0,32.69,5.67,2.35
2007/07/02,86.0,86.0,83.6,85.0,2617.0,221682.0,0.0,2.3352,959.0,-13.0,125.0,576.0,688.0,19548.0,0.0,785.0,0.0,0.0,0.0,32.69,5.67,2.35
2007/07/03,84.9,88.8,84.5,88.8,5657.0,491079.0,6.8235,5.0479,1874.0,-5.0,83.0,-305.0,-227.0,21496.0,2954.0,1006.0,0.0,165.0,165.0,34.15,5.93,2.25
2007/07/04,91.1,95.0,89.5,95.0,21088.0,1957924.0,6.982,18.8175,6881.0,163.0,2648.0,660.0,3471.0,18867.0,5156.0,7785.0,16.0,1106.0,957.0,36.54,6.4,2.11
2007/07/05,95.3,101.5,94.3,101.5,12898.0,1254695.0,6.8421,11.5093,4858.0,-77.0,546.0,-420.0,49.0,18227.0,3926.0,4566.0,213.0,1599.0,706.0,39.34,6.84,1.97
2007/07/06,101.5,104.0,98.6,101.0,6692.0,679205.0,-0.4926,5.9715,2875.0,-15.0,160.0,-125.0,20.0,17526.0,2455.0,2895.0,322.0,1419.0,142.0,39.15,6.8,1.98
2007/07/09,108.0,108.0,107.0,108.0,1697.0,183319.0,6.9307,1.5143,499.0,14.0,10.0,-283.0,-259.0,17741.0,847.0,626.0,6.0,1495.0,87.0,41.86,7.27,1.85
2007/07/10,115.5,115.5,114.5,115.5,5787.0,667307.0,6.9444,5.1639,1283.0,0.0,309.0,-217.0,92.0,18623.0,2965.0,2083.0,210.0,1699.0,414.0,44.77,7.78,1.73
2007/07/11,118.0,123.5,117.0,118.5,13211.0,1601655.0,2.5974,11.7886,4650.0,53.0,376.0,-289.0,140.0,16758.0,3495.0,5260.0,316.0,1944.0,561.0,45.93,7.98,1.69
2007/07/12,122.0,126.5,116.0,126.5,8012.0,983928.0,6.7511,7.1494,3551.0,120.0,241.0,-45.0,316.0,16976.0,2493.0,2275.0,263.0,2722.0,1042.0,49.03,8.52,1.58
2007/07/13,130.0,135.0,126.5,135.0,6337.0,833891.0,6.7194,5.6547,2787.0,-167.0,1055.0,20.0,908.0,17031.0,1654.0,1578.0,139.0,3892.0,1326.0,52.33,9.09,1.48
2007/07/16,137.0,143.0,126.0,126.0,9097.0,1228081.0,-6.6667,8.1175,4378.0,-510.0,-41.0,91.0,-460.0,16595.0,3599.0,4070.0,1390.0,2699.0,180.0,48.84,8.48,1.59
2007/07/17,128.0,134.5,125.0,134.5,7050.0,918275.0,6.746,6.2909,3566.0,-173.0,-18.0,259.0,68.0,17572.0,2613.0,1603.0,426.0,3147.0,899.0,52.13,9.06,1.49
2007/07/18,134.0,139.0,130.5,132.0,6439.0,870966.0,-1.8587,5.7457,3284.0,-504.0,301.0,19.0,-184.0,17679.0,2779.0,2672.0,306.0,3037.0,196.0,51.16,8.89,1.52
2007/07/19,132.0,138.0,128.0,131.5,5658.0,757184.0,-0.3788,5.0488,2987.0,1.0,-50.0,-21.0,-70.0,18032.0,2343.0,1987.0,259.0,2888.0,111.0,50.97,8.85,1.52
2007/07/20,135.0,138.5,133.0,135.0,5580.0,759097.0,2.6616,4.9792,2687.0,0.0,100.0,10.0,110.0,17914.0,2131.0,2247.0,217.0,2877.0,211.0,52.33,9.09,1.48
2007/07/23,136.0,144.0,135.0,144.0,3690.0,525316.0,6.6667,3.2927,1586.0,2.0,646.0,32.0,680.0,17777.0,1613.0,1749.0,83.0,3233.0,440.0,55.81,9.69,1.39
2007/07/24,154.0,154.0,154.0,154.0,1229.0,189322.0,6.9444,1.0967,364.0,-4.0,-10.0,0.0,-14.0,17747.0,730.0,756.0,31.0,3335.0,133.0,59.69,10.37,1.3
2007/07/25,164.5,164.5,164.5,164.5,1355.0,222931.0,6.8182,1.2091,510.0,0.0,0.0,-53.0,-53.0,17500.0,507.0,753.0,49.0,3548.0,264.0,63.76,11.08,1.22
2007/07/26,176.0,176.0,163.0,176.0,11658.0,1999179.0,6.9909,10.4028,5361.0,193.0,428.0,-136.0,485.0,16951.0,3682.0,4230.0,765.0,3786.0,1004.0,68.22,11.85,1.14
2007/07/27,165.0,188.0,165.0,187.5,9933.0,1797814.0,6.5341,8.8635,5123.0,-30.0,199.0,-13.0,156.0,17405.0,3425.0,2971.0,760.0,3776.0,760.0,72.67,12.63,1.07
2007/07/30,174.5,174.5,174.5,174.5,1272.0,221993.0,-6.9333,1.135,551.0,2.0,-40.0,0.0,-38.0,17555.0,544.0,382.0,475.0,3299.0,0.0,67.64,11.75,1.15
2007/07/31,162.5,174.5,162.5,162.5,7931.0,1319988.0,-6.8768,7.0306,3587.0,-71.0,-572.0,-52.0,-695.0,18392.0,4401.0,3592.0,819.0,2551.0,78.0,62.98,10.94,1.23
2007/08/01,156.0,164.5,151.5,151.5,10950.0,1723381.0,-6.7692,9.7068,4985.0,433.0,-802.0,-490.0,-859.0,20719.0,6012.0,3683.0,414.0,2176.0,40.0,58.72,10.2,1.32
2007/08/02,155.0,161.0,141.0,141.5,14662.0,2192083.0,-6.6007,12.9974,6238.0,732.0,-469.0,-446.0,-183.0,23418.0,6963.0,4217.0,562.0,1819.0,211.0,54.84,9.52,1.41
2007/08/03,144.0,148.0,135.0,136.5,9578.0,1353257.0,-3.5336,8.4906,4447.0,-31.0,-269.0,78.0,-222.0,24056.0,4417.0,3745.0,342.0,1700.0,224.0,52.91,9.19,1.47
2007/08/06,130.0,133.0,127.0,127.0,3906.0,501811.0,-6.9597,3.4626,1402.0,-18.0,-10.0,195.0,167.0,24013.0,2023.0,1910.0,339.0,1360.0,0.0,49.22,8.55,1.57
2007/08/07,127.0,131.5,118.5,118.5,10755.0,1340892.0,-6.6929,9.534,4543.0,260.0,-193.0,120.0,187.0,24492.0,4642.0,4085.0,255.0,1351.0,247.0,45.93,7.98,1.69
2007/08/08,121.0,126.5,118.5,126.5,4840.0,599711.0,6.7511,4.2905,1822.0,637.0,65.0,-300.0,402.0,23998.0,1401.0,1832.0,73.0,1663.0,385.0,49.03,8.52,1.58
2007/08/09,135.0,135.0,135.0,135.0,2721.0,367389.0,6.7194,2.4121,999.0,0.0,130.0,0.0,130.0,23476.0,1022.0,1534.0,100.0,1592.0,38.0,52.33,9.09,1.48
2007/08/10,132.0,140.5,130.0,137.0,18885.0,2577754.0,1.4815,16.741,8772.0,-996.0,902.0,-81.0,-175.0,21567.0,4027.0,5934.0,395.0,2229.0,1033.0,53.1,9.23,1.46
2007/08/13,139.5,140.0,127.5,127.5,7815.0,1057814.0,-6.9343,6.9278,3555.0,-567.0,-2.0,169.0,-400.0,22498.0,3480.0,2530.0,406.0,1877.0,54.0,49.42,8.59,1.57
2007/08/14,120.5,122.0,119.0,119.0,4554.0,542690.0,-6.6667,4.037,1759.0,1.0,-458.0,41.0,-416.0,23124.0,2287.0,1629.0,296.0,1578.0,0.0,46.12,8.01,1.68
2007/08/15,111.0,111.0,111.0,111.0,657.0,72943.0,-6.7227,0.5824,314.0,38.0,-90.0,0.0,-52.0,23258.0,355.0,141.0,32.0,1544.0,0.0,43.02,7.47,1.8
2007/08/16,103.5,103.5,103.5,103.5,1049.0,108596.0,-6.7568,0.9299,358.0,27.0,0.0,0.0,27.0,23237.0,471.0,286.0,75.0,1468.0,0.0,40.12,6.97,1.93
2007/08/17,100.0,106.0,96.3,103.5,13835.0,1398710.0,0.0,12.2643,5609.0,-524.0,-1077.0,-82.0,-1683.0,23881.0,5364.0,4656.0,730.0,847.0,129.0,40.12,6.97,1.93
2007/08/20,110.5,110.5,107.0,110.5,11422.0,1254892.0,6.7633,10.1253,4083.0,911.0,753.0,26.0,1690.0,22637.0,3300.0,4497.0,78.0,1236.0,467.0,42.83,7.44,1.81
2007/08/21,109.0,110.0,103.0,103.0,2489.0,264410.0,-6.7873,2.2064,1156.0,3.0,-102.0,0.0,-99.0,22743.0,1300.0,1161.0,105.0,1129.0,0.0,39.92,6.94,1.94
2007/08/22,95.8,95.8,95.8,95.8,788.0,75585.0,-6.9903,0.6985,365.0,-33.0,-281.0,0.0,-314.0,22796.0,489.0,262.0,27.0,1092.0,0.0,37.13,6.45,2.09
2007/08/23,102.0,102.5,96.0,99.2,15042.0,1502354.0,3.5491,13.3343,5206.0,273.0,-2997.0,94.0,-2630.0,23697.0,3761.0,2673.0,314.0,1281.0,505.0,38.45,6.68,2.02
2007/08/24,98.0,106.0,95.1,103.0,15883.0,1635489.0,3.8306,14.0798,6075.0,-347.0,-2114.0,-85.0,-2546.0,23927.0,3502.0,3268.0,356.0,1295.0,370.0,39.92,6.94,1.94
2007/08/27,104.5,104.5,99.0,99.5,6376.0,643735.0,-3.3981,5.6521,2821.0,1.0,-30.0,-215.0,-244.0,23686.0,2676.0,2908.0,284.0,1034.0,35.0,38.57,6.7,2.01
2007/08/28,102.0,106.0,102.0,106.0,3567.0,372939.0,6.5327,3.162,1406.0,500.0,20.0,0.0,520.0,23464.0,1278.0,1499.0,8.0,1119.0,105.0,41.09,7.73,1.89
2007/08/29,108.0,113.0,107.5,113.0,17567.0,1935144.0,6.6038,15.5726,7083.0,-1170.0,2215.0,-29.0,1016.0,22659.0,3223.0,4007.0,137.0,1828.0,861.0,32.56,8.24,1.77
2007/08/30,119.0,119.0,112.0,112.5,10615.0,1225691.0,-0.4425,9.4099,5327.0,-257.0,113.0,74.0,-70.0,23062.0,3532.0,3128.0,369.0,1750.0,316.0,32.42,8.21,1.78
2007/08/31,112.5,117.5,111.5,113.0,7859.0,898209.0,0.4444,6.9643,3861.0,9.0,-300.0,-4.0,-295.0,23542.0,2508.0,2019.0,477.0,1435.0,164.0,32.56,8.24,1.77
2007/09/03,114.0,117.5,114.0,116.0,5615.0,650832.0,2.6549,4.9758,2794.0,-45.0,259.0,82.0,296.0,23393.0,1830.0,1974.0,157.0,1620.0,363.0,33.43,8.46,1.72
2007/09/04,118.0,124.0,117.0,124.0,7853.0,964853.0,6.8966,6.959,2903.0,1031.0,220.0,-18.0,1233.0,22975.0,2166.0,2577.0,31.0,2308.0,726.0,35.73,9.03,1.61
2007/09/05,127.0,127.5,119.5,120.5,10419.0,1300060.0,-2.8226,9.2329,4949.0,-660.0,760.0,34.0,134.0,22865.0,3454.0,3560.0,552.0,1973.0,230.0,34.73,8.78,1.66
2007/09/06,121.0,128.0,120.0,127.0,8440.0,1057967.0,5.3942,7.4792,4040.0,-366.0,812.0,-14.0,432.0,23467.0,2740.0,2134.0,109.0,2482.0,620.0,36.6,9.26,1.57
2007/09/07,127.5,132.0,125.0,125.0,6183.0,792117.0,-1.5748,5.4791,3420.0,-81.0,225.0,65.0,209.0,23473.0,2408.0,2392.0,141.0,2599.0,269.0,36.02,9.11,1.6
2007/09/10,125.0,128.0,124.5,126.5,5995.0,758666.0,1.2,5.3125,2982.0,-21.0,0.0,-9.0,-30.0,23488.0,2021.0,2003.0,201.0,2675.0,277.0,36.46,9.23,1.58
2007/09/11,128.0,131.5,127.5,128.0,5566.0,720327.0,1.1858,4.9323,3026.0,-21.0,0.0,-31.0,-52.0,23392.0,2043.0,2138.0,279.0,2556.0,161.0,36.89,9.34,1.56
2007/09/12,131.0,135.5,130.5,130.5,8227.0,1091234.0,1.9531,7.2904,4349.0,-13.0,0.0,35.0,22.0,23452.0,3036.0,2973.0,156.0,2738.0,338.0,37.61,9.52,1.53
2007/09/13,132.0,132.5,125.5,125.5,5114.0,662418.0,-3.8314,4.5318,2671.0,1.0,430.0,-63.0,368.0,22937.0,1787.0,2208.0,368.0,2422.0,52.0,36.17,9.15,1.59
2007/09/14,128.0,130.5,127.0,128.5,4434.0,570445.0,2.3904,3.9292,2240.0,-6.0,535.0,-5.0,524.0,22944.0,1302.0,1292.0,111.0,2438.0,127.0,37.03,9.36,1.56
2007/09/17,129.0,131.0,120.0,120.0,5521.0,683807.0,-6.6148,4.8925,2617.0,-20.0,-538.0,-18.0,-576.0,23567.0,2151.0,1528.0,822.0,1639.0,23.0,34.58,8.75,1.67
2007/09/19,119.0,120.0,112.0,112.0,2935.0,335334.0,-6.6667,2.6009,1298.0,-12.0,3.0,-266.0,-275.0,23408.0,1263.0,1258.0,440.0,1226.0,27.0,32.28,8.17,1.79
2007/09/20,104.5,110.0,104.5,104.5,7986.0,842978.0,-6.6964,7.0768,3499.0,325.0,-1368.0,36.0,-1007.0,24340.0,3474.0,2537.0,720.0,506.0,0.0,30.12,7.62,1.91
2007/09/21,105.0,109.0,100.0,109.0,8173.0,863434.0,4.3062,7.2425,4347.0,-173.0,-972.0,48.0,-1097.0,24820.0,2219.0,1731.0,111.0,503.0,109.0,31.41,7.95,1.83
2007/09/26,112.0,113.0,109.0,110.0,4990.0,553584.0,0.9174,4.4219,2794.0,462.0,-191.0,360.0,631.0,24704.0,1282.0,1393.0,24.0,903.0,424.0,31.7,8.02,1.82
2007/09/27,112.0,117.5,111.5,117.5,3132.0,362267.0,6.8182,2.7754,1375.0,-1.0,0.0,193.0,192.0,24449.0,1008.0,1260.0,29.0,1189.0,316.0,33.86,8.57,1.7
2007/09/28,122.0,124.0,120.0,122.0,7679.0,934898.0,3.8298,6.8048,3655.0,-198.0,2022.0,107.0,1931.0,23525.0,1935.0,2857.0,69.0,1356.0,236.0,35.16,8.9,1.64
2007/09/29,124.0,130.0,122.5,129.0,7662.0,973671.0,5.7377,6.7888,3746.0,-262.0,1467.0,60.0,1265.0,23567.0,2445.0,2400.0,164.0,1678.0,489.0,37.18,9.41,1.55
2007/10/01,132.0,134.0,120.0,121.0,7378.0,921583.0,-6.2016,6.5372,3742.0,-46.0,266.0,-531.0,-311.0,23701.0,3003.0,2869.0,351.0,1468.0,142.0,34.87,8.83,1.65
2007/10/02,123.0,129.0,121.0,129.0,9036.0,1131999.0,6.6116,8.0062,4556.0,462.0,340.0,171.0,973.0,23664.0,2786.0,2822.0,109.0,1986.0,627.0,37.18,9.41,1.55
2007/10/03,131.5,131.5,122.5,126.0,7343.0,934623.0,-2.3256,6.5062,3654.0,-64.0,442.0,-146.0,232.0,24153.0,3276.0,2787.0,336.0,1671.0,21.0,36.31,9.19,1.59
2007/10/04,126.0,131.0,125.0,128.0,5547.0,713000.0,1.5873,4.9149,2988.0,28.0,-60.0,-64.0,-96.0,24607.0,2343.0,1848.0,88.0,1652.0,109.0,36.89,9.34,1.56
2007/10/05,130.0,130.0,119.5,120.0,7320.0,901544.0,-6.25,6.4858,4029.0,184.0,-1692.0,-100.0,-1608.0,24925.0,2937.0,2603.0,269.0,1419.0,40.0,34.58,8.75,1.67
2007/10/08,121.5,122.0,112.0,112.0,5694.0,646050.0,-6.6667,5.0451,3108.0,-33.0,-1148.0,-130.0,-1311.0,24768.0,1800.0,1907.0,607.0,821.0,9.0,32.28,8.17,1.79
2007/10/09,110.0,113.5,104.5,113.0,8321.0,903535.0,0.8929,7.3727,4502.0,25.0,-1762.0,392.0,-1345.0,25205.0,2442.0,2000.0,176.0,992.0,347.0,32.56,8.24,1.77
2007/10/11,114.0,115.0,112.0,113.0,4665.0,529036.0,0.0,4.1334,2525.0,-12.0,90.0,-13.0,65.0,25309.0,1262.0,1157.0,71.0,1164.0,243.0,32.56,8.24,1.77
2007/10/12,112.5,114.0,108.0,108.5,3177.0,350904.0,-3.9823,2.8149,1871.0,5.0,-120.0,6.0,-109.0,25377.0,1145.0,1073.0,129.0,1044.0,11.0,31.27,7.91,1.84
2007/10/15,109.5,110.0,101.0,102.0,3868.0,403056.0,-5.9908,3.4272,2363.0,12.0,-405.0,101.0,-292.0,25311.0,1213.0,1278.0,74.0,1040.0,70.0,29.39,7.44,1.96
2007/10/16,100.0,109.0,100.0,109.0,4603.0,487297.0,6.8627,4.0784,3026.0,18.0,-28.0,112.0,102.0,25070.0,876.0,1080.0,310.0,1155.0,425.0,31.41,7.95,1.83
2007/10/17,109.0,116.0,107.0,113.5,8177.0,924547.0,4.1284,7.2451,4472.0,-461.0,1807.0,83.0,1429.0,24763.0,1657.0,1957.0,184.0,1430.0,459.0,32.71,8.27,1.76
2007/10/18,119.0,121.0,117.5,121.0,3071.0,370021.0,6.6079,2.721,1479.0,-59.0,-132.0,-3.0,-194.0,24744.0,1004.0,1023.0,28.0,1577.0,175.0,34.87,8.83,1.65
2007/10/19,121.0,121.5,116.0,116.5,5073.0,599783.0,-3.719,4.4949,2997.0,-25.0,178.0,38.0,191.0,25362.0,2181.0,1546.0,217.0,1360.0,0.0,33.57,8.5,1.72
2007/10/22,111.5,112.5,109.0,110.0,3048.0,337651.0,-5.5794,2.7006,1831.0,22.0,116.0,-171.0,-33.0,25126.0,955.0,1191.0,348.0,1012.0,0.0,31.7,8.02,1.82
2007/10/23,113.0,116.0,112.0,114.5,3346.0,383244.0,4.0909,2.9647,2030.0,4.0,200.0,35.0,239.0,25029.0,818.0,893.0,35.0,1113.0,151.0,33.0,8.35,1.75
2007/10/24,116.0,119.5,110.5,111.0,4660.0,538990.0,-3.0568,4.1289,2722.0,-14.0,-75.0,42.0,-47.0,24930.0,1796.0,1895.0,100.0,1133.0,120.0,31.99,8.1,1.8
2007/10/25,113.0,115.0,110.0,111.5,4671.0,526148.0,0.4505,4.1387,2796.0,4.0,-2.0,11.0,13.0,24471.0,1529.0,1988.0,423.0,975.0,265.0,32.13,8.13,1.79
2007/10/26,112.5,113.0,105.0,107.5,4674.0,504373.0,-3.5874,4.1413,2727.0,2.0,-459.0,13.0,-444.0,24954.0,1590.0,1104.0,253.0,727.0,5.0,30.98,7.84,1.86
2007/10/29,112.0,112.0,106.0,106.5,3842.0,416567.0,-0.9302,3.4042,2236.0,14.0,-690.0,2.0,-674.0,24992.0,1233.0,1169.0,134.0,753.0,175.0,30.69,6.81,1.88
2007/10/30,106.5,110.5,103.0,105.5,6466.0,692760.0,-0.939,5.7291,3290.0,11.0,-1235.0,-401.0,-1625.0,25784.0,2218.0,1426.0,166.0,696.0,109.0,25.54,6.75,1.9
2007/10/31,104.0,106.0,102.0,103.5,3094.0,322510.0,-1.8957,2.7414,1871.0,16.0,-50.0,-169.0,-203.0,25543.0,1068.0,1306.0,85.0,632.0,21.0,25.06,6.62,1.93
2007/11/01,105.0,107.5,104.0,104.0,5471.0,577066.0,0.4831,4.8475,2605.0,4.0,-753.0,19.0,-730.0,25659.0,1365.0,1239.0,40.0,891.0,300.0,25.18,6.65,1.92
2007/11/02,101.0,101.0,96.8,96.9,4787.0,470524.0,-6.8269,4.2415,2733.0,1.0,0.0,-20.0,-19.0,24535.0,1219.0,2333.0,295.0,596.0,0.0,23.46,6.2,2.06
2007/11/05,97.0,97.1,90.2,95.5,4848.0,446224.0,-1.4448,4.2955,2560.0,-184.0,50.0,-12.0,-146.0,24641.0,1762.0,1645.0,137.0,505.0,46.0,23.12,6.11,2.09
2007/11/06,95.5,98.8,93.0,95.5,4865.0,469036.0,0.0,4.3106,3084.0,-27.0,-50.0,1.0,-76.0,25118.0,1713.0,1215.0,43.0,855.0,393.0,23.12,6.11,2.09
2007/11/07,97.7,101.0,95.9,96.0,6836.0,669743.0,0.5236,6.057,3736.0,-3.0,676.0,15.0,688.0,25064.0,1541.0,1567.0,62.0,1745.0,952.0,23.24,6.14,2.08
2007/11/08,90.0,92.4,89.3,89.3,3790.0,340985.0,-6.9792,3.3581,1900.0,-1.0,-750.0,-16.0,-767.0,24721.0,1374.0,1677.0,527.0,1218.0,0.0,21.62,5.71,2.24
2007/11/09,88.4,90.5,83.1,83.5,5325.0,452556.0,-6.495,4.7182,2631.0,1.0,-798.0,-3.0,-800.0,24782.0,2372.0,2238.0,174.0,1087.0,43.0,20.22,5.34,2.4
2007/11/12,77.8,82.9,77.7,79.5,3939.0,312791.0,-4.7904,3.4901,2135.0,-11.0,331.0,7.0,327.0,23978.0,1608.0,2329.0,448.0,639.0,0.0,19.25,5.09,2.52
2007/11/13,79.5,85.0,79.5,85.0,7094.0,595173.0,6.9182,6.2856,3287.0,-5.0,178.0,23.0,196.0,23350.0,1820.0,2220.0,61.0,966.0,388.0,20.58,5.44,2.35
2007/11/14,87.0,87.3,84.0,84.8,13046.0,1116789.0,-0.2353,11.5592,5531.0,-50.0,-1324.0,-17.0,-1391.0,24952.0,3867.0,2206.0,243.0,2367.0,1644.0,20.53,5.43,2.36
2007/11/15,82.5,84.8,82.5,83.5,2759.0,231069.0,-1.533,2.4446,1481.0,19.0,-55.0,-1.0,-37.0,24566.0,862.0,1220.0,862.0,1560.0,57.0,20.22,5.34,2.4
2007/11/16,80.1,88.9,80.0,87.6,8540.0,735423.0,4.9102,7.5668,4530.0,-12.0,150.0,319.0,457.0,24671.0,2243.0,2123.0,583.0,1545.0,569.0,21.21,5.6,2.28
2007/11/19,88.0,88.6,85.0,85.0,3475.0,302081.0,-2.968,3.079,1971.0,-20.0,29.0,486.0,495.0,24432.0,1214.0,1442.0,123.0,1481.0,60.0,20.58,5.44,2.35
2007/11/20,83.2,90.9,83.2,90.9,9767.0,860321.0,6.9412,8.6539,4601.0,18.0,645.0,-28.0,635.0,23855.0,2116.0,2679.0,128.0,1935.0,587.0,22.01,5.82,2.2
2007/11/21,90.9,94.5,90.7,90.9,11431.0,1055706.0,0.0,10.1283,5482.0,-18.0,1981.0,380.0,2343.0,23090.0,2482.0,3241.0,214.0,2508.0,787.0,22.01,5.82,2.2
2007/11/22,91.3,96.7,91.3,92.5,9620.0,906925.0,1.7602,8.5237,4768.0,-21.0,76.0,-481.0,-426.0,23053.0,2260.0,2293.0,220.0,2593.0,306.0,22.4,5.92,2.16
2007/11/23,93.0,94.0,89.8,89.8,5224.0,481154.0,-2.9189,4.6287,2555.0,3.0,-227.0,70.0,-154.0,23182.0,1675.0,1518.0,264.0,2454.0,125.0,21.74,5.75,2.23
2007/11/26,90.8,90.8,84.0,85.5,3523.0,306692.0,-4.7884,3.1215,1933.0,4.0,-44.0,-73.0,-113.0,22889.0,1437.0,1726.0,574.0,1887.0,7.0,20.7,5.47,2.34
2007/11/27,83.6,91.4,83.5,91.4,7369.0,650626.0,6.9006,6.5292,4385.0,26.0,50.0,73.0,149.0,23008.0,1715.0,1594.0,365.0,2391.0,869.0,22.13,5.85,2.19
2007/11/28,90.7,91.8,89.0,89.0,4201.0,380760.0,-2.6258,3.7222,2470.0,-53.0,11.0,103.0,61.0,23028.0,1687.0,1662.0,178.0,2235.0,24.0,21.55,5.69,2.25
2007/11/29,93.0,93.8,89.6,90.4,5638.0,519004.0,1.573,4.9955,3096.0,11.0,-75.0,132.0,68.0,22948.0,1855.0,1926.0,139.0,2516.0,420.0,21.89,5.78,2.21
2007/11/30,91.5,94.0,90.4,92.2,4623.0,427844.0,1.9912,4.0934,2657.0,-1.0,24.0,292.0,315.0,22917.0,1301.0,1332.0,86.0,2759.0,330.0,22.32,5.9,2.17
2007/12/03,93.1,95.8,92.2,94.9,4900.0,463473.0,2.9284,4.3387,2572.0,105.0,817.0,21.0,943.0,22482.0,1233.0,1668.0,217.0,2693.0,151.0,22.98,6.07,2.11
2007/12/04,95.4,99.8,94.9,99.4,7409.0,725960.0,4.7418,6.5602,3847.0,52.0,1054.0,-94.0,1012.0,22080.0,1809.0,2207.0,201.0,2954.0,462.0,24.07,6.36,2.01
2007/12/05,99.5,101.5,98.1,98.7,6590.0,657564.0,-0.7042,5.8351,3212.0,-114.0,1381.0,-239.0,1028.0,22031.0,1845.0,1894.0,127.0,3227.0,400.0,23.9,6.31,2.03
2007/12/06,100.5,101.5,95.5,96.1,6204.0,613131.0,-2.6342,5.4933,3189.0,-8.0,557.0,-18.0,531.0,22006.0,2496.0,2516.0,328.0,3100.0,202.0,23.27,6.15,2.08
2007/12/07,97.8,97.9,92.1,92.5,4941.0,467595.0,-3.7461,4.375,2522.0,-1.0,-168.0,-87.0,-256.0,22643.0,2192.0,1552.0,559.0,2563.0,22.0,22.4,5.92,2.16
2007/12/10,91.6,92.5,89.1,89.4,3211.0,291501.0,-3.3514,2.8432,1860.0,104.0,-690.0,-6.0,-592.0,22746.0,1226.0,1110.0,333.0,2251.0,21.0,21.65,5.72,2.24
2007/12/11,90.0,90.8,88.1,90.2,3084.0,276339.0,0.8949,2.7307,1845.0,-90.0,-142.0,-30.0,-262.0,22735.0,1049.0,1046.0,198.0,2267.0,215.0,21.84,5.77,2.22
2007/12/12,89.5,92.5,89.1,92.5,4321.0,394244.0,2.5499,3.826,2521.0,14.0,-628.0,60.0,-554.0,23242.0,1590.0,1081.0,72.0,2529.0,334.0,22.4,5.92,2.16
2007/12/13,92.3,92.3,86.1,86.1,4764.0,418954.0,-6.9189,4.2182,2458.0,-21.0,-599.0,4.0,-616.0,23005.0,1930.0,2166.0,683.0,1846.0,0.0,20.85,5.51,2.32
2007/12/14,84.1,85.0,80.1,83.2,4716.0,385397.0,-3.3682,4.1757,2326.0,20.0,-374.0,-366.0,-720.0,22448.0,1590.0,2146.0,1063.0,783.0,0.0,20.15,5.32,2.4
2007/12/17,82.0,84.7,77.4,77.4,3247.0,264661.0,-6.9712,2.875,2039.0,-56.0,0.0,-25.0,-81.0,22628.0,1698.0,1499.0,142.0,781.0,140.0,18.74,4.95,2.58
2007/12/18,77.4,80.0,72.1,77.4,5524.0,424797.0,0.0,4.8912,2914.0,23.0,-520.0,-60.0,-557.0,22653.0,1906.0,1813.0,180.0,837.0,236.0,18.74,4.95,2.58
2007/12/19,82.8,82.8,82.8,82.8,1767.0,146383.0,6.9767,1.5646,622.0,495.0,-350.0,30.0,175.0,22566.0,721.0,773.0,20.0,891.0,74.0,20.05,5.3,2.42
2007/12/20,84.8,84.8,78.3,80.5,6298.0,522995.0,-2.7778,5.5765,3368.0,-418.0,480.0,-46.0,16.0,22604.0,2182.0,2115.0,128.0,1229.0,466.0,19.49,5.15,2.48
2007/12/21,81.0,82.0,75.0,79.0,4837.0,380950.0,-1.8634,4.2829,2701.0,13.0,-297.0,-112.0,-396.0,23071.0,2019.0,1535.0,461.0,935.0,167.0,19.13,5.05,2.53
2007/12/24,80.5,84.5,80.5,84.5,2929.0,244339.0,6.962,2.5935,1388.0,-3.0,39.0,-66.0,-30.0,22544.0,672.0,1173.0,38.0,1022.0,131.0,20.46,5.41,2.37
2007/12/25,84.9,87.8,84.0,86.0,5766.0,496087.0,1.7751,5.1055,3584.0,-41.0,298.0,-18.0,239.0,21671.0,1258.0,2090.0,133.0,1259.0,371.0,20.82,5.5,2.33
2007/12/26,83.5,87.4,81.1,86.5,4095.0,350049.0,0.5814,3.6259,2684.0,10.0,348.0,-15.0,343.0,21128.0,980.0,1523.0,361.0,1051.0,168.0,20.94,5.53,2.31
2007/12/27,87.1,92.5,86.5,92.5,6151.0,563814.0,6.9364,5.4464,2509.0,-19.0,198.0,10.0,189.0,20031.0,1077.0,2172.0,233.0,1320.0,527.0,22.4,5.92,2.16
2007/12/28,93.0,97.9,92.5,97.0,10279.0,981571.0,4.8649,9.1015,5128.0,-17.0,88.0,110.0,181.0,20961.0,3360.0,2428.0,271.0,1908.0,859.0,23.49,6.21,2.06
2007/12/31,97.0,97.4,94.1,97.0,4033.0,387865.0,0.0,3.5574,2169.0,-21.0,-282.0,89.0,-214.0,20885.0,1559.0,1635.0,262.0,1717.0,71.0,23.49,6.21,2.06
2008/01/02,96.8,103.5,96.3,99.5,12251.0,1245278.0,2.5773,10.8062,5604.0,12.0,825.0,71.0,908.0,21852.0,4322.0,3352.0,106.0,2592.0,982.0,24.09,6.37,2.01
2008/01/03,96.5,104.0,96.2,102.5,10170.0,1024462.0,3.0151,8.9706,4736.0,28.0,1377.0,87.0,1492.0,20848.0,2041.0,3044.0,221.0,3283.0,912.0,24.82,6.56,1.95
2008/01/04,101.5,103.0,96.0,97.5,5625.0,557442.0,-4.878,4.9579,3027.0,-8.0,308.0,149.0,449.0,20263.0,2413.0,2998.0,941.0,2354.0,12.0,23.61,6.28,2.05
2008/01/07,91.0,92.8,90.7,90.7,3050.0,277200.0,-6.9744,2.6883,1261.0,-8.0,-992.0,-138.0,-1138.0,20279.0,1229.0,1212.0,672.0,1681.0,0.0,22.12,5.84,2.21
2008/01/08,88.0,90.3,85.3,89.0,3766.0,328599.0,-1.8743,3.3193,2153.0,-6.0,-254.0,-204.0,-464.0,20190.0,1716.0,1773.0,353.0,1328.0,0.0,21.71,5.73,2.25
2008/01/09,85.0,94.8,85.0,94.5,7636.0,700080.0,6.1798,6.7304,4082.0,25.0,-278.0,87.0,-166.0,20276.0,2565.0,2478.0,220.0,1861.0,753.0,23.05,6.09,2.12
2008/01/10,97.5,98.5,93.5,94.4,4836.0,465786.0,-0.1058,4.2624,2861.0,-25.0,661.0,-86.0,550.0,20011.0,1834.0,2099.0,139.0,1876.0,154.0,23.02,6.08,2.12
2008/01/11,96.0,98.8,95.1,96.6,5922.0,576555.0,2.3305,5.2196,3238.0,4.0,-316.0,190.0,-122.0,20630.0,2265.0,1646.0,104.0,2205.0,435.0,23.56,6.22,2.07
2008/01/14,97.4,98.4,92.0,93.3,2746.0,260701.0,-3.4161,2.4203,1530.0,36.0,-186.0,-32.0,-182.0,20495.0,1252.0,1386.0,297.0,1935.0,28.0,22.76,6.01,2.14
2008/01/15,94.0,96.0,90.0,90.0,5085.0,474412.0,-3.537,4.4819,2868.0,-105.0,-487.0,-230.0,-822.0,20315.0,2109.0,2269.0,615.0,1359.0,40.0,21.95,5.8,2.22
2008/01/16,83.7,90.0,83.7,87.0,4805.0,415562.0,-3.3333,4.2351,2745.0,22.0,-1314.0,-6.0,-1298.0,20571.0,1877.0,1577.0,232.0,1145.0,18.0,21.22,5.61,2.3
2008/01/17,90.0,91.8,84.6,89.2,6247.0,551344.0,2.5287,5.5061,3665.0,64.0,67.0,39.0,170.0,20952.0,1833.0,1450.0,96.0,1320.0,271.0,21.76,5.75,2.24
2008/01/18,89.0,95.4,88.0,95.4,6888.0,632790.0,6.9507,6.0711,3837.0,1.0,994.0,3.0,998.0,21436.0,2543.0,2058.0,86.0,2008.0,774.0,23.27,6.15,2.1
2008/01/21,96.0,99.7,95.4,97.5,7091.0,693275.0,2.2013,6.25,3768.0,-17.0,637.0,4.0,624.0,20941.0,1951.0,2438.0,212.0,2219.0,427.0,23.78,6.28,2.05
2008/01/22,90.7,93.0,90.7,90.7,3109.0,283025.0,-6.9744,2.7403,1684.0,-39.0,0.0,-13.0,-52.0,20549.0,1594.0,1981.0,429.0,1787.0,0.0,22.12,5.84,2.21
2008/01/23,92.8,93.5,86.4,88.5,7234.0,656103.0,-2.4256,6.376,4033.0,6.0,156.0,17.0,179.0,20610.0,3241.0,3179.0,362.0,1745.0,320.0,21.59,5.7,2.26
2008/01/24,93.0,93.0,86.6,89.2,6366.0,570791.0,0.791,5.611,3704.0,-68.0,388.0,-24.0,296.0,20423.0,2218.0,2379.0,265.0,2036.0,556.0,21.76,5.75,2.24
2008/01/25,90.9,95.4,90.9,93.8,5732.0,538291.0,5.157,5.0522,3188.0,11.0,-100.0,86.0,-3.0,20358.0,2253.0,2257.0,208.0,2071.0,243.0,22.88,6.04,2.13
2008/01/28,92.8,93.3,87.3,87.3,3943.0,349007.0,-6.9296,3.4754,2180.0,4.0,-491.0,-136.0,-623.0,19681.0,1398.0,2071.0,379.0,1690.0,0.0,21.29,5.63,2.29
2008/01/29,87.3,87.8,81.5,83.0,3340.0,280473.0,-4.9255,2.9439,1993.0,38.0,-495.0,-139.0,-596.0,19652.0,1360.0,1372.0,347.0,1441.0,99.0,20.24,5.35,2.41
2008/01/30,83.0,85.4,81.8,82.7,3161.0,263893.0,-0.3614,2.7861,2114.0,43.0,0.0,53.0,96.0,19814.0,990.0,820.0,219.0,2107.0,886.0,20.17,5.33,2.42
2008/01/31,82.7,82.7,77.0,77.0,3345.0,259960.0,-6.8924,2.9335,1780.0,36.0,-536.0,-56.0,-556.0,19013.0,1054.0,1848.0,676.0,1423.0,3.0,18.78,4.96,2.6
2008/02/01,77.3,78.0,71.8,73.1,4614.0,340267.0,-5.0649,4.0463,2544.0,6.0,-1618.0,-27.0,-1639.0,19288.0,1695.0,1375.0,481.0,1035.0,102.0,17.83,4.71,2.74
2008/02/12,71.1,72.3,68.0,68.0,1628.0,111934.0,-6.9767,1.4277,803.0,7.0,-700.0,-24.0,-717.0,19415.0,718.0,557.0,106.0,929.0,0.0,16.59,4.38,2.94
2008/02/13,66.2,70.7,65.0,66.4,5977.0,407159.0,-2.3529,5.2416,2943.0,-2.0,-892.0,21.0,-873.0,20086.0,2296.0,1509.0,162.0,1385.0,619.0,16.2,4.28,3.01
2008/02/14,71.0,71.0,71.0,71.0,4529.0,321594.0,6.9277,3.9718,738.0,1.0,-2363.0,0.0,-2362.0,22169.0,2930.0,837.0,20.0,1455.0,90.0,17.32,4.57,2.82
2008/02/15,71.2,75.9,70.9,75.9,10867.0,795316.0,6.9014,9.53,4479.0,4.0,1153.0,463.0,1620.0,20729.0,2692.0,4121.0,338.0,1716.0,599.0,18.51,4.89,2.64
2008/02/18,78.0,80.8,77.3,77.3,7372.0,580834.0,1.8445,6.465,3680.0,-23.0,1055.0,225.0,1257.0,20636.0,2393.0,2482.0,382.0,1654.0,320.0,18.85,4.98,2.59
2008/02/19,78.1,79.8,75.0,79.6,5485.0,426435.0,2.9754,4.8102,3117.0,54.0,140.0,-255.0,-61.0,20952.0,2092.0,1775.0,276.0,1634.0,258.0,19.41,5.13,2.51
2008/02/20,78.5,80.4,76.2,77.0,3961.0,310909.0,-3.2663,3.4737,2256.0,-24.0,0.0,-89.0,-113.0,21019.0,2012.0,1945.0,204.0,1459.0,29.0,18.78,4.96,2.6
2008/02/21,78.0,82.3,77.5,82.3,7941.0,640941.0,6.8831,6.964,3864.0,31.0,1727.0,51.0,1809.0,20169.0,1952.0,2800.0,103.0,1823.0,470.0,20.07,5.3,2.43
2008/02/22,81.8,82.6,80.2,81.6,4708.0,383563.0,-0.8505,4.1288,2588.0,-78.0,200.0,262.0,384.0,19909.0,1947.0,2202.0,223.0,1632.0,32.0,19.9,5.26,2.45
2008/02/25,83.5,86.0,81.5,82.3,5287.0,441358.0,0.8578,4.6365,3149.0,-7.0,49.0,280.0,322.0,19809.0,1771.0,1861.0,189.0,1669.0,229.0,20.07,5.3,2.43
2008/02/26,84.0,84.5,80.5,81.3,3147.0,260786.0,-1.2151,2.7598,2027.0,11.0,0.0,16.0,27.0,19769.0,1403.0,1442.0,132.0,1685.0,148.0,19.83,5.24,2.46
2008/02/27,83.5,85.5,82.7,83.0,5520.0,466168.0,2.091,4.8409,2928.0,2.0,186.0,197.0,385.0,19808.0,1950.0,1911.0,104.0,1705.0,129.0,20.24,5.35,2.41
2008/02/29,82.7,85.2,82.5,85.0,3503.0,295069.0,2.4096,3.0662,2030.0,85.0,500.0,72.0,657.0,19444.0,919.0,1283.0,193.0,1673.0,161.0,20.73,5.48,2.35
2008/03/03,82.5,83.6,79.1,79.2,3377.0,269184.0,-6.8235,2.9559,2024.0,-17.0,-299.0,-760.0,-1076.0,19389.0,1149.0,1201.0,354.0,1316.0,0.0,19.32,5.1,2.53
2008/03/04,79.2,81.0,78.6,79.5,3697.0,295904.0,0.3788,3.236,2221.0,25.0,-665.0,-25.0,-665.0,19726.0,1252.0,893.0,54.0,1442.0,180.0,19.39,5.12,2.52
2008/03/05,80.5,81.8,78.5,78.8,3457.0,276806.0,-0.8805,3.0259,1998.0,-2.0,-38.0,-169.0,-209.0,19764.0,1022.0,961.0,97.0,1430.0,85.0,19.22,5.08,2.54
2008/03/06,79.5,84.3,79.5,84.3,5234.0,431313.0,6.9797,4.5813,2956.0,26.0,120.0,9.0,155.0,20082.0,2100.0,1782.0,216.0,1387.0,173.0,20.56,5.43,2.37
2008/03/07,82.3,89.9,82.3,87.6,9456.0,816776.0,3.9146,8.2768,4748.0,30.0,1600.0,15.0,1645.0,19299.0,2629.0,3368.0,179.0,1606.0,398.0,21.37,5.64,2.28
2008/03/10,89.4,92.0,87.5,87.5,6856.0,615355.0,-0.1142,6.001,3670.0,-30.0,767.0,-2.0,735.0,19160.0,2399.0,2537.0,89.0,1721.0,205.0,21.34,5.64,2.29
2008/03/11,85.8,87.5,85.7,87.0,2583.0,224332.0,-0.5714,2.2609,1517.0,26.0,301.0,11.0,338.0,18807.0,1111.0,1452.0,137.0,1583.0,1.0,21.22,5.61,2.3
2008/03/12,90.5,92.0,89.3,90.0,6429.0,584109.0,3.4483,5.6273,3415.0,48.0,1285.0,71.0,1404.0,18336.0,2048.0,2517.0,60.0,1768.0,245.0,21.95,5.8,2.22
2008/03/13,91.2,93.0,89.1,89.2,5205.0,473911.0,-0.8889,4.5559,2814.0,-44.0,279.0,-34.0,201.0,18861.0,2539.0,2013.0,151.0,1935.0,318.0,21.76,5.75,2.24
2008/03/14,89.6,90.9,86.7,88.6,3569.0,316457.0,-0.6726,3.1239,1842.0,-24.0,-213.0,-13.0,-250.0,19049.0,1884.0,1640.0,137.0,1824.0,26.0,21.61,5.71,2.26
2008/03/17,87.7,87.7,83.0,83.0,1976.0,167496.0,-6.3205,1.7296,1109.0,-31.0,0.0,16.0,-15.0,18680.0,829.0,1198.0,420.0,1404.0,0.0,20.24,5.35,2.41
2008/03/18,84.0,85.9,83.6,85.8,2657.0,225835.0,3.3735,2.3257,1578.0,-10.0,470.0,-8.0,452.0,18570.0,919.0,1027.0,23.0,1671.0,290.0,20.93,5.53,2.33
2008/03/19,86.6,88.7,85.3,85.8,2820.0,246526.0,0.0,2.4683,1709.0,12.0,297.0,50.0,359.0,18357.0,1047.0,1258.0,170.0,1630.0,132.0,20.93,5.53,2.33
2008/03/20,85.8,86.9,84.7,86.6,1912.0,164084.0,0.9324,1.6736,1155.0,40.0,-80.0,33.0,-7.0,18337.0,646.0,666.0,246.0,1461.0,77.0,21.12,5.58,2.31
2008/03/21,87.4,89.8,87.0,87.4,3248.0,286979.0,0.9238,2.843,2058.0,56.0,-320.0,59.0,-205.0,18758.0,1378.0,957.0,102.0,1386.0,27.0,21.32,5.63,2.29
2008/03/24,92.2,92.5,86.8,87.8,4022.0,356501.0,0.4577,3.5204,2244.0,304.0,-80.0,28.0,252.0,18072.0,1712.0,2398.0,124.0,1368.0,107.0,21.41,5.66,2.28
2008/03/25,89.0,93.0,88.7,91.2,6585.0,601259.0,3.8724,5.7638,3687.0,60.0,167.0,288.0,515.0,17764.0,2263.0,2571.0,239.0,1274.0,145.0,22.24,5.49,2.19
2008/03/26,92.8,92.8,89.0,89.0,2716.0,247237.0,-2.4123,2.3773,1581.0,54.0,0.0,147.0,201.0,17701.0,1326.0,1386.0,134.0,1152.0,12.0,18.54,5.36,2.25
2008/03/27,89.0,91.5,89.0,89.6,2309.0,208134.0,0.6742,2.0211,1346.0,-43.0,-140.0,143.0,-40.0,18024.0,1166.0,842.0,51.0,1185.0,84.0,18.67,5.4,2.23
2008/03/28,89.6,94.0,89.5,93.0,4557.0,422105.0,3.7946,3.9887,2486.0,52.0,125.0,170.0,347.0,17390.0,1433.0,2067.0,95.0,1176.0,88.0,19.38,5.6,2.15
2008/03/31,93.5,95.5,92.5,93.2,3113.0,293107.0,0.2151,2.7241,1901.0,1.0,49.0,-170.0,-120.0,17629.0,1557.0,1318.0,148.0,1045.0,17.0,19.42,5.61,3.54
2008/04/01,94.2,96.2,93.2,93.2,3357.0,318456.0,0.0,2.9376,1884.0,-13.0,210.0,-339.0,-142.0,17586.0,1435.0,1478.0,135.0,930.0,22.0,19.42,5.61,3.54
2008/04/02,96.2,99.5,95.4,98.4,5054.0,494540.0,5.5794,4.4226,2714.0,29.0,153.0,27.0,209.0,17293.0,1824.0,2117.0,374.0,692.0,136.0,20.5,5.93,3.35
2008/04/03,98.0,99.8,96.5,97.6,3325.0,327447.0,-0.813,2.9096,1788.0,-8.0,95.0,166.0,253.0,16725.0,1446.0,2013.0,217.0,474.0,0.0,20.33,5.88,3.38
2008/04/07,99.0,103.0,96.6,102.0,3753.0,373116.0,4.5082,3.2842,1940.0,20.0,50.0,100.0,170.0,17216.0,2031.0,1539.0,452.0,14.0,0.0,21.25,6.14,3.24
2008/04/08,100.0,100.5,97.5,97.6,1839.0,182004.0,-4.3137,1.6093,1027.0,-55.0,-190.0,176.0,-69.0,16493.0,0.0,723.0,13.0,0.0,0.0,20.33,5.88,3.38
2008/04/09,90.8,92.9,90.8,92.7,5694.0,518921.0,-5.0205,4.9827,2802.0,-3.0,-656.0,230.0,-429.0,15077.0,0.0,1404.0,0.0,0.0,0.0,19.31,5.58,3.56
2008/04/10,91.4,97.0,91.0,95.1,2978.0,281209.0,2.589,2.606,1884.0,55.0,-85.0,55.0,25.0,14748.0,0.0,328.0,0.0,0.0,0.0,19.81,5.73,3.47
2008/04/11,96.8,98.0,93.0,93.3,4969.0,475135.0,-1.8927,4.3482,2495.0,-23.0,95.0,211.0,283.0,16224.0,2130.0,654.0,0.0,209.0,209.0,19.44,5.62,3.54
2008/04/14,93.5,99.3,93.0,98.6,4954.0,478588.0,5.6806,4.3351,2689.0,447.0,242.0,84.0,773.0,16244.0,1255.0,1233.0,55.0,491.0,337.0,20.54,5.94,3.35
2008/04/15,99.0,105.5,97.7,105.0,9425.0,977449.0,6.4909,8.2476,4219.0,30.0,265.0,654.0,949.0,16680.0,2942.0,2506.0,73.0,756.0,338.0,21.88,6.33,3.14
2008/04/16,105.5,107.0,101.5,106.0,5256.0,549453.0,0.9524,4.5994,2647.0,-144.0,201.0,323.0,380.0,16498.0,1745.0,1925.0,144.0,714.0,104.0,22.08,6.39,3.11
2008/04/17,108.0,111.0,105.5,109.5,6941.0,752030.0,3.3019,6.0739,3219.0,54.0,1494.0,163.0,1711.0,15576.0,1757.0,2677.0,35.0,1089.0,410.0,22.81,6.6,3.01
2008/04/18,108.0,111.0,104.5,106.0,3798.0,409958.0,-3.1963,3.3235,1740.0,-40.0,-409.0,35.0,-414.0,15818.0,1582.0,1340.0,187.0,910.0,10.0,22.08,6.39,3.11
2008/04/21,107.5,112.0,104.5,112.0,4923.0,536454.0,5.6604,4.308,2826.0,44.0,1141.0,-182.0,1003.0,15772.0,1432.0,1458.0,52.0,1159.0,302.0,23.33,6.75,2.95
2008/04/22,113.0,117.5,111.0,115.0,6991.0,804475.0,2.6786,6.1176,3776.0,70.0,676.0,346.0,1092.0,15455.0,2006.0,2322.0,69.0,1604.0,514.0,23.96,6.93,2.87
2008/04/23,116.0,123.0,113.5,118.5,10811.0,1299336.0,3.0435,9.4604,4693.0,-252.0,1020.0,418.0,1186.0,14715.0,2348.0,3088.0,391.0,1566.0,353.0,24.69,7.14,2.78
2008/04/24,119.5,120.5,117.0,118.5,3727.0,442705.0,0.0,3.2614,1971.0,-17.0,0.0,-18.0,-35.0,14641.0,1439.0,1513.0,137.0,1569.0,140.0,24.69,7.14,2.78
2008/04/25,119.0,122.5,117.5,122.5,4552.0,548130.0,3.3755,3.9833,2449.0,46.0,970.0,-124.0,892.0,14401.0,1292.0,1531.0,73.0,1791.0,296.0,25.52,7.38,2.69
2008/04/28,123.0,123.5,118.0,122.5,2879.0,347350.0,0.0,2.5193,1681.0,-12.0,-140.0,-11.0,-163.0,14622.0,1493.0,1272.0,133.0,1711.0,53.0,25.52,6.87,2.69
2008/04/29,122.5,124.5,118.5,118.5,3247.0,395378.0,-3.2653,2.8414,1796.0,1.0,-230.0,-8.0,-237.0,15061.0,1521.0,1081.0,106.0,1654.0,49.0,22.7,6.64,2.78
2008/04/30,118.5,122.0,114.0,115.0,4797.0,564881.0,-2.9536,4.1977,2805.0,-30.0,-745.0,31.0,-744.0,16092.0,2207.0,1174.0,349.0,1472.0,167.0,22.03,6.45,2.87
2008/05/02,118.0,119.5,114.0,119.5,4432.0,517245.0,3.913,3.8783,2427.0,33.0,131.0,77.0,241.0,16320.0,1512.0,1279.0,120.0,1541.0,189.0,22.89,6.7,2.76
2008/05/05,119.5,122.0,117.0,118.5,4054.0,487332.0,-0.8368,3.5476,2189.0,-8.0,-649.0,-6.0,-663.0,16676.0,1855.0,1498.0,162.0,1454.0,76.0,22.7,6.64,2.78
2008/05/06,118.0,126.5,118.0,126.5,8992.0,1119170.0,6.7511,7.8687,4335.0,18.0,630.0,373.0,1021.0,17253.0,3257.0,2679.0,77.0,2142.0,765.0,24.37,7.13,2.61
2008/05/07,128.0,130.5,124.0,126.5,7311.0,936825.0,0.0,6.3977,3728.0,-83.0,354.0,16.0,287.0,17345.0,3010.0,2918.0,253.0,2035.0,146.0,24.37,7.13,2.61
2008/05/08,125.0,128.0,124.0,124.0,3006.0,377133.0,-1.9763,2.6305,1723.0,-12.0,0.0,-18.0,-30.0,17514.0,1562.0,1385.0,173.0,1930.0,72.0,23.89,6.99,2.66
2008/05/09,123.0,123.0,115.5,115.5,4910.0,580842.0,-6.8548,4.2966,2588.0,3.0,-454.0,-180.0,-631.0,17437.0,1801.0,1876.0,592.0,1338.0,0.0,22.25,6.51,2.86
2008/05/12,115.0,118.5,111.5,118.5,3434.0,394194.0,2.5974,3.005,1931.0,12.0,-981.0,14.0,-955.0,17929.0,1402.0,909.0,211.0,1194.0,69.0,22.83,6.68,2.78
2008/05/13,118.5,121.0,117.5,119.0,3278.0,390844.0,0.4219,2.8685,1929.0,-25.0,52.0,-363.0,-336.0,18460.0,1610.0,1077.0,42.0,1383.0,231.0,22.93,6.71,2.77
2008/05/14,120.0,122.5,117.5,119.0,2943.0,353538.0,0.0,2.5753,1707.0,3.0,-473.0,152.0,-318.0,18908.0,1421.0,973.0,108.0,1375.0,101.0,22.93,6.71,2.77
2008/05/15,119.0,121.0,117.5,120.0,2468.0,294941.0,0.8403,2.1597,1412.0,17.0,20.0,109.0,146.0,18822.0,919.0,1005.0,52.0,1402.0,79.0,23.12,6.76,2.75
2008/05/16,121.0,124.5,120.5,121.5,4570.0,560428.0,1.25,3.9991,2688.0,242.0,-600.0,195.0,-163.0,19326.0,2083.0,1578.0,86.0,1423.0,113.0,23.41,6.85,2.72
2008/05/19,121.5,123.0,115.0,117.0,4048.0,476822.0,-3.7037,3.5423,2436.0,-163.0,-320.0,-264.0,-747.0,20109.0,1820.0,1037.0,244.0,1185.0,6.0,22.54,6.6,2.82
2008/05/20,117.0,119.0,113.0,113.0,3101.0,361845.0,-3.4188,2.7136,1900.0,34.0,-365.0,-108.0,-439.0,20544.0,1624.0,1186.0,90.0,1157.0,62.0,21.77,6.37,2.92
2008/05/21,112.0,116.5,112.0,116.5,2466.0,282410.0,3.0973,2.1579,1603.0,1.0,-80.0,-112.0,-191.0,20538.0,957.0,962.0,151.0,1173.0,167.0,22.45,6.57,2.83
2008/05/22,114.0,116.5,111.5,113.0,2799.0,317348.0,-3.0043,2.4493,1558.0,-40.0,-400.0,-183.0,-623.0,20585.0,1090.0,1043.0,184.0,993.0,5.0,21.77,6.37,2.92
2008/05/23,113.0,114.0,105.5,107.0,5253.0,563479.0,-5.3097,4.5968,2717.0,10.0,-1400.0,-923.0,-2313.0,21337.0,2090.0,1338.0,415.0,582.0,4.0,20.62,6.03,3.08
2008/05/26,104.0,105.0,99.6,99.6,3811.0,382769.0,-6.9159,3.3349,1749.0,42.0,-1195.0,-489.0,-1642.0,22281.0,1853.0,885.0,264.0,317.0,0.0,19.19,5.61,3.31
2008/05/27,99.6,100.5,97.0,99.2,3102.0,305527.0,-0.4016,2.7145,1739.0,-63.0,-861.0,-200.0,-1124.0,22877.0,1541.0,927.0,66.0,269.0,19.0,19.11,5.59,3.33
2008/05/28,99.1,101.0,97.2,98.0,3307.0,328421.0,-1.2097,2.8939,1942.0,-26.0,208.0,-84.0,98.0,22551.0,1140.0,1465.0,61.0,601.0,393.0,18.88,5.52,3.37
2008/05/29,99.5,104.5,99.0,104.5,7037.0,718084.0,6.6327,6.1579,3770.0,24.0,-211.0,-170.0,-357.0,22906.0,2813.0,2455.0,114.0,1023.0,536.0,20.13,5.89,3.16
2008/05/30,104.0,105.0,99.9,103.0,4095.0,420526.0,-1.4354,3.5834,2077.0,-20.0,267.0,42.0,289.0,21938.0,1457.0,2410.0,197.0,826.0,0.0,19.85,5.81,3.2
2008/06/02,104.0,105.0,101.0,103.5,2184.0,226094.0,0.4854,1.9112,1370.0,0.0,76.0,168.0,244.0,21478.0,701.0,1161.0,52.0,945.0,171.0,19.94,5.83,3.19
2008/06/03,103.0,109.5,102.0,105.0,5507.0,584522.0,1.4493,4.819,2995.0,19.0,63.0,-180.0,-98.0,21428.0,1553.0,1603.0,95.0,1219.0,369.0,20.23,5.92,3.14
2008/06/04,105.0,108.0,104.0,106.0,3415.0,362444.0,0.9524,2.9884,1756.0,-19.0,326.0,267.0,574.0,21496.0,1197.0,1129.0,73.0,1359.0,213.0,20.42,5.98,3.11
2008/06/05,106.5,111.0,105.5,111.0,4529.0,490482.0,4.717,3.9632,2435.0,-6.0,-437.0,57.0,-386.0,21840.0,1782.0,1438.0,142.0,1548.0,332.0,21.39,6.26,2.97
2008/06/06,111.0,111.0,106.5,107.0,2602.0,282522.0,-3.6036,2.2769,1504.0,-120.0,7.0,28.0,-85.0,21800.0,1240.0,1279.0,151.0,1398.0,1.0,20.62,6.03,3.08
2008/06/09,100.5,104.0,100.0,104.0,1832.0,187083.0,-2.8037,1.6031,982.0,30.0,-163.0,-141.0,-274.0,21484.0,435.0,751.0,202.0,1196.0,0.0,20.04,5.86,3.17
2008/06/10,103.0,105.5,96.8,96.8,4361.0,433936.0,-6.9231,3.8162,2662.0,-132.0,-20.0,-110.0,-262.0,21230.0,1853.0,2095.0,349.0,890.0,43.0,18.65,5.46,3.41
2008/06/11,97.3,97.8,90.5,90.5,4655.0,434246.0,-6.5083,4.0735,2494.0,-41.0,-18.0,-288.0,-347.0,21595.0,2249.0,1872.0,212.0,682.0,4.0,17.44,5.1,3.65
2008/06/12,86.8,87.4,84.2,84.2,4341.0,370285.0,-6.9613,3.7987,1847.0,-3.0,-789.0,234.0,-558.0,21836.0,2220.0,1926.0,201.0,478.0,0.0,16.22,4.75,3.92
2008/06/13,83.9,87.7,82.0,86.0,4630.0,392986.0,2.1378,4.0516,2667.0,89.0,70.0,258.0,417.0,21088.0,1021.0,1721.0,125.0,887.0,534.0,16.57,4.85,3.84
2008/06/16,88.0,88.0,81.1,82.1,4339.0,367774.0,-4.5349,3.7969,2494.0,148.0,-975.0,295.0,-532.0,21597.0,1785.0,1220.0,279.0,685.0,77.0,15.82,4.63,4.02
2008/06/17,82.0,83.0,77.6,82.1,4840.0,392387.0,0.0,4.2354,2863.0,11.0,-985.0,216.0,-758.0,22435.0,1933.0,1059.0,175.0,592.0,84.0,15.82,4.63,4.02
2008/06/18,82.1,86.6,81.2,85.0,7008.0,589879.0,3.5323,6.1325,3983.0,167.0,-70.0,386.0,483.0,23614.0,2749.0,1535.0,62.0,787.0,258.0,16.38,4.79,3.88
2008/06/19,83.0,84.2,82.0,82.0,2678.0,222274.0,-3.5294,2.3434,1407.0,-139.0,0.0,78.0,-61.0,23467.0,1219.0,1334.0,124.0,663.0,0.0,15.8,4.62,4.02
2008/06/20,82.5,84.3,81.3,82.0,4784.0,396879.0,0.0,4.1864,2722.0,-34.0,182.0,-111.0,37.0,23664.0,1418.0,1216.0,60.0,1112.0,509.0,15.8,4.62,4.02
2008/06/23,80.0,82.0,77.7,82.0,3025.0,242320.0,0.0,2.6471,1646.0,45.0,-295.0,-89.0,-339.0,23498.0,1123.0,1274.0,310.0,833.0,31.0,15.8,4.62,4.02
2008/06/24,82.0,83.4,77.5,78.0,2890.0,233888.0,-4.878,2.529,1747.0,-58.0,98.0,-48.0,-8.0,23274.0,1376.0,1552.0,122.0,790.0,90.0,15.03,4.4,4.23
2008/06/25,78.0,78.8,73.0,77.5,4224.0,323743.0,-0.641,3.6963,2288.0,-20.0,-242.0,7.0,-255.0,23336.0,1853.0,1771.0,187.0,676.0,79.0,14.93,4.37,4.26
2008/06/26,77.8,81.2,77.0,78.8,5399.0,431450.0,1.6774,4.7245,3041.0,58.0,200.0,-139.0,119.0,23238.0,1576.0,1667.0,132.0,944.0,400.0,15.18,4.44,4.19
2008/06/27,73.4,74.8,73.3,73.3,3564.0,261982.0,-6.9797,3.1188,1628.0,-31.0,-580.0,-387.0,-998.0,23079.0,1265.0,1390.0,386.0,558.0,0.0,14.12,4.13,4.5
2008/06/30,72.0,73.0,68.2,68.2,3681.0,255911.0,-6.9577,3.2192,2021.0,-3.0,-120.0,-558.0,-681.0,23244.0,1794.0,1536.0,138.0,420.0,0.0,13.14,3.84,4.84
2008/07/01,66.5,69.0,64.2,64.8,5588.0,369841.0,-4.9853,4.8869,2436.0,568.0,-1144.0,-382.0,-958.0,22955.0,2345.0,2374.0,68.0,390.0,53.0,12.49,3.65,5.09
2008/07/02,65.8,69.3,65.2,69.3,7130.0,490119.0,6.9444,6.2355,2754.0,-127.0,320.0,-228.0,-35.0,22671.0,1864.0,2053.0,196.0,873.0,700.0,13.35,3.91,4.76
2008/07/03,68.0,74.1,67.8,74.1,6826.0,487322.0,6.9264,5.9696,3520.0,-114.0,433.0,-74.0,245.0,22731.0,1797.0,1730.0,360.0,809.0,296.0,14.36,4.21,4.45
2008/07/04,74.6,76.8,73.2,73.2,9101.0,685438.0,-1.2146,7.9592,4295.0,-249.0,2148.0,-190.0,1709.0,22081.0,2010.0,2637.0,142.0,1389.0,722.0,14.19,4.15,4.51
2008/07/07,73.5,78.3,72.2,78.3,5334.0,405599.0,6.9672,4.6648,2540.0,33.0,456.0,10.0,499.0,22048.0,1855.0,1883.0,228.0,1675.0,514.0,15.17,4.44,4.21
2008/07/08,78.3,80.1,75.0,76.8,7573.0,593807.0,-1.9157,6.6229,4077.0,-200.0,654.0,-115.0,339.0,22400.0,2880.0,2518.0,288.0,1879.0,492.0,14.88,4.36,4.3
2008/07/09,80.5,82.1,77.5,79.1,11248.0,905227.0,2.9948,9.8368,5302.0,25.0,527.0,-141.0,411.0,23438.0,4053.0,3007.0,294.0,2285.0,700.0,15.33,4.49,4.17
2008/07/10,79.1,80.0,75.5,77.9,3792.0,294256.0,-1.5171,3.3163,2376.0,8.0,100.0,-51.0,57.0,23039.0,1653.0,2050.0,452.0,1859.0,26.0,15.1,4.42,4.24
2008/07/11,78.3,82.0,77.1,82.0,5449.0,433786.0,5.2632,4.7654,3256.0,61.0,373.0,85.0,519.0,22882.0,1735.0,1870.0,357.0,1916.0,420.0,15.89,4.65,4.02
2008/07/14,81.9,82.7,80.5,81.0,3599.0,293741.0,-1.2195,3.1475,2001.0,-1.0,-1.0,44.0,42.0,22957.0,1739.0,1662.0,344.0,1586.0,15.0,15.7,4.6,4.07
2008/07/15,79.1,79.7,75.4,75.4,3756.0,290053.0,-6.9136,3.2848,2041.0,1.0,-30.0,-87.0,-116.0,21915.0,1345.0,2335.0,428.0,1158.0,0.0,14.61,4.28,4.38
2008/07/16,76.0,79.1,75.0,76.4,6304.0,486341.0,1.3263,5.5131,3605.0,30.0,60.0,42.0,132.0,22488.0,2070.0,1488.0,55.0,1852.0,752.0,14.81,4.34,4.32
2008/07/17,81.0,81.7,80.0,81.7,6910.0,562696.0,6.9372,6.0431,2352.0,-29.0,75.0,17.0,63.0,23059.0,2900.0,2317.0,153.0,2003.0,308.0,15.83,4.64,4.04
2008/07/18,83.0,85.3,80.0,80.3,12930.0,1076980.0,-1.7136,11.3078,5991.0,102.0,1342.0,148.0,1592.0,21765.0,3624.0,4917.0,359.0,2052.0,408.0,15.56,4.56,4.11
2008/07/21,83.9,85.9,83.0,85.9,8867.0,757324.0,6.9738,7.7545,3770.0,709.0,1060.0,68.0,1837.0,22729.0,3813.0,2841.0,249.0,2658.0,855.0,16.65,4.88,3.84
2008/07/22,85.5,88.3,85.0,88.1,9646.0,836769.0,2.5611,8.4358,4998.0,-163.0,1818.0,22.0,1677.0,21574.0,2497.0,3633.0,480.0,2850.0,673.0,17.07,5.0,3.75
2008/07/23,90.0,92.0,87.2,89.5,9740.0,868374.0,1.5891,8.518,5036.0,-170.0,275.0,-218.0,-113.0,21668.0,3876.0,3771.0,313.0,3172.0,636.0,17.34,5.08,3.69
2008/07/24,89.8,89.8,87.8,88.1,4785.0,425210.0,-1.5642,4.1847,2505.0,-260.0,-557.0,-49.0,-866.0,22091.0,1909.0,1479.0,306.0,3036.0,172.0,17.07,5.0,3.75
2008/07/25,86.6,89.9,85.3,89.9,3772.0,330048.0,2.0431,3.2988,2045.0,-97.0,-25.0,-70.0,-192.0,22030.0,1587.0,1610.0,572.0,2594.0,132.0,17.42,5.1,3.67
2008/07/29,88.1,89.0,87.0,88.0,3014.0,265368.0,-2.1135,2.6359,1688.0,-53.0,-177.0,-1.0,-231.0,22103.0,1637.0,1554.0,321.0,2273.0,0.0,17.05,4.99,3.75
2008/07/30,89.5,90.6,86.9,86.9,4245.0,376732.0,-1.25,3.7124,2366.0,8.0,0.0,-80.0,-72.0,21819.0,1681.0,1958.0,85.0,2456.0,268.0,16.84,4.93,3.8
2008/07/31,88.0,88.4,80.9,80.9,6576.0,547270.0,-6.9045,5.7342,3294.0,-61.0,-1164.0,-24.0,-1249.0,21872.0,2761.0,2691.0,725.0,1796.0,66.0,15.68,4.59,4.08
2008/08/01,79.0,80.9,75.4,80.9,4667.0,361984.0,0.0,4.0696,2250.0,96.0,-1208.0,1.0,-1111.0,21305.0,1446.0,1973.0,530.0,1302.0,36.0,15.68,4.59,4.08
2008/08/04,79.9,82.3,79.0,81.0,3297.0,267761.0,0.1236,2.875,1926.0,-307.0,76.0,77.0,-154.0,21402.0,1240.0,1018.0,76.0,1483.0,258.0,15.7,4.6,4.07
2008/08/05,81.9,83.3,79.6,81.0,4891.0,399822.0,0.0,4.2649,2909.0,43.0,285.0,42.0,370.0,21596.0,1783.0,1558.0,127.0,1832.0,479.0,15.7,4.6,4.07
2008/08/06,85.0,86.6,83.9,86.6,7524.0,643558.0,6.9136,6.5609,3583.0,385.0,753.0,361.0,1499.0,21226.0,2220.0,2573.0,238.0,2345.0,753.0,16.78,4.91,3.81
2008/08/07,87.0,89.6,87.0,87.2,7834.0,690925.0,0.6928,6.8284,3937.0,-66.0,1405.0,29.0,1368.0,20876.0,2102.0,2450.0,143.0,2803.0,603.0,16.9,4.95,3.78
2008/08/08,88.0,92.0,87.1,90.5,8068.0,723347.0,3.7844,7.0324,4353.0,110.0,291.0,-18.0,383.0,20751.0,2441.0,2427.0,662.0,2629.0,491.0,17.54,5.14,3.65
2008/08/11,90.5,90.5,85.9,87.0,6927.0,608905.0,-3.8674,6.0379,3786.0,19.0,-978.0,-143.0,-1102.0,20886.0,3227.0,3076.0,509.0,2119.0,0.0,16.86,4.94,3.79
2008/08/12,87.0,88.8,85.0,88.4,4645.0,408751.0,1.6092,4.0488,2744.0,75.0,150.0,102.0,327.0,21121.0,1810.0,1575.0,180.0,2167.0,228.0,17.13,5.02,3.73
2008/08/13,88.4,94.5,88.0,94.5,9195.0,843442.0,6.9005,8.0147,4949.0,-178.0,402.0,138.0,362.0,21206.0,3403.0,3281.0,416.0,2044.0,294.0,18.31,5.36,3.49
2008/08/14,94.3,95.5,91.5,94.5,5814.0,543878.0,0.0,5.0677,3112.0,-208.0,328.0,98.0,218.0,20812.0,2201.0,2574.0,702.0,1379.0,42.0,18.31,5.36,3.49
2008/08/15,94.0,95.0,87.9,87.9,5798.0,525828.0,-6.9841,5.0538,3362.0,-42.0,-560.0,-308.0,-910.0,19978.0,2527.0,3360.0,820.0,555.0,0.0,17.03,4.99,3.75
2008/08/18,87.2,88.5,86.0,88.2,3273.0,285829.0,0.3413,2.8529,1695.0,0.0,-75.0,-84.0,-159.0,19838.0,1364.0,1478.0,500.0,26.0,0.0,17.09,5.01,3.74
2008/08/19,86.6,88.0,84.0,87.0,1641.0,141492.0,-1.3605,1.4304,959.0,-66.0,-60.0,3.0,-123.0,19159.0,0.0,677.0,20.0,0.0,0.0,16.86,4.94,3.79
2008/08/20,87.0,87.5,85.2,85.9,1927.0,166154.0,-1.2644,1.6797,1051.0,77.0,-45.0,162.0,194.0,18301.0,0.0,855.0,0.0,0.0,0.0,16.65,4.88,3.84
2008/08/21,86.4,87.5,83.8,83.8,4334.0,371407.0,-2.4447,3.7777,1873.0,-24.0,240.0,148.0,364.0,16974.0,0.0,1317.0,0.0,0.0,0.0,16.24,4.76,3.94
2008/08/22,78.2,80.6,76.6,77.6,9856.0,773592.0,-1.0639,8.1688,4964.0,-121.0,0.0,-280.0,-401.0,19948.0,3613.0,622.0,0.0,1953.0,1953.0,15.9,4.65,4.25
2008/08/25,78.5,78.7,74.0,77.6,4083.0,313103.0,0.0,3.3841,2214.0,59.0,73.0,-67.0,65.0,19889.0,1263.0,1316.0,390.0,1754.0,191.0,15.9,4.65,4.25
2008/08/26,77.6,79.7,76.3,78.0,4518.0,354915.0,0.5155,3.7446,2558.0,-15.0,0.0,10.0,-5.0,20692.0,1801.0,989.0,152.0,2553.0,951.0,15.98,4.68,4.23
2008/08/27,77.5,82.0,77.5,80.1,5978.0,477286.0,2.6923,4.9547,3362.0,32.0,0.0,3.0,35.0,21113.0,1953.0,1532.0,538.0,2787.0,773.0,16.41,5.54,4.12
2008/08/28,78.5,79.6,76.0,76.5,7299.0,562317.0,-4.4944,6.0495,3764.0,-44.0,-3110.0,-172.0,-3326.0,22682.0,3573.0,1990.0,597.0,2190.0,0.0,16.63,5.29,4.31
2008/08/29,76.5,77.8,74.8,75.0,5860.0,445777.0,-1.9608,4.8569,3111.0,-22.0,-1555.0,-35.0,-1612.0,23503.0,2321.0,1498.0,356.0,1996.0,162.0,16.3,5.18,4.37
2008/09/01,74.1,74.1,69.8,69.8,3885.0,276145.0,-6.9333,3.22,2019.0,-8.0,-647.0,-69.0,-724.0,23133.0,1459.0,1822.0,249.0,1743.0,0.0,15.17,4.82,4.7
2008/09/02,69.3,69.7,65.0,66.3,4761.0,317636.0,-5.0143,3.946,2580.0,-18.0,-1190.0,-15.0,-1223.0,23442.0,2136.0,1813.0,300.0,1443.0,0.0,14.41,4.58,4.95
2008/09/03,66.0,66.3,61.7,61.7,5000.0,316759.0,-6.9382,4.1441,2604.0,13.0,-944.0,-39.0,-970.0,23075.0,2215.0,2563.0,469.0,974.0,1.0,13.41,4.26,5.32
2008/09/04,61.0,64.2,60.5,62.5,6287.0,392083.0,1.2966,5.2108,3467.0,-6.0,-847.0,112.0,-741.0,23311.0,2025.0,1731.0,97.0,1408.0,531.0,13.59,4.32,5.25
2008/09/05,60.1,64.5,60.1,62.5,4461.0,278624.0,0.0,3.6973,2390.0,-219.0,-300.0,5.0,-514.0,23769.0,1778.0,1259.0,162.0,1576.0,330.0,13.59,4.32,5.25
2008/09/08,65.0,66.5,64.2,65.5,4586.0,300880.0,4.8,3.801,2383.0,605.0,-200.0,40.0,445.0,23214.0,1368.0,1882.0,142.0,1702.0,271.0,14.24,4.53,5.01
2008/09/09,64.7,64.7,61.0,61.0,3783.0,234687.0,-6.8702,3.1354,1794.0,-607.0,827.0,-11.0,209.0,23029.0,1121.0,1303.0,235.0,1467.0,0.0,13.26,4.22,5.38
2008/09/10,56.8,59.8,56.8,58.2,4734.0,273066.0,-4.5902,3.9236,2577.0,-92.0,-927.0,-164.0,-1183.0,23550.0,2127.0,1585.0,128.0,1339.0,0.0,12.65,4.02,5.64
2008/09/11,57.9,59.2,55.5,55.5,3754.0,215781.0,-4.6392,3.1114,2122.0,-44.0,-429.0,-3.0,-476.0,23996.0,1824.0,1329.0,23.0,1479.0,163.0,12.07,3.84,5.91
2008/09/12,56.4,56.7,52.0,55.0,5378.0,293800.0,-0.9009,4.4574,2711.0,-48.0,-501.0,7.0,-542.0,23685.0,2090.0,2251.0,184.0,1450.0,155.0,11.96,3.8,5.96
2008/09/15,52.7,53.0,51.2,51.2,2890.0,149779.0,-6.9091,2.3953,1265.0,-1.0,-300.0,-63.0,-364.0,22884.0,1231.0,1796.0,145.0,1304.0,0.0,11.13,3.54,6.41
2008/09/16,47.65,47.65,47.65,47.65,723.0,34497.0,-6.9336,0.5992,305.0,0.0,0.0,-1.0,-1.0,22506.0,234.0,504.0,28.0,1277.0,0.0,10.36,3.29,6.88
2008/09/17,47.65,50.0,44.35,45.2,8211.0,390003.0,-5.1417,6.8054,4034.0,7.0,-760.0,-28.0,-781.0,22585.0,3544.0,3256.0,132.0,1667.0,522.0,9.83,3.12,7.26
2008/09/18,42.05,43.9,42.05,43.9,6590.0,278913.0,-2.8761,5.4619,2596.0,299.0,-1196.0,2.0,-895.0,22450.0,3570.0,3386.0,176.0,1491.0,0.0,9.54,3.03,7.47
2008/09/19,46.95,46.95,46.95,46.95,3038.0,142671.0,6.9476,2.5179,791.0,-201.0,-801.0,0.0,-1002.0,23921.0,2353.0,808.0,19.0,1641.0,170.0,10.21,3.24,6.99
2008/09/22,50.2,50.2,49.35,50.2,6134.0,307544.0,6.9223,5.084,1871.0,-1.0,350.0,5.0,354.0,21966.0,1643.0,3591.0,417.0,1586.0,362.0,10.91,3.47,6.53
2008/09/23,50.0,53.5,50.0,53.0,12090.0,629818.0,5.5777,10.0204,5503.0,34.0,0.0,163.0,197.0,22353.0,3677.0,3257.0,314.0,1811.0,539.0,11.52,3.66,6.19
2008/09/24,52.9,56.0,52.1,54.3,11639.0,631228.0,2.4528,9.6466,5511.0,8.0,0.0,-36.0,-28.0,22428.0,3242.0,3102.0,144.0,2438.0,771.0,11.8,3.75,6.04
2008/09/25,52.8,55.4,52.5,53.5,6412.0,345754.0,-1.4733,5.3144,3086.0,-188.0,0.0,-87.0,-275.0,22623.0,2940.0,2724.0,400.0,2340.0,302.0,11.63,3.7,6.13
2008/09/26,53.9,54.2,49.8,50.0,4820.0,246758.0,-6.5421,3.9949,2449.0,4.0,0.0,11.0,15.0,21813.0,1906.0,2685.0,355.0,2003.0,22.0,10.87,3.46,6.56
2008/09/30,46.5,46.5,46.5,46.5,527.0,24519.0,-7.0,0.4361,256.0,0.0,0.0,0.0,0.0,21634.0,200.0,310.0,90.0,1901.0,0.0,10.11,3.21,7.05
2008/10/01,47.0,49.75,46.8,49.75,5904.0,289105.0,6.9892,4.886,2379.0,143.0,-108.0,-43.0,-8.0,21831.0,2839.0,2628.0,79.0,1813.0,0.0,10.82,3.44,6.59
2008/10/02,48.0,51.0,46.5,47.5,5092.0,248049.0,-4.5226,4.214,2958.0,-200.0,-84.0,-6.0,-291.0,22218.0,2451.0,2054.0,61.0,1751.0,0.0,10.33,3.28,6.91
2008/10/03,46.6,50.8,44.9,50.8,5337.0,260012.0,6.9474,4.4167,2641.0,347.0,-37.0,54.0,364.0,22444.0,2643.0,2408.0,60.0,1691.0,0.0,11.04,3.51,6.46
2008/10/06,48.5,51.0,48.2,48.2,4763.0,234890.0,-5.1181,3.9417,2460.0,-245.0,112.0,-6.0,-139.0,22278.0,2499.0,2651.0,21.0,1670.0,0.0,10.48,3.33,6.8
2008/10/07,48.0,51.5,48.0,51.5,6130.0,311992.0,6.8465,5.073,2539.0,94.0,13.0,0.0,107.0,22165.0,2771.0,2865.0,100.0,1570.0,0.0,11.2,3.56,6.37
2008/10/08,51.3,52.0,48.0,49.4,7955.0,397889.0,-4.0777,6.5833,3626.0,-173.0,136.0,29.0,-8.0,22544.0,3949.0,3562.0,26.0,1543.0,0.0,10.74,3.41,6.64
2008/10/09,51.7,52.8,50.5,52.0,8240.0,429887.0,5.2632,6.8192,3781.0,28.0,-72.0,17.0,-28.0,21830.0,3576.0,4285.0,42.0,1499.0,0.0,11.3,3.59,6.31
2008/10/13,51.6,55.6,51.5,55.6,7009.0,372402.0,6.9231,5.8004,3558.0,84.0,23.0,7.0,114.0,22365.0,3516.0,2966.0,18.0,1481.0,0.0,12.09,3.84,5.9
2008/10/14,59.4,59.4,59.4,59.4,1288.0,76510.0,6.8345,1.0659,548.0,499.0,35.0,0.0,534.0,22207.0,496.0,644.0,0.0,1481.0,0.0,12.91,4.11,5.52
2008/10/15,59.3,60.0,57.4,58.2,10410.0,604450.0,-2.0202,8.615,5005.0,-631.0,120.0,85.0,-426.0,23022.0,5448.0,4631.0,14.0,1462.0,0.0,12.65,4.02,5.64
2008/10/16,56.2,56.2,56.2,56.2,295.0,16634.0,-3.4364,0.2441,193.0,0.0,-20.0,0.0,-20.0,22904.0,122.0,237.0,0.0,1462.0,0.0,12.22,3.88,5.84
2008/10/17,55.3,56.9,54.3,54.3,6541.0,359755.0,-3.3808,5.4131,3520.0,-37.0,-70.0,-4.0,-111.0,22182.0,3098.0,3808.0,6.0,1456.0,0.0,11.8,3.75,6.04
2008/10/20,54.3,58.1,54.3,58.1,6855.0,386330.0,6.9982,5.673,3458.0,-9.0,-2.0,-81.0,-92.0,22488.0,3489.0,3172.0,0.0,1455.0,0.0,12.63,4.02,5.65
2008/10/21,59.5,59.5,56.1,56.1,8574.0,496501.0,-3.4423,7.0956,4450.0,109.0,-15.0,106.0,200.0,21996.0,3731.0,4219.0,11.0,1444.0,0.0,12.2,3.88,5.85
2008/10/22,54.5,58.7,54.5,56.5,5630.0,321194.0,0.713,4.6592,3206.0,193.0,-17.0,-72.0,104.0,21629.0,2821.0,3188.0,0.0,1444.0,0.0,12.28,3.9,5.81
2008/10/23,54.6,55.6,54.6,55.6,4704.0,257875.0,-1.5929,3.8929,2706.0,-17.0,-1.0,60.0,42.0,21843.0,2426.0,2209.0,0.0,1443.0,0.0,12.09,3.84,5.9
2008/10/24,54.5,54.7,53.7,53.7,1600.0,86276.0,-3.4173,1.3241,781.0,1.0,0.0,-2.0,-1.0,21373.0,589.0,1042.0,11.0,1432.0,0.0,11.67,3.71,6.11
2008/10/27,49.95,54.4,49.95,49.95,4523.0,231740.0,-6.9832,3.7431,2672.0,-111.0,-14.0,-27.0,-152.0,21335.0,2494.0,2492.0,20.0,1412.0,0.0,10.86,3.45,6.57
2008/10/28,49.0,53.4,46.5,53.4,6637.0,333652.0,6.9069,5.4926,3437.0,50.0,0.0,104.0,154.0,21437.0,3412.0,3287.0,8.0,1404.0,0.0,11.61,3.69,6.14
2008/10/29,57.1,57.1,54.0,54.1,9296.0,522042.0,1.3109,7.6931,4026.0,126.0,1216.0,269.0,1611.0,21329.0,4249.0,4354.0,4.0,1400.0,0.0,11.76,3.45,6.06
2008/10/30,56.0,57.8,54.1,57.8,6125.0,348153.0,6.8392,5.0689,3237.0,86.0,20.0,70.0,176.0,21564.0,3123.0,2879.0,8.0,1392.0,0.0,14.2,3.68,5.67
2008/10/31,55.9,58.5,54.5,56.0,5897.0,332639.0,-3.1142,4.8796,3124.0,109.0,-135.0,373.0,347.0,21142.0,2705.0,3126.0,4.0,1388.0,0.0,13.76,3.57,5.86
2008/11/03,56.0,58.7,55.2,57.0,4587.0,262067.0,1.7857,3.7956,2520.0,3.0,0.0,269.0,272.0,21428.0,2648.0,2359.0,1.0,1387.0,0.0,14.0,3.63,5.75
2008/11/04,56.6,60.5,56.5,59.2,7485.0,442900.0,3.8596,6.1936,3971.0,124.0,-198.0,136.0,62.0,21536.0,3715.0,3596.0,6.0,1380.0,0.0,14.55,3.77,5.54
2008/11/05,59.7,59.7,57.0,57.1,6313.0,367234.0,-3.5473,5.2238,3128.0,-249.0,0.0,98.0,-151.0,20543.0,2528.0,3520.0,0.0,1380.0,0.0,14.03,3.64,5.74
2008/11/06,53.2,54.3,53.2,53.2,3141.0,167899.0,-6.8301,2.5991,1729.0,-227.0,-392.0,152.0,-467.0,20583.0,1370.0,1330.0,1.0,1379.0,0.0,13.07,3.39,6.17
2008/11/07,49.5,54.0,49.5,52.1,5270.0,270939.0,-2.0677,4.3607,3052.0,-45.0,0.0,-41.0,-86.0,20152.0,2272.0,2687.0,1.0,1378.0,0.0,12.8,3.32,6.3
2008/11/10,48.5,49.7,48.5,48.5,5436.0,264520.0,-6.9098,4.4981,2913.0,-114.0,-140.0,27.0,-227.0,19611.0,1989.0,2528.0,2.0,1376.0,0.0,11.92,3.09,6.76
2008/11/11,45.5,46.6,45.15,45.15,4092.0,185891.0,-6.9072,3.386,2019.0,31.0,-292.0,-138.0,-399.0,19496.0,1620.0,1702.0,2.0,1374.0,0.0,11.09,2.88,7.26
2008/11/12,43.3,47.0,43.3,45.3,3373.0,154398.0,0.3322,2.791,2074.0,24.0,-382.0,-8.0,-366.0,19480.0,1567.0,1570.0,0.0,1374.0,0.0,11.13,2.89,7.24
2008/11/13,42.25,43.0,42.15,42.15,1476.0,62389.0,-6.9536,1.2213,817.0,-152.0,-32.0,17.0,-167.0,19208.0,488.0,757.0,9.0,1365.0,0.0,10.36,2.68,7.78
2008/11/14,43.0,43.8,39.2,39.2,4379.0,178579.0,-6.9988,3.6235,2478.0,2.0,-117.0,-138.0,-253.0,18785.0,1847.0,2108.0,21.0,1344.0,0.0,9.63,2.5,8.37
2008/11/17,36.5,37.3,36.5,36.5,2172.0,79401.0,-6.8878,1.7973,1029.0,-33.0,-23.0,73.0,17.0,18508.0,822.0,881.0,15.0,1329.0,0.0,8.97,2.32,8.99
2008/11/18,33.95,33.95,33.95,33.95,863.0,29305.0,-6.9863,0.7141,326.0,0.0,-5.0,5.0,0.0,18094.0,399.0,646.0,0.0,1329.0,0.0,8.34,2.16,9.66
2008/11/19,31.6,36.3,31.6,36.3,6496.0,222428.0,6.9219,5.3752,2901.0,170.0,-5.0,-376.0,-211.0,18444.0,3455.0,2965.0,8.0,1321.0,0.0,8.92,2.31,9.04
2008/11/20,33.8,35.75,33.8,33.8,3845.0,131963.0,-6.8871,3.1816,2101.0,29.0,-72.0,-45.0,-88.0,17813.0,1828.0,2306.0,21.0,1300.0,0.0,8.3,2.15,9.7
2008/11/21,33.1,36.15,33.1,36.15,5797.0,206707.0,6.9527,4.7968,2465.0,45.0,151.0,-691.0,-495.0,17796.0,2335.0,2166.0,2.0,1298.0,0.0,8.88,2.3,9.07
2008/11/24,37.0,37.9,35.7,37.2,6780.0,251091.0,2.9046,5.6102,3216.0,-50.0,253.0,20.0,223.0,17813.0,3117.0,3087.0,3.0,1295.0,0.0,9.14,2.37,8.82
2008/11/25,38.0,39.7,37.5,38.2,5263.0,203827.0,2.6882,4.3549,2929.0,-37.0,183.0,-68.0,78.0,17919.0,2416.0,2309.0,3.0,1292.0,0.0,9.39,2.43,8.59
2008/11/26,38.1,38.5,37.2,37.8,3434.0,130436.0,-1.0471,2.8415,1925.0,100.0,0.0,-22.0,78.0,17843.0,1548.0,1621.0,1.0,1291.0,0.0,9.29,2.41,8.68
2008/11/27,39.4,40.4,38.9,40.4,5304.0,213052.0,6.8783,4.3889,2297.0,128.0,125.0,-300.0,-47.0,17550.0,1932.0,2224.0,20.0,1271.0,0.0,9.93,2.57,8.12
2008/11/28,38.9,41.8,38.9,40.3,9177.0,370062.0,-0.2475,7.592,4800.0,-111.0,-257.0,-10.0,-378.0,17999.0,2930.0,2462.0,29.0,1622.0,381.0,9.9,2.57,8.14
2008/12/01,39.4,40.7,39.3,39.3,4661.0,186156.0,-2.4814,3.856,2745.0,2.0,-106.0,2.0,-102.0,18494.0,2286.0,1776.0,55.0,1722.0,155.0,9.66,2.5,8.35
2008/12/02,36.55,37.0,36.55,36.55,2524.0,92312.0,-6.9975,2.0881,1340.0,-37.0,-320.0,-4.0,-361.0,18693.0,1120.0,917.0,47.0,1675.0,0.0,8.98,2.33,8.97
2008/12/03,35.3,36.4,34.0,34.0,3298.0,115198.0,-6.9767,2.7284,1764.0,24.0,-625.0,0.0,-601.0,18566.0,1237.0,1356.0,71.0,1603.0,0.0,8.35,2.17,9.65
2008/12/04,34.0,35.85,32.8,32.8,5435.0,187840.0,-3.5294,4.4963,3064.0,20.0,-4.0,0.0,16.0,18807.0,2009.0,1752.0,37.0,2057.0,492.0,8.06,2.09,10.0
2008/12/05,32.8,34.4,31.7,32.9,6079.0,202288.0,0.3049,5.0291,3247.0,374.0,0.0,0.0,374.0,18989.0,1432.0,1249.0,182.0,2502.0,627.0,8.08,2.1,9.97
2008/12/08,33.9,35.2,33.7,35.2,3426.0,118813.0,6.9909,2.8343,1656.0,0.0,0.0,15.0,15.0,19273.0,1232.0,934.0,212.0,2566.0,285.0,8.65,2.24,9.32
2008/12/09,36.0,37.55,35.8,36.55,8020.0,295122.0,3.8352,6.6348,3879.0,64.0,311.0,129.0,504.0,18726.0,2134.0,2670.0,599.0,2452.0,485.0,8.98,2.33,8.97
2008/12/10,36.75,39.1,36.75,39.1,8292.0,318347.0,6.9767,6.8599,3738.0,63.0,199.0,30.0,292.0,19109.0,2469.0,2080.0,351.0,2502.0,404.0,9.61,2.49,8.39
2008/12/11,39.1,40.95,38.8,39.1,9923.0,394714.0,0.0,8.2092,5399.0,-14.0,167.0,-160.0,-7.0,19808.0,3560.0,2858.0,197.0,2689.0,388.0,9.61,2.49,8.39
2008/12/12,38.0,40.0,36.4,36.4,8238.0,313595.0,-6.9054,6.8152,4176.0,8.0,0.0,-4.0,4.0,19889.0,3151.0,3067.0,367.0,2471.0,152.0,8.94,2.32,9.01
2008/12/15,38.3,38.85,37.3,38.4,7137.0,273088.0,5.4945,5.9043,3324.0,-43.0,205.0,20.0,182.0,20516.0,2674.0,2042.0,100.0,3167.0,800.0,9.43,2.45,8.54
2008/12/16,37.55,38.3,37.1,38.0,3134.0,118322.0,-1.0417,2.5927,1615.0,-9.0,0.0,-10.0,-19.0,20462.0,1421.0,1473.0,396.0,2771.0,0.0,9.34,2.42,8.63
2008/12/17,39.3,40.65,38.25,39.0,18860.0,756372.0,2.6316,15.6026,6978.0,213.0,-150.0,-21.0,42.0,21728.0,5647.0,4378.0,99.0,4107.0,1435.0,9.58,2.48,8.41
2008/12/18,39.5,39.65,37.35,39.5,5643.0,218376.0,1.2821,4.6684,2761.0,-177.0,0.0,-1.0,-178.0,21304.0,1836.0,2256.0,803.0,3516.0,212.0,9.71,2.52,8.3
2008/12/19,39.5,41.7,39.0,40.5,13779.0,562578.0,2.5316,11.3992,6370.0,87.0,95.0,2.0,184.0,21850.0,4727.0,4138.0,388.0,3991.0,894.0,9.95,2.58,8.1
2008/12/22,40.7,41.3,38.0,38.2,7640.0,300227.0,-5.679,6.3205,3052.0,-227.0,-396.0,-2.0,-625.0,21242.0,2820.0,3428.0,591.0,3409.0,9.0,9.39,2.43,8.59
2008/12/23,38.2,38.2,35.6,36.3,3712.0,135307.0,-4.9738,3.0709,1962.0,-38.0,0.0,0.0,-38.0,20979.0,1543.0,1804.0,261.0,3151.0,4.0,8.92,2.31,9.04
2008/12/24,35.5,38.8,35.4,38.8,12546.0,474262.0,6.8871,10.3791,4935.0,164.0,139.0,3.0,306.0,20672.0,2554.0,2853.0,148.0,5295.0,2303.0,9.53,2.47,8.45
2008/12/25,39.3,40.5,39.3,39.9,23230.0,926896.0,2.8351,19.2179,9052.0,218.0,130.0,97.0,445.0,23327.0,6137.0,3480.0,1154.0,6373.0,2233.0,9.8,2.54,8.22
2008/12/26,39.5,40.1,38.5,38.8,7661.0,301662.0,-2.7569,6.3378,3528.0,-158.0,2.0,0.0,-156.0,23327.0,3252.0,3250.0,1245.0,5400.0,272.0,9.53,2.47,8.45
2008/12/29,38.5,39.0,37.6,37.7,3868.0,147224.0,-2.8351,3.1999,1991.0,-189.0,-246.0,-43.0,-478.0,22909.0,1426.0,1841.0,888.0,4537.0,25.0,9.26,2.4,8.7
2008/12/30,38.7,40.2,38.5,40.0,9462.0,374488.0,6.1008,7.8246,4329.0,132.0,-1000.0,-28.0,-896.0,23663.0,3283.0,2516.0,439.0,4696.0,593.0,9.83,2.55,8.2
2008/12/31,40.0,41.9,39.3,41.0,14707.0,601460.0,2.5,7.3269,6901.0,198.0,0.0,-17.0,181.0,24206.0,5422.0,4871.0,114.0,4057.0,810.0,16.73,4.34,8.0
2009/01/05,42.5,43.5,41.7,42.4,11000.0,469682.0,3.4146,5.4801,4691.0,5.0,0.0,233.0,238.0,24913.0,4696.0,3979.0,256.0,4014.0,452.0,17.31,4.49,7.74
2009/01/06,42.4,42.95,41.5,42.95,8964.0,379371.0,1.2972,4.4658,4171.0,63.0,80.0,-89.0,54.0,24594.0,3231.0,3536.0,450.0,3731.0,176.0,17.53,4.54,7.64
2009/01/07,43.45,45.0,42.4,42.5,13850.0,607981.0,-1.0477,6.9,6137.0,-169.0,577.0,51.0,459.0,24325.0,5226.0,5485.0,190.0,3458.0,185.0,17.35,4.5,7.72
2009/01/08,40.5,41.3,39.55,39.55,5724.0,231287.0,-6.9412,2.8516,2679.0,12.0,150.0,23.0,185.0,23523.0,2276.0,3074.0,516.0,2913.0,0.0,16.14,4.19,8.29
2009/01/09,39.1,40.7,38.5,39.6,7267.0,290096.0,0.1264,3.6204,3182.0,44.0,294.0,72.0,410.0,23899.0,2385.0,2005.0,485.0,3053.0,605.0,16.16,4.19,8.28
2009/01/10,38.8,40.9,38.8,39.9,6078.0,244738.0,0.7576,3.028,3083.0,-6.0,607.0,-15.0,586.0,23448.0,1742.0,2192.0,270.0,3098.0,315.0,16.29,4.23,8.22
2009/01/12,40.75,42.0,40.5,40.95,8748.0,361185.0,2.6316,4.3582,3934.0,-177.0,450.0,-102.0,171.0,24427.0,3108.0,2132.0,255.0,3316.0,473.0,16.71,4.34,8.01
2009/01/13,41.8,42.3,41.05,42.0,9512.0,397849.0,2.5641,4.7388,4532.0,55.0,306.0,-347.0,14.0,25651.0,3640.0,2409.0,308.0,3484.0,493.0,17.14,4.45,7.81
2009/01/14,42.4,42.8,41.75,42.05,11410.0,483004.0,0.119,5.6844,4428.0,48.0,-75.0,-40.0,-67.0,26287.0,3591.0,2952.0,199.0,3916.0,631.0,17.16,4.45,7.8
2009/01/15,39.2,40.8,39.2,40.1,4759.0,190416.0,-4.6373,2.3709,2191.0,-107.0,68.0,-51.0,-90.0,25557.0,1525.0,2251.0,749.0,3167.0,0.0,16.37,4.25,8.18
2009/01/16,40.95,42.5,40.9,42.3,9401.0,394584.0,5.4863,4.6835,4164.0,-8.0,-82.0,21.0,-69.0,26738.0,3514.0,2333.0,373.0,3328.0,594.0,17.27,4.48,7.75
2009/01/17,42.9,42.9,41.9,42.05,6081.0,257770.0,-0.591,3.0295,2620.0,0.0,411.0,-21.0,390.0,26793.0,2384.0,2329.0,101.0,3397.0,170.0,17.16,4.45,7.8
2009/01/19,42.45,43.15,42.35,42.45,6186.0,264649.0,0.9512,3.0818,2721.0,-17.0,22.0,0.0,5.0,26423.0,1804.0,2167.0,94.0,3608.0,319.0,17.33,4.5,7.73
2009/01/20,41.9,42.15,40.9,41.15,3037.0,126063.0,-3.0624,1.513,1481.0,-76.0,0.0,0.0,-76.0,26010.0,1007.0,1404.0,564.0,3039.0,0.0,16.8,4.36,7.97
2009/01/21,40.5,41.8,40.5,41.0,3767.0,155358.0,-0.3645,1.8763,1907.0,-2.0,0.0,0.0,-2.0,25514.0,1225.0,1613.0,313.0,2859.0,135.0,16.73,4.34,8.0
2009/02/02,41.0,41.85,40.7,41.1,4500.0,185885.0,0.2439,2.2414,2162.0,1.0,-245.0,10.0,-234.0,26006.0,1758.0,1257.0,82.0,3064.0,287.0,16.78,4.35,7.98
2009/02/03,41.7,43.95,41.6,43.95,10598.0,459399.0,6.9343,5.2787,4056.0,212.0,109.0,-285.0,36.0,26590.0,3746.0,3152.0,258.0,3260.0,455.0,17.94,4.66,7.46
2009/02/04,44.85,47.0,44.0,46.5,20791.0,947559.0,5.802,10.3556,8748.0,709.0,0.0,80.0,789.0,27838.0,6655.0,5406.0,384.0,3913.0,1037.0,18.98,4.93,7.05
2009/02/05,45.9,46.75,44.65,45.0,9612.0,440213.0,-3.2258,4.7876,4100.0,-526.0,1069.0,-176.0,367.0,27538.0,3901.0,4170.0,389.0,3592.0,68.0,18.37,4.77,7.29
2009/02/06,46.25,47.8,46.1,46.5,13377.0,627217.0,3.3333,6.6628,6130.0,-30.0,-126.0,-49.0,-205.0,27662.0,5149.0,5022.0,202.0,3918.0,528.0,18.98,4.93,7.05
2009/02/09,47.0,47.25,45.5,46.3,9860.0,456806.0,-0.4301,4.9111,4159.0,-386.0,-60.0,-124.0,-570.0,28591.0,4218.0,3287.0,393.0,3965.0,440.0,18.9,4.9,7.08
2009/02/10,47.6,48.4,46.6,46.75,14836.0,704198.0,0.9719,7.3896,7119.0,510.0,330.0,-98.0,742.0,27864.0,5121.0,5848.0,160.0,4329.0,524.0,19.08,4.95,7.02
2009/02/11,45.7,48.3,45.65,48.0,10331.0,488276.0,2.6738,5.1457,4943.0,159.0,143.0,-54.0,248.0,27118.0,2795.0,3540.0,638.0,4093.0,403.0,19.59,5.08,6.83
2009/02/12,48.0,48.0,44.65,44.7,7424.0,340810.0,-6.875,3.6978,3839.0,-473.0,-375.0,-44.0,-892.0,26320.0,2416.0,3214.0,493.0,3610.0,10.0,18.24,4.74,7.34
2009/02/13,45.7,47.5,45.0,46.9,7889.0,367369.0,4.9217,3.9294,3879.0,46.0,0.0,323.0,369.0,26839.0,2684.0,2165.0,103.0,4083.0,578.0,19.14,4.97,6.99
2009/02/16,47.0,49.4,46.4,48.65,11242.0,541579.0,3.7313,5.5994,5266.0,40.0,147.0,198.0,385.0,27320.0,3578.0,3097.0,179.0,4429.0,545.0,19.86,5.15,6.74
2009/02/17,48.0,48.3,45.6,45.9,5975.0,278159.0,-5.6526,2.976,2927.0,-132.0,-807.0,1.0,-938.0,26771.0,2144.0,2412.0,658.0,3771.0,0.0,18.73,4.86,7.15
2009/02/18,44.8,46.5,44.8,45.9,5207.0,239077.0,0.0,2.5935,2679.0,1.0,-220.0,-252.0,-471.0,27270.0,1690.0,1185.0,123.0,4046.0,402.0,18.73,4.86,7.15
2009/02/19,45.75,47.25,45.15,46.4,5854.0,272440.0,1.0893,2.9158,2882.0,24.0,0.0,-199.0,-175.0,27325.0,1951.0,1894.0,370.0,3940.0,270.0,18.94,4.92,7.07
2009/02/20,46.4,48.0,46.4,46.6,10777.0,509737.0,0.431,5.3678,5173.0,151.0,28.0,9.0,188.0,26972.0,3093.0,3446.0,286.0,4212.0,559.0,19.02,4.94,7.04
2009/02/23,46.6,48.7,45.6,48.5,10216.0,487076.0,4.0773,5.0884,4736.0,-34.0,260.0,117.0,343.0,27806.0,3590.0,2756.0,558.0,4200.0,546.0,19.8,5.14,6.76
2009/02/24,47.1,48.4,47.1,47.65,4715.0,225337.0,-1.7526,2.3485,2309.0,118.0,306.0,96.0,520.0,27459.0,1955.0,2302.0,301.0,3899.0,0.0,19.45,5.05,6.88
2009/02/25,48.9,49.1,47.15,47.15,7353.0,354279.0,-1.0493,3.6624,3790.0,75.0,0.0,-204.0,-129.0,27343.0,3128.0,3240.0,178.0,3922.0,201.0,19.24,4.99,6.96
2009/02/26,48.0,49.5,47.6,48.9,13906.0,677257.0,3.7116,6.9263,6235.0,263.0,-694.0,-205.0,-636.0,28785.0,5381.0,3913.0,77.0,4562.0,718.0,19.96,5.18,6.71
2009/02/27,48.9,51.8,48.4,50.9,15171.0,760077.0,4.09,7.5524,6365.0,-46.0,208.0,410.0,572.0,28431.0,3951.0,4270.0,663.0,4454.0,556.0,20.78,5.39,6.44
2009/03/02,49.9,50.5,48.5,48.55,8075.0,399455.0,-4.6169,4.0199,3729.0,-99.0,-102.0,30.0,-171.0,28166.0,3609.0,3874.0,491.0,3963.0,0.0,19.82,5.14,6.76
2009/03/03,47.8,49.75,46.1,49.6,9150.0,440295.0,2.1627,4.555,4304.0,49.0,-187.0,-450.0,-588.0,28155.0,3109.0,3119.0,457.0,3867.0,364.0,20.24,5.25,6.61
2009/03/04,49.6,51.9,49.0,51.7,14930.0,754835.0,4.2339,7.4324,6593.0,-251.0,-187.0,106.0,-332.0,28322.0,4556.0,4388.0,246.0,4450.0,835.0,21.1,5.48,6.34
2009/03/05,52.5,53.7,51.7,52.1,18312.0,965339.0,0.7737,9.116,7793.0,-8.0,-177.0,270.0,85.0,29660.0,6962.0,5605.0,563.0,4755.0,873.0,21.27,5.52,6.3
2009/03/06,51.5,53.1,51.5,52.9,7750.0,406588.0,1.5355,3.8581,3839.0,54.0,0.0,22.0,76.0,29291.0,2629.0,2967.0,578.0,4392.0,241.0,21.59,5.6,6.2
2009/03/09,53.0,53.0,50.5,52.4,5325.0,276074.0,-0.9452,2.6509,2588.0,-43.0,-650.0,-150.0,-843.0,29549.0,2474.0,2214.0,478.0,3951.0,38.0,21.39,5.55,6.26
2009/03/10,53.6,55.2,52.8,52.8,16538.0,898070.0,0.7634,8.2329,6310.0,32.0,115.0,90.0,237.0,31418.0,8317.0,6431.0,514.0,4183.0,748.0,21.55,5.59,6.21
2009/03/11,53.8,54.2,52.4,52.5,10016.0,533154.0,-0.5682,4.9861,4395.0,-34.0,1236.0,-203.0,999.0,31094.0,3053.0,3376.0,230.0,4256.0,303.0,21.43,5.56,6.25
2009/03/12,52.6,53.7,51.3,53.7,15050.0,795770.0,2.2857,7.4921,6347.0,47.0,-288.0,49.0,-192.0,29492.0,4608.0,6205.0,313.0,4261.0,318.0,21.92,5.69,6.11
2009/03/13,54.5,54.8,52.8,53.0,17108.0,920349.0,-1.3035,8.5167,6755.0,-28.0,-125.0,-155.0,-308.0,32379.0,7712.0,4825.0,248.0,4176.0,168.0,21.63,5.61,6.19
2009/03/16,53.0,54.1,52.6,53.7,12919.0,690101.0,1.3208,6.4313,5665.0,17.0,89.0,-6.0,100.0,32332.0,4507.0,4551.0,391.0,4193.0,421.0,21.92,5.69,6.11
2009/03/17,53.7,53.9,52.5,53.2,9535.0,508412.0,-0.9311,4.7467,4198.0,3.0,-353.0,1.0,-349.0,33618.0,4233.0,2947.0,250.0,4008.0,71.0,21.71,5.64,6.17
2009/03/18,53.2,53.4,52.1,52.1,7738.0,409017.0,-2.0677,3.8521,3858.0,134.0,-11.0,5.0,128.0,33483.0,3494.0,3604.0,157.0,4046.0,196.0,21.27,5.52,6.3
2009/03/19,52.5,52.8,51.1,51.1,9032.0,470317.0,-1.9194,4.4963,4293.0,-64.0,-1412.0,0.0,-1476.0,34279.0,3476.0,2676.0,385.0,3876.0,218.0,20.86,5.41,6.42
2009/03/20,51.2,52.5,50.8,51.2,8877.0,460469.0,0.1957,4.4191,4249.0,153.0,0.0,150.0,303.0,34545.0,3110.0,2813.0,338.0,4240.0,712.0,20.9,1.73,6.41
2009/03/23,51.9,53.3,51.8,53.1,7784.0,410405.0,3.7109,3.875,3579.0,289.0,0.0,-97.0,192.0,34556.0,2825.0,2808.0,754.0,3785.0,300.0,26.16,1.79,6.18
2009/03/24,53.7,53.9,52.1,52.1,9047.0,479715.0,-1.8832,4.5038,4196.0,-43.0,-463.0,30.0,-476.0,34687.0,4178.0,4034.0,366.0,3437.0,18.0,25.67,1.76,6.3
2009/03/25,52.2,54.9,52.2,54.9,18724.0,1010354.0,5.3743,9.3211,7648.0,221.0,619.0,88.0,928.0,35015.0,6622.0,6285.0,461.0,3176.0,210.0,27.04,1.85,5.97
2009/03/26,55.3,56.3,53.6,53.6,16031.0,881141.0,-2.3679,7.9805,6885.0,-274.0,-25.0,9.0,-290.0,35414.0,7592.0,7183.0,413.0,2798.0,48.0,26.4,1.81,6.12
2009/03/27,54.0,54.4,52.5,52.5,8956.0,477678.0,-2.0522,4.4584,4081.0,-141.0,-13.0,-99.0,-253.0,35043.0,3850.0,4217.0,562.0,2271.0,35.0,25.86,1.77,1.9
2009/03/30,52.1,52.3,49.0,49.1,6978.0,355428.0,-6.4762,3.4738,3226.0,-73.0,0.0,-205.0,-278.0,34690.0,2599.0,2944.0,668.0,1602.0,0.0,24.19,1.66,2.04
2009/03/31,49.5,50.5,49.4,49.5,6642.0,331470.0,0.8147,3.297,3166.0,-588.0,-916.0,2.0,-1502.0,35450.0,2277.0,1514.0,130.0,1755.0,296.0,24.38,1.67,2.02
2009/04/01,50.0,51.3,49.6,49.65,6920.0,347827.0,0.303,3.435,3296.0,-8.0,-100.0,-4.0,-112.0,35881.0,2734.0,2300.0,408.0,1422.0,78.0,24.46,1.68,2.01
2009/04/02,51.0,51.0,49.0,49.2,6495.0,321674.0,-0.9063,3.2241,3106.0,-144.0,-274.0,2.0,-416.0,36253.0,2740.0,2357.0,420.0,991.0,0.0,24.24,1.66,2.03
2009/04/03,50.0,51.8,49.3,51.5,6850.0,345850.0,4.6748,3.4003,3544.0,42.0,0.0,0.0,42.0,35920.0,2767.0,3074.0,937.0,29.0,0.0,25.37,1.74,1.94
2009/04/06,52.3,52.3,50.0,50.4,4764.0,243453.0,-2.1359,2.3648,2343.0,-53.0,0.0,5.0,-48.0,33681.0,0.0,2235.0,27.0,0.0,0.0,24.83,1.7,1.98
2009/04/07,49.9,51.2,49.8,50.7,2696.0,136662.0,0.5952,1.3383,1440.0,-317.0,0.0,-1.0,-318.0,33011.0,0.0,670.0,0.0,0.0,0.0,24.98,1.71,1.97
2009/04/08,50.0,51.4,50.0,50.5,3154.0,160165.0,-0.3945,1.5656,1610.0,-24.0,0.0,-2.0,-26.0,32206.0,0.0,773.0,0.0,0.0,0.0,24.88,1.71,1.98
2009/04/09,53.0,53.3,52.2,52.8,11135.0,587894.0,4.5545,5.5273,5075.0,124.0,0.0,192.0,316.0,34392.0,4587.0,2401.0,0.0,328.0,328.0,26.01,1.78,1.89
2009/04/10,53.8,55.1,52.2,54.6,16627.0,894102.0,3.4091,8.2535,7329.0,-74.0,-35.0,-167.0,-276.0,35872.0,6437.0,4956.0,143.0,524.0,339.0,26.9,1.84,1.83
2009/04/13,54.6,57.4,53.7,56.9,23610.0,1320829.0,4.2125,11.7199,9308.0,44.0,608.0,263.0,915.0,37481.0,8991.0,7380.0,91.0,916.0,484.0,28.03,1.92,1.76
2009/04/14,56.8,58.8,55.9,56.4,18135.0,1041425.0,-0.8787,9.0021,7949.0,-116.0,493.0,74.0,451.0,38588.0,8845.0,7736.0,155.0,930.0,170.0,27.78,1.91,1.77
2009/04/15,56.4,57.4,54.5,55.0,11206.0,628964.0,-2.4823,5.5626,5372.0,108.0,250.0,-98.0,260.0,38358.0,5198.0,5426.0,254.0,743.0,67.0,27.09,1.86,1.82
2009/04/16,56.4,57.5,55.0,55.0,13988.0,785230.0,0.0,6.9436,5865.0,-19.0,-569.0,218.0,-370.0,38343.0,5881.0,5892.0,145.0,837.0,242.0,27.09,1.86,1.82
2009/04/17,56.0,57.0,51.2,51.3,12763.0,693662.0,-6.7273,6.3355,5625.0,-7.0,-88.0,-198.0,-293.0,36448.0,4477.0,6344.0,494.0,539.0,196.0,25.27,1.73,1.95
2009/04/20,51.6,53.2,50.5,52.4,6673.0,346687.0,2.1442,3.3124,3528.0,77.0,0.0,10.0,87.0,36520.0,2232.0,2160.0,159.0,1052.0,672.0,25.81,1.77,1.91
2009/04/21,52.0,54.4,51.7,54.0,6126.0,326750.0,3.0534,3.0409,2949.0,-33.0,-50.0,-55.0,-138.0,37009.0,2451.0,1957.0,375.0,978.0,302.0,26.6,1.82,1.85
2009/04/22,54.0,54.9,53.5,53.7,6292.0,340319.0,-0.5556,3.1233,3281.0,19.0,0.0,-5.0,14.0,37233.0,2982.0,2756.0,98.0,984.0,107.0,26.45,1.81,1.86
2009/04/23,53.7,54.5,52.7,53.0,4949.0,265534.0,-1.3035,2.4567,2613.0,-86.0,0.0,112.0,26.0,37193.0,1966.0,1990.0,104.0,972.0,92.0,26.11,1.79,1.89
2009/04/24,53.8,56.7,53.5,56.7,16759.0,925698.0,6.9811,8.3191,7252.0,139.0,137.0,-52.0,224.0,37124.0,6146.0,6212.0,141.0,1436.0,605.0,27.93,1.92,1.76
2009/04/27,57.7,59.7,56.5,56.8,32817.0,1901990.0,0.1764,16.2902,12403.0,423.0,2954.0,39.0,3416.0,36426.0,10070.0,10761.0,420.0,1632.0,616.0,27.98,1.92,1.76
2009/04/28,58.3,59.8,57.5,57.5,25446.0,1490604.0,1.2324,12.6312,9844.0,405.0,1105.0,-148.0,1362.0,35258.0,7258.0,8419.0,273.0,2169.0,811.0,28.33,1.94,1.74
2009/04/29,58.0,58.5,53.5,53.8,12418.0,687406.0,-6.4348,6.1642,4954.0,-826.0,100.0,300.0,-426.0,35037.0,6239.0,6417.0,817.0,1350.0,1.0,26.5,1.77,1.86
2009/04/30,57.5,57.5,55.9,57.5,13495.0,772663.0,6.8773,6.6988,4043.0,88.0,1940.0,-75.0,1953.0,33852.0,5349.0,6519.0,262.0,1495.0,407.0,27.38,1.89,1.74
2009/05/04,58.5,61.5,57.1,60.8,21472.0,1292464.0,5.7391,10.6586,7367.0,66.0,1032.0,1139.0,2237.0,32866.0,6835.0,7813.0,404.0,1491.0,401.0,28.95,2.0,1.64
2009/05/05,61.0,61.0,58.5,59.6,11030.0,657133.0,-1.9737,5.4752,4619.0,-24.0,-88.0,-278.0,-390.0,33333.0,5515.0,5045.0,259.0,1243.0,12.0,28.38,1.96,1.68
2009/05/06,59.6,63.7,59.1,63.7,12814.0,800606.0,6.8792,6.3608,5069.0,-9.0,100.0,426.0,517.0,34118.0,5820.0,5030.0,105.0,1750.0,613.0,30.33,2.1,1.57
2009/05/07,64.7,65.6,61.8,63.7,14539.0,926148.0,0.0,7.2171,6188.0,-54.0,104.0,140.0,190.0,34858.0,6261.0,5511.0,544.0,1247.0,42.0,30.33,2.1,1.57
2009/05/08,63.5,66.5,62.0,64.2,15166.0,974142.0,0.7849,7.5283,6763.0,89.0,50.0,-422.0,-283.0,36877.0,6526.0,4484.0,205.0,1200.0,160.0,30.57,2.11,1.56
2009/05/11,64.4,67.2,64.3,65.8,13912.0,917085.0,2.4922,6.9058,6147.0,-119.0,0.0,-118.0,-237.0,36589.0,5708.0,5995.0,92.0,1361.0,254.0,31.33,2.17,1.52
2009/05/12,65.0,65.3,62.0,62.0,8314.0,525966.0,-5.7751,4.127,3606.0,63.0,-300.0,82.0,-155.0,35721.0,3871.0,4721.0,310.0,1051.0,0.0,29.52,2.04,1.61
2009/05/13,62.5,63.4,61.5,63.0,9180.0,576331.0,1.6129,4.5569,3846.0,-12.0,-318.0,-71.0,-401.0,36395.0,3225.0,2549.0,78.0,1151.0,178.0,30.0,2.07,1.59
2009/05/14,61.5,65.4,61.0,63.3,12017.0,769240.0,0.4762,5.9652,5250.0,48.0,-305.0,90.0,-167.0,36420.0,4157.0,4129.0,182.0,1173.0,206.0,30.14,2.08,1.58
2009/05/15,64.5,65.8,64.1,65.0,10199.0,663328.0,2.6856,5.0627,4458.0,-21.0,200.0,104.0,283.0,36586.0,3814.0,3645.0,159.0,1124.0,111.0,30.95,2.14,1.54
2009/05/18,65.2,69.5,65.1,69.5,9497.0,650755.0,6.9231,4.7143,3289.0,-40.0,0.0,-20.0,-60.0,36173.0,3784.0,4196.0,29.0,1383.0,288.0,33.1,2.29,1.44
2009/05/19,74.3,74.3,66.5,68.0,21014.0,1485678.0,-2.1583,10.4312,8058.0,168.0,-773.0,95.0,-510.0,38481.0,10493.0,8181.0,355.0,1058.0,31.0,32.38,2.24,1.47
2009/05/20,67.3,68.7,66.1,67.7,9177.0,621404.0,-0.4412,4.5554,4480.0,-102.0,-300.0,16.0,-386.0,38617.0,4265.0,4128.0,119.0,1009.0,72.0,32.24,2.23,1.48
2009/05/21,68.0,70.3,67.5,68.9,11328.0,782575.0,1.7725,5.6231,5084.0,-16.0,0.0,-204.0,-220.0,38956.0,4698.0,4359.0,65.0,1446.0,503.0,32.81,2.27,1.45
2009/05/22,68.0,72.4,68.0,70.8,14560.0,1025811.0,2.7576,7.2275,6342.0,286.0,-7.0,115.0,394.0,38412.0,5738.0,6268.0,239.0,1499.0,292.0,33.71,2.33,1.41
2009/05/25,72.2,74.5,70.0,71.6,15774.0,1137179.0,1.1299,7.8301,6445.0,-239.0,-1079.0,-24.0,-1342.0,39623.0,7328.0,6113.0,406.0,1332.0,240.0,34.1,2.36,1.4
2009/05/26,74.0,75.7,69.5,70.5,23673.0,1732623.0,-1.5363,11.7511,8224.0,-35.0,-82.0,-161.0,-278.0,39139.0,9914.0,10398.0,311.0,1336.0,315.0,33.57,2.32,1.42
2009/05/27,71.0,73.1,70.1,71.0,11173.0,800435.0,0.7092,5.5462,4592.0,-49.0,48.0,72.0,71.0,38676.0,4033.0,4487.0,295.0,1200.0,160.0,33.81,2.34,1.41
2009/06/01,71.6,72.2,66.2,67.5,8664.0,589990.0,-4.9296,4.3008,3910.0,17.0,-103.0,-2.0,-88.0,37655.0,3518.0,4538.0,202.0,1010.0,12.0,32.14,2.22,1.48
2009/06/02,68.5,70.2,66.1,66.5,8315.0,568458.0,-1.4815,4.1275,3871.0,-48.0,0.0,-112.0,-160.0,37539.0,3678.0,3792.0,102.0,1092.0,184.0,31.67,2.19,1.5
2009/06/03,66.7,68.3,65.2,65.5,7931.0,530646.0,-1.5038,3.9369,3699.0,-4.0,0.0,-98.0,-102.0,38597.0,3299.0,2231.0,139.0,1115.0,164.0,31.19,2.16,1.53
2009/06/04,65.8,66.7,64.6,64.8,4523.0,296277.0,-1.0687,2.2452,2332.0,-8.0,0.0,-178.0,-186.0,38905.0,2004.0,1695.0,204.0,976.0,65.0,30.86,2.13,1.54
2009/06/05,65.5,66.6,64.8,65.5,3655.0,240532.0,1.0802,1.8143,1901.0,41.0,0.0,46.0,87.0,38349.0,1240.0,1747.0,61.0,1075.0,160.0,31.19,2.16,1.53
2009/06/06,66.3,69.0,65.7,69.0,8674.0,589163.0,5.3435,4.3057,4205.0,-1.0,0.0,47.0,46.0,38470.0,3228.0,3100.0,82.0,1157.0,169.0,32.86,2.27,1.45
2009/06/08,69.3,69.3,64.2,64.3,5626.0,374790.0,-6.8116,2.7927,3067.0,-73.0,0.0,0.0,-73.0,37356.0,2192.0,3306.0,177.0,982.0,2.0,30.62,2.12,1.56
2009/06/09,66.0,66.4,61.0,61.0,5539.0,348689.0,-5.1322,2.7495,2582.0,48.0,-100.0,-245.0,-297.0,36473.0,1860.0,2692.0,249.0,759.0,27.0,29.05,2.01,1.64
2009/06/10,62.0,62.3,57.1,57.9,5649.0,338224.0,-5.082,2.8041,2701.0,-21.0,-19.0,-181.0,-221.0,36666.0,2176.0,1868.0,201.0,609.0,54.0,27.57,1.91,1.73
2009/06/11,57.9,61.0,57.5,61.0,5073.0,302156.0,5.3541,2.5182,2755.0,-21.0,-19.0,-23.0,-63.0,36800.0,1570.0,1417.0,120.0,675.0,186.0,29.05,2.01,1.64
2009/06/12,60.9,61.7,59.0,59.0,4254.0,256112.0,-3.2787,2.1117,2051.0,-84.0,-18.0,-2.0,-104.0,36837.0,1717.0,1657.0,94.0,658.0,77.0,28.1,1.94,1.69
2009/06/15,57.2,57.8,54.9,54.9,4328.0,239697.0,-6.9492,2.1484,2000.0,-9.0,1.0,-369.0,-377.0,36254.0,1416.0,1992.0,254.0,404.0,0.0,26.14,1.81,1.82
2009/06/16,53.1,54.4,52.0,53.4,4953.0,263616.0,-2.7322,2.4586,2373.0,11.0,-661.0,92.0,-558.0,36294.0,2161.0,2060.0,87.0,316.0,0.0,25.43,1.76,1.87
2009/06/17,54.4,55.6,52.5,54.0,6249.0,338968.0,1.1236,3.102,2867.0,-26.0,-199.0,-5.0,-230.0,37355.0,2574.0,1501.0,26.0,362.0,72.0,25.71,1.78,1.85
2009/06/18,54.3,54.9,51.3,53.0,5115.0,273531.0,-1.8519,2.5391,2687.0,-7.0,41.0,78.0,112.0,37818.0,2414.0,1933.0,34.0,357.0,29.0,25.24,1.74,1.89
2009/06/19,53.5,54.9,52.6,54.5,4732.0,255816.0,2.8302,2.3489,2545.0,8.0,0.0,0.0,8.0,37557.0,1553.0,1776.0,20.0,477.0,140.0,25.95,1.79,1.83
2009/06/22,54.9,56.4,53.5,56.2,5582.0,307669.0,3.1193,2.7709,2854.0,12.0,509.0,22.0,543.0,37013.0,1595.0,2130.0,152.0,426.0,101.0,26.76,1.85,1.78
2009/06/23,55.0,57.0,54.5,55.0,3934.0,219779.0,-2.1352,1.9528,2045.0,-31.0,0.0,100.0,69.0,37232.0,1709.0,1488.0,44.0,400.0,18.0,26.19,1.81,1.82
2009/06/24,55.5,56.6,54.2,55.3,3865.0,214222.0,0.5455,1.9186,2121.0,14.0,-444.0,129.0,-301.0,37522.0,1531.0,1224.0,54.0,391.0,45.0,26.33,1.82,1.81
2009/06/25,55.8,56.8,55.4,56.4,5842.0,328112.0,1.9892,2.8999,2540.0,54.0,-1460.0,125.0,-1281.0,38034.0,2089.0,1576.0,28.0,489.0,126.0,26.86,1.86,1.77
2009/06/26,56.5,57.9,55.5,56.7,7860.0,445692.0,0.5319,3.9017,3788.0,18.0,0.0,-305.0,-287.0,37946.0,2640.0,2709.0,64.0,504.0,79.0,27.0,1.87,1.76
2009/06/29,57.2,57.2,54.0,54.0,3655.0,200992.0,-4.7619,1.8143,1943.0,-46.0,0.0,9.0,-37.0,37558.0,1543.0,1928.0,134.0,370.0,0.0,25.71,1.78,1.85
2009/06/30,54.8,55.2,53.7,54.7,3082.0,168467.0,1.2963,1.5298,1717.0,56.0,0.0,2.0,58.0,37692.0,1270.0,1091.0,52.0,479.0,163.0,26.05,1.8,1.83
2009/07/01,54.7,57.5,54.2,57.3,5676.0,319528.0,4.7532,2.8173,3028.0,149.0,0.0,-94.0,55.0,37978.0,2359.0,2069.0,90.0,472.0,83.0,27.29,1.89,1.75
2009/07/02,57.8,59.0,57.0,57.5,7246.0,421479.0,0.349,3.5966,3384.0,-167.0,225.0,-97.0,-39.0,37886.0,2698.0,2785.0,48.0,572.0,148.0,27.38,1.89,1.74
2009/07/03,56.9,58.8,56.3,58.2,4166.0,240807.0,1.2174,2.0678,1947.0,-3.0,-1.0,-147.0,-151.0,37331.0,1342.0,1891.0,132.0,538.0,98.0,27.85,1.92,1.72
2009/07/06,58.5,58.7,57.2,57.2,2109.0,121966.0,-1.7182,1.0468,1197.0,-41.0,0.0,-160.0,-201.0,37392.0,916.0,849.0,73.0,477.0,12.0,27.37,1.89,1.75
2009/07/07,57.5,61.2,57.5,61.2,7294.0,438272.0,6.993,3.6204,2970.0,164.0,0.0,-27.0,137.0,37354.0,2584.0,2620.0,61.0,482.0,66.0,29.28,2.02,1.63
2009/07/08,63.2,63.5,61.6,62.7,12056.0,755556.0,2.451,5.984,4611.0,-179.0,0.0,672.0,493.0,37553.0,4816.0,4590.0,57.0,603.0,178.0,30.0,2.07,1.59
2009/07/09,63.5,64.5,62.1,62.6,6561.0,413869.0,-0.1595,3.2566,3271.0,13.0,70.0,-264.0,-181.0,38048.0,3132.0,2620.0,125.0,554.0,78.0,29.95,2.07,1.6
2009/07/10,62.9,63.2,61.1,61.3,4172.0,258697.0,-2.0767,2.0708,2081.0,149.0,0.0,-147.0,2.0,37896.0,1901.0,1981.0,40.0,554.0,40.0,29.33,2.03,1.63
2009/07/13,62.0,62.0,57.4,57.5,3949.0,232714.0,-6.199,1.9601,2031.0,13.0,49.0,-239.0,-177.0,37191.0,1536.0,2027.0,71.0,501.0,18.0,27.51,1.9,1.74
2009/07/14,58.1,61.0,58.1,61.0,4334.0,258361.0,6.087,2.1512,2182.0,-6.0,4.0,10.0,8.0,37111.0,1413.0,1455.0,127.0,598.0,227.0,29.19,2.02,1.64
2009/07/15,61.4,63.2,61.4,62.5,6052.0,378972.0,2.459,3.0039,2619.0,11.0,0.0,-2.0,9.0,37626.0,3042.0,2520.0,115.0,557.0,74.0,29.9,2.06,1.6
2009/07/16,63.1,64.7,62.5,63.2,10453.0,665302.0,1.12,5.1884,4557.0,14.0,10.0,84.0,108.0,37016.0,3888.0,4490.0,42.0,640.0,127.0,30.24,2.09,1.58
2009/07/17,64.4,66.4,63.9,65.0,12419.0,811017.0,2.8481,6.1642,5654.0,80.0,0.0,157.0,237.0,37087.0,4405.0,4301.0,56.0,742.0,158.0,31.1,2.15,1.54
2009/07/20,66.1,67.9,65.5,65.7,8408.0,560602.0,1.0769,4.1733,4115.0,-8.0,0.0,40.0,32.0,37348.0,3581.0,3318.0,94.0,720.0,73.0,31.44,2.17,1.52
2009/07/21,65.8,66.4,63.2,65.0,7899.0,508287.0,-1.0654,3.9207,3564.0,-43.0,-2451.0,-8.0,-2502.0,38708.0,4123.0,2749.0,228.0,486.0,0.0,31.1,2.15,1.54
2009/07/22,64.5,65.5,64.2,64.5,5853.0,379379.0,-0.7692,2.9052,3093.0,24.0,0.0,-4.0,20.0,38699.0,2698.0,2697.0,19.0,520.0,53.0,30.86,2.13,1.55
2009/07/23,65.0,66.5,64.3,65.0,8276.0,543391.0,0.7752,4.1078,3711.0,6.0,-1.0,48.0,53.0,38489.0,3026.0,3232.0,34.0,569.0,83.0,31.1,2.15,1.54
2009/07/24,66.0,67.3,65.5,65.6,9038.0,598731.0,0.9231,4.486,4157.0,-26.0,0.0,55.0,29.0,38333.0,3540.0,3695.0,51.0,1064.0,546.0,31.39,2.17,1.52
2009/07/27,65.8,66.5,64.0,65.6,5011.0,327632.0,0.0,2.4872,2524.0,-12.0,0.0,127.0,115.0,38256.0,2299.0,2376.0,341.0,765.0,42.0,31.39,2.17,1.52
2009/07/28,66.3,69.3,65.7,69.3,14410.0,976796.0,5.6402,7.1525,6241.0,221.0,0.0,827.0,1048.0,38561.0,5799.0,5483.0,179.0,755.0,170.0,33.16,2.29,1.44
2009/07/29,70.3,71.0,68.8,69.3,13177.0,919137.0,0.0,6.5404,5719.0,-298.0,0.0,87.0,-211.0,39269.0,5929.0,5257.0,60.0,928.0,233.0,33.16,2.29,1.44
2009/07/30,69.3,69.3,67.2,67.7,5715.0,388346.0,-2.3088,2.8367,2586.0,26.0,0.0,-197.0,-171.0,39563.0,2956.0,2598.0,95.0,836.0,5.0,32.39,2.24,1.48
2009/07/31,68.4,69.2,67.2,67.7,6597.0,450147.0,0.0,3.2742,2905.0,-29.0,0.0,-4.0,-33.0,39695.0,3230.0,3047.0,67.0,904.0,136.0,32.39,2.24,1.48
2009/08/03,67.7,68.3,65.1,66.1,4195.0,279993.0,-2.3634,2.082,2134.0,-24.0,0.0,-42.0,-66.0,40223.0,2182.0,1648.0,137.0,793.0,26.0,31.63,2.18,1.51
2009/08/04,67.1,68.0,63.5,64.5,6191.0,409702.0,-2.4206,3.0727,2935.0,-95.0,250.0,-70.0,85.0,40003.0,2567.0,2786.0,100.0,1053.0,361.0,30.86,2.13,1.55
2009/08/05,64.3,66.4,64.0,65.5,6778.0,440928.0,1.5504,3.364,3288.0,-22.0,0.0,14.0,-8.0,40714.0,2718.0,2002.0,145.0,2043.0,1136.0,31.34,2.16,1.53
2009/08/06,65.5,65.9,63.7,65.0,3172.0,205208.0,-0.7634,1.5743,1605.0,-10.0,0.0,101.0,91.0,40352.0,1341.0,1691.0,402.0,1695.0,60.0,31.1,2.15,1.54
2009/08/10,65.0,66.4,63.5,66.4,3409.0,222722.0,2.1538,1.6919,1700.0,10.0,200.0,16.0,226.0,40216.0,1201.0,1327.0,68.0,1998.0,371.0,31.77,2.19,1.51
2009/08/11,67.9,71.0,67.5,71.0,20978.0,1450003.0,6.9277,10.4112,8397.0,52.0,735.0,306.0,1093.0,39056.0,7261.0,8416.0,229.0,2357.0,590.0,33.97,2.35,1.41
2009/08/12,71.5,73.2,70.8,71.0,20178.0,1451244.0,0.0,10.0141,8091.0,-60.0,1618.0,382.0,1940.0,38897.0,6811.0,6970.0,203.0,2560.0,406.0,33.97,2.35,1.41
2009/08/13,71.6,75.5,71.1,74.2,25682.0,1891404.0,4.507,12.7457,9835.0,210.0,262.0,237.0,709.0,38845.0,8167.0,8218.0,391.0,2828.0,663.0,35.5,2.45,1.35
2009/08/14,74.8,75.6,73.2,73.9,16075.0,1196818.0,-0.4043,7.9779,6006.0,11.0,1563.0,-419.0,1155.0,38025.0,5562.0,6382.0,235.0,2744.0,152.0,35.36,2.44,1.35
2009/08/17,69.6,72.0,69.6,70.2,9324.0,658625.0,-5.0068,4.6274,4128.0,-81.0,0.0,-368.0,-449.0,38461.0,4371.0,3930.0,642.0,2100.0,0.0,33.59,2.32,1.42
2009/08/18,70.0,71.8,68.1,68.6,10880.0,764215.0,-2.2792,5.3996,4688.0,37.0,232.0,-115.0,154.0,38649.0,4539.0,4343.0,354.0,1853.0,109.0,32.82,2.27,1.46
2009/08/19,69.9,69.9,68.0,68.5,5988.0,413199.0,-0.1458,2.9718,2732.0,-16.0,5.0,-179.0,-190.0,38993.0,2559.0,2204.0,212.0,1804.0,164.0,32.78,2.26,1.46
2009/08/20,69.0,70.3,68.1,68.8,11677.0,806316.0,0.438,5.7952,5237.0,45.0,210.0,126.0,381.0,38242.0,3717.0,4442.0,533.0,1618.0,348.0,32.92,2.27,1.45
2009/08/21,69.8,70.0,64.2,64.9,8314.0,558696.0,-5.6686,4.1262,4048.0,-93.0,240.0,-246.0,-99.0,36806.0,3129.0,4547.0,1013.0,598.0,0.0,31.05,2.14,1.54
2009/08/24,66.0,67.3,65.5,66.9,4235.0,281382.0,3.0817,2.1018,1925.0,-8.0,-150.0,-279.0,-437.0,36988.0,1827.0,1626.0,566.0,7.0,0.0,32.01,2.21,1.49
2009/08/25,65.8,66.5,65.1,65.8,2408.0,159183.0,-1.6442,1.1951,1143.0,-9.0,0.0,1.0,-8.0,35783.0,0.0,1153.0,5.0,0.0,0.0,31.48,2.21,1.52
2009/08/26,61.2,62.6,61.2,61.2,2974.0,182556.0,-6.9909,1.476,1479.0,-106.0,-351.0,-10.0,-467.0,34913.0,0.0,829.0,0.0,0.0,0.0,29.0,2.05,1.63
2009/08/27,57.1,60.3,57.0,60.2,7378.0,432481.0,-1.634,3.6616,3218.0,1078.0,-368.0,87.0,797.0,33169.0,0.0,1704.0,0.0,0.0,0.0,28.53,2.02,1.66
2009/08/28,60.0,61.0,59.8,60.0,7255.0,437450.0,1.3285,3.6006,3338.0,-960.0,195.0,-240.0,-1005.0,35662.0,2939.0,445.0,0.0,289.0,289.0,28.44,2.01,1.67
2009/08/31,60.3,63.5,59.6,63.1,4942.0,303989.0,5.1667,2.4527,2622.0,-19.0,0.0,-14.0,-33.0,35701.0,1470.0,1418.0,31.0,368.0,110.0,29.91,2.12,1.58
2009/09/01,63.1,66.5,62.3,66.5,7838.0,507308.0,5.3883,3.8899,3584.0,-23.0,0.0,60.0,37.0,35438.0,2946.0,3195.0,140.0,417.0,189.0,31.52,2.23,1.5
2009/09/02,65.5,68.2,65.5,66.7,8301.0,557431.0,0.3008,4.1197,3412.0,-60.0,-1156.0,18.0,-1198.0,35995.0,2816.0,2230.0,87.0,574.0,249.0,31.61,2.24,1.5
2009/09/03,66.5,66.7,65.1,66.5,3430.0,226238.0,-0.2999,1.7023,1777.0,18.0,0.0,-5.0,13.0,36065.0,1385.0,1313.0,115.0,459.0,0.0,31.52,2.23,1.5
2009/09/04,66.5,67.5,65.6,65.9,4929.0,328398.0,-0.9023,2.4462,2427.0,29.0,-15.0,0.0,14.0,36509.0,2098.0,1632.0,121.0,387.0,53.0,31.23,2.21,1.52
2009/09/07,66.5,66.6,65.1,66.5,4000.0,263884.0,0.9105,1.9852,1985.0,-175.0,-115.0,1.0,-289.0,37188.0,1475.0,786.0,31.0,413.0,57.0,31.52,2.23,1.5
2009/09/08,66.7,67.8,66.2,66.5,5624.0,377282.0,0.0,2.7911,2671.0,18.0,-305.0,-15.0,-302.0,37658.0,2434.0,1964.0,104.0,378.0,69.0,31.52,2.23,1.5
2009/09/09,66.4,67.0,64.5,66.2,7212.0,475449.0,-0.4511,3.5792,3252.0,0.0,-777.0,-21.0,-798.0,38447.0,3406.0,2468.0,107.0,330.0,59.0,31.37,2.22,1.51
2009/09/10,67.2,68.2,65.3,67.3,11838.0,795019.0,1.6616,5.8751,5145.0,614.0,-20.0,132.0,726.0,38857.0,4694.0,4279.0,44.0,689.0,403.0,31.9,2.26,1.49
2009/09/11,68.0,69.4,67.8,68.1,12929.0,887440.0,1.1887,6.4165,5811.0,-4.0,60.0,272.0,328.0,38584.0,4636.0,4907.0,52.0,902.0,265.0,32.27,2.29,1.47
2009/09/14,68.2,68.2,66.5,66.6,3585.0,240289.0,-2.2026,1.7792,1925.0,-17.0,-2.0,-71.0,-90.0,38481.0,1658.0,1740.0,178.0,731.0,7.0,31.56,2.23,1.5
2009/09/15,66.8,69.0,66.8,68.9,7577.0,517253.0,3.4535,3.7604,3787.0,93.0,100.0,375.0,568.0,38149.0,2633.0,2940.0,25.0,911.0,206.0,32.65,2.31,1.45
2009/09/16,69.7,70.0,68.2,68.5,4898.0,336992.0,-0.5806,2.4308,2521.0,37.0,0.0,83.0,120.0,38257.0,2292.0,2184.0,44.0,876.0,9.0,32.46,2.3,1.46
2009/09/17,69.0,69.2,67.0,67.0,4228.0,288209.0,-2.1898,2.0983,2181.0,31.0,-100.0,25.0,-44.0,38197.0,1712.0,1772.0,60.0,882.0,66.0,31.75,2.25,1.49
2009/09/18,66.8,68.5,66.8,67.9,3252.0,221165.0,1.3433,1.6139,1776.0,32.0,0.0,-53.0,-21.0,38273.0,1286.0,1206.0,92.0,866.0,76.0,32.18,2.28,1.47
2009/09/21,68.2,70.0,67.5,68.3,6194.0,427044.0,0.5891,3.074,3162.0,3.0,600.0,-32.0,571.0,38385.0,2411.0,2295.0,82.0,831.0,47.0,32.37,2.29,1.46
2009/09/22,69.0,69.0,67.2,67.2,3666.0,248736.0,-1.6105,1.8194,1882.0,0.0,0.0,-408.0,-408.0,38119.0,1451.0,1647.0,128.0,704.0,1.0,31.85,2.26,1.49
2009/09/23,67.2,68.2,64.5,65.2,6629.0,441077.0,-2.9762,3.2899,3281.0,-6.0,-3.0,79.0,70.0,37585.0,2619.0,3098.0,159.0,682.0,143.0,30.9,2.19,1.53
2009/09/24,65.3,66.3,64.8,66.0,3675.0,240628.0,1.227,1.8239,1977.0,66.0,-507.0,-26.0,-467.0,37946.0,1446.0,1084.0,151.0,722.0,191.0,31.28,2.21,1.52
2009/09/25,66.0,66.7,65.6,66.4,2503.0,165684.0,0.6061,1.2422,1431.0,-67.0,0.0,12.0,-55.0,37816.0,908.0,1036.0,123.0,648.0,51.0,31.47,2.23,1.51
2009/09/28,66.0,66.4,63.5,63.7,2950.0,190134.0,-4.0663,1.464,1523.0,-5.0,-584.0,128.0,-461.0,37438.0,1040.0,1416.0,199.0,450.0,1.0,30.19,2.14,1.57
2009/09/29,64.2,65.0,64.0,64.4,2215.0,142682.0,1.0989,1.0993,1187.0,3.0,-49.0,-20.0,-66.0,37346.0,762.0,852.0,78.0,517.0,146.0,30.52,2.16,1.55
2009/09/30,64.6,66.8,64.6,66.1,3729.0,245929.0,2.6398,1.8506,2034.0,51.0,0.0,72.0,123.0,37416.0,1458.0,1381.0,114.0,500.0,97.0,31.33,2.22,1.51
2009/10/01,66.5,67.8,65.7,66.6,5751.0,384276.0,0.7564,2.8541,2796.0,-32.0,0.0,-33.0,-65.0,37685.0,2368.0,2089.0,51.0,652.0,203.0,31.56,2.23,1.5
2009/10/02,65.5,66.5,65.5,65.7,3105.0,204603.0,-1.3514,1.5409,1406.0,-14.0,0.0,-39.0,-53.0,37371.0,1359.0,1661.0,184.0,467.0,0.0,31.14,2.2,1.52
2009/10/05,65.7,66.0,64.5,65.0,2727.0,177505.0,-1.0654,1.3533,1382.0,-45.0,-450.0,29.0,-466.0,37655.0,1186.0,899.0,24.0,448.0,5.0,30.81,2.18,1.54
2009/10/06,66.0,66.6,65.5,65.6,3134.0,206901.0,0.9231,1.5553,1591.0,-1.0,0.0,91.0,90.0,37869.0,1404.0,1185.0,66.0,423.0,41.0,31.09,2.2,1.52
2009/10/07,66.0,66.5,65.1,65.4,2512.0,165052.0,-0.3049,1.2466,1305.0,-19.0,-230.0,-27.0,-276.0,37871.0,938.0,916.0,34.0,529.0,140.0,31.0,2.19,1.53
2009/10/08,65.3,66.4,63.8,64.5,3374.0,219928.0,-1.3761,1.6744,1571.0,9.0,0.0,-269.0,-260.0,37650.0,1283.0,1503.0,184.0,369.0,25.0,30.57,2.16,1.55
2009/10/09,65.3,65.4,63.4,64.0,2647.0,170286.0,-0.7752,1.3136,1405.0,4.0,0.0,96.0,100.0,37487.0,1009.0,1169.0,54.0,342.0,28.0,30.33,2.15,1.56
2009/10/12,64.9,65.8,64.8,65.4,2729.0,178273.0,2.1875,1.3543,1477.0,-21.0,-10.0,39.0,8.0,37272.0,872.0,1087.0,37.0,365.0,60.0,31.0,2.19,1.53
2009/10/13,65.0,66.8,64.2,65.9,3682.0,242859.0,0.7645,1.8272,1945.0,-38.0,-120.0,-19.0,-177.0,37477.0,1637.0,1404.0,35.0,399.0,69.0,31.23,2.21,1.52
2009/10/14,66.6,68.1,66.0,67.1,9313.0,627202.0,1.8209,4.6217,3953.0,37.0,-20.0,53.0,70.0,38101.0,3925.0,3301.0,57.0,414.0,72.0,31.8,2.25,1.49
2009/10/15,67.2,67.9,66.5,66.5,4644.0,312220.0,-0.8942,2.3046,2318.0,2.0,-25.0,166.0,143.0,38016.0,2026.0,2111.0,49.0,404.0,39.0,31.52,2.23,1.5
2009/10/16,66.9,67.4,66.3,66.6,2554.0,170660.0,0.1504,1.2674,1325.0,60.0,50.0,-124.0,-14.0,38202.0,1175.0,929.0,25.0,477.0,98.0,31.56,2.23,1.5
2009/10/19,67.2,67.8,66.4,67.5,2995.0,201158.0,1.3514,1.4863,1414.0,10.0,-39.0,-22.0,-51.0,38500.0,1452.0,1044.0,21.0,481.0,25.0,31.99,2.27,1.48
2009/10/20,67.6,68.7,67.1,67.1,5094.0,346078.0,-0.5926,2.528,2480.0,-29.0,20.0,-206.0,-215.0,38819.0,2674.0,2354.0,33.0,471.0,23.0,31.8,2.25,1.49
2009/10/21,67.1,67.5,65.7,66.1,3427.0,227026.0,-1.4903,1.7007,1685.0,-8.0,29.0,75.0,96.0,38231.0,1391.0,1959.0,81.0,393.0,3.0,31.33,2.22,1.51
2009/10/22,65.8,66.1,64.7,64.7,2791.0,181776.0,-2.118,1.3851,1465.0,-7.0,-100.0,-206.0,-313.0,37936.0,1136.0,1428.0,30.0,372.0,9.0,30.66,2.17,1.55
2009/10/23,65.1,66.5,64.6,66.5,2136.0,139945.0,2.7821,1.06,1195.0,13.0,20.0,-60.0,-27.0,38049.0,926.0,803.0,77.0,349.0,54.0,31.52,2.23,1.5
2009/10/26,66.5,66.7,65.5,66.0,1971.0,130090.0,-0.7519,0.9781,980.0,-4.0,-200.0,-62.0,-266.0,37913.0,724.0,860.0,10.0,339.0,0.0,31.28,2.21,1.52
2009/10/27,65.8,66.5,65.5,66.3,1531.0,101138.0,0.4545,0.7598,831.0,10.0,0.0,-20.0,-10.0,38022.0,748.0,632.0,5.0,398.0,64.0,31.42,2.22,1.51
2009/10/28,66.3,66.4,64.6,64.6,1769.0,115848.0,-2.5641,0.8779,941.0,-13.0,0.0,-11.0,-24.0,37636.0,627.0,1012.0,38.0,360.0,0.0,30.62,2.11,1.55
2009/10/29,63.0,64.0,60.1,62.3,4419.0,272246.0,-3.5604,2.193,2232.0,-462.0,-500.0,-57.0,-1019.0,37250.0,1286.0,1670.0,171.0,186.0,0.0,28.32,2.04,1.61
2009/10/30,62.8,62.8,60.7,62.0,2330.0,144033.0,-0.4815,1.1562,1218.0,-21.0,0.0,-196.0,-217.0,37156.0,898.0,982.0,29.0,186.0,29.0,28.18,2.03,1.61
2009/11/02,60.1,61.7,60.1,61.6,1343.0,82307.0,-0.6452,0.6665,621.0,23.0,1.0,-7.0,17.0,37086.0,593.0,657.0,44.0,142.0,0.0,28.0,2.01,1.62
2009/11/03,61.6,62.2,61.0,62.2,1697.0,104795.0,0.974,0.8421,837.0,-76.0,-238.0,10.0,-304.0,37017.0,637.0,676.0,2.0,180.0,40.0,28.27,2.03,1.61
2009/11/04,62.4,63.3,62.0,63.3,1942.0,121633.0,1.7685,0.9637,1087.0,34.0,-32.0,39.0,41.0,36980.0,775.0,811.0,44.0,210.0,75.0,28.77,2.07,1.58
2009/11/05,63.3,63.5,62.0,62.0,991.0,62160.0,-2.0537,0.4918,594.0,-63.0,0.0,-9.0,-72.0,36950.0,373.0,391.0,16.0,198.0,4.0,28.18,2.03,1.61
2009/11/06,62.5,63.0,61.8,61.8,1453.0,90382.0,-0.3226,0.721,796.0,0.0,-8.0,17.0,9.0,36822.0,652.0,780.0,4.0,251.0,57.0,28.09,2.02,1.62
2009/11/09,62.5,62.5,61.7,61.7,981.0,60775.0,-0.1618,0.4868,519.0,8.0,-79.0,-13.0,-84.0,36870.0,416.0,364.0,27.0,297.0,73.0,28.05,2.02,1.62
2009/11/10,62.0,62.6,61.9,62.3,1383.0,86117.0,0.9724,0.6863,672.0,6.0,-72.0,0.0,-66.0,36920.0,572.0,522.0,31.0,279.0,13.0,28.32,2.04,1.61
2009/11/11,62.3,63.6,62.0,63.2,2802.0,177034.0,1.4446,1.3905,1509.0,101.0,-20.0,44.0,125.0,36923.0,953.0,863.0,36.0,308.0,65.0,28.73,2.06,1.58
2009/11/12,64.0,64.0,62.5,62.5,1680.0,106502.0,-1.1076,0.8337,853.0,-22.0,0.0,-14.0,-36.0,37001.0,739.0,658.0,9.0,339.0,40.0,28.41,2.04,1.6
2009/11/13,62.5,63.4,62.5,62.6,1197.0,75348.0,0.16,0.594,686.0,19.0,0.0,-42.0,-23.0,36893.0,374.0,436.0,39.0,337.0,38.0,28.45,2.05,1.6
2009/11/16,62.8,63.8,62.8,63.3,1386.0,87841.0,1.1182,0.6878,784.0,55.0,0.0,-2.0,53.0,36880.0,551.0,558.0,18.0,367.0,48.0,28.77,2.07,1.58
2009/11/17,63.5,63.8,62.6,62.7,1101.0,69452.0,-0.9479,0.5464,625.0,45.0,0.0,-10.0,35.0,36665.0,353.0,551.0,82.0,293.0,8.0,28.5,2.05,1.59
2009/11/18,62.7,66.4,62.7,65.7,8770.0,571829.0,4.7847,4.3521,3465.0,616.0,100.0,220.0,936.0,36883.0,2269.0,2014.0,55.0,277.0,39.0,29.86,2.15,1.52
2009/11/19,66.1,68.0,65.7,66.7,10394.0,698411.0,1.5221,5.158,4652.0,133.0,60.0,29.0,222.0,37161.0,3367.0,3087.0,30.0,322.0,75.0,30.32,2.18,1.5
2009/11/20,66.8,67.4,65.8,65.8,3995.0,265247.0,-1.3493,1.9825,2144.0,-56.0,-70.0,-58.0,-184.0,37552.0,1747.0,1341.0,47.0,278.0,3.0,29.91,2.15,1.52
2009/11/23,65.8,68.7,65.8,67.9,6847.0,462724.0,3.1915,3.3978,3166.0,52.0,835.0,230.0,1117.0,37463.0,2562.0,2648.0,10.0,309.0,41.0,30.86,2.22,1.47
2009/11/24,68.9,69.0,66.8,67.3,4435.0,300544.0,-0.8837,2.2008,2112.0,-64.0,1024.0,-36.0,924.0,36767.0,1459.0,2155.0,23.0,297.0,11.0,30.59,2.2,1.49
2009/11/25,67.5,68.9,66.8,67.0,4294.0,291481.0,-0.4458,2.1309,2128.0,31.0,0.0,12.0,43.0,37334.0,2120.0,1550.0,6.0,296.0,5.0,30.45,2.19,1.49
2009/11/26,67.2,67.8,65.8,65.9,3382.0,225677.0,-1.6418,1.6783,1771.0,10.0,0.0,-123.0,-113.0,37128.0,1516.0,1721.0,22.0,275.0,1.0,29.95,2.15,1.52
2009/11/27,65.1,65.1,63.0,63.0,3164.0,202885.0,-4.4006,1.5701,1788.0,-49.0,-50.0,-66.0,-165.0,36259.0,975.0,1825.0,62.0,213.0,0.0,28.64,2.06,1.59
2009/11/30,64.5,67.4,64.0,67.4,6005.0,399067.0,6.9841,2.9798,2899.0,128.0,-1.0,23.0,150.0,36782.0,2439.0,1911.0,3.0,293.0,83.0,30.64,2.2,1.48
2009/12/01,67.8,69.4,67.4,67.4,13018.0,890934.0,0.0,6.4597,5815.0,-93.0,0.0,-50.0,-143.0,37462.0,5459.0,4778.0,26.0,412.0,150.0,30.64,2.2,1.48
2009/12/02,68.0,68.7,66.9,66.9,5744.0,389952.0,-0.7418,2.8503,2719.0,-27.0,0.0,-82.0,-109.0,37086.0,2278.0,2652.0,15.0,419.0,22.0,30.41,2.19,1.49
2009/12/03,67.6,68.7,67.2,67.2,5384.0,365305.0,0.4484,2.6716,2706.0,21.0,0.0,-37.0,-16.0,37022.0,2076.0,2135.0,47.0,432.0,60.0,30.55,2.2,1.49
2009/12/04,67.8,68.8,67.2,67.2,4926.0,334773.0,0.0,2.4444,2254.0,0.0,0.0,54.0,54.0,37333.0,2229.0,1918.0,68.0,395.0,31.0,30.55,2.2,1.49
2009/12/07,67.5,68.9,67.5,67.8,6055.0,412926.0,0.8929,3.0046,2559.0,-42.0,0.0,70.0,28.0,37418.0,2531.0,2445.0,51.0,389.0,45.0,30.82,2.21,1.47
2009/12/08,68.0,68.0,65.8,66.2,4118.0,274527.0,-2.3599,2.0434,1963.0,-23.0,-897.0,-75.0,-995.0,37405.0,1740.0,1753.0,60.0,329.0,0.0,30.09,2.16,1.51
2009/12/09,66.4,67.0,66.0,66.3,2707.0,179957.0,0.1511,1.3433,1482.0,-10.0,-150.0,-4.0,-164.0,36906.0,918.0,1386.0,18.0,323.0,12.0,30.14,2.17,1.51
2009/12/10,66.5,67.3,64.6,64.6,4113.0,270488.0,-2.5641,2.0409,2192.0,-43.0,-200.0,-54.0,-297.0,36511.0,1293.0,1674.0,155.0,170.0,2.0,29.36,2.11,1.55
2009/12/11,65.0,66.6,64.8,66.0,2708.0,178120.0,2.1672,1.3438,1575.0,3.0,-200.0,-2.0,-199.0,36700.0,1012.0,817.0,4.0,176.0,11.0,30.0,2.16,1.52
2009/12/14,67.4,67.5,66.3,66.8,3031.0,202841.0,1.2121,1.504,1576.0,-34.0,0.0,507.0,473.0,36921.0,1359.0,1096.0,9.0,193.0,26.0,30.36,2.18,1.5
2009/12/15,67.0,67.4,66.1,66.1,1973.0,131470.0,-1.0479,0.979,1015.0,19.0,-77.0,114.0,56.0,36952.0,875.0,842.0,2.0,191.0,2.0,30.05,2.16,1.51
2009/12/16,67.0,68.9,66.5,67.4,9320.0,635013.0,1.9667,4.6247,4460.0,-10.0,-20.0,242.0,212.0,37898.0,3491.0,2544.0,12.0,540.0,361.0,30.64,2.2,1.48
2009/12/17,69.0,71.2,68.5,69.3,19832.0,1386912.0,2.819,9.841,8279.0,39.0,-10.0,1374.0,1403.0,38522.0,7381.0,6749.0,74.0,817.0,351.0,31.5,2.26,1.44
2009/12/18,69.5,70.4,68.2,69.3,8470.0,588115.0,0.0,4.203,3762.0,-1.0,219.0,-88.0,130.0,38364.0,3396.0,3553.0,153.0,920.0,256.0,31.5,2.26,1.44
2009/12/21,70.6,73.0,70.6,71.5,15080.0,1081947.0,3.1746,7.4829,6490.0,-699.0,83.0,320.0,-296.0,39339.0,5857.0,4881.0,244.0,868.0,193.0,32.5,2.34,1.4
2009/12/22,72.0,72.2,71.0,71.6,8006.0,572003.0,0.1399,3.9727,3345.0,14.0,400.0,-52.0,362.0,39359.0,3332.0,3311.0,161.0,733.0,26.0,32.55,2.34,1.4
2009/12/23,72.0,72.4,71.0,71.0,5974.0,428212.0,-0.838,2.9644,2566.0,-3.0,0.0,-203.0,-206.0,39051.0,2567.0,2873.0,71.0,703.0,41.0,32.27,2.32,1.41
2009/12/24,72.0,72.7,70.6,70.9,10929.0,784279.0,-0.1408,5.4231,4540.0,-18.0,-500.0,13.0,-505.0,39084.0,4712.0,4679.0,118.0,688.0,104.0,32.23,2.32,1.41
2009/12/25,72.0,74.5,71.5,73.3,19406.0,1417150.0,3.385,9.6296,8566.0,143.0,0.0,66.0,209.0,40274.0,7339.0,6141.0,66.0,901.0,279.0,33.32,2.39,1.36
2009/12/28,75.0,76.0,73.3,73.8,12321.0,918585.0,0.6821,6.1139,5495.0,55.0,-93.0,5.0,-33.0,40525.0,5846.0,5594.0,50.0,919.0,78.0,33.55,2.41,1.36
2009/12/29,73.8,73.8,72.3,72.7,6283.0,457915.0,-1.4905,3.1177,3053.0,136.0,-2.0,-6.0,128.0,40247.0,2620.0,2898.0,146.0,773.0,0.0,33.05,2.38,1.38
2009/12/30,72.7,74.7,72.7,73.3,8961.0,659831.0,0.8253,4.4466,4092.0,127.0,-3.0,61.0,185.0,40330.0,4106.0,4021.0,30.0,793.0,61.0,33.32,2.39,1.36
2009/12/31,73.8,73.9,72.3,72.5,6507.0,472851.0,-1.0914,3.2265,3199.0,16.0,0.0,-7.0,9.0,39808.0,2476.0,2992.0,151.0,642.0,0.0,32.95,2.37,1.38
2010/01/04,72.5,72.8,71.0,71.5,4906.0,351756.0,-1.3793,2.4327,2353.0,20.0,-19.0,17.0,18.0,39939.0,2110.0,1979.0,30.0,612.0,0.0,32.5,2.34,1.4
2010/01/05,72.0,72.8,70.0,70.0,5956.0,424050.0,-2.0979,2.9533,2874.0,-35.0,-25.0,-36.0,-96.0,39799.0,2466.0,2606.0,99.0,564.0,51.0,31.82,2.29,1.43
2010/01/06,70.3,71.2,69.9,70.1,4439.0,312639.0,0.1429,2.2011,2282.0,-146.0,0.0,-185.0,-331.0,39783.0,1636.0,1650.0,73.0,502.0,11.0,31.86,2.29,1.43
2010/01/07,70.1,70.9,67.6,67.6,7140.0,490988.0,-3.5663,3.5404,3754.0,-201.0,-383.0,-867.0,-1451.0,39446.0,2687.0,3021.0,98.0,405.0,2.0,30.73,2.21,1.48
2010/01/08,68.0,68.9,66.5,68.9,4997.0,338417.0,1.9231,2.4778,2771.0,-65.0,0.0,-497.0,-562.0,39563.0,1839.0,1718.0,125.0,315.0,36.0,31.32,2.25,1.45
2010/01/11,68.9,70.4,68.4,69.8,5244.0,365095.0,1.3062,2.6003,2458.0,-16.0,0.0,310.0,294.0,39631.0,2231.0,2162.0,36.0,358.0,79.0,31.73,2.28,1.43
2010/01/12,70.2,70.5,69.3,69.4,2734.0,190454.0,-0.5731,1.3557,1529.0,18.0,0.0,-26.0,-8.0,39522.0,1100.0,1208.0,13.0,351.0,9.0,31.55,2.27,1.44
2010/01/13,69.0,69.4,68.4,68.5,2178.0,149888.0,-1.2968,1.08,1234.0,35.0,0.0,-86.0,-51.0,39240.0,680.0,935.0,49.0,301.0,0.0,31.14,2.24,1.46
2010/01/14,69.1,70.4,68.8,70.2,5352.0,373340.0,2.4818,2.6538,2563.0,-1.0,0.0,13.0,12.0,39183.0,1977.0,2033.0,17.0,353.0,69.0,31.91,2.29,1.42
2010/01/15,70.4,72.4,70.2,71.1,13045.0,932899.0,1.2821,6.4684,5708.0,0.0,0.0,1093.0,1093.0,39040.0,4085.0,4218.0,7.0,394.0,48.0,32.32,2.32,1.41
2010/01/18,70.0,71.8,70.0,70.9,3530.0,251070.0,-0.2813,1.7504,1713.0,7.0,0.0,-40.0,-33.0,38836.0,1319.0,1522.0,17.0,405.0,29.0,32.23,2.32,1.41
2010/01/19,72.0,72.4,70.6,70.6,6622.0,473378.0,-0.4231,3.2835,3192.0,18.0,0.0,-8.0,10.0,39552.0,2860.0,2143.0,11.0,460.0,76.0,32.09,2.31,1.42
2010/01/20,71.2,71.5,70.1,70.2,4376.0,309608.0,-0.5666,2.1699,1957.0,43.0,0.0,-202.0,-159.0,38572.0,1263.0,2240.0,47.0,451.0,38.0,31.91,2.29,1.42
2010/01/21,69.8,70.1,67.6,67.6,5243.0,360247.0,-3.7037,2.5998,2521.0,109.0,0.0,-1163.0,-1054.0,38384.0,1914.0,2093.0,132.0,319.0,0.0,30.73,2.21,1.48
2010/01/22,66.4,68.4,66.3,66.8,3398.0,228679.0,-1.1834,1.6849,1802.0,-7.0,0.0,-212.0,-219.0,38152.0,1133.0,1336.0,102.0,249.0,32.0,30.36,2.18,1.5
2010/01/25,66.4,67.6,66.3,66.7,2664.0,178776.0,-0.1497,1.321,1201.0,44.0,0.0,-139.0,-95.0,38250.0,986.0,887.0,27.0,238.0,16.0,30.32,2.18,1.5
2010/01/26,67.7,67.7,62.1,62.2,4958.0,318106.0,-6.7466,2.4584,2590.0,-40.0,0.0,-235.0,-275.0,37147.0,1539.0,2595.0,57.0,186.0,5.0,28.27,2.03,1.61
2010/01/27,62.2,62.9,58.3,59.0,4158.0,253747.0,-5.1447,2.0618,2070.0,46.0,-215.0,-133.0,-302.0,36928.0,1508.0,1713.0,64.0,124.0,2.0,26.82,1.93,1.69
2010/01/28,59.9,61.2,59.5,61.2,4284.0,258496.0,3.7288,2.1242,2350.0,3.0,0.0,76.0,79.0,36186.0,1326.0,1994.0,13.0,457.0,346.0,27.82,2.0,1.63
2010/01/29,60.0,60.1,59.2,59.5,3159.0,188331.0,-2.7778,1.5622,2208.0,-12.0,1.0,-67.0,-78.0,35130.0,1056.0,2111.0,42.0,415.0,0.0,27.05,1.94,1.68
2010/02/01,59.7,60.0,56.9,57.2,4234.0,244862.0,-3.8655,2.0939,2251.0,49.0,0.0,-17.0,32.0,34261.0,1587.0,2408.0,4.0,411.0,0.0,26.0,1.87,1.75
2010/02/02,58.2,58.4,54.5,55.1,5132.0,289586.0,-3.6713,2.538,2728.0,16.0,0.0,-40.0,-24.0,33283.0,1961.0,2847.0,7.0,424.0,20.0,25.05,1.8,1.81
2010/02/03,56.2,56.7,55.0,56.6,4772.0,267547.0,2.7223,2.3599,2585.0,30.0,0.0,-14.0,16.0,33891.0,1646.0,952.0,40.0,603.0,219.0,25.73,1.85,1.77
2010/02/04,56.9,57.7,56.6,56.8,3694.0,210749.0,0.3534,1.8268,2063.0,-102.0,0.0,7.0,-95.0,34373.0,1290.0,784.0,17.0,603.0,17.0,25.82,1.86,1.76
2010/02/05,53.5,54.5,52.9,52.9,5112.0,272937.0,-6.8662,2.5281,2389.0,34.0,0.0,-30.0,4.0,33192.0,1349.0,2463.0,43.0,560.0,0.0,24.05,1.73,1.89
2010/02/06,53.2,54.0,51.0,53.0,3991.0,209912.0,0.189,1.9737,2137.0,3.0,1.0,101.0,105.0,33003.0,1507.0,1630.0,18.0,549.0,7.0,24.09,1.73,1.89
2010/02/08,53.7,55.0,53.0,54.3,3325.0,180490.0,2.4528,1.6443,1825.0,-100.0,0.0,85.0,-15.0,32863.0,1025.0,1078.0,40.0,571.0,62.0,24.68,1.77,1.84
2010/02/09,56.0,58.1,56.0,58.1,4771.0,273169.0,6.9982,2.3594,1904.0,-41.0,30.0,-73.0,-84.0,32941.0,1727.0,1618.0,12.0,667.0,108.0,26.41,1.9,1.72
2010/02/10,60.6,61.5,60.0,60.9,11867.0,721601.0,4.8193,5.8687,5115.0,-139.0,0.0,102.0,-37.0,32408.0,3878.0,4344.0,102.0,729.0,164.0,27.68,1.99,1.64
2010/02/22,62.1,62.3,60.0,60.2,4409.0,269389.0,-1.1494,2.1804,2241.0,1.0,-5.0,43.0,39.0,32572.0,1784.0,1609.0,52.0,807.0,130.0,27.36,1.97,1.66
2010/02/23,60.2,61.4,60.2,61.0,4227.0,257270.0,1.3289,2.0904,2068.0,25.0,-695.0,40.0,-630.0,33142.0,1547.0,976.0,59.0,850.0,102.0,27.73,1.99,1.64
2010/02/24,60.4,61.3,60.0,60.0,3275.0,198936.0,-1.6393,1.6196,1529.0,-45.0,0.0,-101.0,-146.0,33376.0,1301.0,1065.0,71.0,789.0,10.0,27.27,1.96,1.67
2010/02/25,60.5,61.2,58.4,59.0,3154.0,189563.0,-1.6667,1.5598,1765.0,-17.0,0.0,61.0,44.0,33403.0,1248.0,1220.0,82.0,778.0,73.0,26.82,1.93,1.69
2010/02/26,59.5,59.8,57.6,57.8,2194.0,127921.0,-2.0339,1.085,1316.0,53.0,1.0,-116.0,-62.0,33143.0,825.0,1037.0,88.0,693.0,3.0,26.27,1.89,1.73
2010/03/01,58.0,60.6,57.3,60.1,4305.0,255969.0,3.9792,2.129,1965.0,58.0,0.0,-2.0,56.0,32775.0,1373.0,1733.0,71.0,746.0,124.0,27.32,1.96,1.66
2010/03/02,60.9,61.5,59.8,60.1,3533.0,214179.0,0.0,1.7472,1761.0,-6.0,0.0,-132.0,-138.0,32473.0,1177.0,1476.0,5.0,814.0,73.0,27.32,1.96,1.66
2010/03/03,60.1,60.4,59.4,59.6,1583.0,94728.0,-0.8319,0.7828,924.0,5.0,0.0,-6.0,-1.0,32254.0,604.0,759.0,45.0,775.0,6.0,27.09,1.95,1.68
2010/03/04,60.0,60.5,59.1,59.7,1782.0,106641.0,0.1678,0.8813,980.0,8.0,0.0,-15.0,-7.0,32454.0,734.0,524.0,4.0,789.0,19.0,27.14,1.95,1.68
2010/03/05,60.8,62.4,60.1,62.1,10239.0,631155.0,4.0201,5.0635,4539.0,51.0,0.0,206.0,257.0,33149.0,3716.0,3018.0,9.0,940.0,170.0,28.23,2.03,1.61
2010/03/08,62.8,62.9,61.5,62.1,6871.0,426725.0,0.0,3.398,2916.0,-56.0,0.0,51.0,-5.0,33938.0,3098.0,2296.0,114.0,840.0,14.0,28.23,2.03,1.61
2010/03/09,62.0,62.5,61.3,61.7,4651.0,288400.0,-0.6441,2.3001,2197.0,4.0,0.0,78.0,82.0,34373.0,2033.0,1594.0,52.0,823.0,35.0,28.05,2.02,1.62
2010/03/10,62.3,62.7,61.3,61.4,2948.0,182675.0,-0.4862,1.4579,1657.0,21.0,-1.0,-68.0,-48.0,34304.0,1332.0,1401.0,20.0,819.0,17.0,27.91,2.01,1.63
2010/03/11,61.5,62.5,61.0,61.0,2509.0,154658.0,-0.6515,1.2408,1320.0,22.0,0.0,11.0,33.0,34007.0,949.0,1243.0,41.0,810.0,32.0,27.73,1.99,1.64
2010/03/12,61.8,61.8,60.5,60.6,1754.0,106904.0,-0.6557,0.8674,1023.0,8.0,4.0,-39.0,-27.0,33978.0,788.0,817.0,49.0,788.0,27.0,27.55,1.98,1.65
2010/03/15,60.9,61.4,59.5,59.5,2102.0,126482.0,-1.8152,1.0395,1226.0,3.0,0.0,-176.0,-173.0,34052.0,877.0,784.0,68.0,721.0,1.0,27.05,1.94,1.68
2010/03/16,59.5,60.0,59.0,59.2,1984.0,117685.0,-0.5042,0.9812,1276.0,58.0,0.0,1.0,59.0,34222.0,815.0,646.0,17.0,707.0,3.0,26.91,1.93,1.69
2010/03/17,60.4,61.4,60.0,61.0,6086.0,370211.0,3.0405,3.0097,2714.0,383.0,-47.0,150.0,486.0,34959.0,2287.0,1549.0,36.0,687.0,16.0,27.73,1.99,1.64
2010/03/18,60.9,61.3,60.2,60.9,3948.0,240049.0,-0.1639,1.9524,2039.0,365.0,0.0,-42.0,323.0,34484.0,1203.0,1678.0,371.0,317.0,1.0,27.68,1.99,1.64
2010/03/19,61.3,61.6,60.7,61.1,2741.0,167604.0,0.3284,1.3555,1510.0,-4.0,-51.0,-58.0,-113.0,34423.0,1058.0,1106.0,117.0,207.0,7.0,27.77,2.0,1.64
2010/03/22,61.1,61.3,60.0,60.3,2315.0,139823.0,-1.3093,1.1448,1177.0,-53.0,0.0,1.0,-52.0,34058.0,913.0,1273.0,6.0,203.0,2.0,27.41,1.97,1.66
2010/03/23,60.9,62.3,60.5,61.0,4425.0,271795.0,1.1609,2.1883,2400.0,84.0,0.0,118.0,202.0,33886.0,1501.0,1672.0,2.0,211.0,14.0,27.73,1.99,1.64
2010/03/24,62.0,62.0,60.4,60.6,3403.0,208341.0,-0.6557,1.6829,1755.0,21.0,0.0,50.0,71.0,33530.0,1265.0,1610.0,11.0,203.0,3.0,27.55,1.98,1.65
2010/03/25,60.1,61.2,60.1,61.0,2613.0,158482.0,0.6601,1.2922,1371.0,40.0,0.0,-5.0,35.0,33912.0,1271.0,889.0,35.0,179.0,11.0,27.73,1.99,1.64
2010/03/26,61.2,61.7,60.6,61.7,3391.0,207750.0,1.1475,1.677,1599.0,35.0,0.0,11.0,46.0,34372.0,1448.0,975.0,7.0,179.0,7.0,28.05,1.98,1.62
2010/03/29,61.9,62.1,61.4,61.4,3302.0,203814.0,-0.4862,1.633,1643.0,-17.0,0.0,86.0,69.0,34771.0,1519.0,1120.0,43.0,136.0,0.0,25.16,1.97,1.63
2010/03/30,61.8,61.9,60.6,60.6,2553.0,155980.0,-1.3029,1.2625,1292.0,6.0,0.0,11.0,17.0,34782.0,1006.0,989.0,9.0,128.0,1.0,24.84,1.95,1.65
2010/03/31,61.0,61.5,60.3,61.0,2351.0,143174.0,0.6601,1.1627,1145.0,17.0,0.0,-34.0,-17.0,34933.0,949.0,778.0,35.0,103.0,10.0,25.0,1.96,1.64
2010/04/01,61.5,63.4,61.1,62.4,9678.0,606030.0,2.2951,4.7861,4441.0,99.0,0.0,-11.0,88.0,34949.0,3589.0,3571.0,27.0,89.0,13.0,25.57,2.01,1.6
2010/04/02,62.6,62.9,61.9,62.3,2900.0,180882.0,-0.1603,1.4342,1584.0,3.0,0.0,-40.0,-37.0,34981.0,1307.0,1272.0,15.0,73.0,1.0,25.53,2.0,1.61
2010/04/06,62.6,63.5,61.6,61.6,3925.0,246058.0,-1.1236,1.9411,1920.0,84.0,0.0,-146.0,-62.0,34954.0,1729.0,1756.0,21.0,52.0,0.0,25.25,1.98,1.62
2010/04/07,62.0,62.4,61.5,62.1,2188.0,135723.0,0.8117,1.082,1215.0,45.0,0.0,1.0,46.0,34899.0,904.0,939.0,6.0,49.0,3.0,25.45,2.0,1.61
2010/04/08,62.0,62.9,61.0,61.1,3020.0,187194.0,-1.6103,1.4935,1645.0,-15.0,0.0,-42.0,-57.0,34826.0,1410.0,1453.0,31.0,18.0,0.0,25.04,1.97,1.64
2010/04/09,61.1,61.5,60.2,60.6,2506.0,151957.0,-0.8183,1.2393,1354.0,17.0,0.0,-11.0,6.0,34716.0,858.0,948.0,18.0,0.0,0.0,24.84,1.95,3.3
2010/04/12,60.8,61.1,60.0,60.1,1604.0,96739.0,-0.8251,0.7932,941.0,-24.0,0.0,10.0,-14.0,34061.0,0.0,655.0,0.0,0.0,0.0,24.63,1.93,3.33
2010/04/13,60.0,60.9,59.3,59.5,1272.0,76414.0,-0.9983,0.629,788.0,-15.0,-1.0,-27.0,-43.0,33646.0,0.0,412.0,0.0,0.0,0.0,24.39,1.92,3.36
2010/04/14,59.8,60.5,59.6,60.2,1129.0,67840.0,1.1765,0.5583,656.0,3.0,-7.0,4.0,0.0,33369.0,0.0,266.0,0.0,0.0,0.0,24.67,1.94,3.32
2010/04/15,60.9,61.7,60.7,61.0,2926.0,179059.0,1.3289,1.447,1596.0,-43.0,0.0,63.0,20.0,34179.0,1443.0,633.0,0.0,14.0,14.0,25.0,1.96,3.28
2010/04/16,61.7,61.7,60.1,60.1,1537.0,93170.0,-1.4754,0.7601,893.0,-9.0,0.0,1.0,-8.0,34089.0,487.0,577.0,2.0,14.0,2.0,24.63,1.93,3.33
2010/04/19,59.0,59.9,55.9,56.1,3898.0,224556.0,-6.6556,1.9277,2146.0,-85.0,0.0,-107.0,-192.0,33142.0,1119.0,2064.0,1.0,13.0,0.0,22.99,1.81,3.57
2010/04/20,56.5,57.7,56.0,57.7,2670.0,152048.0,2.852,1.3204,1408.0,-19.0,-150.0,-22.0,-191.0,33570.0,958.0,525.0,4.0,211.0,202.0,23.65,1.86,3.47
2010/04/21,58.0,58.9,58.0,58.7,1967.0,114954.0,1.7331,0.9728,1165.0,39.0,0.0,-11.0,28.0,33596.0,663.0,608.0,21.0,297.0,108.0,24.06,1.89,3.41
2010/04/22,58.7,58.7,57.7,57.9,1432.0,83113.0,-1.3629,0.7082,810.0,-33.0,0.0,-1.0,-34.0,33564.0,486.0,517.0,34.0,263.0,0.0,23.73,1.86,3.45
2010/04/23,58.9,58.9,57.8,57.8,1798.0,104776.0,-0.1727,0.8892,1027.0,-29.0,0.0,18.0,-11.0,33701.0,603.0,456.0,38.0,315.0,90.0,23.69,1.86,3.46
2010/04/26,58.5,58.8,57.8,58.2,2177.0,126834.0,0.692,1.0766,1108.0,43.0,0.0,15.0,58.0,33815.0,790.0,676.0,76.0,278.0,39.0,23.85,1.87,3.44
2010/04/27,58.3,59.5,58.3,58.7,1951.0,114864.0,0.8591,0.9648,1052.0,84.0,0.0,6.0,90.0,33980.0,712.0,547.0,29.0,289.0,40.0,24.06,1.89,3.41
2010/04/28,56.0,57.9,56.0,57.3,1466.0,83987.0,-2.385,0.725,843.0,-26.0,0.0,-18.0,-44.0,33912.0,414.0,471.0,70.0,219.0,0.0,23.48,1.84,3.49
2010/04/29,58.0,58.0,57.2,57.5,1051.0,60501.0,0.349,0.5198,642.0,-32.0,0.0,-10.0,-42.0,33929.0,384.0,356.0,7.0,232.0,40.0,23.57,1.81,3.48
2010/04/30,58.0,58.0,56.0,56.1,2232.0,126376.0,-2.4348,1.1038,1276.0,-16.0,0.0,-9.0,-25.0,33441.0,615.0,1101.0,12.0,222.0,2.0,24.08,1.76,3.57
2010/05/03,55.9,56.0,54.6,55.0,1701.0,93786.0,-1.9608,0.8412,932.0,-56.0,0.0,-22.0,-78.0,33365.0,490.0,538.0,36.0,186.0,0.0,23.61,1.73,3.64
2010/05/04,55.1,55.6,54.1,54.8,1100.0,60341.0,-0.3636,0.544,693.0,-2.0,0.0,-6.0,-8.0,33309.0,290.0,321.0,32.0,189.0,35.0,23.52,1.72,3.65
2010/05/05,53.0,53.8,51.7,52.3,2194.0,115119.0,-4.562,1.085,1188.0,-35.0,0.0,-48.0,-83.0,33074.0,535.0,746.0,29.0,160.0,0.0,22.45,1.64,3.82
2010/05/06,52.3,52.8,51.5,51.7,1465.0,76526.0,-1.1472,0.7245,868.0,-49.0,0.0,-4.0,-53.0,32970.0,367.0,461.0,21.0,167.0,28.0,22.19,1.62,3.87
2010/05/07,49.2,51.0,48.5,50.7,2243.0,111655.0,-1.9342,1.1092,1247.0,77.0,0.0,-27.0,50.0,32606.0,627.0,914.0,33.0,134.0,0.0,21.76,1.59,3.94
2010/05/10,50.3,51.9,50.3,51.9,1202.0,61588.0,2.3669,0.5944,694.0,-52.0,0.0,80.0,28.0,32625.0,390.0,345.0,5.0,205.0,76.0,22.27,1.63,3.85
2010/05/11,51.9,52.4,50.7,50.7,1558.0,80379.0,-2.3121,0.7705,882.0,-57.0,0.0,2.0,-55.0,32626.0,541.0,506.0,3.0,277.0,75.0,21.76,1.59,3.94
2010/05/12,51.0,51.6,50.6,50.7,838.0,42818.0,0.0,0.4144,560.0,2.0,0.0,-13.0,-11.0,32727.0,316.0,211.0,22.0,385.0,130.0,21.76,1.59,3.94
2010/05/13,51.8,53.4,51.3,52.8,2712.0,143064.0,4.142,1.3412,1524.0,51.0,1.0,-48.0,4.0,32905.0,921.0,743.0,174.0,318.0,107.0,22.66,1.66,3.79
2010/05/14,52.5,53.2,52.2,52.5,1053.0,55330.0,-0.5682,0.5207,603.0,-57.0,0.0,-2.0,-59.0,32813.0,392.0,481.0,32.0,290.0,4.0,22.53,1.65,3.81
2010/05/17,51.7,51.9,50.3,50.6,907.0,46396.0,-3.619,0.4485,548.0,16.0,-4.0,-14.0,-2.0,32506.0,220.0,519.0,62.0,228.0,0.0,21.72,1.59,3.95
2010/05/18,50.7,51.4,49.9,50.9,1114.0,56341.0,0.5929,0.5509,641.0,41.0,0.0,-14.0,27.0,32342.0,345.0,504.0,49.0,198.0,19.0,21.85,1.6,3.93
2010/05/19,50.5,51.8,50.0,51.2,1241.0,63143.0,0.5894,0.6137,744.0,49.0,0.0,52.0,101.0,32129.0,308.0,518.0,35.0,179.0,16.0,21.97,1.61,3.91
2010/05/20,52.2,53.4,51.1,51.2,3560.0,186475.0,0.0,1.7605,2036.0,-35.0,0.0,-11.0,-46.0,31950.0,1051.0,871.0,8.0,244.0,73.0,21.97,1.61,3.91
2010/05/21,50.0,50.0,48.7,49.1,1775.0,87763.0,-4.1016,0.8778,1033.0,-117.0,0.0,-23.0,-140.0,31752.0,566.0,756.0,92.0,152.0,0.0,21.07,1.54,4.07
2010/05/24,49.7,49.95,49.0,49.4,1014.0,50185.0,0.611,0.5015,594.0,-12.0,0.0,3.0,-9.0,31585.0,335.0,496.0,22.0,156.0,26.0,21.2,1.55,4.05
2010/05/25,49.0,49.4,45.95,46.0,2182.0,102859.0,-6.8826,1.0791,1218.0,-11.0,0.0,-44.0,-55.0,30906.0,774.0,1424.0,43.0,119.0,6.0,19.74,1.44,4.35
2010/05/26,46.0,46.85,45.1,45.9,1367.0,62950.0,-0.2174,0.676,763.0,33.0,0.0,-7.0,26.0,30615.0,417.0,642.0,15.0,165.0,61.0,19.7,1.44,4.36
2010/05/27,46.0,49.1,46.0,49.1,2521.0,120506.0,6.9717,1.2467,1386.0,124.0,1.0,23.0,148.0,30693.0,786.0,674.0,73.0,141.0,50.0,21.07,1.54,4.07
2010/05/28,50.0,51.0,49.4,49.5,2715.0,136483.0,0.8147,1.3427,1371.0,-63.0,0.0,25.0,-38.0,30687.0,1137.0,1140.0,26.0,154.0,39.0,21.24,1.55,4.04
2010/05/31,49.55,50.3,49.1,50.1,904.0,45044.0,1.2121,0.4471,608.0,-2.0,0.0,19.0,17.0,30586.0,189.0,288.0,6.0,155.0,7.0,21.5,1.57,3.99
2010/06/01,50.1,51.8,49.5,50.9,2358.0,120367.0,1.5968,1.1661,1342.0,-43.0,0.0,59.0,16.0,30642.0,922.0,843.0,15.0,196.0,56.0,21.85,1.6,3.93
2010/06/02,50.5,51.8,50.0,50.0,1531.0,78093.0,-1.7682,0.7571,932.0,-57.0,0.0,-24.0,-81.0,30708.0,527.0,461.0,21.0,201.0,27.0,21.46,1.57,4.0
2010/06/03,51.5,51.5,50.8,50.8,1423.0,72734.0,1.6,0.7037,760.0,27.0,0.0,-1.0,26.0,30848.0,573.0,411.0,11.0,202.0,12.0,21.9,1.6,3.94
2010/06/04,50.8,52.2,50.8,51.2,1550.0,80027.0,0.7874,0.7665,929.0,4.0,0.0,-29.0,-25.0,30881.0,610.0,572.0,3.0,242.0,43.0,22.07,1.61,3.91
2010/06/07,49.1,51.2,49.1,50.5,1706.0,85894.0,-1.3672,0.8437,1001.0,-43.0,0.0,775.0,732.0,30709.0,420.0,592.0,21.0,221.0,0.0,21.77,1.59,3.96
2010/06/08,50.8,52.5,50.8,51.6,2041.0,105531.0,2.1782,1.0093,1125.0,-40.0,0.0,374.0,334.0,30676.0,596.0,629.0,13.0,261.0,53.0,22.24,1.62,3.88
2010/06/09,51.3,51.6,49.15,49.25,2171.0,109059.0,-4.5543,1.0736,1216.0,-41.0,0.0,455.0,414.0,30259.0,532.0,949.0,72.0,207.0,18.0,21.23,1.55,4.06
2010/06/10,49.5,50.0,48.5,49.7,1269.0,62589.0,0.9137,0.6276,711.0,23.0,0.0,51.0,74.0,30300.0,513.0,472.0,34.0,203.0,30.0,21.42,1.56,4.02
2010/06/11,50.1,50.7,49.8,50.0,1263.0,63504.0,0.6036,0.6246,725.0,51.0,0.0,6.0,57.0,30269.0,503.0,533.0,44.0,167.0,8.0,21.55,1.57,4.0
2010/06/14,50.1,50.6,49.8,50.2,559.0,28058.0,0.4,0.2764,373.0,3.0,0.0,-1.0,2.0,30287.0,181.0,163.0,18.0,165.0,16.0,21.64,1.58,3.98
2010/06/15,50.5,51.4,50.2,50.9,1534.0,78222.0,1.3944,0.7586,909.0,45.0,2.0,-4.0,43.0,30399.0,597.0,483.0,32.0,140.0,7.0,21.94,1.6,3.93
2010/06/17,51.4,51.7,50.9,51.0,1589.0,81498.0,0.1965,0.7858,881.0,72.0,0.0,-46.0,26.0,30565.0,613.0,447.0,6.0,404.0,270.0,21.98,1.6,3.92
2010/06/18,51.0,51.0,50.1,50.5,1605.0,80798.0,-0.9804,0.7937,788.0,-55.0,0.0,-16.0,-71.0,30594.0,623.0,546.0,206.0,198.0,0.0,21.77,1.59,3.96
2010/06/21,50.8,51.7,50.5,51.1,1521.0,77662.0,1.1881,0.7522,816.0,36.0,0.0,0.0,36.0,30702.0,615.0,505.0,74.0,175.0,51.0,22.03,1.61,3.91
2010/06/22,51.6,52.8,51.1,52.4,4411.0,230401.0,2.544,2.1814,2115.0,88.0,0.0,103.0,191.0,31318.0,1813.0,1186.0,63.0,186.0,74.0,22.59,1.65,3.82
2010/06/23,52.4,52.8,51.7,52.1,1544.0,80752.0,-0.5725,0.7636,819.0,-39.0,0.0,150.0,111.0,31235.0,653.0,735.0,24.0,193.0,31.0,22.46,1.64,3.84
2010/06/24,52.5,52.5,51.6,51.8,1211.0,62876.0,-0.5758,0.5989,615.0,-1.0,1.0,102.0,102.0,31334.0,510.0,411.0,19.0,190.0,17.0,22.33,1.63,3.86
2010/06/25,51.3,51.7,50.6,50.9,1095.0,55941.0,-1.7375,0.5415,558.0,-37.0,-1.0,-19.0,-57.0,31093.0,243.0,477.0,45.0,145.0,0.0,21.94,1.6,3.93
2010/06/28,50.9,51.1,50.0,50.0,996.0,50174.0,-1.7682,0.4926,588.0,6.0,0.0,-5.0,1.0,31003.0,272.0,322.0,32.0,110.0,0.0,21.55,1.57,4.0
2010/06/29,50.1,50.6,49.35,50.0,900.0,44996.0,0.0,0.4451,562.0,-34.0,0.0,-1.0,-35.0,30942.0,266.0,322.0,32.0,80.0,2.0,21.55,1.57,4.0
2010/06/30,48.5,50.0,48.5,50.0,917.0,45213.0,0.0,0.4535,511.0,-48.0,0.0,246.0,198.0,30895.0,296.0,334.0,27.0,57.0,4.0,21.55,1.57,4.0
2010/07/01,50.0,50.0,49.2,49.2,568.0,28116.0,-1.6,0.2809,347.0,-50.0,0.0,-20.0,-70.0,30890.0,175.0,179.0,9.0,48.0,0.0,21.21,1.55,4.07
2010/07/02,49.5,50.5,49.4,49.4,1428.0,71307.0,0.4065,0.7062,586.0,14.0,0.0,52.0,66.0,30674.0,339.0,322.0,7.0,40.0,0.0,21.29,1.55,4.05
2010/07/05,50.3,50.4,49.5,50.0,597.0,29883.0,1.2146,0.2952,343.0,24.0,0.0,1.0,25.0,30639.0,206.0,223.0,11.0,29.0,0.0,21.55,1.57,4.0
2010/07/06,50.0,51.3,49.8,51.2,1611.0,81824.0,2.4,0.7967,855.0,104.0,0.0,35.0,139.0,30902.0,881.0,618.0,27.0,0.0,0.0,22.07,1.61,3.91
2010/07/07,51.4,51.5,50.2,50.4,1463.0,74672.0,-1.5625,0.7235,643.0,-43.0,0.0,14.0,-29.0,30440.0,0.0,434.0,0.0,0.0,0.0,21.72,1.59,3.97
2010/07/08,51.0,51.7,50.8,51.3,2792.0,143133.0,1.7857,1.3807,1252.0,72.0,0.0,-151.0,-79.0,29574.0,0.0,861.0,0.0,0.0,0.0,22.11,1.61,3.9
2010/07/09,51.1,51.4,50.7,51.0,3242.0,165444.0,-0.5848,1.6033,1348.0,138.0,0.0,229.0,367.0,28756.0,0.0,816.0,0.0,0.0,0.0,21.98,1.6,3.92
2010/07/12,50.0,50.5,49.7,49.7,3550.0,177832.0,1.3725,1.7556,1487.0,-43.0,0.0,-104.0,-147.0,29629.0,1245.0,370.0,0.0,32.0,32.0,21.42,1.56,4.02
2010/07/13,50.0,51.5,49.8,51.0,5202.0,265138.0,2.6157,2.5726,2582.0,-21.0,0.0,-34.0,-55.0,30223.0,1777.0,1080.0,5.0,47.0,20.0,21.98,1.6,3.92
2010/07/14,52.3,54.5,52.0,54.5,5576.0,299032.0,6.8627,2.7575,2332.0,24.0,0.0,-14.0,10.0,30871.0,2264.0,1605.0,0.0,175.0,128.0,23.49,1.71,3.67
2010/07/15,55.1,55.7,54.5,54.8,12219.0,673755.0,0.5505,6.0427,5230.0,11.0,32.0,44.0,87.0,31491.0,4141.0,3521.0,44.0,357.0,226.0,23.62,1.72,3.65
2010/07/16,54.8,54.8,52.8,53.0,3663.0,196585.0,-3.2847,1.8115,1934.0,-173.0,0.0,59.0,-114.0,31270.0,1439.0,1653.0,188.0,164.0,0.0,22.84,1.67,3.77
2010/07/19,53.0,53.9,53.0,53.7,2326.0,124501.0,1.3208,1.1503,1233.0,-18.0,2.0,115.0,99.0,31468.0,912.0,712.0,19.0,199.0,54.0,23.15,1.69,3.72
2010/07/20,54.2,54.9,52.9,54.0,3316.0,179233.0,0.5587,1.6399,1575.0,-37.0,0.0,2.0,-35.0,31978.0,1576.0,1065.0,77.0,162.0,40.0,23.28,1.7,3.7
2010/07/21,54.7,57.7,54.7,57.7,11247.0,638613.0,6.8519,5.562,4425.0,241.0,2.0,9.0,252.0,33388.0,4418.0,3008.0,11.0,464.0,313.0,24.87,1.82,3.47
2010/07/22,58.0,58.3,56.4,56.4,7269.0,417290.0,-2.253,3.5948,2850.0,81.0,380.0,65.0,526.0,33450.0,3127.0,3060.0,128.0,348.0,12.0,24.31,1.77,3.55
2010/07/23,57.3,59.5,56.6,57.6,11389.0,664004.0,2.1277,5.6323,4676.0,504.0,200.0,123.0,827.0,34054.0,4750.0,4145.0,81.0,436.0,169.0,24.83,1.81,3.47
2010/07/26,57.6,57.9,56.1,56.3,4458.0,252593.0,-2.2569,2.2046,2139.0,34.0,100.0,-1186.0,-1052.0,34467.0,2094.0,1678.0,124.0,319.0,7.0,24.27,1.77,3.55
2010/07/27,56.6,57.2,56.0,56.0,2768.0,156795.0,-0.5329,1.3689,1377.0,24.0,210.0,214.0,448.0,34164.0,911.0,1209.0,17.0,445.0,143.0,24.14,1.76,3.57
2010/07/28,56.5,58.5,56.3,57.0,6957.0,400900.0,1.7857,3.4405,3228.0,-49.0,299.0,43.0,293.0,34118.0,2418.0,2452.0,41.0,662.0,290.0,24.57,1.79,3.51
2010/07/29,57.3,57.3,55.6,55.9,3222.0,181564.0,-1.9298,1.5934,1541.0,-12.0,0.0,-9.0,-21.0,33945.0,1167.0,1340.0,165.0,523.0,27.0,24.09,1.76,3.58
2010/07/30,55.6,56.5,55.0,55.0,2420.0,134508.0,-1.61,1.1967,1223.0,-57.0,-2.0,-121.0,-180.0,33982.0,1049.0,1000.0,116.0,514.0,107.0,23.71,1.73,3.64
2010/08/02,55.3,56.0,54.3,55.7,3434.0,189753.0,1.2727,1.6981,1538.0,-98.0,-2.0,-13.0,-113.0,34119.0,1720.0,1581.0,75.0,636.0,197.0,24.01,1.75,3.59
2010/08/03,56.1,57.2,55.8,55.9,2927.0,165181.0,0.3591,1.4474,1388.0,10.0,0.0,-10.0,0.0,34020.0,1085.0,1184.0,60.0,633.0,57.0,24.09,1.76,3.58
2010/08/04,55.9,56.2,54.9,54.9,1988.0,109984.0,-1.7889,0.9831,1017.0,20.0,0.0,8.0,28.0,33663.0,742.0,1086.0,53.0,579.0,0.0,23.66,1.73,3.64
2010/08/05,55.2,56.4,54.5,55.8,3351.0,186266.0,1.6393,1.6571,1655.0,-130.0,0.0,188.0,58.0,33579.0,1088.0,1172.0,50.0,673.0,144.0,24.05,1.76,3.58
2010/08/06,55.5,55.6,54.9,55.2,1304.0,72093.0,-1.0753,0.6448,702.0,-14.0,-1.0,81.0,66.0,33555.0,603.0,610.0,33.0,640.0,0.0,23.79,1.74,3.62
2010/08/09,56.3,57.4,55.9,56.3,4694.0,266064.0,1.9928,2.3212,2248.0,-38.0,0.0,333.0,295.0,34033.0,1993.0,1510.0,36.0,644.0,40.0,24.27,1.77,3.55
2010/08/10,56.5,56.9,55.0,55.0,2697.0,149753.0,-2.3091,1.3337,1251.0,9.0,-190.0,138.0,-43.0,33678.0,946.0,1301.0,39.0,605.0,0.0,23.71,1.73,3.64
2010/08/11,54.4,54.5,53.0,53.6,1974.0,106171.0,-2.5455,0.9762,1113.0,12.0,0.0,-285.0,-273.0,33682.0,731.0,719.0,35.0,570.0,0.0,23.1,1.69,3.73
2010/08/12,53.0,54.5,53.0,54.0,1740.0,93720.0,0.7463,0.8604,882.0,-14.0,0.0,16.0,2.0,33969.0,623.0,328.0,21.0,697.0,148.0,23.28,1.7,3.7
2010/08/13,54.0,56.2,53.8,55.8,3843.0,213283.0,3.3333,1.9004,1791.0,57.0,299.0,213.0,569.0,34208.0,1173.0,925.0,22.0,742.0,67.0,24.05,1.76,3.58
2010/08/16,55.8,55.8,54.9,55.1,1577.0,87056.0,-1.2545,0.7798,796.0,-18.0,0.0,59.0,41.0,34047.0,613.0,769.0,30.0,713.0,1.0,23.75,1.73,3.63
2010/08/17,55.8,55.9,54.6,54.8,2572.0,141967.0,-0.5445,1.2719,1316.0,4.0,0.0,41.0,45.0,34311.0,1080.0,762.0,23.0,750.0,60.0,23.62,1.72,3.65
2010/08/18,55.0,55.6,54.4,54.5,1459.0,80247.0,-0.5474,0.7215,803.0,-47.0,0.0,-33.0,-80.0,34009.0,584.0,845.0,27.0,739.0,17.0,23.49,1.71,3.67
2010/08/19,54.5,58.2,54.3,57.5,9799.0,557515.0,5.5046,4.8457,4514.0,222.0,353.0,279.0,854.0,34791.0,3767.0,2942.0,154.0,736.0,151.0,24.78,1.81,3.48
2010/08/20,57.6,59.3,57.1,58.0,9991.0,583887.0,0.8696,4.9406,4326.0,-352.0,1302.0,-269.0,681.0,34006.0,3076.0,3855.0,26.0,789.0,79.0,25.0,1.82,3.45
2010/08/23,58.9,59.4,57.7,58.2,6126.0,359257.0,0.3448,3.0293,2573.0,-117.0,720.0,281.0,884.0,33784.0,2288.0,2506.0,38.0,808.0,57.0,25.09,1.83,3.44
2010/08/24,57.6,58.9,57.0,57.1,3388.0,195693.0,-1.89,1.6754,1593.0,-9.0,0.0,120.0,111.0,33574.0,1526.0,1736.0,70.0,742.0,4.0,24.61,1.8,3.5
2010/08/25,56.2,57.0,54.0,54.4,2998.0,165515.0,-4.7285,1.4825,1599.0,47.0,0.0,-178.0,-131.0,33189.0,1018.0,1398.0,129.0,610.0,0.0,23.45,1.79,3.68
2010/08/26,54.4,55.7,53.8,54.6,2328.0,127468.0,0.3676,1.1512,1302.0,-15.0,0.0,13.0,-2.0,33047.0,704.0,845.0,38.0,689.0,117.0,23.95,1.8,3.66
2010/08/27,54.6,55.3,54.0,55.0,1303.0,71301.0,0.7326,0.6443,758.0,42.0,0.0,21.0,63.0,32904.0,395.0,531.0,44.0,673.0,28.0,24.12,1.81,3.64
2010/08/30,55.3,55.5,53.6,53.6,1833.0,99827.0,-2.5455,0.9064,939.0,-18.0,0.0,-102.0,-120.0,32807.0,717.0,781.0,82.0,597.0,6.0,23.51,1.77,3.73
2010/08/31,53.0,53.6,49.85,50.0,3682.0,187004.0,-6.7164,1.8208,1858.0,-15.0,-150.0,-141.0,-306.0,32670.0,1155.0,1288.0,70.0,528.0,1.0,21.93,1.65,4.0
2010/09/01,50.0,52.0,50.0,50.8,2982.0,151964.0,1.6,1.4746,1186.0,48.0,-80.0,349.0,317.0,32527.0,547.0,675.0,8.0,1036.0,516.0,22.28,1.67,3.94
2010/09/02,51.2,54.3,51.2,54.3,9051.0,487319.0,6.8898,4.4758,3155.0,22.0,150.0,-823.0,-651.0,33582.0,2865.0,1796.0,22.0,1366.0,352.0,23.82,1.79,3.68
2010/09/03,54.0,55.5,53.7,54.4,6650.0,364334.0,0.1842,3.2885,2968.0,-12.0,210.0,-97.0,101.0,33485.0,2230.0,2322.0,174.0,1272.0,80.0,23.86,1.79,3.68
2010/09/06,54.9,58.2,54.7,58.2,12819.0,732613.0,6.9853,6.3391,4712.0,343.0,1972.0,581.0,2896.0,32865.0,3525.0,4101.0,119.0,1423.0,271.0,25.53,1.92,3.44
2010/09/07,59.0,61.8,58.0,59.4,30524.0,1836782.0,2.0619,15.0943,10336.0,-814.0,3931.0,710.0,3827.0,31935.0,6344.0,7271.0,156.0,1931.0,665.0,26.05,1.96,3.37
2010/09/08,59.9,61.7,59.0,61.2,13195.0,800404.0,3.0303,6.525,5689.0,178.0,545.0,-198.0,525.0,32717.0,4701.0,3913.0,277.0,2334.0,680.0,26.84,2.02,3.27
2010/09/09,61.7,61.7,59.7,61.2,7358.0,447335.0,0.0,3.6386,3034.0,292.0,1224.0,-296.0,1220.0,32704.0,2637.0,2609.0,109.0,2263.0,49.0,26.84,2.02,3.27
2010/09/10,61.9,63.1,60.6,61.4,9110.0,563748.0,0.3268,4.505,4099.0,155.0,1082.0,-140.0,1097.0,32189.0,3067.0,3577.0,170.0,2260.0,173.0,26.93,2.02,3.26
2010/09/13,62.8,62.9,61.5,62.0,6960.0,432980.0,0.9772,3.4418,3025.0,2.0,20.0,133.0,155.0,32282.0,3044.0,2921.0,88.0,2311.0,140.0,27.19,2.04,3.23
2010/09/14,62.0,65.4,61.7,64.6,13453.0,855659.0,4.1935,6.6526,5320.0,101.0,664.0,117.0,882.0,32801.0,5025.0,4487.0,127.0,2732.0,551.0,28.33,2.13,3.1
2010/09/15,64.6,64.9,62.8,64.1,6003.0,383393.0,-0.774,2.9685,2452.0,26.0,-75.0,32.0,-17.0,33591.0,2882.0,2091.0,181.0,2564.0,13.0,28.11,2.11,3.12
2010/09/16,64.1,64.8,62.3,62.3,5566.0,353553.0,-2.8081,2.7524,2245.0,393.0,-111.0,-22.0,260.0,33279.0,2475.0,2776.0,172.0,2423.0,31.0,27.32,2.05,3.21
2010/09/17,62.6,65.0,62.6,63.5,9197.0,589255.0,1.9262,4.548,3705.0,67.0,-100.0,367.0,334.0,34329.0,4249.0,3198.0,28.0,2653.0,261.0,27.85,2.09,3.15
2010/09/20,63.5,63.6,62.4,63.3,3667.0,230744.0,-0.315,1.8134,1495.0,103.0,0.0,-62.0,41.0,34100.0,1544.0,1771.0,202.0,2452.0,3.0,27.76,2.09,3.16
2010/09/21,63.6,66.8,63.6,65.0,12660.0,828857.0,2.6856,6.2604,4622.0,-99.0,272.0,1236.0,1409.0,35084.0,5505.0,4520.0,51.0,2698.0,297.0,28.51,2.14,3.08
2010/09/23,65.7,65.7,63.7,64.0,4159.0,267599.0,-1.5385,2.0567,1975.0,3.0,0.0,-791.0,-788.0,35313.0,2066.0,1836.0,187.0,2513.0,2.0,28.07,2.11,3.13
2010/09/24,64.0,64.4,62.0,62.8,4266.0,267938.0,-1.875,2.1096,1759.0,78.0,-100.0,-509.0,-531.0,34677.0,1582.0,2218.0,141.0,2383.0,11.0,27.54,2.07,3.18
2010/09/27,63.1,63.2,61.0,62.6,5246.0,325439.0,-0.3185,2.5942,1760.0,71.0,-50.0,-226.0,-205.0,33400.0,1302.0,2577.0,120.0,2280.0,17.0,27.46,2.06,3.19
2010/09/28,62.6,62.6,61.5,61.9,1141.0,70834.0,-1.1182,0.5642,577.0,1.0,0.0,-2.0,-1.0,33569.0,606.0,436.0,121.0,2165.0,7.0,27.15,2.04,3.23
2010/09/29,62.3,62.7,61.4,61.5,2406.0,149093.0,-0.6462,1.1898,1047.0,-190.0,-30.0,27.0,-193.0,33404.0,827.0,990.0,87.0,2109.0,32.0,26.97,2.03,3.25
2010/09/30,61.8,63.3,61.7,63.0,3278.0,205324.0,2.439,1.621,1464.0,53.0,527.0,-26.0,554.0,32650.0,793.0,1547.0,42.0,2196.0,129.0,27.63,2.08,3.17
2010/10/01,63.0,63.5,62.1,62.8,1624.0,101832.0,-0.3175,0.8031,726.0,-23.0,-220.0,157.0,-86.0,32423.0,468.0,695.0,38.0,2167.0,9.0,27.54,2.07,3.18
2010/10/04,62.8,62.8,59.6,59.6,3187.0,193881.0,-5.0955,1.576,1632.0,36.0,0.0,-280.0,-244.0,31824.0,976.0,1573.0,185.0,1983.0,1.0,26.14,1.96,3.36
2010/10/05,59.0,59.3,56.4,58.6,6247.0,358564.0,-1.6779,3.0892,2401.0,380.0,-472.0,-356.0,-448.0,31338.0,1797.0,2270.0,433.0,1550.0,0.0,25.7,1.93,3.41
2010/10/06,59.0,59.5,57.9,59.5,6614.0,387772.0,1.5358,3.2707,1999.0,-44.0,-766.0,248.0,-562.0,30487.0,2547.0,3397.0,26.0,1583.0,59.0,26.1,1.96,3.36
2010/10/07,59.3,60.4,58.7,59.7,3311.0,197204.0,0.3361,1.6373,1391.0,-85.0,-300.0,186.0,-199.0,30574.0,1296.0,1209.0,15.0,1626.0,58.0,26.18,1.97,3.35
2010/10/08,60.0,60.2,58.3,58.6,1766.0,104279.0,-1.8425,0.8733,805.0,233.0,0.0,123.0,356.0,30186.0,672.0,1058.0,28.0,1600.0,2.0,25.7,1.93,3.41
2010/10/11,58.8,59.0,57.6,58.0,1484.0,86341.0,-1.0239,0.7338,804.0,83.0,-300.0,-17.0,-234.0,30133.0,522.0,575.0,61.0,1543.0,4.0,25.44,1.91,3.45
2010/10/12,58.0,58.5,56.3,57.0,2223.0,126942.0,-1.7241,1.0993,1158.0,-9.0,-225.0,-34.0,-268.0,29762.0,630.0,977.0,30.0,1539.0,26.0,25.0,1.88,3.51
2010/10/13,57.0,57.9,56.4,57.0,1458.0,83055.0,0.0,0.721,734.0,4.0,3.0,-68.0,-61.0,29610.0,466.0,615.0,58.0,1587.0,106.0,25.0,1.88,3.51
2010/10/14,57.9,58.0,56.5,57.6,1661.0,95081.0,1.0526,0.8213,866.0,3.0,0.0,124.0,127.0,29484.0,488.0,571.0,10.0,1622.0,45.0,25.26,1.9,3.47
2010/10/15,57.2,57.3,54.3,55.1,2072.0,115275.0,-4.3403,1.0245,1028.0,-128.0,-218.0,-40.0,-386.0,29019.0,554.0,989.0,41.0,1581.0,0.0,24.17,1.82,3.63
2010/10/18,55.1,55.5,53.6,53.7,1694.0,91774.0,-2.5408,0.8376,816.0,43.0,-631.0,-91.0,-679.0,29214.0,542.0,343.0,45.0,1537.0,1.0,23.55,1.77,3.72
2010/10/19,53.7,54.9,53.1,54.2,1353.0,73405.0,0.9311,0.669,732.0,-6.0,-200.0,-31.0,-237.0,29559.0,523.0,175.0,18.0,1562.0,43.0,23.77,1.79,3.69
2010/10/20,54.2,56.0,54.0,56.0,2103.0,116165.0,3.321,1.0398,1091.0,-9.0,150.0,11.0,152.0,29475.0,535.0,582.0,36.0,1573.0,47.0,24.56,1.85,3.57
2010/10/21,56.0,56.0,55.1,55.3,1147.0,63605.0,-1.25,0.5671,551.0,-23.0,0.0,20.0,-3.0,29541.0,405.0,336.0,24.0,1548.0,0.0,24.25,1.82,3.62
2010/10/22,55.4,55.9,55.1,55.3,1439.0,79811.0,0.0,0.7115,697.0,1.0,-142.0,-28.0,-169.0,29729.0,566.0,375.0,32.0,1554.0,38.0,24.25,1.82,3.62
2010/10/25,55.5,56.6,55.3,56.1,2663.0,149050.0,1.4467,1.3167,1104.0,15.0,-140.0,-28.0,-153.0,30434.0,1097.0,390.0,32.0,1547.0,25.0,24.61,1.85,3.57
2010/10/26,56.3,56.3,55.6,55.6,962.0,53710.0,-0.8913,0.4757,510.0,10.0,0.0,22.0,32.0,30506.0,427.0,336.0,4.0,1543.0,0.0,24.39,1.83,3.6
2010/10/27,56.0,56.0,54.0,54.4,2125.0,115830.0,-2.1583,1.0507,1130.0,17.0,-378.0,-179.0,-540.0,30283.0,665.0,824.0,15.0,1529.0,1.0,23.86,1.79,3.68
2010/10/28,54.5,55.3,54.4,55.2,1963.0,107874.0,1.4706,0.9706,976.0,96.0,0.0,-229.0,-133.0,30737.0,886.0,415.0,27.0,1527.0,31.0,24.21,1.8,3.62
2010/10/29,54.5,54.8,53.5,53.6,2224.0,119963.0,-2.8986,1.0987,1115.0,2.0,-26.0,-17.0,-41.0,30287.0,679.0,1070.0,33.0,1494.0,0.0,31.16,1.75,3.73
2010/11/01,53.4,53.5,51.5,52.1,2893.0,151024.0,-2.7985,1.4292,1474.0,250.0,-124.0,-29.0,97.0,29846.0,675.0,1104.0,39.0,1449.0,0.0,30.29,1.7,3.84
2010/11/02,52.5,52.6,51.5,51.6,1229.0,63743.0,-0.9597,0.6071,686.0,72.0,0.0,-6.0,66.0,29767.0,391.0,468.0,8.0,1446.0,5.0,30.0,1.68,3.88
2010/11/03,51.8,52.4,49.85,50.0,3684.0,186126.0,-3.1008,1.8199,1492.0,-785.0,-40.0,-45.0,-870.0,29347.0,960.0,1343.0,13.0,1444.0,11.0,29.07,1.63,4.0
2010/11/04,50.0,51.3,50.0,50.6,1859.0,94492.0,1.2,0.9184,925.0,67.0,0.0,12.0,79.0,28956.0,339.0,653.0,44.0,1576.0,176.0,29.42,1.65,3.95
2010/11/05,51.7,51.8,50.2,50.8,1821.0,92707.0,0.3953,0.8996,860.0,85.0,-167.0,22.0,-60.0,29007.0,459.0,407.0,34.0,1634.0,92.0,29.53,1.66,3.94
2010/11/08,50.8,50.8,49.7,49.7,1061.0,53131.0,-2.1654,0.5241,596.0,48.0,0.0,-26.0,22.0,28748.0,173.0,406.0,42.0,1595.0,3.0,28.9,1.62,4.02
2010/11/09,49.5,50.8,49.4,50.3,1250.0,62752.0,1.2072,0.6175,593.0,30.0,-50.0,-21.0,-41.0,28970.0,486.0,262.0,29.0,1576.0,10.0,29.24,1.64,3.98
2010/11/10,50.5,50.8,50.0,50.3,994.0,49942.0,0.0,0.491,413.0,2.0,-300.0,-8.0,-306.0,29135.0,317.0,148.0,171.0,1408.0,3.0,29.24,1.64,3.98
2010/11/11,50.3,52.6,50.3,51.8,2014.0,104246.0,2.9821,0.9949,1175.0,56.0,0.0,35.0,91.0,28955.0,664.0,776.0,89.0,1350.0,31.0,30.12,1.69,3.86
2010/11/12,51.8,51.8,50.9,51.0,1010.0,51681.0,-1.5444,0.4989,573.0,-52.0,-110.0,-30.0,-192.0,28881.0,347.0,397.0,19.0,1331.0,0.0,29.65,1.67,3.92
2010/11/15,51.0,54.5,50.8,54.0,6647.0,356618.0,5.8824,3.2836,2960.0,7.0,59.0,268.0,334.0,29439.0,2067.0,1494.0,503.0,1221.0,393.0,31.4,1.76,3.7
2010/11/16,53.8,54.5,53.5,53.6,3226.0,173987.0,-0.7407,1.5937,1415.0,-288.0,21.0,51.0,-216.0,29774.0,1472.0,1130.0,64.0,1201.0,44.0,31.16,1.75,3.73
2010/11/17,53.3,54.0,53.0,53.3,1588.0,85014.0,-0.5597,0.7845,770.0,-17.0,0.0,3.0,-14.0,29676.0,587.0,684.0,60.0,1155.0,14.0,30.99,1.74,3.75
2010/11/18,53.5,54.2,52.5,52.6,885.0,47000.0,-1.3133,0.4372,577.0,1.0,10.0,-28.0,-17.0,29552.0,326.0,446.0,33.0,1123.0,1.0,30.58,1.72,3.8
2010/11/19,53.1,54.1,52.7,52.8,1719.0,91705.0,0.3802,0.8492,978.0,-51.0,14.0,67.0,30.0,29571.0,719.0,697.0,84.0,1055.0,16.0,30.7,1.72,3.79
2010/11/22,53.2,53.6,52.0,52.5,917.0,48406.0,-0.5682,0.453,498.0,-23.0,0.0,-27.0,-50.0,29521.0,336.0,314.0,183.0,873.0,1.0,30.52,1.71,3.81
2010/11/23,52.9,53.6,52.3,52.3,934.0,49416.0,-0.381,0.4614,565.0,34.0,0.0,32.0,66.0,29432.0,342.0,411.0,0.0,888.0,15.0,30.41,1.71,3.82
2010/11/24,51.5,52.3,51.3,51.3,1087.0,56148.0,-1.912,0.537,642.0,61.0,-31.0,-21.0,9.0,29326.0,372.0,466.0,39.0,849.0,0.0,29.83,1.67,3.9
2010/11/25,51.7,53.0,51.7,52.1,1621.0,85198.0,1.5595,0.8008,978.0,-22.0,0.0,-17.0,-39.0,29526.0,672.0,471.0,7.0,857.0,15.0,30.29,1.7,3.84
2010/11/26,52.1,54.0,52.1,53.1,4068.0,217700.0,1.9194,2.0096,2016.0,464.0,0.0,15.0,479.0,29662.0,1249.0,1089.0,501.0,413.0,57.0,30.87,1.73,3.77
2010/11/29,53.7,53.9,52.9,53.6,2432.0,129893.0,0.9416,1.2014,975.0,0.0,-29.0,-79.0,-108.0,29658.0,606.0,605.0,21.0,398.0,6.0,31.16,1.75,3.73
2010/11/30,53.9,55.5,53.5,54.7,3976.0,217405.0,2.0522,1.9633,1892.0,128.0,406.0,402.0,936.0,29008.0,1074.0,1568.0,181.0,232.0,16.0,31.8,1.79,3.66
2010/12/01,55.0,56.2,54.8,55.5,3032.0,168302.0,1.4625,1.4972,1378.0,13.0,269.0,-115.0,167.0,28867.0,928.0,1007.0,7.0,236.0,11.0,32.27,1.81,3.6
2010/12/02,56.2,56.2,54.7,55.3,2159.0,119605.0,-0.3604,1.0661,1072.0,24.0,250.0,98.0,372.0,28590.0,681.0,904.0,7.0,253.0,26.0,32.15,1.81,3.62
2010/12/03,55.5,58.5,55.5,57.7,8507.0,488164.0,4.34,4.2007,3770.0,132.0,167.0,555.0,854.0,28510.0,2624.0,2703.0,20.0,365.0,132.0,33.55,1.88,3.47
2010/12/06,58.5,58.6,57.5,58.0,3950.0,229136.0,0.5199,1.9505,1610.0,-326.0,250.0,172.0,96.0,28752.0,1871.0,1609.0,21.0,389.0,45.0,33.72,1.89,3.45
2010/12/07,58.0,58.4,56.9,57.4,1790.0,102995.0,-1.0345,0.8839,844.0,6.0,0.0,9.0,15.0,28701.0,788.0,837.0,42.0,356.0,10.0,33.37,1.87,3.48
2010/12/08,57.7,59.4,57.5,58.7,4138.0,242822.0,2.2648,2.0433,1824.0,132.0,0.0,261.0,393.0,28803.0,1589.0,1486.0,5.0,461.0,110.0,34.13,1.92,3.41
2010/12/09,59.6,60.0,58.6,59.0,5355.0,317171.0,0.5111,2.6442,2062.0,-596.0,150.0,-63.0,-509.0,29336.0,2089.0,1555.0,9.0,532.0,80.0,34.3,1.93,3.39
2010/12/10,59.0,61.7,58.7,60.4,9396.0,571715.0,2.3729,4.6397,3507.0,-51.0,-100.0,243.0,92.0,30097.0,3654.0,2887.0,28.0,687.0,183.0,35.12,1.97,3.31
2010/12/13,61.0,61.6,59.8,60.5,4249.0,258161.0,0.1656,2.0981,1579.0,72.0,150.0,13.0,235.0,29734.0,1743.0,2102.0,61.0,645.0,20.0,35.17,1.98,3.31
2010/12/14,60.5,61.0,58.3,59.0,4608.0,274000.0,-2.4793,2.2754,1450.0,84.0,-3.0,-43.0,38.0,28907.0,1185.0,2012.0,137.0,517.0,9.0,34.3,1.93,3.39
2010/12/15,59.0,59.4,55.8,57.3,4665.0,264825.0,-2.8814,2.3035,1823.0,178.0,0.0,-1403.0,-1225.0,29187.0,1744.0,1452.0,180.0,338.0,1.0,33.31,1.87,3.49
2010/12/16,57.0,59.4,56.6,59.0,3311.0,193001.0,2.9668,1.6349,1435.0,67.0,0.0,334.0,401.0,29133.0,896.0,908.0,13.0,470.0,145.0,34.3,1.93,3.39
2010/12/17,59.5,59.6,58.2,58.7,2120.0,124944.0,-0.5085,1.0468,920.0,135.0,-4.0,37.0,168.0,29010.0,1054.0,1164.0,21.0,451.0,2.0,34.13,1.92,3.41
2010/12/20,58.9,59.0,57.4,58.1,1435.0,83429.0,-1.0221,0.7086,596.0,14.0,0.0,-227.0,-213.0,29123.0,523.0,408.0,40.0,417.0,8.0,33.78,1.9,3.44
2010/12/21,58.6,62.1,58.4,62.1,11515.0,703618.0,6.8847,5.686,3835.0,-27.0,-45.0,1090.0,1018.0,29354.0,4795.0,4557.0,9.0,686.0,279.0,36.1,2.03,3.22
2010/12/22,62.4,65.2,62.4,64.0,15873.0,1016143.0,3.0596,7.8379,5976.0,-225.0,1090.0,168.0,1033.0,28785.0,4795.0,5362.0,87.0,774.0,175.0,37.21,2.09,3.13
2010/12/23,64.1,64.5,63.2,63.5,4467.0,285163.0,-0.7813,2.2058,1946.0,5.0,20.0,286.0,311.0,29486.0,2118.0,1415.0,102.0,701.0,29.0,36.92,2.07,3.15
2010/12/24,63.5,65.5,63.3,63.6,9491.0,613130.0,0.1575,4.6866,4003.0,25.0,287.0,219.0,531.0,28559.0,2378.0,3300.0,40.0,866.0,205.0,36.98,2.08,3.14
2010/12/27,64.4,65.9,63.9,64.5,10507.0,684098.0,1.4151,5.1883,3680.0,18.0,628.0,-804.0,-158.0,29907.0,4510.0,3134.0,11.0,1142.0,287.0,37.5,2.11,3.1
2010/12/28,64.8,65.4,62.6,63.7,6296.0,403409.0,-1.2403,3.1089,2527.0,21.0,-70.0,-56.0,-105.0,30479.0,3227.0,2644.0,284.0,909.0,51.0,37.03,2.08,3.14
2010/12/29,66.0,67.1,63.0,63.0,17532.0,1143367.0,-1.0989,8.6571,7069.0,519.0,70.0,73.0,662.0,30127.0,5933.0,6279.0,143.0,1027.0,261.0,36.63,2.06,3.17
2010/12/30,63.0,63.4,61.2,62.6,4429.0,275371.0,-0.6349,2.187,2080.0,236.0,75.0,208.0,519.0,29619.0,1654.0,2082.0,239.0,807.0,20.0,36.4,2.04,3.19
2010/12/31,63.5,63.5,61.5,61.9,4085.0,254587.0,-1.1182,2.0168,1951.0,-433.0,0.0,462.0,29.0,29703.0,1474.0,1316.0,145.0,698.0,36.0,35.99,2.02,3.23
2011/01/03,62.2,62.6,60.4,60.4,2815.0,172604.0,-2.4233,1.3897,1396.0,77.0,0.0,35.0,112.0,29358.0,871.0,1045.0,60.0,643.0,5.0,35.12,1.97,3.31
2011/01/04,60.8,62.6,60.5,61.6,5210.0,321010.0,1.9868,2.572,2338.0,80.0,570.0,530.0,1180.0,29119.0,1534.0,1772.0,55.0,772.0,184.0,35.81,2.01,3.25
2011/01/05,62.0,62.4,60.9,61.0,2607.0,160512.0,-0.974,1.287,1264.0,-4.0,0.0,-81.0,-85.0,29167.0,1167.0,1113.0,51.0,795.0,74.0,35.47,1.99,3.28
2011/01/06,61.0,61.4,58.5,59.2,5654.0,336163.0,-2.9508,2.7912,2115.0,167.0,-560.0,-266.0,-659.0,28965.0,2353.0,2535.0,178.0,637.0,20.0,34.42,1.93,3.38
2011/01/07,59.5,60.3,58.0,58.5,3442.0,203706.0,-1.1824,1.6992,1767.0,122.0,-700.0,-166.0,-744.0,29205.0,1335.0,1062.0,50.0,677.0,90.0,34.01,1.91,3.42
2011/01/10,58.5,59.1,57.2,57.5,2121.0,122898.0,-1.7094,1.0471,1158.0,29.0,-433.0,55.0,-349.0,29252.0,805.0,741.0,114.0,569.0,6.0,33.43,1.88,3.48
2011/01/11,57.5,59.4,57.5,59.4,2386.0,140517.0,3.3043,1.1779,1403.0,113.0,100.0,-43.0,170.0,28945.0,655.0,941.0,43.0,602.0,76.0,34.53,1.94,3.37
2011/01/12,60.3,60.9,59.5,59.7,3321.0,200080.0,0.5051,1.6395,1625.0,-211.0,-80.0,302.0,11.0,28737.0,1068.0,1275.0,37.0,617.0,52.0,34.71,1.95,3.35
2011/01/13,60.6,60.6,58.5,58.5,3058.0,181681.0,-2.0101,1.5096,1428.0,-148.0,-190.0,170.0,-168.0,29059.0,1482.0,1160.0,23.0,625.0,31.0,34.01,1.91,3.42
2011/01/14,58.6,59.6,57.9,59.5,1998.0,117415.0,1.7094,0.9864,1032.0,47.0,0.0,45.0,92.0,28727.0,495.0,689.0,77.0,621.0,73.0,34.59,1.94,3.36
2011/01/17,59.8,60.5,58.9,59.5,4599.0,275498.0,0.0,2.2704,2061.0,-157.0,-300.0,-36.0,-493.0,29100.0,1743.0,1367.0,84.0,596.0,59.0,34.59,1.94,3.36
2011/01/18,59.5,59.9,58.0,58.3,2857.0,168074.0,-2.0168,1.4104,1423.0,10.0,-650.0,-585.0,-1225.0,29577.0,1150.0,672.0,23.0,574.0,1.0,33.9,1.9,3.43
2011/01/19,58.5,58.9,57.4,57.8,3625.0,209888.0,-0.8576,1.7895,1857.0,58.0,-996.0,-333.0,-1271.0,29966.0,1357.0,962.0,106.0,479.0,11.0,33.6,1.89,3.46
2011/01/20,57.8,59.8,57.8,58.5,7785.0,458338.0,1.2111,3.8432,3376.0,12.0,-1862.0,177.0,-1673.0,31249.0,2776.0,1492.0,20.0,502.0,43.0,34.01,1.91,3.42
2011/01/21,58.4,59.0,58.0,58.1,2408.0,140630.0,-0.6838,1.1888,1280.0,-1.0,-300.0,61.0,-240.0,31466.0,959.0,728.0,42.0,463.0,3.0,33.78,1.9,3.44
2011/01/24,58.6,58.8,57.1,57.3,2171.0,125045.0,-1.3769,1.0718,1172.0,-1.0,0.0,75.0,74.0,31397.0,643.0,708.0,39.0,438.0,14.0,33.31,1.87,3.49
2011/01/25,57.5,58.4,57.1,57.2,2163.0,124629.0,-0.1745,1.0678,1136.0,8.0,0.0,-58.0,-50.0,31579.0,729.0,537.0,47.0,406.0,15.0,33.26,1.87,3.5
2011/01/26,57.5,59.4,57.2,58.9,5255.0,307160.0,2.972,2.5942,2065.0,-28.0,-200.0,242.0,14.0,31805.0,1680.0,1423.0,63.0,359.0,16.0,34.24,1.92,3.4
2011/01/27,59.8,62.5,59.2,61.5,15740.0,960699.0,4.4143,7.7703,7413.0,276.0,0.0,-38.0,238.0,31751.0,4399.0,4408.0,34.0,489.0,164.0,35.76,2.01,3.25
2011/01/28,61.5,61.8,60.3,60.6,4554.0,276850.0,-1.4634,2.2478,2178.0,-30.0,0.0,-19.0,-49.0,31331.0,1695.0,2003.0,72.0,417.0,0.0,35.23,1.98,3.3
2011/02/08,61.4,61.4,57.8,58.6,3692.0,218283.0,-3.3003,1.8224,1826.0,-109.0,-200.0,134.0,-175.0,31102.0,1410.0,1601.0,13.0,404.0,0.0,34.07,1.91,3.41
2011/02/09,58.0,58.7,57.6,57.6,2324.0,134814.0,-1.7065,1.1471,1200.0,43.0,-400.0,-53.0,-410.0,31350.0,882.0,624.0,26.0,378.0,0.0,33.49,1.88,3.47
2011/02/10,57.7,58.5,57.1,57.1,3065.0,177050.0,-0.8681,1.5129,1461.0,-50.0,-547.0,-21.0,-618.0,31705.0,1012.0,645.0,40.0,413.0,75.0,33.2,1.86,3.5
2011/02/11,57.1,57.6,54.0,54.5,3314.0,185028.0,-4.5534,1.6358,1819.0,21.0,0.0,-239.0,-218.0,31402.0,1078.0,1376.0,100.0,322.0,9.0,31.69,1.78,3.67
2011/02/14,54.5,55.4,54.5,54.7,1444.0,79442.0,0.367,0.7128,816.0,-41.0,0.0,-1.0,-42.0,31132.0,343.0,584.0,16.0,363.0,57.0,31.8,1.79,3.66
2011/02/15,55.0,56.0,54.4,55.5,1583.0,87666.0,1.4625,0.7814,900.0,-52.0,0.0,60.0,8.0,31093.0,503.0,513.0,14.0,369.0,21.0,32.27,1.81,3.6
2011/02/16,55.9,55.9,54.6,54.9,1738.0,95649.0,-1.0811,0.8579,890.0,29.0,-420.0,-108.0,-499.0,31054.0,510.0,481.0,4.0,367.0,2.0,31.92,1.79,3.64
2011/02/17,55.5,56.5,54.9,55.0,3091.0,172335.0,0.1821,1.5257,1665.0,-29.0,0.0,-225.0,-254.0,31244.0,982.0,787.0,5.0,476.0,114.0,31.98,1.8,3.64
2011/02/18,55.6,55.8,55.1,55.1,1050.0,58218.0,0.1818,0.5183,661.0,13.0,0.0,0.0,13.0,31058.0,291.0,449.0,80.0,416.0,21.0,32.03,1.8,3.63
2011/02/21,54.7,55.0,51.3,53.0,6342.0,330719.0,-3.8113,3.1304,3313.0,3.0,80.0,-938.0,-855.0,30508.0,1347.0,1887.0,88.0,328.0,0.0,30.81,1.73,3.77
2011/02/22,52.0,52.0,49.9,50.8,3441.0,174864.0,-4.1509,1.6985,1768.0,-289.0,-288.0,-15.0,-592.0,30141.0,942.0,1285.0,70.0,258.0,0.0,29.53,1.66,3.94
2011/02/23,50.1,52.0,50.1,50.7,2098.0,107222.0,-0.1969,1.0356,1163.0,-10.0,-147.0,-128.0,-285.0,30078.0,585.0,633.0,44.0,255.0,41.0,29.48,1.66,3.94
2011/02/24,50.9,51.8,50.5,50.7,1572.0,80284.0,0.0,0.7759,914.0,-32.0,-150.0,54.0,-128.0,30137.0,419.0,353.0,42.0,474.0,261.0,29.48,1.66,3.94
2011/02/25,51.6,52.4,50.7,52.3,2342.0,121116.0,3.1558,1.1559,1240.0,-69.0,0.0,-46.0,-115.0,30259.0,765.0,628.0,257.0,282.0,65.0,30.41,1.71,2.87
2011/03/01,52.3,53.6,51.8,53.6,3572.0,188901.0,2.4857,1.7629,1747.0,-103.0,0.0,26.0,-77.0,30300.0,1022.0,959.0,46.0,270.0,34.0,31.16,1.75,2.8
2011/03/02,52.5,54.0,52.5,52.8,1888.0,100569.0,-1.4925,0.9318,1115.0,-144.0,0.0,9.0,-135.0,30415.0,794.0,679.0,21.0,260.0,12.0,30.7,1.72,2.84
2011/03/03,53.0,53.5,52.4,52.6,1292.0,68179.0,-0.3788,0.6377,791.0,0.0,0.0,-7.0,-7.0,30359.0,479.0,528.0,30.0,245.0,15.0,30.58,1.72,2.85
2011/03/04,52.7,53.5,52.0,52.0,1183.0,62284.0,-1.1407,0.5839,715.0,5.0,0.0,-75.0,-70.0,30217.0,417.0,548.0,50.0,202.0,7.0,30.23,1.7,2.88
2011/03/07,51.8,52.2,50.0,50.3,2234.0,113334.0,-3.2692,1.1026,1209.0,27.0,0.0,-107.0,-80.0,29995.0,576.0,794.0,47.0,155.0,0.0,29.24,1.64,2.98
2011/03/08,50.3,51.2,50.2,50.4,2249.0,113757.0,0.1988,1.11,1066.0,112.0,0.0,-66.0,46.0,30444.0,713.0,263.0,13.0,200.0,58.0,29.3,1.65,2.98
2011/03/09,50.8,51.4,50.4,50.8,1868.0,94942.0,0.7937,0.9219,933.0,127.0,5.0,20.0,152.0,30526.0,435.0,332.0,28.0,196.0,24.0,29.53,1.66,2.95
2011/03/10,50.9,51.4,50.3,51.0,1949.0,99377.0,0.3937,0.9619,916.0,35.0,0.0,10.0,45.0,30766.0,603.0,362.0,45.0,165.0,14.0,29.65,1.67,2.94
2011/03/11,50.9,51.9,50.3,51.7,1709.0,87174.0,1.3725,0.8435,880.0,3.0,-64.0,28.0,-33.0,30702.0,445.0,487.0,26.0,172.0,33.0,30.06,1.69,2.9
2011/03/14,51.1,51.5,49.0,50.0,2009.0,100472.0,-3.2882,0.9915,1062.0,-76.0,0.0,-130.0,-206.0,30340.0,512.0,851.0,24.0,148.0,0.0,29.07,1.63,3.0
2011/03/15,49.5,50.4,46.5,47.5,4321.0,204646.0,-5.0,2.1326,1770.0,-93.0,0.0,-212.0,-305.0,28969.0,753.0,2117.0,19.0,121.0,2.0,27.62,1.55,3.16
2011/03/16,47.5,49.5,46.0,49.5,6654.0,320151.0,4.2105,3.284,1994.0,80.0,-658.0,-92.0,-670.0,29055.0,1013.0,891.0,18.0,681.0,578.0,28.78,1.62,3.03
2011/03/17,49.0,52.0,48.5,50.6,12717.0,641103.0,2.2222,6.2764,5584.0,-46.0,4.0,-395.0,-437.0,30671.0,3744.0,2115.0,532.0,284.0,135.0,29.42,1.65,2.96
2011/03/18,50.6,51.4,49.7,50.2,3142.0,158685.0,-0.7905,1.5507,1656.0,-25.0,0.0,-123.0,-148.0,30249.0,958.0,1314.0,41.0,265.0,22.0,29.19,1.64,2.99
2011/03/21,50.0,51.1,50.0,50.0,1674.0,84301.0,-0.3984,0.8262,895.0,-1.0,0.0,-293.0,-294.0,30332.0,584.0,490.0,11.0,306.0,54.0,29.07,1.63,3.0
2011/03/22,50.5,51.5,50.3,50.4,2221.0,113080.0,0.8,1.0962,1319.0,109.0,0.0,33.0,142.0,30147.0,678.0,863.0,7.0,301.0,2.0,29.3,1.65,2.98
2011/03/23,50.9,51.2,50.4,51.0,1823.0,92695.0,1.1905,0.8997,1013.0,2.0,0.0,27.0,29.0,30223.0,670.0,593.0,35.0,278.0,12.0,29.65,1.67,2.94
2011/03/24,51.6,51.7,50.7,50.7,1711.0,87506.0,-0.5882,0.8445,1020.0,-6.0,-200.0,-95.0,-301.0,30376.0,810.0,656.0,42.0,236.0,0.0,29.48,1.66,2.96
2011/03/25,50.9,51.6,49.3,49.3,2953.0,148707.0,-2.7613,1.4574,1535.0,33.0,0.0,-359.0,-326.0,30107.0,1009.0,1278.0,20.0,219.0,3.0,28.66,1.61,3.04
2011/03/28,49.3,49.3,47.65,47.7,2088.0,100863.0,-3.2454,1.0305,1163.0,1.0,-200.0,-212.0,-411.0,29924.0,588.0,759.0,49.0,170.0,0.0,27.73,1.56,3.14
2011/03/29,47.7,49.0,47.6,48.1,1427.0,68730.0,0.8386,0.7043,870.0,62.0,-470.0,-72.0,-480.0,30144.0,473.0,252.0,55.0,177.0,62.0,27.97,1.56,3.12
2011/03/30,48.2,48.3,47.75,47.9,1610.0,77361.0,-0.4158,0.7946,784.0,-6.0,-4.0,-22.0,-32.0,30153.0,531.0,517.0,21.0,167.0,11.0,31.72,1.55,3.13
2011/03/31,48.1,48.45,47.8,48.15,847.0,40777.0,0.5219,0.418,472.0,30.0,-7.0,0.0,23.0,29974.0,225.0,339.0,20.0,149.0,2.0,31.89,1.56,3.12
2011/04/01,48.2,48.5,48.0,48.5,813.0,39264.0,0.7269,0.4013,497.0,57.0,0.0,-23.0,34.0,29971.0,241.0,232.0,36.0,114.0,1.0,32.12,1.57,3.09
2011/04/06,48.75,49.3,48.15,48.25,1027.0,49946.0,-0.5155,0.5069,636.0,30.0,-180.0,-9.0,-159.0,30074.0,468.0,363.0,24.0,86.0,1.0,31.95,1.56,3.11
2011/04/07,48.15,48.9,48.15,48.4,900.0,43734.0,0.3109,0.4442,496.0,48.0,-180.0,15.0,-117.0,30202.0,359.0,229.0,23.0,62.0,0.0,32.27,1.57,3.1
2011/04/08,48.7,48.8,47.7,47.8,1621.0,77966.0,-1.2397,0.8,890.0,46.0,-470.0,-20.0,-444.0,30021.0,453.0,615.0,59.0,0.0,0.0,31.87,1.55,3.14
2011/04/11,47.1,47.5,46.2,46.5,1250.0,58250.0,-2.7197,0.6169,758.0,23.0,0.0,-4.0,19.0,29607.0,0.0,404.0,0.0,0.0,0.0,31.0,1.51,3.23
2011/04/12,46.0,46.4,44.0,45.0,2027.0,91225.0,-3.2258,1.0004,1056.0,21.0,-241.0,-64.0,-284.0,28763.0,0.0,767.0,0.0,0.0,0.0,30.0,1.46,3.33
2011/04/13,45.5,45.75,44.8,45.7,714.0,32381.0,1.5556,0.3524,468.0,56.0,0.0,-49.0,7.0,28593.0,0.0,115.0,0.0,0.0,0.0,30.47,1.48,3.28
2011/04/14,45.85,46.4,45.65,45.9,829.0,38175.0,0.4376,0.4091,570.0,23.0,0.0,-2.0,21.0,28803.0,293.0,78.0,0.0,20.0,20.0,30.6,1.49,3.27
2011/04/15,45.7,46.2,45.0,45.0,1219.0,55464.0,-1.9608,0.6016,749.0,60.0,-400.0,-7.0,-347.0,29072.0,477.0,207.0,1.0,27.0,8.0,30.0,1.46,3.33
2011/04/18,45.0,45.3,43.0,43.0,2041.0,89175.0,-4.4444,1.0073,1114.0,0.0,-50.0,-27.0,-77.0,28644.0,571.0,976.0,5.0,37.0,15.0,28.67,1.39,3.49
2011/04/19,42.0,42.3,41.5,42.3,1280.0,53753.0,-1.6279,0.6317,778.0,180.0,-25.0,-161.0,-6.0,28518.0,417.0,490.0,3.0,34.0,0.0,28.2,1.37,3.55
2011/04/20,42.1,43.8,42.1,43.1,1835.0,79623.0,1.8913,0.9057,991.0,84.0,0.0,-249.0,-165.0,28861.0,736.0,371.0,15.0,89.0,70.0,28.73,1.4,3.48
2011/04/21,43.95,44.75,43.2,43.3,1844.0,80849.0,0.464,0.9101,1043.0,36.0,-500.0,8.0,-456.0,29065.0,649.0,439.0,18.0,110.0,39.0,28.87,1.4,3.46
2011/04/22,43.5,44.95,43.4,44.55,2266.0,100832.0,2.8868,1.1184,1277.0,83.0,0.0,26.0,109.0,28980.0,616.0,700.0,9.0,152.0,51.0,29.7,1.44,3.37
2011/04/25,45.0,45.3,44.0,44.3,763.0,34122.0,-0.5612,0.3766,497.0,-24.0,0.0,-7.0,-31.0,28931.0,200.0,249.0,21.0,135.0,5.0,29.53,1.44,3.39
2011/04/26,44.1,44.9,44.0,44.5,524.0,23320.0,0.4515,0.2586,379.0,2.0,0.0,-1.0,1.0,28874.0,153.0,210.0,7.0,139.0,11.0,29.67,1.44,3.37
2011/04/27,44.8,45.75,44.8,44.8,1496.0,67647.0,0.6742,0.7383,900.0,-49.0,22.0,-2.0,-29.0,28805.0,475.0,540.0,24.0,128.0,13.0,29.87,1.43,3.35
2011/04/28,45.0,45.1,43.7,43.8,1134.0,50199.0,-2.2321,0.5597,656.0,58.0,0.0,-4.0,54.0,28728.0,358.0,412.0,36.0,115.0,23.0,33.69,1.4,3.42
2011/04/29,43.8,43.8,42.0,42.25,1494.0,64015.0,-3.5388,0.7374,784.0,50.0,-550.0,-38.0,-538.0,28876.0,535.0,372.0,36.0,91.0,12.0,32.5,1.35,3.55
2011/05/03,42.25,42.6,40.9,41.2,1315.0,54702.0,-2.4852,0.649,762.0,-22.0,-500.0,-15.0,-537.0,29013.0,479.0,303.0,29.0,66.0,4.0,31.69,1.32,3.64
2011/05/04,41.25,42.3,41.25,42.1,1181.0,49438.0,2.1845,0.5829,683.0,119.0,-294.0,-12.0,-187.0,29177.0,464.0,274.0,16.0,65.0,15.0,32.38,1.34,3.56
2011/05/05,42.1,42.45,41.7,41.9,830.0,34991.0,-0.4751,0.4096,524.0,29.0,0.0,7.0,36.0,29234.0,298.0,236.0,2.0,68.0,5.0,32.23,1.34,3.58
2011/05/06,41.5,43.5,41.5,43.0,1397.0,59885.0,2.6253,0.6895,928.0,55.0,0.0,12.0,67.0,29200.0,431.0,416.0,2.0,90.0,24.0,33.08,1.37,3.49
2011/05/09,42.85,43.6,42.85,43.0,950.0,41098.0,0.0,0.4689,571.0,43.0,0.0,8.0,51.0,29274.0,290.0,197.0,5.0,100.0,15.0,33.08,1.37,3.49
2011/05/10,43.3,43.5,42.55,42.55,694.0,29771.0,-1.0465,0.3425,427.0,76.0,0.0,5.0,81.0,29205.0,204.0,271.0,11.0,95.0,6.0,32.73,1.36,3.53
2011/05/11,42.8,42.9,42.0,42.0,435.0,18444.0,-1.2926,0.2147,333.0,42.0,0.0,-11.0,31.0,29140.0,119.0,182.0,16.0,81.0,2.0,32.31,1.34,3.57
2011/05/12,41.8,42.8,41.8,42.7,720.0,30545.0,1.6667,0.3554,457.0,30.0,1.0,40.0,71.0,29219.0,260.0,181.0,8.0,76.0,3.0,32.85,1.36,3.51
2011/05/13,42.85,45.65,42.85,45.65,3467.0,155857.0,6.9087,1.7111,1586.0,13.0,0.0,53.0,66.0,29482.0,1105.0,838.0,4.0,129.0,57.0,35.12,1.46,3.29
2011/05/16,46.1,48.0,46.05,48.0,10880.0,509778.0,5.1479,5.3698,5326.0,-119.0,0.0,134.0,15.0,29905.0,2784.0,2361.0,15.0,484.0,370.0,36.92,1.53,3.13
2011/05/17,48.05,48.35,46.6,46.8,3915.0,185572.0,-2.5,1.9322,2105.0,70.0,0.0,-73.0,-3.0,30140.0,1639.0,1401.0,214.0,271.0,1.0,36.0,1.49,3.21
2011/05/18,47.0,47.7,46.6,47.6,2921.0,137870.0,1.7094,1.4416,1616.0,97.0,0.0,-21.0,76.0,30145.0,1057.0,951.0,17.0,291.0,38.0,36.62,1.52,3.15
2011/05/19,47.8,47.9,46.2,46.2,2120.0,99678.0,-2.9412,1.0463,1199.0,159.0,0.0,-20.0,139.0,29919.0,789.0,976.0,58.0,233.0,0.0,35.54,1.48,3.25
2011/05/20,46.2,46.5,44.95,45.0,2067.0,94264.0,-2.5974,1.0202,1111.0,163.0,0.0,17.0,180.0,29666.0,715.0,952.0,85.0,146.0,3.0,34.62,1.44,3.33
2011/05/23,44.3,45.95,44.3,45.9,1378.0,62489.0,2.0,0.6801,835.0,-11.0,0.0,-5.0,-16.0,29639.0,429.0,454.0,6.0,164.0,24.0,35.31,1.47,3.27
2011/05/24,46.3,46.55,45.5,45.85,1143.0,52562.0,-0.1089,0.5641,756.0,-22.0,0.0,-5.0,-27.0,29720.0,547.0,463.0,4.0,174.0,14.0,35.27,1.46,3.27
2011/05/25,46.0,46.4,45.0,45.0,1054.0,48220.0,-1.8539,0.5202,649.0,14.0,0.0,-1.0,13.0,29685.0,397.0,416.0,31.0,145.0,3.0,34.62,1.44,3.33
2011/05/26,45.95,45.95,45.1,45.8,853.0,38832.0,1.7778,0.421,562.0,11.0,0.0,-9.0,2.0,29615.0,294.0,341.0,8.0,149.0,12.0,35.23,1.46,3.28
2011/05/27,46.9,49.0,46.9,49.0,4540.0,220218.0,6.9869,2.2407,1842.0,17.0,0.0,26.0,43.0,30342.0,1882.0,1147.0,2.0,214.0,67.0,37.69,1.56,3.06
2011/05/30,49.5,50.1,49.0,49.25,10959.0,543942.0,0.5102,5.4088,4823.0,-177.0,0.0,201.0,24.0,30440.0,3144.0,3024.0,43.0,407.0,236.0,37.88,1.57,3.05
2011/05/31,49.6,50.0,49.05,49.4,3737.0,184731.0,0.3046,1.8444,1955.0,50.0,0.0,99.0,149.0,30736.0,1409.0,1106.0,83.0,354.0,30.0,38.0,1.58,3.04
2011/06/01,49.5,50.8,49.2,49.2,4749.0,237503.0,-0.4049,2.3438,2474.0,-5.0,349.0,165.0,509.0,30850.0,1930.0,1796.0,10.0,358.0,14.0,37.85,1.57,3.05
2011/06/02,48.6,49.2,48.3,48.4,1913.0,93099.0,-1.626,0.9442,1108.0,66.0,0.0,-56.0,10.0,30835.0,809.0,811.0,158.0,200.0,0.0,37.23,1.55,3.1
2011/06/03,48.5,50.2,48.5,49.2,3399.0,168598.0,1.6529,1.6776,1983.0,48.0,89.0,161.0,298.0,30566.0,965.0,1118.0,9.0,243.0,52.0,37.85,1.57,3.05
2011/06/07,50.0,50.2,49.35,49.35,1862.0,92545.0,0.3049,0.919,1116.0,-53.0,0.0,22.0,-31.0,30526.0,625.0,661.0,5.0,250.0,12.0,37.96,1.58,3.04
2011/06/08,49.9,49.95,48.5,48.5,1587.0,77623.0,-1.7224,0.7833,964.0,5.0,0.0,-108.0,-103.0,30364.0,570.0,724.0,73.0,177.0,0.0,37.31,1.55,3.09
2011/06/09,49.0,49.15,48.5,48.6,1101.0,53604.0,0.2062,0.5434,699.0,112.0,0.0,9.0,121.0,30398.0,435.0,361.0,0.0,201.0,24.0,37.38,1.55,3.09
2011/06/10,49.0,49.05,46.5,46.6,2214.0,104698.0,-4.1152,1.0927,1338.0,-25.0,0.0,-92.0,-117.0,30351.0,665.0,694.0,28.0,173.0,0.0,35.85,1.49,3.22
2011/06/13,45.9,46.45,44.9,45.05,1804.0,82115.0,-3.3262,0.8904,1023.0,43.0,0.0,-86.0,-43.0,30259.0,508.0,566.0,13.0,160.0,0.0,34.65,1.44,3.33
2011/06/14,45.1,45.75,45.05,45.45,1491.0,67571.0,0.8879,0.7359,809.0,31.0,0.0,-248.0,-217.0,30501.0,472.0,221.0,2.0,185.0,27.0,34.96,1.45,3.3
2011/06/15,45.45,45.75,44.7,45.35,1519.0,68422.0,-0.22,0.7497,887.0,116.0,10.0,0.0,126.0,30375.0,420.0,534.0,9.0,176.0,0.0,34.88,1.45,3.31
2011/06/16,44.9,44.9,44.05,44.05,875.0,38877.0,-2.8666,0.4319,525.0,28.0,0.0,-25.0,3.0,30235.0,251.0,320.0,19.0,157.0,0.0,33.88,1.41,3.41
2011/06/17,44.05,44.5,43.0,43.0,1213.0,53039.0,-2.3837,0.5987,593.0,-21.0,0.0,-13.0,-34.0,29986.0,189.0,333.0,35.0,130.0,8.0,33.08,1.37,3.49
2011/06/20,43.2,43.6,40.4,40.4,2177.0,90552.0,-6.0465,1.0744,1242.0,-27.0,0.0,-86.0,-113.0,29040.0,473.0,1390.0,48.0,83.0,1.0,31.08,1.29,3.71
2011/06/21,41.4,41.5,39.8,40.95,3196.0,129356.0,1.3614,1.5774,1746.0,-27.0,1.0,5.0,-21.0,29371.0,962.0,596.0,20.0,135.0,72.0,31.5,1.31,3.66
2011/06/22,41.55,41.95,40.9,41.5,2200.0,91059.0,1.3431,1.0858,1401.0,12.0,0.0,15.0,27.0,29613.0,745.0,464.0,47.0,142.0,54.0,31.92,1.33,3.61
2011/06/23,41.0,41.6,40.85,40.85,1301.0,53424.0,-1.5663,0.6421,662.0,76.0,0.0,8.0,84.0,29648.0,442.0,390.0,6.0,136.0,0.0,31.42,1.3,3.67
2011/06/24,41.0,41.5,40.6,40.9,1134.0,46396.0,0.1224,0.5597,797.0,62.0,0.0,-6.0,56.0,29646.0,314.0,248.0,20.0,123.0,7.0,31.46,1.31,3.67
2011/06/27,40.6,40.85,40.2,40.55,824.0,33397.0,-0.8557,0.4067,565.0,42.0,0.0,4.0,46.0,29730.0,280.0,180.0,6.0,117.0,0.0,31.19,1.3,3.7
2011/06/28,40.6,41.55,40.6,41.3,1259.0,51929.0,1.8496,0.6214,752.0,120.0,0.0,-4.0,116.0,29630.0,473.0,472.0,17.0,107.0,7.0,31.77,1.32,3.63
2011/06/29,41.8,43.0,41.25,42.35,2817.0,118761.0,2.5424,1.3903,1454.0,7.0,3.0,34.0,44.0,29200.0,839.0,1253.0,30.0,87.0,10.0,32.58,1.35,3.54
2011/06/30,42.5,42.5,42.0,42.05,1154.0,48740.0,-0.7084,0.5696,644.0,24.0,0.0,0.0,24.0,29179.0,384.0,398.0,18.0,72.0,3.0,32.35,1.34,3.57
2011/07/01,42.9,43.3,42.15,42.3,2088.0,89064.0,0.5945,1.0305,1129.0,38.0,0.0,20.0,58.0,28920.0,523.0,741.0,6.0,66.0,0.0,32.54,1.35,3.55
2011/07/04,42.5,42.9,41.0,41.0,1796.0,74760.0,-3.0733,0.8864,955.0,-4.0,-438.0,-38.0,-480.0,28756.0,619.0,698.0,12.0,53.0,0.0,31.54,1.31,3.66
2011/07/05,41.15,41.4,40.75,40.8,970.0,39862.0,-0.4878,0.4787,552.0,16.0,0.0,-14.0,2.0,28494.0,287.0,512.0,46.0,7.0,0.0,31.38,1.3,3.68
2011/07/06,41.3,42.3,41.0,41.6,1563.0,65261.0,1.9608,0.7714,814.0,62.0,0.0,40.0,102.0,28571.0,593.0,490.0,7.0,0.0,0.0,32.0,1.33,3.61
2011/07/07,41.65,42.1,41.0,41.15,1090.0,45156.0,-1.0817,0.538,627.0,-26.0,0.0,-21.0,-47.0,28169.0,0.0,312.0,0.0,0.0,0.0,31.65,1.31,3.65
2011/07/08,41.2,41.5,40.25,40.3,1467.0,59913.0,-2.0656,0.724,795.0,21.0,0.0,-28.0,-7.0,27912.0,0.0,251.0,0.0,0.0,0.0,31.0,1.29,3.72
2011/07/11,40.3,40.3,38.7,39.0,2827.0,111115.0,-3.2258,1.3953,1288.0,-50.0,0.0,219.0,169.0,26640.0,0.0,1191.0,0.0,0.0,0.0,30.0,1.25,3.85
2011/07/12,37.5,38.0,34.9,35.1,3421.0,125134.0,-6.1538,1.6884,1533.0,21.0,0.0,-303.0,-282.0,25714.0,816.0,1699.0,0.0,66.0,66.0,27.0,1.12,4.27
2011/07/13,35.1,36.2,35.1,35.3,1694.0,60188.0,0.5698,0.8361,1037.0,157.0,0.0,0.0,157.0,25456.0,436.0,576.0,4.0,302.0,240.0,27.15,1.13,4.25
2011/07/14,36.0,36.6,35.0,36.55,1779.0,63900.0,3.5411,0.878,1057.0,-76.0,11.0,0.0,-65.0,25492.0,588.0,493.0,22.0,460.0,180.0,28.12,1.17,4.1
2011/07/15,36.55,38.8,36.55,38.0,2563.0,96792.0,3.9672,1.265,1424.0,-7.0,1.0,67.0,61.0,25711.0,789.0,531.0,62.0,461.0,63.0,29.23,1.21,3.95
2011/07/18,38.0,38.0,36.5,36.6,1139.0,42289.0,-3.6842,0.5621,651.0,-14.0,0.0,-8.0,-22.0,25487.0,271.0,474.0,47.0,418.0,4.0,28.15,1.17,4.1
2011/07/19,36.6,37.6,36.6,37.2,1017.0,37751.0,1.6393,0.5019,549.0,19.0,0.0,3.0,22.0,25614.0,382.0,240.0,12.0,540.0,134.0,28.62,1.19,4.03
2011/07/20,38.2,38.45,37.6,38.0,1420.0,54192.0,2.1505,0.7008,829.0,28.0,0.0,-1.0,27.0,25565.0,594.0,457.0,8.0,561.0,34.0,29.23,1.21,3.95
2011/07/21,38.2,38.2,37.45,37.5,819.0,30875.0,-1.3158,0.4042,499.0,61.0,1.0,0.0,62.0,25543.0,228.0,242.0,29.0,532.0,0.0,28.85,1.2,4.0
2011/07/22,38.0,39.05,38.0,38.15,1938.0,74721.0,1.7333,0.9565,1127.0,34.0,-1.0,0.0,33.0,25600.0,574.0,501.0,25.0,707.0,200.0,29.35,1.22,3.93
2011/07/25,38.15,38.15,37.3,37.5,723.0,27232.0,-1.7038,0.3568,444.0,77.0,0.0,-1.0,76.0,25426.0,207.0,345.0,41.0,666.0,0.0,28.85,1.2,4.0
2011/07/26,37.95,40.1,37.55,39.8,5989.0,236781.0,6.1333,2.9558,2486.0,52.0,0.0,24.0,76.0,25987.0,1705.0,1124.0,113.0,602.0,49.0,30.62,1.27,3.77
2011/07/27,39.8,40.8,39.7,40.45,4367.0,176198.0,1.6332,2.1553,2101.0,11.0,-1.0,62.0,72.0,25946.0,1566.0,1598.0,40.0,662.0,100.0,31.12,1.29,3.71
2011/07/28,40.0,40.25,39.2,39.85,1617.0,64536.0,-1.4833,0.7981,814.0,89.0,0.0,-25.0,64.0,25976.0,622.0,588.0,23.0,639.0,0.0,30.65,1.27,3.76
2011/07/29,39.75,40.35,38.8,38.95,1445.0,56907.0,-2.2585,0.7132,750.0,60.0,0.0,0.0,60.0,25867.0,601.0,674.0,30.0,617.0,8.0,29.96,1.24,3.85
2011/08/01,39.4,39.4,36.8,37.1,2523.0,94628.0,-4.7497,1.2452,1353.0,139.0,0.0,-39.0,100.0,25478.0,821.0,1206.0,39.0,579.0,1.0,28.54,1.18,4.04
2011/08/02,37.0,38.15,36.9,37.95,1113.0,41915.0,2.2911,0.5493,700.0,58.0,0.0,-7.0,51.0,25435.0,310.0,348.0,70.0,535.0,26.0,29.19,1.21,3.95
2011/08/03,37.2,37.8,36.6,37.8,929.0,34573.0,-0.3953,0.4585,477.0,32.0,1.0,0.0,33.0,25335.0,307.0,393.0,188.0,347.0,0.0,29.08,1.21,3.97
2011/08/04,37.5,40.3,37.5,39.15,5402.0,212713.0,3.5714,2.6661,2697.0,135.0,2.0,-7.0,130.0,26035.0,1770.0,1024.0,36.0,666.0,355.0,30.12,1.25,3.83
2011/08/05,36.45,37.8,36.45,36.6,3567.0,131752.0,-6.5134,1.7605,1740.0,-102.0,1.0,-52.0,-153.0,25296.0,1088.0,1805.0,377.0,289.0,0.0,28.15,1.17,4.1
2011/08/08,36.6,38.5,36.0,37.05,4614.0,171621.0,1.2295,2.2772,2569.0,-42.0,1.0,-27.0,-68.0,25317.0,1557.0,1486.0,87.0,588.0,391.0,28.5,1.18,4.05
2011/08/09,34.7,39.6,34.7,39.6,7607.0,286111.0,6.8826,3.7544,3619.0,28.0,0.0,6.0,34.0,24954.0,1912.0,2231.0,279.0,493.0,184.0,30.46,1.26,3.79
2011/08/10,40.9,41.45,40.15,40.35,9332.0,381807.0,1.8939,4.6058,4203.0,-111.0,3.0,55.0,-53.0,25870.0,3140.0,2196.0,88.0,701.0,297.0,31.04,1.29,3.72
2011/08/11,39.05,41.4,39.0,41.0,5952.0,240327.0,1.6109,2.9376,3045.0,122.0,2.0,18.0,142.0,26221.0,1996.0,1639.0,151.0,655.0,105.0,31.54,1.31,3.66
2011/08/12,42.0,42.2,40.25,40.25,3870.0,158742.0,-1.8293,1.91,2068.0,-191.0,0.0,0.0,-191.0,26426.0,1787.0,1581.0,106.0,593.0,44.0,30.96,1.29,3.73
2011/08/15,41.0,42.15,40.75,41.6,5376.0,224012.0,3.354,2.6533,2680.0,-29.0,0.0,10.0,-19.0,26917.0,2104.0,1612.0,16.0,645.0,68.0,32.0,1.33,3.61
2011/08/16,41.85,41.9,40.3,40.9,3176.0,129735.0,-1.6827,1.5675,1725.0,94.0,-2.0,0.0,92.0,26720.0,1191.0,1384.0,84.0,564.0,3.0,31.46,1.31,3.67
2011/08/17,41.0,41.6,40.5,40.6,2482.0,101789.0,-0.7335,1.225,1444.0,21.0,49.0,-1.0,69.0,26766.0,976.0,925.0,20.0,641.0,97.0,31.23,1.3,3.69
2011/08/18,40.2,41.7,39.9,40.7,5779.0,237476.0,0.2463,2.8522,2984.0,-122.0,0.0,4.0,-118.0,27274.0,2010.0,1502.0,78.0,688.0,125.0,31.31,1.3,3.69
2011/08/19,39.6,40.25,37.9,37.9,3237.0,125576.0,-6.8796,1.5976,1657.0,-114.0,-32.0,-44.0,-190.0,26621.0,976.0,1615.0,140.0,548.0,0.0,29.15,1.21,3.96
2011/08/22,37.0,38.95,37.0,37.8,4776.0,181709.0,-0.2639,2.3572,2532.0,88.0,0.0,-32.0,56.0,26477.0,1312.0,1404.0,88.0,579.0,119.0,29.08,1.21,3.97
2011/08/23,38.8,39.1,38.2,39.0,2317.0,89671.0,3.1746,1.1435,1295.0,95.0,0.0,-2.0,93.0,26585.0,905.0,783.0,72.0,577.0,70.0,30.0,1.3,3.85
2011/08/24,38.85,40.75,38.3,39.5,6536.0,260494.0,1.2821,3.2258,3233.0,65.0,0.0,140.0,205.0,26705.0,1767.0,1639.0,39.0,666.0,128.0,37.26,1.31,3.8
2011/08/25,40.2,40.7,38.5,38.5,3290.0,130862.0,-2.5316,1.6238,1751.0,-83.0,0.0,0.0,-83.0,26660.0,1119.0,1159.0,87.0,640.0,61.0,36.32,1.28,3.9
2011/08/26,39.0,39.55,38.1,38.5,1989.0,77040.0,0.0,0.9817,1155.0,39.0,1.0,0.0,40.0,26517.0,643.0,784.0,65.0,618.0,43.0,36.32,1.28,3.9
2011/08/29,38.6,40.5,38.6,40.0,4025.0,160642.0,3.8961,1.9865,1972.0,85.0,0.0,0.0,85.0,26843.0,1289.0,963.0,46.0,663.0,91.0,37.74,1.33,3.75
2011/08/30,40.6,41.4,39.75,39.8,5209.0,211120.0,-0.5,2.5709,2708.0,-117.0,0.0,-130.0,-247.0,27037.0,1891.0,1692.0,47.0,664.0,48.0,37.55,1.32,3.77
2011/08/31,39.75,40.65,39.65,39.8,2817.0,112782.0,0.0,1.3898,1516.0,31.0,0.0,10.0,41.0,27329.0,1214.0,917.0,83.0,633.0,52.0,37.55,1.32,3.77
2011/09/01,40.2,40.8,38.5,38.65,3727.0,147598.0,-2.8894,1.8387,1941.0,-17.0,0.0,0.0,-17.0,27087.0,1185.0,1425.0,103.0,561.0,31.0,36.46,1.28,3.88
2011/09/02,38.6,39.2,38.25,38.65,2108.0,81811.0,0.0,1.04,1205.0,61.0,0.0,-5.0,56.0,27104.0,537.0,500.0,85.0,635.0,160.0,36.46,1.28,3.88
2011/09/05,37.1,37.2,36.5,36.6,2471.0,91081.0,-5.304,1.2191,1257.0,24.0,-1.0,-40.0,-17.0,27070.0,724.0,755.0,203.0,432.0,0.0,34.53,1.22,4.1
2011/09/06,36.1,37.25,36.1,36.3,1636.0,59922.0,-0.8197,0.8071,961.0,15.0,0.0,-30.0,-15.0,26941.0,487.0,614.0,38.0,504.0,110.0,34.25,1.21,4.13
2011/09/07,37.15,37.2,36.7,36.8,1065.0,39363.0,1.3774,0.5254,651.0,-38.0,0.0,0.0,-38.0,26979.0,306.0,261.0,41.0,490.0,28.0,34.72,1.22,4.08
2011/09/08,37.2,37.3,35.4,35.7,1909.0,69350.0,-2.9891,0.9418,1136.0,-95.0,0.0,0.0,-95.0,26820.0,526.0,674.0,47.0,510.0,67.0,33.68,1.19,4.2
2011/09/09,35.7,36.35,35.7,36.2,1423.0,51262.0,1.4006,0.702,803.0,29.0,0.0,0.0,29.0,26844.0,393.0,368.0,34.0,540.0,64.0,34.15,1.2,4.14
2011/09/13,35.7,36.0,35.0,35.0,962.0,34115.0,-3.3149,0.4746,579.0,-14.0,0.0,-20.0,-34.0,26780.0,322.0,383.0,71.0,469.0,0.0,33.02,1.16,4.29
2011/09/14,35.5,35.75,32.55,32.55,3338.0,111245.0,-7.0,1.6468,1609.0,-130.0,7.0,-40.0,-163.0,25942.0,937.0,1648.0,95.0,387.0,13.0,30.71,1.08,4.61
2011/09/15,32.7,34.0,32.7,33.15,2734.0,91102.0,1.8433,1.3488,1405.0,159.0,-39.0,0.0,120.0,26335.0,925.0,511.0,166.0,356.0,135.0,31.27,1.1,4.52
2011/09/16,33.65,35.45,33.65,35.45,3658.0,127279.0,6.9382,1.8047,1620.0,62.0,0.0,0.0,62.0,26329.0,852.0,838.0,36.0,388.0,69.0,33.44,1.18,4.23
2011/09/19,35.3,35.35,34.3,34.5,1826.0,63529.0,-2.6798,0.9009,997.0,44.0,0.0,0.0,44.0,26294.0,687.0,720.0,90.0,298.0,0.0,32.55,1.15,4.35
2011/09/20,34.9,35.95,34.6,35.85,2555.0,90518.0,3.913,1.2605,1472.0,-24.0,0.0,0.0,-24.0,26476.0,922.0,736.0,70.0,261.0,33.0,33.82,1.19,4.18
2011/09/21,35.85,36.2,35.2,35.4,2429.0,86905.0,-1.2552,1.1984,1245.0,42.0,0.0,0.0,42.0,26887.0,998.0,584.0,21.0,245.0,5.0,33.4,1.18,4.24
2011/09/22,34.6,35.05,34.2,34.5,1567.0,54126.0,-2.5424,0.7731,882.0,-99.0,0.0,0.0,-99.0,26827.0,545.0,579.0,19.0,226.0,0.0,32.55,1.15,4.35
2011/09/23,33.5,33.8,32.3,32.8,1647.0,54241.0,-4.9275,0.8126,855.0,-108.0,0.0,-16.0,-124.0,26782.0,547.0,591.0,34.0,191.0,0.0,30.94,1.09,4.57
2011/09/26,32.6,34.1,32.0,32.15,2269.0,75279.0,-1.9817,1.1194,1309.0,52.0,0.0,0.0,52.0,26613.0,753.0,921.0,16.0,214.0,39.0,30.33,1.07,4.67
2011/09/27,33.1,33.8,32.7,33.4,1852.0,61702.0,3.888,0.9137,977.0,-55.0,0.0,0.0,-55.0,26716.0,654.0,547.0,23.0,209.0,18.0,31.51,1.11,4.49
2011/09/28,33.5,33.65,32.8,32.9,1071.0,35574.0,-1.497,0.5284,610.0,-76.0,0.0,0.0,-76.0,26789.0,452.0,340.0,15.0,198.0,4.0,31.04,1.09,4.56
2011/09/29,32.9,33.6,32.5,33.15,760.0,25289.0,0.7599,0.3749,482.0,-6.0,0.0,0.0,-6.0,26769.0,236.0,250.0,14.0,192.0,8.0,31.27,1.1,4.52
2011/09/30,33.3,33.5,32.7,33.25,943.0,31160.0,0.3017,0.4652,544.0,-52.0,0.0,-1.0,-53.0,26844.0,337.0,254.0,28.0,175.0,11.0,31.37,1.1,4.51
2011/10/03,32.8,33.0,32.3,32.3,692.0,22569.0,-2.8571,0.3414,407.0,-40.0,0.0,-8.0,-48.0,26601.0,173.0,292.0,28.0,147.0,0.0,30.47,1.07,4.64
2011/10/04,31.9,32.9,31.8,32.65,667.0,21672.0,1.0836,0.3291,423.0,-20.0,1.0,0.0,-19.0,26507.0,176.0,217.0,23.0,138.0,14.0,30.8,1.08,4.59
2011/10/05,32.65,32.9,32.3,32.5,681.0,22149.0,-0.4594,0.336,294.0,7.0,0.0,0.0,7.0,26305.0,150.0,345.0,5.0,137.0,4.0,30.66,1.08,4.62
2011/10/06,33.0,33.3,32.7,33.0,1328.0,43778.0,1.5385,0.6552,744.0,8.0,0.0,0.0,8.0,26547.0,527.0,281.0,13.0,131.0,7.0,31.13,1.1,4.55
2011/10/07,33.3,33.6,32.6,32.6,829.0,27375.0,-1.2121,0.409,476.0,59.0,0.0,0.0,59.0,26572.0,309.0,284.0,26.0,105.0,0.0,30.75,1.08,4.6
2011/10/11,33.15,33.8,33.0,33.1,1368.0,45689.0,1.5337,0.6749,673.0,79.0,0.0,0.0,79.0,26630.0,485.0,419.0,1.0,115.0,11.0,31.23,1.1,4.53
2011/10/12,33.15,34.1,33.0,33.65,1466.0,49426.0,1.6616,0.7233,835.0,147.0,0.0,0.0,147.0,26523.0,446.0,553.0,8.0,115.0,8.0,31.75,1.12,4.46
2011/10/13,34.0,34.8,33.7,33.7,1728.0,59204.0,0.1486,0.8525,943.0,46.0,0.0,0.0,46.0,26551.0,694.0,664.0,8.0,114.0,7.0,31.79,1.12,4.45
2011/10/14,33.7,34.25,33.6,33.7,949.0,32155.0,0.0,0.4682,497.0,-28.0,-5.0,0.0,-33.0,26562.0,340.0,324.0,14.0,99.0,0.0,31.79,1.12,4.45
2011/10/17,34.2,34.3,33.7,33.85,879.0,29922.0,0.4451,0.4337,462.0,61.0,0.0,0.0,61.0,26610.0,314.0,260.0,0.0,127.0,28.0,31.93,1.12,4.43
2011/10/18,33.8,34.2,33.3,33.5,615.0,20722.0,-1.034,0.3034,389.0,-7.0,0.0,0.0,-7.0,26751.0,281.0,135.0,2.0,125.0,0.0,31.6,1.11,4.48
2011/10/19,33.8,34.8,33.8,34.8,2227.0,76435.0,3.8806,1.0987,1103.0,59.0,0.0,0.0,59.0,26405.0,364.0,707.0,0.0,284.0,159.0,32.83,1.16,4.31
2011/10/20,35.1,35.5,34.3,34.3,4740.0,166350.0,-1.4368,2.3385,1969.0,-216.0,0.0,0.0,-216.0,27219.0,1839.0,1021.0,141.0,269.0,127.0,32.36,1.14,4.37
2011/10/21,34.3,34.45,33.6,33.6,1172.0,39704.0,-2.0408,0.5782,609.0,26.0,0.0,0.0,26.0,27046.0,474.0,647.0,76.0,193.0,0.0,31.7,1.12,4.46
2011/10/24,34.2,34.5,33.95,34.05,1365.0,46611.0,1.3393,0.6734,697.0,118.0,0.0,1.0,119.0,27101.0,387.0,332.0,55.0,144.0,6.0,32.12,1.13,4.41
2011/10/25,34.2,34.3,33.65,33.75,1159.0,39326.0,-0.8811,0.5718,599.0,59.0,0.0,0.0,59.0,27274.0,458.0,285.0,15.0,132.0,3.0,31.84,1.12,4.44
2011/10/26,33.4,34.1,33.4,33.7,584.0,19789.0,-0.1481,0.2881,364.0,70.0,0.0,0.0,70.0,27200.0,158.0,205.0,2.0,136.0,6.0,31.79,1.11,4.45
2011/10/27,33.8,34.1,33.3,33.3,1037.0,34899.0,-1.1869,0.5116,557.0,50.0,0.0,0.0,50.0,27234.0,330.0,286.0,10.0,183.0,57.0,37.0,1.1,4.5
2011/10/28,33.8,33.8,32.8,32.8,1612.0,53747.0,-1.5015,0.7953,802.0,-42.0,0.0,0.0,-42.0,27290.0,533.0,477.0,9.0,222.0,48.0,36.44,1.09,4.57
2011/10/31,32.8,32.85,31.1,31.1,1716.0,54798.0,-5.1829,0.8466,867.0,78.0,0.0,0.0,78.0,26985.0,464.0,768.0,49.0,175.0,2.0,34.56,1.03,4.82
2011/11/01,31.1,31.75,30.8,31.3,1075.0,33677.0,0.6431,0.5304,611.0,149.0,0.0,0.0,149.0,27084.0,275.0,145.0,42.0,226.0,93.0,34.78,1.04,4.79
2011/11/02,31.0,31.95,30.8,31.8,1070.0,33706.0,1.5974,0.5279,630.0,-24.0,0.0,0.0,-24.0,27329.0,399.0,124.0,83.0,305.0,162.0,35.33,1.05,4.72
2011/11/03,31.65,31.85,30.85,30.9,1020.0,31935.0,-2.8302,0.5032,556.0,22.0,0.0,0.0,22.0,27257.0,368.0,436.0,22.0,293.0,10.0,34.33,1.02,4.85
2011/11/04,31.4,31.7,31.3,31.35,784.0,24709.0,1.4563,0.3868,444.0,93.0,0.0,-10.0,83.0,27284.0,201.0,172.0,1.0,311.0,19.0,34.83,1.04,4.78
2011/11/07,31.4,31.7,31.2,31.7,612.0,19291.0,1.1164,0.3019,333.0,33.0,0.0,0.0,33.0,27368.0,216.0,131.0,7.0,330.0,26.0,35.22,1.05,4.73
2011/11/08,31.7,32.75,31.7,32.05,1302.0,42053.0,1.1041,0.6423,700.0,25.0,0.0,0.0,25.0,27466.0,453.0,353.0,31.0,362.0,63.0,35.61,1.06,4.68
2011/11/09,32.4,32.45,31.85,31.85,732.0,23506.0,-0.624,0.3611,377.0,14.0,0.0,0.0,14.0,27296.0,174.0,324.0,6.0,360.0,4.0,35.39,1.05,4.71
2011/11/10,31.0,31.4,29.65,29.85,1600.0,48205.0,-6.2794,0.7894,762.0,-41.0,0.0,-15.0,-56.0,26770.0,394.0,915.0,26.0,334.0,0.0,33.17,0.99,5.03
2011/11/11,29.5,29.85,28.1,28.6,1938.0,56126.0,-4.1876,0.9561,1004.0,0.0,0.0,-16.0,-16.0,26532.0,619.0,819.0,24.0,313.0,3.0,31.78,0.95,5.24
2011/11/14,29.15,29.6,29.0,29.6,840.0,24660.0,3.4965,0.4144,512.0,97.0,0.0,0.0,97.0,26567.0,326.0,283.0,1.0,324.0,19.0,32.89,0.98,5.07
2011/11/15,29.75,30.3,29.3,29.3,1210.0,36090.0,-1.0135,0.597,610.0,20.0,-51.0,0.0,-31.0,26630.0,392.0,311.0,19.0,317.0,12.0,32.56,0.97,5.12
2011/11/16,29.7,30.4,29.7,29.7,1585.0,47530.0,1.3652,0.782,783.0,-17.0,0.0,0.0,-17.0,26708.0,624.0,546.0,0.0,372.0,55.0,33.0,0.98,5.05
2011/11/17,29.6,29.95,29.4,29.5,788.0,23376.0,-0.6734,0.3888,439.0,13.0,0.0,0.0,13.0,26723.0,273.0,256.0,42.0,381.0,54.0,32.78,0.98,5.08
2011/11/18,29.0,29.65,28.8,28.8,630.0,18357.0,-2.3729,0.3108,361.0,88.0,0.0,-2.0,86.0,26666.0,171.0,217.0,25.0,356.0,0.0,32.0,0.95,5.21
2011/11/21,28.65,29.0,26.8,26.8,1737.0,47296.0,-6.9444,0.857,697.0,-27.0,0.0,0.0,-27.0,26083.0,645.0,1201.0,2.0,354.0,0.0,29.78,0.89,5.6
2011/11/22,25.1,26.3,24.95,24.95,2783.0,69920.0,-6.903,1.373,1147.0,182.0,0.0,1.0,183.0,24895.0,993.0,2045.0,61.0,293.0,0.0,27.72,0.83,6.01
2011/11/23,23.8,24.95,23.25,23.25,2130.0,50911.0,-6.8136,1.0508,913.0,177.0,-22.0,-1.0,154.0,24252.0,673.0,1248.0,13.0,284.0,4.0,25.83,0.77,6.45
2011/11/24,22.25,23.5,22.0,23.35,2014.0,45938.0,0.4301,0.9936,903.0,271.0,0.0,0.0,271.0,23857.0,455.0,722.0,6.0,311.0,33.0,25.94,0.77,6.42
2011/11/25,23.8,24.1,22.7,22.7,965.0,22510.0,-2.7837,0.4761,536.0,-3.0,0.0,0.0,-3.0,23673.0,320.0,421.0,15.0,312.0,16.0,25.22,0.75,6.61
2011/11/28,23.1,23.9,23.1,23.5,787.0,18513.0,3.5242,0.3883,428.0,128.0,0.0,0.0,128.0,23508.0,206.0,349.0,21.0,312.0,21.0,26.11,0.78,6.38
2011/11/29,24.0,24.2,23.6,24.05,1031.0,24725.0,2.3404,0.5086,544.0,37.0,0.0,-1.0,36.0,23412.0,383.0,476.0,12.0,313.0,13.0,26.72,0.8,6.24
2011/11/30,24.05,24.05,23.2,23.2,644.0,15157.0,-3.5343,0.3177,392.0,-7.0,0.0,0.0,-7.0,23357.0,248.0,285.0,12.0,301.0,0.0,25.78,0.77,6.47
2011/12/01,24.15,24.65,24.0,24.5,1111.0,27069.0,5.6034,0.5481,597.0,86.0,0.0,0.0,86.0,23374.0,456.0,405.0,7.0,311.0,17.0,27.22,0.81,6.12
2011/12/02,24.3,24.45,24.05,24.15,574.0,13909.0,-1.4286,0.2832,329.0,6.0,0.0,0.0,6.0,23375.0,185.0,124.0,8.0,303.0,0.0,26.83,0.8,6.21
2011/12/05,24.15,24.15,23.65,24.0,842.0,20095.0,-0.6211,0.4154,335.0,58.0,0.0,0.0,58.0,23169.0,142.0,343.0,6.0,297.0,0.0,26.67,0.79,6.25
2011/12/06,23.8,23.95,23.05,23.05,728.0,17171.0,-3.9583,0.3592,340.0,-57.0,0.0,0.0,-57.0,23020.0,169.0,310.0,8.0,289.0,0.0,25.61,0.76,6.51
2011/12/07,23.15,23.55,22.7,22.95,1119.0,25920.0,-0.4338,0.5521,437.0,69.0,0.0,0.0,69.0,22993.0,207.0,225.0,2.0,292.0,5.0,25.5,0.76,6.54
2011/12/08,22.7,23.15,22.5,22.75,928.0,21134.0,-0.8715,0.4578,390.0,27.0,0.0,0.0,27.0,22899.0,167.0,249.0,21.0,273.0,2.0,25.28,0.75,6.59
2011/12/09,22.0,22.75,21.7,22.65,806.0,18013.0,-0.4396,0.3976,360.0,4.0,0.0,0.0,4.0,22843.0,211.0,231.0,1.0,272.0,0.0,25.17,0.75,6.62
2011/12/12,23.3,23.4,22.9,22.9,767.0,17767.0,1.1038,0.3784,320.0,-9.0,0.0,0.0,-9.0,22784.0,146.0,195.0,2.0,272.0,2.0,25.44,0.76,6.55
2011/12/13,22.7,23.1,22.7,22.8,382.0,8731.0,-0.4367,0.1885,227.0,2.0,0.0,0.0,2.0,22715.0,107.0,163.0,0.0,273.0,1.0,25.33,0.75,6.58
2011/12/14,22.8,23.45,22.75,23.35,491.0,11373.0,2.4123,0.2422,271.0,23.0,0.0,0.0,23.0,22694.0,133.0,151.0,1.0,272.0,0.0,25.94,0.77,6.42
2011/12/15,23.3,23.3,22.45,22.45,627.0,14239.0,-3.8544,0.3093,302.0,29.0,0.0,0.0,29.0,22538.0,170.0,318.0,1.0,271.0,0.0,24.94,0.74,6.68
2011/12/16,22.5,22.85,22.45,22.55,400.0,9053.0,0.4454,0.1973,221.0,19.0,0.0,0.0,19.0,22483.0,86.0,128.0,33.0,242.0,4.0,25.06,0.75,6.65
2011/12/19,22.3,22.8,21.0,21.0,1364.0,29667.0,-6.8736,0.6729,605.0,-76.0,0.0,0.0,-76.0,22333.0,625.0,729.0,1.0,241.0,0.0,23.33,0.69,7.14
2011/12/20,21.0,21.7,21.0,21.45,777.0,16632.0,2.1429,0.3833,410.0,72.0,0.0,0.0,72.0,22252.0,234.0,282.0,68.0,186.0,13.0,23.83,0.71,6.99
2011/12/21,22.4,22.95,22.3,22.95,1105.0,25178.0,6.993,0.5452,507.0,121.0,0.0,0.0,121.0,22073.0,285.0,452.0,3.0,206.0,23.0,25.5,0.76,6.54
2011/12/22,22.95,23.3,22.55,23.0,653.0,15067.0,0.2179,0.3222,314.0,-32.0,0.0,1.0,-31.0,22084.0,201.0,185.0,4.0,209.0,7.0,25.56,0.76,6.52
2011/12/23,23.5,24.5,23.3,24.3,1472.0,35464.0,5.6522,0.7262,791.0,183.0,0.0,0.0,183.0,22036.0,480.0,527.0,4.0,220.0,15.0,27.0,0.8,6.17
2011/12/26,24.4,24.9,24.2,24.3,1247.0,30555.0,0.0,0.6152,646.0,-12.0,0.0,0.0,-12.0,22149.0,443.0,317.0,2.0,330.0,112.0,27.0,0.8,6.17
2011/12/27,24.3,24.4,23.85,24.05,725.0,17452.0,-1.0288,0.3577,354.0,66.0,0.0,0.0,66.0,22177.0,268.0,238.0,4.0,326.0,0.0,26.72,0.8,6.24
2011/12/28,24.1,24.35,23.6,23.6,526.0,12571.0,-1.8711,0.2595,300.0,28.0,0.0,0.0,28.0,22149.0,147.0,167.0,8.0,318.0,0.0,26.22,0.78,6.36
2011/12/29,23.6,25.25,23.2,25.25,2767.0,68780.0,6.9915,1.3651,1117.0,31.0,0.0,0.0,31.0,21878.0,499.0,768.0,9.0,462.0,153.0,28.06,0.84,5.94
2011/12/30,23.5,23.5,23.5,23.5,1384.0,32529.0,-6.9307,0.6828,610.0,13.0,0.0,0.0,13.0,22189.0,612.0,222.0,94.0,368.0,0.0,26.11,0.78,6.38
2012/01/02,21.9,22.5,21.9,21.9,6351.0,139540.0,-6.8085,3.1333,2284.0,-229.0,0.0,-1.0,-230.0,22506.0,2110.0,1774.0,169.0,199.0,0.0,24.33,0.72,6.85
2012/01/03,21.9,23.4,21.7,22.4,6878.0,154852.0,2.2831,3.3933,2762.0,4.0,0.0,2.0,6.0,23203.0,2245.0,1539.0,2.0,501.0,306.0,24.89,0.74,6.7
2012/01/04,22.8,23.25,22.6,22.65,3095.0,70849.0,1.1161,1.5269,1349.0,-75.0,0.0,0.0,-75.0,23073.0,865.0,970.0,12.0,589.0,100.0,25.17,0.75,6.62
2012/01/05,23.4,24.2,23.05,24.2,5859.0,140575.0,6.8433,2.8906,2289.0,259.0,0.0,-2.0,257.0,23453.0,1924.0,1528.0,95.0,913.0,419.0,26.89,0.8,6.2
2012/01/06,25.2,25.6,24.65,25.1,5928.0,148884.0,3.719,2.9246,2623.0,-52.0,0.0,-3.0,-55.0,23791.0,2144.0,1803.0,168.0,938.0,193.0,27.89,0.83,5.98
2012/01/09,25.1,25.1,24.2,24.25,2230.0,54571.0,-3.3865,1.1002,976.0,-57.0,0.0,0.0,-57.0,24033.0,923.0,648.0,198.0,748.0,8.0,26.94,0.8,6.19
2012/01/10,24.25,25.75,24.25,24.9,3783.0,95164.0,2.6804,1.8664,1697.0,-31.0,0.0,0.0,-31.0,23811.0,1184.0,1405.0,60.0,776.0,89.0,27.67,0.82,6.02
2012/01/11,25.2,25.35,24.5,24.6,2226.0,55422.0,-1.2048,1.0982,926.0,-87.0,0.0,0.0,-87.0,23523.0,651.0,914.0,53.0,727.0,4.0,27.33,0.81,6.1
2012/01/12,25.0,25.0,23.8,24.0,1836.0,44541.0,-2.439,0.9058,919.0,67.0,0.0,0.0,67.0,23632.0,776.0,646.0,116.0,620.0,9.0,26.67,0.79,6.25
2012/01/13,24.3,24.4,22.75,22.75,3052.0,71500.0,-5.2083,1.5057,1184.0,67.0,0.0,5.0,72.0,23017.0,912.0,1491.0,264.0,359.0,3.0,25.28,0.75,6.59
2012/01/16,23.0,23.8,22.45,23.6,2717.0,62902.0,3.7363,1.3404,1365.0,-45.0,0.0,0.0,-45.0,22945.0,834.0,878.0,32.0,406.0,79.0,26.22,0.78,6.36
2012/01/17,23.85,24.7,23.65,24.7,2430.0,59043.0,4.661,1.1989,1246.0,3.0,0.0,0.0,3.0,22963.0,758.0,723.0,25.0,472.0,91.0,27.44,0.82,6.07
2012/01/18,24.8,25.85,24.1,25.15,4299.0,108585.0,1.8219,2.1209,1838.0,-45.0,0.0,248.0,203.0,22646.0,1168.0,1455.0,193.0,330.0,51.0,27.94,0.83,5.96
2012/01/30,26.8,26.9,26.0,26.9,3881.0,103313.0,6.9583,1.9147,1540.0,4.0,0.0,-2.0,2.0,22441.0,1379.0,1556.0,7.0,437.0,114.0,29.89,0.89,5.58
2012/01/31,27.8,28.45,27.2,27.5,3992.0,110839.0,2.2305,1.9695,1708.0,-27.0,0.0,0.0,-27.0,22522.0,1423.0,1340.0,8.0,474.0,45.0,30.56,0.91,5.45
2012/02/01,27.6,28.3,26.9,27.9,2821.0,77807.0,1.4545,1.3918,1260.0,55.0,0.0,0.0,55.0,22601.0,986.0,905.0,21.0,490.0,38.0,31.0,0.92,5.38
2012/02/02,28.4,29.3,28.05,28.3,3565.0,101817.0,1.4337,1.7588,1674.0,40.0,0.0,0.0,40.0,22724.0,1482.0,1358.0,49.0,486.0,45.0,31.44,0.94,5.3
2012/02/03,28.2,29.5,27.9,28.9,4274.0,123295.0,2.1201,2.1086,1867.0,-28.0,0.0,-131.0,-159.0,22904.0,1283.0,1068.0,15.0,521.0,50.0,32.11,0.96,5.19
2012/02/04,29.1,29.5,28.4,28.65,3032.0,87690.0,-0.8651,1.4959,1251.0,-8.0,0.0,-120.0,-128.0,22800.0,1145.0,1210.0,29.0,504.0,12.0,31.83,0.95,5.24
2012/02/06,28.1,28.5,27.5,27.5,2200.0,61494.0,-4.014,1.0854,1054.0,-1.0,0.0,0.0,-1.0,22806.0,853.0,748.0,63.0,441.0,0.0,30.56,0.91,5.45
2012/02/07,27.5,28.3,27.5,27.95,1654.0,46342.0,1.6364,0.816,759.0,171.0,0.0,0.0,171.0,22743.0,473.0,535.0,5.0,443.0,7.0,31.06,0.92,5.37
2012/02/08,28.35,29.4,28.35,29.35,3277.0,95324.0,5.0089,1.6167,1621.0,106.0,0.0,1.0,107.0,23302.0,1560.0,995.0,33.0,517.0,107.0,32.61,0.97,5.11
2012/02/09,29.35,31.4,28.95,31.4,6236.0,191007.0,6.9847,3.0766,2499.0,-140.0,0.0,-1.0,-141.0,24105.0,2618.0,1806.0,41.0,705.0,229.0,34.89,1.04,4.78
2012/02/10,32.7,33.55,32.6,33.55,5432.0,180025.0,6.8471,2.6799,1508.0,-1.0,0.0,0.0,-1.0,24826.0,3532.0,2741.0,24.0,901.0,220.0,37.28,1.11,4.47
2012/02/13,34.0,35.0,32.85,34.3,17368.0,591129.0,2.2355,8.5686,6373.0,-62.0,0.0,2.0,-60.0,23278.0,3994.0,5541.0,266.0,1157.0,522.0,38.11,1.14,4.37
2012/02/14,34.6,35.2,33.8,34.0,6239.0,214881.0,-0.8746,3.078,2869.0,-302.0,17.0,0.0,-285.0,23375.0,2307.0,1974.0,151.0,1224.0,218.0,37.78,1.13,4.41
2012/02/15,34.5,35.5,34.4,34.6,5905.0,205876.0,1.7647,2.9133,2692.0,-36.0,0.0,0.0,-36.0,23233.0,2188.0,2329.0,80.0,1256.0,137.0,38.44,1.14,4.34
2012/02/16,34.2,34.8,32.2,32.2,4480.0,150139.0,-6.9364,2.2102,2198.0,119.0,0.0,1.0,120.0,22602.0,1557.0,2170.0,273.0,986.0,5.0,35.78,1.07,4.66
2012/02/17,32.5,33.1,31.0,31.85,4799.0,153236.0,-1.087,2.3676,2228.0,156.0,0.0,3.0,159.0,22215.0,1440.0,1825.0,366.0,651.0,31.0,35.39,1.05,4.71
2012/02/20,32.05,34.05,31.3,34.05,5091.0,168708.0,6.9074,2.5117,2375.0,265.0,0.0,2.0,267.0,21853.0,1222.0,1584.0,16.0,945.0,310.0,37.83,1.13,4.41
2012/02/21,34.25,34.95,33.8,34.25,5681.0,195359.0,0.5874,2.8027,2514.0,-212.0,0.0,-1.0,-213.0,21421.0,1692.0,1850.0,119.0,888.0,62.0,38.06,1.13,4.38
2012/02/22,34.25,34.8,33.8,34.1,3435.0,118050.0,-0.438,1.6947,1664.0,98.0,0.0,1.0,99.0,21474.0,1192.0,1136.0,64.0,950.0,130.0,37.89,1.13,4.4
2012/02/23,34.25,34.8,33.2,33.2,2785.0,94785.0,-2.6393,1.374,1396.0,66.0,0.0,-1.0,65.0,21567.0,1013.0,919.0,56.0,900.0,6.0,36.89,1.1,4.52
2012/02/24,33.2,34.0,33.0,33.0,2546.0,85505.0,-0.6024,1.2561,1285.0,1.0,0.0,0.0,1.0,21430.0,638.0,770.0,103.0,870.0,73.0,36.67,1.09,4.55
2012/02/29,33.6,33.85,32.6,32.75,1793.0,59382.0,-0.7576,0.8846,868.0,-15.0,0.0,0.0,-15.0,21555.0,659.0,530.0,65.0,840.0,35.0,36.39,1.08,4.58
2012/03/01,32.75,33.6,32.5,33.4,1635.0,54347.0,1.9847,0.8066,877.0,157.0,0.0,1.0,158.0,21573.0,572.0,551.0,70.0,807.0,37.0,37.11,1.11,4.49
2012/03/02,33.6,35.35,33.6,35.15,7571.0,264249.0,5.2395,3.7352,3606.0,75.0,0.0,0.0,75.0,21746.0,2453.0,2279.0,56.0,991.0,240.0,39.06,1.16,4.27
2012/03/03,35.15,35.2,34.15,35.15,2902.0,101106.0,0.0,1.4317,1607.0,4.0,0.0,99.0,103.0,21465.0,953.0,1228.0,45.0,958.0,12.0,39.06,1.16,4.27
2012/03/05,35.35,35.4,33.5,33.6,2562.0,87944.0,-4.4097,1.264,1345.0,-155.0,0.0,-22.0,-177.0,21521.0,986.0,925.0,81.0,880.0,3.0,37.33,1.11,4.46
2012/03/06,33.5,33.55,31.25,31.6,4317.0,136381.0,-5.9524,2.1298,1922.0,27.0,0.0,2.0,29.0,21722.0,1395.0,1189.0,315.0,564.0,0.0,35.11,1.05,4.75
2012/03/07,30.2,32.1,30.2,31.8,1695.0,53507.0,0.6329,0.8362,931.0,195.0,0.0,0.0,195.0,21498.0,372.0,575.0,21.0,616.0,73.0,35.33,1.05,4.72
2012/03/08,32.4,32.5,31.8,31.8,1635.0,52613.0,0.0,0.8066,863.0,-32.0,-1.0,-3.0,-36.0,21544.0,493.0,435.0,22.0,648.0,54.0,35.33,1.05,4.72
2012/03/09,32.0,32.5,32.0,32.2,1306.0,42172.0,1.2579,0.6443,742.0,66.0,0.0,-12.0,54.0,21521.0,370.0,387.0,16.0,665.0,33.0,35.78,1.07,4.66
2012/03/12,32.35,32.75,31.1,31.1,1814.0,57170.0,-3.4161,0.8949,935.0,-25.0,0.0,-20.0,-45.0,21282.0,531.0,697.0,71.0,594.0,0.0,34.56,1.03,4.82
2012/03/13,31.5,31.6,30.5,30.55,1706.0,52576.0,-1.7685,0.8417,903.0,121.0,1.0,-22.0,100.0,21015.0,490.0,757.0,43.0,579.0,28.0,33.94,1.01,4.91
2012/03/14,31.15,31.6,30.8,30.9,1912.0,59645.0,1.1457,0.9433,953.0,308.0,18.0,4.0,330.0,21095.0,741.0,644.0,19.0,744.0,184.0,34.33,1.02,4.85
2012/03/15,31.0,31.65,31.0,31.5,1031.0,32365.0,1.9417,0.5086,610.0,18.0,18.0,-25.0,11.0,21189.0,383.0,288.0,42.0,722.0,20.0,35.0,1.04,4.76
2012/03/16,31.5,31.8,31.2,31.4,1224.0,38507.0,-0.3175,0.6039,663.0,29.0,0.0,0.0,29.0,21093.0,382.0,421.0,23.0,717.0,18.0,34.89,1.04,4.78
2012/03/19,31.6,31.85,30.8,31.0,1288.0,40385.0,-1.2739,0.6354,627.0,-78.0,0.0,1.0,-77.0,21342.0,553.0,300.0,18.0,742.0,43.0,34.44,1.03,4.84
2012/03/20,31.4,31.75,31.0,31.0,1517.0,47694.0,0.0,0.7484,709.0,-28.0,0.0,-2.0,-30.0,21350.0,409.0,394.0,41.0,763.0,62.0,34.44,1.03,4.84
2012/03/21,31.0,31.4,30.6,30.6,854.0,26330.0,-1.2903,0.4213,506.0,-21.0,0.0,0.0,-21.0,21198.0,240.0,376.0,76.0,687.0,0.0,34.0,1.01,4.9
2012/03/22,28.5,29.3,28.5,29.1,4929.0,141655.0,-4.902,2.4317,2083.0,15.0,-1.0,3.0,17.0,20315.0,1372.0,2231.0,296.0,391.0,0.0,32.33,1.59,5.15
2012/03/23,28.9,29.55,28.7,29.2,2518.0,73613.0,0.3436,1.2423,1158.0,-1.0,0.0,0.0,-1.0,20276.0,508.0,545.0,37.0,439.0,85.0,0.0,1.6,5.14
2012/03/26,29.25,30.2,29.2,29.9,1747.0,51732.0,2.3973,0.8619,895.0,-20.0,0.0,-3.0,-23.0,20483.0,669.0,445.0,13.0,490.0,64.0,0.0,1.63,0.0
2012/03/27,30.1,30.7,29.7,29.7,1654.0,49870.0,-0.6689,0.816,942.0,2.0,0.0,0.0,2.0,20071.0,565.0,589.0,18.0,511.0,39.0,0.0,1.62,0.0
2012/03/28,29.85,30.15,29.35,29.45,747.0,22138.0,-0.8418,0.3685,441.0,-7.0,0.0,0.0,-7.0,19957.0,167.0,276.0,77.0,442.0,8.0,0.0,1.61,0.0
2012/03/29,29.2,29.3,27.4,27.4,2607.0,72737.0,-6.961,1.2862,1014.0,50.0,0.0,1.0,51.0,19699.0,484.0,738.0,115.0,327.0,0.0,0.0,1.5,0.0
2012/03/30,27.0,28.1,27.0,27.8,1491.0,41082.0,1.4599,0.7356,741.0,158.0,-1.0,0.0,157.0,19787.0,314.0,212.0,16.0,339.0,33.0,0.0,1.52,0.0
2012/04/02,27.5,28.0,27.0,27.1,767.0,21065.0,-2.518,0.3784,396.0,-78.0,0.0,1.0,-77.0,19710.0,182.0,249.0,73.0,268.0,2.0,0.0,1.48,0.0
2012/04/03,27.1,27.5,25.25,25.25,1941.0,50347.0,-6.8266,0.9576,869.0,63.0,0.0,0.0,63.0,19352.0,456.0,796.0,115.0,153.0,0.0,0.0,1.38,0.0
2012/04/05,23.5,24.5,23.5,24.2,2174.0,51829.0,-4.1584,1.0726,922.0,254.0,1.0,-1.0,254.0,19181.0,539.0,705.0,63.0,90.0,0.0,0.0,1.32,0.0
2012/04/06,24.5,25.85,24.5,25.6,1270.0,32131.0,5.7851,0.6266,713.0,17.0,0.0,-2.0,15.0,19138.0,377.0,419.0,26.0,64.0,0.0,0.0,1.4,0.0
2012/04/09,25.2,26.8,24.9,26.1,1317.0,34279.0,1.9531,0.6497,703.0,-113.0,0.0,0.0,-113.0,19254.0,516.0,372.0,39.0,2.0,0.0,0.0,1.43,0.0
2012/04/10,26.5,26.95,25.5,25.8,952.0,24966.0,-1.1494,0.4697,503.0,-128.0,0.0,0.0,-128.0,19067.0,0.0,183.0,1.0,0.0,0.0,0.0,1.41,0.0
2012/04/11,25.6,26.7,25.4,26.15,860.0,22563.0,1.3566,0.4243,400.0,-40.0,0.0,0.0,-40.0,18925.0,0.0,142.0,0.0,0.0,0.0,0.0,1.43,0.0
2012/04/12,26.3,26.85,26.1,26.3,761.0,20188.0,0.5736,0.3754,396.0,6.0,-1.0,0.0,5.0,18699.0,0.0,226.0,0.0,0.0,0.0,0.0,1.44,0.0
2012/04/13,26.9,27.25,26.55,26.55,1082.0,29090.0,0.9506,0.5338,532.0,-124.0,0.0,0.0,-124.0,18899.0,318.0,118.0,0.0,61.0,61.0,0.0,1.45,0.0
2012/04/16,26.6,27.0,26.3,26.55,967.0,25789.0,0.0,0.4771,458.0,11.0,9.0,0.0,20.0,18856.0,217.0,260.0,7.0,139.0,85.0,0.0,1.45,0.0
2012/04/17,26.6,26.7,25.2,25.4,1110.0,28823.0,-4.3315,0.5476,532.0,-66.0,0.0,0.0,-66.0,18847.0,394.0,388.0,45.0,113.0,19.0,0.0,1.39,0.0
2012/04/18,25.8,26.0,24.7,25.1,1105.0,27962.0,-1.1811,0.5452,534.0,13.0,0.0,0.0,13.0,19069.0,455.0,231.0,8.0,214.0,109.0,0.0,1.37,0.0
2012/04/19,25.0,25.45,23.7,25.4,1812.0,44870.0,1.1952,0.894,777.0,97.0,0.0,-2.0,95.0,18847.0,305.0,482.0,45.0,233.0,64.0,0.0,1.39,0.0
2012/04/20,25.4,25.6,24.5,24.65,617.0,15482.0,-2.9528,0.3044,323.0,-43.0,0.0,0.0,-43.0,18815.0,223.0,250.0,39.0,206.0,12.0,0.0,1.35,0.0
2012/04/23,24.65,24.9,23.7,23.8,767.0,18553.0,-3.4483,0.3784,423.0,24.0,0.0,0.0,24.0,18821.0,239.0,223.0,66.0,158.0,18.0,0.0,1.3,0.0
2012/04/24,23.8,24.5,23.7,23.9,770.0,18497.0,0.4202,0.3799,471.0,-37.0,1.0,0.0,-36.0,18896.0,179.0,90.0,37.0,210.0,89.0,0.0,1.31,0.0
2012/04/25,24.1,24.7,24.1,24.2,787.0,19150.0,1.2552,0.3883,424.0,94.0,0.0,2.0,96.0,18983.0,204.0,114.0,23.0,205.0,21.0,0.0,1.32,0.0
2012/04/26,24.5,24.6,24.0,24.1,751.0,18242.0,-0.4132,0.3705,393.0,-19.0,0.0,-11.0,-30.0,18972.0,197.0,214.0,4.0,241.0,43.0,0.0,1.32,0.0
2012/04/27,24.5,24.6,23.5,23.65,680.0,16261.0,-1.8672,0.3355,370.0,-27.0,0.0,0.0,-27.0,18876.0,112.0,204.0,33.0,219.0,11.0,0.0,1.27,0.0
2012/04/30,24.1,25.0,24.0,24.85,1388.0,34169.0,5.074,0.6848,736.0,68.0,0.0,0.0,68.0,18962.0,393.0,258.0,53.0,285.0,119.0,0.0,1.34,0.0
2012/05/02,25.2,26.55,25.2,26.55,1637.0,42675.0,6.841,0.8076,831.0,56.0,0.0,0.0,56.0,18975.0,488.0,466.0,47.0,278.0,40.0,0.0,1.43,0.0
2012/05/03,27.0,27.5,26.3,26.5,2402.0,64820.0,-0.1883,1.185,1183.0,-68.0,0.0,0.0,-68.0,19091.0,755.0,638.0,4.0,323.0,49.0,0.0,1.43,0.0
2012/05/04,26.3,27.2,26.1,26.85,1926.0,51420.0,1.3208,0.9502,809.0,11.0,1.0,-2.0,10.0,18998.0,379.0,472.0,118.0,219.0,14.0,0.0,1.45,0.0
2012/05/07,25.9,26.5,25.6,26.25,763.0,19868.0,-2.2346,0.3764,398.0,8.0,0.0,1.0,9.0,18856.0,168.0,310.0,35.0,184.0,0.0,0.0,1.41,0.0
2012/05/08,26.3,26.65,26.25,26.25,711.0,18781.0,0.0,0.3508,399.0,0.0,0.0,-1.0,-1.0,18836.0,148.0,164.0,8.0,208.0,32.0,0.0,1.41,0.0
2012/05/09,26.0,26.5,25.9,26.0,529.0,13809.0,-0.9524,0.261,273.0,-13.0,0.0,0.0,-13.0,18784.0,141.0,192.0,40.0,174.0,6.0,0.0,1.4,0.0
2012/05/10,26.0,26.5,25.35,25.55,842.0,21751.0,-1.7308,0.4154,414.0,95.0,0.0,0.0,95.0,18829.0,215.0,164.0,13.0,166.0,5.0,0.0,1.38,0.0
2012/05/11,25.55,25.6,24.75,24.8,623.0,15656.0,-2.9354,0.3074,362.0,-51.0,0.0,-1.0,-52.0,18769.0,116.0,176.0,10.0,156.0,0.0,0.0,1.34,0.0
2012/05/14,24.9,25.7,24.55,24.75,783.0,19596.0,-0.2016,0.3863,449.0,49.0,0.0,-1.0,48.0,18849.0,248.0,148.0,2.0,213.0,59.0,0.0,1.33,0.0
2012/05/15,24.5,25.8,24.25,25.8,849.0,21369.0,4.2424,0.4189,568.0,189.0,2.0,-1.0,190.0,18926.0,280.0,199.0,31.0,221.0,39.0,0.0,1.39,0.0
2012/05/16,25.8,26.0,25.1,25.15,644.0,16361.0,-2.5194,0.3177,418.0,29.0,-8.0,0.0,21.0,18841.0,202.0,286.0,10.0,211.0,0.0,0.0,1.36,0.0
2012/05/17,25.45,25.9,25.0,25.8,899.0,22958.0,2.5845,0.4435,589.0,179.0,0.0,-3.0,176.0,18715.0,206.0,319.0,9.0,237.0,35.0,0.0,1.39,0.0
2012/05/18,25.3,25.4,24.6,24.7,828.0,20686.0,-4.2636,0.4085,491.0,-55.0,0.0,-1.0,-56.0,18773.0,299.0,233.0,21.0,216.0,0.0,0.0,1.33,0.0
2012/05/21,24.8,25.4,24.5,24.7,626.0,15618.0,0.0,0.3088,379.0,35.0,0.0,0.0,35.0,18733.0,90.0,120.0,12.0,225.0,21.0,0.0,1.33,0.0
2012/05/22,25.3,25.7,25.0,25.45,733.0,18563.0,3.0364,0.3616,422.0,78.0,0.0,-1.0,77.0,18735.0,264.0,252.0,15.0,227.0,17.0,0.0,1.37,0.0
2012/05/23,25.3,25.3,24.6,24.7,585.0,14575.0,-2.947,0.2886,322.0,-25.0,-1.0,0.0,-26.0,18662.0,206.0,269.0,20.0,207.0,0.0,0.0,1.33,0.0
2012/05/24,24.7,25.0,23.85,24.2,744.0,18119.0,-2.0243,0.3671,388.0,20.0,0.0,-1.0,19.0,18457.0,149.0,354.0,56.0,151.0,0.0,0.0,1.3,0.0
2012/05/25,24.4,24.4,23.6,23.95,464.0,11123.0,-1.0331,0.2289,264.0,-22.0,26.0,0.0,4.0,18281.0,62.0,228.0,13.0,139.0,1.0,0.0,1.29,0.0
2012/05/28,24.1,24.35,23.7,24.25,470.0,11307.0,1.2526,0.2319,206.0,40.0,0.0,0.0,40.0,18323.0,141.0,89.0,20.0,134.0,15.0,0.0,1.31,0.0
2012/05/29,24.3,25.6,24.3,25.25,880.0,22219.0,4.1237,0.4342,506.0,101.0,0.0,0.0,101.0,18398.0,269.0,194.0,17.0,145.0,28.0,0.0,1.36,0.0
2012/05/30,25.25,25.25,24.9,25.0,480.0,12041.0,-0.9901,0.2368,272.0,-32.0,0.0,0.0,-32.0,18452.0,178.0,101.0,8.0,137.0,0.0,0.0,1.35,0.0
2012/05/31,24.8,25.2,24.55,25.2,494.0,12334.0,0.8,0.2437,304.0,27.0,0.0,-2.0,25.0,18450.0,133.0,135.0,13.0,124.0,0.0,0.0,1.36,0.0
2012/06/01,25.1,25.65,24.65,24.7,961.0,24101.0,-1.9841,0.4741,511.0,7.0,0.0,0.0,7.0,18591.0,356.0,215.0,32.0,109.0,17.0,0.0,1.33,0.0
2012/06/04,23.6,23.7,23.0,23.0,1063.0,24605.0,-6.8826,0.5244,468.0,-116.0,0.0,1.0,-115.0,18184.0,240.0,473.0,21.0,88.0,0.0,0.0,1.24,0.0
2012/06/05,23.4,24.2,23.0,23.1,781.0,18364.0,0.4348,0.3853,410.0,89.0,0.0,0.0,89.0,18001.0,164.0,261.0,3.0,111.0,26.0,0.0,1.24,0.0
2012/06/06,23.4,23.8,23.3,23.35,657.0,15489.0,1.0823,0.3241,386.0,44.0,0.0,-1.0,43.0,18005.0,190.0,172.0,16.0,115.0,20.0,0.0,1.26,0.0
2012/06/07,23.95,24.1,23.2,23.2,563.0,13364.0,-0.6424,0.2778,335.0,9.0,0.0,3.0,12.0,17980.0,161.0,178.0,36.0,98.0,19.0,0.0,1.25,0.0
2012/06/08,23.25,23.8,23.2,23.2,352.0,8219.0,0.0,0.1737,216.0,-12.0,0.0,-2.0,-14.0,17964.0,66.0,60.0,3.0,115.0,20.0,0.0,1.25,0.0
2012/06/11,23.5,24.1,23.45,23.45,742.0,17629.0,1.0776,0.3661,412.0,29.0,0.0,1.0,30.0,18052.0,264.0,167.0,6.0,116.0,7.0,0.0,1.26,0.0
2012/06/12,23.2,23.35,23.05,23.1,473.0,10953.0,-1.4925,0.2334,266.0,-34.0,0.0,0.0,-34.0,18047.0,120.0,120.0,35.0,81.0,0.0,0.0,1.24,0.0
2012/06/13,23.5,23.6,23.2,23.3,504.0,11778.0,0.8658,0.2487,302.0,-4.0,0.0,-1.0,-5.0,18105.0,190.0,116.0,1.0,81.0,1.0,0.0,1.26,0.0
2012/06/14,23.3,23.4,23.1,23.15,352.0,8180.0,-0.6438,0.1737,212.0,-5.0,-2.0,0.0,-7.0,18120.0,150.0,85.0,2.0,79.0,0.0,0.0,1.25,0.0
2012/06/15,23.45,23.75,23.25,23.3,1259.0,29552.0,0.6479,0.6211,552.0,-249.0,0.0,1.0,-248.0,18174.0,323.0,244.0,10.0,68.0,0.0,0.0,1.26,0.0
2012/06/18,24.0,24.9,23.8,24.9,2277.0,56080.0,6.867,1.1234,916.0,106.0,0.0,1.0,107.0,18335.0,720.0,495.0,5.0,119.0,56.0,0.0,1.34,0.0
2012/06/19,25.2,25.2,24.3,24.3,985.0,24308.0,-2.4096,0.4864,530.0,-29.0,0.0,0.0,-29.0,18174.0,303.0,463.0,41.0,78.0,0.0,0.0,1.31,0.0
2012/06/20,24.5,24.8,24.5,24.55,824.0,20325.0,1.0288,0.4069,414.0,-6.0,0.0,2.0,-4.0,18336.0,382.0,211.0,2.0,106.0,30.0,0.0,1.32,0.0
2012/06/21,24.5,26.15,24.25,26.0,2483.0,63053.0,5.9063,1.2262,1273.0,-41.0,0.0,0.0,-41.0,18343.0,691.0,629.0,38.0,157.0,89.0,0.0,1.4,0.0
2012/06/22,25.5,26.2,25.2,25.8,1579.0,40644.0,-0.7692,0.7798,746.0,-84.0,0.0,-4.0,-88.0,18467.0,576.0,442.0,42.0,121.0,6.0,0.0,1.39,0.0
2012/06/25,25.7,26.7,25.5,25.9,1684.0,44093.0,0.3876,0.8316,977.0,32.0,-1.0,-4.0,27.0,18571.0,525.0,414.0,10.0,173.0,62.0,0.0,1.4,0.0
2012/06/26,25.8,26.0,25.1,25.15,1046.0,26619.0,-2.8958,0.5166,562.0,-42.0,-1.0,0.0,-43.0,18769.0,454.0,256.0,56.0,116.0,0.0,0.0,1.36,0.0
2012/06/27,25.0,26.7,25.0,26.35,3714.0,97737.0,4.7714,1.8341,1758.0,21.0,0.0,0.0,21.0,18868.0,907.0,804.0,7.0,243.0,134.0,0.0,1.42,0.0
2012/06/28,26.9,26.9,26.1,26.3,1319.0,34899.0,-0.1898,0.6514,734.0,-47.0,0.0,0.0,-47.0,18886.0,422.0,395.0,40.0,212.0,9.0,0.0,1.42,0.0
2012/06/29,26.45,26.9,26.1,26.3,1464.0,38814.0,0.0,0.723,846.0,-1.0,0.0,-2.0,-3.0,18892.0,463.0,405.0,35.0,208.0,31.0,0.0,1.42,0.0
2012/07/02,26.5,26.55,25.95,26.0,1138.0,29880.0,-1.1407,0.562,605.0,-12.0,-1.0,0.0,-13.0,18820.0,501.0,524.0,16.0,209.0,17.0,0.0,1.4,0.0
2012/07/03,26.0,26.95,26.0,26.9,2080.0,55098.0,3.4615,1.0272,1027.0,80.0,1.0,-3.0,78.0,18527.0,525.0,804.0,18.0,224.0,33.0,0.0,1.45,0.0
2012/07/04,27.25,27.4,26.6,26.9,3800.0,102965.0,0.0,1.8766,1598.0,-172.0,0.0,1.0,-171.0,18991.0,1476.0,992.0,3.0,234.0,13.0,0.0,1.45,0.0
2012/07/05,26.65,26.95,26.25,26.35,1092.0,29006.0,-2.0446,0.5393,563.0,-20.0,-1.0,0.0,-21.0,19081.0,477.0,380.0,22.0,213.0,1.0,0.0,1.42,0.0
2012/07/06,26.1,26.6,26.05,26.1,713.0,18697.0,-0.9488,0.3521,370.0,-8.0,0.0,5.0,-3.0,18924.0,235.0,357.0,32.0,186.0,5.0,0.0,1.41,0.0
2012/07/09,26.1,26.5,25.8,25.8,530.0,13878.0,-1.1494,0.2617,311.0,-47.0,0.0,-1.0,-48.0,18882.0,196.0,214.0,11.0,182.0,7.0,0.0,1.39,0.0
2012/07/10,25.85,26.05,24.5,24.55,1391.0,34752.0,-4.845,0.6869,833.0,5.0,0.0,2.0,7.0,18671.0,388.0,598.0,67.0,121.0,6.0,0.0,1.32,0.0
2012/07/11,24.6,25.0,24.6,24.85,602.0,14953.0,1.222,0.2973,361.0,33.0,0.0,1.0,34.0,18738.0,211.0,141.0,9.0,129.0,17.0,0.0,1.34,0.0
2012/07/12,24.9,25.05,24.5,24.5,472.0,11663.0,-1.4085,0.2331,276.0,4.0,0.0,-4.0,0.0,18684.0,129.0,181.0,25.0,106.0,2.0,0.0,1.32,0.0
2012/07/13,24.6,24.9,24.0,24.0,661.0,16097.0,-2.0408,0.3264,413.0,-4.0,0.0,-1.0,-5.0,18630.0,215.0,254.0,18.0,125.0,37.0,0.0,1.29,0.0
2012/07/16,24.3,24.3,23.35,23.5,598.0,14152.0,-2.0833,0.2953,360.0,25.0,0.0,-1.0,24.0,18526.0,180.0,273.0,6.0,119.0,0.0,0.0,1.27,0.0
2012/07/17,23.5,23.95,23.5,23.65,590.0,13983.0,0.6383,0.2914,336.0,-11.0,14.0,0.0,3.0,18470.0,182.0,172.0,9.0,121.0,11.0,0.0,1.27,0.0
2012/07/18,23.7,23.8,23.05,23.05,564.0,13235.0,-2.537,0.2785,277.0,-41.0,0.0,-1.0,-42.0,18442.0,157.0,170.0,10.0,121.0,10.0,0.0,1.24,0.0
2012/07/19,23.35,23.75,23.3,23.45,445.0,10473.0,1.7354,0.2198,269.0,0.0,0.0,0.0,0.0,18512.0,181.0,100.0,12.0,120.0,11.0,0.0,1.26,0.0
2012/07/20,23.45,23.85,23.3,23.6,557.0,13182.0,0.6397,0.2751,253.0,3.0,0.0,1.0,4.0,18401.0,106.0,187.0,2.0,126.0,8.0,0.0,1.27,0.0
2012/07/23,23.35,23.5,23.0,23.1,477.0,11019.0,-2.1186,0.2356,247.0,-21.0,0.0,-3.0,-24.0,18316.0,111.0,192.0,30.0,96.0,0.0,0.0,1.24,0.0
2012/07/24,23.0,23.1,22.2,22.6,663.0,15025.0,-2.1645,0.3274,331.0,-14.0,0.0,0.0,-14.0,18233.0,218.0,291.0,4.0,95.0,3.0,0.0,1.22,0.0
2012/07/25,22.35,23.15,22.35,22.65,370.0,8472.0,0.2212,0.1827,244.0,17.0,0.0,0.0,17.0,18185.0,50.0,90.0,18.0,84.0,7.0,0.0,1.22,0.0
2012/07/26,22.95,23.5,22.9,23.1,583.0,13561.0,1.9868,0.2879,387.0,44.0,0.0,0.0,44.0,18072.0,93.0,149.0,2.0,114.0,32.0,0.0,1.24,0.0
2012/07/27,23.3,23.7,23.3,23.5,602.0,14195.0,1.7316,0.2973,371.0,154.0,0.0,1.0,155.0,18046.0,137.0,138.0,7.0,123.0,16.0,0.0,1.27,0.0
2012/07/30,23.9,24.35,23.4,23.4,676.0,16062.0,-0.4255,0.3338,373.0,-11.0,0.0,0.0,-11.0,18198.0,365.0,194.0,4.0,125.0,6.0,0.0,1.26,0.0
2012/07/31,23.45,24.1,23.45,23.95,682.0,16285.0,2.3504,0.3368,387.0,80.0,0.0,3.0,83.0,18123.0,148.0,218.0,1.0,163.0,39.0,0.0,1.29,0.0
2012/08/01,23.9,24.55,23.8,23.95,641.0,15519.0,0.0,0.3166,397.0,-27.0,0.0,-1.0,-28.0,18105.0,209.0,225.0,27.0,140.0,4.0,0.0,1.29,0.0
2012/08/03,23.8,24.5,23.7,24.0,674.0,16261.0,0.2088,0.3328,412.0,119.0,0.0,0.0,119.0,18104.0,246.0,241.0,4.0,142.0,6.0,0.0,1.29,0.0
2012/08/06,24.6,24.6,23.55,23.55,705.0,16840.0,-1.875,0.3482,430.0,72.0,0.0,1.0,73.0,18053.0,239.0,269.0,12.0,142.0,12.0,0.0,1.27,0.0
2012/08/07,23.7,23.9,22.85,23.1,576.0,13431.0,-1.9108,0.2845,382.0,50.0,0.0,0.0,50.0,18049.0,165.0,158.0,21.0,157.0,36.0,0.0,1.24,0.0
2012/08/08,23.25,23.8,23.25,23.4,813.0,19145.0,1.2987,0.4015,417.0,197.0,0.0,2.0,199.0,17922.0,168.0,252.0,1.0,171.0,15.0,0.0,1.26,0.0
2012/08/09,23.75,24.15,23.6,23.95,832.0,19921.0,2.3504,0.4109,456.0,80.0,5.0,7.0,92.0,17960.0,386.0,311.0,21.0,156.0,6.0,0.0,1.29,0.0
2012/08/10,24.3,25.6,24.0,25.6,2682.0,67300.0,6.8894,1.3245,1189.0,63.0,0.0,0.0,63.0,18169.0,858.0,560.0,37.0,204.0,85.0,0.0,1.38,0.0
2012/08/13,25.95,26.25,25.6,25.6,2078.0,53819.0,0.0,1.0262,1013.0,-1.0,0.0,0.0,-1.0,17889.0,622.0,895.0,28.0,185.0,10.0,0.0,1.38,0.0
2012/08/14,25.6,25.8,25.25,25.4,1403.0,35885.0,-0.7813,0.6929,677.0,12.0,0.0,1.0,13.0,17798.0,421.0,495.0,5.0,196.0,16.0,0.0,1.37,0.0
2012/08/15,25.6,25.95,25.05,25.1,1453.0,36997.0,-1.1811,0.7176,726.0,252.0,9.0,1.0,262.0,17652.0,445.0,580.0,16.0,190.0,10.0,0.0,1.35,0.0
2012/08/16,25.3,26.35,25.25,25.8,2437.0,63290.0,2.7888,1.2035,1159.0,52.0,0.0,0.0,52.0,17567.0,689.0,751.0,3.0,285.0,99.0,0.0,1.39,0.0
2012/08/17,25.8,26.8,25.65,26.35,4927.0,130335.0,2.1318,2.4332,1860.0,4.0,0.0,-1.0,3.0,18325.0,1488.0,714.0,0.0,474.0,189.0,0.0,1.42,0.0
2012/08/20,26.35,26.5,25.7,25.75,1395.0,36185.0,-2.277,0.6889,730.0,-10.0,0.0,0.0,-10.0,18480.0,639.0,381.0,59.0,387.0,2.0,0.0,1.39,0.0
2012/08/21,25.9,26.3,25.6,25.7,977.0,25313.0,-0.1942,0.4825,560.0,66.0,0.0,3.0,69.0,18481.0,322.0,319.0,22.0,379.0,14.0,0.0,1.38,0.0
2012/08/22,25.5,25.8,25.45,25.5,1027.0,26288.0,-0.7782,0.5072,462.0,57.0,0.0,3.0,60.0,18640.0,501.0,334.0,49.0,331.0,1.0,0.0,1.37,0.0
2012/08/23,25.6,25.95,25.5,25.7,920.0,23674.0,0.7843,0.4543,484.0,-4.0,0.0,0.0,-4.0,18705.0,362.0,285.0,31.0,317.0,17.0,0.0,1.36,0.0
2012/08/24,25.6,25.8,25.4,25.7,882.0,22576.0,0.0,0.4356,403.0,22.0,0.0,0.0,22.0,18577.0,161.0,288.0,15.0,302.0,0.0,0.0,1.36,0.0
2012/08/27,25.75,26.3,25.7,25.7,1188.0,30823.0,0.0,0.5867,520.0,-23.0,0.0,-4.0,-27.0,18654.0,411.0,331.0,67.0,239.0,5.0,0.0,1.36,0.0
2012/08/28,25.7,25.8,25.0,25.0,918.0,23178.0,-2.7237,0.4533,465.0,-36.0,0.0,0.0,-36.0,18712.0,290.0,219.0,44.0,195.0,0.0,0.0,1.32,0.0
2012/08/29,25.2,25.25,25.0,25.1,571.0,14335.0,0.4,0.282,321.0,32.0,0.0,0.0,32.0,18767.0,188.0,132.0,29.0,169.0,3.0,0.0,1.32,0.0
2012/08/30,25.1,25.25,24.55,24.55,889.0,22112.0,-2.1912,0.439,503.0,-234.0,0.0,-1.0,-235.0,18795.0,336.0,308.0,26.0,146.0,3.0,0.0,1.29,0.0
2012/08/31,24.35,25.1,24.35,24.8,943.0,23394.0,1.0183,0.4657,479.0,-148.0,0.0,0.0,-148.0,18781.0,332.0,329.0,7.0,167.0,28.0,0.0,1.31,0.0
2012/09/03,24.8,26.05,24.7,25.8,2114.0,54405.0,4.0323,1.044,1056.0,61.0,0.0,-1.0,60.0,19006.0,938.0,703.0,4.0,239.0,76.0,0.0,1.36,0.0
2012/09/04,26.0,26.15,25.55,25.55,1513.0,39204.0,-0.969,0.7472,700.0,-56.0,0.0,0.0,-56.0,19262.0,699.0,442.0,4.0,238.0,3.0,0.0,1.35,0.0
2012/09/05,25.55,26.4,25.5,26.0,2781.0,72561.0,1.7613,1.3734,1286.0,30.0,0.0,0.0,30.0,19215.0,780.0,821.0,5.0,281.0,48.0,0.0,1.37,0.0
2012/09/06,26.2,26.6,25.7,25.7,1811.0,47322.0,-1.1538,0.8943,903.0,-202.0,0.0,-1.0,-203.0,19247.0,665.0,623.0,32.0,253.0,4.0,0.0,1.36,0.0
2012/09/07,26.1,26.4,25.7,25.75,1945.0,50709.0,0.1946,0.9605,1031.0,-200.0,0.0,-1.0,-201.0,19156.0,558.0,630.0,17.0,239.0,3.0,0.0,1.36,0.0
2012/09/10,25.6,26.1,25.5,25.6,1200.0,30900.0,-0.5825,0.5926,580.0,-3.0,0.0,0.0,-3.0,19019.0,407.0,537.0,11.0,229.0,1.0,0.0,1.35,0.0
2012/09/11,25.7,26.9,25.7,26.35,3549.0,93992.0,2.9297,1.7526,1636.0,46.0,0.0,2.0,48.0,19109.0,1265.0,1145.0,44.0,240.0,55.0,0.0,1.39,0.0
2012/09/12,26.5,28.15,26.4,28.15,7899.0,217933.0,6.8311,3.9009,3184.0,-5.0,1.0,1.0,-3.0,18785.0,1968.0,2282.0,7.0,569.0,336.0,0.0,1.48,0.0
2012/09/13,28.3,29.3,28.2,28.6,14360.0,412653.0,1.5986,6.9721,5686.0,-7.0,100.0,1.0,94.0,19635.0,3475.0,2625.0,71.0,1182.0,684.0,0.0,1.51,0.0
2012/09/14,29.0,29.05,27.95,28.2,5593.0,158790.0,-1.3986,2.7155,2458.0,34.0,0.0,2.0,36.0,19767.0,1904.0,1766.0,622.0,581.0,21.0,0.0,1.49,0.0
2012/09/17,28.2,28.3,27.6,27.6,2315.0,64335.0,-2.1277,1.124,1112.0,6.0,0.0,0.0,6.0,19582.0,863.0,1030.0,171.0,409.0,4.0,0.0,1.46,0.0
2012/09/18,27.65,28.8,27.6,28.3,3396.0,96610.0,2.5362,1.6488,1721.0,10.0,-12.0,1.0,-1.0,20135.0,1574.0,1020.0,9.0,456.0,56.0,0.0,1.49,0.0
2012/09/19,28.4,28.5,27.8,28.25,2440.0,68879.0,-0.1767,1.1847,1079.0,-22.0,-4.0,0.0,-26.0,20240.0,932.0,820.0,46.0,417.0,12.0,0.0,1.49,0.0
2012/09/20,28.25,28.25,27.65,27.7,1496.0,41742.0,-1.9469,0.7263,723.0,-5.0,0.0,1.0,-4.0,20014.0,603.0,709.0,38.0,379.0,0.0,0.0,1.46,0.0
2012/09/21,27.8,28.3,27.8,27.9,1346.0,37683.0,0.722,0.6535,648.0,-90.0,0.0,0.0,-90.0,20231.0,640.0,419.0,3.0,383.0,7.0,0.0,1.47,0.0
2012/09/24,28.1,28.2,27.75,27.8,1163.0,32467.0,-0.3584,0.5647,608.0,2.0,0.0,2.0,4.0,20117.0,370.0,478.0,33.0,364.0,14.0,0.0,1.47,0.0
2012/09/25,27.9,28.2,27.6,27.6,888.0,24653.0,-0.7194,0.4311,497.0,-41.0,0.0,0.0,-41.0,20187.0,364.0,292.0,20.0,348.0,4.0,0.0,1.46,0.0
2012/09/26,27.6,27.6,26.5,26.5,2019.0,54218.0,-3.9855,0.9803,953.0,-29.0,0.0,0.0,-29.0,20376.0,745.0,553.0,123.0,225.0,0.0,0.0,1.4,0.0
2012/09/27,26.5,26.85,26.35,26.35,1208.0,32104.0,-0.566,0.5865,563.0,48.0,0.0,-1.0,47.0,20305.0,406.0,467.0,8.0,224.0,10.0,0.0,1.39,0.0
2012/09/28,26.4,26.6,26.0,26.05,1034.0,27079.0,-1.1385,0.502,551.0,29.0,0.0,0.0,29.0,20235.0,336.0,403.0,39.0,190.0,5.0,0.0,1.37,0.0
2012/10/01,26.45,27.1,26.1,26.4,1337.0,35648.0,1.3436,0.6491,705.0,76.0,0.0,-3.0,73.0,20304.0,461.0,391.0,9.0,194.0,13.0,0.0,1.39,0.0
2012/10/02,26.8,27.15,26.65,26.65,1101.0,29538.0,0.947,0.5346,554.0,-51.0,0.0,0.0,-51.0,20332.0,388.0,358.0,5.0,198.0,9.0,0.0,1.41,0.0
2012/10/03,26.65,28.2,26.6,27.8,5657.0,156644.0,4.3152,2.7466,2698.0,-304.0,0.0,0.0,-304.0,21060.0,2126.0,1388.0,14.0,313.0,129.0,0.0,1.47,0.0
2012/10/04,27.8,27.9,27.25,27.3,1893.0,52171.0,-1.7986,0.9191,1083.0,-66.0,0.0,1.0,-65.0,21107.0,914.0,867.0,78.0,240.0,5.0,0.0,1.44,0.0
2012/10/05,27.2,28.2,27.15,27.3,2484.0,68838.0,0.0,1.206,1232.0,-19.0,0.0,0.0,-19.0,20972.0,752.0,882.0,14.0,245.0,19.0,0.0,1.46,0.0
2012/10/08,27.5,27.5,26.1,26.1,1699.0,45345.0,-4.3956,0.8249,816.0,-29.0,0.0,3.0,-26.0,20950.0,743.0,764.0,50.0,197.0,2.0,0.0,1.4,0.0
2012/10/09,26.2,26.5,25.6,25.6,1275.0,33105.0,-1.9157,0.619,719.0,-12.0,0.0,0.0,-12.0,20842.0,382.0,487.0,23.0,231.0,58.0,0.0,1.37,0.0
2012/10/11,25.1,25.7,25.0,25.2,1335.0,33836.0,-1.5625,0.6482,716.0,-16.0,0.0,1.0,-15.0,20702.0,402.0,542.0,30.0,201.0,0.0,0.0,1.35,0.0
2012/10/12,25.25,25.8,25.2,25.2,912.0,23164.0,0.0,0.4428,545.0,31.0,0.0,-4.0,27.0,20691.0,254.0,262.0,9.0,214.0,22.0,0.0,1.35,0.0
2012/10/15,25.2,25.4,25.0,25.1,547.0,13766.0,-0.3968,0.2656,333.0,4.0,0.0,0.0,4.0,20717.0,203.0,175.0,34.0,194.0,14.0,0.0,1.35,0.0
2012/10/16,25.45,25.6,25.0,25.0,569.0,14366.0,-0.3984,0.2763,353.0,-7.0,0.0,0.0,-7.0,20683.0,221.0,250.0,5.0,193.0,4.0,0.0,1.34,0.0
2012/10/17,25.3,25.55,25.2,25.2,975.0,24713.0,0.8,0.4734,577.0,-29.0,0.0,-1.0,-30.0,20613.0,241.0,311.0,1.0,198.0,6.0,0.0,1.35,0.0
2012/10/18,25.4,25.4,25.1,25.3,427.0,10793.0,0.3968,0.2073,275.0,67.0,7.0,0.0,74.0,20513.0,74.0,173.0,7.0,194.0,3.0,0.0,1.36,0.0
2012/10/19,25.1,25.2,24.4,24.4,1007.0,24875.0,-3.5573,0.4889,569.0,67.0,0.0,-1.0,66.0,20222.0,252.0,523.0,15.0,179.0,0.0,0.0,1.31,0.0
2012/10/22,24.05,24.35,23.6,24.2,775.0,18648.0,-0.8197,0.3763,404.0,102.0,0.0,0.0,102.0,20039.0,225.0,407.0,17.0,162.0,0.0,0.0,1.3,0.0
2012/10/23,24.3,24.35,24.0,24.1,467.0,11321.0,-0.4132,0.2267,290.0,22.0,0.0,-3.0,19.0,19994.0,104.0,148.0,2.0,165.0,6.0,0.0,1.29,0.0
2012/10/24,23.8,24.45,23.8,24.1,590.0,14283.0,0.0,0.2865,361.0,67.0,0.0,-1.0,66.0,19951.0,169.0,185.0,5.0,164.0,4.0,0.0,1.29,0.0
2012/10/25,24.25,24.35,23.5,23.55,604.0,14398.0,-2.2822,0.2933,341.0,22.0,0.0,0.0,22.0,19838.0,181.0,294.0,8.0,157.0,1.0,0.0,1.26,0.0
2012/10/26,23.6,24.1,22.0,22.0,2064.0,46532.0,-6.5817,1.0021,818.0,125.0,-97.0,0.0,28.0,19248.0,453.0,1042.0,76.0,81.0,0.0,0.0,1.18,0.0
2012/10/29,22.0,22.25,20.5,20.5,2096.0,44179.0,-6.8182,1.0177,933.0,95.0,0.0,12.0,107.0,18494.0,509.0,1255.0,22.0,72.0,13.0,0.0,1.1,0.0
2012/10/30,20.3,21.45,20.3,21.15,1278.0,26831.0,3.1707,0.6205,616.0,161.0,0.0,17.0,178.0,18264.0,311.0,495.0,18.0,125.0,71.0,0.0,1.1,0.0
2012/10/31,21.25,21.4,20.8,20.85,776.0,16343.0,-1.4184,0.3768,426.0,6.0,0.0,-11.0,-5.0,18176.0,209.0,297.0,5.0,126.0,6.0,0.0,1.09,0.0
2012/11/01,20.85,21.65,20.35,21.3,949.0,20089.0,2.1583,0.4608,527.0,23.0,0.0,0.0,23.0,18093.0,238.0,319.0,37.0,120.0,31.0,0.0,1.11,0.0
2012/11/02,21.5,22.0,21.45,21.5,810.0,17603.0,0.939,0.3933,491.0,75.0,0.0,0.0,75.0,18093.0,296.0,293.0,0.0,148.0,28.0,0.0,1.12,0.0
2012/11/05,21.5,21.8,21.25,21.25,430.0,9238.0,-1.1628,0.2088,262.0,20.0,0.0,0.0,20.0,18086.0,117.0,124.0,19.0,147.0,18.0,0.0,1.11,0.0
2012/11/06,21.5,21.75,21.3,21.7,273.0,5892.0,2.1176,0.1325,196.0,49.0,0.0,0.0,49.0,18042.0,48.0,70.0,9.0,144.0,6.0,0.0,1.13,0.0
2012/11/07,21.85,22.1,21.3,21.75,884.0,19308.0,0.2304,0.4292,496.0,52.0,0.0,0.0,52.0,18077.0,266.0,228.0,4.0,166.0,26.0,0.0,1.14,0.0
2012/11/08,21.4,21.65,21.3,21.4,477.0,10220.0,-1.6092,0.2316,317.0,67.0,0.0,13.0,80.0,18010.0,121.0,168.0,12.0,154.0,0.0,0.0,1.12,0.0
2012/11/09,21.25,22.2,21.25,21.9,867.0,18982.0,2.3364,0.4209,483.0,46.0,0.0,0.0,46.0,18082.0,246.0,172.0,78.0,137.0,61.0,0.0,1.14,0.0
2012/11/12,21.8,22.2,21.75,21.75,650.0,14299.0,-0.6849,0.3156,366.0,157.0,0.0,0.0,157.0,18006.0,97.0,173.0,4.0,141.0,8.0,0.0,1.14,0.0
2012/11/13,21.9,22.0,21.35,21.4,538.0,11652.0,-1.6092,0.2612,371.0,74.0,0.0,0.0,74.0,18006.0,165.0,159.0,11.0,144.0,14.0,0.0,1.12,0.0
2012/11/14,21.4,21.7,21.35,21.5,307.0,6609.0,0.4673,0.1491,214.0,42.0,0.0,-1.0,41.0,17914.0,56.0,127.0,14.0,138.0,8.0,0.0,1.12,0.0
2012/11/15,21.4,21.9,21.3,21.8,545.0,11812.0,1.3953,0.2646,291.0,-43.0,0.0,0.0,-43.0,17957.0,201.0,142.0,33.0,142.0,37.0,0.0,1.14,0.0
2012/11/16,21.8,22.0,21.35,21.35,518.0,11190.0,-2.0642,0.2515,308.0,53.0,0.0,-1.0,52.0,17933.0,142.0,166.0,20.0,123.0,1.0,0.0,1.11,0.0
2012/11/19,21.5,21.65,21.4,21.4,593.0,12774.0,0.2342,0.2879,315.0,92.0,0.0,0.0,92.0,17864.0,119.0,165.0,7.0,134.0,18.0,0.0,1.12,0.0
2012/11/20,21.6,21.85,21.3,21.4,505.0,10909.0,0.0,0.2452,216.0,-39.0,0.0,0.0,-39.0,17940.0,219.0,141.0,6.0,143.0,16.0,0.0,1.12,0.0
2012/11/21,21.4,21.55,20.8,20.85,415.0,8755.0,-2.5701,0.2015,271.0,-58.0,0.0,0.0,-58.0,17878.0,106.0,163.0,25.0,120.0,2.0,0.0,1.09,0.0
2012/11/22,21.3,22.1,21.1,21.85,1244.0,26963.0,4.7962,0.604,711.0,44.0,0.0,0.0,44.0,17970.0,478.0,369.0,2.0,159.0,41.0,0.0,1.14,0.0
2012/11/23,22.15,23.0,22.0,22.75,2418.0,54557.0,4.119,1.174,1182.0,93.0,0.0,0.0,93.0,17828.0,660.0,790.0,74.0,148.0,63.0,0.0,1.19,0.0
2012/11/26,23.0,23.25,22.85,23.0,1158.0,26658.0,1.0989,0.5622,563.0,71.0,0.0,-9.0,62.0,17754.0,445.0,519.0,26.0,124.0,2.0,0.0,1.2,0.0
2012/11/27,23.1,23.1,22.5,22.85,692.0,15785.0,-0.6522,0.336,365.0,40.0,0.0,1.0,41.0,17832.0,283.0,200.0,11.0,113.0,0.0,0.0,1.19,0.0
2012/11/28,22.8,23.3,22.65,23.05,985.0,22741.0,0.8753,0.4782,477.0,54.0,-13.0,0.0,41.0,17929.0,386.0,279.0,1.0,125.0,13.0,0.0,1.2,0.0
2012/11/29,23.2,23.45,22.8,22.9,801.0,18512.0,-0.6508,0.3889,393.0,12.0,0.0,0.0,12.0,17954.0,331.0,300.0,50.0,83.0,8.0,0.0,1.2,0.0
2012/11/30,22.9,23.9,22.9,23.1,1544.0,36231.0,0.8734,0.7496,754.0,75.0,0.0,0.0,75.0,17981.0,465.0,423.0,3.0,88.0,8.0,0.0,1.21,0.0
2012/12/03,23.25,23.65,23.05,23.05,879.0,20490.0,-0.2165,0.4268,508.0,116.0,0.0,1.0,117.0,17885.0,286.0,355.0,7.0,80.0,0.0,0.0,1.2,0.0
2012/12/04,23.0,23.7,22.85,23.4,1139.0,26622.0,1.5184,0.553,590.0,14.0,0.0,0.0,14.0,17955.0,382.0,275.0,5.0,126.0,51.0,0.0,1.22,0.0
2012/12/05,23.4,24.15,23.35,23.55,1542.0,36666.0,0.641,0.7487,708.0,26.0,-1.0,2.0,27.0,18123.0,589.0,412.0,0.0,144.0,18.0,0.0,1.23,0.0
2012/12/06,23.8,23.95,23.4,23.4,1510.0,35730.0,-0.6369,0.7331,652.0,103.0,0.0,-11.0,92.0,17934.0,367.0,548.0,2.0,167.0,25.0,0.0,1.22,0.0
2012/12/07,23.45,23.9,23.3,23.3,774.0,18239.0,-0.4274,0.3758,431.0,-3.0,0.0,0.0,-3.0,17953.0,289.0,247.0,10.0,169.0,13.0,0.0,1.22,0.0
2012/12/10,23.35,23.5,22.8,22.95,730.0,16825.0,-1.5021,0.3544,380.0,-41.0,-1.0,0.0,-42.0,17919.0,269.0,274.0,42.0,127.0,0.0,0.0,1.2,0.0
2012/12/11,22.8,23.1,22.5,22.6,670.0,15179.0,-1.5251,0.3253,284.0,59.0,0.0,0.0,59.0,17782.0,121.0,249.0,21.0,106.0,0.0,0.0,1.18,0.0
2012/12/12,22.95,23.15,22.75,23.1,698.0,16075.0,2.2124,0.3389,355.0,60.0,0.0,1.0,61.0,17774.0,209.0,213.0,15.0,120.0,29.0,0.0,1.21,0.0
2012/12/13,23.2,23.7,23.2,23.6,983.0,23121.0,2.1645,0.4773,509.0,23.0,0.0,-3.0,20.0,17839.0,366.0,258.0,26.0,112.0,18.0,0.0,1.23,0.0
2012/12/14,23.75,24.2,23.6,23.7,1664.0,39825.0,0.4237,0.8079,766.0,45.0,0.0,54.0,99.0,17778.0,615.0,658.0,10.0,120.0,18.0,0.0,1.24,0.0
2012/12/17,24.0,24.4,23.7,23.9,1553.0,37394.0,0.8439,0.754,806.0,39.0,0.0,11.0,50.0,17666.0,578.0,671.0,2.0,154.0,36.0,0.0,1.25,0.0
2012/12/18,24.05,24.8,23.8,24.6,2620.0,64045.0,2.9289,1.2721,1072.0,7.0,0.0,35.0,42.0,17826.0,759.0,596.0,20.0,222.0,88.0,0.0,1.28,0.0
2012/12/19,24.95,25.1,24.25,24.65,1881.0,46397.0,0.2033,0.9133,801.0,6.0,0.0,0.0,6.0,17971.0,903.0,755.0,52.0,208.0,38.0,0.0,1.29,0.0
2012/12/20,24.1,24.15,23.45,23.6,1951.0,46408.0,-4.2596,0.9473,997.0,-102.0,0.0,-100.0,-202.0,17733.0,629.0,856.0,86.0,122.0,0.0,0.0,1.23,0.0
2012/12/21,23.45,23.6,23.2,23.2,716.0,16727.0,-1.6949,0.3476,379.0,12.0,-2.0,-2.0,8.0,17700.0,270.0,277.0,18.0,107.0,3.0,0.0,1.21,0.0
2012/12/22,23.3,23.65,23.25,23.45,646.0,15164.0,1.0776,0.3136,378.0,0.0,-8.0,-3.0,-11.0,17641.0,270.0,313.0,1.0,109.0,3.0,0.0,1.22,0.0
2012/12/24,23.45,23.8,23.25,23.45,1039.0,24471.0,0.0,0.5045,469.0,36.0,0.0,0.0,36.0,17572.0,362.0,382.0,3.0,109.0,3.0,0.0,1.22,0.0
2012/12/25,23.6,23.95,23.45,23.9,888.0,21164.0,1.919,0.4311,481.0,31.0,0.0,1.0,32.0,17516.0,285.0,323.0,8.0,124.0,23.0,0.0,1.25,0.0
2012/12/26,23.95,24.1,23.7,23.8,677.0,16161.0,-0.4184,0.3287,353.0,49.0,0.0,0.0,49.0,17463.0,280.0,333.0,13.0,117.0,6.0,0.0,1.24,0.0
2012/12/27,23.8,23.95,23.5,23.5,809.0,19141.0,-1.2605,0.3928,391.0,6.0,0.0,0.0,6.0,17553.0,344.0,251.0,27.0,90.0,0.0,0.0,1.23,0.0
2012/12/28,23.6,23.9,23.5,23.5,579.0,13685.0,0.0,0.2811,302.0,5.0,0.0,12.0,17.0,17540.0,176.0,181.0,8.0,102.0,20.0,0.0,1.23,0.0
2013/01/02,23.85,24.2,23.6,23.75,1329.0,31764.0,1.0638,0.6453,581.0,38.0,0.0,0.0,38.0,17649.0,405.0,294.0,27.0,76.0,1.0,0.0,1.24,0.0
2013/01/03,24.05,25.0,23.85,24.3,2972.0,72943.0,2.3158,1.443,1271.0,3.0,-1.0,0.0,2.0,17899.0,1281.0,1030.0,0.0,81.0,5.0,0.0,1.27,0.0
2013/01/04,24.35,24.65,24.0,24.1,1268.0,30839.0,-0.823,0.6156,617.0,0.0,-2.0,-2.0,-4.0,17864.0,458.0,453.0,5.0,76.0,0.0,0.0,1.26,0.0
2013/01/07,24.2,24.4,23.85,23.85,848.0,20455.0,-1.0373,0.4117,399.0,-6.0,-7.0,0.0,-13.0,17626.0,191.0,415.0,0.0,78.0,2.0,0.0,1.24,0.0
2013/01/08,23.9,24.0,23.7,23.7,699.0,16694.0,-0.6289,0.3394,332.0,22.0,0.0,0.0,22.0,17594.0,212.0,232.0,2.0,80.0,4.0,0.0,1.24,0.0
2013/01/09,23.75,24.15,23.75,23.75,542.0,12968.0,0.211,0.2632,264.0,27.0,0.0,0.0,27.0,17581.0,223.0,236.0,4.0,78.0,2.0,0.0,1.24,0.0
2013/01/10,23.85,24.45,23.85,24.0,1503.0,36382.0,1.0526,0.7297,609.0,67.0,0.0,0.0,67.0,17787.0,597.0,391.0,3.0,89.0,14.0,0.0,1.25,0.0
2013/01/11,24.05,24.55,23.9,24.2,1535.0,37290.0,0.8333,0.7453,700.0,2.0,-2.0,0.0,0.0,17835.0,495.0,447.0,6.0,83.0,0.0,0.0,1.26,0.0
2013/01/14,24.1,24.45,24.05,24.25,740.0,17985.0,0.2066,0.3593,380.0,-5.0,0.0,0.0,-5.0,17906.0,383.0,309.0,0.0,86.0,3.0,0.0,1.27,0.0
2013/01/15,24.25,24.7,24.1,24.1,913.0,22294.0,-0.6186,0.4433,463.0,-29.0,0.0,0.0,-29.0,18045.0,462.0,318.0,4.0,83.0,1.0,0.0,1.26,0.0
2013/01/16,24.25,24.35,23.8,23.8,937.0,22594.0,-1.2448,0.4549,412.0,-8.0,-1.0,-5.0,-14.0,17902.0,320.0,462.0,7.0,76.0,0.0,0.0,1.24,0.0
2013/01/17,23.9,24.2,22.5,22.5,1452.0,33719.0,-5.4622,0.705,656.0,-4.0,-1.0,-1.0,-6.0,17624.0,379.0,640.0,48.0,27.0,0.0,0.0,1.17,0.0
2013/01/18,22.9,23.1,22.8,23.0,542.0,12442.0,2.2222,0.2632,270.0,51.0,0.0,0.0,51.0,17590.0,196.0,227.0,0.0,46.0,19.0,0.0,1.2,0.0
2013/01/21,23.15,23.2,22.85,22.95,325.0,7497.0,-0.2174,0.1578,179.0,16.0,0.0,0.0,16.0,17568.0,106.0,114.0,0.0,68.0,22.0,0.0,1.2,0.0
2013/01/22,23.0,23.35,23.0,23.0,431.0,9956.0,0.2179,0.2093,215.0,16.0,0.0,-1.0,15.0,17593.0,199.0,151.0,0.0,70.0,2.0,0.0,1.2,0.0
2013/01/23,23.1,23.2,22.8,22.8,578.0,13285.0,-0.8696,0.2806,280.0,-21.0,0.0,0.0,-21.0,17675.0,236.0,153.0,16.0,55.0,1.0,0.0,1.19,0.0
2013/01/24,22.7,23.1,22.7,22.8,500.0,11438.0,0.0,0.2428,258.0,-35.0,-1.0,-2.0,-38.0,17716.0,176.0,133.0,12.0,45.0,2.0,0.0,1.19,0.0
2013/01/25,22.8,22.95,22.4,22.4,659.0,14903.0,-1.7544,0.32,356.0,-77.0,0.0,-1.0,-78.0,17586.0,144.0,210.0,12.0,33.0,0.0,0.0,1.17,0.0
2013/01/28,22.7,22.7,22.4,22.4,372.0,8375.0,0.0,0.1806,196.0,-1.0,0.0,0.0,-1.0,17572.0,113.0,120.0,3.0,63.0,33.0,0.0,1.17,0.0
2013/01/29,23.0,23.75,23.0,23.6,1425.0,33371.0,5.3571,0.6919,769.0,17.0,0.0,2.0,19.0,17584.0,511.0,497.0,32.0,44.0,14.0,0.0,1.23,0.0
2013/01/30,23.6,24.4,23.45,24.25,3910.0,94403.0,2.7542,1.8984,1740.0,-5.0,0.0,-15.0,-20.0,17618.0,1016.0,915.0,0.0,242.0,198.0,0.0,1.27,0.0
2013/01/31,24.35,24.35,23.85,23.85,1002.0,24100.0,-1.6495,0.4865,502.0,-38.0,1.0,0.0,-37.0,17656.0,368.0,318.0,141.0,101.0,0.0,0.0,1.24,0.0
2013/02/01,23.85,24.8,23.85,24.4,2250.0,55031.0,2.3061,1.0924,1113.0,18.0,0.0,0.0,18.0,17951.0,1044.0,738.0,1.0,162.0,62.0,0.0,1.27,0.0
2013/02/04,24.9,25.05,24.0,24.0,1404.0,34325.0,-1.6393,0.6817,624.0,-92.0,2.0,1.0,-89.0,17892.0,574.0,619.0,88.0,74.0,0.0,0.0,1.25,0.0
2013/02/05,23.8,23.85,23.3,23.5,972.0,22842.0,-2.0833,0.4719,516.0,-57.0,3.0,0.0,-54.0,17877.0,378.0,368.0,34.0,40.0,0.0,0.0,1.23,0.0
2013/02/06,23.6,23.65,23.1,23.15,1261.0,29322.0,-1.4894,0.6122,558.0,23.0,-1.0,0.0,22.0,17712.0,483.0,555.0,11.0,29.0,0.0,0.0,1.21,0.0
2013/02/18,23.5,24.0,23.25,23.55,1545.0,36460.0,1.7279,0.7501,612.0,19.0,0.0,0.0,19.0,17945.0,629.0,382.0,0.0,29.0,0.0,0.0,1.23,0.0
2013/02/19,23.6,23.75,23.4,23.55,806.0,19024.0,0.0,0.3913,352.0,-15.0,0.0,0.0,-15.0,18015.0,282.0,187.0,4.0,25.0,0.0,0.0,1.23,0.0
2013/02/20,23.6,25.15,23.6,25.15,7956.0,196890.0,6.7941,3.8628,2865.0,68.0,0.0,0.0,68.0,18767.0,2726.0,1964.0,1.0,121.0,97.0,0.0,1.31,0.0
2013/02/21,25.3,25.65,24.75,25.5,5729.0,144296.0,1.3917,2.7816,2579.0,-310.0,0.0,0.0,-310.0,18417.0,2024.0,2363.0,22.0,178.0,79.0,0.0,1.33,0.0
2013/02/22,25.5,25.5,24.7,25.4,1870.0,47102.0,-0.3922,0.9079,941.0,21.0,-1.0,0.0,20.0,18367.0,786.0,813.0,36.0,142.0,0.0,0.0,1.33,0.0
2013/02/23,25.5,26.5,25.1,26.15,4451.0,115389.0,2.9528,2.1611,2109.0,1.0,0.0,0.0,1.0,18441.0,1596.0,1495.0,0.0,196.0,54.0,0.0,1.36,0.0
2013/02/25,26.15,26.35,25.6,25.6,3048.0,78780.0,-2.1033,1.4799,1447.0,-61.0,0.0,0.0,-61.0,18648.0,1213.0,991.0,47.0,149.0,0.0,0.0,1.34,0.0
2013/02/26,25.3,25.55,24.8,24.85,1605.0,40394.0,-2.9297,0.7793,831.0,-10.0,0.0,0.0,-10.0,18693.0,672.0,614.0,56.0,93.0,0.0,0.0,1.3,0.0
2013/02/27,25.0,25.2,24.9,24.95,1140.0,28572.0,0.4024,0.5535,593.0,50.0,0.0,0.0,50.0,18594.0,389.0,481.0,7.0,94.0,9.0,0.0,1.3,0.0
2013/03/01,25.4,26.65,25.3,26.65,8997.0,236244.0,6.8136,4.3682,3273.0,116.0,0.0,0.0,116.0,19306.0,3037.0,2304.0,1.0,179.0,86.0,0.0,1.39,0.0
2013/03/04,26.65,26.8,26.05,26.75,5096.0,134766.0,0.3752,2.4742,2403.0,-341.0,0.0,0.0,-341.0,19337.0,1897.0,1863.0,50.0,154.0,25.0,0.0,1.4,0.0
2013/03/05,27.65,28.0,26.85,26.85,6910.0,188995.0,0.3738,3.355,3154.0,-40.0,0.0,0.0,-40.0,19451.0,2528.0,2409.0,17.0,179.0,42.0,0.0,1.4,0.0
2013/03/06,27.05,27.2,26.35,26.35,3105.0,82826.0,-1.8622,1.5075,1468.0,-38.0,0.0,125.0,87.0,19553.0,1093.0,986.0,17.0,168.0,6.0,0.0,1.38,0.0
2013/03/07,26.4,27.0,26.4,26.45,2698.0,72008.0,0.3795,1.3099,1258.0,-48.0,0.0,-125.0,-173.0,19660.0,1040.0,916.0,17.0,158.0,7.0,0.0,1.38,0.0
2013/03/08,26.5,26.8,26.0,26.0,2734.0,71836.0,-1.7013,1.3274,1186.0,-1.0,0.0,0.0,-1.0,19296.0,1074.0,1425.0,25.0,133.0,0.0,0.0,1.36,0.0
2013/03/11,26.0,26.55,25.9,26.0,2349.0,61613.0,0.0,1.1405,1012.0,56.0,0.0,0.0,56.0,19144.0,802.0,947.0,6.0,145.0,18.0,0.0,1.36,0.0
2013/03/12,26.3,26.7,26.0,26.0,2132.0,56078.0,0.0,1.0351,1050.0,-2.0,-1.0,0.0,-3.0,19054.0,696.0,782.0,26.0,123.0,4.0,0.0,1.36,0.0
2013/03/13,26.25,27.2,25.65,26.9,5589.0,148598.0,3.4615,2.7136,2668.0,63.0,0.0,0.0,63.0,19064.0,1428.0,1416.0,8.0,165.0,50.0,0.0,1.4,0.0
2013/03/14,27.1,27.2,26.5,26.5,1878.0,50236.0,-1.487,0.9118,945.0,-101.0,-1.0,0.0,-102.0,19140.0,756.0,652.0,31.0,149.0,15.0,0.0,1.38,4.53
2013/03/15,26.6,26.8,26.1,26.15,1867.0,49366.0,-1.3208,0.9065,864.0,-99.0,0.0,0.0,-99.0,19284.0,695.0,516.0,25.0,125.0,1.0,0.0,1.36,4.59
2013/03/18,25.8,26.0,25.25,25.35,1459.0,37263.0,-3.0593,0.7084,710.0,-32.0,0.0,0.0,-32.0,18927.0,444.0,778.0,13.0,111.0,0.0,0.0,1.32,4.73
2013/03/19,25.55,25.8,25.35,25.4,820.0,20976.0,0.1972,0.3981,477.0,-2.0,0.0,0.0,-2.0,18878.0,332.0,329.0,3.0,120.0,12.0,0.0,1.33,4.72
2013/03/20,25.4,25.95,25.4,25.6,1210.0,31089.0,0.7874,0.5875,560.0,56.0,0.0,10.0,66.0,18842.0,321.0,346.0,3.0,128.0,11.0,0.0,1.34,4.69
2013/03/21,25.9,25.9,25.0,25.2,1319.0,33573.0,-1.5625,0.6404,705.0,-21.0,0.0,13.0,-8.0,18562.0,428.0,548.0,23.0,106.0,1.0,0.0,1.32,4.76
2013/03/22,25.1,25.65,25.05,25.35,1300.0,33108.0,0.5952,0.6312,588.0,18.0,0.0,0.0,18.0,18405.0,176.0,331.0,1.0,106.0,1.0,0.0,1.32,4.73
2013/03/25,25.9,26.2,25.4,26.2,2490.0,64346.0,3.3531,1.2089,1234.0,-33.0,0.0,0.0,-33.0,18367.0,819.0,854.0,0.0,115.0,9.0,0.0,1.37,4.58
2013/03/26,26.45,27.2,26.2,26.5,7173.0,192377.0,1.145,3.4826,3012.0,-10.0,0.0,0.0,-10.0,19273.0,2756.0,1843.0,24.0,293.0,202.0,0.0,1.38,4.53
2013/03/27,26.85,26.85,26.15,26.25,1623.0,42804.0,-0.9434,0.788,861.0,-69.0,-4.0,0.0,-73.0,19095.0,601.0,776.0,111.0,189.0,7.0,0.0,1.36,4.57
2013/03/28,26.4,26.7,26.1,26.1,1172.0,30882.0,-0.5714,0.569,683.0,-9.0,0.0,0.0,-9.0,19098.0,531.0,528.0,24.0,167.0,2.0,24.86,1.35,4.6
2013/03/29,26.5,26.5,25.9,25.9,1297.0,33839.0,-0.7663,0.6297,619.0,23.0,0.0,0.0,23.0,18895.0,524.0,727.0,53.0,114.0,0.0,24.67,1.34,4.63
2013/04/01,25.95,26.25,25.6,25.6,1006.0,26090.0,-1.1583,0.4884,481.0,35.0,0.0,0.0,35.0,18759.0,340.0,476.0,45.0,70.0,1.0,24.38,1.32,4.69
2013/04/02,25.5,25.85,25.5,25.6,596.0,15306.0,0.0,0.2894,365.0,24.0,0.0,0.0,24.0,18812.0,252.0,197.0,2.0,68.0,0.0,24.38,1.32,4.69
2013/04/03,25.8,25.95,25.7,25.95,561.0,14500.0,1.3672,0.2724,352.0,35.0,0.0,0.0,35.0,18811.0,192.0,189.0,50.0,11.0,0.0,24.71,1.34,4.62
2013/04/08,25.5,25.5,24.35,24.45,1350.0,33358.0,-5.7803,0.6555,698.0,36.0,0.0,2.0,38.0,18177.0,0.0,633.0,0.0,0.0,0.0,23.29,1.26,4.91
2013/04/09,24.45,24.75,24.1,24.2,817.0,19925.0,-1.0225,0.3967,472.0,-36.0,0.0,0.0,-36.0,17935.0,0.0,240.0,0.0,0.0,0.0,23.05,1.25,4.96
2013/04/10,24.5,24.5,24.2,24.3,501.0,12195.0,0.4132,0.2432,351.0,13.0,0.0,0.0,13.0,17837.0,0.0,98.0,0.0,0.0,0.0,23.14,1.26,4.94
2013/04/11,24.6,25.1,24.55,24.85,1029.0,25605.0,2.2634,0.4996,647.0,-4.0,0.0,0.0,-4.0,18072.0,375.0,140.0,0.0,12.0,12.0,23.67,1.28,4.83
2013/04/12,24.85,24.95,24.35,24.4,542.0,13335.0,-1.8109,0.2632,345.0,-10.0,0.0,0.0,-10.0,18044.0,250.0,260.0,7.0,13.0,8.0,23.24,1.26,4.92
2013/04/15,24.05,24.4,23.75,23.8,844.0,20265.0,-2.459,0.4098,457.0,-1.0,0.0,0.0,-1.0,18050.0,326.0,317.0,0.0,18.0,5.0,22.67,1.23,5.04
2013/04/16,23.5,24.35,23.5,24.15,738.0,17642.0,1.4706,0.3583,458.0,15.0,0.0,-2.0,13.0,17988.0,215.0,231.0,2.0,46.0,30.0,23.0,1.25,4.97
2013/04/17,24.4,25.8,24.2,25.8,4060.0,103761.0,6.8323,1.9712,1655.0,-7.0,-1.0,-2.0,-10.0,18524.0,1380.0,837.0,16.0,329.0,299.0,24.57,1.33,4.65
2013/04/18,25.9,26.4,25.7,25.9,5421.0,141217.0,0.3876,2.632,2391.0,-147.0,10.0,0.0,-137.0,18740.0,1904.0,1675.0,84.0,341.0,96.0,24.67,1.34,4.63
2013/04/19,25.9,26.3,25.8,25.9,1660.0,43206.0,0.0,0.806,824.0,-6.0,0.0,0.0,-6.0,18750.0,512.0,500.0,138.0,262.0,59.0,24.67,1.34,4.63
2013/04/22,26.35,27.15,26.25,26.6,6003.0,161319.0,2.7027,2.9146,2323.0,2.0,0.0,0.0,2.0,19967.0,3027.0,1798.0,37.0,343.0,118.0,25.33,1.37,4.51
2013/04/23,26.6,26.8,26.1,26.1,1717.0,45313.0,-1.8797,0.8336,811.0,-15.0,-1.0,0.0,-16.0,20249.0,945.0,662.0,81.0,271.0,10.0,24.86,1.35,4.6
2013/04/24,26.4,26.65,26.15,26.15,1308.0,34571.0,0.1916,0.6351,715.0,33.0,0.0,0.0,33.0,20134.0,465.0,580.0,25.0,265.0,19.0,24.9,1.35,4.59
2013/04/25,26.0,26.65,26.0,26.05,1385.0,36509.0,-0.3824,0.6724,712.0,33.0,-1.0,0.0,32.0,20204.0,574.0,498.0,45.0,233.0,13.0,24.81,1.35,4.61
2013/04/26,26.1,26.45,25.7,25.7,1447.0,37688.0,-1.3436,0.7025,664.0,35.0,0.0,0.0,35.0,20122.0,717.0,798.0,27.0,206.0,0.0,24.48,1.33,4.67
2013/04/29,25.9,25.9,25.55,25.7,671.0,17233.0,0.0,0.3258,391.0,17.0,0.0,0.0,17.0,20170.0,278.0,227.0,16.0,189.0,0.0,24.48,1.33,4.67
2013/04/30,25.9,26.6,25.75,26.0,2519.0,66059.0,1.1673,1.223,1094.0,60.0,0.0,-1.0,59.0,20062.0,984.0,1088.0,17.0,186.0,14.0,24.76,1.34,4.62
2013/05/02,26.0,26.8,25.8,26.4,2730.0,72311.0,1.5385,1.3255,1335.0,-9.0,0.0,0.0,-9.0,20076.0,1130.0,974.0,13.0,214.0,41.0,25.14,1.36,4.55
2013/05/03,26.6,26.95,25.85,25.85,2478.0,65133.0,-2.0833,1.2031,1236.0,-37.0,-1.0,0.0,-38.0,20006.0,1109.0,1179.0,31.0,184.0,1.0,24.62,1.34,4.64
2013/05/06,26.15,26.15,25.6,25.9,1128.0,29129.0,0.1934,0.5477,601.0,2.0,0.0,0.0,2.0,20156.0,571.0,417.0,21.0,163.0,0.0,24.67,1.34,4.63
2013/05/07,25.9,26.65,25.8,26.4,3207.0,84487.0,1.9305,1.5571,1578.0,41.0,0.0,0.0,41.0,19865.0,782.0,1068.0,25.0,182.0,44.0,25.14,1.36,4.55
2013/05/08,26.6,26.6,26.05,26.1,1359.0,35702.0,-1.1364,0.6598,734.0,10.0,0.0,0.0,10.0,19598.0,353.0,609.0,40.0,142.0,0.0,24.86,1.35,4.6
2013/05/09,26.2,26.4,26.0,26.0,1179.0,30822.0,-0.3831,0.5724,584.0,14.0,0.0,0.0,14.0,19647.0,497.0,415.0,21.0,121.0,0.0,24.76,1.34,4.62
2013/05/10,26.05,26.25,25.75,25.95,852.0,22090.0,-0.1923,0.4137,465.0,20.0,0.0,1.0,21.0,19690.0,344.0,276.0,12.0,129.0,20.0,24.71,1.34,4.62
2013/05/13,26.1,26.2,25.75,25.8,1154.0,30003.0,-0.578,0.5603,545.0,29.0,0.0,0.0,29.0,19580.0,289.0,399.0,19.0,123.0,13.0,24.57,1.33,4.65
2013/05/14,25.8,26.2,25.55,25.55,741.0,19064.0,-0.969,0.3599,440.0,10.0,-1.0,1.0,10.0,19590.0,286.0,276.0,27.0,96.0,0.0,24.33,1.31,4.7
2013/05/15,25.6,26.0,25.6,25.65,723.0,18620.0,0.3914,0.3511,404.0,43.0,0.0,29.0,72.0,19642.0,290.0,236.0,1.0,96.0,1.0,27.0,1.32,4.68
2013/05/16,26.0,26.9,25.7,26.45,4114.0,109002.0,3.1189,1.998,1877.0,27.0,0.0,22.0,49.0,19738.0,1478.0,1382.0,16.0,105.0,25.0,27.84,1.36,4.54
2013/05/17,26.45,26.65,26.05,26.1,1598.0,42001.0,-1.3233,0.7761,761.0,-25.0,0.0,1.0,-24.0,19865.0,839.0,712.0,7.0,98.0,0.0,27.47,1.34,4.6
2013/05/20,26.1,26.3,25.95,26.15,784.0,20504.0,0.1916,0.3808,412.0,1.0,0.0,0.0,1.0,19958.0,326.0,231.0,1.0,98.0,1.0,27.53,1.35,4.59
2013/05/21,26.4,27.95,26.2,27.95,13342.0,365142.0,6.8834,6.4797,4612.0,95.0,0.0,70.0,165.0,20025.0,4127.0,4060.0,1.0,338.0,241.0,29.42,1.44,4.29
2013/05/22,28.45,28.6,27.5,27.5,9479.0,266009.0,-1.61,4.6036,3754.0,-149.0,-1.0,-60.0,-210.0,20162.0,3965.0,3827.0,165.0,211.0,38.0,28.95,1.42,4.36
2013/05/23,27.2,28.1,27.1,27.2,4629.0,127513.0,-1.0909,2.2481,2199.0,-20.0,0.0,-2.0,-22.0,20376.0,2060.0,1844.0,54.0,158.0,1.0,28.63,1.4,4.41
2013/05/24,27.5,28.2,27.25,27.6,5596.0,155474.0,1.4706,2.7178,2587.0,-30.0,-1.0,-60.0,-91.0,20495.0,1975.0,1850.0,0.0,207.0,50.0,29.05,1.42,4.35
2013/05/27,27.7,28.05,27.5,27.65,2668.0,74034.0,0.1812,1.2957,1347.0,-10.0,0.0,0.0,-10.0,20560.0,987.0,918.0,37.0,198.0,28.0,29.11,1.42,4.34
2013/05/28,27.85,28.5,27.7,27.75,4945.0,139158.0,0.3617,2.4016,2146.0,1.0,0.0,0.0,1.0,20754.0,1865.0,1671.0,3.0,196.0,2.0,29.21,1.43,4.32
2013/05/29,27.8,28.0,27.25,27.4,3106.0,85204.0,-1.2613,1.5085,1441.0,5.0,0.0,0.0,5.0,20444.0,1306.0,1609.0,32.0,168.0,4.0,28.84,1.41,4.38
2013/05/30,27.15,27.4,26.8,26.95,1782.0,48321.0,-1.6423,0.8655,907.0,45.0,0.0,0.0,45.0,20543.0,750.0,649.0,10.0,158.0,0.0,28.37,1.39,4.45
2013/05/31,27.1,27.8,27.1,27.4,4170.0,114729.0,1.6698,2.0252,1754.0,128.0,0.0,0.0,128.0,20468.0,1282.0,1357.0,26.0,161.0,29.0,28.84,1.41,4.38
2013/06/03,27.0,27.3,26.95,27.1,1241.0,33627.0,-1.0949,0.6027,594.0,13.0,0.0,0.0,13.0,20420.0,472.0,517.0,38.0,123.0,0.0,28.53,1.39,4.43
2013/06/04,27.3,27.4,26.75,26.75,1084.0,29229.0,-1.2915,0.5265,586.0,32.0,0.0,-1.0,31.0,20313.0,404.0,511.0,4.0,124.0,5.0,28.16,1.38,4.49
2013/06/05,27.0,27.4,26.8,27.0,2114.0,57390.0,0.9346,1.0267,998.0,6.0,0.0,0.0,6.0,20346.0,607.0,574.0,0.0,156.0,32.0,28.42,1.39,4.44
2013/06/06,27.0,27.3,26.6,26.6,1213.0,32535.0,-1.4815,0.5891,651.0,-23.0,0.0,-1.0,-24.0,20375.0,473.0,444.0,5.0,155.0,4.0,28.0,1.37,4.51
2013/06/07,26.6,26.85,25.2,25.3,2619.0,67529.0,-4.8872,1.272,1297.0,-46.0,0.0,0.0,-46.0,20397.0,1042.0,1018.0,78.0,77.0,0.0,26.63,1.3,4.74
2013/06/10,25.6,25.75,25.45,25.55,1049.0,26839.0,0.9881,0.5095,464.0,21.0,0.0,0.0,21.0,20616.0,485.0,266.0,7.0,76.0,7.0,26.89,1.31,4.7
2013/06/11,25.55,25.65,25.15,25.25,891.0,22635.0,-1.1742,0.4327,423.0,1.0,-6.0,0.0,-5.0,20742.0,441.0,314.0,10.0,79.0,13.0,26.58,1.3,4.75
2013/06/13,25.05,25.15,24.5,24.5,1076.0,26600.0,-2.9703,0.5226,517.0,8.0,-7.0,-1.0,0.0,20552.0,248.0,438.0,10.0,69.0,0.0,25.79,1.26,4.9
2013/06/14,24.55,24.8,23.5,23.85,1610.0,38749.0,-2.6531,0.7819,702.0,-5.0,0.0,0.0,-5.0,20610.0,635.0,556.0,19.0,52.0,2.0,25.11,1.23,5.03
2013/06/17,24.05,24.4,23.95,24.15,630.0,15242.0,1.2579,0.306,340.0,33.0,0.0,0.0,33.0,20542.0,182.0,235.0,2.0,59.0,9.0,25.42,1.24,4.97
2013/06/18,24.35,24.55,24.1,24.35,745.0,18121.0,0.8282,0.3618,359.0,0.0,0.0,1.0,1.0,20527.0,284.0,294.0,0.0,68.0,9.0,25.63,1.25,4.93
2013/06/19,24.4,24.75,24.2,24.25,667.0,16293.0,-0.4107,0.3239,352.0,-7.0,0.0,-1.0,-8.0,20466.0,227.0,288.0,10.0,62.0,4.0,25.53,1.25,4.95
2013/06/20,24.1,24.1,23.75,23.75,685.0,16338.0,-2.0619,0.3327,381.0,-3.0,0.0,0.0,-3.0,20409.0,215.0,272.0,8.0,54.0,0.0,25.0,1.22,5.05
2013/06/21,23.1,23.6,23.1,23.4,981.0,22913.0,-1.4737,0.4764,416.0,7.0,0.0,0.0,7.0,20334.0,267.0,326.0,30.0,24.0,0.0,24.63,1.2,5.13
2013/06/24,23.45,23.8,23.45,23.5,508.0,12009.0,0.4274,0.2467,272.0,3.0,0.0,0.0,3.0,20346.0,211.0,199.0,1.0,26.0,3.0,24.74,1.21,5.11
2013/06/25,23.8,23.8,23.2,23.2,535.0,12514.0,-1.2766,0.2598,289.0,-21.0,0.0,4.0,-17.0,20377.0,228.0,197.0,11.0,18.0,3.0,24.42,1.19,5.17
2013/06/26,23.5,23.9,23.4,23.8,858.0,20250.0,2.5862,0.4167,425.0,-26.0,0.0,-1.0,-27.0,20535.0,386.0,228.0,0.0,21.0,3.0,25.05,1.22,5.04
2013/06/27,24.2,24.65,24.1,24.2,2309.0,56387.0,1.6807,1.1214,1079.0,-24.0,0.0,-1.0,-25.0,20702.0,678.0,503.0,1.0,27.0,7.0,25.47,1.25,4.96
2013/06/28,24.4,24.45,23.95,24.1,790.0,19050.0,-0.4132,0.3837,415.0,-51.0,0.0,-4.0,-55.0,20874.0,302.0,128.0,6.0,21.0,0.0,25.37,1.24,4.98
2013/07/01,24.15,24.4,24.05,24.4,613.0,14879.0,1.2448,0.2977,359.0,-13.0,0.0,0.0,-13.0,21055.0,316.0,135.0,0.0,21.0,0.0,25.68,1.26,4.92
2013/07/02,24.6,24.85,24.1,24.1,715.0,17481.0,-1.2295,0.3472,409.0,-4.0,0.0,-1.0,-5.0,21115.0,364.0,300.0,0.0,22.0,1.0,25.37,1.24,4.98
2013/07/03,24.15,24.3,23.6,23.65,812.0,19337.0,-1.8672,0.3944,409.0,8.0,0.0,0.0,8.0,21266.0,356.0,193.0,2.0,20.0,0.0,24.89,1.22,5.07
2013/07/04,23.8,23.85,23.5,23.5,500.0,11833.0,-0.6342,0.2428,251.0,8.0,0.0,6.0,14.0,21187.0,155.0,231.0,0.0,20.0,0.0,24.74,1.21,5.11
2013/07/05,23.6,24.15,23.6,23.85,790.0,18883.0,1.4894,0.3837,353.0,60.0,2.0,4.0,66.0,21250.0,197.0,134.0,0.0,19.0,0.0,25.11,1.23,5.03
2013/07/08,23.85,23.85,23.2,23.3,712.0,16670.0,-2.3061,0.3458,341.0,10.0,0.0,-2.0,8.0,21200.0,211.0,258.0,5.0,14.0,0.0,24.53,1.2,5.15
2013/07/09,23.35,23.75,23.35,23.7,466.0,11003.0,1.7167,0.2263,256.0,14.0,0.0,0.0,14.0,20976.0,128.0,160.0,0.0,24.0,10.0,24.95,1.22,5.06
2013/07/10,24.0,24.25,23.45,23.5,2199.0,52818.0,-0.8439,1.068,730.0,-27.0,0.0,0.0,-27.0,20835.0,516.0,657.0,1.0,24.0,1.0,24.74,1.21,5.11
2013/07/11,23.65,23.9,23.65,23.75,691.0,16449.0,1.0638,0.3356,355.0,-20.0,0.0,2.0,-18.0,20898.0,288.0,225.0,0.0,31.0,7.0,25.0,1.22,5.05
2013/07/12,23.85,24.0,23.65,23.75,377.0,8966.0,0.0,0.1831,194.0,-12.0,0.0,0.0,-12.0,20976.0,231.0,147.0,4.0,27.0,0.0,25.0,1.22,5.05
2013/07/15,23.8,24.1,23.8,24.05,517.0,12415.0,1.2632,0.2511,272.0,35.0,0.0,0.0,35.0,21055.0,222.0,143.0,2.0,26.0,1.0,25.32,1.24,4.99
2013/07/16,24.05,24.2,23.95,24.0,470.0,11303.0,-0.2079,0.2283,236.0,14.0,0.0,-1.0,13.0,21043.0,175.0,187.0,0.0,26.0,0.0,25.26,1.24,5.0
2013/07/17,24.0,24.4,23.95,24.05,1151.0,27851.0,0.2083,0.559,484.0,66.0,0.0,-1.0,65.0,20982.0,290.0,349.0,0.0,26.0,0.0,25.32,1.24,4.99
2013/07/18,24.05,24.15,23.65,23.7,497.0,11835.0,-1.4553,0.2414,263.0,25.0,0.0,0.0,25.0,20999.0,176.0,154.0,1.0,25.0,0.0,24.95,1.22,5.06
2013/07/19,23.7,23.9,23.25,23.3,744.0,17431.0,-1.6878,0.3613,334.0,19.0,0.0,3.0,22.0,20771.0,218.0,445.0,0.0,27.0,2.0,24.53,1.2,5.15
2013/07/22,23.35,23.6,23.35,23.4,664.0,15560.0,0.4292,0.3225,283.0,-68.0,0.0,0.0,-68.0,21077.0,448.0,138.0,0.0,28.0,1.0,24.63,1.2,5.13
2013/07/23,23.5,24.15,23.5,23.8,1777.0,42456.0,1.7094,0.863,665.0,63.0,0.0,7.0,70.0,21186.0,476.0,365.0,2.0,26.0,0.0,25.05,1.22,5.04
2013/07/24,24.0,24.5,23.85,24.25,1742.0,42250.0,1.8908,0.846,833.0,28.0,0.0,-2.0,26.0,21250.0,637.0,566.0,0.0,57.0,31.0,25.53,1.25,4.95
2013/07/25,24.25,24.25,23.85,23.85,849.0,20385.0,-1.6495,0.4123,446.0,-11.0,0.0,0.0,-11.0,21241.0,360.0,369.0,31.0,26.0,0.0,25.11,1.23,5.03
2013/07/26,23.9,24.05,23.8,24.0,625.0,14968.0,0.6289,0.3035,320.0,44.0,0.0,2.0,46.0,21150.0,204.0,290.0,0.0,26.0,0.0,25.26,1.24,5.0
2013/07/29,24.05,24.35,23.7,23.7,580.0,13884.0,-1.25,0.2817,293.0,-1.0,0.0,-1.0,-2.0,21073.0,193.0,268.0,0.0,27.0,1.0,24.95,1.22,5.06
2013/07/30,23.85,24.3,23.7,24.0,1589.0,38299.0,1.2658,0.7717,533.0,47.0,8.0,0.0,55.0,21270.0,735.0,538.0,1.0,27.0,1.0,25.26,1.24,5.0
2013/07/31,24.05,24.05,23.25,23.35,1589.0,37282.0,-2.7083,0.7717,654.0,-76.0,0.0,0.0,-76.0,20734.0,471.0,1006.0,1.0,26.0,0.0,24.58,1.2,5.14
2013/08/01,23.45,23.55,23.0,23.15,840.0,19450.0,-0.8565,0.408,409.0,7.0,0.0,0.0,7.0,20492.0,236.0,470.0,11.0,15.0,0.0,24.37,1.19,5.18
2013/08/02,23.3,23.45,23.15,23.2,962.0,22425.0,0.216,0.4672,456.0,36.0,0.0,0.0,36.0,20493.0,306.0,305.0,0.0,21.0,6.0,24.42,1.19,5.17
2013/08/05,23.2,23.7,23.1,23.35,1617.0,38003.0,0.6466,0.7853,613.0,90.0,0.0,0.0,90.0,20364.0,237.0,355.0,1.0,23.0,3.0,24.58,1.2,5.14
2013/08/06,23.4,23.4,23.15,23.3,409.0,9544.0,-0.2141,0.1992,250.0,13.0,0.0,1.0,14.0,20240.0,70.0,188.0,7.0,16.0,0.0,24.53,1.2,5.15
2013/08/07,23.25,23.25,22.6,22.65,1362.0,31165.0,-2.7897,0.6635,578.0,-19.0,0.0,-4.0,-23.0,19581.0,282.0,931.0,1.0,15.0,0.0,23.84,1.17,5.3
2013/08/08,22.7,22.9,22.6,22.8,706.0,16088.0,0.6623,0.3439,321.0,-8.0,0.0,-5.0,-13.0,19522.0,149.0,197.0,4.0,16.0,5.0,24.0,1.17,5.26
2013/08/09,22.8,23.0,22.65,22.7,1147.0,26171.0,-0.4386,0.5587,392.0,-19.0,0.0,-1.0,-20.0,19512.0,323.0,289.0,4.0,12.0,0.0,23.89,1.17,5.29
2013/08/12,22.7,22.8,22.5,22.7,504.0,11410.0,0.0,0.2455,225.0,-11.0,0.0,0.0,-11.0,19517.0,268.0,234.0,10.0,2.0,0.0,23.89,1.17,5.29
2013/08/13,22.9,23.05,22.7,23.05,676.0,15499.0,1.5419,0.3293,334.0,20.0,0.0,0.0,20.0,19474.0,219.0,217.0,2.0,0.0,0.0,24.26,1.25,5.21
2013/08/14,23.2,23.2,22.7,22.85,481.0,11004.0,-0.8677,0.2343,264.0,1.0,0.0,0.0,1.0,19267.0,0.0,182.0,0.0,0.0,0.0,27.87,1.24,5.25
2013/08/15,22.8,22.9,22.55,22.85,689.0,15686.0,0.0,0.3356,341.0,40.0,-7.0,13.0,46.0,19066.0,0.0,188.0,0.0,0.0,0.0,27.87,1.24,5.25
2013/08/16,22.85,23.0,22.7,22.8,1604.0,36585.0,-0.2188,0.7813,613.0,51.0,-1.0,9.0,59.0,18503.0,0.0,556.0,0.0,0.0,0.0,27.8,1.23,5.26
2013/08/19,21.9,21.95,21.6,21.6,1427.0,31120.0,0.0168,0.6951,546.0,7.0,0.0,-22.0,-15.0,18571.0,636.0,538.0,0.0,3.0,3.0,26.34,1.17,5.56
2013/08/20,21.5,21.8,21.1,21.1,660.0,14120.0,-2.3148,0.3215,339.0,-11.0,0.0,0.0,-11.0,18509.0,173.0,232.0,0.0,4.0,1.0,25.73,1.14,5.69
2013/08/22,21.1,21.5,21.0,21.4,460.0,9817.0,1.4218,0.2241,243.0,13.0,0.0,-1.0,12.0,18394.0,86.0,158.0,2.0,6.0,4.0,26.1,1.16,5.61
2013/08/23,21.6,21.95,21.5,21.8,922.0,20110.0,1.8692,0.4491,428.0,20.0,0.0,-10.0,10.0,18411.0,182.0,153.0,0.0,6.0,0.0,26.59,1.18,5.5
2013/08/26,21.95,22.0,21.6,21.8,362.0,7917.0,0.0,0.1763,202.0,4.0,0.0,-11.0,-7.0,18317.0,91.0,96.0,0.0,6.0,0.0,26.59,1.18,5.5
2013/08/27,21.8,21.8,21.25,21.3,400.0,8599.0,-2.2936,0.1948,244.0,-43.0,0.0,0.0,-43.0,18327.0,82.0,68.0,0.0,6.0,0.0,25.98,1.15,5.63
2013/08/28,21.0,21.3,21.0,21.05,387.0,8181.0,-1.1737,0.1885,205.0,-14.0,0.0,0.0,-14.0,18247.0,98.0,174.0,0.0,6.0,0.0,25.67,1.14,5.7
2013/08/29,21.1,21.4,21.1,21.25,343.0,7307.0,0.9501,0.1671,192.0,11.0,0.0,0.0,11.0,18217.0,105.0,131.0,0.0,6.0,0.0,25.91,1.15,5.65
2013/08/30,21.25,21.45,21.25,21.4,521.0,11131.0,0.7059,0.2538,231.0,33.0,0.0,0.0,33.0,18226.0,184.0,174.0,1.0,6.0,1.0,26.1,1.16,5.61
2013/09/02,21.4,22.6,21.35,22.55,1194.0,26217.0,5.3738,0.5816,520.0,60.0,0.0,0.0,60.0,17993.0,191.0,415.0,0.0,11.0,5.0,27.5,1.22,5.32
2013/09/03,22.8,22.85,22.4,22.65,2462.0,55829.0,0.4435,1.1993,1135.0,-9.0,0.0,50.0,41.0,18336.0,800.0,434.0,1.0,68.0,58.0,27.62,1.22,5.3
2013/09/04,22.65,22.65,22.1,22.2,1096.0,24419.0,-1.9868,0.5339,510.0,-4.0,0.0,0.0,-4.0,18361.0,350.0,294.0,11.0,57.0,0.0,27.07,1.2,5.41
2013/09/05,22.4,22.6,22.25,22.35,799.0,17913.0,0.6757,0.3892,366.0,18.0,-1.0,-50.0,-33.0,18427.0,327.0,256.0,0.0,62.0,5.0,27.26,1.21,5.37
2013/09/06,22.35,22.65,22.2,22.4,1037.0,23267.0,0.2237,0.5051,508.0,12.0,0.0,0.0,12.0,18523.0,446.0,314.0,13.0,50.0,1.0,27.32,1.21,5.36
2013/09/09,22.15,22.4,22.0,22.0,742.0,16396.0,-1.7857,0.3614,365.0,64.0,0.0,0.0,64.0,18398.0,228.0,345.0,2.0,48.0,0.0,26.83,1.19,5.45
2013/09/10,22.05,22.3,22.0,22.0,505.0,11171.0,0.0,0.246,264.0,6.0,0.0,0.0,6.0,18448.0,209.0,140.0,0.0,48.0,0.0,26.83,1.19,5.45
2013/09/11,22.0,22.3,21.75,21.95,687.0,15109.0,-0.2273,0.3347,282.0,-9.0,0.0,0.0,-9.0,18311.0,95.0,224.0,0.0,48.0,0.0,26.77,1.19,5.47
2013/09/12,22.0,22.45,21.9,22.35,1520.0,33774.0,1.8223,0.7404,599.0,18.0,1.0,0.0,19.0,18353.0,411.0,357.0,2.0,56.0,10.0,27.26,1.21,5.37
2013/09/13,22.3,22.3,21.75,21.85,1024.0,22494.0,-2.2371,0.4988,529.0,156.0,1.0,0.0,157.0,18390.0,314.0,274.0,14.0,42.0,0.0,26.65,1.18,5.49
2013/09/14,21.85,21.9,21.6,21.8,672.0,14609.0,-0.2288,0.3273,309.0,0.0,0.0,0.0,0.0,18375.0,147.0,138.0,12.0,30.0,0.0,26.59,1.18,5.5
2013/09/16,22.2,22.2,21.65,21.7,944.0,20654.0,-0.4587,0.4598,488.0,38.0,0.0,0.0,38.0,18200.0,224.0,373.0,28.0,2.0,0.0,26.46,1.17,5.53
2013/09/17,21.7,21.9,21.6,21.6,699.0,15182.0,-0.4608,0.3405,324.0,-18.0,0.0,0.0,-18.0,18138.0,184.0,236.0,0.0,2.0,0.0,26.34,1.17,5.56
2013/09/18,21.65,21.95,21.55,21.65,890.0,19330.0,0.2315,0.4335,402.0,380.0,0.0,0.0,380.0,18053.0,213.0,260.0,0.0,2.0,0.0,26.4,1.17,5.54
2013/09/23,21.7,21.95,21.45,21.45,1185.0,25707.0,-0.9238,0.5772,558.0,65.0,0.0,21.0,86.0,18088.0,391.0,351.0,1.0,1.0,0.0,26.16,1.16,5.59
2013/09/24,21.5,21.85,21.5,21.6,1118.0,24263.0,0.6993,0.5446,484.0,63.0,0.0,0.0,63.0,18165.0,295.0,192.0,1.0,0.0,0.0,26.34,1.17,5.56
2013/09/25,21.6,21.8,21.6,21.6,1285.0,27863.0,0.0,0.6259,533.0,94.0,0.0,0.0,94.0,18241.0,512.0,385.0,0.0,0.0,0.0,26.34,1.17,5.56
2013/09/26,21.65,21.7,21.4,21.4,912.0,19607.0,-0.9259,0.4443,461.0,28.0,-23.0,0.0,5.0,18185.0,212.0,231.0,0.0,0.0,0.0,26.1,1.16,5.61
2013/09/27,21.4,21.5,21.05,21.1,1569.0,33221.0,-1.4019,0.7643,679.0,52.0,0.0,0.0,52.0,17911.0,348.0,589.0,0.0,0.0,0.0,25.73,1.14,5.69
2013/09/30,21.0,21.0,20.6,20.8,1319.0,27366.0,-1.4218,0.6425,494.0,-3.0,-17.0,0.0,-20.0,17629.0,0.0,264.0,0.0,0.0,0.0,25.37,1.12,5.77
2013/10/01,20.65,21.05,20.65,20.65,1416.0,29435.0,-0.7212,0.6898,652.0,38.0,0.0,0.0,38.0,17140.0,0.0,466.0,0.0,0.0,0.0,25.18,1.12,5.81
2013/10/02,20.65,20.8,20.5,20.55,1197.0,24646.0,-0.4843,0.5831,587.0,-9.0,0.0,0.0,-9.0,16688.0,0.0,417.0,0.0,0.0,0.0,25.06,1.11,5.84
2013/10/03,20.55,20.55,20.55,20.55,0.0,0.0,0.0,0.0,0.0,0.0,0.0,0.0,0.0,,,,,,,25.06,1.11,5.84
2013/10/04,20.55,20.55,20.55,20.55,0.0,0.0,0.0,0.0,0.0,0.0,0.0,0.0,0.0,,,,,,,25.06,1.11,5.84
2013/10/07,20.55,20.55,20.55,20.55,0.0,0.0,0.0,0.0,0.0,0.0,0.0,0.0,0.0,,,,,,,25.06,1.11,5.84
2013/10/08,20.55,20.55,20.55,20.55,0.0,0.0,0.0,0.0,0.0,0.0,0.0,0.0,0.0,,,,,,,25.06,1.11,5.84
2013/10/09,20.55,20.55,20.55,20.55,0.0,0.0,0.0,0.0,0.0,0.0,0.0,0.0,0.0,,,,,,,25.06,1.11,5.84
2013/10/11,20.55,20.55,20.55,20.55,0.0,0.0,0.0,0.0,0.0,0.0,0.0,0.0,0.0,,,,,,,25.06,1.11,5.84
2013/10/14,20.55,20.55,20.55,20.55,0.0,0.0,0.0,0.0,0.0,0.0,0.0,0.0,0.0,,,,,,,25.06,1.11,5.84
2013/10/15,20.55,20.55,20.55,20.55,0.0,0.0,0.0,0.0,0.0,0.0,0.0,0.0,0.0,,,,,,,25.06,1.11,5.84
2013/10/16,20.55,20.55,20.55,20.55,0.0,0.0,0.0,0.0,0.0,0.0,0.0,0.0,0.0,11742.0,0.0,0.0,0.0,0.0,0.0,25.06,1.11,5.84
2013/10/17,24.5,24.5,23.7,23.7,1008.0,24250.0,-1.3914,0.6554,910.0,119.0,0.0,0.0,119.0,11883.0,261.0,103.0,0.0,22.0,22.0,28.9,1.28,5.06
2013/10/18,23.7,24.7,23.7,24.5,1193.0,28919.0,3.3755,0.7757,916.0,5.0,0.0,0.0,5.0,11858.0,329.0,304.0,22.0,3.0,3.0,29.88,1.32,4.9
2013/10/21,24.7,26.2,24.5,26.2,2828.0,72393.0,6.9388,1.8387,1775.0,-23.0,0.0,0.0,-23.0,12319.0,1063.0,580.0,0.0,83.0,80.0,31.95,1.42,4.58
2013/10/22,26.0,26.05,25.45,25.45,1587.0,40790.0,-2.8626,1.0318,1104.0,-46.0,0.0,0.0,-46.0,12345.0,485.0,433.0,48.0,35.0,0.0,31.04,1.38,4.72
2013/10/23,25.5,26.3,25.5,25.6,1675.0,43419.0,0.5894,1.0891,1047.0,-6.0,0.0,0.0,-6.0,12541.0,566.0,366.0,1.0,34.0,1.0,31.22,1.38,4.69
2013/10/24,25.6,25.95,25.3,25.55,827.0,21123.0,-0.1953,0.5377,600.0,26.0,0.0,0.0,26.0,12557.0,214.0,194.0,1.0,33.0,0.0,31.16,1.38,4.7
2013/10/25,25.35,25.5,25.05,25.35,594.0,15006.0,-0.7828,0.3862,478.0,-12.0,0.0,0.0,-12.0,12631.0,232.0,156.0,2.0,31.0,0.0,30.91,1.37,4.73
2013/10/28,25.35,25.45,24.8,24.85,753.0,18849.0,-1.9724,0.4896,568.0,27.0,0.0,0.0,27.0,12644.0,269.0,254.0,30.0,3.0,2.0,30.3,1.34,4.83
2013/10/29,24.6,25.0,24.6,24.6,432.0,10686.0,-1.006,0.2809,414.0,40.0,0.0,0.0,40.0,12749.0,147.0,41.0,2.0,1.0,0.0,30.0,1.33,4.88
2013/10/30,24.8,25.6,24.65,25.25,2619.0,66183.0,2.6423,1.7028,854.0,12.0,0.0,0.0,12.0,12918.0,438.0,237.0,0.0,12.0,11.0,30.79,1.36,4.75
2013/10/31,25.0,25.15,24.8,24.85,564.0,14070.0,-1.5842,0.3667,428.0,19.0,-7.0,0.0,12.0,12975.0,126.0,69.0,7.0,5.0,0.0,30.3,1.34,4.83
2013/11/01,24.9,25.45,24.85,25.45,1249.0,31381.0,2.4145,0.8121,617.0,-19.0,0.0,0.0,-19.0,12741.0,109.0,340.0,0.0,17.0,12.0,31.04,1.38,4.72
2013/11/04,26.2,27.2,25.95,27.2,7071.0,188630.0,6.8762,4.5974,2836.0,-47.0,0.0,0.0,-47.0,13357.0,2034.0,1414.0,6.0,443.0,432.0,33.17,1.47,4.41
2013/11/05,27.5,27.55,26.4,26.6,7189.0,195289.0,-2.2059,4.6742,2574.0,70.0,0.0,0.0,70.0,13489.0,1932.0,1798.0,196.0,391.0,144.0,32.44,1.44,4.51
2013/11/06,26.8,27.05,26.45,26.85,2609.0,69967.0,0.9398,1.6963,1164.0,46.0,0.0,0.0,46.0,13455.0,542.0,574.0,221.0,263.0,94.0,32.74,1.45,4.47
2013/11/07,26.85,27.35,26.7,26.7,3144.0,85191.0,-0.5587,2.0442,1421.0,13.0,0.0,0.0,13.0,13616.0,931.0,767.0,91.0,185.0,17.0,32.56,1.44,4.49
2013/11/08,26.25,26.4,25.45,25.7,2062.0,53159.0,-3.7453,1.3407,1104.0,23.0,0.0,0.0,23.0,13184.0,492.0,924.0,120.0,130.0,66.0,31.34,1.39,4.67
2013/11/11,25.7,25.7,25.2,25.25,1052.0,26743.0,-1.751,0.684,634.0,31.0,0.0,0.0,31.0,13030.0,183.0,336.0,27.0,132.0,30.0,30.79,1.36,4.75
2013/11/12,25.7,25.7,24.2,24.6,1160.0,28878.0,-2.5743,0.7542,644.0,48.0,0.0,0.0,48.0,12902.0,258.0,384.0,46.0,87.0,21.0,30.0,1.33,4.88
2013/11/13,24.9,24.9,24.4,24.65,685.0,16902.0,0.2033,0.4454,477.0,-84.0,0.0,0.0,-84.0,13014.0,233.0,116.0,5.0,85.0,3.0,30.06,1.12,4.87
2013/11/14,24.8,24.9,24.3,24.8,713.0,17608.0,0.6085,0.4636,465.0,3.0,0.0,0.0,3.0,13036.0,271.0,249.0,23.0,62.0,0.0,19.22,1.13,4.84
2013/11/15,24.8,25.3,24.8,25.0,645.0,16165.0,0.8065,0.4194,413.0,20.0,0.0,0.0,20.0,13209.0,295.0,122.0,6.0,59.0,3.0,19.38,1.14,4.8
2013/11/18,25.05,25.1,24.3,24.3,623.0,15382.0,-2.8,0.4051,435.0,38.0,0.0,0.0,38.0,13195.0,154.0,168.0,2.0,60.0,3.0,18.84,1.11,4.94
2013/11/19,24.35,24.6,24.25,24.45,905.0,22125.0,0.6173,0.5884,503.0,21.0,0.0,0.0,21.0,13241.0,206.0,159.0,44.0,23.0,7.0,18.95,1.11,4.91
2013/11/20,24.45,24.55,24.2,24.3,763.0,18598.0,-0.6135,0.4961,415.0,-141.0,0.0,0.0,-141.0,13350.0,212.0,98.0,11.0,12.0,0.0,18.84,1.11,4.94
2013/11/21,24.3,24.7,24.0,24.15,1343.0,32866.0,-0.6173,0.8732,501.0,-7.0,0.0,0.0,-7.0,13413.0,225.0,162.0,2.0,24.0,14.0,18.72,1.1,4.97
2013/11/22,24.2,24.45,24.05,24.05,288.0,6980.0,-0.4141,0.1873,191.0,-2.0,0.0,0.0,-2.0,13364.0,101.0,150.0,2.0,22.0,0.0,18.64,1.09,4.99
2013/11/25,24.15,24.35,24.05,24.05,415.0,10018.0,0.0,0.2698,243.0,58.0,0.0,0.0,58.0,13417.0,138.0,85.0,11.0,117.0,106.0,18.64,1.09,4.99
2013/11/26,24.1,24.35,23.8,23.8,1681.0,40307.0,-1.0395,1.093,679.0,-787.0,0.0,0.0,-787.0,13693.0,369.0,88.0,112.0,103.0,98.0,18.45,1.08,5.04
2013/11/27,24.0,24.4,24.0,24.35,766.0,18622.0,2.3109,0.498,423.0,39.0,0.0,0.0,39.0,13609.0,186.0,269.0,98.0,8.0,3.0,18.88,1.11,4.93
2013/11/28,24.45,24.55,24.05,24.25,807.0,19647.0,-0.4107,0.5247,511.0,-8.0,0.0,0.0,-8.0,13683.0,259.0,185.0,5.0,5.0,2.0,18.8,1.1,4.95
2013/11/29,24.35,25.1,24.35,24.85,2269.0,56285.0,2.4742,1.4753,1153.0,-3.0,0.0,0.0,-3.0,13874.0,784.0,590.0,2.0,6.0,3.0,19.26,1.13,4.83
2013/12/02,24.6,24.9,24.5,24.5,893.0,22073.0,-1.4085,0.5806,510.0,11.0,0.0,0.0,11.0,13839.0,262.0,297.0,0.0,5.0,0.0,18.99,1.11,4.9
2013/12/03,24.5,24.7,24.45,24.55,438.0,10747.0,0.2041,0.2848,344.0,-19.0,0.0,0.0,-19.0,13851.0,121.0,109.0,1.0,4.0,0.0,19.03,1.12,4.89
2013/12/04,24.55,25.1,24.4,25.05,2468.0,61352.0,2.0367,1.6047,1091.0,-35.0,0.0,0.0,-35.0,14059.0,606.0,397.0,0.0,38.0,34.0,19.42,1.14,4.79
2013/12/05,25.05,25.15,24.6,24.7,1003.0,24870.0,-1.3972,0.6521,609.0,-79.0,0.0,0.0,-79.0,14061.0,265.0,259.0,11.0,28.0,1.0,19.15,1.12,4.86
2013/12/06,24.8,25.0,24.55,24.6,646.0,15947.0,-0.4049,0.42,446.0,-2.0,0.0,0.0,-2.0,14059.0,211.0,208.0,24.0,4.0,0.0,19.07,1.12,4.88
2013/12/09,24.9,26.3,24.9,25.2,3704.0,95772.0,2.439,2.4083,1462.0,13.0,0.0,3.0,16.0,14371.0,1087.0,774.0,1.0,2.0,0.0,19.53,1.15,4.76
2013/12/10,25.05,25.35,24.95,25.1,1188.0,29817.0,-0.3968,0.7724,651.0,-3.0,0.0,0.0,-3.0,14514.0,451.0,307.0,0.0,8.0,6.0,19.46,1.14,4.78
2013/12/11,25.3,25.55,25.0,25.0,980.0,24709.0,-0.3984,0.6372,595.0,6.0,0.0,0.0,6.0,14695.0,589.0,408.0,7.0,1.0,0.0,19.38,1.14,4.8
2013/12/12,25.4,25.4,24.8,25.0,714.0,17824.0,0.0,0.4642,433.0,-32.0,0.0,0.0,-32.0,14722.0,217.0,190.0,0.0,1.0,0.0,19.38,1.14,4.8
2013/12/13,25.0,25.6,25.0,25.4,1263.0,32065.0,1.6,0.8212,732.0,-9.0,0.0,0.0,-9.0,15024.0,643.0,338.0,0.0,3.0,2.0,19.69,1.16,4.72
2013/12/16,25.4,25.7,25.3,25.6,1095.0,27899.0,0.7874,0.7119,564.0,-13.0,0.0,0.0,-13.0,15068.0,408.0,364.0,1.0,2.0,0.0,19.84,1.16,4.69
2013/12/17,25.8,26.45,25.15,25.35,5531.0,143987.0,-0.9766,3.5962,2314.0,-22.0,0.0,1.0,-21.0,14985.0,1812.0,1895.0,0.0,121.0,120.0,19.65,1.15,4.73
2013/12/18,25.35,25.65,25.2,25.4,1475.0,37486.0,0.1972,0.959,727.0,56.0,0.0,-1.0,55.0,14835.0,416.0,432.0,14.0,110.0,3.0,19.69,1.16,4.72
2013/12/19,25.65,25.65,25.25,25.25,1079.0,27406.0,-0.5906,0.7015,546.0,33.0,0.0,0.0,33.0,14783.0,299.0,346.0,23.0,87.0,0.0,19.57,1.15,4.75
2013/12/20,25.25,25.5,25.2,25.2,760.0,19264.0,-0.198,0.4941,475.0,35.0,0.0,0.0,35.0,14774.0,186.0,191.0,24.0,63.0,0.0,19.53,1.15,4.76
2013/12/23,25.25,25.5,25.25,25.4,552.0,14032.0,0.7937,0.3589,329.0,3.0,0.0,0.0,3.0,14640.0,101.0,234.0,60.0,3.0,0.0,19.69,1.16,4.72
2013/12/24,25.5,25.6,25.3,25.3,707.0,17978.0,-0.3937,0.4597,361.0,45.0,0.0,0.0,45.0,14643.0,231.0,227.0,0.0,3.0,0.0,19.61,1.15,4.74
2013/12/25,25.35,25.6,25.3,25.35,567.0,14416.0,0.1976,0.3687,259.0,3.0,0.0,0.0,3.0,14659.0,154.0,138.0,1.0,2.0,0.0,19.65,1.15,4.73
2013/12/26,25.4,25.85,25.3,25.55,1451.0,37211.0,0.789,0.9434,656.0,25.0,0.0,-1.0,24.0,14693.0,532.0,497.0,0.0,3.0,1.0,19.81,1.16,4.7
2013/12/27,25.8,26.15,25.6,26.0,1789.0,46462.0,1.7613,1.1632,784.0,6.0,0.0,0.0,6.0,14506.0,461.0,648.0,0.0,9.0,6.0,20.16,1.18,4.62
2013/12/30,26.0,26.2,25.85,25.85,1071.0,27789.0,-0.5769,0.6963,461.0,-15.0,0.0,0.0,-15.0,14305.0,278.0,478.0,5.0,5.0,1.0,20.04,1.18,4.64
2013/12/31,25.85,26.0,25.55,25.6,970.0,24951.0,-0.9671,0.6307,435.0,-15.0,0.0,3.0,-12.0,14230.0,351.0,424.0,1.0,4.0,0.0,19.84,1.16,4.69
2014/01/02,25.6,26.5,25.6,26.5,2613.0,68462.0,3.5156,1.6989,1106.0,15.0,0.0,-1.0,14.0,14483.0,1145.0,889.0,0.0,8.0,5.0,20.54,1.21,4.53
2014/01/03,26.6,27.3,26.35,26.9,5991.0,161336.0,1.5094,3.8952,2513.0,-73.0,0.0,-1.0,-74.0,15130.0,2245.0,1598.0,0.0,86.0,78.0,20.85,1.22,4.46
2014/01/06,26.9,27.1,26.35,26.5,1255.0,33412.0,-1.487,0.816,607.0,-64.0,0.0,0.0,-64.0,15028.0,385.0,486.0,24.0,63.0,1.0,20.54,1.21,4.53
2014/01/07,26.5,27.5,26.5,27.05,2503.0,67851.0,2.0755,1.6274,1031.0,33.0,0.0,1.0,34.0,15009.0,1179.0,1195.0,5.0,66.0,9.0,20.97,1.23,4.44
2014/01/08,27.15,28.9,27.1,28.9,10304.0,294582.0,6.8392,6.6995,3568.0,-57.0,0.0,50.0,-7.0,16095.0,4064.0,2797.0,0.0,124.0,58.0,22.4,1.31,4.15
2014/01/09,28.9,29.4,27.55,27.6,7096.0,202094.0,-4.4983,4.6137,3085.0,-333.0,0.0,0.0,-333.0,16314.0,3108.0,2886.0,37.0,88.0,1.0,21.4,1.26,4.35
2014/01/10,27.7,28.2,27.2,27.75,2487.0,68778.0,0.5435,1.617,1110.0,-54.0,0.0,0.0,-54.0,16397.0,907.0,823.0,5.0,83.0,0.0,21.51,1.26,4.32
2014/01/13,28.0,28.05,26.4,26.85,2771.0,74846.0,-3.2432,1.8017,1199.0,65.0,0.0,-10.0,55.0,16302.0,872.0,958.0,14.0,71.0,2.0,20.81,1.22,4.47
2014/01/14,26.7,26.75,26.55,26.6,1511.0,40252.0,-0.9311,0.9824,685.0,153.0,0.0,-40.0,113.0,16257.0,388.0,432.0,10.0,62.0,2.0,20.62,1.21,4.51
2014/01/15,26.8,27.05,26.6,26.7,1141.0,30578.0,0.3759,0.7419,618.0,-26.0,0.0,-1.0,-27.0,16173.0,345.0,429.0,5.0,56.0,0.0,20.7,1.21,4.49
2014/01/16,26.9,27.35,26.7,26.8,1364.0,36892.0,0.3745,0.8868,750.0,-83.0,0.0,0.0,-83.0,16369.0,569.0,373.0,26.0,30.0,2.0,20.78,1.22,4.48
2014/01/17,26.8,27.15,26.45,27.1,1296.0,34746.0,1.1194,0.8426,716.0,-5.0,0.0,30.0,25.0,16492.0,522.0,396.0,4.0,27.0,1.0,21.01,1.23,4.43
2014/01/20,27.1,27.7,26.95,27.4,1937.0,53061.0,1.107,1.2594,955.0,-47.0,0.0,-30.0,-77.0,16524.0,645.0,609.0,0.0,28.0,1.0,21.24,1.25,4.38
2014/01/21,27.45,27.8,27.1,27.2,1246.0,34147.0,-0.7299,0.8101,517.0,102.0,0.0,0.0,102.0,16402.0,397.0,517.0,0.0,28.0,0.0,21.09,1.24,4.41
2014/01/22,27.4,27.8,27.25,27.3,1766.0,48654.0,0.3676,1.1482,750.0,13.0,0.0,0.0,13.0,16409.0,629.0,621.0,0.0,49.0,21.0,21.16,1.24,4.4
2014/01/23,27.3,27.45,26.9,26.9,1222.0,33108.0,-1.4652,0.7945,482.0,-4.0,0.0,0.0,-4.0,16155.0,388.0,642.0,21.0,28.0,0.0,20.85,1.22,4.46
2014/01/24,26.9,27.3,26.3,26.3,924.0,24592.0,-2.2305,0.6008,501.0,21.0,0.0,0.0,21.0,16071.0,220.0,303.0,1.0,27.0,0.0,20.39,1.2,4.56
2014/01/27,25.85,25.95,25.4,25.8,642.0,16525.0,-1.9011,0.4174,338.0,5.0,0.0,0.0,5.0,15807.0,134.0,275.0,3.0,26.0,2.0,20.0,1.17,4.65
2014/02/05,25.2,25.75,25.2,25.7,415.0,10608.0,-0.3876,0.2698,219.0,17.0,0.0,-2.0,15.0,15658.0,87.0,226.0,1.0,26.0,1.0,19.92,1.17,4.67
2014/02/06,25.7,26.9,25.7,26.8,1082.0,28588.0,4.2802,0.7035,648.0,23.0,0.0,0.0,23.0,15561.0,326.0,423.0,0.0,27.0,1.0,20.78,1.22,4.48
2014/02/07,27.1,27.6,26.8,26.9,3361.0,91559.0,0.3731,2.1853,1412.0,-15.0,0.0,-1.0,-16.0,15638.0,733.0,656.0,0.0,88.0,61.0,20.85,1.22,4.46
2014/02/10,27.15,27.3,26.7,26.8,817.0,22088.0,-0.3717,0.5312,461.0,19.0,0.0,0.0,19.0,15624.0,227.0,241.0,0.0,100.0,12.0,20.78,1.22,4.48
2014/02/11,26.9,27.1,26.85,26.85,449.0,12104.0,0.1866,0.2919,264.0,37.0,0.0,0.0,37.0,15562.0,121.0,178.0,11.0,89.0,0.0,20.81,1.22,4.47
2014/02/12,27.1,27.35,26.95,27.0,869.0,23572.0,0.5587,0.565,492.0,75.0,0.0,-1.0,74.0,15475.0,232.0,319.0,49.0,40.0,0.0,20.93,1.23,4.44
2014/02/13,27.1,27.2,26.85,26.9,480.0,12990.0,-0.3704,0.3121,270.0,45.0,5.0,0.0,50.0,15515.0,209.0,164.0,0.0,20.0,0.0,20.85,1.22,4.46
2014/02/14,27.0,27.45,26.4,26.4,1406.0,37987.0,-1.8587,0.9142,708.0,-3.0,0.0,0.0,-3.0,15319.0,410.0,561.0,1.0,19.0,0.0,20.47,1.2,4.55
2014/02/17,26.5,26.9,26.45,26.6,569.0,15175.0,0.7576,0.37,349.0,43.0,0.0,0.0,43.0,15200.0,104.0,216.0,10.0,9.0,0.0,20.62,1.21,4.51
2014/02/18,26.5,26.9,26.5,26.85,600.0,16042.0,0.9398,0.3901,346.0,40.0,0.0,0.0,40.0,15193.0,177.0,183.0,3.0,7.0,1.0,20.81,1.22,4.47
2014/02/19,26.95,27.75,26.9,27.5,3077.0,84594.0,2.4209,2.0006,1401.0,11.0,0.0,1.0,12.0,15557.0,1289.0,925.0,0.0,14.0,7.0,21.32,1.25,4.36
2014/02/20,27.9,27.9,27.2,27.2,1971.0,54264.0,-1.0909,1.2815,867.0,3.0,0.0,-2.0,1.0,15412.0,602.0,730.0,3.0,12.0,2.0,21.09,1.24,4.41
2014/02/21,27.45,27.7,27.15,27.3,1028.0,28223.0,0.3676,0.6684,592.0,39.0,0.0,0.0,39.0,15222.0,253.0,443.0,0.0,12.0,0.0,21.16,1.24,4.4
2014/02/24,27.35,28.7,27.35,28.2,4524.0,127719.0,3.2967,2.9414,2086.0,40.0,-1.0,0.0,39.0,14891.0,996.0,1327.0,0.0,30.0,18.0,21.86,1.28,4.26
2014/02/25,28.5,28.5,28.05,28.2,1671.0,47255.0,0.0,1.0865,866.0,156.0,0.0,200.0,356.0,14663.0,271.0,497.0,2.0,28.0,0.0,21.86,1.28,4.26
2014/02/26,28.25,29.1,28.25,28.7,2786.0,80088.0,1.773,1.812,1264.0,-36.0,0.0,50.0,14.0,14965.0,1003.0,701.0,5.0,27.0,4.0,22.25,1.31,4.18
2014/02/27,29.0,29.0,28.0,28.0,1442.0,41025.0,-2.439,0.9379,714.0,0.0,0.0,-3.0,-3.0,14975.0,469.0,457.0,11.0,17.0,1.0,21.71,1.27,4.29
2014/03/03,27.9,27.9,27.5,27.65,1064.0,29425.0,-1.25,0.692,491.0,42.0,0.0,0.0,42.0,14646.0,283.0,588.0,3.0,14.0,0.0,21.43,1.26,4.34
2014/03/04,27.6,27.85,27.25,27.35,936.0,25738.0,-1.085,0.6088,502.0,40.0,0.0,0.0,40.0,14461.0,250.0,433.0,3.0,11.0,0.0,21.2,1.24,4.39
2014/03/05,27.8,28.55,27.45,28.55,2914.0,82211.0,4.3876,1.8953,1412.0,54.0,0.0,1.0,55.0,15091.0,1419.0,770.0,2.0,13.0,5.0,22.13,1.3,4.2
2014/03/06,28.9,30.5,28.65,30.5,13258.0,393253.0,6.8301,8.623,4479.0,36.0,0.0,-250.0,-214.0,15565.0,3398.0,2918.0,0.0,288.0,275.0,23.64,1.39,3.93
2014/03/07,31.0,32.6,30.7,31.0,17260.0,548036.0,1.6393,11.2259,5777.0,-123.0,0.0,400.0,277.0,16958.0,5847.0,4454.0,22.0,378.0,112.0,24.03,1.41,3.87
2014/03/10,31.0,32.8,31.0,32.3,6403.0,204246.0,4.1935,4.1645,2843.0,28.0,0.0,401.0,429.0,16437.0,1878.0,2379.0,50.0,430.0,112.0,25.04,1.47,3.72
2014/03/11,32.5,33.3,31.6,33.2,5878.0,191082.0,2.7864,3.8231,2877.0,-17.0,0.0,199.0,182.0,16276.0,2116.0,2273.0,134.0,388.0,93.0,25.74,1.51,3.61
2014/03/12,33.0,33.75,32.6,33.1,3997.0,132773.0,-0.3012,2.5997,1906.0,-55.0,0.0,0.0,-55.0,16209.0,1612.0,1678.0,80.0,341.0,34.0,25.66,1.51,3.63
2014/03/13,33.75,34.35,32.8,33.0,5340.0,180017.0,-0.3021,3.4731,2361.0,-130.0,100.0,1.0,-29.0,15690.0,1746.0,2242.0,34.0,341.0,35.0,25.58,1.5,3.64
2014/03/14,32.6,32.95,31.95,32.35,2624.0,85107.0,-1.9697,1.7067,1285.0,-70.0,0.0,3.0,-67.0,15669.0,1060.0,1078.0,68.0,315.0,42.0,25.08,1.47,3.71
2014/03/17,32.35,32.8,31.7,32.7,2331.0,75388.0,1.0819,1.5161,1151.0,-71.0,0.0,0.0,-71.0,15988.0,967.0,648.0,66.0,276.0,28.0,25.35,1.49,3.67
2014/03/18,33.3,33.3,32.0,32.4,2087.0,67500.0,-0.9174,1.3574,1117.0,-59.0,0.0,0.0,-59.0,15838.0,671.0,815.0,42.0,242.0,8.0,25.12,1.47,3.7
2014/03/19,32.4,32.8,31.05,31.1,2933.0,92899.0,-4.0123,1.9076,1467.0,-5.0,0.0,2.0,-3.0,15541.0,1024.0,1320.0,64.0,187.0,10.0,24.11,1.41,3.86
2014/03/20,31.0,32.4,30.8,31.5,3323.0,105255.0,1.2862,2.1613,1519.0,69.0,345.0,0.0,414.0,14876.0,1120.0,1780.0,3.0,200.0,18.0,24.42,1.43,3.81
2014/03/21,32.1,32.95,31.65,32.95,5393.0,174644.0,4.6032,3.5076,2499.0,107.0,0.0,-1.0,106.0,15397.0,2083.0,1562.0,34.0,217.0,51.0,25.54,1.46,3.64
2014/03/24,32.6,32.75,31.4,32.55,2139.0,69041.0,-1.214,1.3912,1140.0,-180.0,0.0,0.0,-180.0,15152.0,690.0,925.0,23.0,217.0,23.0,22.6,1.44,3.69
2014/03/25,32.0,33.5,32.0,33.15,2723.0,89705.0,1.8433,1.771,1277.0,-92.0,0.0,0.0,-92.0,15610.0,1329.0,870.0,19.0,240.0,43.0,23.02,1.47,3.62
2014/03/26,33.45,34.1,32.8,33.25,3604.0,120822.0,0.3017,2.344,1593.0,-96.0,0.0,0.0,-96.0,16160.0,1738.0,1162.0,34.0,196.0,14.0,23.09,1.47,3.61
2014/03/27,32.8,33.25,32.2,32.3,1677.0,54596.0,-2.8571,1.0907,926.0,32.0,0.0,0.0,32.0,16260.0,676.0,577.0,58.0,147.0,11.0,22.43,1.43,3.72
2014/03/28,32.4,33.25,32.0,32.0,2179.0,71125.0,-0.9288,1.4172,1234.0,257.0,0.0,0.0,257.0,16247.0,946.0,957.0,15.0,141.0,10.0,22.22,1.42,3.75
2014/03/31,32.1,33.0,32.05,32.95,1525.0,49739.0,2.9688,0.9919,916.0,350.0,0.0,0.0,350.0,16084.0,373.0,532.0,22.0,126.0,7.0,22.88,1.46,3.64
2014/04/01,33.1,35.25,33.0,35.25,6962.0,240826.0,6.9803,4.5281,2411.0,-31.0,0.0,170.0,139.0,16312.0,2550.0,2283.0,1.0,239.0,114.0,24.48,1.56,3.4
2014/04/02,35.6,37.1,35.6,36.5,11435.0,414513.0,3.5461,7.4374,4431.0,301.0,82.0,324.0,707.0,17175.0,5571.0,4693.0,100.0,139.0,0.0,25.35,1.62,3.29
2014/04/03,36.5,36.5,35.25,35.75,4439.0,158940.0,-2.0548,2.8871,2225.0,24.0,0.0,-34.0,-10.0,16962.0,1873.0,2083.0,134.0,4.0,0.0,24.83,1.58,3.36
2014/04/07,34.8,35.4,34.2,35.05,2720.0,94745.0,-1.958,1.7691,1554.0,398.0,0.0,19.0,417.0,15610.0,0.0,1337.0,0.0,0.0,0.0,24.34,1.55,3.42
2014/04/08,34.55,35.55,34.1,34.9,2203.0,76597.0,-0.428,1.4328,1268.0,95.0,0.0,-210.0,-115.0,15027.0,0.0,582.0,0.0,0.0,0.0,24.24,1.55,3.44
2014/04/09,34.9,35.4,34.7,35.05,1378.0,48266.0,0.4298,0.8963,972.0,229.0,0.0,0.0,229.0,14685.0,0.0,341.0,0.0,0.0,0.0,24.34,1.55,3.42
2014/04/10,35.5,36.1,34.4,34.5,5283.0,187341.0,-1.5692,3.4361,2417.0,148.0,0.0,0.0,148.0,15348.0,2271.0,1608.0,0.0,35.0,35.0,23.96,1.53,3.48
2014/04/11,34.5,35.2,33.85,34.75,4177.0,144397.0,0.7246,2.7167,1788.0,686.0,0.0,-100.0,586.0,15010.0,1313.0,1643.0,8.0,117.0,90.0,24.13,1.54,3.45
2014/04/14,34.65,35.0,33.35,34.5,4239.0,144652.0,-0.7194,2.7571,1847.0,99.0,0.0,1.0,100.0,16061.0,1984.0,932.0,56.0,166.0,105.0,23.96,1.53,3.48
2014/04/15,34.8,36.65,34.6,35.65,11179.0,397698.0,3.3333,7.2708,4933.0,-15.0,0.0,109.0,94.0,17051.0,3996.0,3004.0,29.0,312.0,175.0,24.76,1.58,3.37
2014/04/16,35.8,35.8,35.1,35.1,2880.0,101717.0,-1.5428,1.8732,1514.0,82.0,0.0,-84.0,-2.0,17013.0,1077.0,963.0,78.0,268.0,34.0,24.38,1.56,3.42
2014/04/17,35.4,36.3,35.3,35.5,7301.0,262177.0,1.1396,4.7486,3463.0,-14.0,0.0,-40.0,-54.0,17413.0,2486.0,2086.0,84.0,233.0,49.0,24.65,1.57,3.38
2014/04/18,35.8,36.5,35.5,35.5,4805.0,172846.0,0.0,3.1252,2144.0,-49.0,0.0,0.0,-49.0,17428.0,1874.0,1859.0,18.0,242.0,27.0,24.65,1.57,3.38
2014/04/21,35.5,35.9,35.1,35.45,2096.0,74239.0,-0.1408,1.3632,1127.0,488.0,0.0,0.0,488.0,17455.0,712.0,683.0,35.0,267.0,60.0,24.62,1.57,3.39
2014/04/22,36.0,37.9,35.95,36.75,15379.0,571484.0,3.6671,10.0025,6122.0,769.0,0.0,0.0,769.0,17989.0,5020.0,4485.0,81.0,235.0,49.0,25.52,1.63,3.27
2014/04/23,36.75,36.95,35.1,35.2,6047.0,217688.0,-4.2177,3.933,2899.0,309.0,-105.0,0.0,204.0,17919.0,2549.0,2619.0,59.0,237.0,63.0,24.44,1.56,3.41
2014/04/24,35.3,35.9,34.05,34.55,3183.0,111861.0,-1.8466,2.0702,1842.0,427.0,-50.0,3.0,380.0,17338.0,783.0,1363.0,56.0,206.0,25.0,23.99,1.53,3.47
2014/04/25,34.65,35.05,32.15,32.45,5440.0,180659.0,-6.0781,3.5382,2594.0,602.0,0.0,1.0,603.0,16397.0,1089.0,2030.0,131.0,127.0,53.0,22.53,1.44,3.7
2014/04/28,31.45,33.9,31.45,33.7,2964.0,97879.0,3.8521,1.9278,1555.0,526.0,-26.0,149.0,649.0,16190.0,768.0,974.0,35.0,175.0,83.0,23.4,1.49,3.56
2014/04/29,34.65,35.0,34.0,34.4,4070.0,140524.0,2.0772,2.6471,1920.0,-249.0,0.0,1.0,-248.0,16178.0,1399.0,1409.0,19.0,262.0,106.0,23.89,1.52,3.49
2014/04/30,34.2,34.4,33.0,33.1,2482.0,83410.0,-3.7791,1.6143,1295.0,-111.0,-50.0,24.0,-137.0,16052.0,597.0,723.0,76.0,235.0,49.0,22.99,1.47,3.63
2014/05/02,33.1,34.05,33.1,33.85,1583.0,53452.0,2.2659,1.0296,954.0,238.0,-50.0,22.0,210.0,16020.0,496.0,526.0,32.0,254.0,53.0,23.51,1.46,3.55
2014/05/05,36.2,36.2,36.2,36.2,4199.0,152018.0,6.9424,2.731,967.0,-274.0,0.0,-870.0,-1144.0,16727.0,1311.0,604.0,2.0,288.0,36.0,19.46,1.56,3.31
2014/05/06,36.65,36.85,35.3,35.9,10224.0,371318.0,-0.8287,6.6497,4056.0,-178.0,-244.0,-125.0,-547.0,17380.0,3130.0,2457.0,81.0,227.0,20.0,19.3,1.55,3.34
2014/05/07,35.55,35.7,34.9,35.0,3470.0,121949.0,-2.507,2.2569,1635.0,24.0,0.0,-375.0,-351.0,17963.0,1332.0,749.0,39.0,201.0,13.0,18.82,1.51,3.43
2014/05/08,35.05,36.1,34.7,35.35,4046.0,143718.0,1.0,2.6315,1952.0,20.0,0.0,-1.0,19.0,17964.0,1225.0,1224.0,7.0,226.0,33.0,19.01,1.52,3.39
2014/05/09,35.65,35.75,34.6,34.6,2176.0,76413.0,-2.1216,1.4153,1080.0,70.0,0.0,0.0,70.0,17529.0,747.0,1182.0,23.0,231.0,28.0,18.6,1.49,3.47
2014/05/12,34.7,35.0,34.05,34.1,1436.0,49476.0,-1.4451,0.934,779.0,203.0,0.0,-1.0,202.0,17316.0,360.0,563.0,15.0,246.0,31.0,18.33,1.47,3.52
2014/05/13,34.6,35.15,34.0,34.3,2264.0,78348.0,0.5865,1.4725,1165.0,233.0,0.0,0.0,233.0,17283.0,671.0,704.0,53.0,311.0,118.0,18.44,1.48,3.5
2014/05/14,34.5,34.8,34.1,34.55,1306.0,45113.0,0.7289,0.8494,679.0,178.0,0.0,7.0,185.0,17332.0,463.0,414.0,30.0,336.0,55.0,18.58,1.49,3.47
2014/05/15,34.6,35.0,34.45,34.9,970.0,33717.0,1.013,0.6309,481.0,20.0,0.0,1.0,21.0,17326.0,311.0,317.0,45.0,325.0,34.0,18.76,1.5,3.44
2014/05/16,34.8,35.0,34.2,34.7,988.0,34135.0,-0.5731,0.6426,555.0,183.0,0.0,0.0,183.0,17186.0,215.0,355.0,11.0,335.0,21.0,18.66,1.49,3.46
2014/05/19,35.0,36.4,34.9,36.3,3754.0,134539.0,4.611,2.4416,1881.0,90.0,0.0,0.0,90.0,17706.0,1507.0,987.0,81.0,299.0,45.0,19.52,1.56,3.31
2014/05/20,36.8,37.8,36.2,36.2,9695.0,359255.0,-0.2755,6.3057,4712.0,-307.0,0.0,1.0,-306.0,18106.0,3662.0,3262.0,9.0,442.0,153.0,19.46,1.56,3.31
2014/05/21,36.15,36.45,35.6,36.0,2561.0,92147.0,-0.5525,1.6657,1476.0,129.0,0.0,-1.0,128.0,18047.0,847.0,904.0,34.0,426.0,18.0,19.35,1.55,3.33
2014/05/22,36.45,37.05,36.3,36.55,2999.0,110130.0,1.5278,1.9506,1611.0,172.0,0.0,0.0,172.0,18173.0,1085.0,955.0,103.0,347.0,25.0,19.65,1.57,3.28
2014/05/23,36.75,37.8,36.65,37.0,6226.0,232348.0,1.2312,4.0494,2992.0,-13.0,0.0,0.0,-13.0,18076.0,2161.0,2258.0,54.0,321.0,28.0,19.89,1.59,3.24
2014/05/26,37.75,38.2,37.05,37.2,5276.0,198979.0,0.5405,3.4315,2655.0,90.0,11.0,0.0,101.0,17930.0,1803.0,1949.0,6.0,368.0,53.0,20.0,1.6,3.23
2014/05/27,37.1,37.5,36.3,37.0,3035.0,111491.0,-0.5376,1.974,1446.0,57.0,11.0,0.0,68.0,17769.0,1045.0,1177.0,53.0,323.0,8.0,19.89,1.59,3.24
2014/05/28,37.55,39.55,37.15,39.55,8385.0,326839.0,6.8919,5.4536,2964.0,-74.0,0.0,0.0,-74.0,18589.0,3533.0,2710.0,9.0,701.0,387.0,21.26,1.7,3.03
2014/05/29,40.4,40.7,39.3,39.65,15470.0,620384.0,0.2528,10.0617,6365.0,32.0,0.0,2.0,34.0,18638.0,4585.0,4536.0,179.0,647.0,125.0,21.32,1.71,3.03
2014/05/30,40.1,41.55,39.75,41.5,10204.0,416883.0,4.6658,6.6367,4857.0,260.0,0.0,0.0,260.0,19256.0,3288.0,2670.0,41.0,913.0,307.0,22.31,1.79,2.89
2014/06/03,42.0,42.2,40.05,40.4,5047.0,206551.0,-2.6506,3.2826,2758.0,301.0,0.0,0.0,301.0,18613.0,1554.0,2196.0,145.0,782.0,17.0,21.72,1.74,2.97
2014/06/04,41.0,42.5,40.5,41.9,7426.0,310727.0,3.7129,4.8299,3694.0,60.0,0.0,14.0,74.0,18355.0,2379.0,2637.0,58.0,862.0,141.0,22.53,1.8,2.86
2014/06/05,42.0,42.75,41.5,41.6,6379.0,268773.0,-0.716,4.1489,3363.0,-131.0,-1.0,-1.0,-133.0,18336.0,2275.0,2294.0,85.0,826.0,49.0,22.37,1.79,2.88
2014/06/06,42.0,42.95,40.7,40.8,6466.0,270309.0,-1.9231,4.2055,3393.0,246.0,0.0,0.0,246.0,18101.0,1948.0,2183.0,68.0,798.0,40.0,21.94,1.76,2.94
2014/06/09,41.0,41.3,39.6,41.3,4329.0,175377.0,1.2255,2.8156,2408.0,995.0,0.0,0.0,995.0,17494.0,935.0,1542.0,174.0,647.0,23.0,22.2,1.78,2.91
2014/06/10,41.8,42.0,40.5,40.5,3785.0,156510.0,-1.937,2.4618,1989.0,-45.0,0.0,0.0,-45.0,17561.0,1216.0,1149.0,31.0,669.0,53.0,21.77,1.74,2.96
2014/06/11,40.5,41.2,40.2,40.5,3036.0,123596.0,0.0,1.9746,1686.0,440.0,0.0,0.0,440.0,17241.0,1026.0,1346.0,66.0,644.0,43.0,21.77,1.74,2.96
2014/06/12,40.8,41.1,40.4,40.45,2543.0,103609.0,-0.1235,1.6499,1455.0,392.0,-2.0,0.0,390.0,16715.0,660.0,1186.0,82.0,574.0,12.0,21.75,1.74,2.97
2014/06/13,40.3,41.1,40.0,40.0,3829.0,154970.0,-1.1125,2.4843,1718.0,777.0,0.0,0.0,777.0,16468.0,1429.0,1676.0,64.0,555.0,46.0,21.51,1.72,3.0
2014/06/16,40.45,41.3,40.05,41.05,2965.0,120824.0,2.625,1.9237,1599.0,240.0,-1.0,0.0,239.0,16712.0,1258.0,1009.0,26.0,566.0,37.0,22.07,1.77,2.92
2014/06/17,40.85,41.5,40.7,41.05,3800.0,156403.0,0.0,2.4655,1655.0,270.0,0.0,0.0,270.0,16938.0,1305.0,1079.0,19.0,568.0,21.0,22.07,1.77,2.92
2014/06/18,41.3,41.5,40.2,40.5,2643.0,107906.0,-1.3398,1.7148,1470.0,394.0,0.0,8.0,402.0,16757.0,683.0,864.0,40.0,539.0,19.0,21.77,1.74,2.96
2014/06/19,40.55,41.6,40.55,41.2,2513.0,103615.0,1.7284,1.6304,1364.0,109.0,0.0,0.0,109.0,16857.0,863.0,763.0,5.0,565.0,39.0,22.15,1.77,2.91
2014/06/20,41.25,42.2,40.9,41.2,2694.0,111966.0,0.0,1.7398,1427.0,194.0,0.0,0.0,194.0,16976.0,979.0,859.0,18.0,588.0,41.0,22.15,1.77,2.91
2014/06/23,41.5,41.5,38.35,38.35,4468.0,175279.0,-6.9175,2.8854,2208.0,-62.0,0.0,0.0,-62.0,15975.0,1210.0,2211.0,254.0,374.0,40.0,20.62,1.65,3.1
2014/06/24,38.35,38.7,37.4,38.7,2188.0,83754.0,0.9126,1.413,1274.0,344.0,0.0,-14.0,330.0,15905.0,391.0,461.0,55.0,326.0,7.0,20.81,1.67,3.07
2014/06/25,38.7,40.5,38.3,39.5,3598.0,142794.0,2.0672,2.3236,1949.0,-14.0,0.0,0.0,-14.0,16109.0,954.0,750.0,20.0,413.0,107.0,21.24,1.7,3.01
2014/06/26,39.5,39.65,39.1,39.3,1525.0,59997.0,-0.5063,0.9848,870.0,-43.0,0.0,0.0,-43.0,16097.0,507.0,519.0,53.0,370.0,10.0,21.13,1.69,3.03
2014/06/27,39.3,39.55,38.5,38.8,1253.0,48920.0,-1.2723,0.8092,775.0,306.0,0.0,0.0,306.0,15810.0,231.0,518.0,37.0,340.0,7.0,20.86,1.67,3.07
2014/06/30,38.8,39.5,38.8,39.5,1062.0,41599.0,1.8041,0.6858,600.0,327.0,-1.0,-3.0,323.0,15812.0,249.0,247.0,31.0,310.0,1.0,21.24,1.7,3.01
2014/07/01,39.5,40.95,39.5,40.6,2920.0,118010.0,2.7848,1.8857,1645.0,-132.0,0.0,2.0,-130.0,16364.0,1502.0,947.0,44.0,285.0,22.0,21.83,1.75,2.93
2014/07/02,40.6,40.8,39.15,39.5,3484.0,139882.0,-2.7094,2.2499,1695.0,207.0,0.0,1.0,208.0,16039.0,1209.0,1534.0,10.0,295.0,20.0,21.24,1.7,3.01
2014/07/03,39.7,40.15,39.55,39.85,2063.0,82243.0,0.8861,1.3323,1168.0,-261.0,0.0,2.0,-259.0,15964.0,642.0,714.0,31.0,270.0,7.0,21.42,1.72,2.99
2014/07/04,39.85,39.95,39.3,39.4,1288.0,50951.0,-1.1292,0.8318,745.0,-93.0,0.0,0.0,-93.0,15876.0,369.0,452.0,3.0,265.0,3.0,21.18,1.7,3.02
2014/07/07,39.2,39.75,38.5,38.5,1714.0,66563.0,-2.2843,1.1069,988.0,0.0,0.0,0.0,0.0,15586.0,517.0,807.0,67.0,198.0,0.0,20.7,1.66,3.09
2014/07/08,38.5,38.95,38.4,38.4,946.0,36542.0,-0.2597,0.6109,584.0,160.0,0.0,0.0,160.0,15449.0,174.0,289.0,16.0,185.0,3.0,20.65,1.65,3.1
2014/07/09,38.8,39.2,38.5,38.55,1165.0,45216.0,0.3906,0.7523,651.0,66.0,0.0,0.0,66.0,15315.0,224.0,358.0,23.0,164.0,2.0,20.73,1.66,3.09
2014/07/10,38.6,39.4,38.6,39.0,1434.0,56103.0,1.1673,0.9261,762.0,484.0,0.0,0.0,484.0,15143.0,406.0,576.0,18.0,142.0,0.0,20.97,1.68,3.05
2014/07/11,39.2,39.5,37.6,38.1,1520.0,58393.0,-2.3077,0.9816,831.0,-131.0,0.0,3.0,-128.0,14962.0,543.0,714.0,140.0,0.0,0.0,20.48,1.64,3.12
2014/07/14,38.0,38.1,37.1,37.45,1077.0,40481.0,-1.706,0.6955,646.0,92.0,0.0,0.0,92.0,14697.0,0.0,265.0,0.0,0.0,0.0,20.13,1.61,3.18
2014/07/15,37.6,38.0,37.5,38.0,941.0,35511.0,1.4686,0.6077,546.0,93.0,0.0,-1.0,92.0,14245.0,0.0,448.0,0.0,0.0,0.0,20.43,1.64,3.13
2014/07/16,38.15,38.15,37.1,37.4,1796.0,67422.0,-1.5789,1.1598,860.0,111.0,0.0,13.0,124.0,13623.0,0.0,447.0,0.0,0.0,0.0,20.11,1.61,3.18
2014/07/17,36.45,37.1,36.45,36.5,1388.0,51003.0,0.78,0.8964,834.0,226.0,0.0,-16.0,210.0,13890.0,393.0,126.0,0.0,24.0,24.0,19.62,1.57,3.26
2014/07/18,36.1,36.8,36.0,36.45,641.0,23367.0,-0.137,0.414,415.0,154.0,0.0,1.0,155.0,13902.0,90.0,78.0,2.0,32.0,10.0,19.6,1.57,3.26
2014/07/21,36.6,37.7,36.6,37.45,1261.0,47035.0,2.7435,0.8143,823.0,191.0,0.0,0.0,191.0,14059.0,463.0,297.0,4.0,46.0,18.0,20.13,1.61,3.18
2014/07/22,37.4,37.45,37.1,37.15,524.0,19544.0,-0.8011,0.3384,354.0,15.0,0.0,0.0,15.0,14051.0,124.0,132.0,4.0,47.0,5.0,19.97,1.6,3.2
2014/07/24,37.45,38.4,37.2,38.0,1293.0,49116.0,2.288,0.835,828.0,181.0,0.0,0.0,181.0,14117.0,340.0,274.0,0.0,57.0,10.0,20.43,1.64,3.13
2014/07/25,38.2,38.6,37.6,37.6,1444.0,55066.0,-1.0526,0.9325,845.0,-5.0,0.0,1.0,-4.0,14083.0,403.0,437.0,9.0,90.0,42.0,20.22,1.62,3.16
2014/07/28,37.6,37.7,37.05,37.05,829.0,30890.0,-1.4628,0.5354,490.0,17.0,0.0,1.0,18.0,13992.0,176.0,266.0,17.0,80.0,7.0,19.92,1.59,3.21
2014/07/29,37.3,37.7,35.6,35.9,1237.0,44998.0,-3.1039,0.7988,713.0,38.0,0.0,3.0,41.0,13456.0,103.0,639.0,24.0,76.0,20.0,19.3,1.55,3.31
2014/07/30,36.0,36.4,35.65,35.95,529.0,19075.0,0.1393,0.3416,364.0,43.0,-9.0,0.0,34.0,13462.0,137.0,131.0,5.0,86.0,15.0,19.33,1.55,3.31
2014/07/31,36.1,36.15,35.65,35.65,819.0,29368.0,-0.8345,0.5289,443.0,-134.0,0.0,0.0,-134.0,13553.0,227.0,136.0,35.0,57.0,6.0,19.17,1.53,3.34
2014/08/01,35.0,36.15,35.0,36.0,539.0,19250.0,0.9818,0.3481,332.0,59.0,0.0,0.0,59.0,13549.0,131.0,135.0,28.0,41.0,12.0,19.35,1.55,3.31
2014/08/04,36.0,36.3,35.2,36.1,354.0,12789.0,0.2778,0.2286,248.0,-37.0,0.0,0.0,-37.0,13575.0,83.0,57.0,11.0,34.0,4.0,19.41,1.55,3.3
2014/08/05,36.1,36.3,35.25,35.25,650.0,23233.0,-2.3546,0.4198,426.0,-197.0,0.0,0.0,-197.0,13689.0,229.0,113.0,4.0,32.0,2.0,18.95,1.52,3.38
2014/08/06,35.3,35.45,33.0,34.4,925.0,31795.0,-2.4113,0.5974,519.0,88.0,0.0,0.0,88.0,13603.0,154.0,226.0,9.0,33.0,10.0,18.49,1.48,3.46
2014/08/07,34.0,34.9,34.0,34.05,514.0,17661.0,-1.0174,0.332,293.0,-43.0,0.0,0.0,-43.0,13547.0,137.0,183.0,1.0,32.0,0.0,18.31,1.47,3.49
2014/08/08,34.1,35.3,34.05,34.85,1012.0,35111.0,2.3495,0.6536,625.0,-14.0,0.0,0.0,-14.0,13571.0,254.0,229.0,7.0,47.0,22.0,18.74,1.53,3.41
2014/08/11,36.5,37.25,36.1,37.25,3215.0,119459.0,6.8867,2.0764,1206.0,-14.0,0.0,0.0,-14.0,14182.0,1442.0,821.0,12.0,93.0,58.0,16.2,1.64,3.19
2014/08/12,36.9,37.65,36.65,37.0,1883.0,70132.0,-0.6711,1.2162,1050.0,-231.0,-1.0,0.0,-232.0,14432.0,767.0,517.0,13.0,94.0,14.0,16.09,1.63,3.22
2014/08/13,37.15,38.0,37.1,37.5,1075.0,40379.0,1.3514,0.6943,625.0,-81.0,0.0,0.0,-81.0,14499.0,375.0,307.0,15.0,114.0,35.0,16.3,1.65,3.17
2014/08/14,37.8,38.2,36.9,37.15,1313.0,49390.0,-0.9333,0.848,737.0,-12.0,0.0,-1.0,-13.0,14618.0,470.0,351.0,18.0,98.0,2.0,16.15,1.63,3.2
2014/08/15,37.2,37.4,37.0,37.15,663.0,24691.0,0.0,0.4282,408.0,44.0,0.0,0.0,44.0,14408.0,180.0,385.0,2.0,121.0,25.0,16.15,1.63,3.2
2014/08/18,37.4,37.5,36.3,36.55,968.0,35544.0,-1.6151,0.6252,582.0,-47.0,0.0,0.0,-47.0,14401.0,303.0,310.0,29.0,113.0,21.0,15.89,1.61,3.26
2014/08/19,36.7,37.7,36.7,37.5,1029.0,38214.0,2.5992,0.6646,488.0,43.0,0.0,0.0,43.0,14199.0,247.0,448.0,6.0,136.0,29.0,16.3,1.65,3.17
2014/08/20,38.5,39.95,38.2,39.05,6623.0,259210.0,4.1333,4.2775,3092.0,-45.0,0.0,-1.0,-46.0,15091.0,2139.0,1245.0,18.0,306.0,188.0,16.98,1.72,3.05
2014/08/21,39.05,39.15,38.2,38.55,1790.0,69128.0,-1.2804,1.1561,997.0,-52.0,5.0,0.0,-47.0,15192.0,743.0,642.0,46.0,278.0,18.0,16.76,1.7,3.09
2014/08/22,38.75,39.05,38.55,38.8,1489.0,57777.0,0.6485,0.9617,902.0,-106.0,0.0,1.0,-105.0,15233.0,496.0,455.0,38.0,252.0,12.0,16.87,1.71,3.07
2014/08/25,39.05,39.15,38.6,38.8,925.0,35942.0,0.0,0.5974,478.0,-11.0,0.0,0.0,-11.0,15238.0,347.0,336.0,24.0,245.0,17.0,16.87,1.71,3.07
2014/08/26,39.0,39.7,38.9,39.0,1641.0,64446.0,0.5155,1.0599,904.0,83.0,0.0,0.0,83.0,15255.0,553.0,528.0,54.0,178.0,1.0,16.96,1.72,3.05
2014/08/27,39.4,39.9,39.05,39.4,1908.0,75373.0,1.0256,1.2323,1058.0,157.0,0.0,0.0,157.0,15402.0,658.0,511.0,16.0,182.0,20.0,17.13,1.73,3.02
2014/08/28,39.6,39.6,38.75,38.85,1009.0,39440.0,-1.3959,0.6517,674.0,-38.0,0.0,0.0,-38.0,15322.0,236.0,316.0,19.0,178.0,15.0,16.89,1.71,3.06
2014/08/29,38.9,39.25,38.6,38.9,638.0,24849.0,0.1287,0.4119,405.0,45.0,0.0,0.0,45.0,15447.0,263.0,138.0,5.0,181.0,8.0,16.91,1.71,3.06
2014/09/01,39.25,39.7,39.0,39.0,1189.0,46720.0,0.2571,0.7676,602.0,27.0,0.0,1.0,28.0,15729.0,544.0,262.0,8.0,178.0,5.0,16.96,1.72,3.05
2014/09/02,39.1,39.5,38.3,38.35,1381.0,53653.0,-1.6667,0.8915,800.0,-189.0,0.0,0.0,-189.0,15806.0,456.0,379.0,3.0,197.0,22.0,16.67,1.69,3.1
2014/09/03,39.0,39.0,38.35,38.35,892.0,34447.0,0.0,0.5649,559.0,46.0,0.0,0.0,46.0,15777.0,324.0,353.0,17.0,202.0,22.0,16.67,1.69,3.1
2014/09/04,38.35,38.65,38.15,38.15,654.0,25095.0,-0.5215,0.4142,425.0,-31.0,0.0,-2.0,-33.0,15649.0,224.0,348.0,23.0,187.0,8.0,16.59,1.68,3.12
2014/09/05,38.2,38.6,38.1,38.5,562.0,21604.0,0.9174,0.3559,391.0,49.0,0.0,0.0,49.0,15681.0,127.0,95.0,5.0,183.0,1.0,16.74,1.69,3.09
2014/09/09,38.4,38.4,36.5,36.7,3067.0,114032.0,-4.6753,1.9424,1724.0,-198.0,0.0,1.0,-197.0,16039.0,1109.0,751.0,48.0,463.0,328.0,15.96,1.61,3.24
2014/09/10,36.7,36.7,36.0,36.4,1277.0,46335.0,-0.8174,0.8087,696.0,200.0,0.0,0.0,200.0,16040.0,252.0,251.0,103.0,448.0,88.0,15.83,1.6,3.27
2014/09/11,36.55,36.7,36.35,36.35,532.0,19442.0,-0.1374,0.3369,343.0,-102.0,0.0,0.0,-102.0,16067.0,153.0,126.0,90.0,389.0,31.0,15.8,1.6,3.27
2014/09/12,36.35,36.7,35.45,35.6,1073.0,38460.0,-2.0633,0.6795,577.0,6.0,0.0,0.0,6.0,15761.0,207.0,503.0,97.0,337.0,45.0,15.48,1.57,3.34
2014/09/15,35.4,35.75,35.3,35.5,684.0,24302.0,-0.2809,0.4332,453.0,-80.0,1.0,0.0,-79.0,15795.0,148.0,114.0,188.0,174.0,25.0,15.43,1.56,3.35
2014/09/16,35.6,35.9,35.05,35.05,651.0,23043.0,-1.2676,0.4123,334.0,-43.0,0.0,0.0,-43.0,15621.0,112.0,286.0,28.0,157.0,11.0,15.24,1.54,3.4
2014/09/17,35.3,35.85,35.1,35.1,684.0,24208.0,0.1427,0.4332,468.0,-209.0,0.0,-4.0,-213.0,15677.0,164.0,108.0,14.0,149.0,6.0,15.26,1.54,3.39
2014/09/18,35.1,35.45,35.1,35.1,608.0,21404.0,0.0,0.3851,376.0,-270.0,0.0,0.0,-270.0,15685.0,96.0,88.0,19.0,136.0,6.0,15.26,1.54,3.39
2014/09/19,35.45,36.55,35.45,36.15,1440.0,52099.0,2.9915,0.912,838.0,-71.0,0.0,0.0,-71.0,15926.0,576.0,335.0,6.0,146.0,16.0,15.72,1.59,3.29
2014/09/22,36.0,36.0,35.4,35.5,659.0,23471.0,-1.7981,0.4174,416.0,-220.0,0.0,-1.0,-221.0,15885.0,147.0,185.0,49.0,97.0,0.0,15.43,1.56,3.35
2014/09/23,35.4,36.65,35.4,36.65,1385.0,50245.0,3.2394,0.8771,816.0,-49.0,3.0,-2.0,-48.0,16066.0,614.0,432.0,6.0,140.0,50.0,15.93,1.61,3.25
2014/09/24,37.3,38.25,36.8,36.8,5116.0,192707.0,0.4093,3.24,2703.0,-485.0,0.0,0.0,-485.0,16153.0,1392.0,1300.0,7.0,150.0,17.0,16.0,1.62,3.23
2014/09/25,37.0,37.3,35.9,36.1,1478.0,54241.0,-1.9022,0.936,933.0,-98.0,0.0,0.0,-98.0,15994.0,381.0,539.0,28.0,184.0,62.0,15.7,1.59,3.3
2014/09/26,35.1,36.0,35.1,35.8,811.0,28844.0,-0.831,0.5136,499.0,52.0,0.0,1.0,53.0,15894.0,161.0,253.0,55.0,151.0,22.0,15.57,1.57,3.32
2014/09/29,36.0,36.1,35.4,35.45,851.0,30331.0,-0.9777,0.5389,561.0,4.0,0.0,0.0,4.0,16038.0,248.0,104.0,19.0,172.0,40.0,15.41,1.56,3.36
2014/09/30,35.4,35.8,34.6,35.1,1253.0,44115.0,-0.9873,0.7933,698.0,-184.0,0.0,1.0,-183.0,16113.0,262.0,184.0,42.0,192.0,62.0,15.26,1.54,3.39
2014/10/01,35.3,35.75,35.25,35.3,992.0,35280.0,0.5698,0.6281,555.0,8.0,0.0,0.0,8.0,16265.0,357.0,205.0,10.0,196.0,14.0,15.35,1.55,3.37
2014/10/02,35.1,35.65,34.9,35.65,466.0,16504.0,0.9915,0.295,323.0,78.0,0.0,2.0,80.0,16257.0,95.0,103.0,8.0,204.0,16.0,15.5,1.57,3.34
2014/10/03,35.7,36.1,35.65,36.0,806.0,29016.0,0.9818,0.5103,446.0,21.0,0.0,0.0,21.0,16241.0,248.0,259.0,13.0,192.0,1.0,15.65,1.58,3.31
2014/10/06,35.95,36.35,35.8,36.2,655.0,23697.0,0.5556,0.4147,365.0,88.0,0.0,0.0,88.0,16188.0,210.0,263.0,25.0,167.0,0.0,15.74,1.59,3.29
2014/10/07,35.9,35.9,35.1,35.25,1138.0,40279.0,-2.6243,0.7205,643.0,-191.0,0.0,-2.0,-193.0,16028.0,282.0,442.0,3.0,203.0,39.0,15.33,1.55,3.38
2014/10/08,35.0,35.25,34.6,34.6,807.0,28111.0,-1.844,0.5109,454.0,16.0,0.0,0.0,16.0,15919.0,119.0,228.0,25.0,204.0,26.0,15.04,1.52,3.44
2014/10/09,34.6,34.6,32.2,32.25,4416.0,145339.0,-6.7919,2.7959,1918.0,-55.0,0.0,-1.0,-56.0,15076.0,925.0,1723.0,70.0,378.0,244.0,14.02,1.42,3.69
2014/10/13,30.8,31.55,30.4,30.4,1190.0,36642.0,-5.7364,0.7534,625.0,205.0,0.0,7.0,212.0,14730.0,157.0,500.0,193.0,258.0,73.0,13.22,1.34,3.91
2014/10/14,30.4,31.0,30.4,30.85,1005.0,30940.0,1.4803,0.6363,515.0,242.0,0.0,-5.0,237.0,14679.0,198.0,204.0,52.0,233.0,27.0,13.41,1.36,3.86
2014/10/15,31.0,31.3,30.4,30.7,898.0,27574.0,-0.4862,0.5686,449.0,166.0,0.0,-1.0,165.0,14620.0,209.0,268.0,13.0,270.0,50.0,13.35,1.35,3.88
2014/10/16,30.45,31.0,28.65,30.45,1239.0,37053.0,-0.8143,0.7845,594.0,142.0,0.0,5.0,147.0,14422.0,291.0,481.0,103.0,181.0,14.0,13.24,1.34,3.91
2014/10/17,30.6,31.1,30.2,30.3,695.0,21300.0,-0.4926,0.44,415.0,-86.0,0.0,-3.0,-89.0,14393.0,200.0,172.0,8.0,207.0,34.0,13.17,1.33,3.93
2014/10/20,30.6,31.05,30.55,30.65,741.0,22841.0,1.1551,0.4692,378.0,-40.0,0.0,0.0,-40.0,14578.0,329.0,141.0,23.0,212.0,28.0,13.33,1.35,3.88
2014/10/21,30.65,31.2,30.5,30.55,665.0,20542.0,-0.3263,0.421,458.0,-61.0,2.0,0.0,-59.0,14553.0,181.0,203.0,10.0,207.0,5.0,13.28,1.34,3.9
2014/10/22,31.1,31.3,30.8,30.8,589.0,18299.0,0.8183,0.3729,361.0,45.0,0.0,0.0,45.0,14571.0,168.0,150.0,8.0,207.0,8.0,13.39,1.35,3.86
2014/10/23,30.8,31.0,30.55,30.7,332.0,10218.0,-0.3247,0.2102,225.0,87.0,3.0,0.0,90.0,14537.0,44.0,71.0,29.0,185.0,8.0,13.35,1.35,3.88
2014/10/24,30.8,30.95,29.8,30.0,770.0,23295.0,-2.2801,0.4875,455.0,-66.0,0.0,0.0,-66.0,14591.0,210.0,153.0,37.0,200.0,52.0,13.04,1.32,3.97
2014/10/27,30.2,30.3,27.9,27.9,1876.0,53402.0,-7.0,1.1878,836.0,-85.0,0.0,1.0,-84.0,14039.0,479.0,1027.0,40.0,250.0,90.0,12.13,1.23,4.27
2014/10/28,27.9,29.8,27.9,29.8,1511.0,43805.0,6.81,0.9567,796.0,346.0,0.0,-1.0,345.0,13719.0,346.0,630.0,55.0,256.0,61.0,12.96,1.31,3.99
2014/10/29,30.5,31.2,30.5,30.85,2085.0,64331.0,3.5235,1.3201,1045.0,-198.0,0.0,0.0,-198.0,13686.0,561.0,585.0,40.0,258.0,42.0,13.41,1.36,3.86
2014/10/30,30.8,31.6,30.6,31.25,1053.0,32903.0,1.2966,0.6667,592.0,17.0,0.0,0.0,17.0,13699.0,253.0,240.0,27.0,264.0,33.0,13.59,1.37,3.81
2014/10/31,31.9,31.9,31.4,31.7,999.0,31608.0,1.44,0.6325,467.0,-2.0,0.0,0.0,-2.0,13837.0,390.0,252.0,11.0,267.0,14.0,13.78,1.39,3.75
2014/11/03,31.7,32.35,31.7,31.8,958.0,30668.0,0.3155,0.6065,556.0,-23.0,0.0,0.0,-23.0,13706.0,316.0,447.0,52.0,222.0,7.0,13.83,1.4,3.74
2014/11/04,32.0,32.0,31.3,31.45,625.0,19719.0,-1.1006,0.3957,383.0,63.0,0.0,0.0,63.0,13637.0,140.0,209.0,2.0,224.0,4.0,13.67,1.38,3.78
2014/11/05,31.35,33.3,31.35,32.7,3017.0,98885.0,3.9746,1.9102,1632.0,-80.0,0.0,-5.0,-85.0,14005.0,1065.0,697.0,27.0,343.0,146.0,14.22,1.44,3.64
2014/11/06,32.6,32.7,31.8,31.8,1157.0,37337.0,-2.7523,0.7325,638.0,-82.0,0.0,1.0,-81.0,13993.0,395.0,407.0,88.0,263.0,8.0,13.83,1.4,3.74
2014/11/07,32.3,32.3,31.8,32.25,600.0,19288.0,1.4151,0.3799,327.0,116.0,0.0,0.0,116.0,14071.0,186.0,108.0,11.0,273.0,21.0,14.02,1.39,3.69
2014/11/10,32.0,32.7,31.45,31.8,2596.0,83463.0,-1.3953,1.6436,976.0,-27.0,0.0,3.0,-24.0,14152.0,531.0,450.0,24.0,274.0,25.0,12.82,1.37,3.74
2014/11/11,32.05,32.15,31.8,31.95,544.0,17411.0,0.4717,0.3446,349.0,81.0,0.0,1.0,82.0,14142.0,156.0,166.0,21.0,258.0,5.0,12.88,1.37,3.72
2014/11/12,31.95,32.5,31.85,31.95,789.0,25347.0,0.0,0.4998,515.0,46.0,0.0,-1.0,45.0,14125.0,183.0,200.0,7.0,275.0,25.0,12.88,1.37,3.72
2014/11/13,32.1,32.45,31.8,32.25,497.0,15976.0,0.939,0.3148,332.0,173.0,0.0,-3.0,170.0,13951.0,88.0,262.0,5.0,280.0,10.0,13.0,1.39,3.69
2014/11/14,32.5,32.5,32.05,32.15,445.0,14371.0,-0.3101,0.2819,313.0,133.0,0.0,0.0,133.0,13963.0,160.0,146.0,3.0,280.0,3.0,12.96,1.38,3.7
2014/11/17,32.4,32.4,31.5,31.55,379.0,12030.0,-1.8663,0.2401,245.0,9.0,0.0,0.0,9.0,13929.0,103.0,134.0,18.0,268.0,6.0,12.72,1.36,3.77
2014/11/18,31.75,31.75,30.2,30.35,758.0,23268.0,-3.8035,0.4801,489.0,64.0,0.0,0.0,64.0,13898.0,171.0,202.0,62.0,262.0,56.0,12.24,1.3,3.92
2014/11/19,30.85,32.45,30.8,32.4,3445.0,110901.0,6.7545,2.1821,1711.0,248.0,0.0,0.0,248.0,14076.0,1069.0,891.0,15.0,505.0,258.0,13.06,1.39,3.67
2014/11/20,32.25,33.5,32.05,33.2,3798.0,125030.0,2.4691,2.4057,2106.0,-281.0,0.0,5.0,-276.0,14304.0,1158.0,930.0,33.0,695.0,223.0,13.39,1.43,3.58
2014/11/21,33.6,33.8,32.8,33.45,2347.0,78337.0,0.753,1.4866,1425.0,-170.0,0.0,0.0,-170.0,14520.0,732.0,506.0,38.0,704.0,47.0,13.49,1.44,3.56
2014/11/24,35.3,35.3,34.4,34.45,4228.0,147355.0,2.9895,2.678,2285.0,-141.0,0.0,-5.0,-146.0,14495.0,1263.0,1288.0,61.0,772.0,129.0,13.89,1.48,3.45
2014/11/25,34.2,34.9,34.2,34.8,1755.0,60828.0,1.016,1.1116,979.0,-144.0,0.0,0.0,-144.0,14695.0,596.0,396.0,48.0,800.0,76.0,14.03,1.49,3.42
2014/11/26,34.8,34.8,34.3,34.4,1314.0,45363.0,-1.1494,0.8323,744.0,1.0,0.0,0.0,1.0,14525.0,470.0,639.0,84.0,744.0,28.0,13.87,1.48,3.46
2014/11/27,34.6,34.85,34.5,34.6,1190.0,41276.0,0.5814,0.7537,684.0,-6.0,-1.0,0.0,-7.0,14556.0,370.0,339.0,46.0,715.0,17.0,13.95,1.49,3.44
2014/11/28,34.6,34.75,34.25,34.25,812.0,27945.0,-1.0116,0.5143,508.0,-20.0,0.0,-1.0,-21.0,14480.0,243.0,318.0,21.0,712.0,18.0,13.81,1.47,3.47
2014/12/01,33.0,34.3,33.0,34.05,1123.0,38008.0,-0.5839,0.7113,696.0,89.0,0.0,2.0,91.0,14446.0,324.0,357.0,112.0,612.0,12.0,13.73,1.46,3.49
2014/12/02,34.15,35.1,34.15,34.95,1758.0,61152.0,2.6432,1.1135,1074.0,-51.0,0.0,0.0,-51.0,14662.0,715.0,484.0,59.0,599.0,46.0,14.09,1.5,3.4
2014/12/03,34.95,35.55,34.8,35.0,2634.0,92779.0,0.1431,1.6684,1287.0,-288.0,-1.0,-1.0,-290.0,14741.0,815.0,736.0,41.0,604.0,46.0,14.11,1.5,3.4
2014/12/04,35.3,36.35,34.6,36.3,6129.0,219336.0,3.7143,3.8821,2495.0,-400.0,0.0,0.0,-400.0,14471.0,1001.0,1271.0,30.0,700.0,126.0,14.64,1.56,3.28
2014/12/05,36.4,37.4,36.25,36.95,9799.0,361243.0,1.7906,6.2067,4112.0,-405.0,-25.0,-1.0,-431.0,15544.0,2388.0,1315.0,53.0,1003.0,356.0,14.9,1.59,3.22
2014/12/08,36.95,36.95,35.4,35.5,2908.0,104933.0,-3.9242,1.8419,1681.0,-429.0,0.0,0.0,-429.0,15467.0,803.0,872.0,288.0,780.0,65.0,14.31,1.52,3.35
2014/12/09,34.8,35.35,34.75,34.9,1430.0,50014.0,-1.6901,0.9058,886.0,65.0,0.0,0.0,65.0,15410.0,408.0,465.0,121.0,699.0,40.0,14.07,1.5,3.41
2014/12/10,34.5,35.3,34.5,34.85,1306.0,45639.0,-0.1433,0.8272,885.0,-256.0,0.0,0.0,-256.0,15499.0,368.0,279.0,76.0,687.0,64.0,14.05,1.5,3.41
2014/12/11,34.6,35.1,34.55,34.8,790.0,27498.0,-0.1435,0.5004,553.0,-144.0,0.0,0.0,-144.0,15467.0,173.0,190.0,65.0,631.0,9.0,14.03,1.49,3.42
2014/12/12,34.9,36.0,34.85,36.0,1276.0,45150.0,3.4483,0.8082,731.0,-176.0,0.0,0.0,-176.0,15375.0,272.0,364.0,5.0,657.0,31.0,14.52,1.55,3.31
2014/12/15,36.3,38.5,36.3,38.5,9159.0,347123.0,6.9444,5.8013,4032.0,-114.0,0.0,0.0,-114.0,16157.0,2470.0,1687.0,55.0,1037.0,435.0,15.52,1.65,3.09
2014/12/16,39.15,39.7,38.25,38.6,14346.0,562029.0,0.2597,9.0868,6438.0,-207.0,0.0,59.0,-148.0,16024.0,3010.0,3143.0,97.0,1161.0,221.0,15.56,1.66,3.08
2014/12/17,38.6,39.1,38.1,38.2,4373.0,168891.0,-1.0363,2.7699,2422.0,-650.0,0.0,-25.0,-675.0,16535.0,1320.0,808.0,105.0,1149.0,93.0,15.4,1.64,3.12
2014/12/18,38.5,39.3,38.0,38.0,3667.0,141745.0,-0.5236,2.3227,2125.0,-192.0,0.0,-17.0,-209.0,16439.0,985.0,1081.0,108.0,1139.0,102.0,15.32,1.63,3.13
2014/12/19,38.5,38.9,37.05,37.2,5285.0,201092.0,-2.1053,3.3475,2564.0,39.0,0.0,-6.0,33.0,16128.0,1252.0,1563.0,305.0,973.0,139.0,15.0,1.6,3.2
2014/12/22,37.5,38.8,37.4,38.45,3572.0,136827.0,3.3602,2.2625,1943.0,1.0,0.0,1.0,2.0,16387.0,1002.0,743.0,104.0,1133.0,264.0,15.5,1.65,3.09
2014/12/23,38.5,38.65,37.9,38.05,1742.0,66464.0,-1.0403,1.1034,993.0,38.0,0.0,0.0,38.0,16182.0,553.0,753.0,85.0,1068.0,20.0,15.34,1.63,3.13
2014/12/24,38.35,38.6,38.1,38.2,2095.0,80403.0,0.3942,1.327,1010.0,84.0,0.0,0.0,84.0,16263.0,744.0,663.0,26.0,1050.0,8.0,15.4,1.64,3.12
2014/12/25,38.3,39.25,38.25,38.3,2610.0,101321.0,0.2618,1.6532,1490.0,17.0,0.0,0.0,17.0,16336.0,886.0,788.0,26.0,1046.0,22.0,15.44,1.65,3.11
2014/12/26,38.5,39.2,38.2,39.1,2740.0,106344.0,2.0888,1.7355,1328.0,41.0,0.0,0.0,41.0,16686.0,1226.0,876.0,29.0,1101.0,84.0,15.77,1.68,3.04
2014/12/27,39.25,39.25,38.65,38.85,2000.0,77855.0,-0.6394,1.2668,1070.0,-1.0,0.0,0.0,-1.0,16592.0,646.0,740.0,57.0,1048.0,4.0,15.67,1.67,3.06
2014/12/29,38.95,39.25,38.5,38.5,1839.0,71172.0,-0.9009,1.1648,1027.0,-90.0,0.0,0.0,-90.0,16303.0,522.0,809.0,41.0,1012.0,5.0,15.52,1.65,3.09
2014/12/30,38.5,38.7,37.8,37.85,1812.0,69038.0,-1.6883,1.1477,1020.0,-134.0,0.0,-1.0,-135.0,16043.0,543.0,803.0,145.0,881.0,14.0,15.26,1.63,3.14
2014/12/31,37.85,38.35,37.85,38.2,861.0,32879.0,0.9247,0.5453,560.0,11.0,0.0,0.0,11.0,15992.0,197.0,242.0,16.0,871.0,9.0,15.4,1.64,3.12
2015/01/05,38.2,38.45,38.1,38.35,903.0,34609.0,0.3927,0.5719,529.0,23.0,0.0,0.0,23.0,15925.0,279.0,346.0,9.0,874.0,12.0,15.46,1.65,3.1
2015/01/06,38.0,38.0,37.2,37.2,1797.0,67440.0,-2.9987,1.1381,1203.0,-380.0,0.0,0.0,-380.0,15886.0,491.0,530.0,77.0,815.0,18.0,15.0,1.6,3.2
2015/01/07,36.5,39.0,36.5,38.8,5646.0,217237.0,4.3011,3.576,2859.0,7.0,0.0,0.0,7.0,15987.0,1483.0,1382.0,51.0,1042.0,278.0,15.65,1.67,3.07
2015/01/08,39.05,39.3,38.45,39.3,5314.0,207302.0,1.2887,3.3657,2438.0,-347.0,0.0,0.0,-347.0,16248.0,1514.0,1252.0,93.0,1027.0,78.0,15.85,1.69,3.03
2015/01/09,39.6,40.9,39.55,39.65,15355.0,615069.0,0.8906,9.7252,6974.0,-421.0,0.0,106.0,-315.0,17251.0,4208.0,3205.0,38.0,1309.0,320.0,15.99,1.7,3.0
2015/01/12,39.4,40.25,39.05,40.05,4998.0,198661.0,1.0088,3.1655,2421.0,-282.0,0.0,-100.0,-382.0,17572.0,1542.0,1221.0,121.0,1230.0,42.0,16.15,1.72,2.97
2015/01/13,40.35,40.85,39.4,39.4,5399.0,217063.0,-1.623,3.4195,2713.0,-44.0,0.0,0.0,-44.0,18081.0,1921.0,1412.0,65.0,1201.0,36.0,15.89,1.69,3.02
2015/01/14,39.4,39.8,39.0,39.35,2439.0,96166.0,-0.1269,1.5448,1378.0,-4.0,0.0,-3.0,-7.0,18165.0,675.0,588.0,110.0,1141.0,50.0,15.87,1.69,3.02
2015/01/15,39.35,39.8,39.0,39.2,1815.0,71319.0,-0.3812,1.1495,1002.0,0.0,0.0,0.0,0.0,18153.0,533.0,545.0,56.0,1114.0,30.0,15.81,1.68,3.04
2015/01/16,38.8,39.2,38.05,38.1,2438.0,93800.0,-2.8061,1.5441,1479.0,-264.0,0.0,-1.0,-265.0,17822.0,624.0,954.0,179.0,949.0,14.0,15.36,1.64,3.12
2015/01/19,38.45,38.6,37.45,37.55,2012.0,76174.0,-1.4436,1.2743,1215.0,16.0,0.0,0.0,16.0,17697.0,526.0,616.0,68.0,974.0,93.0,15.14,1.61,3.17
2015/01/20,37.55,38.4,37.55,38.4,1293.0,49345.0,2.2636,0.8189,771.0,144.0,0.0,-3.0,141.0,17651.0,427.0,473.0,37.0,955.0,18.0,15.48,1.65,3.1
2015/01/21,38.7,38.7,37.9,38.0,831.0,31708.0,-1.0417,0.5263,517.0,57.0,0.0,0.0,57.0,17617.0,302.0,336.0,13.0,949.0,12.0,15.32,1.63,3.13
2015/01/22,38.6,39.1,38.3,38.4,2413.0,93385.0,1.0526,1.5283,1302.0,-20.0,0.0,-2.0,-22.0,17438.0,797.0,976.0,38.0,931.0,25.0,15.48,1.65,3.1
2015/01/23,38.8,38.8,38.0,38.1,1178.0,45232.0,-0.7812,0.7461,732.0,-65.0,0.0,0.0,-65.0,17415.0,303.0,324.0,28.0,896.0,9.0,15.36,1.64,3.12
2015/01/26,38.1,38.4,37.85,38.05,807.0,30751.0,-0.1312,0.5111,457.0,53.0,0.0,0.0,53.0,17247.0,221.0,389.0,8.0,889.0,2.0,15.34,1.63,3.13
2015/01/27,38.4,38.45,38.0,38.15,641.0,24482.0,0.2628,0.406,378.0,4.0,0.0,0.0,4.0,17176.0,224.0,295.0,5.0,897.0,13.0,15.38,1.64,3.12
2015/01/28,38.15,38.15,37.55,37.95,1287.0,48648.0,-0.5242,0.8151,701.0,-45.0,0.0,10.0,-35.0,17194.0,385.0,364.0,22.0,883.0,8.0,15.3,1.63,3.14
2015/01/29,38.45,38.45,38.0,38.05,1231.0,47081.0,0.2635,0.7797,733.0,-29.0,0.0,1.0,-28.0,17092.0,382.0,476.0,13.0,879.0,14.0,15.34,1.63,3.13
2015/01/30,38.3,38.45,37.7,37.75,747.0,28405.0,-0.7884,0.473,485.0,-138.0,0.0,0.0,-138.0,17034.0,197.0,255.0,20.0,864.0,5.0,15.22,1.62,3.15
2015/02/02,37.75,37.8,37.1,37.8,1279.0,47848.0,0.1325,0.8098,645.0,-113.0,0.0,0.0,-113.0,16827.0,201.0,408.0,32.0,848.0,16.0,15.24,1.62,3.15
2015/02/03,37.9,38.2,37.85,38.0,1503.0,57130.0,0.5291,0.9516,690.0,-41.0,0.0,0.0,-41.0,17050.0,514.0,291.0,40.0,813.0,5.0,15.32,1.63,3.13
2015/02/04,38.15,38.3,37.55,38.1,1222.0,46466.0,0.2632,0.7737,673.0,-162.0,0.0,0.0,-162.0,16631.0,151.0,570.0,16.0,800.0,3.0,15.36,1.64,3.12
2015/02/05,38.2,38.3,37.7,38.0,1129.0,43032.0,-0.2625,0.7148,524.0,-77.0,0.0,-2.0,-79.0,16719.0,293.0,205.0,1.0,800.0,1.0,15.32,1.63,3.13
2015/02/06,37.9,38.05,37.6,37.75,584.0,22082.0,-0.6579,0.3698,336.0,4.0,0.0,0.0,4.0,16675.0,200.0,239.0,9.0,792.0,1.0,15.22,1.62,3.15
2015/02/09,38.0,38.3,37.8,38.0,1041.0,39699.0,0.6623,0.6591,544.0,12.0,0.0,1.0,13.0,16708.0,353.0,295.0,9.0,789.0,6.0,15.32,1.63,3.13
2015/02/10,38.05,38.2,37.55,37.55,573.0,21729.0,-1.1842,0.3628,430.0,-181.0,0.0,6.0,-175.0,16646.0,86.0,147.0,16.0,782.0,9.0,15.14,1.61,3.17
2015/02/11,37.65,37.9,37.3,37.3,785.0,29496.0,-0.6658,0.497,537.0,-74.0,0.0,0.0,-74.0,16472.0,198.0,369.0,23.0,776.0,17.0,15.04,1.6,3.19
2015/02/12,37.3,37.55,36.8,36.8,1198.0,44362.0,-1.3405,0.7585,695.0,-67.0,0.0,0.0,-67.0,16153.0,281.0,582.0,67.0,721.0,12.0,14.84,1.58,3.23
2015/02/13,36.9,37.2,36.7,36.7,877.0,32387.0,-0.2717,0.5553,525.0,-42.0,0.0,-2.0,-44.0,15823.0,112.0,432.0,47.0,679.0,5.0,14.8,1.58,3.24
2015/02/24,37.3,37.35,37.1,37.15,657.0,24482.0,1.2262,0.416,407.0,37.0,0.0,0.0,37.0,15833.0,239.0,234.0,4.0,686.0,11.0,14.98,1.6,3.2
2015/02/25,37.45,38.3,37.15,38.2,2271.0,86229.0,2.8264,1.4379,1165.0,88.0,0.0,-13.0,75.0,15950.0,789.0,672.0,9.0,720.0,43.0,15.4,1.63,3.12
2015/02/26,38.2,38.6,38.2,38.25,1736.0,66670.0,0.1309,1.099,1054.0,-69.0,0.0,0.0,-69.0,16038.0,602.0,513.0,44.0,692.0,16.0,16.42,1.63,3.11
2015/03/02,38.6,38.6,38.05,38.15,933.0,35764.0,-0.2614,0.5907,547.0,-20.0,0.0,1.0,-19.0,15867.0,206.0,377.0,3.0,692.0,3.0,16.37,1.62,3.12
2015/03/03,38.4,38.6,38.2,38.3,1343.0,51664.0,0.3932,0.8503,725.0,70.0,0.0,0.0,70.0,15682.0,309.0,494.0,7.0,690.0,5.0,16.44,1.63,3.11
2015/03/04,38.3,40.25,37.95,40.2,8297.0,327681.0,4.9608,5.2534,3581.0,-347.0,0.0,0.0,-347.0,15609.0,1812.0,1885.0,34.0,711.0,55.0,17.25,1.71,2.96
2015/03/05,40.3,40.8,39.95,40.75,12683.0,512619.0,1.3682,8.0305,5651.0,-79.0,334.0,-1.0,254.0,16034.0,3378.0,2953.0,63.0,899.0,251.0,17.49,1.74,2.92
2015/03/06,40.6,40.6,39.85,40.05,5896.0,236821.0,-1.7178,3.7332,2705.0,-99.0,0.0,-2.0,-101.0,15809.0,2061.0,2285.0,206.0,702.0,9.0,17.19,1.71,2.97
2015/03/09,39.5,41.2,39.35,41.2,7598.0,307644.0,2.8714,4.8108,3342.0,-15.0,0.0,0.0,-15.0,15255.0,1414.0,1950.0,197.0,555.0,50.0,17.68,1.75,4.85
2015/03/10,41.2,41.7,40.6,40.8,10736.0,442101.0,-0.9709,6.7977,4711.0,-247.0,0.0,-3.0,-250.0,16109.0,3186.0,2332.0,99.0,578.0,122.0,17.51,1.74,4.9
2015/03/11,40.5,40.5,40.0,40.0,3857.0,155202.0,-1.9608,2.4421,1893.0,5.0,0.0,6.0,11.0,16369.0,1201.0,941.0,122.0,487.0,31.0,17.17,1.7,5.0
2015/03/12,40.0,40.4,40.0,40.0,2516.0,101000.0,0.0,1.5931,1467.0,-763.0,0.0,0.0,-763.0,16491.0,719.0,597.0,9.0,484.0,6.0,17.17,1.7,5.0
2015/03/13,40.2,41.1,40.0,40.0,3626.0,146899.0,0.0,2.2959,1915.0,-195.0,0.0,0.0,-195.0,16690.0,1332.0,1131.0,37.0,449.0,2.0,17.17,1.7,5.0
2015/03/16,40.0,41.15,40.0,40.65,4104.0,167320.0,1.625,2.5985,2418.0,-558.0,0.0,3.0,-555.0,16835.0,1259.0,1101.0,6.0,492.0,49.0,17.45,1.73,4.92
2015/03/17,40.65,41.0,39.5,39.5,2860.0,114636.0,-2.829,1.8109,1693.0,-41.0,0.0,4.0,-37.0,16900.0,943.0,873.0,71.0,465.0,44.0,16.95,1.68,5.06
2015/03/18,39.5,39.9,39.15,39.25,2249.0,88645.0,-0.6329,1.424,1290.0,-380.0,0.0,-1.0,-381.0,17036.0,693.0,554.0,79.0,392.0,6.0,16.85,1.67,5.1
2015/03/19,39.6,40.95,39.6,40.85,6724.0,272554.0,4.0764,4.2574,3283.0,115.0,0.0,0.0,115.0,17031.0,1609.0,1614.0,3.0,415.0,26.0,17.53,1.74,4.9
2015/03/20,40.85,41.45,40.4,41.4,7728.0,317713.0,1.3464,4.8932,2999.0,-772.0,0.0,0.0,-772.0,16906.0,1894.0,2014.0,19.0,432.0,36.0,17.77,1.76,4.83
2015/03/23,41.5,41.55,40.9,41.0,5263.0,217036.0,-0.9662,3.3324,2190.0,-233.0,0.0,-2.0,-235.0,17290.0,1931.0,1547.0,14.0,434.0,17.0,17.6,1.75,4.88
2015/03/24,40.95,41.2,40.35,40.55,2812.0,114413.0,-1.0976,1.7805,1314.0,-532.0,0.0,9.0,-523.0,17480.0,1166.0,976.0,11.0,424.0,2.0,17.4,1.73,4.93
2015/03/25,40.65,41.1,40.3,40.6,4238.0,172304.0,0.1233,2.6834,1916.0,-118.0,0.0,2.0,-116.0,17237.0,1022.0,1265.0,14.0,430.0,20.0,17.42,1.73,4.93
2015/03/26,40.4,40.95,40.1,40.95,2582.0,104811.0,0.8621,1.6348,1306.0,-184.0,0.0,-9.0,-193.0,17100.0,656.0,793.0,50.0,449.0,69.0,17.58,1.74,4.88
2015/03/27,40.95,40.95,40.2,40.3,2645.0,107135.0,-1.5873,1.6747,1357.0,-388.0,0.0,1.0,-387.0,17024.0,847.0,913.0,8.0,443.0,2.0,17.3,1.72,4.96
2015/03/30,40.3,40.5,39.0,39.05,4681.0,185147.0,-3.1017,2.9639,2527.0,-234.0,0.0,0.0,-234.0,16910.0,1159.0,1273.0,54.0,480.0,91.0,16.76,1.66,5.12
2015/03/31,39.3,39.6,39.3,39.4,3023.0,119269.0,0.8963,1.9141,1384.0,-163.0,0.0,1.0,-162.0,17163.0,886.0,572.0,25.0,475.0,20.0,16.91,1.68,5.08
2015/04/01,39.4,39.45,38.4,38.5,4437.0,171857.0,-2.2843,2.8094,2230.0,-602.0,0.0,11.0,-591.0,16611.0,757.0,1309.0,146.0,380.0,51.0,16.52,1.64,5.19
2015/04/02,38.5,39.25,38.35,39.1,2967.0,115065.0,1.5584,1.8786,1530.0,-132.0,0.0,0.0,-132.0,16689.0,676.0,597.0,42.0,385.0,47.0,16.78,1.67,5.12
2015/04/07,39.2,39.2,38.5,38.6,1397.0,54209.0,-1.2788,0.8845,842.0,-177.0,0.0,0.0,-177.0,16732.0,360.0,312.0,119.0,266.0,0.0,16.57,1.64,5.18
2015/04/08,38.6,38.85,38.2,38.25,1259.0,48443.0,-0.9067,0.7972,793.0,-151.0,0.0,0.0,-151.0,16613.0,178.0,283.0,152.0,116.0,2.0,16.42,1.63,5.23
2015/04/09,38.3,38.5,37.55,37.55,1742.0,66208.0,-1.8301,1.103,1030.0,-216.0,0.0,0.0,-216.0,16527.0,262.0,348.0,49.0,70.0,3.0,16.12,1.6,5.33
2015/04/10,37.6,37.85,37.0,37.15,1375.0,51464.0,-1.0652,0.8706,826.0,-87.0,0.0,0.0,-87.0,16354.0,235.0,407.0,68.0,0.0,0.0,15.94,1.58,5.38
2015/04/13,37.15,38.5,37.15,38.5,1399.0,52887.0,3.6339,0.8858,784.0,88.0,0.0,0.0,88.0,16167.0,189.0,359.0,0.0,0.0,0.0,16.52,1.64,5.19
2015/04/14,38.35,39.15,38.2,39.0,2476.0,95985.0,1.2987,1.5677,1326.0,142.0,0.0,0.0,142.0,16078.0,625.0,714.0,0.0,0.0,0.0,16.74,1.66,5.13
2015/04/15,38.8,38.9,38.35,38.4,1314.0,50624.0,-1.5385,0.832,824.0,-217.0,0.0,0.0,-217.0,16105.0,258.0,231.0,0.0,0.0,0.0,16.48,1.64,5.21
2015/04/16,38.4,39.5,38.4,39.5,3639.0,142242.0,2.8646,2.3041,1571.0,-41.0,0.0,-10.0,-51.0,16332.0,772.0,545.0,0.0,74.0,74.0,16.95,1.68,5.06
2015/04/17,39.5,39.85,39.2,39.4,5338.0,211486.0,-0.2532,3.3799,2539.0,-210.0,0.0,0.0,-210.0,17129.0,1884.0,1081.0,1.0,476.0,403.0,16.91,1.68,5.08
2015/04/20,39.4,39.4,38.35,38.8,2348.0,91381.0,-1.5228,1.4867,1216.0,-250.0,0.0,1.0,-249.0,17208.0,651.0,572.0,94.0,558.0,176.0,16.65,1.65,5.15
2015/04/21,39.05,39.1,37.8,37.85,1842.0,70337.0,-2.4485,1.1663,1095.0,-13.0,0.0,1.0,-12.0,17090.0,317.0,435.0,139.0,572.0,153.0,16.24,1.61,5.28
2015/04/22,37.95,38.3,37.3,38.0,1372.0,51881.0,0.3963,0.8687,865.0,-63.0,0.0,1.0,-62.0,16912.0,253.0,421.0,241.0,431.0,100.0,16.31,1.62,5.26
2015/04/23,38.3,38.9,38.1,38.2,1578.0,60863.0,0.5263,0.9991,948.0,-55.0,0.0,-1.0,-56.0,16955.0,427.0,384.0,140.0,339.0,48.0,16.39,1.63,5.24
2015/04/24,38.2,38.5,37.95,37.95,1159.0,44263.0,-0.6545,0.7338,717.0,77.0,0.0,7.0,84.0,16853.0,217.0,319.0,30.0,363.0,54.0,16.29,1.62,5.27
2015/04/27,38.1,38.3,37.85,37.85,754.0,28740.0,-0.2635,0.4774,517.0,94.0,0.0,0.0,94.0,16843.0,176.0,176.0,16.0,351.0,4.0,16.24,1.61,5.28
2015/04/28,38.0,38.3,37.85,37.85,769.0,29256.0,0.0,0.4869,477.0,36.0,0.0,1.0,37.0,16813.0,166.0,195.0,26.0,345.0,20.0,16.24,1.61,5.28
2015/04/29,38.0,38.45,37.35,38.35,2015.0,76523.0,1.321,1.2758,927.0,107.0,0.0,3.0,110.0,16705.0,336.0,443.0,99.0,294.0,48.0,16.46,1.63,5.22
2015/04/30,38.35,39.05,38.35,38.9,3676.0,142727.0,1.4342,2.3275,1687.0,-45.0,0.0,3.0,-42.0,16852.0,806.0,659.0,30.0,451.0,187.0,16.7,1.66,5.14
2015/05/04,39.15,39.15,38.2,38.2,1006.0,38887.0,-1.7995,0.637,588.0,-48.0,0.0,-1.0,-49.0,16841.0,210.0,220.0,61.0,475.0,85.0,16.39,1.63,5.24
2015/05/05,38.0,38.0,37.6,37.7,942.0,35599.0,-1.3089,0.5964,603.0,-45.0,0.0,0.0,-45.0,16699.0,142.0,284.0,76.0,418.0,19.0,16.18,1.61,5.31
2015/05/06,37.5,38.15,37.5,37.7,809.0,30630.0,0.0,0.5122,551.0,-115.0,0.0,0.0,-115.0,16604.0,153.0,247.0,44.0,391.0,17.0,16.18,1.61,5.31
2015/05/07,37.7,38.1,37.15,38.1,1352.0,50841.0,1.061,0.856,744.0,-90.0,0.0,0.0,-90.0,16353.0,99.0,350.0,22.0,423.0,54.0,16.35,1.62,5.25
2015/05/08,37.7,38.0,37.2,37.25,2866.0,107837.0,-2.231,1.8147,1360.0,-66.0,0.0,2.0,-64.0,16447.0,605.0,511.0,18.0,662.0,257.0,15.99,1.54,5.37
2015/05/11,37.6,37.6,34.95,35.2,3353.0,119687.0,-5.5034,2.123,1670.0,-59.0,0.0,0.0,-59.0,16013.0,512.0,946.0,272.0,700.0,310.0,15.17,1.46,5.68
2015/05/12,35.1,35.5,33.6,35.2,2167.0,74828.0,0.0,1.3722,1179.0,155.0,0.0,1.0,156.0,15811.0,275.0,445.0,355.0,429.0,84.0,15.17,1.46,5.68
2015/05/13,35.0,35.65,34.55,35.55,1782.0,63024.0,0.9943,1.1284,970.0,227.0,0.0,1.0,228.0,15914.0,347.0,240.0,46.0,477.0,94.0,15.32,1.47,5.63
2015/05/14,35.55,35.8,35.2,35.65,1525.0,54311.0,0.2813,0.9656,904.0,-301.0,0.0,-2.0,-303.0,16026.0,295.0,183.0,47.0,501.0,73.0,15.37,1.48,5.61
2015/05/15,35.6,35.6,34.8,34.85,951.0,33417.0,-2.244,0.6022,602.0,-22.0,0.0,-9.0,-31.0,16006.0,177.0,194.0,107.0,498.0,104.0,15.02,1.44,5.74
2015/05/18,34.85,35.1,33.95,34.15,1013.0,34824.0,-2.0086,0.6414,624.0,6.0,0.0,-1.0,5.0,15988.0,209.0,222.0,120.0,435.0,57.0,14.72,1.41,5.86
2015/05/19,34.15,34.85,34.15,34.6,993.0,34386.0,1.3177,0.6288,568.0,-84.0,0.0,-18.0,-102.0,15941.0,313.0,353.0,115.0,346.0,26.0,14.91,1.43,5.78
2015/05/20,34.6,35.2,34.4,34.9,791.0,27609.0,0.8671,0.5009,441.0,44.0,0.0,-1.0,43.0,15881.0,150.0,205.0,108.0,245.0,7.0,15.04,1.44,5.73
2015/05/21,34.9,35.05,34.3,34.3,960.0,33320.0,-1.7192,0.6079,514.0,-58.0,0.0,-7.0,-65.0,15851.0,174.0,202.0,92.0,379.0,226.0,14.78,1.42,5.83
2015/05/22,34.35,34.85,34.35,34.5,961.0,33245.0,0.5831,0.6085,553.0,-183.0,0.0,-2.0,-185.0,15949.0,271.0,171.0,19.0,394.0,34.0,14.87,1.43,5.8
2015/05/25,34.5,34.95,34.4,34.55,484.0,16802.0,0.1449,0.3065,298.0,25.0,0.0,0.0,25.0,15894.0,120.0,164.0,13.0,384.0,3.0,14.89,1.43,5.79
2015/05/26,34.65,35.15,34.6,34.95,995.0,34678.0,1.1577,0.63,513.0,-70.0,0.0,0.0,-70.0,16000.0,328.0,202.0,17.0,395.0,28.0,15.06,1.45,5.72
2015/05/27,34.95,36.1,34.7,35.95,3088.0,109918.0,2.8612,1.9554,1327.0,-487.0,0.0,0.0,-487.0,16269.0,809.0,540.0,31.0,372.0,8.0,15.5,1.49,5.56
2015/05/28,36.1,36.8,36.1,36.6,3632.0,132341.0,1.8081,2.2998,1790.0,-76.0,0.0,0.0,-76.0,16123.0,732.0,878.0,35.0,423.0,86.0,15.78,1.51,5.46
2015/05/29,36.6,36.6,35.85,35.9,1471.0,53045.0,-1.9126,0.9315,743.0,-125.0,0.0,0.0,-125.0,15989.0,448.0,576.0,214.0,265.0,56.0,15.47,1.49,5.57
2015/06/01,36.25,36.25,35.25,35.6,688.0,24430.0,-0.8357,0.4356,500.0,-12.0,0.0,3.0,-9.0,15979.0,144.0,154.0,52.0,269.0,56.0,15.34,1.47,5.62
2015/06/02,35.6,35.9,35.5,35.65,598.0,21379.0,0.1404,0.3787,412.0,147.0,0.0,0.0,147.0,15918.0,110.0,170.0,51.0,236.0,18.0,15.37,1.48,5.61
2015/06/03,35.75,35.85,34.75,35.2,924.0,32541.0,-1.2623,0.5851,603.0,407.0,0.0,3.0,410.0,15719.0,97.0,295.0,2.0,256.0,22.0,15.17,1.46,5.68
2015/06/04,35.5,35.5,34.0,34.15,928.0,32129.0,-2.983,0.5876,622.0,139.0,0.0,0.0,139.0,15620.0,173.0,272.0,29.0,246.0,19.0,14.72,1.41,5.86
2015/06/05,34.05,34.55,33.3,34.05,737.0,24990.0,-0.2928,0.4667,535.0,168.0,0.0,0.0,168.0,15523.0,122.0,209.0,13.0,254.0,21.0,14.68,1.41,5.87
2015/06/08,34.0,34.0,32.8,33.6,1095.0,36609.0,-1.3216,0.6934,657.0,374.0,0.0,1.0,375.0,15228.0,185.0,480.0,19.0,262.0,27.0,14.48,1.39,5.95
2015/06/09,33.0,33.25,30.35,30.4,2291.0,71739.0,-9.5238,1.4507,1227.0,87.0,133.0,-1.0,219.0,14466.0,415.0,1161.0,54.0,276.0,68.0,13.1,1.26,6.58
2015/06/10,30.55,31.5,30.55,31.4,922.0,28753.0,3.2895,0.5838,537.0,216.0,0.0,0.0,216.0,14212.0,115.0,266.0,49.0,264.0,37.0,13.53,1.3,6.37
2015/06/11,32.2,32.2,31.1,31.6,704.0,22370.0,0.6369,0.4458,385.0,0.0,0.0,0.0,0.0,14115.0,98.0,192.0,71.0,207.0,14.0,13.62,1.31,6.33
2015/06/12,31.4,31.6,30.8,31.15,492.0,15365.0,-1.4241,0.3115,338.0,1.0,0.0,-3.0,-2.0,14055.0,130.0,167.0,23.0,198.0,14.0,13.43,1.29,6.42
2015/06/15,31.0,31.95,31.0,31.5,429.0,13570.0,1.1236,0.2716,295.0,46.0,0.0,-9.0,37.0,13999.0,48.0,104.0,27.0,173.0,2.0,13.58,1.3,6.35
2015/06/16,31.25,31.6,30.85,31.0,356.0,11129.0,-1.5873,0.2254,219.0,-69.0,0.0,0.0,-69.0,14048.0,90.0,41.0,7.0,177.0,11.0,13.36,1.28,6.45
2015/06/17,30.9,32.7,30.9,32.7,1759.0,56427.0,5.4839,1.1138,891.0,-237.0,0.0,0.0,-237.0,13997.0,269.0,300.0,92.0,96.0,11.0,14.09,1.35,6.12
2015/06/18,32.8,34.0,32.5,34.0,3591.0,119426.0,3.9755,2.2739,1689.0,-150.0,0.0,0.0,-150.0,14404.0,766.0,354.0,28.0,360.0,292.0,14.66,1.41,5.88
2015/06/22,34.0,34.0,33.3,34.0,2197.0,74182.0,0.0,1.3912,1269.0,-55.0,0.0,0.0,-55.0,14242.0,328.0,490.0,161.0,314.0,115.0,14.66,1.41,5.88
2015/06/23,34.0,34.3,33.5,33.6,993.0,33649.0,-1.1765,0.6288,606.0,-46.0,0.0,0.0,-46.0,14420.0,358.0,180.0,86.0,245.0,17.0,14.48,1.39,5.95
2015/06/24,33.8,34.6,33.4,34.5,2295.0,78558.0,2.6786,1.4532,1073.0,-90.0,-286.0,0.0,-376.0,14691.0,690.0,394.0,18.0,270.0,43.0,14.87,1.43,5.8
2015/06/25,34.3,34.85,34.2,34.5,2597.0,89838.0,0.0,1.6445,1410.0,-70.0,0.0,0.0,-70.0,14922.0,667.0,434.0,21.0,385.0,136.0,14.87,1.43,5.8
2015/06/26,34.3,34.45,33.8,33.8,755.0,25741.0,-2.029,0.4781,448.0,-34.0,0.0,0.0,-34.0,15028.0,239.0,128.0,15.0,400.0,30.0,14.57,1.4,5.92
2015/06/29,33.25,33.5,32.55,33.3,937.0,30991.0,-1.4793,0.5933,608.0,184.0,0.0,-2.0,182.0,14868.0,155.0,313.0,122.0,313.0,36.0,14.35,1.38,6.01
2015/06/30,33.3,33.6,32.75,33.1,824.0,27233.0,-0.6006,0.5218,543.0,42.0,0.0,1.0,43.0,14615.0,94.0,335.0,63.0,260.0,10.0,14.27,1.37,6.04
2015/07/01,33.4,33.95,33.2,33.5,570.0,19207.0,1.2085,0.3609,444.0,233.0,0.0,0.0,233.0,14600.0,113.0,128.0,8.0,261.0,9.0,14.44,1.39,5.97
2015/07/02,33.8,34.5,33.45,34.15,1166.0,39779.0,1.9403,0.7383,672.0,69.0,0.0,0.0,69.0,14801.0,476.0,270.0,10.0,262.0,11.0,14.72,1.41,5.86
2015/07/03,34.05,34.35,33.75,34.0,1022.0,34855.0,-0.4392,0.6471,554.0,202.0,0.0,0.0,202.0,14662.0,151.0,290.0,14.0,251.0,3.0,14.66,1.41,5.88
2015/07/06,33.9,33.9,33.0,33.0,675.0,22531.0,-2.9412,0.4274,475.0,-4.0,0.0,0.0,-4.0,14613.0,205.0,251.0,14.0,296.0,59.0,14.22,1.37,6.06
2015/07/07,33.5,33.5,32.7,32.7,589.0,19461.0,-0.9091,0.373,356.0,-2.0,0.0,0.0,-2.0,14647.0,130.0,85.0,63.0,313.0,80.0,14.09,1.35,6.12
2015/07/08,32.4,32.5,30.25,30.8,1327.0,41382.0,-5.8104,0.8403,774.0,-62.0,0.0,2.0,-60.0,14328.0,271.0,579.0,116.0,260.0,63.0,13.28,1.27,6.49
2015/07/09,29.8,30.5,28.6,30.1,1423.0,42207.0,-2.2727,0.9011,736.0,82.0,0.0,11.0,93.0,14066.0,239.0,488.0,76.0,311.0,127.0,12.97,1.25,6.64
2015/07/13,30.35,30.35,29.6,29.65,1507.0,45264.0,-1.495,0.9543,825.0,-78.0,0.0,-1.0,-79.0,14371.0,424.0,114.0,12.0,371.0,72.0,12.78,1.23,6.75
2015/07/14,29.8,30.25,29.6,29.7,790.0,23591.0,0.1686,0.5002,495.0,93.0,-181.0,-2.0,-90.0,14332.0,130.0,169.0,66.0,312.0,7.0,12.8,1.23,6.73
2015/07/15,29.7,30.2,28.7,28.8,1119.0,32651.0,-3.0303,0.7086,667.0,-59.0,2.0,-3.0,-60.0,14128.0,203.0,393.0,86.0,253.0,27.0,12.41,1.19,6.94
2015/07/16,28.85,29.5,28.25,29.2,1336.0,38625.0,1.3889,0.846,713.0,194.0,0.0,0.0,194.0,13849.0,170.0,447.0,52.0,258.0,57.0,12.59,1.21,6.85
2015/07/17,29.2,29.55,28.7,28.9,496.0,14449.0,-1.0274,0.3141,354.0,-65.0,7.0,0.0,-58.0,13921.0,157.0,85.0,11.0,249.0,2.0,12.46,1.2,6.92
2015/07/20,28.65,29.1,28.0,28.1,891.0,25398.0,-2.7682,0.5642,475.0,26.0,0.0,4.0,30.0,13590.0,149.0,460.0,29.0,238.0,18.0,12.11,1.16,7.12
2015/07/21,28.3,28.35,27.45,27.7,758.0,21071.0,-1.4235,0.48,442.0,32.0,0.0,0.0,32.0,13507.0,255.0,324.0,77.0,199.0,38.0,11.94,1.15,7.22
2015/07/22,27.7,27.95,27.4,27.4,438.0,12097.0,-1.083,0.2773,318.0,-26.0,0.0,3.0,-23.0,13437.0,84.0,147.0,7.0,208.0,16.0,11.81,1.13,7.3
2015/07/23,27.45,27.6,25.4,26.0,2366.0,61775.0,-5.1095,1.4982,1059.0,-49.0,0.0,1.0,-48.0,12401.0,507.0,1532.0,147.0,106.0,45.0,11.21,1.08,7.69
2015/07/24,26.15,26.2,25.7,25.7,1099.0,28521.0,-1.1538,0.6959,619.0,65.0,0.0,0.0,65.0,12197.0,211.0,375.0,20.0,116.0,30.0,11.08,1.06,7.78
2015/07/27,25.4,25.9,23.15,23.15,2716.0,64844.0,-9.9222,1.7198,1412.0,-65.0,0.0,7.0,-58.0,10853.0,570.0,1871.0,35.0,153.0,72.0,9.98,0.96,8.64
2015/07/28,23.05,24.55,23.05,24.3,1340.0,31865.0,4.9676,0.8485,761.0,402.0,2.0,-2.0,402.0,10456.0,218.0,557.0,77.0,94.0,18.0,10.47,1.01,8.23
2015/07/29,24.8,25.3,24.45,25.1,1027.0,25515.0,3.2922,0.6503,666.0,207.0,0.0,1.0,208.0,10316.0,229.0,360.0,29.0,97.0,32.0,10.82,1.04,7.97
2015/07/30,25.5,25.75,25.0,25.2,1333.0,33864.0,0.3984,0.8441,719.0,251.0,0.0,1.0,252.0,10407.0,316.0,223.0,34.0,75.0,12.0,10.86,1.04,7.94
2015/07/31,25.25,25.5,25.05,25.25,527.0,13338.0,0.1984,0.3337,342.0,125.0,0.0,-3.0,122.0,10416.0,125.0,116.0,2.0,78.0,5.0,10.88,1.05,7.92
2015/08/03,25.1,25.15,24.3,24.55,735.0,18029.0,-2.7723,0.4654,475.0,172.0,0.0,0.0,172.0,10277.0,123.0,262.0,7.0,193.0,123.0,10.58,1.02,8.15
2015/08/04,24.7,25.3,23.25,23.65,973.0,23616.0,-3.666,0.6161,652.0,112.0,0.0,9.0,121.0,10155.0,246.0,356.0,42.0,252.0,101.0,10.19,0.98,8.46
2015/08/05,23.3,25.1,23.25,24.9,958.0,23221.0,5.2854,0.6066,606.0,402.0,0.0,-2.0,400.0,9933.0,155.0,370.0,36.0,266.0,50.0,10.73,1.03,8.03
2015/08/06,25.1,25.2,24.35,24.45,522.0,12880.0,-1.8072,0.3305,353.0,-9.0,0.0,1.0,-8.0,9969.0,120.0,79.0,23.0,260.0,17.0,10.54,1.01,8.18
2015/08/07,24.1,24.8,24.1,24.45,466.0,11424.0,0.0,0.2951,318.0,87.0,0.0,0.0,87.0,9980.0,101.0,90.0,3.0,279.0,22.0,10.54,1.01,8.18
2015/08/10,24.2,25.6,24.2,25.45,829.0,20728.0,4.09,0.5249,506.0,173.0,0.0,-3.0,170.0,10137.0,274.0,115.0,4.0,289.0,14.0,10.97,1.13,7.86
2015/08/11,26.05,26.25,25.2,25.45,1057.0,27137.0,0.0,0.6695,639.0,-40.0,0.0,-7.0,-47.0,10245.0,373.0,264.0,14.0,343.0,68.0,13.76,1.13,7.86
2015/08/12,25.5,25.5,24.8,25.2,634.0,15900.0,-0.9823,0.4015,449.0,14.0,16.0,4.0,34.0,10129.0,126.0,232.0,43.0,310.0,10.0,13.62,1.12,7.94
2015/08/13,25.1,25.55,25.0,25.5,496.0,12561.0,1.1905,0.3141,374.0,133.0,0.0,1.0,134.0,10130.0,99.0,96.0,10.0,298.0,1.0,13.78,1.13,7.84
2015/08/14,25.6,25.6,25.25,25.35,330.0,8381.0,-0.5882,0.209,218.0,49.0,0.0,0.0,49.0,10065.0,61.0,126.0,13.0,287.0,2.0,13.7,1.13,7.89
2015/08/17,25.35,25.5,24.5,24.85,652.0,16349.0,-1.9724,0.4129,442.0,122.0,0.0,3.0,125.0,9888.0,79.0,256.0,138.0,149.0,0.0,13.43,1.1,8.05
2015/08/18,24.9,25.15,24.65,24.7,609.0,15155.0,-0.6036,0.3857,355.0,58.0,0.0,0.0,58.0,9866.0,77.0,77.0,114.0,35.0,0.0,13.35,1.1,8.1
2015/08/19,24.8,24.8,23.15,23.6,1017.0,24080.0,-4.4534,0.6441,691.0,61.0,0.0,-2.0,59.0,9714.0,232.0,377.0,35.0,0.0,0.0,12.76,1.05,8.47
2015/08/20,24.1,24.15,23.7,24.0,688.0,16518.0,1.6949,0.4357,369.0,199.0,0.0,-2.0,197.0,9564.0,213.0,351.0,0.0,0.0,0.0,12.97,1.07,8.33
2015/08/21,23.8,23.8,23.0,23.1,701.0,16370.0,-3.75,0.444,499.0,60.0,0.0,-1.0,59.0,9418.0,129.0,246.0,0.0,0.0,0.0,12.49,1.03,8.66
2015/08/24,22.3,22.35,20.8,20.8,2467.0,52046.0,-9.9567,1.5625,1286.0,776.0,0.0,0.0,776.0,8439.0,451.0,1333.0,0.0,0.0,0.0,11.24,0.92,9.62
2015/08/25,18.5,20.3,18.3,20.25,1717.0,33571.0,6.9739,1.0875,1041.0,340.0,0.0,-2.0,338.0,8127.0,279.0,529.0,0.0,66.0,66.0,10.95,0.9,9.88
2015/08/26,20.25,20.8,19.9,20.8,797.0,16147.0,2.716,0.5048,536.0,131.0,0.0,-2.0,129.0,8108.0,125.0,143.0,1.0,74.0,9.0,11.24,0.92,9.62
2015/08/27,21.0,21.9,20.95,21.7,956.0,20636.0,4.3269,0.6055,668.0,149.0,0.0,-6.0,143.0,8102.0,191.0,193.0,0.0,95.0,21.0,11.73,0.96,9.22
2015/08/28,22.5,23.45,22.1,23.25,1588.0,36478.0,7.1429,1.0058,889.0,215.0,0.0,1.0,216.0,8128.0,356.0,328.0,32.0,125.0,62.0,12.57,1.03,8.6
2015/08/31,23.25,23.4,23.05,23.2,796.0,18469.0,-0.2151,0.5041,496.0,-124.0,-1.0,0.0,-125.0,8208.0,188.0,108.0,2.0,133.0,10.0,12.54,1.03,8.62
2015/09/01,22.9,23.7,22.8,23.4,1314.0,30724.0,0.8621,0.8322,736.0,-103.0,-1.0,0.0,-104.0,8292.0,256.0,162.0,21.0,129.0,17.0,12.65,1.04,8.55
2015/09/02,22.9,23.9,22.75,23.75,1831.0,43322.0,1.4957,1.1597,932.0,-206.0,0.0,0.0,-206.0,8397.0,473.0,362.0,12.0,245.0,128.0,12.84,1.05,8.42
2015/09/03,23.75,24.35,23.45,24.0,1649.0,39478.0,1.0526,1.0444,816.0,-73.0,0.0,-1.0,-74.0,8484.0,388.0,301.0,47.0,257.0,59.0,12.97,1.07,8.33
2015/09/04,23.65,24.15,23.35,23.4,1085.0,25673.0,-2.5,0.6872,500.0,-283.0,-5.0,0.0,-288.0,8491.0,255.0,248.0,63.0,194.0,0.0,12.65,1.04,8.55
2015/09/07,23.2,23.8,23.0,23.7,591.0,13906.0,1.2821,0.3743,364.0,260.0,0.0,0.0,260.0,8305.0,77.0,263.0,1.0,239.0,48.0,12.81,1.05,8.44
2015/09/08,23.7,24.2,23.7,23.8,573.0,13724.0,0.4219,0.3629,313.0,2.0,0.0,-4.0,-2.0,8279.0,139.0,165.0,33.0,224.0,18.0,12.86,1.06,8.4
2015/09/09,24.3,24.65,24.1,24.35,1055.0,25713.0,2.3109,0.6682,559.0,44.0,0.0,2.0,46.0,8248.0,284.0,314.0,10.0,230.0,16.0,13.16,1.08,8.21
2015/09/10,24.45,25.1,24.15,25.0,1095.0,27112.0,2.6694,0.6935,705.0,373.0,0.0,0.0,373.0,8096.0,164.0,314.0,45.0,220.0,35.0,13.51,1.11,8.0
2015/09/11,24.95,25.55,24.8,25.3,921.0,23262.0,1.2,0.5833,561.0,122.0,0.0,-1.0,121.0,8069.0,179.0,206.0,3.0,220.0,3.0,13.68,1.12,7.91
2015/09/14,25.6,25.75,25.3,25.5,981.0,24984.0,0.7905,0.6213,566.0,302.0,0.0,-3.0,299.0,7880.0,171.0,350.0,23.0,209.0,13.0,13.78,1.13,7.84
2015/09/15,25.55,25.7,25.0,25.2,569.0,14383.0,-1.1765,0.3604,331.0,60.0,0.0,3.0,63.0,7810.0,100.0,170.0,4.0,205.0,0.0,13.62,1.12,7.94
2015/09/16,25.5,25.8,25.2,25.8,800.0,20408.0,2.381,0.5067,566.0,310.0,0.0,5.0,315.0,7843.0,180.0,147.0,1.0,221.0,17.0,13.95,1.15,7.75
2015/09/17,25.9,26.05,25.55,25.65,766.0,19780.0,-0.5814,0.4851,478.0,-44.0,0.0,-3.0,-47.0,7801.0,192.0,233.0,19.0,206.0,4.0,13.86,1.14,7.8
2015/09/18,25.65,26.5,25.65,26.15,695.0,18195.0,1.9493,0.4402,483.0,224.0,0.0,0.0,224.0,7748.0,144.0,197.0,2.0,212.0,8.0,14.14,1.16,7.65
2015/09/21,25.85,26.3,25.65,25.95,542.0,14054.0,-0.7648,0.3433,296.0,69.0,0.0,-3.0,66.0,7746.0,112.0,113.0,6.0,208.0,2.0,14.03,1.15,7.71
2015/09/22,25.95,26.4,25.9,26.2,471.0,12324.0,0.9634,0.2983,378.0,153.0,0.0,0.0,153.0,7775.0,78.0,48.0,1.0,212.0,5.0,14.16,1.16,7.63
2015/09/23,26.0,26.0,25.6,25.65,603.0,15563.0,-2.0992,0.3819,346.0,7.0,0.0,2.0,9.0,7727.0,58.0,106.0,15.0,203.0,6.0,13.86,1.14,7.8
2015/09/24,25.65,25.7,24.85,25.0,662.0,16683.0,-2.5341,0.4193,432.0,102.0,0.0,0.0,102.0,7611.0,84.0,200.0,17.0,214.0,28.0,13.51,1.11,8.0
2015/09/25,25.0,25.55,24.9,25.2,341.0,8579.0,0.8,0.216,227.0,20.0,0.0,0.0,20.0,7619.0,83.0,75.0,10.0,220.0,16.0,13.62,1.12,7.94
2015/09/30,24.9,25.45,24.9,25.4,374.0,9448.0,0.7937,0.2369,269.0,105.0,0.0,0.0,105.0,7640.0,70.0,49.0,10.0,228.0,18.0,13.73,1.13,7.87
2015/10/01,25.65,26.1,25.4,25.95,756.0,19601.0,2.1654,0.4788,442.0,-62.0,0.0,-6.0,-68.0,7836.0,307.0,111.0,13.0,227.0,13.0,14.03,1.15,7.71
2015/10/02,25.95,26.4,25.85,26.3,607.0,15931.0,1.3487,0.3844,391.0,133.0,1.0,0.0,134.0,7883.0,178.0,126.0,9.0,230.0,12.0,14.22,1.17,7.6
2015/10/05,26.3,27.7,26.3,27.4,1198.0,32595.0,4.1825,0.7588,784.0,160.0,3.0,-3.0,160.0,7855.0,267.0,295.0,2.0,253.0,25.0,14.81,1.22,7.3
2015/10/06,27.5,27.8,26.8,26.8,1017.0,27642.0,-2.1898,0.6441,609.0,20.0,0.0,0.0,20.0,7848.0,296.0,302.0,7.0,256.0,10.0,14.49,1.19,7.46
2015/10/07,26.8,27.15,26.7,27.1,477.0,12898.0,1.1194,0.3021,312.0,66.0,0.0,0.0,66.0,7835.0,145.0,136.0,0.0,269.0,13.0,14.65,1.2,7.38
2015/10/08,27.35,27.35,26.35,26.4,532.0,14218.0,-2.583,0.3369,365.0,83.0,0.0,0.0,83.0,7782.0,68.0,120.0,12.0,267.0,11.0,14.27,1.17,7.58
2015/10/12,26.95,27.15,26.7,27.0,376.0,10162.0,2.2727,0.2381,305.0,97.0,0.0,0.0,97.0,7792.0,75.0,65.0,1.0,271.0,5.0,14.59,1.2,7.41
2015/10/13,27.2,27.2,26.8,27.15,241.0,6543.0,0.5556,0.1526,182.0,38.0,0.0,0.0,38.0,7776.0,48.0,64.0,1.0,277.0,7.0,14.68,1.21,7.37
2015/10/14,27.15,28.65,27.1,28.6,2429.0,68443.0,5.3407,1.5384,1246.0,58.0,0.0,0.0,58.0,7913.0,506.0,369.0,4.0,302.0,29.0,15.46,1.27,6.99
2015/10/15,28.95,29.0,28.3,28.85,2106.0,60609.0,0.8741,1.3338,1047.0,293.0,0.0,100.0,393.0,7809.0,352.0,456.0,43.0,314.0,55.0,15.59,1.28,6.93
2015/10/16,28.8,28.9,28.4,28.75,640.0,18363.0,-0.3466,0.4053,446.0,111.0,0.0,30.0,141.0,7706.0,123.0,226.0,11.0,308.0,5.0,15.54,1.28,6.96
2015/10/19,29.25,29.25,28.35,28.45,498.0,14259.0,-1.0435,0.3154,311.0,-8.0,0.0,0.0,-8.0,7715.0,156.0,140.0,35.0,273.0,0.0,15.38,1.26,7.03
2015/10/20,28.65,29.25,28.6,28.9,882.0,25550.0,1.5817,0.5586,551.0,191.0,0.0,-66.0,125.0,7828.0,264.0,151.0,5.0,272.0,4.0,15.62,1.28,6.92
2015/10/21,29.05,29.1,28.5,28.8,450.0,12936.0,-0.346,0.285,260.0,-9.0,0.0,1.0,-8.0,7841.0,144.0,131.0,0.0,274.0,2.0,15.57,1.28,6.94
2015/10/22,28.9,29.35,28.8,29.05,556.0,16167.0,0.8681,0.3521,378.0,33.0,0.0,0.0,33.0,7878.0,158.0,121.0,4.0,279.0,9.0,15.7,1.29,6.88
2015/10/23,29.35,29.5,28.2,28.25,782.0,22474.0,-2.7539,0.4953,535.0,76.0,0.0,1.0,77.0,7784.0,109.0,202.0,4.0,278.0,3.0,15.27,1.25,7.08
2015/10/26,28.4,28.6,28.2,28.3,372.0,10567.0,0.177,0.2356,271.0,29.0,0.0,0.0,29.0,7788.0,119.0,115.0,0.0,282.0,4.0,15.3,1.26,7.07
2015/10/27,28.3,29.1,28.25,28.85,816.0,23533.0,1.9435,0.5168,475.0,172.0,0.0,100.0,272.0,7774.0,228.0,242.0,3.0,301.0,22.0,15.59,1.28,6.93
2015/10/28,28.85,29.1,28.5,28.65,510.0,14691.0,-0.6932,0.323,274.0,-18.0,0.0,10.0,-8.0,7815.0,200.0,159.0,6.0,296.0,1.0,15.49,1.27,6.98
2015/10/29,28.75,28.9,28.0,28.0,508.0,14428.0,-2.2688,0.3217,346.0,25.0,0.0,0.0,25.0,7755.0,92.0,152.0,5.0,298.0,7.0,15.14,1.24,7.14
2015/10/30,27.75,27.9,27.25,27.8,508.0,14039.0,-0.7143,0.3217,322.0,7.0,0.0,0.0,7.0,7713.0,136.0,178.0,21.0,281.0,5.0,15.03,1.23,7.19
2015/11/02,27.8,28.65,27.8,28.35,709.0,20168.0,1.9784,0.449,445.0,212.0,0.0,-2.0,210.0,7702.0,147.0,158.0,2.0,311.0,32.0,15.32,1.26,7.05
2015/11/03,28.65,29.2,28.45,28.95,624.0,17996.0,2.1164,0.3952,339.0,-10.0,0.0,30.0,20.0,7828.0,270.0,127.0,9.0,306.0,4.0,15.65,1.28,6.91
2015/11/04,29.0,31.25,28.95,31.25,5230.0,158405.0,7.9447,3.3124,2557.0,45.0,1.0,-52.0,-6.0,8160.0,1144.0,812.0,71.0,295.0,60.0,16.89,1.39,6.4
2015/11/05,31.25,31.25,30.45,31.0,1800.0,55584.0,-0.8,1.14,1046.0,-172.0,0.0,-153.0,-325.0,8281.0,605.0,484.0,41.0,256.0,2.0,16.76,1.38,6.45
2015/11/06,31.1,31.1,30.3,30.4,1152.0,35375.0,-1.9355,0.7296,714.0,-111.0,0.0,-1.0,-112.0,8294.0,278.0,264.0,18.0,284.0,46.0,16.8,1.31,6.58
2015/11/09,30.2,30.95,29.2,29.2,1084.0,32417.0,-3.9474,0.6866,696.0,53.0,0.0,5.0,58.0,8213.0,200.0,281.0,27.0,259.0,2.0,16.13,1.25,6.85
2015/11/10,29.05,29.95,28.95,29.35,612.0,18142.0,0.5137,0.3877,418.0,182.0,0.0,0.0,182.0,8267.0,180.0,126.0,4.0,257.0,2.0,16.22,1.26,6.81
2015/11/11,29.65,29.65,28.1,28.3,680.0,19516.0,-3.5775,0.4307,498.0,-57.0,0.0,-4.0,-61.0,8260.0,147.0,154.0,22.0,256.0,21.0,15.64,1.22,7.07
2015/11/12,28.35,28.6,27.55,28.3,623.0,17411.0,0.0,0.3946,424.0,102.0,0.0,1.0,103.0,8141.0,123.0,202.0,14.0,258.0,16.0,15.64,1.22,7.07
2015/11/13,28.05,28.55,27.75,28.1,384.0,10785.0,-0.7067,0.2432,251.0,5.0,0.0,2.0,7.0,8149.0,74.0,66.0,13.0,250.0,5.0,15.52,1.21,7.12
2015/11/16,27.15,27.8,27.15,27.7,497.0,13646.0,-1.4235,0.3148,307.0,-31.0,0.0,1.0,-30.0,8167.0,104.0,84.0,24.0,230.0,4.0,15.3,1.19,7.22
2015/11/17,28.35,28.7,28.2,28.55,359.0,10236.0,3.0686,0.2274,263.0,53.0,0.0,7.0,60.0,8164.0,89.0,92.0,3.0,235.0,8.0,15.77,1.23,7.01
2015/11/18,28.55,29.2,28.5,28.65,592.0,17065.0,0.3503,0.375,395.0,226.0,0.0,0.0,226.0,8166.0,128.0,117.0,10.0,233.0,8.0,15.83,1.23,6.98
2015/11/19,28.9,29.15,28.65,29.0,382.0,11057.0,1.2216,0.242,247.0,-21.0,0.0,2.0,-19.0,8200.0,115.0,80.0,3.0,232.0,2.0,16.02,1.25,6.9
2015/11/20,28.6,29.0,28.2,28.45,466.0,13349.0,-1.8966,0.2952,344.0,-15.0,0.0,0.0,-15.0,8182.0,166.0,184.0,2.0,233.0,3.0,15.72,1.22,7.03
2015/11/23,28.6,28.85,28.0,28.65,292.0,8359.0,0.703,0.185,189.0,40.0,0.0,0.0,40.0,8265.0,163.0,80.0,1.0,236.0,4.0,15.83,1.23,6.98
2015/11/24,28.75,29.05,28.0,28.0,550.0,15654.0,-2.2688,0.3484,462.0,77.0,0.0,0.0,77.0,8145.0,79.0,176.0,3.0,234.0,2.0,15.47,1.2,7.14
2015/11/25,28.2,28.5,27.0,27.4,698.0,19242.0,-2.1429,0.4421,452.0,28.0,0.0,0.0,28.0,7879.0,125.0,386.0,13.0,240.0,19.0,15.14,1.18,7.3
2015/11/26,27.75,28.15,27.7,27.9,433.0,12112.0,1.8248,0.2743,309.0,155.0,0.0,0.0,155.0,7846.0,108.0,138.0,1.0,253.0,14.0,15.41,1.2,7.17
2015/11/27,28.0,28.35,27.75,27.85,279.0,7833.0,-0.1792,0.1767,210.0,16.0,0.0,0.0,16.0,7833.0,77.0,89.0,1.0,265.0,13.0,15.39,1.2,7.18
2015/11/30,27.3,27.8,27.3,27.75,289.0,7963.0,-0.3591,0.1831,198.0,38.0,0.0,-1.0,37.0,7872.0,77.0,38.0,30.0,235.0,0.0,15.33,1.19,7.21
2015/12/01,27.85,28.35,27.75,28.25,339.0,9564.0,1.8018,0.2147,267.0,122.0,0.0,0.0,122.0,7794.0,41.0,112.0,0.0,238.0,3.0,15.61,1.21,7.08
2015/12/02,28.25,30.5,28.25,30.3,2099.0,61949.0,7.2566,1.3295,1211.0,87.0,0.0,-6.0,81.0,7888.0,476.0,379.0,10.0,250.0,22.0,16.74,1.3,6.6
2015/12/03,29.6,31.0,29.6,30.3,1640.0,49799.0,0.0,1.0388,1068.0,55.0,0.0,-4.0,51.0,7971.0,537.0,450.0,0.0,257.0,7.0,16.74,1.3,6.6
2015/12/04,29.95,31.1,29.9,30.9,1562.0,48059.0,1.9802,0.9894,949.0,197.0,0.0,0.0,197.0,8169.0,511.0,304.0,2.0,273.0,18.0,17.07,1.33,6.47
2015/12/07,31.7,31.8,30.75,30.8,1259.0,39243.0,-0.3236,0.7975,725.0,-11.0,0.0,0.0,-11.0,8391.0,533.0,311.0,6.0,267.0,3.0,17.02,1.32,6.49
2015/12/08,30.8,30.9,29.7,29.7,911.0,27668.0,-3.5714,0.577,478.0,15.0,0.0,1.0,16.0,8590.0,427.0,228.0,21.0,251.0,5.0,16.41,1.28,6.73
2015/12/09,29.85,30.2,28.8,29.0,947.0,27737.0,-2.3569,0.5998,561.0,63.0,0.0,-3.0,60.0,8510.0,226.0,300.0,4.0,280.0,34.0,16.02,1.25,6.9
2015/12/10,29.25,29.8,28.85,29.45,329.0,9690.0,1.5517,0.2084,271.0,64.0,0.0,3.0,67.0,8491.0,71.0,90.0,0.0,286.0,6.0,16.27,1.27,6.79
2015/12/11,29.7,30.25,28.6,28.6,782.0,23129.0,-2.8862,0.4953,555.0,-12.0,0.0,-3.0,-15.0,8508.0,239.0,222.0,2.0,290.0,6.0,15.8,1.23,6.99
2015/12/14,28.0,28.6,28.0,28.25,482.0,13646.0,-1.2238,0.3053,338.0,64.0,0.0,1.0,65.0,8491.0,134.0,145.0,6.0,287.0,3.0,15.61,1.21,7.08
2015/12/15,28.3,28.8,28.2,28.4,437.0,12440.0,0.531,0.2768,266.0,-3.0,0.0,-1.0,-4.0,8446.0,105.0,139.0,27.0,262.0,2.0,15.69,1.22,7.04
2015/12/16,28.85,28.9,28.4,28.5,347.0,9954.0,0.3521,0.2198,271.0,-10.0,0.0,7.0,-3.0,8399.0,71.0,111.0,1.0,264.0,3.0,15.75,1.22,7.02
2015/12/17,28.85,29.35,28.6,29.1,462.0,13451.0,2.1053,0.2926,280.0,22.0,0.0,-2.0,20.0,8431.0,156.0,124.0,0.0,269.0,5.0,16.08,1.25,6.87
2015/12/18,28.7,30.15,28.65,29.9,1038.0,30869.0,2.7491,0.6575,671.0,374.0,0.0,-6.0,368.0,8352.0,221.0,290.0,1.0,328.0,60.0,16.52,1.28,6.69
2015/12/21,29.65,30.4,29.5,30.15,533.0,15985.0,0.8361,0.3376,368.0,39.0,0.0,1.0,40.0,8394.0,203.0,151.0,14.0,317.0,3.0,16.66,1.3,6.63
2015/12/22,30.2,30.7,29.6,29.65,481.0,14470.0,-1.6584,0.3047,350.0,79.0,-1.0,-2.0,76.0,8349.0,169.0,202.0,0.0,318.0,1.0,16.38,1.27,6.75
2015/12/23,29.9,30.1,29.2,29.2,463.0,13746.0,-1.5177,0.2933,311.0,38.0,0.0,0.0,38.0,8334.0,131.0,146.0,2.0,318.0,3.0,16.13,1.25,6.85
2015/12/24,29.5,29.65,29.05,29.1,293.0,8570.0,-0.3425,0.1856,207.0,6.0,0.0,0.0,6.0,8267.0,46.0,107.0,11.0,316.0,9.0,16.08,1.25,6.87
2015/12/25,29.45,29.45,29.0,29.3,126.0,3693.0,0.6873,0.0798,102.0,-10.0,0.0,0.0,-10.0,8301.0,42.0,8.0,4.0,312.0,0.0,16.19,1.26,6.83
2015/12/28,29.1,29.45,29.05,29.05,145.0,4233.0,-0.8532,0.0918,144.0,5.0,14.0,0.0,19.0,8288.0,38.0,51.0,8.0,304.0,0.0,16.05,1.25,6.88
2015/12/29,29.25,29.25,28.7,28.8,334.0,9646.0,-0.8606,0.2116,228.0,23.0,13.0,0.0,36.0,8196.0,47.0,99.0,16.0,288.0,0.0,15.91,1.24,6.94
2015/12/30,29.0,29.15,28.65,28.95,123.0,3565.0,0.5208,0.0779,102.0,9.0,0.0,0.0,9.0,8202.0,39.0,32.0,2.0,286.0,0.0,15.99,1.24,6.91
2015/12/31,28.9,29.0,28.6,28.75,188.0,5413.0,-0.6908,0.1191,133.0,-3.0,0.0,0.0,-3.0,8175.0,64.0,50.0,1.0,302.0,17.0,15.88,1.24,6.96
2016/01/04,28.7,28.7,27.85,27.85,413.0,11656.0,-3.1304,0.2616,289.0,18.0,0.0,9.0,27.0,8145.0,66.0,92.0,2.0,312.0,12.0,15.39,1.2,7.18
2016/01/05,27.6,28.1,27.5,27.95,160.0,4478.0,0.3591,0.1013,127.0,-12.0,0.0,-1.0,-13.0,8139.0,30.0,36.0,6.0,310.0,4.0,15.44,1.2,7.16
2016/01/06,28.0,28.0,27.2,27.5,325.0,8960.0,-1.61,0.2059,198.0,-36.0,0.0,1.0,-35.0,8042.0,40.0,137.0,70.0,246.0,6.0,15.19,1.18,7.27
2016/01/07,27.35,27.35,25.75,26.05,836.0,22073.0,-5.2727,0.5295,438.0,-1.0,0.0,-3.0,-4.0,7817.0,176.0,400.0,120.0,147.0,21.0,14.39,1.12,7.68
2016/01/08,25.35,26.7,25.35,26.7,252.0,6654.0,2.4952,0.1596,180.0,35.0,0.0,-3.0,32.0,7761.0,50.0,46.0,5.0,160.0,18.0,14.75,1.15,7.49
2016/01/11,25.85,26.3,25.75,25.85,331.0,8598.0,-3.1835,0.2097,253.0,48.0,0.0,5.0,53.0,7704.0,39.0,96.0,39.0,123.0,2.0,14.28,1.11,7.74
2016/01/12,26.25,26.5,25.15,25.15,419.0,10787.0,-2.7079,0.2654,229.0,102.0,0.0,-6.0,96.0,7654.0,112.0,162.0,11.0,115.0,3.0,13.9,1.08,7.95
2016/01/13,25.4,25.8,25.15,25.45,245.0,6262.0,1.1928,0.1552,179.0,30.0,0.0,0.0,30.0,7664.0,42.0,32.0,11.0,114.0,10.0,14.06,1.09,7.86
2016/01/14,24.5,25.25,24.5,24.9,303.0,7564.0,-2.1611,0.1919,234.0,130.0,0.0,-1.0,129.0,7601.0,37.0,94.0,12.0,121.0,19.0,13.76,1.07,8.03
2016/01/15,25.25,25.45,24.85,24.85,350.0,8817.0,-0.2008,0.2217,213.0,81.0,-2.0,0.0,79.0,7631.0,56.0,25.0,23.0,103.0,5.0,13.73,1.07,8.05
2016/01/18,24.1,26.15,24.1,26.1,247.0,6293.0,5.0302,0.1565,195.0,76.0,0.0,-6.0,70.0,7640.0,41.0,27.0,13.0,97.0,7.0,14.42,1.12,7.66
2016/01/19,25.8,26.3,25.8,26.3,218.0,5681.0,0.7663,0.1381,148.0,21.0,-1.0,-1.0,19.0,7568.0,52.0,31.0,10.0,88.0,1.0,14.53,1.13,7.6
2016/01/20,26.3,26.3,25.8,25.8,204.0,5301.0,-1.9011,0.1292,166.0,44.0,-2.0,-5.0,37.0,7544.0,35.0,58.0,5.0,86.0,3.0,14.25,1.11,7.75
2016/01/21,25.8,26.35,25.6,25.7,182.0,4724.0,-0.3876,0.1153,138.0,49.0,0.0,11.0,60.0,7525.0,23.0,42.0,1.0,85.0,0.0,14.2,1.1,7.78
2016/01/22,26.1,26.1,25.6,26.0,166.0,4292.0,1.1673,0.1051,125.0,53.0,0.0,4.0,57.0,7459.0,21.0,27.0,0.0,85.0,0.0,14.36,1.12,7.69
2016/01/25,26.25,26.5,26.05,26.45,320.0,8451.0,1.7308,0.2027,205.0,26.0,0.0,-4.0,22.0,7471.0,101.0,88.0,5.0,80.0,0.0,14.61,1.14,7.56
2016/01/26,26.1,26.6,26.1,26.35,120.0,3162.0,-0.3781,0.076,83.0,28.0,0.0,-1.0,27.0,7427.0,5.0,42.0,0.0,82.0,2.0,14.56,1.13,7.59
2016/01/27,26.4,26.6,26.25,26.25,168.0,4445.0,-0.3795,0.1064,130.0,41.0,0.0,0.0,41.0,7382.0,14.0,59.0,1.0,81.0,0.0,14.5,1.13,7.62
2016/01/28,26.05,27.5,26.05,27.2,654.0,17721.0,3.619,0.4143,435.0,22.0,0.0,-1.0,21.0,7488.0,201.0,95.0,3.0,83.0,5.0,15.03,1.17,7.35
2016/01/29,27.0,27.35,26.95,27.05,334.0,9076.0,-0.5515,0.2116,234.0,35.0,0.0,-1.0,34.0,7492.0,87.0,83.0,2.0,81.0,0.0,14.94,1.16,7.39
2016/01/30,27.15,28.0,27.15,27.65,702.0,19530.0,2.2181,0.4447,420.0,0.0,3.0,5.0,8.0,7447.0,190.0,185.0,29.0,67.0,15.0,15.28,1.19,7.23
2016/02/01,27.85,28.35,27.5,27.5,530.0,14790.0,-0.5425,0.3357,348.0,119.0,0.0,2.0,121.0,7444.0,113.0,116.0,2.0,65.0,0.0,15.19,1.18,7.27
2016/02/02,27.35,28.2,27.2,28.2,459.0,12816.0,2.5455,0.2907,312.0,127.0,0.0,0.0,127.0,7493.0,147.0,95.0,5.0,69.0,9.0,15.58,1.21,7.09
2016/02/03,28.0,28.2,27.65,27.65,368.0,10296.0,-1.9504,0.2331,304.0,98.0,0.0,0.0,98.0,7406.0,31.0,109.0,2.0,71.0,4.0,15.28,1.19,7.23
2016/02/15,27.3,28.1,27.2,27.8,212.0,5895.0,0.5425,0.1343,166.0,56.0,0.0,-6.0,50.0,7407.0,64.0,43.0,0.0,88.0,18.0,15.36,1.19,7.19
2016/02/16,28.05,28.6,27.95,28.3,587.0,16652.0,1.7986,0.3718,346.0,50.0,0.0,12.0,62.0,7399.0,126.0,134.0,0.0,118.0,30.0,15.64,1.22,7.07
2016/02/17,28.3,28.65,28.05,28.3,381.0,10826.0,0.0,0.2413,251.0,106.0,0.0,4.0,110.0,7400.0,93.0,92.0,0.0,132.0,14.0,15.64,1.22,7.07
2016/02/18,28.45,29.05,28.45,28.6,589.0,16943.0,1.0601,0.3731,380.0,106.0,0.0,1.0,107.0,7446.0,145.0,99.0,2.0,142.0,12.0,15.8,1.23,6.99
2016/02/19,28.45,29.05,28.45,28.7,364.0,10481.0,0.3497,0.2306,284.0,112.0,0.0,0.0,112.0,7428.0,43.0,61.0,0.0,149.0,7.0,15.86,1.23,6.97
2016/02/22,28.7,29.3,28.65,28.8,422.0,12190.0,0.3484,0.2673,280.0,98.0,0.0,4.0,102.0,7448.0,132.0,112.0,0.0,148.0,0.0,15.91,1.24,6.94
2016/02/23,29.1,29.1,28.8,29.0,348.0,10069.0,0.6944,0.2204,255.0,137.0,0.0,0.0,137.0,7424.0,32.0,51.0,7.0,143.0,2.0,16.02,1.25,6.9
2016/02/24,29.0,29.0,28.5,28.6,314.0,9002.0,-1.3793,0.1989,219.0,51.0,0.0,-5.0,46.0,7435.0,75.0,64.0,0.0,148.0,5.0,15.8,1.23,6.99
2016/02/25,28.65,29.35,28.65,28.9,583.0,16966.0,1.049,0.3693,370.0,128.0,0.0,-1.0,127.0,7520.0,163.0,77.0,0.0,156.0,8.0,13.2,1.21,6.92
2016/02/26,29.5,30.1,29.5,29.95,1651.0,49217.0,3.6332,1.0458,980.0,-19.0,0.0,9.0,-10.0,7607.0,424.0,323.0,0.0,183.0,27.0,13.68,1.25,6.68
2016/03/01,30.0,30.5,30.0,30.4,1254.0,38044.0,1.5025,0.7943,739.0,250.0,0.0,-13.0,237.0,7451.0,325.0,481.0,6.0,200.0,23.0,13.88,1.27,6.58
2016/03/02,30.65,30.7,30.0,30.05,806.0,24362.0,-1.1513,0.5105,482.0,88.0,0.0,5.0,93.0,7461.0,226.0,211.0,0.0,204.0,4.0,13.72,1.25,6.66
2016/03/03,30.2,30.35,29.75,29.75,730.0,21893.0,-0.9983,0.4624,460.0,59.0,0.0,-1.0,58.0,7354.0,140.0,243.0,14.0,194.0,4.0,13.58,1.24,6.72
2016/03/04,29.95,30.15,29.8,30.0,926.0,27811.0,0.8403,0.5865,512.0,335.0,0.0,-8.0,327.0,7370.0,267.0,251.0,0.0,195.0,1.0,13.7,1.25,6.67
2016/03/07,30.0,30.3,29.75,29.8,474.0,14224.0,-0.6667,0.3002,269.0,9.0,0.0,-1.0,8.0,7420.0,135.0,85.0,1.0,195.0,1.0,13.61,1.24,6.71
2016/03/08,29.8,30.0,29.3,29.65,346.0,10243.0,-0.5034,0.2192,284.0,95.0,0.0,-5.0,90.0,7373.0,56.0,98.0,0.0,195.0,0.0,13.54,1.24,6.75
2016/03/09,29.3,29.5,29.3,29.4,261.0,7699.0,-0.8432,0.1653,186.0,0.0,0.0,0.0,0.0,7346.0,41.0,65.0,12.0,187.0,4.0,13.42,1.23,6.8
2016/03/10,29.45,29.9,29.4,29.8,507.0,15041.0,1.3605,0.3211,318.0,43.0,0.0,0.0,43.0,7307.0,44.0,82.0,0.0,187.0,0.0,13.61,1.24,6.71
2016/03/11,29.6,30.0,29.55,29.9,329.0,9822.0,0.3356,0.2084,231.0,36.0,0.0,0.0,36.0,7289.0,51.0,69.0,0.0,187.0,0.0,13.65,1.25,6.69
2016/03/14,29.9,30.9,29.9,30.45,1381.0,42020.0,1.8395,0.8747,746.0,335.0,0.0,67.0,402.0,7341.0,271.0,215.0,44.0,145.0,2.0,13.9,1.27,6.57
2016/03/15,30.2,30.45,29.4,29.45,798.0,23827.0,-3.2841,0.5055,514.0,130.0,0.0,7.0,137.0,7280.0,175.0,226.0,8.0,142.0,5.0,13.45,1.23,6.79
2016/03/16,29.75,30.05,29.6,29.95,405.0,12129.0,1.6978,0.2565,309.0,131.0,0.0,-23.0,108.0,7279.0,53.0,44.0,1.0,142.0,2.0,13.68,1.25,6.68
2016/03/17,30.25,30.35,29.55,29.6,940.0,28195.0,-1.1686,0.5954,508.0,-10.0,0.0,4.0,-6.0,7317.0,176.0,136.0,3.0,152.0,13.0,13.52,1.24,6.76
2016/03/18,29.8,30.0,29.6,29.75,363.0,10822.0,0.5068,0.2299,260.0,68.0,0.0,0.0,68.0,7297.0,56.0,74.0,0.0,152.0,0.0,13.58,1.24,6.72
2016/03/21,29.95,29.95,29.5,29.55,378.0,11201.0,-0.6723,0.2394,450.0,-3.0,0.0,-35.0,-38.0,7298.0,81.0,78.0,0.0,157.0,5.0,13.49,1.23,6.77
2016/03/22,29.55,29.75,29.45,29.5,214.0,6348.0,-0.1692,0.1356,208.0,18.0,0.0,0.0,18.0,7296.0,29.0,31.0,0.0,160.0,3.0,13.47,1.23,6.78
2016/03/23,29.5,30.9,29.4,30.65,2760.0,84012.0,3.8983,1.7482,1701.0,172.0,0.0,-2.0,170.0,7327.0,379.0,343.0,13.0,168.0,21.0,14.0,1.28,6.53
2016/03/24,31.0,31.0,30.25,30.3,1441.0,44175.0,-1.1419,0.9128,843.0,-35.0,0.0,0.0,-35.0,7448.0,308.0,185.0,24.0,150.0,6.0,13.84,1.26,6.6
2016/03/25,30.2,30.4,29.55,29.55,750.0,22452.0,-2.4752,0.4751,482.0,-90.0,0.0,0.0,-90.0,7416.0,99.0,131.0,8.0,154.0,12.0,13.49,1.23,6.77
2016/03/28,29.5,29.5,28.8,28.9,671.0,19491.0,-2.1997,0.425,453.0,-51.0,0.0,1.0,-50.0,7319.0,137.0,222.0,13.0,150.0,9.0,13.2,1.21,6.92
2016/03/29,28.65,29.05,28.1,28.25,613.0,17424.0,-2.2491,0.3883,436.0,-72.0,0.0,0.0,-72.0,7286.0,112.0,136.0,30.0,122.0,2.0,12.9,1.18,7.08
2016/03/30,28.65,29.0,28.5,28.85,432.0,12435.0,2.1239,0.2736,321.0,78.0,0.0,-9.0,69.0,7230.0,64.0,100.0,1.0,125.0,4.0,13.17,1.2,6.93
2016/03/31,28.9,28.95,28.6,28.7,229.0,6585.0,-0.5199,0.1451,165.0,-10.0,0.0,0.0,-10.0,7211.0,46.0,45.0,3.0,122.0,0.0,13.11,1.2,6.97
2016/04/01,28.7,28.95,28.6,28.9,131.0,3797.0,0.6969,0.083,122.0,-17.0,0.0,0.0,-17.0,7216.0,38.0,28.0,2.0,120.0,0.0,13.2,1.21,6.92
2016/04/06,28.55,28.7,28.4,28.6,212.0,6062.0,-1.0381,0.1343,173.0,6.0,0.0,0.0,6.0,7205.0,46.0,57.0,14.0,106.0,0.0,13.06,1.19,6.99
2016/04/07,28.6,28.9,28.35,28.45,241.0,6883.0,-0.5245,0.1527,211.0,-13.0,0.0,3.0,-10.0,7186.0,34.0,53.0,10.0,96.0,0.0,12.99,1.19,7.03
2016/04/08,28.5,28.6,28.3,28.45,226.0,6463.0,0.0,0.1432,174.0,6.0,0.0,4.0,10.0,7133.0,25.0,78.0,16.0,80.0,0.0,12.99,1.19,7.03
2016/04/11,28.5,28.5,28.3,28.35,224.0,6374.0,-0.3515,0.1419,220.0,0.0,0.0,2.0,2.0,7123.0,20.0,30.0,23.0,58.0,1.0,12.95,1.18,7.05
2016/04/12,28.25,28.55,27.55,27.6,505.0,14193.0,-2.6455,0.3199,321.0,-46.0,0.0,-4.0,-50.0,7119.0,51.0,55.0,25.0,36.0,4.0,12.6,1.15,7.25
2016/04/13,27.7,28.0,27.45,27.7,320.0,8884.0,0.3623,0.2027,243.0,43.0,0.0,0.0,43.0,7107.0,51.0,63.0,7.0,29.0,0.0,12.65,1.16,7.22
2016/04/14,28.55,29.15,28.45,28.45,501.0,14404.0,2.7076,0.3173,384.0,-14.0,0.0,0.0,-14.0,7071.0,87.0,106.0,25.0,0.0,0.0,12.99,1.19,7.03
2016/04/15,28.35,28.7,28.1,28.35,214.0,6091.0,-0.3515,0.1356,209.0,11.0,-22.0,0.0,-11.0,7047.0,18.0,32.0,0.0,0.0,0.0,12.95,1.18,7.05
2016/04/18,28.35,28.5,28.15,28.2,225.0,6373.0,-0.5291,0.1425,192.0,-2.0,0.0,0.0,-2.0,7065.0,56.0,36.0,0.0,0.0,0.0,12.88,1.18,7.09
2016/04/19,28.3,28.75,28.3,28.75,433.0,12356.0,1.9504,0.2743,309.0,85.0,0.0,0.0,85.0,7102.0,130.0,89.0,0.0,0.0,0.0,13.13,1.2,6.96
2016/04/20,28.7,29.65,28.6,29.15,1816.0,53111.0,1.3913,1.1503,1018.0,158.0,0.0,0.0,158.0,7324.0,529.0,307.0,0.0,44.0,44.0,13.31,1.22,6.86
2016/04/21,29.35,29.6,29.2,29.25,1467.0,43115.0,0.3431,0.9292,783.0,57.0,0.0,0.0,57.0,7227.0,283.0,375.0,22.0,63.0,41.0,13.36,1.22,6.84
2016/04/22,29.2,29.2,28.4,28.8,713.0,20544.0,-1.5385,0.4516,463.0,53.0,0.0,0.0,53.0,7087.0,86.0,226.0,44.0,47.0,28.0,13.15,1.2,6.94
2016/04/25,28.9,28.9,28.3,28.6,325.0,9262.0,-0.6944,0.2059,208.0,62.0,0.0,-12.0,50.0,7037.0,37.0,87.0,16.0,54.0,23.0,13.06,1.19,6.99
2016/04/26,28.8,28.8,28.35,28.4,220.0,6272.0,-0.6993,0.1394,178.0,-1.0,0.0,-4.0,-5.0,7013.0,14.0,38.0,1.0,78.0,25.0,12.97,1.19,7.04
2016/04/27,28.4,28.4,27.9,27.95,363.0,10222.0,-1.5845,0.2299,314.0,-4.0,0.0,-3.0,-7.0,6959.0,19.0,71.0,1.0,89.0,12.0,12.76,1.17,7.16
2016/04/28,28.1,28.1,27.7,27.7,233.0,6485.0,-0.8945,0.1476,166.0,-12.0,0.0,-4.0,-16.0,6910.0,52.0,101.0,2.0,93.0,6.0,12.65,1.16,7.22
2016/04/29,27.65,28.05,27.55,27.7,203.0,5635.0,0.0,0.1286,149.0,-21.0,0.0,-2.0,-23.0,6914.0,40.0,26.0,5.0,89.0,1.0,12.65,1.16,7.22
2016/05/03,27.6,27.85,27.4,27.55,181.0,5008.0,-0.5415,0.1146,139.0,-6.0,0.0,0.0,-6.0,6881.0,5.0,37.0,5.0,115.0,31.0,12.58,1.15,7.26
2016/05/04,27.4,27.4,26.6,26.9,370.0,10010.0,-2.3593,0.2344,288.0,-68.0,0.0,1.0,-67.0,6797.0,31.0,115.0,11.0,116.0,12.0,12.28,1.12,7.43
2016/05/05,26.9,27.15,26.7,27.0,317.0,8553.0,0.3717,0.2008,231.0,-23.0,0.0,0.0,-23.0,6764.0,11.0,44.0,4.0,116.0,4.0,12.33,1.13,7.41
2016/05/06,27.0,27.0,26.35,26.45,325.0,8640.0,-2.037,0.2059,211.0,-44.0,0.0,2.0,-42.0,6691.0,31.0,104.0,4.0,138.0,26.0,12.08,1.1,7.56
2016/05/09,26.7,26.7,26.4,26.7,397.0,10589.0,0.9452,0.2515,201.0,0.0,0.0,-1.0,-1.0,6679.0,25.0,37.0,6.0,140.0,8.0,12.19,1.11,7.49
2016/05/10,26.6,27.05,26.2,27.0,158.0,4223.0,1.1236,0.1001,113.0,-29.0,0.0,2.0,-27.0,6680.0,13.0,12.0,34.0,107.0,1.0,12.33,1.13,7.41
2016/05/11,27.25,27.25,26.75,27.0,187.0,5046.0,0.0,0.1184,116.0,2.0,0.0,0.0,2.0,6675.0,15.0,20.0,21.0,86.0,0.0,12.33,1.13,7.41
2016/05/12,27.0,27.0,26.45,26.45,136.0,3632.0,-2.037,0.0861,95.0,-32.0,0.0,-1.0,-33.0,6656.0,15.0,31.0,3.0,85.0,2.0,12.9,1.08,7.56
2016/05/13,26.4,26.9,26.2,26.2,203.0,5379.0,-0.9452,0.1286,145.0,9.0,0.0,0.0,9.0,6596.0,9.0,69.0,0.0,90.0,5.0,12.78,1.07,7.63
2016/05/16,26.2,26.35,25.95,26.15,158.0,4147.0,-0.1908,0.1001,98.0,-23.0,0.0,0.0,-23.0,6612.0,23.0,7.0,2.0,89.0,1.0,12.76,1.07,7.65
2016/05/17,26.15,26.9,26.15,26.85,252.0,6725.0,2.6769,0.1596,145.0,2.0,0.0,0.0,2.0,6650.0,65.0,27.0,24.0,79.0,14.0,13.1,1.09,7.45
2016/05/18,26.65,26.85,26.5,26.7,108.0,2899.0,-0.5587,0.0684,74.0,6.0,0.0,0.0,6.0,6640.0,22.0,32.0,6.0,73.0,0.0,13.02,1.09,7.49
2016/05/19,26.6,26.75,26.45,26.6,162.0,4314.0,-0.3745,0.1026,92.0,6.0,0.0,0.0,6.0,6616.0,28.0,52.0,0.0,73.0,0.0,12.98,1.08,7.52
2016/05/20,26.6,26.85,26.5,26.8,123.0,3290.0,0.7519,0.0779,77.0,32.0,0.0,0.0,32.0,6605.0,7.0,18.0,1.0,73.0,1.0,13.07,1.09,7.46
2016/05/23,27.0,28.1,26.75,27.6,372.0,10216.0,2.9851,0.2356,252.0,69.0,0.0,0.0,69.0,6553.0,63.0,114.0,23.0,53.0,3.0,13.46,1.13,7.25
2016/05/24,27.95,27.95,27.4,27.7,166.0,4601.0,0.3623,0.1051,131.0,-2.0,0.0,0.0,-2.0,6560.0,22.0,15.0,4.0,49.0,0.0,13.51,1.13,7.22
2016/05/25,27.75,28.1,27.75,27.9,271.0,7588.0,0.722,0.1717,214.0,121.0,0.0,0.0,121.0,6495.0,22.0,87.0,2.0,52.0,5.0,13.61,1.14,7.17
2016/05/26,28.05,28.35,27.9,28.05,239.0,6725.0,0.5376,0.1514,185.0,92.0,0.0,0.0,92.0,6450.0,7.0,42.0,10.0,44.0,2.0,13.68,1.14,7.13
2016/05/27,28.05,28.3,27.95,28.2,143.0,4031.0,0.5348,0.0906,120.0,35.0,0.0,0.0,35.0,6347.0,8.0,11.0,0.0,46.0,2.0,13.76,1.15,7.09
2016/05/30,28.35,28.4,28.05,28.25,218.0,6177.0,0.1773,0.1381,168.0,119.0,0.0,0.0,119.0,6331.0,22.0,35.0,6.0,44.0,4.0,13.78,1.15,7.08
2016/05/31,28.4,28.6,28.15,28.45,331.0,9419.0,0.708,0.2097,218.0,157.0,0.0,0.0,157.0,6336.0,31.0,26.0,0.0,47.0,3.0,13.88,1.16,7.03
2016/06/01,28.4,28.75,28.4,28.45,305.0,8722.0,0.0,0.1932,230.0,144.0,0.0,0.0,144.0,6334.0,43.0,35.0,11.0,37.0,1.0,13.88,1.16,7.03
2016/06/02,28.6,28.6,27.8,27.9,458.0,12900.0,-1.9332,0.2901,324.0,156.0,0.0,-2.0,154.0,6343.0,30.0,21.0,3.0,36.0,2.0,13.61,1.14,7.17
2016/06/03,27.9,28.05,27.65,27.75,413.0,11517.0,-0.5376,0.2616,292.0,186.0,0.0,-1.0,185.0,6324.0,48.0,26.0,3.0,34.0,1.0,13.54,1.13,7.21
2016/06/04,27.75,28.0,27.6,27.8,114.0,3163.0,0.1802,0.0722,76.0,0.0,0.0,0.0,0.0,6323.0,12.0,13.0,0.0,36.0,2.0,13.56,1.13,7.19
2016/06/06,27.6,27.95,27.6,27.75,226.0,6270.0,-0.1799,0.1432,131.0,127.0,0.0,3.0,130.0,6301.0,6.0,27.0,0.0,36.0,0.0,13.54,1.13,7.21
2016/06/07,28.15,28.15,27.9,28.0,171.0,4799.0,0.9009,0.1083,123.0,68.0,0.0,7.0,75.0,6281.0,18.0,38.0,0.0,38.0,2.0,13.66,1.14,7.14
2016/06/08,28.0,28.1,27.8,28.0,129.0,3607.0,0.0,0.0817,98.0,38.0,0.0,1.0,39.0,6268.0,6.0,18.0,0.0,39.0,1.0,13.66,1.14,7.14
2016/06/13,27.8,27.9,27.4,27.5,231.0,6358.0,-1.7857,0.1463,180.0,32.0,0.0,2.0,34.0,6255.0,4.0,17.0,21.0,39.0,21.0,13.41,1.12,7.27
2016/06/14,27.25,28.35,27.25,28.0,320.0,8940.0,1.8182,0.2027,219.0,169.0,0.0,1.0,170.0,6247.0,19.0,27.0,12.0,31.0,4.0,13.66,1.14,7.14
2016/06/15,28.0,28.25,27.8,27.9,150.0,4198.0,-0.3571,0.095,130.0,32.0,0.0,1.0,33.0,6251.0,15.0,10.0,2.0,29.0,0.0,13.61,1.14,7.17
2016/06/16,27.9,28.35,27.9,28.1,206.0,5793.0,0.7168,0.1305,157.0,63.0,0.0,0.0,63.0,6240.0,16.0,27.0,6.0,23.0,0.0,13.71,1.15,7.12
2016/06/17,28.3,28.35,28.15,28.25,295.0,8344.0,0.5338,0.1869,150.0,62.0,0.0,2.0,64.0,6249.0,33.0,23.0,0.0,24.0,1.0,13.78,1.15,7.08
2016/06/20,28.3,28.8,28.25,28.6,1457.0,44064.0,1.2389,0.9229,269.0,93.0,0.0,5.0,98.0,6292.0,88.0,45.0,0.0,34.0,10.0,13.95,1.17,6.99
2016/06/21,28.7,28.9,28.65,28.75,326.0,9398.0,0.5245,0.2065,206.0,33.0,0.0,0.0,33.0,6282.0,31.0,41.0,1.0,36.0,3.0,14.02,1.17,6.96
2016/06/22,28.85,28.85,28.6,28.8,274.0,7884.0,0.1739,0.1736,115.0,19.0,0.0,0.0,19.0,6273.0,104.0,113.0,0.0,37.0,1.0,14.05,1.17,6.94
2016/06/23,28.65,28.8,28.6,28.7,172.0,4947.0,-0.3472,0.1089,112.0,22.0,0.0,0.0,22.0,6254.0,9.0,28.0,5.0,32.0,0.0,14.0,1.17,6.97
2016/06/24,28.7,28.7,27.55,27.9,361.0,10173.0,-2.7875,0.2287,252.0,18.0,0.0,-5.0,13.0,6227.0,36.0,62.0,17.0,20.0,5.0,13.61,1.14,7.17
2016/06/27,27.7,28.65,27.7,28.5,268.0,7572.0,2.1505,0.1698,143.0,48.0,0.0,0.0,48.0,6216.0,66.0,77.0,2.0,19.0,1.0,13.9,1.16,7.02
2016/06/28,28.2,28.8,28.15,28.7,243.0,6982.0,0.7018,0.1539,147.0,118.0,0.0,0.0,118.0,6144.0,6.0,78.0,0.0,19.0,0.0,14.0,1.17,6.97
2016/06/29,28.9,29.4,28.7,28.9,532.0,15462.0,0.6969,0.337,332.0,88.0,0.0,9.0,97.0,6263.0,168.0,49.0,1.0,18.0,0.0,14.1,1.18,6.92
2016/06/30,29.05,29.2,28.9,28.95,369.0,10726.0,0.173,0.2337,227.0,59.0,0.0,0.0,59.0,6329.0,111.0,45.0,7.0,11.0,0.0,14.12,1.18,6.91
2016/07/01,29.05,29.3,29.0,29.05,407.0,11856.0,0.3454,0.2578,229.0,137.0,0.0,0.0,137.0,6361.0,48.0,14.0,1.0,10.0,0.0,14.17,1.18,6.88
2016/07/04,29.3,29.35,29.15,29.25,426.0,12485.0,0.6885,0.2698,254.0,89.0,0.0,-1.0,88.0,6280.0,18.0,97.0,7.0,3.0,0.0,14.27,1.19,6.84
2016/07/05,29.45,29.45,29.15,29.15,316.0,9245.0,-0.3419,0.2002,168.0,76.0,0.0,0.0,76.0,6242.0,20.0,57.0,1.0,0.0,0.0,14.22,1.19,6.86
2016/07/06,29.1,29.2,28.75,28.95,626.0,18145.0,-0.6861,0.3965,335.0,267.0,0.0,0.0,267.0,6115.0,41.0,153.0,0.0,0.0,0.0,14.12,1.18,6.91
2016/07/07,28.95,29.45,28.95,29.2,1044.0,30507.0,0.8636,0.6613,511.0,289.0,0.0,0.0,289.0,6178.0,177.0,107.0,0.0,0.0,0.0,14.24,1.19,6.85
2016/07/11,28.2,28.65,28.05,28.3,1214.0,34454.0,3.7671,0.769,728.0,114.0,0.0,0.0,114.0,6280.0,427.0,324.0,0.0,23.0,23.0,13.8,1.15,7.07
2016/07/12,28.5,28.55,28.05,28.1,430.0,12133.0,-0.7067,0.2724,246.0,-14.0,0.0,0.0,-14.0,6197.0,63.0,121.0,2.0,21.0,0.0,13.71,1.15,7.12
2016/07/13,28.25,29.2,28.2,29.0,2165.0,62467.0,3.2028,1.3713,1024.0,156.0,0.0,0.0,156.0,6490.0,526.0,219.0,0.0,189.0,168.0,14.15,1.18,6.9
2016/07/14,28.95,29.6,28.85,29.35,1284.0,37676.0,1.2069,0.8133,671.0,33.0,0.0,34.0,67.0,6540.0,364.0,309.0,0.0,205.0,16.0,14.32,1.2,6.81
2016/07/15,29.5,29.5,29.15,29.2,602.0,17619.0,-0.5111,0.3813,349.0,11.0,0.0,34.0,45.0,6461.0,89.0,123.0,32.0,175.0,2.0,14.24,1.19,6.85
2016/07/18,29.05,29.35,29.05,29.2,414.0,12097.0,0.0,0.2622,226.0,73.0,0.0,0.0,73.0,6445.0,92.0,96.0,2.0,176.0,3.0,14.24,1.19,6.85
2016/07/19,29.1,29.3,28.9,29.2,395.0,11498.0,0.0,0.2502,233.0,64.0,0.0,0.0,64.0,6435.0,58.0,63.0,42.0,139.0,5.0,14.24,1.19,6.85
2016/07/20,29.4,29.45,29.0,29.0,360.0,10553.0,-0.6849,0.228,253.0,40.0,0.0,0.0,40.0,6465.0,93.0,63.0,9.0,136.0,6.0,14.15,1.18,6.9
2016/07/21,29.1,29.3,29.1,29.15,519.0,15184.0,0.5172,0.3287,256.0,223.0,0.0,2.0,225.0,6448.0,95.0,112.0,0.0,139.0,3.0,14.22,1.19,6.86
2016/07/22,29.1,29.25,29.1,29.1,353.0,10315.0,-0.1715,0.2236,175.0,69.0,-1.0,0.0,68.0,6394.0,18.0,66.0,16.0,123.0,0.0,14.2,1.19,6.87
2016/07/25,29.25,29.4,28.95,29.25,578.0,16870.0,0.5155,0.3661,304.0,19.0,0.0,0.0,19.0,6353.0,182.0,195.0,8.0,120.0,5.0,14.27,1.19,6.84
2016/07/26,29.35,29.35,29.05,29.05,278.0,8129.0,-0.6838,0.1761,190.0,96.0,0.0,0.0,96.0,6312.0,22.0,41.0,0.0,123.0,3.0,14.17,1.18,6.88
2016/07/27,29.15,30.35,29.15,29.7,1174.0,35016.0,2.2375,0.7436,655.0,224.0,0.0,0.0,224.0,6320.0,257.0,249.0,0.0,146.0,23.0,14.49,1.21,6.73
2016/07/28,29.7,30.1,29.6,29.7,681.0,20346.0,0.0,0.4314,359.0,60.0,0.0,0.0,60.0,6283.0,149.0,186.0,0.0,151.0,5.0,14.49,1.21,6.73
2016/07/29,29.8,29.85,29.5,29.7,477.0,14136.0,0.0,0.3021,279.0,24.0,0.0,0.0,24.0,6231.0,88.0,109.0,2.0,154.0,5.0,14.49,1.21,6.73
2016/08/01,29.8,30.35,29.7,30.1,1208.0,36275.0,1.3468,0.7652,581.0,126.0,0.0,0.0,126.0,6437.0,451.0,245.0,0.0,167.0,13.0,14.68,1.23,6.64
2016/08/02,30.3,30.6,30.1,30.15,759.0,23040.0,0.1661,0.4808,391.0,21.0,0.0,0.0,21.0,6436.0,229.0,230.0,0.0,179.0,12.0,14.71,1.23,6.63
2016/08/03,29.95,30.55,29.85,30.3,724.0,21915.0,0.4975,0.4586,451.0,134.0,0.0,-1.0,133.0,6436.0,179.0,179.0,0.0,180.0,1.0,14.78,1.24,6.6
2016/08/04,30.5,30.5,30.0,30.25,541.0,16358.0,-0.165,0.3427,312.0,81.0,0.0,-1.0,80.0,6333.0,55.0,158.0,20.0,162.0,2.0,14.76,1.23,6.61
2016/08/05,30.25,31.3,29.9,31.3,1915.0,58834.0,3.4711,1.213,913.0,230.0,0.0,-5.0,225.0,6632.0,627.0,327.0,0.0,177.0,15.0,15.27,1.28,6.39
2016/08/08,32.05,34.4,31.8,34.1,8696.0,287784.0,8.9457,5.5082,3969.0,14.0,0.0,0.0,14.0,7414.0,2175.0,1393.0,13.0,225.0,61.0,16.63,1.39,5.87
2016/08/09,33.65,33.7,31.8,32.0,4419.0,144133.0,-6.1584,2.7991,2472.0,-484.0,0.0,-2.0,-486.0,7426.0,1130.0,1116.0,76.0,167.0,18.0,15.61,1.3,6.25
2016/08/10,32.0,32.0,30.75,30.9,2183.0,68304.0,-3.4375,1.3827,1257.0,6.0,0.0,0.0,6.0,7190.0,437.0,673.0,17.0,164.0,14.0,15.07,1.26,6.47
2016/08/11,31.0,31.55,31.0,31.1,1239.0,38720.0,0.6472,0.7848,749.0,47.0,0.0,-34.0,13.0,7181.0,378.0,386.0,7.0,164.0,7.0,13.07,1.34,6.43
2016/08/12,31.65,31.65,30.6,30.7,1265.0,39282.0,-1.2862,0.8013,644.0,-37.0,0.0,-36.0,-73.0,7076.0,194.0,299.0,6.0,175.0,17.0,12.9,1.32,6.51
2016/08/15,30.3,30.65,29.6,29.85,1359.0,40748.0,-2.7687,0.8608,757.0,81.0,0.0,-1.0,80.0,7039.0,231.0,265.0,39.0,201.0,65.0,12.54,1.29,6.7
2016/08/16,29.95,30.0,29.4,29.7,941.0,27963.0,-0.5025,0.596,492.0,88.0,0.0,-2.0,86.0,6977.0,289.0,341.0,1.0,202.0,2.0,12.48,1.28,6.73
2016/08/17,29.7,29.95,29.4,29.8,507.0,15080.0,0.3367,0.3211,324.0,-38.0,0.0,1.0,-37.0,6900.0,64.0,138.0,4.0,203.0,5.0,12.52,1.29,6.71
2016/08/18,29.8,30.95,29.6,30.65,1043.0,31812.0,2.8523,0.6607,672.0,130.0,0.0,-6.0,124.0,6869.0,183.0,204.0,6.0,199.0,2.0,12.88,1.32,6.53
2016/08/19,30.7,30.8,29.85,30.0,709.0,21464.0,-2.1207,0.4491,441.0,-75.0,0.0,-4.0,-79.0,6804.0,110.0,159.0,7.0,193.0,1.0,12.61,1.29,6.67
2016/08/22,30.0,30.0,29.4,29.45,493.0,14599.0,-1.8333,0.3123,343.0,8.0,0.0,42.0,50.0,6808.0,67.0,63.0,6.0,213.0,26.0,12.37,1.27,6.79
2016/08/23,29.55,30.1,29.55,30.05,352.0,10515.0,2.0374,0.223,231.0,115.0,0.0,5.0,120.0,6818.0,58.0,48.0,0.0,216.0,3.0,12.63,1.3,6.66
2016/08/24,30.0,30.1,29.8,29.8,335.0,10054.0,-0.8319,0.2122,201.0,-49.0,0.0,0.0,-49.0,6806.0,87.0,99.0,1.0,215.0,0.0,12.52,1.29,6.71
2016/08/25,29.55,29.95,29.55,29.85,320.0,9554.0,0.1678,0.2027,226.0,46.0,-12.0,-1.0,33.0,6787.0,47.0,66.0,0.0,217.0,2.0,12.54,1.29,6.7
2016/08/26,29.85,30.1,29.65,29.8,246.0,7360.0,-0.1675,0.1558,173.0,16.0,0.0,-1.0,15.0,6837.0,118.0,57.0,2.0,216.0,1.0,12.52,1.29,6.71
2016/08/29,29.8,29.95,29.4,29.5,731.0,21645.0,-1.0067,0.463,547.0,-299.0,0.0,-1.0,-300.0,6825.0,87.0,94.0,2.0,215.0,1.0,12.39,1.27,6.78
2016/08/30,29.6,29.95,29.55,29.7,479.0,14273.0,0.678,0.3034,382.0,36.0,0.0,-3.0,33.0,6804.0,63.0,84.0,0.0,215.0,0.0,12.48,1.28,6.73
2016/08/31,29.65,29.8,29.6,29.8,361.0,10746.0,0.3367,0.2287,216.0,51.0,0.0,-3.0,48.0,6706.0,41.0,139.0,0.0,215.0,0.0,12.52,1.29,6.71
2016/09/01,29.65,29.8,29.55,29.55,318.0,9449.0,-0.8389,0.2014,210.0,-27.0,0.0,0.0,-27.0,6740.0,82.0,47.0,5.0,210.0,0.0,12.42,1.27,6.77
2016/09/02,29.55,29.55,28.75,28.9,872.0,25389.0,-2.1997,0.5523,583.0,-30.0,0.0,0.0,-30.0,6651.0,81.0,166.0,30.0,202.0,22.0,12.14,1.25,6.92
2016/09/05,29.25,29.45,29.05,29.35,327.0,9600.0,1.5571,0.2071,216.0,51.0,0.0,0.0,51.0,6689.0,114.0,71.0,19.0,184.0,1.0,12.33,1.27,6.81
2016/09/06,29.35,29.6,29.3,29.4,328.0,9698.0,0.1704,0.2078,210.0,24.0,0.0,-6.0,18.0,6698.0,81.0,63.0,7.0,177.0,0.0,12.35,1.27,6.8
2016/09/07,29.35,29.6,29.35,29.5,283.0,8371.0,0.3401,0.1793,167.0,-16.0,0.0,0.0,-16.0,6635.0,28.0,81.0,65.0,112.0,0.0,12.39,1.27,6.78
2016/09/08,29.45,30.2,29.45,30.1,699.0,20942.0,2.0339,0.4428,450.0,104.0,0.0,0.0,104.0,6602.0,179.0,201.0,6.0,109.0,3.0,12.65,1.3,6.64
2016/09/09,30.2,30.75,30.1,30.75,1096.0,33472.0,2.1595,0.6942,605.0,-12.0,0.0,-10.0,-22.0,6474.0,181.0,255.0,0.0,112.0,3.0,12.92,1.33,6.5
2016/09/10,30.2,30.35,29.85,29.95,454.0,13673.0,-2.6016,0.2876,272.0,0.0,0.0,-5.0,-5.0,6440.0,76.0,108.0,9.0,103.0,0.0,12.58,1.29,6.68
2016/09/12,30.2,30.2,29.55,29.7,529.0,15852.0,-0.8347,0.3351,305.0,-72.0,0.0,0.0,-72.0,6364.0,96.0,128.0,2.0,101.0,0.0,12.48,1.28,6.73
2016/09/13,29.95,30.15,29.1,29.25,528.0,15569.0,-1.5152,0.3344,328.0,-34.0,0.0,3.0,-31.0,6337.0,142.0,139.0,5.0,97.0,1.0,12.29,1.26,6.84
2016/09/14,29.0,29.45,29.0,29.05,402.0,11754.0,-0.6838,0.2546,226.0,-65.0,0.0,0.0,-65.0,6285.0,26.0,78.0,17.0,80.0,0.0,12.21,1.25,6.88
2016/09/19,29.3,29.8,29.3,29.65,349.0,10360.0,2.0654,0.2211,202.0,27.0,0.0,4.0,31.0,6157.0,42.0,131.0,2.0,78.0,0.0,12.46,1.28,6.75
2016/09/20,29.65,30.2,29.6,30.15,510.0,15320.0,1.6863,0.323,291.0,42.0,0.0,-3.0,39.0,6104.0,46.0,99.0,0.0,83.0,5.0,12.67,1.3,6.63
2016/09/21,30.1,30.35,30.0,30.2,427.0,12890.0,0.1658,0.2705,255.0,17.0,0.0,0.0,17.0,6031.0,50.0,121.0,0.0,90.0,7.0,12.69,1.3,6.62
2016/09/22,30.3,30.4,30.05,30.05,408.0,12330.0,-0.4967,0.2584,231.0,-52.0,0.0,1.0,-51.0,5952.0,33.0,111.0,2.0,89.0,1.0,12.63,1.3,6.66
2016/09/23,30.0,30.2,29.85,29.9,225.0,6746.0,-0.4992,0.1425,155.0,15.0,0.0,0.0,15.0,5906.0,11.0,55.0,11.0,78.0,0.0,12.56,1.29,6.69
2016/09/26,30.0,30.95,29.8,30.7,938.0,28559.0,2.6756,0.5941,501.0,16.0,0.0,0.0,16.0,5858.0,375.0,285.0,0.0,81.0,3.0,12.9,1.32,6.51
2016/09/29,31.2,31.5,30.85,31.4,2662.0,83108.0,2.2801,1.6862,1360.0,-36.0,0.0,2.0,-34.0,5986.0,660.0,517.0,0.0,139.0,58.0,13.19,1.35,6.37
2016/09/30,31.2,31.2,30.9,31.0,641.0,19878.0,-1.2739,0.406,400.0,-40.0,0.0,0.0,-40.0,5937.0,184.0,231.0,9.0,132.0,2.0,13.03,1.34,6.45
2016/10/03,31.0,31.5,30.8,30.8,718.0,22353.0,-0.6452,0.4548,426.0,-40.0,0.0,0.0,-40.0,5770.0,111.0,278.0,36.0,97.0,1.0,12.94,1.33,6.49
2016/10/04,30.7,30.95,30.65,30.75,386.0,11893.0,-0.1623,0.2445,229.0,66.0,0.0,0.0,66.0,5729.0,49.0,89.0,8.0,90.0,1.0,12.92,1.33,6.5
2016/10/05,30.75,31.3,30.75,31.0,578.0,17981.0,0.813,0.3661,339.0,71.0,0.0,0.0,71.0,5688.0,141.0,180.0,1.0,90.0,1.0,13.03,1.34,6.45
2016/10/06,31.3,31.3,30.7,30.7,418.0,12921.0,-0.9677,0.2648,201.0,52.0,0.0,4.0,56.0,5652.0,28.0,48.0,0.0,90.0,0.0,12.9,1.32,6.51
2016/10/07,30.85,30.85,30.3,30.3,405.0,12347.0,-1.3029,0.2565,247.0,46.0,0.0,1.0,47.0,5640.0,71.0,81.0,0.0,90.0,0.0,12.73,1.31,6.6
2016/10/11,30.55,30.75,29.3,29.85,695.0,20806.0,-1.4851,0.4402,384.0,-67.0,0.0,-13.0,-80.0,5580.0,109.0,164.0,15.0,82.0,7.0,12.54,1.29,6.7
2016/10/12,29.85,30.0,29.75,29.75,257.0,7697.0,-0.335,0.1628,184.0,14.0,0.0,2.0,16.0,5556.0,44.0,57.0,3.0,81.0,2.0,12.5,1.28,6.72
2016/10/13,29.75,30.25,29.75,29.95,350.0,10528.0,0.6723,0.2217,254.0,73.0,0.0,-19.0,54.0,5566.0,43.0,31.0,3.0,78.0,0.0,12.58,1.29,6.68
2016/10/14,29.85,29.9,28.7,29.25,483.0,14184.0,-2.3372,0.3059,338.0,-36.0,0.0,4.0,-32.0,5525.0,59.0,100.0,4.0,75.0,1.0,12.29,1.26,6.84
2016/10/17,29.25,29.7,29.2,29.65,226.0,6658.0,1.3675,0.1432,164.0,44.0,0.0,1.0,45.0,5331.0,32.0,43.0,5.0,75.0,5.0,12.46,1.28,6.75
2016/10/18,29.4,29.6,29.3,29.4,136.0,4003.0,-0.8432,0.0861,96.0,-10.0,0.0,-2.0,-12.0,5300.0,7.0,28.0,0.0,75.0,0.0,12.35,1.27,6.8
2016/10/19,29.45,29.55,29.45,29.45,187.0,5515.0,0.1701,0.1184,139.0,-38.0,0.0,-6.0,-44.0,5270.0,20.0,50.0,0.0,75.0,0.0,12.37,1.27,6.79
2016/10/20,29.45,29.6,29.3,29.45,221.0,6505.0,0.0,0.14,131.0,-26.0,1.0,-1.0,-26.0,5311.0,67.0,26.0,4.0,71.0,0.0,12.37,1.27,6.79
2016/10/21,29.7,29.7,29.4,29.4,169.0,5011.0,-0.1698,0.107,118.0,-20.0,1.0,-2.0,-21.0,5349.0,60.0,19.0,1.0,70.0,0.0,12.35,1.27,6.8
2016/10/24,29.4,29.65,29.4,29.45,170.0,5029.0,0.1701,0.1077,111.0,-4.0,0.0,0.0,-4.0,5330.0,29.0,42.0,3.0,67.0,0.0,12.37,1.27,6.79
2016/10/25,29.45,29.65,29.45,29.5,206.0,6099.0,0.1698,0.1305,128.0,-2.0,0.0,0.0,-2.0,5335.0,68.0,63.0,0.0,77.0,10.0,12.39,1.27,6.78
2016/10/26,29.3,29.6,29.3,29.4,206.0,6063.0,-0.339,0.1305,156.0,61.0,0.0,-1.0,60.0,5320.0,3.0,18.0,0.0,82.0,5.0,12.35,1.27,6.8
2016/10/27,29.4,29.6,29.35,29.4,97.0,2865.0,0.0,0.0614,56.0,1.0,0.0,0.0,1.0,5311.0,14.0,22.0,1.0,81.0,0.0,12.35,1.27,6.8
2016/10/28,29.4,29.6,29.4,29.45,309.0,9136.0,0.1701,0.1957,155.0,44.0,0.0,0.0,44.0,5259.0,10.0,62.0,30.0,51.0,0.0,12.37,1.27,6.79
2016/10/31,29.45,29.5,29.2,29.3,351.0,10309.0,-0.5093,0.2223,169.0,7.0,0.0,0.0,7.0,5200.0,8.0,67.0,0.0,51.0,0.0,12.31,1.26,6.83
2016/11/01,29.25,29.25,29.05,29.05,241.0,7035.0,-0.8532,0.1527,138.0,6.0,0.0,1.0,7.0,5214.0,52.0,38.0,0.0,52.0,1.0,12.21,1.25,6.88
2016/11/02,28.85,29.0,28.3,28.3,618.0,17661.0,-2.5818,0.3915,366.0,8.0,0.0,13.0,21.0,5122.0,33.0,124.0,2.0,56.0,6.0,11.89,1.22,7.07
2016/11/03,28.2,28.55,28.05,28.15,310.0,8754.0,-0.53,0.1964,170.0,45.0,0.0,7.0,52.0,5035.0,27.0,108.0,2.0,56.0,2.0,11.83,1.21,7.1
2016/11/04,28.15,28.5,28.0,28.3,175.0,4960.0,0.5329,0.1108,109.0,0.0,0.0,-2.0,-2.0,5046.0,38.0,27.0,2.0,72.0,18.0,11.89,1.22,7.07
2016/11/07,28.3,28.7,28.3,28.3,198.0,5644.0,0.0,0.1254,116.0,-15.0,0.0,1.0,-14.0,5063.0,49.0,12.0,0.0,72.0,0.0,11.89,1.22,7.07
2016/11/08,28.3,28.7,28.3,28.45,196.0,5583.0,0.53,0.1241,109.0,-14.0,0.0,0.0,-14.0,5056.0,10.0,15.0,0.0,73.0,1.0,11.95,1.23,7.03
2016/11/09,28.1,28.2,27.05,27.1,930.0,25613.0,-4.7452,0.5891,528.0,-12.0,0.0,-19.0,-31.0,5012.0,187.0,228.0,7.0,69.0,3.0,11.39,1.17,7.38
2016/11/10,27.6,27.9,27.35,27.6,314.0,8661.0,1.845,0.1989,202.0,12.0,0.0,0.0,12.0,4910.0,37.0,124.0,4.0,75.0,10.0,11.04,1.15,7.25
2016/11/11,27.95,28.25,27.5,27.9,544.0,15182.0,1.087,0.3446,295.0,-55.0,0.0,3.0,-52.0,4937.0,143.0,116.0,0.0,78.0,3.0,11.16,1.16,7.17
2016/11/14,28.1,28.3,27.95,28.05,336.0,9474.0,0.5376,0.2128,168.0,-33.0,0.0,-1.0,-34.0,4914.0,53.0,75.0,10.0,69.0,1.0,11.22,1.17,7.13
2016/11/15,28.0,28.15,27.95,28.15,142.0,3993.0,0.3565,0.0899,96.0,-15.0,0.0,3.0,-12.0,4887.0,8.0,34.0,10.0,59.0,0.0,11.26,1.17,7.1
2016/11/16,28.2,28.45,28.0,28.25,239.0,6766.0,0.3552,0.1514,133.0,-5.0,0.0,-17.0,-22.0,4862.0,26.0,51.0,0.0,61.0,2.0,11.3,1.17,7.08
2016/11/17,28.3,28.4,27.9,28.0,224.0,6312.0,-0.885,0.1419,104.0,-4.0,0.0,15.0,11.0,4797.0,11.0,73.0,1.0,60.0,0.0,11.2,1.16,7.14
2016/11/18,28.1,28.45,27.9,28.35,240.0,6789.0,1.25,0.152,188.0,119.0,0.0,0.0,119.0,4698.0,17.0,112.0,0.0,60.0,0.0,11.34,1.18,7.05
2016/11/21,28.4,28.6,28.35,28.6,217.0,6206.0,0.8818,0.1375,138.0,36.0,0.0,0.0,36.0,4648.0,19.0,69.0,2.0,58.0,0.0,11.44,1.19,6.99
2016/11/22,29.3,29.6,29.1,29.15,913.0,26860.0,1.9231,0.5783,563.0,28.0,0.0,0.0,28.0,4801.0,253.0,97.0,29.0,29.0,0.0,11.66,1.21,6.86
2016/11/23,29.3,29.35,29.0,29.0,212.0,6181.0,-0.5146,0.1343,144.0,-6.0,0.0,0.0,-6.0,4782.0,31.0,50.0,1.0,28.0,0.0,11.6,1.2,6.9
2016/11/24,29.0,29.2,28.85,28.9,182.0,5281.0,-0.3448,0.1153,121.0,-17.0,0.0,2.0,-15.0,4784.0,42.0,40.0,0.0,28.0,0.0,11.56,1.2,6.92
2016/11/25,28.85,29.1,28.8,28.9,146.0,4234.0,0.0,0.0925,105.0,4.0,0.0,3.0,7.0,4793.0,31.0,22.0,5.0,23.0,0.0,11.56,1.2,6.92
2016/11/28,29.0,29.45,29.0,29.45,361.0,10590.0,1.9031,0.2287,243.0,102.0,0.0,-4.0,98.0,4810.0,133.0,96.0,0.0,23.0,0.0,11.78,1.22,6.79
2016/11/29,29.45,29.5,29.25,29.25,137.0,4045.0,-0.6791,0.0868,113.0,28.0,0.0,0.0,28.0,4767.0,15.0,58.0,0.0,23.0,0.0,11.7,1.22,6.84
2016/11/30,29.25,30.5,29.25,30.4,1530.0,45744.0,3.9316,0.9691,785.0,177.0,0.0,-2.0,175.0,5183.0,636.0,217.0,0.0,28.0,5.0,12.16,1.26,6.58
2016/12/01,30.35,30.35,29.6,29.7,850.0,25323.0,-2.3026,0.5384,429.0,-18.0,0.0,-3.0,-21.0,4861.0,150.0,467.0,2.0,26.0,0.0,11.88,1.23,6.73
2016/12/02,29.6,30.0,29.5,29.65,416.0,12404.0,-0.1684,0.2635,252.0,3.0,0.0,-5.0,-2.0,4848.0,82.0,95.0,1.0,26.0,1.0,11.86,1.23,6.75
2016/12/05,30.1,30.25,29.65,29.75,769.0,23058.0,0.3373,0.4871,422.0,28.0,0.0,35.0,63.0,4828.0,160.0,180.0,0.0,26.0,0.0,11.9,1.24,6.72
2016/12/06,29.85,30.05,29.85,30.05,447.0,13420.0,1.0084,0.2831,245.0,45.0,0.0,4.0,49.0,4747.0,64.0,145.0,0.0,26.0,0.0,12.02,1.25,6.66
2016/12/07,30.1,30.2,29.7,30.0,415.0,12429.0,-0.1664,0.2629,222.0,40.0,0.0,1.0,41.0,4796.0,151.0,102.0,0.0,46.0,20.0,12.0,1.25,6.67
2016/12/08,30.1,30.1,29.75,29.75,387.0,11578.0,-0.8333,0.2451,233.0,52.0,0.0,0.0,52.0,4785.0,87.0,95.0,0.0,46.0,0.0,11.9,1.24,6.72
2016/12/09,29.75,30.0,29.75,29.8,240.0,7184.0,0.1681,0.152,135.0,54.0,0.0,0.0,54.0,4760.0,29.0,46.0,0.0,46.0,0.0,11.92,1.24,6.71
2016/12/12,30.0,30.15,29.85,30.05,572.0,17192.0,0.8389,0.3623,282.0,39.0,0.0,7.0,46.0,4701.0,48.0,107.0,12.0,39.0,5.0,12.02,1.25,6.66
2016/12/13,30.1,30.3,30.05,30.05,509.0,15362.0,0.0,0.3224,253.0,67.0,0.0,0.0,67.0,4622.0,46.0,125.0,5.0,54.0,20.0,12.02,1.25,6.66
2016/12/14,30.2,30.45,30.15,30.2,490.0,14875.0,0.4992,0.3104,268.0,94.0,0.0,0.0,94.0,4663.0,83.0,42.0,8.0,47.0,1.0,12.08,1.25,6.62
2016/12/15,30.2,30.45,30.05,30.25,456.0,13832.0,0.1656,0.2888,258.0,94.0,0.0,0.0,94.0,4704.0,83.0,42.0,1.0,46.0,0.0,12.1,1.26,6.61
2016/12/16,30.4,30.75,30.25,30.6,720.0,22013.0,1.157,0.4561,405.0,100.0,0.0,3.0,103.0,4731.0,131.0,103.0,0.0,49.0,3.0,12.24,1.27,6.54
2016/12/19,30.75,30.95,30.15,30.2,493.0,15080.0,-1.3072,0.3123,297.0,51.0,0.0,3.0,54.0,4601.0,44.0,174.0,15.0,43.0,9.0,12.08,1.25,6.62
2016/12/20,30.25,30.45,30.1,30.4,411.0,12465.0,0.6623,0.2603,259.0,135.0,0.0,5.0,140.0,4628.0,65.0,38.0,0.0,49.0,6.0,12.16,1.26,6.58
2016/12/21,30.6,30.65,30.15,30.2,481.0,14608.0,-0.6579,0.3047,227.0,55.0,0.0,9.0,64.0,4598.0,51.0,81.0,1.0,53.0,5.0,12.08,1.25,6.62
2016/12/22,30.2,30.4,30.0,30.2,391.0,11788.0,0.0,0.2477,201.0,72.0,0.0,-4.0,68.0,4578.0,39.0,52.0,0.0,60.0,7.0,12.08,1.25,6.62
2016/12/23,30.1,30.2,30.0,30.0,179.0,5399.0,-0.6623,0.1134,109.0,19.0,0.0,0.0,19.0,4579.0,17.0,14.0,0.0,65.0,5.0,12.0,1.25,6.67
2016/12/26,30.15,30.15,29.9,29.9,183.0,5495.0,-0.3333,0.1159,123.0,41.0,0.0,0.0,41.0,4558.0,4.0,25.0,1.0,77.0,13.0,11.96,1.24,6.69
2016/12/27,29.9,30.0,29.75,29.95,180.0,5381.0,0.1672,0.114,92.0,43.0,0.0,0.0,43.0,4561.0,6.0,3.0,9.0,68.0,0.0,11.98,1.24,6.68
2016/12/28,30.05,30.1,29.9,30.0,171.0,5152.0,0.1669,0.1083,136.0,61.0,0.0,0.0,61.0,4565.0,26.0,22.0,0.0,69.0,1.0,12.0,1.25,6.67
2016/12/29,29.95,30.3,29.85,30.1,242.0,7296.0,0.3333,0.1533,172.0,39.0,0.0,0.0,39.0,4572.0,37.0,27.0,6.0,66.0,3.0,12.04,1.25,6.64
2016/12/30,30.25,30.35,30.15,30.15,263.0,7946.0,0.1661,0.1666,182.0,94.0,0.0,1.0,95.0,4578.0,47.0,41.0,0.0,87.0,21.0,12.06,1.25,6.63
2017/01/03,30.0,30.1,29.95,30.1,219.0,6586.0,-0.1658,0.1387,161.0,42.0,0.0,0.0,42.0,4563.0,34.0,49.0,0.0,99.0,12.0,12.04,1.25,6.64
2017/01/04,30.1,30.4,30.1,30.3,319.0,9678.0,0.6645,0.2021,212.0,92.0,0.0,0.0,92.0,4533.0,41.0,71.0,0.0,121.0,22.0,12.12,1.26,6.6
2017/01/05,30.4,30.55,30.25,30.5,381.0,11605.0,0.6601,0.2413,303.0,118.0,22.0,-1.0,139.0,4552.0,65.0,46.0,0.0,136.0,15.0,12.2,1.27,6.56
2017/01/06,30.5,30.6,30.25,30.45,332.0,10104.0,-0.1639,0.2103,220.0,42.0,23.0,-1.0,64.0,4532.0,26.0,44.0,5.0,136.0,5.0,12.18,1.27,6.57
2017/01/09,30.35,30.5,30.2,30.2,294.0,8932.0,-0.821,0.1862,174.0,28.0,0.0,1.0,29.0,4449.0,22.0,105.0,0.0,141.0,5.0,12.08,1.25,6.62
2017/01/10,29.85,30.0,29.4,29.5,904.0,26773.0,-2.3179,0.5726,521.0,-7.0,0.0,0.0,-7.0,4540.0,211.0,120.0,5.0,144.0,8.0,11.8,1.23,6.78
2017/01/11,29.6,29.7,29.5,29.5,183.0,5436.0,0.0,0.1159,124.0,6.0,0.0,0.0,6.0,4544.0,62.0,58.0,0.0,144.0,0.0,11.8,1.23,6.78
2017/01/12,29.6,29.6,29.3,29.4,225.0,6630.0,-0.339,0.1425,165.0,-16.0,0.0,0.0,-16.0,4581.0,67.0,27.0,0.0,145.0,1.0,11.76,1.22,6.8
2017/01/13,29.3,29.4,29.0,29.05,425.0,12384.0,-1.1905,0.2692,254.0,3.0,0.0,2.0,5.0,4567.0,70.0,84.0,0.0,145.0,0.0,11.62,1.21,6.88
2017/01/16,29.05,29.15,29.05,29.05,185.0,5387.0,0.0,0.1172,128.0,-25.0,0.0,0.0,-25.0,4555.0,13.0,25.0,0.0,145.0,0.0,11.62,1.21,6.88
2017/01/17,29.05,29.35,29.05,29.1,178.0,5218.0,0.1721,0.1127,132.0,-1.0,0.0,-1.0,-2.0,4555.0,29.0,29.0,1.0,149.0,5.0,11.64,1.21,6.87
2017/01/18,29.35,29.35,29.0,29.3,207.0,6042.0,0.6873,0.1311,117.0,24.0,0.0,-2.0,22.0,4558.0,15.0,12.0,0.0,150.0,1.0,11.72,1.22,6.83
2017/01/19,29.0,29.65,28.85,29.65,954.0,27874.0,1.1945,0.6043,382.0,-19.0,0.0,0.0,-19.0,4513.0,92.0,131.0,0.0,78.0,2.0,11.86,1.23,6.75
2017/01/20,29.7,30.35,29.7,29.7,1578.0,47283.0,0.1686,0.9995,770.0,-54.0,0.0,0.0,-54.0,4642.0,254.0,112.0,23.0,49.0,15.0,11.88,1.23,6.73
2017/01/23,29.65,29.8,29.6,29.65,394.0,11700.0,-0.1684,0.2496,232.0,23.0,0.0,0.0,23.0,4607.0,68.0,103.0,2.0,35.0,0.0,11.86,1.23,6.75
2017/01/24,29.6,29.7,29.55,29.6,201.0,5956.0,-0.1686,0.1273,131.0,-3.0,0.0,0.0,-3.0,4631.0,50.0,23.0,1.0,34.0,0.0,11.84,1.23,6.76
2017/02/02,29.75,29.9,29.35,29.45,283.0,8378.0,-0.5068,0.1793,213.0,-2.0,0.0,-35.0,-37.0,4627.0,44.0,48.0,17.0,18.0,1.0,11.78,1.22,6.79
2017/02/03,29.5,29.75,29.45,29.65,278.0,8248.0,0.6791,0.1761,158.0,25.0,5.0,0.0,30.0,4598.0,39.0,68.0,1.0,17.0,0.0,11.86,1.23,6.75
2017/02/06,29.7,30.3,29.7,30.0,567.0,16999.0,1.1804,0.3591,316.0,100.0,0.0,0.0,100.0,4632.0,110.0,76.0,0.0,18.0,1.0,12.0,1.25,6.67
2017/02/07,30.1,30.1,29.8,29.9,296.0,8898.0,-0.3333,0.1875,157.0,57.0,0.0,0.0,57.0,4639.0,49.0,42.0,0.0,18.0,0.0,11.96,1.24,6.69
2017/02/08,29.95,30.15,29.95,30.1,339.0,10194.0,0.6689,0.2147,256.0,91.0,0.0,2.0,93.0,4647.0,67.0,59.0,0.0,18.0,0.0,12.04,1.25,6.64
2017/02/09,30.2,30.8,30.2,30.6,1080.0,32990.0,1.6611,0.6841,653.0,173.0,0.0,0.0,173.0,4640.0,231.0,238.0,0.0,22.0,4.0,12.24,1.27,6.54
2017/02/10,30.9,31.8,30.6,30.6,1732.0,53936.0,0.0,1.0971,917.0,-85.0,0.0,0.0,-85.0,4790.0,471.0,321.0,0.0,28.0,6.0,12.24,1.27,6.54
2017/02/13,30.75,30.85,30.25,30.45,617.0,18875.0,-0.4902,0.3908,350.0,6.0,0.0,0.0,6.0,4779.0,132.0,143.0,1.0,29.0,2.0,12.18,1.27,6.57
2017/02/14,30.6,30.75,30.35,30.55,455.0,13946.0,0.3284,0.2882,229.0,13.0,0.0,0.0,13.0,4890.0,153.0,42.0,0.0,29.0,0.0,12.22,1.27,6.55
2017/02/15,30.6,30.9,30.5,30.75,742.0,22786.0,0.6547,0.47,427.0,171.0,0.0,0.0,171.0,4997.0,252.0,145.0,2.0,26.0,0.0,12.3,1.28,6.5
2017/02/16,31.35,31.9,31.0,31.0,2310.0,72643.0,0.813,1.4632,1051.0,20.0,0.0,0.0,20.0,5345.0,806.0,458.0,0.0,27.0,1.0,12.4,1.29,6.45
2017/02/17,31.05,31.45,31.05,31.35,924.0,28961.0,1.129,0.5853,449.0,62.0,0.0,0.0,62.0,5316.0,183.0,212.0,0.0,32.0,5.0,12.54,1.3,6.38
2017/02/18,31.4,31.75,31.35,31.55,995.0,31393.0,0.638,0.6302,448.0,0.0,0.0,0.0,0.0,5487.0,364.0,193.0,0.0,42.0,10.0,12.62,1.31,6.34
2017/02/20,31.75,32.5,31.65,31.65,2006.0,64369.0,0.317,1.2706,946.0,32.0,0.0,0.0,32.0,5740.0,778.0,524.0,0.0,45.0,3.0,12.66,1.31,6.32
2017/02/21,31.65,31.7,31.25,31.4,623.0,19566.0,-0.7899,0.3946,351.0,26.0,0.0,0.0,26.0,5728.0,144.0,156.0,1.0,44.0,0.0,12.56,1.3,6.37
2017/02/22,31.5,32.0,31.45,31.8,899.0,28520.0,1.2739,0.5694,462.0,64.0,0.0,0.0,64.0,5945.0,380.0,163.0,1.0,43.0,0.0,12.72,1.32,6.29
2017/02/23,31.8,32.0,31.65,31.7,663.0,21086.0,-0.3145,0.42,350.0,87.0,0.0,1.0,88.0,6097.0,251.0,99.0,0.0,43.0,0.0,12.68,1.32,6.31
2017/02/24,31.75,31.95,31.6,31.95,791.0,25156.0,0.7886,0.501,387.0,57.0,0.0,0.0,57.0,6249.0,260.0,106.0,0.0,43.0,0.0,13.54,1.3,6.26
2017/03/01,35.1,35.1,35.1,35.1,3228.0,113313.0,9.8592,2.0447,1228.0,1.0,0.0,0.0,1.0,6801.0,1009.0,457.0,19.0,46.0,22.0,14.87,1.43,5.7
2017/03/02,36.0,36.2,35.05,35.7,9942.0,354542.0,1.7094,6.2974,4398.0,53.0,0.0,-3.0,50.0,5998.0,1533.0,2336.0,3.0,113.0,70.0,15.13,1.45,5.6
2017/03/03,35.4,35.8,35.25,35.5,2220.0,78779.0,-0.5602,1.4062,1256.0,121.0,0.0,0.0,121.0,5590.0,240.0,648.0,22.0,113.0,22.0,15.04,1.44,5.63
2017/03/06,35.5,35.85,35.35,35.5,1493.0,53197.0,0.0,0.9457,945.0,51.0,0.0,0.0,51.0,5577.0,282.0,295.0,13.0,109.0,11.0,15.04,1.44,8.45
2017/03/07,35.5,36.25,35.5,35.7,1861.0,66948.0,0.5634,1.1788,1106.0,12.0,0.0,0.0,12.0,5655.0,412.0,333.0,8.0,110.0,9.0,15.13,1.45,8.4
2017/03/08,36.0,36.0,35.35,35.4,1501.0,53445.0,-0.8403,0.9508,915.0,125.0,0.0,0.0,125.0,5460.0,151.0,346.0,2.0,115.0,7.0,15.0,1.44,8.47
2017/03/09,35.2,35.55,34.7,34.95,2154.0,75272.0,-1.2712,1.3644,1139.0,205.0,0.0,1.0,206.0,5230.0,201.0,414.0,34.0,96.0,15.0,14.81,1.42,8.58
2017/03/10,35.05,35.05,34.3,34.7,1212.0,41944.0,-0.7153,0.7677,830.0,170.0,0.0,2.0,172.0,5161.0,174.0,243.0,14.0,88.0,6.0,14.7,1.41,8.65
2017/03/13,34.85,35.4,34.85,35.1,945.0,33213.0,1.1527,0.5986,581.0,47.0,0.0,0.0,47.0,5094.0,135.0,202.0,11.0,94.0,17.0,14.87,1.43,8.55
2017/03/14,35.7,35.75,35.4,35.7,1673.0,59529.0,1.7094,1.0597,918.0,216.0,0.0,0.0,216.0,4927.0,249.0,416.0,2.0,99.0,7.0,15.13,1.45,8.4
2017/03/15,36.0,36.2,35.6,35.6,1388.0,49798.0,-0.2801,0.8792,870.0,-94.0,0.0,1.0,-93.0,4919.0,156.0,164.0,0.0,109.0,10.0,15.08,1.45,8.43
2017/03/16,35.8,35.85,35.45,35.7,706.0,25145.0,0.2809,0.4472,549.0,59.0,0.0,2.0,61.0,4825.0,100.0,194.0,0.0,121.0,12.0,15.13,1.45,8.4
2017/03/17,35.7,35.9,35.6,35.7,933.0,33334.0,0.0,0.591,625.0,289.0,0.0,0.0,289.0,4810.0,87.0,102.0,1.0,120.0,0.0,15.13,1.45,8.4
2017/03/20,35.8,36.0,35.8,36.0,1324.0,47581.0,0.8403,0.8386,805.0,177.0,39.0,0.0,216.0,4870.0,150.0,89.0,2.0,120.0,2.0,15.25,1.46,8.33
2017/03/21,36.25,36.6,36.2,36.35,1959.0,71220.0,0.9722,1.2409,1154.0,209.0,39.0,1.0,249.0,4981.0,393.0,282.0,3.0,123.0,6.0,15.4,1.48,8.25
2017/03/22,35.9,36.2,35.7,36.1,1098.0,39637.0,-0.6878,0.6955,657.0,264.0,0.0,0.0,264.0,4775.0,186.0,392.0,1.0,122.0,0.0,15.3,1.47,8.31
2017/03/23,36.35,36.5,36.1,36.1,1292.0,46818.0,0.0,0.8184,710.0,-331.0,0.0,0.0,-331.0,4654.0,65.0,186.0,2.0,120.0,0.0,15.3,1.47,8.31
2017/03/24,36.1,36.1,35.65,35.65,1042.0,37283.0,-1.2465,0.66,634.0,109.0,0.0,0.0,109.0,4348.0,29.0,335.0,8.0,112.0,0.0,15.11,1.45,8.42
2017/03/27,36.05,36.05,35.2,35.2,844.0,30031.0,-1.2623,0.5346,577.0,90.0,0.0,0.0,90.0,4260.0,104.0,192.0,11.0,104.0,3.0,14.92,1.43,8.52
2017/03/28,35.25,35.6,34.3,34.75,1431.0,49983.0,-1.2784,0.9064,884.0,-203.0,0.0,0.0,-203.0,4294.0,207.0,173.0,18.0,96.0,10.0,14.72,1.41,8.63
2017/03/29,34.8,35.0,34.7,34.85,577.0,20109.0,0.2878,0.3655,397.0,14.0,0.0,0.0,14.0,4194.0,17.0,114.0,4.0,94.0,2.0,14.77,1.42,8.61
2017/03/30,35.0,35.3,34.85,35.3,512.0,17970.0,1.2912,0.3243,348.0,73.0,0.0,0.0,73.0,4156.0,65.0,103.0,10.0,88.0,4.0,14.96,1.44,8.5
2017/03/31,35.6,35.7,35.2,35.35,727.0,25765.0,0.1416,0.4605,535.0,30.0,0.0,1.0,31.0,4196.0,118.0,78.0,13.0,75.0,0.0,14.98,1.44,8.49
2017/04/05,35.35,35.65,35.35,35.65,740.0,26355.0,0.8487,0.4687,621.0,77.0,0.0,0.0,77.0,4184.0,64.0,75.0,3.0,72.0,0.0,15.11,1.45,8.42
2017/04/06,35.7,35.8,35.55,35.8,651.0,23224.0,0.4208,0.4124,456.0,110.0,0.0,0.0,110.0,4210.0,60.0,34.0,13.0,59.0,0.0,15.17,1.46,8.38
2017/04/07,35.8,35.8,35.3,35.7,633.0,22526.0,-0.2793,0.401,377.0,-16.0,0.0,-1.0,-17.0,4202.0,78.0,86.0,49.0,10.0,0.0,15.13,1.45,8.4
2017/04/10,35.4,35.85,35.4,35.7,729.0,26040.0,0.0,0.4618,519.0,50.0,0.0,0.0,50.0,4160.0,59.0,101.0,0.0,0.0,0.0,15.13,1.45,8.4
2017/04/11,35.7,35.7,35.0,35.0,779.0,27550.0,-1.9608,0.4934,589.0,73.0,0.0,0.0,73.0,3988.0,50.0,222.0,0.0,0.0,0.0,14.83,1.42,8.57
2017/04/12,35.0,35.4,34.9,35.0,626.0,21952.0,0.0,0.3965,458.0,-35.0,0.0,0.0,-35.0,3969.0,36.0,55.0,0.0,0.0,0.0,14.83,1.42,8.57
2017/04/13,34.7,35.2,34.7,34.95,257.0,8993.0,-0.1429,0.1628,219.0,-7.0,0.0,0.0,-7.0,3943.0,12.0,38.0,0.0,2.0,2.0,14.81,1.42,8.58
2017/04/14,34.8,34.8,34.2,34.2,1026.0,35429.0,-2.1459,0.6499,569.0,-137.0,-4.0,0.0,-141.0,3824.0,27.0,146.0,0.0,3.0,1.0,14.49,1.39,8.77
2017/04/17,34.2,34.5,33.8,34.2,613.0,20909.0,0.0,0.3883,388.0,40.0,0.0,1.0,41.0,3814.0,44.0,54.0,0.0,29.0,26.0,14.49,1.39,8.77
2017/04/18,34.4,35.0,34.35,35.0,579.0,20158.0,2.3392,0.3667,388.0,197.0,0.0,0.0,197.0,3775.0,30.0,69.0,3.0,47.0,21.0,14.83,1.42,8.57
2017/04/19,34.8,34.9,34.6,34.7,170.0,5909.0,-0.8571,0.1077,118.0,8.0,0.0,0.0,8.0,3770.0,12.0,17.0,1.0,49.0,3.0,14.7,1.41,8.65
2017/04/20,34.5,34.6,34.3,34.3,390.0,13462.0,-1.1527,0.247,250.0,-37.0,0.0,0.0,-37.0,3775.0,33.0,28.0,2.0,58.0,11.0,14.53,1.4,8.75
2017/04/21,34.4,34.9,34.35,34.5,310.0,10744.0,0.5831,0.1964,218.0,31.0,0.0,-3.0,28.0,3794.0,22.0,3.0,0.0,73.0,16.0,14.62,1.4,8.7
2017/04/24,34.6,34.7,34.35,34.45,224.0,7731.0,-0.1449,0.1419,172.0,-22.0,0.0,0.0,-22.0,3776.0,15.0,33.0,11.0,66.0,4.0,14.6,1.4,8.71
2017/04/25,34.7,34.75,34.45,34.45,237.0,8203.0,0.0,0.1501,147.0,-8.0,0.0,-1.0,-9.0,3745.0,42.0,71.0,4.0,63.0,1.0,14.6,1.4,8.71
2017/04/26,34.7,35.25,34.7,35.05,753.0,26357.0,1.7417,0.477,433.0,328.0,0.0,-3.0,325.0,3673.0,63.0,135.0,6.0,62.0,5.0,14.85,1.43,8.56
2017/04/27,35.1,35.2,34.85,35.0,455.0,15947.0,-0.1427,0.2882,281.0,133.0,0.0,0.0,133.0,3630.0,57.0,100.0,2.0,62.0,2.0,14.83,1.42,8.57
2017/04/28,35.0,35.3,34.8,35.3,478.0,16831.0,0.8571,0.3028,346.0,136.0,0.0,0.0,136.0,3688.0,101.0,42.0,2.0,61.0,1.0,14.77,1.4,8.5
2017/05/02,36.0,36.3,35.8,36.1,2393.0,86459.0,2.2663,1.5158,1258.0,273.0,0.0,185.0,458.0,4120.0,686.0,254.0,5.0,58.0,2.0,15.1,1.44,8.31
2017/05/03,36.3,36.6,36.0,36.0,1240.0,44935.0,-0.277,0.7854,776.0,89.0,0.0,25.0,114.0,4099.0,128.0,149.0,1.0,57.0,0.0,15.06,1.43,8.33
2017/05/04,36.2,36.8,35.9,36.8,2407.0,87687.0,2.2222,1.5246,1099.0,300.0,0.0,31.0,331.0,4304.0,424.0,219.0,1.0,61.0,5.0,15.4,1.46,8.15
2017/05/05,37.45,38.0,37.0,37.0,4087.0,153064.0,0.5435,2.5888,2162.0,-44.0,0.0,9.0,-35.0,4725.0,1015.0,594.0,4.0,97.0,40.0,15.48,1.47,8.11
2017/05/08,37.25,37.25,36.3,36.5,1193.0,43725.0,-1.3514,0.7557,704.0,211.0,0.0,0.0,211.0,4578.0,104.0,251.0,4.0,95.0,2.0,15.27,1.45,8.22
2017/05/09,36.7,37.1,36.1,36.1,965.0,35227.0,-1.0959,0.6112,586.0,217.0,0.0,3.0,220.0,4413.0,120.0,284.0,2.0,95.0,2.0,15.1,1.44,8.31
2017/05/10,36.2,37.1,36.2,37.0,1619.0,59717.0,2.4931,1.0255,937.0,450.0,0.0,34.0,484.0,4500.0,311.0,220.0,34.0,77.0,16.0,15.48,1.47,8.11
2017/05/11,37.15,37.75,37.0,37.0,1598.0,59735.0,0.0,1.0122,980.0,116.0,0.0,0.0,116.0,4477.0,285.0,308.0,11.0,71.0,5.0,15.48,1.47,8.11
2017/05/12,37.0,37.55,37.0,37.4,1114.0,41599.0,1.0811,0.7056,676.0,346.0,0.0,0.0,346.0,4431.0,154.0,200.0,1.0,71.0,1.0,15.65,1.49,8.02
2017/05/15,37.6,38.4,37.55,37.9,2242.0,85341.0,1.3369,1.4201,1254.0,217.0,0.0,0.0,217.0,4666.0,463.0,226.0,7.0,69.0,5.0,15.86,1.51,7.92
2017/05/16,38.2,38.35,37.65,38.0,904.0,34304.0,0.2639,0.5726,572.0,41.0,0.0,13.0,54.0,4625.0,112.0,153.0,2.0,67.0,0.0,15.9,1.51,7.89
2017/05/17,37.95,38.0,37.1,37.4,996.0,37451.0,-1.5789,0.6309,595.0,171.0,0.0,1.0,172.0,4409.0,97.0,313.0,4.0,64.0,1.0,15.65,1.49,8.02
2017/05/18,37.0,37.7,36.6,37.55,1102.0,40977.0,0.4011,0.698,624.0,361.0,0.0,0.0,361.0,4309.0,118.0,218.0,0.0,65.0,1.0,15.71,1.49,7.99
2017/05/19,37.75,37.9,37.45,37.55,583.0,21939.0,0.0,0.3693,362.0,67.0,0.0,0.0,67.0,4286.0,81.0,104.0,0.0,66.0,1.0,15.71,1.49,7.99
2017/05/22,37.6,37.8,37.4,37.45,369.0,13874.0,-0.2663,0.2337,250.0,22.0,0.0,0.0,22.0,4270.0,54.0,70.0,4.0,63.0,1.0,15.67,1.49,8.01
2017/05/23,37.5,37.55,37.1,37.15,632.0,23571.0,-0.8011,0.3916,384.0,64.0,0.0,-1.0,63.0,4238.0,69.0,101.0,2.0,61.0,0.0,15.54,1.48,8.08
2017/05/24,37.05,37.95,37.05,37.95,1144.0,43059.0,2.1534,0.7089,599.0,84.0,0.0,-1.0,83.0,4492.0,421.0,167.0,1.0,72.0,12.0,15.88,1.51,7.91
2017/05/25,38.0,38.6,38.0,38.0,2526.0,96682.0,0.1318,1.5653,1260.0,183.0,0.0,0.0,183.0,4666.0,601.0,427.0,0.0,73.0,1.0,15.9,1.51,7.89
2017/05/26,38.1,38.15,37.6,38.0,713.0,27027.0,0.0,0.4418,399.0,74.0,0.0,0.0,74.0,4548.0,40.0,156.0,0.0,74.0,1.0,15.9,1.51,7.89
2017/05/31,38.15,38.2,37.9,38.1,790.0,30025.0,0.2632,0.4895,504.0,285.0,0.0,0.0,285.0,4360.0,76.0,264.0,0.0,76.0,2.0,15.94,1.52,7.87
2017/06/01,38.1,38.5,38.1,38.1,901.0,34436.0,0.0,0.5583,574.0,162.0,0.0,-2.0,160.0,4256.0,100.0,189.0,0.0,83.0,7.0,15.94,1.52,7.87
2017/06/02,38.25,38.35,38.1,38.15,1064.0,40695.0,0.1312,0.6593,613.0,79.0,0.0,0.0,79.0,4289.0,215.0,182.0,0.0,85.0,2.0,15.96,1.52,7.86
2017/06/03,38.2,39.35,38.2,38.45,1745.0,67646.0,0.7864,1.0813,1001.0,0.0,0.0,-2.0,-2.0,4525.0,463.0,226.0,12.0,76.0,3.0,16.09,1.53,7.8
2017/06/05,38.5,38.75,38.25,38.5,1160.0,44622.0,0.13,0.7188,744.0,-15.0,-4.0,-13.0,-32.0,4496.0,284.0,313.0,3.0,73.0,1.0,16.11,1.53,7.79
2017/06/06,38.5,38.85,38.4,38.7,847.0,32727.0,0.5195,0.5249,513.0,182.0,-4.0,0.0,178.0,4485.0,206.0,215.0,0.0,73.0,0.0,16.19,1.54,7.75
2017/06/07,38.75,38.9,38.25,38.3,648.0,24924.0,-1.0336,0.4016,464.0,-11.0,0.0,1.0,-10.0,4414.0,102.0,173.0,7.0,65.0,0.0,16.03,1.52,7.83
2017/06/08,38.3,38.6,38.15,38.4,654.0,25146.0,0.2611,0.4053,411.0,285.0,0.0,-1.0,284.0,4341.0,42.0,115.0,4.0,64.0,3.0,16.07,1.53,7.81
2017/06/09,38.3,38.3,37.0,37.45,2647.0,99168.0,-2.474,1.6403,1551.0,-134.0,0.0,0.0,-134.0,3981.0,255.0,615.0,13.0,69.0,18.0,15.67,1.49,8.01
2017/06/12,37.0,37.45,36.9,37.35,679.0,25248.0,-0.267,0.4208,421.0,220.0,0.0,0.0,220.0,3891.0,36.0,126.0,5.0,76.0,12.0,15.63,1.49,8.03
2017/06/13,37.65,37.65,37.4,37.4,459.0,17230.0,0.1339,0.2844,334.0,-17.0,0.0,0.0,-17.0,3883.0,43.0,51.0,3.0,73.0,0.0,15.65,1.49,8.02
2017/06/14,37.55,37.55,36.6,36.75,1036.0,38181.0,-1.738,0.642,602.0,-94.0,0.0,-13.0,-107.0,3850.0,84.0,117.0,2.0,71.0,0.0,15.38,1.46,8.16
2017/06/15,36.7,36.85,36.4,36.8,529.0,19368.0,0.1361,0.3278,319.0,-1.0,0.0,0.0,-1.0,3859.0,36.0,27.0,7.0,67.0,3.0,15.4,1.46,8.15
2017/06/16,36.8,37.05,36.6,37.0,307.0,11341.0,0.5435,0.1902,218.0,83.0,0.0,0.0,83.0,3864.0,29.0,22.0,0.0,67.0,0.0,15.48,1.47,8.11
2017/06/19,37.2,37.45,37.1,37.45,445.0,16607.0,1.2162,0.2758,298.0,-97.0,0.0,0.0,-97.0,3925.0,119.0,58.0,0.0,67.0,0.0,15.67,1.49,8.01
2017/06/20,37.45,37.45,37.05,37.05,518.0,19304.0,-1.0681,0.321,350.0,-188.0,0.0,11.0,-177.0,3972.0,76.0,29.0,0.0,67.0,0.0,15.5,1.47,8.1
2017/06/21,36.8,37.3,36.8,37.3,460.0,17044.0,0.6748,0.2851,308.0,-17.0,0.0,2.0,-15.0,3991.0,72.0,53.0,13.0,54.0,0.0,15.61,1.48,8.04
2017/06/22,37.3,37.3,37.0,37.0,411.0,15263.0,-0.8043,0.2547,289.0,-104.0,0.0,3.0,-101.0,3996.0,44.0,39.0,0.0,54.0,0.0,15.48,1.47,8.11
2017/06/23,37.0,37.05,36.85,37.0,390.0,14437.0,0.0,0.2417,269.0,-73.0,0.0,0.0,-73.0,3961.0,16.0,51.0,0.0,54.0,0.0,15.48,1.47,8.11
2017/06/26,37.05,37.25,36.8,37.2,496.0,18379.0,0.5405,0.3074,318.0,-21.0,0.0,12.0,-9.0,3965.0,68.0,64.0,3.0,51.0,0.0,15.56,1.48,8.06
2017/06/27,37.2,37.4,37.2,37.35,362.0,13506.0,0.4032,0.2243,241.0,22.0,0.0,0.0,22.0,3912.0,14.0,67.0,0.0,51.0,0.0,15.63,1.49,7.84
2017/06/28,37.3,38.75,37.05,38.4,2252.0,85680.0,2.8112,1.3955,1302.0,-150.0,0.0,0.0,-150.0,4114.0,357.0,155.0,8.0,46.0,3.0,16.07,1.53,7.63
2017/06/29,38.35,38.35,37.8,37.8,1266.0,48111.0,-1.5625,0.7845,765.0,-168.0,0.0,0.0,-168.0,3983.0,117.0,248.0,2.0,44.0,0.0,15.82,1.5,7.75
2017/06/30,37.6,37.65,37.3,37.6,474.0,17810.0,-0.5291,0.2937,286.0,-97.0,0.0,1.0,-96.0,3982.0,47.0,48.0,1.0,45.0,2.0,15.73,1.5,7.79
2017/07/03,37.6,37.75,37.45,37.65,438.0,16481.0,0.133,0.2714,286.0,-104.0,0.0,0.0,-104.0,3987.0,51.0,46.0,6.0,39.0,0.0,15.75,1.5,7.78
2017/07/04,37.9,37.9,37.45,37.5,323.0,12179.0,-0.3984,0.2002,235.0,-64.0,0.0,-5.0,-69.0,3989.0,20.0,17.0,4.0,35.0,0.0,15.69,1.49,7.81
2017/07/05,37.45,37.65,37.05,37.2,604.0,22510.0,-0.8,0.3743,411.0,-181.0,0.0,0.0,-181.0,3869.0,78.0,198.0,15.0,20.0,0.0,15.56,1.48,7.88
2017/07/06,37.3,37.45,37.1,37.25,436.0,16275.0,0.1344,0.2702,252.0,-6.0,0.0,0.0,-6.0,3875.0,48.0,42.0,20.0,0.0,0.0,15.59,1.48,7.87
2017/07/07,37.2,37.3,37.0,37.1,553.0,20559.0,-0.4027,0.3427,365.0,-23.0,0.0,0.0,-23.0,3894.0,51.0,32.0,0.0,0.0,0.0,15.52,1.48,7.9
2017/07/10,37.0,37.0,36.7,36.7,1256.0,46309.0,-1.0782,0.7783,661.0,-144.0,0.0,-277.0,-421.0,3904.0,102.0,92.0,0.0,0.0,0.0,15.36,1.46,7.98
2017/07/11,36.55,36.85,36.55,36.75,2507.0,92063.0,0.1362,1.5535,1114.0,-178.0,0.0,5.0,-173.0,3905.0,198.0,186.0,0.0,0.0,0.0,15.38,1.46,7.97
2017/07/12,34.05,34.1,33.5,33.5,1578.0,53299.0,-0.8573,0.9779,834.0,-75.0,0.0,-7.0,-82.0,3874.0,111.0,142.0,0.0,17.0,17.0,14.02,1.33,8.75
2017/07/13,33.8,34.2,33.6,34.15,746.0,25320.0,1.9403,0.4623,516.0,153.0,0.0,-4.0,149.0,3915.0,110.0,69.0,0.0,18.0,1.0,14.29,1.36,8.58
2017/07/14,34.15,34.3,34.0,34.05,342.0,11681.0,-0.2928,0.2119,240.0,74.0,0.0,-1.0,73.0,3887.0,33.0,61.0,0.0,18.0,0.0,14.25,1.35,8.6
2017/07/17,34.2,34.2,33.7,33.75,360.0,12214.0,-0.8811,0.2231,244.0,-10.0,0.0,-1.0,-11.0,3911.0,35.0,11.0,0.0,18.0,0.0,14.12,1.34,8.68
2017/07/18,33.75,34.0,33.6,33.65,319.0,10791.0,-0.2963,0.1977,220.0,44.0,0.0,0.0,44.0,3922.0,31.0,19.0,2.0,16.0,0.0,14.08,1.34,8.71
2017/07/19,33.9,33.95,33.6,33.75,463.0,15671.0,0.2972,0.2869,348.0,7.0,0.0,0.0,7.0,3929.0,44.0,37.0,0.0,16.0,0.0,14.12,1.34,8.68
2017/07/20,33.8,34.15,33.8,33.95,425.0,14453.0,0.5926,0.2634,296.0,73.0,0.0,-1.0,72.0,3933.0,42.0,38.0,0.0,16.0,0.0,14.21,1.35,8.63
2017/07/21,34.05,34.2,33.55,33.7,557.0,18803.0,-0.7364,0.3452,290.0,-8.0,0.0,0.0,-8.0,3800.0,58.0,191.0,15.0,1.0,0.0,14.1,1.34,8.69
2017/07/24,33.65,33.65,32.85,33.25,1035.0,34313.0,-1.3353,0.6414,584.0,4.0,0.0,0.0,4.0,3780.0,87.0,107.0,1.0,0.0,0.0,13.91,1.32,8.81
2017/07/25,33.45,33.45,32.6,32.85,700.0,23051.0,-1.203,0.4338,423.0,109.0,0.0,0.0,109.0,3818.0,53.0,14.0,0.0,4.0,4.0,13.74,1.31,8.92
2017/07/26,32.9,33.25,32.9,33.0,443.0,14693.0,0.4566,0.2745,328.0,92.0,0.0,-1.0,91.0,3829.0,45.0,34.0,0.0,20.0,16.0,13.81,1.31,8.88
2017/07/27,33.2,33.25,32.9,32.9,445.0,14681.0,-0.303,0.2758,276.0,-93.0,0.0,0.0,-93.0,3817.0,25.0,37.0,18.0,3.0,1.0,13.77,1.31,8.91
2017/07/28,33.05,33.1,32.8,32.9,367.0,12102.0,0.0,0.2274,235.0,60.0,0.0,0.0,60.0,3828.0,28.0,17.0,0.0,8.0,5.0,13.77,1.31,8.91
2017/07/31,32.85,32.9,32.65,32.7,196.0,6441.0,-0.6079,0.1215,146.0,-27.0,0.0,0.0,-27.0,3820.0,15.0,23.0,1.0,8.0,1.0,13.68,1.3,8.96
2017/08/01,32.75,33.45,32.75,33.2,703.0,23348.0,1.5291,0.4356,442.0,-221.0,-5.0,29.0,-197.0,3965.0,168.0,23.0,3.0,11.0,6.0,13.89,1.32,8.83
2017/08/02,33.3,33.35,32.85,32.9,436.0,14412.0,-0.9036,0.2702,268.0,-29.0,0.0,0.0,-29.0,3915.0,64.0,113.0,1.0,12.0,2.0,13.77,1.31,8.91
2017/08/03,32.95,33.15,32.85,32.85,292.0,9632.0,-0.152,0.1809,211.0,-16.0,0.0,0.0,-16.0,3880.0,28.0,63.0,4.0,9.0,1.0,13.74,1.31,8.92
2017/08/04,33.0,33.3,32.9,33.2,542.0,17941.0,1.0654,0.3359,383.0,52.0,0.0,1.0,53.0,3907.0,80.0,53.0,1.0,9.0,1.0,13.89,1.32,8.83
2017/08/07,33.3,33.75,33.25,33.45,571.0,19167.0,0.753,0.3538,388.0,45.0,0.0,0.0,45.0,3905.0,92.0,94.0,0.0,12.0,3.0,14.0,1.33,8.76
2017/08/08,33.45,33.55,33.0,33.1,397.0,13216.0,-1.0463,0.246,248.0,-38.0,0.0,0.0,-38.0,3916.0,58.0,47.0,0.0,21.0,9.0,13.85,1.32,8.85
2017/08/09,33.3,33.3,33.0,33.1,450.0,14908.0,0.0,0.2789,266.0,70.0,0.0,0.0,70.0,3977.0,91.0,30.0,0.0,23.0,2.0,13.85,1.32,8.85
2017/08/10,33.05,33.1,32.0,32.0,749.0,24302.0,-3.3233,0.4641,477.0,47.0,0.0,-30.0,17.0,3906.0,89.0,159.0,4.0,23.0,4.0,13.39,1.43,9.16
2017/08/11,31.75,32.2,31.75,32.1,375.0,12001.0,0.3125,0.2324,246.0,66.0,0.0,0.0,66.0,3899.0,19.0,26.0,9.0,17.0,3.0,13.43,1.43,9.13
2017/08/14,31.95,32.1,30.9,30.95,665.0,20768.0,-3.5826,0.4121,431.0,-46.0,0.0,0.0,-46.0,3926.0,110.0,81.0,5.0,13.0,1.0,12.95,1.38,9.47
2017/08/15,31.25,31.6,31.2,31.4,251.0,7886.0,1.454,0.1555,171.0,40.0,0.0,-1.0,39.0,3934.0,41.0,33.0,3.0,11.0,1.0,13.14,1.4,9.33
2017/08/16,31.5,32.35,31.35,31.9,388.0,12389.0,1.5924,0.2404,278.0,107.0,0.0,0.0,107.0,3883.0,45.0,75.0,0.0,14.0,3.0,13.35,1.42,9.18
2017/08/17,32.0,32.35,32.0,32.35,344.0,11105.0,1.4107,0.2132,253.0,30.0,0.0,0.0,30.0,3874.0,53.0,40.0,0.0,14.0,0.0,13.54,1.44,9.06
2017/08/18,31.75,32.3,31.75,32.3,277.0,8888.0,-0.1546,0.1717,223.0,74.0,0.0,0.0,74.0,3848.0,15.0,41.0,0.0,16.0,2.0,13.51,1.44,9.07
2017/08/21,32.5,32.6,32.15,32.35,360.0,11680.0,0.1548,0.2231,214.0,-57.0,0.0,0.0,-57.0,3901.0,83.0,10.0,4.0,12.0,0.0,13.54,1.44,9.06
2017/08/22,32.4,32.6,32.35,32.35,172.0,5606.0,0.0,0.1066,133.0,-26.0,0.0,0.0,-26.0,3886.0,27.0,41.0,6.0,6.0,0.0,13.54,1.44,9.06
2017/08/23,32.5,32.95,32.5,32.6,527.0,17258.0,0.7728,0.3266,404.0,37.0,-53.0,0.0,-16.0,3888.0,77.0,50.0,1.0,11.0,6.0,13.64,1.45,8.99
2017/08/24,32.6,33.15,32.6,32.9,514.0,16938.0,0.9202,0.3185,338.0,-12.0,-53.0,0.0,-65.0,3893.0,56.0,51.0,2.0,13.0,4.0,13.77,1.47,8.91
2017/08/25,33.05,33.05,32.75,33.0,357.0,11752.0,0.304,0.2212,252.0,9.0,0.0,-2.0,7.0,3924.0,54.0,23.0,2.0,14.0,3.0,13.81,1.47,8.88
2017/08/28,33.1,33.3,32.8,33.05,429.0,14165.0,0.1515,0.2658,265.0,-9.0,0.0,0.0,-9.0,4017.0,162.0,69.0,2.0,13.0,1.0,13.83,1.47,8.87
2017/08/29,32.85,33.15,32.7,32.7,400.0,13144.0,-1.059,0.2479,281.0,-104.0,0.0,0.0,-104.0,4021.0,32.0,27.0,4.0,9.0,0.0,13.68,1.46,8.96
2017/08/30,32.75,33.0,32.6,32.7,428.0,14034.0,0.0,0.2652,270.0,54.0,0.0,0.0,54.0,3913.0,34.0,142.0,0.0,12.0,3.0,13.68,1.46,8.96
2017/08/31,32.9,33.8,32.9,33.8,1752.0,58703.0,3.3639,1.0857,1058.0,-78.0,0.0,0.0,-78.0,4252.0,545.0,206.0,2.0,22.0,12.0,14.14,1.51,8.67
2017/09/01,34.2,34.3,33.25,33.3,1762.0,59260.0,-1.4793,1.0919,970.0,-199.0,0.0,0.0,-199.0,4197.0,295.0,350.0,11.0,11.0,0.0,13.93,1.48,8.8
2017/09/04,33.45,34.3,33.35,33.65,1273.0,43066.0,1.0511,0.7889,770.0,63.0,0.0,0.0,63.0,4127.0,183.0,249.0,0.0,20.0,9.0,14.08,1.5,8.71
2017/09/05,33.65,34.0,33.65,33.8,533.0,18074.0,0.4458,0.3303,311.0,62.0,0.0,0.0,62.0,4098.0,41.0,70.0,0.0,22.0,2.0,14.14,1.51,8.67
2017/09/06,33.8,34.2,33.4,33.55,598.0,20250.0,-0.7396,0.3706,344.0,7.0,0.0,-2.0,5.0,4015.0,59.0,142.0,10.0,12.0,0.0,14.04,1.49,8.73
2017/09/07,33.9,35.2,33.6,34.55,2861.0,98771.0,2.9806,1.7729,1314.0,12.0,0.0,-1.0,11.0,4915.0,1264.0,364.0,0.0,15.0,3.0,14.46,1.54,8.48
2017/09/08,34.85,34.85,34.2,34.4,2700.0,93379.0,-0.4342,1.6731,1329.0,-218.0,-1.0,0.0,-219.0,4492.0,441.0,864.0,0.0,67.0,52.0,14.39,1.53,8.52
2017/09/11,34.1,34.15,33.6,33.65,891.0,30146.0,-2.1802,0.5521,522.0,-43.0,0.0,0.0,-43.0,4304.0,148.0,336.0,37.0,30.0,0.0,14.08,1.5,8.71
2017/09/12,33.85,33.9,33.45,33.5,510.0,17162.0,-0.4458,0.316,324.0,41.0,0.0,0.0,41.0,4210.0,60.0,154.0,18.0,14.0,2.0,14.02,1.49,8.75
2017/09/13,33.5,33.75,33.45,33.45,341.0,11440.0,-0.1493,0.2113,211.0,-22.0,0.0,0.0,-22.0,4188.0,38.0,60.0,1.0,13.0,0.0,14.0,1.49,8.76
2017/09/14,33.6,33.9,33.45,33.7,487.0,16407.0,0.7474,0.3018,308.0,-105.0,38.0,0.0,-67.0,4202.0,67.0,53.0,1.0,12.0,0.0,14.1,1.5,8.69
2017/09/15,34.0,34.05,33.7,34.0,548.0,18609.0,0.8902,0.3396,344.0,241.0,18.0,0.0,259.0,4168.0,43.0,77.0,0.0,12.0,0.0,14.23,1.51,8.62
2017/09/18,34.15,34.35,33.8,33.8,622.0,21235.0,-0.5882,0.3854,378.0,42.0,36.0,0.0,78.0,4147.0,105.0,126.0,0.0,12.0,0.0,14.14,1.51,8.67
2017/09/19,33.85,34.05,33.8,33.95,352.0,11966.0,0.4438,0.2181,221.0,31.0,35.0,0.0,66.0,4054.0,21.0,114.0,0.0,12.0,0.0,14.21,1.51,8.63
2017/09/20,34.0,34.1,33.65,33.9,300.0,10174.0,-0.1473,0.1859,192.0,-17.0,0.0,0.0,-17.0,4017.0,20.0,57.0,0.0,12.0,0.0,14.18,1.51,8.64
2017/09/21,34.0,34.05,33.75,33.9,628.0,21324.0,0.0,0.3892,286.0,16.0,0.0,0.0,16.0,4005.0,83.0,85.0,0.0,12.0,0.0,14.18,1.51,8.64
2017/09/22,34.3,34.3,33.5,33.7,707.0,23986.0,-0.59,0.4381,450.0,-9.0,0.0,0.0,-9.0,4046.0,103.0,62.0,0.0,12.0,0.0,14.1,1.5,8.69
2017/09/25,33.6,33.6,32.25,32.3,793.0,25865.0,-4.1543,0.4914,517.0,-59.0,0.0,1.0,-58.0,4022.0,82.0,106.0,3.0,23.0,14.0,13.51,1.44,9.07
2017/09/26,32.2,32.7,32.15,32.4,620.0,20144.0,0.3096,0.3842,395.0,169.0,180.0,3.0,352.0,3960.0,10.0,72.0,0.0,32.0,9.0,13.56,1.44,9.04
2017/09/27,32.75,33.4,32.65,33.1,608.0,20133.0,2.1605,0.3768,410.0,7.0,320.0,-1.0,326.0,3952.0,46.0,54.0,5.0,33.0,6.0,13.85,1.47,8.85
2017/09/28,33.75,34.3,33.5,33.55,928.0,31459.0,1.3595,0.5751,582.0,-30.0,135.0,0.0,105.0,4173.0,331.0,110.0,7.0,27.0,2.0,14.04,1.49,8.73
2017/09/29,33.6,33.8,33.3,33.6,331.0,11098.0,0.149,0.2051,204.0,72.0,0.0,0.0,72.0,4154.0,64.0,83.0,0.0,28.0,1.0,14.06,1.5,8.72
2017/09/30,33.9,34.0,33.5,33.55,224.0,7575.0,-0.1488,0.1388,128.0,0.0,0.0,0.0,0.0,4166.0,54.0,42.0,0.0,28.0,0.0,14.04,1.49,8.73
2017/10/02,33.65,33.9,33.55,33.55,337.0,11369.0,0.0,0.2088,216.0,101.0,0.0,-3.0,98.0,4071.0,36.0,131.0,0.0,28.0,0.0,14.04,1.49,8.73
2017/10/03,33.65,34.7,33.65,34.4,2692.0,92548.0,2.5335,1.6682,1258.0,280.0,10.0,0.0,290.0,4285.0,403.0,188.0,1.0,37.0,10.0,14.39,1.53,8.52
2017/10/05,34.7,34.75,34.35,34.4,804.0,27764.0,0.0,0.4982,433.0,161.0,6.0,0.0,167.0,4256.0,135.0,164.0,0.0,38.0,1.0,14.39,1.53,8.52
2017/10/06,34.4,34.5,33.55,33.55,978.0,33125.0,-2.4709,0.606,635.0,274.0,0.0,0.0,274.0,4111.0,86.0,230.0,5.0,38.0,5.0,14.04,1.49,8.73
2017/10/11,34.1,36.0,34.0,35.75,5678.0,199862.0,6.5574,3.5185,3105.0,478.0,0.0,-3.0,475.0,5036.0,1371.0,446.0,7.0,78.0,47.0,14.96,1.59,8.2
2017/10/12,35.5,36.05,35.05,35.75,3370.0,119954.0,0.0,2.0883,1813.0,-24.0,0.0,40.0,16.0,4850.0,828.0,1014.0,9.0,72.0,3.0,14.96,1.59,8.2
2017/10/13,36.1,36.65,35.6,35.7,4296.0,155407.0,-0.1399,2.6621,2273.0,229.0,0.0,-10.0,219.0,5005.0,899.0,744.0,6.0,71.0,8.0,14.94,1.59,8.21
2017/10/16,36.0,36.25,35.75,36.1,1591.0,57274.0,1.1204,0.9859,845.0,71.0,200.0,0.0,271.0,4906.0,269.0,368.0,30.0,42.0,1.0,15.1,1.61,8.12
2017/10/17,36.7,37.3,35.3,35.3,3020.0,109962.0,-2.2161,1.8714,1619.0,22.0,100.0,0.0,122.0,4974.0,606.0,538.0,13.0,36.0,7.0,14.77,1.57,8.3
2017/10/18,35.75,36.15,35.3,36.1,1612.0,57783.0,2.2663,0.9989,1048.0,288.0,0.0,3.0,291.0,4797.0,214.0,391.0,0.0,52.0,16.0,15.1,1.61,8.12
2017/10/19,36.5,37.3,36.1,36.15,4383.0,161379.0,0.1385,2.7161,2198.0,-166.0,-1.0,-30.0,-197.0,4979.0,914.0,732.0,2.0,76.0,26.0,15.13,1.61,8.11
2017/10/20,36.0,36.05,35.6,35.8,809.0,29003.0,-0.9682,0.5013,460.0,104.0,0.0,0.0,104.0,4802.0,133.0,305.0,28.0,49.0,1.0,14.98,1.59,8.18
2017/10/23,36.0,36.35,35.95,36.2,941.0,34038.0,1.1173,0.5831,594.0,240.0,0.0,0.0,240.0,4788.0,129.0,143.0,4.0,47.0,2.0,15.15,1.61,8.09
2017/10/24,36.5,36.6,36.1,36.1,662.0,24002.0,-0.2762,0.4102,418.0,15.0,0.0,0.0,15.0,4748.0,125.0,165.0,1.0,47.0,1.0,15.1,1.61,8.12
2017/10/25,36.35,36.35,35.6,35.6,820.0,29502.0,-1.385,0.5081,455.0,132.0,0.0,0.0,132.0,4605.0,149.0,292.0,0.0,47.0,0.0,14.9,1.59,8.23
2017/10/26,35.6,36.2,35.55,35.85,473.0,16985.0,0.7022,0.2931,274.0,137.0,0.0,0.0,137.0,4566.0,68.0,107.0,14.0,33.0,0.0,15.0,1.6,8.17
2017/10/27,35.9,36.3,35.3,35.3,873.0,31297.0,-1.5342,0.541,573.0,175.0,0.0,0.0,175.0,4502.0,115.0,179.0,8.0,36.0,11.0,14.77,1.57,8.3
2017/10/30,35.85,35.95,35.05,35.5,524.0,18563.0,0.5666,0.3247,369.0,-7.0,0.0,0.0,-7.0,4546.0,122.0,78.0,5.0,32.0,1.0,14.85,1.58,8.25
2017/10/31,35.5,36.05,35.45,36.05,576.0,20666.0,1.5493,0.3569,362.0,150.0,0.0,-2.0,148.0,4533.0,89.0,97.0,3.0,29.0,0.0,15.08,1.61,8.13
2017/11/01,36.25,36.3,35.9,36.15,758.0,27400.0,0.2774,0.4697,421.0,18.0,0.0,-1.0,17.0,4631.0,200.0,102.0,0.0,31.0,2.0,15.13,1.61,8.11
2017/11/02,36.6,38.0,36.4,36.5,6329.0,236075.0,0.9682,3.9219,3399.0,-104.0,0.0,0.0,-104.0,5049.0,1163.0,745.0,0.0,48.0,17.0,15.27,1.63,8.03
2017/11/03,36.05,36.4,35.85,36.25,1051.0,37945.0,-0.6849,0.6513,692.0,88.0,0.0,0.0,88.0,4846.0,164.0,367.0,10.0,42.0,4.0,15.17,1.61,8.08
2017/11/06,36.5,36.55,36.05,36.2,655.0,23755.0,-0.1379,0.4059,386.0,71.0,0.0,0.0,71.0,4777.0,102.0,166.0,0.0,41.0,0.0,15.15,1.61,8.09
2017/11/07,36.5,37.2,36.3,36.75,1362.0,50204.0,1.5193,0.844,804.0,294.0,0.0,1.0,295.0,4804.0,281.0,254.0,0.0,48.0,7.0,15.38,1.64,7.97
2017/11/08,37.15,37.65,36.8,36.85,1368.0,50848.0,0.2721,0.8477,875.0,91.0,-143.0,-1.0,-53.0,4905.0,342.0,240.0,0.0,56.0,8.0,15.42,1.64,7.95
2017/11/09,36.85,36.85,35.5,35.55,1413.0,51065.0,-3.5278,0.8756,877.0,150.0,0.0,0.0,150.0,4880.0,342.0,367.0,13.0,46.0,3.0,14.87,1.58,8.24
2017/11/10,35.5,36.1,35.2,35.75,638.0,22757.0,0.5626,0.3954,418.0,176.0,0.0,0.0,176.0,4862.0,70.0,88.0,12.0,37.0,3.0,15.21,1.53,8.2
2017/11/13,35.7,35.8,35.3,35.35,720.0,25654.0,-1.1189,0.4462,477.0,221.0,-50.0,0.0,171.0,4783.0,93.0,172.0,5.0,36.0,4.0,15.04,1.51,8.29
2017/11/14,35.8,35.8,35.4,35.4,486.0,17279.0,0.1414,0.3012,292.0,26.0,0.0,-1.0,25.0,4716.0,45.0,112.0,0.0,38.0,2.0,15.06,1.51,8.28
2017/11/15,35.4,36.15,35.4,35.55,627.0,22450.0,0.4237,0.3885,386.0,133.0,0.0,0.0,133.0,4751.0,100.0,65.0,4.0,39.0,5.0,15.13,1.52,8.24
2017/11/16,35.55,35.9,35.55,35.6,358.0,12818.0,0.1406,0.2218,226.0,-14.0,0.0,0.0,-14.0,4696.0,62.0,117.0,10.0,29.0,0.0,15.15,1.52,8.23
2017/11/17,36.0,36.05,35.5,35.5,568.0,20312.0,-0.2809,0.352,292.0,-38.0,0.0,0.0,-38.0,4536.0,155.0,315.0,0.0,29.0,0.0,15.11,1.52,8.25
2017/11/20,35.5,35.5,34.8,34.85,841.0,29409.0,-1.831,0.5211,484.0,30.0,0.0,0.0,30.0,4390.0,100.0,246.0,2.0,28.0,1.0,14.83,1.49,8.41
2017/11/21,35.0,35.2,34.9,35.2,504.0,17685.0,1.0043,0.3123,320.0,116.0,0.0,0.0,116.0,4373.0,87.0,103.0,4.0,25.0,1.0,14.98,1.51,8.32
2017/11/22,35.4,35.4,34.9,35.2,538.0,18966.0,0.0,0.3334,343.0,49.0,-20.0,0.0,29.0,4358.0,117.0,132.0,0.0,25.0,0.0,14.98,1.51,8.32
2017/11/23,35.25,35.4,35.0,35.15,517.0,18196.0,-0.142,0.3204,275.0,51.0,0.0,-5.0,46.0,4355.0,82.0,85.0,5.0,22.0,2.0,14.96,1.5,8.34
2017/11/24,35.05,35.5,35.05,35.5,543.0,19203.0,0.9957,0.3365,344.0,88.0,0.0,0.0,88.0,4337.0,123.0,140.0,0.0,22.0,0.0,15.11,1.52,8.25
2017/11/27,35.55,36.2,35.55,35.8,1074.0,38613.0,0.8451,0.6655,600.0,-29.0,0.0,0.0,-29.0,4232.0,205.0,310.0,0.0,22.0,0.0,15.23,1.53,8.18
2017/11/28,35.8,35.9,35.45,35.5,496.0,17682.0,-0.838,0.3074,335.0,38.0,0.0,1.0,39.0,4187.0,110.0,148.0,0.0,22.0,0.0,15.11,1.52,8.25
2017/11/29,35.6,36.75,35.6,36.2,1512.0,54837.0,1.9718,0.937,918.0,105.0,0.0,0.0,105.0,4219.0,370.0,338.0,4.0,20.0,2.0,15.4,1.55,8.09
2017/11/30,36.2,37.35,35.8,36.2,1740.0,63714.0,0.0,1.0782,1119.0,-84.0,0.0,0.0,-84.0,4474.0,515.0,260.0,2.0,21.0,3.0,15.4,1.55,8.09
2017/12/01,36.4,36.7,34.5,35.4,1129.0,40332.0,-2.2099,0.6996,651.0,-100.0,0.0,1.0,-99.0,4447.0,228.0,255.0,3.0,19.0,1.0,15.06,1.51,8.28
2017/12/04,35.3,36.0,35.0,35.4,761.0,27062.0,0.0,0.4716,527.0,-45.0,0.0,4.0,-41.0,4393.0,100.0,154.0,0.0,23.0,4.0,15.06,1.51,8.28
2017/12/05,35.2,36.0,35.2,35.45,563.0,20074.0,0.1412,0.3489,427.0,43.0,105.0,0.0,148.0,4301.0,39.0,131.0,1.0,25.0,3.0,15.09,1.52,8.27
2017/12/06,35.5,35.75,34.7,35.0,616.0,21682.0,-1.2694,0.3817,407.0,34.0,18.0,3.0,55.0,4350.0,140.0,91.0,0.0,30.0,5.0,14.89,1.5,8.37
2017/12/07,35.05,35.3,34.75,34.85,575.0,20138.0,-0.4286,0.3563,318.0,129.0,0.0,0.0,129.0,4169.0,49.0,230.0,3.0,44.0,17.0,14.83,1.49,8.41
2017/12/08,34.9,35.2,34.4,35.0,362.0,12598.0,0.4304,0.2243,256.0,2.0,0.0,0.0,2.0,4126.0,32.0,70.0,13.0,33.0,2.0,14.89,1.5,8.37
2017/12/11,35.4,35.6,35.15,35.5,385.0,13631.0,1.4286,0.2386,256.0,165.0,0.0,-1.0,164.0,4132.0,43.0,37.0,7.0,29.0,3.0,15.11,1.52,8.25
2017/12/12,35.5,35.65,35.35,35.35,233.0,8295.0,-0.4225,0.1444,180.0,12.0,0.0,0.0,12.0,4122.0,15.0,25.0,3.0,26.0,0.0,15.04,1.51,8.29
2017/12/13,35.65,36.35,35.65,35.9,841.0,30298.0,1.5559,0.5211,556.0,161.0,0.0,0.0,161.0,4121.0,113.0,114.0,0.0,42.0,16.0,15.28,1.54,8.16
2017/12/14,36.35,36.4,35.85,35.95,366.0,13233.0,0.1393,0.2268,254.0,-24.0,0.0,0.0,-24.0,4130.0,84.0,75.0,0.0,42.0,0.0,15.3,1.54,8.15
2017/12/15,35.9,36.0,35.7,35.75,296.0,10619.0,-0.5563,0.1834,190.0,91.0,0.0,0.0,91.0,4127.0,36.0,39.0,1.0,41.0,0.0,15.21,1.53,8.2
2017/12/18,35.75,36.5,35.5,36.25,737.0,26661.0,1.3986,0.4567,462.0,232.0,150.0,1.0,383.0,4109.0,63.0,81.0,0.0,45.0,4.0,15.43,1.55,8.08
2017/12/19,36.6,37.8,36.5,36.6,4898.0,182556.0,0.9655,3.0352,2630.0,237.0,0.0,-1.0,236.0,4596.0,866.0,379.0,16.0,48.0,19.0,15.57,1.57,8.01
2017/12/20,36.6,36.7,36.2,36.45,677.0,24672.0,-0.4098,0.4195,481.0,-106.0,0.0,0.0,-106.0,4658.0,167.0,105.0,9.0,42.0,3.0,15.51,1.56,8.04
2017/12/21,36.5,36.65,35.85,35.85,775.0,28047.0,-1.6461,0.4803,477.0,-48.0,0.0,0.0,-48.0,4505.0,110.0,263.0,5.0,37.0,0.0,15.26,1.53,8.17
2017/12/22,36.1,36.4,35.8,35.95,316.0,11427.0,0.2789,0.1958,207.0,0.0,0.0,0.0,0.0,4472.0,41.0,74.0,2.0,35.0,0.0,15.3,1.54,8.15
2017/12/25,35.95,36.1,35.7,35.7,364.0,13044.0,-0.6954,0.2256,266.0,25.0,0.0,0.0,25.0,4420.0,56.0,103.0,8.0,27.0,0.0,15.19,1.53,8.21
2017/12/26,35.75,35.95,35.25,35.4,529.0,18800.0,-0.8403,0.3278,294.0,31.0,9.0,0.0,40.0,4307.0,50.0,111.0,3.0,26.0,2.0,15.06,1.51,8.28
2017/12/27,35.45,35.6,35.2,35.3,304.0,10767.0,-0.2825,0.1884,211.0,-5.0,11.0,0.0,6.0,4286.0,32.0,53.0,2.0,29.0,5.0,15.02,1.51,8.3
2017/12/28,35.5,35.8,35.3,35.7,339.0,12072.0,1.1331,0.2101,250.0,7.0,-60.0,1.0,-52.0,4313.0,45.0,18.0,1.0,28.0,0.0,15.19,1.53,8.21
2017/12/29,35.8,35.95,35.5,35.55,248.0,8855.0,-0.4202,0.1537,185.0,-1.0,0.0,0.0,-1.0,4296.0,46.0,63.0,3.0,25.0,0.0,15.13,1.52,8.24
2018/01/02,35.7,35.9,35.55,35.8,260.0,9322.0,0.7032,0.1611,164.0,1.0,0.0,0.0,1.0,4353.0,105.0,48.0,0.0,25.0,0.0,15.23,1.53,8.18
2018/01/03,35.9,36.8,35.85,35.95,1147.0,41640.0,0.419,0.7108,751.0,-10.0,-175.0,0.0,-185.0,4472.0,275.0,156.0,0.0,25.0,0.0,15.3,1.54,8.15
2018/01/04,36.6,36.6,35.8,36.0,603.0,21807.0,0.1391,0.3737,327.0,-19.0,0.0,0.0,-19.0,4525.0,94.0,41.0,0.0,25.0,0.0,15.32,1.54,8.14
2018/01/05,36.05,36.15,35.85,35.9,427.0,15370.0,-0.2778,0.2646,231.0,-19.0,-4.0,0.0,-23.0,4515.0,79.0,89.0,1.0,24.0,0.0,15.28,1.54,8.16
2018/01/08,35.85,36.0,35.65,35.65,432.0,15484.0,-0.6964,0.2677,255.0,-73.0,0.0,2.0,-71.0,4495.0,79.0,99.0,0.0,26.0,2.0,15.17,1.52,8.22
2018/01/09,35.65,35.8,35.5,35.5,424.0,15106.0,-0.4208,0.2627,262.0,-79.0,0.0,0.0,-79.0,4477.0,50.0,68.0,2.0,29.0,5.0,15.11,1.52,8.25
2018/01/10,35.5,35.5,34.8,34.8,777.0,27223.0,-1.9718,0.4815,468.0,-119.0,-5.0,3.0,-121.0,4356.0,98.0,219.0,4.0,25.0,0.0,14.81,1.49,8.42
2018/01/11,34.8,35.25,34.75,35.2,275.0,9661.0,1.1494,0.1704,223.0,13.0,0.0,0.0,13.0,4322.0,11.0,45.0,5.0,29.0,9.0,14.98,1.51,8.32
2018/01/12,35.2,35.35,35.1,35.15,241.0,8517.0,-0.142,0.1493,166.0,-33.0,0.0,1.0,-32.0,4304.0,24.0,42.0,5.0,24.0,0.0,14.96,1.5,8.34
2018/01/15,35.25,35.4,35.05,35.15,203.0,7168.0,0.0,0.1258,144.0,-35.0,0.0,0.0,-35.0,4272.0,24.0,56.0,2.0,22.0,0.0,14.96,1.5,8.34
2018/01/16,35.15,35.5,35.1,35.25,289.0,10200.0,0.2845,0.1791,176.0,1.0,-6.0,4.0,-1.0,4318.0,53.0,7.0,5.0,17.0,0.0,15.0,1.51,8.31
2018/01/17,35.15,35.45,35.1,35.3,229.0,8103.0,0.1418,0.1419,169.0,-7.0,0.0,-1.0,-8.0,4318.0,28.0,28.0,0.0,17.0,0.0,15.02,1.51,8.3
2018/01/18,35.5,35.55,35.25,35.25,324.0,11460.0,-0.1416,0.2008,188.0,-5.0,0.0,-1.0,-6.0,4385.0,82.0,15.0,0.0,17.0,0.0,15.0,1.51,8.31
2018/01/19,35.25,35.35,35.0,35.05,346.0,12176.0,-0.5674,0.2144,216.0,-7.0,0.0,0.0,-7.0,4279.0,40.0,145.0,0.0,17.0,0.0,14.91,1.5,8.36
2018/01/22,35.05,35.35,34.8,35.2,389.0,13635.0,0.428,0.2411,294.0,-4.0,0.0,0.0,-4.0,4264.0,50.0,64.0,1.0,16.0,0.0,14.98,1.51,8.32
2018/01/23,35.35,35.35,35.0,35.0,227.0,7982.0,-0.5682,0.1407,148.0,24.0,0.0,0.0,24.0,4245.0,28.0,47.0,0.0,16.0,0.0,14.89,1.5,8.37
2018/01/24,35.0,36.4,34.85,35.8,2311.0,83015.0,2.2857,1.4321,1182.0,-58.0,-5.0,0.0,-63.0,4329.0,380.0,296.0,0.0,29.0,13.0,15.23,1.53,8.18
2018/01/25,35.45,36.15,35.45,35.85,734.0,26319.0,0.1397,0.4548,467.0,200.0,0.0,-2.0,198.0,4263.0,133.0,199.0,5.0,24.0,0.0,15.26,1.53,8.17
2018/01/26,35.9,37.3,35.9,37.2,3518.0,129381.0,3.7657,2.18,1975.0,800.0,-6.0,0.0,794.0,4610.0,733.0,386.0,1.0,35.0,12.0,15.83,1.59,7.88
2018/01/29,37.95,39.0,37.65,38.2,10879.0,417017.0,2.6882,6.7415,5636.0,-372.0,0.0,0.0,-372.0,5675.0,2322.0,1257.0,2.0,77.0,44.0,16.26,1.63,7.67
2018/01/30,37.9,38.0,36.7,36.85,3044.0,113744.0,-3.534,1.8863,1688.0,109.0,0.0,0.0,109.0,5103.0,518.0,1090.0,41.0,55.0,19.0,15.68,1.58,7.95
2018/01/31,36.65,37.55,36.65,37.45,1184.0,44153.0,1.6282,0.7337,773.0,6.0,0.0,0.0,6.0,5216.0,269.0,156.0,2.0,62.0,9.0,15.94,1.6,7.82
2018/02/01,38.0,38.35,37.0,37.0,1908.0,71948.0,-1.2016,1.1823,1063.0,-135.0,0.0,1.0,-134.0,5263.0,387.0,338.0,5.0,61.0,4.0,15.74,1.58,7.92
2018/02/02,36.8,37.3,36.65,36.8,612.0,22618.0,-0.5405,0.3792,428.0,12.0,0.0,0.0,12.0,5256.0,133.0,140.0,11.0,60.0,10.0,15.66,1.57,7.96
2018/02/05,35.7,36.5,35.65,36.0,1074.0,38664.0,-2.1739,0.6655,644.0,99.0,-200.0,10.0,-91.0,5178.0,132.0,210.0,26.0,34.0,0.0,15.32,1.54,8.14
2018/02/06,34.75,35.2,32.45,33.55,2447.0,83000.0,-6.8056,1.5164,1470.0,-107.0,0.0,-4.0,-111.0,4524.0,208.0,862.0,18.0,40.0,24.0,14.28,1.43,8.73
2018/02/07,34.45,34.65,33.65,33.65,856.0,29233.0,0.2981,0.5304,632.0,-122.0,0.0,-4.0,-126.0,4497.0,52.0,75.0,23.0,19.0,2.0,14.32,1.44,8.71
2018/02/08,33.65,33.75,33.0,33.15,839.0,27929.0,-1.4859,0.5199,541.0,-73.0,0.0,5.0,-68.0,4443.0,35.0,87.0,2.0,24.0,7.0,14.11,1.42,8.84
2018/02/09,32.5,34.3,32.1,34.0,1112.0,37140.0,2.5641,0.6891,734.0,-67.0,0.0,0.0,-67.0,4494.0,188.0,137.0,1.0,26.0,3.0,14.47,1.45,8.62
2018/02/12,34.0,34.6,33.9,34.5,821.0,28149.0,1.4706,0.5088,481.0,-162.0,0.0,-6.0,-168.0,4466.0,91.0,119.0,0.0,26.0,0.0,14.68,1.48,8.49
2018/02/21,35.0,35.35,34.8,35.15,694.0,24383.0,1.8841,0.4301,416.0,55.0,0.0,0.0,55.0,4532.0,169.0,103.0,0.0,26.0,0.0,14.96,1.5,8.34
2018/02/22,35.15,35.5,35.05,35.25,505.0,17834.0,0.2845,0.3129,317.0,-34.0,-2.0,0.0,-36.0,4578.0,157.0,111.0,0.0,26.0,0.0,15.0,1.51,8.31
2018/02/23,35.4,36.0,35.3,35.8,673.0,24037.0,1.5603,0.4172,431.0,25.0,0.0,0.0,25.0,4633.0,169.0,114.0,0.0,27.0,1.0,14.85,1.5,8.18
2018/02/26,36.3,36.4,35.85,36.2,997.0,35980.0,1.1173,0.618,585.0,-151.0,0.0,0.0,-151.0,4414.0,79.0,298.0,0.0,27.0,0.0,15.02,1.51,6.91
2018/02/27,36.2,36.35,35.9,35.9,682.0,24608.0,-0.8287,0.4228,454.0,18.0,0.0,0.0,18.0,4298.0,24.0,140.0,0.0,27.0,0.0,14.9,1.5,6.96
2018/03/01,35.8,36.8,35.6,36.7,890.0,32409.0,2.2284,0.5517,566.0,138.0,30.0,-2.0,166.0,4216.0,52.0,134.0,0.0,28.0,1.0,15.23,1.54,6.81
2018/03/02,36.7,37.15,36.5,36.95,988.0,36486.0,0.6812,0.6124,704.0,142.0,0.0,-1.0,141.0,4127.0,53.0,142.0,0.0,30.0,2.0,15.33,1.55,6.77
2018/03/05,37.25,37.45,36.65,37.3,1145.0,42573.0,0.9472,0.7098,798.0,-11.0,3.0,0.0,-8.0,3973.0,121.0,275.0,0.0,31.0,1.0,15.48,1.56,6.7
2018/03/06,37.6,37.65,36.95,37.2,774.0,28777.0,-0.2681,0.4798,515.0,-14.0,0.0,0.0,-14.0,3930.0,90.0,133.0,0.0,32.0,1.0,15.44,1.56,6.72
2018/03/07,37.2,37.25,36.6,36.65,852.0,31384.0,-1.4785,0.5281,494.0,-68.0,0.0,1.0,-67.0,3814.0,46.0,132.0,3.0,30.0,1.0,15.21,1.53,6.82
2018/03/08,36.7,37.5,36.7,37.35,999.0,37254.0,1.91,0.6193,549.0,122.0,0.0,0.0,122.0,3802.0,132.0,144.0,1.0,30.0,1.0,15.5,1.56,6.69
2018/03/09,37.35,37.4,36.45,36.6,1168.0,42882.0,-2.008,0.724,767.0,4.0,0.0,2.0,6.0,3831.0,109.0,80.0,3.0,32.0,5.0,15.19,1.53,6.83
2018/03/12,37.0,37.2,36.6,37.2,847.0,31290.0,1.6393,0.525,531.0,368.0,0.0,-3.0,365.0,3742.0,68.0,157.0,0.0,44.0,12.0,15.44,1.56,6.72
2018/03/13,37.2,37.65,37.1,37.55,1129.0,42265.0,0.9409,0.6998,632.0,249.0,-4.0,0.0,245.0,3687.0,70.0,125.0,0.0,45.0,1.0,15.58,1.57,6.66
2018/03/14,37.65,37.95,37.4,37.85,1924.0,72549.0,0.7989,1.1927,936.0,245.0,0.0,-1.0,244.0,3499.0,53.0,241.0,0.0,45.0,0.0,15.71,1.58,6.61
2018/03/15,37.75,37.95,37.4,37.75,991.0,37321.0,-0.2642,0.6143,530.0,44.0,-150.0,1.0,-105.0,3520.0,53.0,29.0,0.0,45.0,0.0,15.66,1.58,6.62
2018/03/16,37.9,37.9,37.5,37.65,726.0,27366.0,-0.2649,0.45,344.0,61.0,0.0,0.0,61.0,3428.0,49.0,141.0,1.0,46.0,2.0,15.62,1.58,6.64
2018/03/19,37.65,38.3,37.55,37.95,1433.0,54531.0,0.7968,0.8883,890.0,443.0,-52.0,0.0,391.0,3389.0,194.0,233.0,2.0,44.0,0.0,15.75,1.59,6.59
2018/03/20,37.9,38.1,37.5,37.95,902.0,34091.0,0.0,0.5591,504.0,92.0,-4.0,0.0,88.0,3348.0,151.0,192.0,0.0,44.0,0.0,15.75,1.59,6.59
2018/03/21,37.95,38.1,37.55,37.95,782.0,29557.0,0.0,0.4847,449.0,136.0,-75.0,0.0,61.0,3281.0,65.0,132.0,0.0,44.0,0.0,15.75,1.59,6.59
2018/03/22,38.0,38.1,37.4,37.4,861.0,32470.0,-1.4493,0.5337,558.0,185.0,-75.0,5.0,115.0,3278.0,69.0,72.0,0.0,48.0,4.0,15.52,1.56,6.68
2018/03/23,36.6,37.4,36.45,37.4,866.0,31916.0,0.0,0.5368,534.0,97.0,0.0,-5.0,92.0,3222.0,50.0,106.0,2.0,61.0,15.0,15.52,1.56,6.68
2018/03/26,37.1,37.6,37.0,37.55,325.0,12181.0,0.4011,0.2015,332.0,21.0,0.0,0.0,21.0,3241.0,56.0,37.0,7.0,54.0,0.0,15.58,1.57,6.66
2018/03/27,37.95,37.95,37.55,37.75,451.0,17038.0,0.5326,0.2796,400.0,28.0,0.0,0.0,28.0,3234.0,40.0,47.0,16.0,38.0,0.0,15.66,1.58,6.62
2018/03/28,37.8,37.95,37.55,37.75,394.0,14911.0,0.0,0.2442,291.0,83.0,0.0,0.0,83.0,3212.0,11.0,33.0,0.0,38.0,0.0,15.66,1.58,6.62
2018/03/29,37.75,38.5,37.7,38.35,1297.0,49512.0,1.5894,0.804,746.0,36.0,0.0,0.0,36.0,3583.0,490.0,119.0,0.0,38.0,0.0,15.91,1.6,6.52
2018/03/30,39.0,39.2,38.4,39.0,3253.0,126531.0,1.6949,2.0165,1721.0,-202.0,-2.0,0.0,-204.0,3835.0,741.0,489.0,11.0,99.0,72.0,16.18,1.63,6.41
2018/03/31,39.0,39.0,38.6,38.8,762.0,29547.0,-0.5128,0.4724,479.0,0.0,0.0,0.0,0.0,3847.0,166.0,154.0,40.0,62.0,3.0,16.1,1.62,6.44
2018/04/02,38.8,38.95,38.05,38.2,1015.0,39041.0,-1.5464,0.6292,625.0,50.0,-22.0,0.0,28.0,3583.0,122.0,386.0,41.0,23.0,2.0,15.85,1.6,6.54
2018/04/03,37.95,38.2,37.75,38.2,533.0,20240.0,0.0,0.3304,385.0,161.0,0.0,0.0,161.0,3454.0,41.0,170.0,1.0,19.0,0.0,15.85,1.6,6.54
2018/04/09,38.2,38.2,37.7,38.0,550.0,20872.0,-0.5236,0.3409,409.0,-102.0,0.0,0.0,-102.0,3437.0,48.0,65.0,19.0,0.0,0.0,15.77,1.59,6.58
2018/04/10,37.8,37.8,37.4,37.7,538.0,20243.0,-0.7895,0.3335,390.0,-117.0,-3.0,0.0,-120.0,3464.0,118.0,91.0,0.0,0.0,0.0,15.64,1.58,6.63
2018/04/11,37.5,37.75,37.35,37.75,453.0,17051.0,0.1326,0.2808,414.0,41.0,0.0,0.0,41.0,3463.0,84.0,85.0,0.0,0.0,0.0,15.66,1.58,6.62
2018/04/12,37.75,37.75,37.3,37.45,344.0,12900.0,-0.7947,0.2132,324.0,-19.0,0.0,0.0,-19.0,3440.0,56.0,79.0,0.0,0.0,0.0,15.54,1.57,6.68
2018/04/13,37.45,37.65,37.05,37.1,448.0,16674.0,-0.9346,0.2777,309.0,63.0,6.0,0.0,69.0,3479.0,108.0,69.0,0.0,0.0,0.0,15.39,1.55,6.74
2018/04/16,37.15,37.15,36.85,36.85,283.0,10469.0,-0.6739,0.1754,222.0,-43.0,0.0,0.0,-43.0,3465.0,26.0,40.0,0.0,0.0,0.0,15.29,1.54,6.78
2018/04/17,36.9,37.0,36.55,36.6,366.0,13449.0,-0.6784,0.2269,250.0,-87.0,0.0,0.0,-87.0,3450.0,16.0,31.0,0.0,0.0,0.0,15.19,1.53,6.83
2018/04/18,37.0,37.0,36.25,36.4,511.0,18687.0,-0.5464,0.3168,393.0,9.0,-1.0,0.0,8.0,3364.0,24.0,110.0,0.0,2.0,2.0,15.1,1.52,6.87
2018/04/19,36.6,36.8,36.45,36.65,508.0,18616.0,0.6868,0.3149,308.0,14.0,0.0,1.0,15.0,3342.0,7.0,29.0,0.0,2.0,0.0,15.21,1.53,6.82
2018/04/20,36.6,36.85,36.55,36.6,267.0,9827.0,-0.1364,0.1655,208.0,-22.0,-1.0,1.0,-22.0,3344.0,39.0,37.0,0.0,2.0,0.0,15.19,1.53,6.83
2018/04/23,36.6,36.7,36.0,36.05,560.0,20268.0,-1.5027,0.3471,366.0,-122.0,-1.0,0.0,-123.0,3413.0,92.0,23.0,0.0,3.0,1.0,14.96,1.51,6.93
2018/04/24,36.0,36.0,35.2,35.3,700.0,24827.0,-2.0804,0.4339,410.0,-120.0,-2.0,1.0,-121.0,3302.0,123.0,234.0,0.0,4.0,1.0,14.65,1.48,7.08
2018/04/25,35.05,35.45,35.0,35.3,420.0,14821.0,0.0,0.2604,261.0,-36.0,1.0,-7.0,-42.0,3312.0,21.0,11.0,2.0,2.0,0.0,14.65,1.48,7.08
2018/04/26,35.3,35.45,34.7,34.8,419.0,14688.0,-1.4164,0.2597,264.0,-107.0,0.0,0.0,-107.0,3277.0,29.0,34.0,0.0,3.0,1.0,14.44,1.46,7.18
2018/04/27,34.95,35.05,34.6,34.75,367.0,12768.0,-0.1437,0.2275,266.0,-28.0,0.0,0.0,-28.0,3288.0,30.0,19.0,0.0,5.0,2.0,14.42,1.45,7.19
2018/04/30,35.0,35.25,34.8,34.85,344.0,12042.0,0.2878,0.2132,234.0,-149.0,0.0,1.0,-148.0,3266.0,21.0,23.0,0.0,5.0,0.0,14.46,1.46,7.17
2018/05/02,34.95,35.2,34.9,34.9,226.0,7926.0,0.1435,0.1401,181.0,-85.0,0.0,0.0,-85.0,3228.0,4.0,42.0,0.0,5.0,0.0,14.48,1.46,7.16
2018/05/03,34.9,35.15,34.85,35.0,120.0,4206.0,0.2865,0.0744,102.0,-27.0,15.0,0.0,-12.0,3220.0,9.0,17.0,0.0,5.0,0.0,14.52,1.46,7.14
2018/05/04,35.0,35.15,34.85,34.9,232.0,8109.0,-0.2857,0.1438,186.0,-128.0,0.0,0.0,-128.0,3203.0,4.0,20.0,0.0,5.0,0.0,14.48,1.46,7.16
2018/05/07,34.95,34.95,34.7,34.85,329.0,11463.0,-0.1433,0.2039,266.0,-106.0,0.0,1.0,-105.0,3189.0,5.0,17.0,0.0,5.0,0.0,14.46,1.46,7.17
2018/05/08,34.85,35.1,34.75,35.1,164.0,5743.0,0.7174,0.1017,111.0,-31.0,0.0,0.0,-31.0,3171.0,4.0,21.0,0.0,5.0,0.0,14.56,1.47,7.12
2018/05/09,35.15,35.6,35.15,35.4,708.0,25107.0,0.8547,0.439,450.0,-364.0,0.0,0.0,-364.0,3136.0,93.0,128.0,2.0,3.0,0.0,13.99,1.44,7.06
2018/05/10,35.8,36.15,35.7,35.95,547.0,19694.0,1.5537,0.3392,369.0,-94.0,0.0,-1.0,-95.0,3075.0,63.0,124.0,0.0,3.0,0.0,14.21,1.46,6.95
2018/05/11,36.2,36.2,35.85,35.95,536.0,19297.0,0.0,0.3324,315.0,-195.0,0.0,0.0,-195.0,3064.0,48.0,59.0,0.0,3.0,0.0,14.21,1.46,6.95
2018/05/14,35.9,36.0,35.8,35.95,334.0,12022.0,0.0,0.2071,225.0,-68.0,0.0,-2.0,-70.0,3047.0,5.0,22.0,0.0,3.0,0.0,14.21,1.46,6.95
2018/05/15,35.95,36.2,35.75,35.75,419.0,15078.0,-0.5563,0.2598,282.0,-120.0,0.0,0.0,-120.0,3050.0,15.0,12.0,0.0,3.0,0.0,14.13,1.45,6.99
2018/05/16,35.75,36.0,35.65,35.85,316.0,11364.0,0.2797,0.1959,196.0,-35.0,-1.0,2.0,-34.0,3036.0,21.0,34.0,1.0,2.0,0.0,14.17,1.46,6.97
2018/05/17,35.9,36.15,35.85,36.1,320.0,11567.0,0.6974,0.1984,216.0,-35.0,0.0,-1.0,-36.0,3039.0,31.0,28.0,0.0,2.0,0.0,14.27,1.47,6.93
2018/05/18,36.1,36.2,36.0,36.2,211.0,7652.0,0.277,0.1308,151.0,34.0,-3.0,0.0,31.0,3065.0,49.0,23.0,0.0,2.0,0.0,14.31,1.47,6.91
2018/05/21,36.2,36.6,36.2,36.4,345.0,12603.0,0.5525,0.2139,213.0,3.0,0.0,0.0,3.0,3090.0,60.0,35.0,0.0,2.0,0.0,14.39,1.48,6.87
2018/05/22,36.5,36.5,36.1,36.1,210.0,7625.0,-0.8242,0.1302,132.0,-1.0,0.0,0.0,-1.0,3099.0,21.0,12.0,0.0,2.0,0.0,14.27,1.47,6.93
2018/05/23,36.1,36.2,35.9,36.0,158.0,5699.0,-0.277,0.098,124.0,-20.0,0.0,0.0,-20.0,3102.0,14.0,11.0,0.0,2.0,0.0,14.23,1.46,6.94
2018/05/24,36.0,36.0,35.75,35.95,423.0,15195.0,-0.1389,0.2623,282.0,-108.0,-3.0,0.0,-111.0,3112.0,40.0,30.0,0.0,4.0,2.0,14.21,1.46,6.95
2018/05/25,35.95,36.1,35.75,36.0,238.0,8555.0,0.1391,0.1476,162.0,-5.0,0.0,0.0,-5.0,3062.0,14.0,64.0,0.0,4.0,0.0,14.23,1.46,6.94
2018/05/28,35.9,36.5,35.9,36.2,427.0,15465.0,0.5556,0.2648,213.0,18.0,0.0,0.0,18.0,3074.0,32.0,20.0,0.0,4.0,0.0,14.31,1.47,6.91
2018/05/29,36.25,36.4,36.0,36.15,422.0,15261.0,-0.1381,0.2617,252.0,50.0,0.0,0.0,50.0,3090.0,37.0,21.0,0.0,4.0,0.0,14.29,1.47,6.92
2018/05/30,36.15,36.15,35.9,36.15,259.0,9346.0,0.0,0.1606,188.0,-4.0,-3.0,-1.0,-8.0,3118.0,28.0,0.0,0.0,4.0,0.0,14.29,1.47,6.92
2018/05/31,36.05,36.5,36.05,36.3,529.0,19248.0,0.4149,0.328,321.0,44.0,0.0,0.0,44.0,3168.0,89.0,38.0,0.0,4.0,0.0,14.35,1.48,6.89
2018/06/01,36.15,36.8,36.15,36.45,455.0,16619.0,0.4132,0.2821,299.0,35.0,0.0,0.0,35.0,3196.0,103.0,75.0,0.0,4.0,0.0,14.41,1.48,6.86
2018/06/04,36.65,37.15,36.6,37.05,645.0,23772.0,1.6461,0.3999,381.0,105.0,0.0,0.0,105.0,3211.0,143.0,128.0,0.0,4.0,0.0,14.64,1.51,6.75
2018/06/05,37.2,37.6,37.0,37.25,823.0,30761.0,0.5398,0.5103,533.0,44.0,-66.0,-2.0,-24.0,3228.0,117.0,100.0,0.0,8.0,4.0,14.72,1.52,6.71
2018/06/06,37.5,37.65,37.3,37.4,535.0,20079.0,0.4027,0.3317,304.0,17.0,0.0,0.0,17.0,3381.0,206.0,53.0,0.0,8.0,0.0,14.78,1.52,6.68
2018/06/07,37.75,37.8,37.25,37.25,530.0,19826.0,-0.4011,0.3286,284.0,41.0,0.0,0.0,41.0,3216.0,53.0,218.0,4.0,4.0,0.0,14.72,1.52,6.71
2018/06/08,37.45,37.6,37.35,37.5,343.0,12860.0,0.6711,0.2127,243.0,121.0,0.0,0.0,121.0,3185.0,36.0,67.0,0.0,4.0,0.0,14.82,1.53,6.67
2018/06/11,37.5,38.1,37.3,37.85,1541.0,58255.0,0.9333,0.9555,495.0,245.0,0.0,0.0,245.0,3054.0,95.0,226.0,0.0,34.0,30.0,14.96,1.54,6.61
2018/06/12,38.0,38.0,37.65,37.7,423.0,16030.0,-0.3963,0.2623,262.0,-15.0,0.0,0.0,-15.0,3012.0,48.0,80.0,5.0,29.0,0.0,14.9,1.53,6.63
2018/06/13,37.8,38.2,37.6,37.8,705.0,26709.0,0.2653,0.4371,354.0,-4.0,0.0,0.0,-4.0,3013.0,85.0,83.0,10.0,19.0,0.0,14.94,1.54,6.61
2018/06/14,37.9,38.15,37.75,37.75,618.0,23467.0,-0.1323,0.3832,429.0,112.0,0.0,0.0,112.0,2962.0,52.0,103.0,15.0,5.0,1.0,14.92,1.54,6.62
2018/06/15,37.75,37.8,37.15,37.3,828.0,30946.0,-1.1921,0.5134,469.0,126.0,-250.0,1.0,-123.0,2953.0,116.0,125.0,0.0,8.0,3.0,14.74,1.52,6.7
2018/06/19,37.3,37.5,37.1,37.2,419.0,15668.0,-0.2681,0.2598,313.0,82.0,0.0,0.0,82.0,2938.0,14.0,29.0,0.0,10.0,2.0,14.7,1.51,6.72
2018/06/20,37.35,37.5,36.65,36.9,404.0,14967.0,-0.8065,0.2505,226.0,-24.0,0.0,6.0,-18.0,2896.0,27.0,69.0,0.0,11.0,1.0,14.58,1.5,6.78
2018/06/21,36.95,37.2,36.9,37.0,411.0,15230.0,0.271,0.2548,234.0,146.0,0.0,0.0,146.0,2873.0,28.0,51.0,1.0,10.0,0.0,14.62,1.51,6.76
2018/06/22,36.9,37.0,36.8,36.85,177.0,6547.0,-0.4054,0.1098,117.0,32.0,0.0,1.0,33.0,2871.0,6.0,8.0,0.0,10.0,0.0,14.57,1.5,6.78
2018/06/25,36.95,37.0,36.7,36.9,244.0,9011.0,0.1357,0.1513,148.0,-2.0,0.0,0.0,-2.0,2826.0,32.0,77.0,0.0,10.0,0.0,14.58,1.5,6.78
2018/06/26,36.95,38.4,36.55,37.95,1615.0,60714.0,2.8455,1.0014,829.0,84.0,0.0,-8.0,76.0,2896.0,165.0,95.0,0.0,17.0,7.0,15.0,1.54,6.59
2018/06/27,37.7,37.9,37.35,37.45,639.0,24039.0,-1.3175,0.3962,394.0,-319.0,0.0,1.0,-318.0,2977.0,122.0,38.0,7.0,10.0,0.0,14.8,1.52,6.68
2018/06/28,37.4,37.5,37.15,37.15,324.0,12110.0,-0.8011,0.2009,228.0,-123.0,0.0,6.0,-117.0,2989.0,25.0,13.0,0.0,10.0,0.0,14.68,1.51,6.73
2018/06/29,37.25,37.35,37.1,37.2,289.0,10793.0,0.1346,0.1792,173.0,-19.0,1.0,0.0,-18.0,2968.0,47.0,68.0,0.0,10.0,0.0,14.7,1.51,6.72
2018/07/02,37.2,37.4,37.05,37.1,247.0,9197.0,-0.2688,0.1532,181.0,-15.0,2.0,1.0,-12.0,2937.0,17.0,48.0,0.0,10.0,0.0,14.66,1.51,6.74
2018/07/03,37.4,37.4,36.55,36.6,411.0,15174.0,-1.3477,0.2548,241.0,-12.0,1.0,0.0,-11.0,2879.0,28.0,85.0,1.0,9.0,0.0,14.47,1.49,6.83
2018/07/04,36.5,36.75,36.5,36.55,260.0,9519.0,-0.1366,0.1612,172.0,41.0,-1.0,0.0,40.0,2805.0,24.0,98.0,5.0,4.0,0.0,14.45,1.49,6.84
2018/07/05,36.95,36.95,35.85,36.0,618.0,22423.0,-1.5048,0.3832,351.0,27.0,0.0,0.0,27.0,2786.0,51.0,70.0,0.0,4.0,0.0,14.23,1.46,6.94
2018/07/06,36.1,36.1,35.6,35.8,456.0,16374.0,-0.5556,0.2827,292.0,68.0,0.0,0.0,68.0,2747.0,17.0,56.0,4.0,0.0,0.0,14.15,1.46,6.98
2018/07/09,36.3,36.3,35.85,35.95,403.0,14518.0,0.419,0.2499,253.0,5.0,0.0,0.0,5.0,2746.0,23.0,24.0,0.0,0.0,0.0,14.21,1.46,6.95
2018/07/10,36.55,36.8,36.3,36.8,649.0,23726.0,2.3644,0.4024,420.0,108.0,0.0,0.0,108.0,2746.0,66.0,66.0,0.0,0.0,0.0,14.55,1.5,6.79
2018/07/11,36.75,37.2,36.5,37.0,799.0,29557.0,0.5435,0.4954,480.0,69.0,0.0,-1.0,68.0,2745.0,56.0,57.0,0.0,0.0,0.0,14.62,1.51,6.76
2018/07/12,34.7,35.25,34.6,35.0,534.0,18678.0,1.3543,0.3311,400.0,66.0,0.0,0.0,66.0,2720.0,51.0,76.0,0.0,0.0,0.0,13.83,1.42,7.14
2018/07/13,35.1,35.45,35.05,35.35,307.0,10841.0,1.0,0.1904,178.0,-3.0,0.0,0.0,-3.0,2688.0,13.0,43.0,0.0,0.0,0.0,13.97,1.44,7.07
2018/07/16,35.5,35.5,35.0,35.45,247.0,8745.0,0.2829,0.1532,185.0,117.0,0.0,0.0,117.0,2632.0,3.0,59.0,0.0,0.0,0.0,14.01,1.44,7.05
2018/07/17,35.5,35.5,35.05,35.15,273.0,9646.0,-0.8463,0.1693,183.0,27.0,0.0,1.0,28.0,2643.0,20.0,9.0,0.0,2.0,2.0,13.89,1.43,7.11
2018/07/18,35.35,35.5,35.25,35.3,201.0,7135.0,0.4267,0.1246,144.0,64.0,0.0,1.0,65.0,2628.0,10.0,25.0,0.0,5.0,3.0,13.95,1.44,7.08
2018/07/19,35.4,35.45,35.2,35.25,171.0,6065.0,-0.1416,0.106,100.0,30.0,0.0,-1.0,29.0,2606.0,5.0,26.0,0.0,5.0,0.0,13.93,1.43,7.09
2018/07/20,35.3,35.4,35.1,35.1,206.0,7283.0,-0.4255,0.1277,155.0,51.0,0.0,0.0,51.0,2589.0,2.0,19.0,0.0,5.0,0.0,13.87,1.43,7.12
2018/07/23,35.1,35.5,35.1,35.3,181.0,6403.0,0.5698,0.1122,112.0,14.0,0.0,0.0,14.0,2567.0,12.0,34.0,0.0,5.0,0.0,13.95,1.44,7.08
2018/07/24,35.25,35.45,35.1,35.3,211.0,7479.0,0.0,0.1308,155.0,-5.0,0.0,0.0,-5.0,2570.0,32.0,29.0,0.0,5.0,0.0,13.95,1.44,7.08
2018/07/25,35.4,35.4,35.1,35.2,231.0,8163.0,-0.2833,0.1432,150.0,-19.0,0.0,0.0,-19.0,2574.0,20.0,16.0,0.0,5.0,0.0,13.91,1.43,7.1
2018/07/26,35.2,35.3,35.05,35.1,203.0,7146.0,-0.2841,0.1259,145.0,-4.0,0.0,0.0,-4.0,2527.0,6.0,53.0,0.0,5.0,0.0,13.87,1.43,7.12
2018/07/27,35.1,35.35,35.1,35.25,236.0,8343.0,0.4274,0.1463,162.0,-6.0,0.0,0.0,-6.0,2539.0,43.0,31.0,0.0,5.0,0.0,13.93,1.43,7.09
2018/07/30,35.3,35.45,35.2,35.25,200.0,7085.0,0.0,0.124,135.0,-25.0,0.0,0.0,-25.0,2554.0,36.0,21.0,0.0,5.0,0.0,13.93,1.43,7.09
2018/07/31,35.35,35.5,35.1,35.15,236.0,8350.0,-0.2837,0.1463,172.0,-41.0,0.0,0.0,-41.0,2517.0,26.0,63.0,0.0,5.0,0.0,13.89,1.43,7.11
2018/08/01,35.2,35.35,35.0,35.35,318.0,11210.0,0.569,0.1972,214.0,-9.0,0.0,0.0,-9.0,2522.0,80.0,73.0,0.0,5.0,0.0,13.97,1.44,7.07
2018/08/02,35.4,35.5,35.15,35.2,250.0,8858.0,-0.4243,0.155,182.0,-55.0,0.0,-1.0,-56.0,2514.0,20.0,28.0,0.0,5.0,0.0,13.91,1.43,7.1
2018/08/03,35.2,35.2,35.1,35.15,190.0,6712.0,-0.142,0.1178,145.0,-59.0,0.0,0.0,-59.0,2465.0,10.0,59.0,0.0,5.0,0.0,13.89,1.43,7.11
2018/08/06,35.2,35.4,35.15,35.3,152.0,5357.0,0.4267,0.0942,90.0,-26.0,0.0,0.0,-26.0,2459.0,15.0,21.0,0.0,5.0,0.0,13.95,1.44,7.08
2018/08/07,35.4,35.45,35.2,35.25,253.0,8965.0,-0.1416,0.1569,175.0,-24.0,14.0,0.0,-10.0,2506.0,51.0,4.0,0.0,5.0,0.0,13.93,1.43,7.09
2018/08/08,35.3,35.8,35.3,35.7,551.0,19665.0,1.2766,0.3417,326.0,85.0,0.0,0.0,85.0,2545.0,132.0,93.0,0.0,5.0,0.0,13.37,1.56,7.0
2018/08/09,36.0,36.3,35.85,36.05,572.0,20616.0,0.9804,0.3547,328.0,98.0,0.0,44.0,142.0,2485.0,87.0,147.0,0.0,5.0,0.0,13.5,1.58,6.93
2018/08/10,36.05,36.15,35.7,35.9,360.0,12952.0,-0.4161,0.2233,218.0,-8.0,-1.0,0.0,-9.0,2432.0,11.0,64.0,0.0,5.0,0.0,13.45,1.57,6.96
2018/08/13,35.9,35.9,34.9,35.15,556.0,19637.0,-2.0891,0.3448,385.0,-64.0,0.0,3.0,-61.0,2365.0,41.0,87.0,0.0,8.0,3.0,13.16,1.54,7.11
2018/08/14,35.1,35.4,35.0,35.35,312.0,10986.0,0.569,0.1935,200.0,100.0,0.0,0.0,100.0,2368.0,20.0,17.0,0.0,9.0,1.0,13.24,1.55,7.07
2018/08/15,35.3,35.7,35.15,35.25,215.0,7628.0,-0.2829,0.1333,121.0,-18.0,0.0,0.0,-18.0,2356.0,1.0,13.0,1.0,8.0,0.0,13.2,1.54,7.09
2018/08/16,35.1,35.25,35.05,35.1,180.0,6354.0,-0.4255,0.1116,127.0,-14.0,0.0,0.0,-14.0,2342.0,13.0,24.0,0.0,12.0,4.0,13.15,1.54,7.12
2018/08/17,35.3,35.5,35.05,35.1,163.0,5765.0,0.0,0.1011,128.0,-13.0,0.0,0.0,-13.0,2316.0,19.0,45.0,0.0,12.0,0.0,13.15,1.54,7.12
2018/08/20,35.1,35.4,35.1,35.15,184.0,6482.0,0.1425,0.1141,137.0,43.0,0.0,0.0,43.0,2324.0,16.0,8.0,0.0,12.0,0.0,13.16,1.54,7.11
2018/08/21,35.35,35.7,35.35,35.5,264.0,9396.0,0.9957,0.1637,141.0,2.0,-1.0,0.0,1.0,2322.0,77.0,79.0,1.0,11.0,0.0,13.3,1.55,7.04
2018/08/22,35.5,35.5,35.1,35.2,161.0,5711.0,-0.8451,0.0998,127.0,-48.0,0.0,0.0,-48.0,2331.0,21.0,2.0,0.0,11.0,0.0,13.18,1.54,7.1
2018/08/23,35.2,35.25,35.05,35.05,269.0,9474.0,-0.4261,0.1668,202.0,-163.0,0.0,-3.0,-166.0,2307.0,6.0,30.0,0.0,11.0,0.0,13.13,1.54,7.13
2018/08/24,35.05,35.05,34.65,34.95,237.0,8292.0,-0.2853,0.147,154.0,-47.0,0.0,0.0,-47.0,2298.0,0.0,9.0,2.0,9.0,0.0,13.09,1.53,7.15
2018/08/27,35.0,35.15,34.65,35.0,191.0,6670.0,0.1431,0.1184,139.0,2.0,0.0,0.0,2.0,2296.0,5.0,7.0,0.0,9.0,0.0,13.11,1.53,7.14
2018/08/28,35.1,35.2,34.95,35.0,161.0,5658.0,0.0,0.0998,133.0,-5.0,0.0,0.0,-5.0,2308.0,21.0,9.0,0.0,9.0,0.0,13.11,1.53,7.14
2018/08/29,35.05,35.15,35.0,35.0,139.0,4900.0,0.0,0.0862,106.0,-24.0,0.0,0.0,-24.0,2311.0,8.0,5.0,0.0,9.0,0.0,13.11,1.53,7.14
2018/08/30,35.05,35.2,34.95,35.1,259.0,9085.0,0.2857,0.1606,165.0,-9.0,0.0,0.0,-9.0,2327.0,24.0,6.0,1.0,6.0,0.0,13.15,1.54,7.12
2018/08/31,34.9,35.25,34.9,35.1,206.0,7272.0,0.0,0.1278,161.0,-13.0,0.0,0.0,-13.0,2324.0,3.0,6.0,0.0,6.0,0.0,13.15,1.54,7.12
2018/09/03,35.2,35.2,34.85,35.0,302.0,10562.0,-0.2849,0.1873,208.0,-89.0,0.0,0.0,-89.0,2323.0,4.0,5.0,1.0,7.0,2.0,13.11,1.53,7.14
2018/09/04,35.0,35.15,34.85,35.05,111.0,3904.0,0.1429,0.0688,101.0,-1.0,4.0,0.0,3.0,2317.0,0.0,6.0,0.0,7.0,0.0,13.13,1.54,7.13
2018/09/05,35.2,35.3,34.85,34.9,281.0,9856.0,-0.428,0.1743,197.0,21.0,0.0,0.0,21.0,2311.0,2.0,7.0,5.0,2.0,0.0,13.07,1.53,7.16
2018/09/06,34.9,35.6,34.8,35.45,985.0,34854.0,1.5759,0.6109,308.0,39.0,0.0,0.0,39.0,2399.0,97.0,9.0,0.0,17.0,15.0,13.28,1.55,7.05
2018/09/07,35.6,35.6,34.6,34.75,628.0,22008.0,-1.9746,0.3895,304.0,-184.0,0.0,0.0,-184.0,2390.0,57.0,66.0,15.0,2.0,0.0,13.01,1.52,7.19
2018/09/10,35.1,35.2,34.55,34.7,407.0,14142.0,-0.1439,0.2524,207.0,-19.0,0.0,3.0,-16.0,2384.0,28.0,29.0,0.0,3.0,1.0,13.0,1.52,7.2
2018/09/11,34.65,34.9,34.55,34.7,268.0,9307.0,0.0,0.1662,134.0,82.0,0.0,0.0,82.0,2385.0,11.0,10.0,0.0,8.0,5.0,13.0,1.52,7.2
2018/09/12,34.7,34.7,34.0,34.2,419.0,14394.0,-1.4409,0.2598,273.0,-51.0,0.0,0.0,-51.0,2345.0,13.0,53.0,2.0,15.0,9.0,12.81,1.5,7.31
2018/09/13,34.2,34.45,34.05,34.25,141.0,4849.0,0.1462,0.0874,109.0,8.0,0.0,-13.0,-5.0,2328.0,1.0,18.0,0.0,17.0,2.0,12.83,1.5,7.3
2018/09/14,34.6,34.7,34.3,34.6,168.0,5807.0,1.0219,0.1042,133.0,14.0,0.0,0.0,14.0,2325.0,21.0,24.0,7.0,10.0,0.0,12.96,1.52,7.23
2018/09/17,34.6,34.65,34.4,34.4,83.0,2878.0,-0.578,0.0515,78.0,-16.0,0.0,0.0,-16.0,2310.0,4.0,19.0,5.0,5.0,0.0,12.88,1.51,7.27
2018/09/18,34.3,34.35,34.1,34.2,133.0,4584.0,-0.5814,0.0825,107.0,-45.0,0.0,0.0,-45.0,2296.0,7.0,21.0,0.0,7.0,2.0,12.81,1.5,7.31
2018/09/19,34.45,34.45,34.2,34.25,155.0,5320.0,0.1462,0.0961,105.0,-16.0,0.0,0.0,-16.0,2285.0,2.0,13.0,1.0,6.0,0.0,12.83,1.5,7.3
2018/09/20,34.25,34.3,34.1,34.1,141.0,4838.0,-0.438,0.0874,130.0,-63.0,0.0,0.0,-63.0,2271.0,2.0,16.0,0.0,7.0,1.0,12.77,1.49,7.33
2018/09/21,34.2,34.3,34.2,34.25,96.0,3314.0,0.4399,0.0595,69.0,-23.0,1.0,1.0,-21.0,2262.0,2.0,11.0,2.0,5.0,0.0,12.83,1.5,7.3
2018/09/25,34.2,34.4,34.2,34.3,87.0,2986.0,0.146,0.054,78.0,-24.0,0.0,1.0,-23.0,2258.0,1.0,4.0,0.0,5.0,0.0,12.85,1.5,7.29
2018/09/26,34.2,34.25,34.05,34.2,131.0,4482.0,-0.2915,0.0812,104.0,-64.0,0.0,0.0,-64.0,2255.0,1.0,4.0,0.0,5.0,0.0,12.81,1.5,7.31
2018/09/27,34.2,34.25,33.95,33.95,213.0,7282.0,-0.731,0.1321,153.0,-66.0,0.0,0.0,-66.0,2235.0,2.0,22.0,0.0,6.0,1.0,12.72,1.49,7.36
2018/09/28,33.95,34.0,33.75,33.8,255.0,8632.0,-0.4418,0.1581,166.0,-81.0,0.0,0.0,-81.0,2228.0,10.0,17.0,2.0,5.0,1.0,12.66,1.48,7.4
2018/10/01,33.85,33.95,33.55,33.7,246.0,8303.0,-0.2959,0.1526,180.0,-87.0,0.0,0.0,-87.0,2190.0,4.0,42.0,0.0,12.0,7.0,12.62,1.48,7.42
2018/10/02,33.7,33.95,33.65,33.7,107.0,3640.0,0.0,0.0664,94.0,-32.0,0.0,-1.0,-33.0,2190.0,6.0,6.0,3.0,9.0,0.0,12.62,1.48,7.42
2018/10/03,33.8,33.8,33.65,33.7,141.0,4779.0,0.0,0.0874,112.0,-61.0,0.0,0.0,-61.0,2198.0,9.0,1.0,0.0,19.0,10.0,12.62,1.48,7.42
2018/10/04,33.7,33.85,33.6,33.7,229.0,7723.0,0.0,0.142,141.0,-100.0,0.0,-1.0,-101.0,2192.0,0.0,6.0,0.0,19.0,0.0,12.62,1.48,7.42
2018/10/05,33.7,33.7,32.8,33.0,670.0,22312.0,-2.0772,0.4155,328.0,-207.0,0.0,7.0,-200.0,2097.0,6.0,100.0,0.0,20.0,1.0,12.36,1.45,7.58
2018/10/08,33.2,33.3,32.85,32.85,250.0,8242.0,-0.4545,0.155,137.0,-83.0,0.0,-5.0,-88.0,2084.0,2.0,15.0,1.0,36.0,17.0,12.3,1.44,7.61
2018/10/09,33.15,33.55,33.1,33.25,412.0,13728.0,1.2177,0.2555,237.0,-155.0,19.0,-10.0,-146.0,2096.0,66.0,54.0,0.0,38.0,2.0,12.45,1.46,7.52
2018/10/11,32.25,32.25,30.6,30.7,733.0,22910.0,-7.6692,0.4546,448.0,-141.0,0.0,-8.0,-149.0,2022.0,15.0,69.0,4.0,48.0,14.0,11.5,1.34,8.14
2018/10/12,30.55,31.4,30.5,31.4,417.0,12952.0,2.2801,0.2586,313.0,-89.0,0.0,-4.0,-93.0,2020.0,14.0,6.0,5.0,50.0,7.0,11.76,1.38,7.96
2018/10/15,31.5,31.7,31.25,31.3,196.0,6161.0,-0.3185,0.1216,156.0,-50.0,0.0,0.0,-50.0,2037.0,21.0,4.0,6.0,43.0,0.0,11.72,1.37,7.99
2018/10/16,31.15,31.65,31.15,31.4,174.0,5498.0,0.3195,0.1079,149.0,-36.0,0.0,0.0,-36.0,2031.0,4.0,10.0,23.0,20.0,0.0,11.76,1.38,7.96
2018/10/17,31.6,32.2,31.6,31.7,338.0,10781.0,0.9554,0.2096,254.0,-80.0,0.0,-6.0,-86.0,2083.0,58.0,6.0,11.0,9.0,0.0,11.87,1.39,7.89
2018/10/18,31.7,31.9,31.45,31.5,104.0,3286.0,-0.6309,0.0645,85.0,-14.0,0.0,0.0,-14.0,2085.0,14.0,12.0,0.0,9.0,0.0,11.8,1.38,7.94
2018/10/19,31.5,31.5,30.75,31.25,150.0,4693.0,-0.7937,0.093,110.0,-33.0,0.0,5.0,-28.0,2069.0,3.0,12.0,0.0,11.0,2.0,11.7,1.37,8.0
2018/10/22,31.45,31.8,31.3,31.75,83.0,2643.0,1.6,0.0515,68.0,0.0,0.0,0.0,0.0,2071.0,8.0,6.0,2.0,9.0,0.0,11.89,1.39,7.87
2018/10/23,31.65,31.65,31.25,31.55,131.0,4132.0,-0.6299,0.0812,111.0,-74.0,0.0,-3.0,-77.0,2079.0,8.0,0.0,4.0,5.0,0.0,11.82,1.38,7.92
2018/10/24,31.3,31.3,30.75,30.95,318.0,9867.0,-1.9017,0.1972,182.0,-158.0,0.0,5.0,-153.0,2077.0,13.0,13.0,0.0,8.0,3.0,11.59,1.36,8.08
2018/10/25,30.5,30.5,29.5,29.65,616.0,18435.0,-4.2003,0.382,416.0,-84.0,0.0,20.0,-64.0,1933.0,37.0,181.0,3.0,21.0,16.0,11.1,1.3,8.43
2018/10/26,29.8,30.3,29.3,29.65,266.0,7895.0,0.0,0.165,175.0,-10.0,0.0,-10.0,-20.0,1891.0,6.0,44.0,3.0,21.0,3.0,11.1,1.3,8.43
2018/10/29,29.75,29.95,29.35,29.65,92.0,2735.0,0.0,0.0571,70.0,-17.0,0.0,0.0,-17.0,1908.0,22.0,5.0,4.0,18.0,1.0,11.1,1.3,8.43
2018/10/30,29.9,29.9,29.4,29.55,125.0,3724.0,-0.3373,0.0775,107.0,-72.0,0.0,1.0,-71.0,1919.0,15.0,4.0,0.0,32.0,14.0,11.07,1.29,8.46
2018/10/31,30.0,30.55,30.0,30.3,115.0,3507.0,2.5381,0.0713,97.0,-18.0,0.0,-2.0,-20.0,1946.0,39.0,12.0,17.0,18.0,3.0,11.35,1.33,8.25
2018/11/01,30.5,31.2,30.5,31.0,163.0,5037.0,2.3102,0.1011,138.0,-4.0,0.0,-1.0,-5.0,1967.0,34.0,13.0,2.0,26.0,10.0,11.61,1.36,8.06
2018/11/02,31.2,31.35,30.8,30.95,146.0,4553.0,-0.1613,0.0905,109.0,-23.0,0.0,0.0,-23.0,1995.0,39.0,9.0,20.0,6.0,0.0,11.59,1.36,8.08
2018/11/05,30.55,30.8,30.35,30.6,208.0,6346.0,-1.1309,0.129,155.0,-29.0,0.0,0.0,-29.0,2023.0,44.0,16.0,1.0,7.0,2.0,11.46,1.34,8.17
2018/11/06,30.6,30.9,30.5,30.5,63.0,1933.0,-0.3268,0.0391,50.0,-12.0,0.0,0.0,-12.0,2023.0,5.0,5.0,0.0,9.0,2.0,11.42,1.34,8.2
2018/11/07,30.55,30.95,30.55,30.95,108.0,3356.0,1.4754,0.067,99.0,-43.0,-8.0,0.0,-51.0,2064.0,48.0,7.0,0.0,9.0,0.0,10.21,1.3,8.08
2018/11/08,32.65,32.65,31.8,32.05,715.0,23072.0,3.5541,0.4434,425.0,-116.0,0.0,38.0,-78.0,2115.0,95.0,44.0,1.0,13.0,5.0,10.58,1.34,7.8
2018/11/09,32.0,32.0,31.4,31.6,125.0,3985.0,-1.4041,0.0775,111.0,-38.0,0.0,-1.0,-39.0,2109.0,5.0,11.0,3.0,11.0,1.0,10.43,1.33,7.91
2018/11/12,32.05,32.05,31.65,31.7,215.0,6853.0,0.3165,0.1333,113.0,-85.0,0.0,0.0,-85.0,2097.0,2.0,9.0,1.0,10.0,0.0,10.46,1.33,7.89
2018/11/13,31.6,31.65,31.0,31.65,142.0,4476.0,-0.1577,0.0881,107.0,-40.0,0.0,0.0,-40.0,2094.0,6.0,9.0,3.0,9.0,2.0,10.45,1.33,7.9
2018/11/14,31.9,31.95,31.5,31.7,98.0,3135.0,0.158,0.0608,84.0,-39.0,0.0,-7.0,-46.0,2107.0,17.0,4.0,0.0,9.0,0.0,10.46,1.33,7.89
2018/11/15,31.55,31.9,31.5,31.6,104.0,3287.0,-0.3155,0.0645,54.0,-13.0,0.0,-38.0,-51.0,2111.0,4.0,0.0,0.0,10.0,1.0,10.43,1.33,7.91
2018/11/16,31.7,31.75,31.6,31.75,130.0,4120.0,0.4747,0.0806,84.0,-8.0,0.0,-9.0,-17.0,2112.0,11.0,10.0,0.0,10.0,0.0,10.48,1.33,7.87
2018/11/19,32.0,32.2,31.75,31.75,178.0,5698.0,0.0,0.1104,125.0,-24.0,0.0,0.0,-24.0,2118.0,25.0,19.0,1.0,10.0,1.0,10.48,1.33,7.87
2018/11/20,31.95,31.95,31.75,31.75,113.0,3613.0,0.0,0.0701,90.0,4.0,0.0,0.0,4.0,2119.0,1.0,0.0,0.0,10.0,0.0,10.48,1.33,7.87
2018/11/21,31.5,32.0,31.35,31.95,193.0,6156.0,0.6299,0.1197,130.0,-63.0,0.0,0.0,-63.0,2116.0,13.0,16.0,0.0,10.0,0.0,10.54,1.34,7.82
2018/11/22,32.1,32.1,31.6,31.75,233.0,7445.0,-0.626,0.1445,125.0,-54.0,0.0,3.0,-51.0,2108.0,9.0,17.0,0.0,10.0,0.0,10.48,1.33,7.87
2018/11/23,31.75,31.75,31.4,31.4,115.0,3630.0,-1.1024,0.0713,86.0,-22.0,0.0,0.0,-22.0,2112.0,12.0,8.0,0.0,10.0,0.0,10.36,1.32,7.96
2018/11/26,31.85,31.85,31.25,31.25,160.0,5051.0,-0.4777,0.0992,133.0,-14.0,0.0,8.0,-6.0,2094.0,12.0,30.0,0.0,10.0,0.0,10.31,1.31,8.0
2018/11/27,31.45,31.8,31.45,31.8,177.0,5612.0,1.76,0.1098,116.0,22.0,0.0,0.0,22.0,2051.0,23.0,56.0,0.0,10.0,0.0,10.5,1.33,7.86
2018/11/28,31.8,32.2,31.7,32.2,218.0,6985.0,1.2579,0.1352,171.0,-9.0,0.0,-6.0,-15.0,2055.0,27.0,23.0,0.0,10.0,0.0,10.63,1.35,7.76
2018/11/29,32.35,32.5,31.95,32.3,383.0,12331.0,0.3106,0.2375,197.0,-14.0,0.0,1.0,-13.0,2092.0,190.0,151.0,0.0,10.0,0.0,10.66,1.36,7.74
2018/11/30,33.5,33.7,32.9,33.05,979.0,32620.0,2.322,0.6072,624.0,-41.0,0.0,-5.0,-46.0,2062.0,98.0,128.0,0.0,10.0,0.0,10.91,1.39,7.56
2018/12/03,33.5,33.5,33.25,33.4,696.0,23238.0,1.059,0.4317,418.0,-1.0,0.0,0.0,-1.0,2079.0,65.0,46.0,0.0,10.0,0.0,11.02,1.4,7.49
2018/12/04,33.45,33.75,33.3,33.4,404.0,13564.0,0.0,0.2506,243.0,44.0,0.0,0.0,44.0,2052.0,25.0,52.0,0.0,10.0,0.0,11.02,1.4,7.49
2018/12/05,32.8,32.9,32.6,32.8,182.0,5990.0,-1.7964,0.1129,141.0,12.0,0.0,0.0,12.0,2036.0,5.0,21.0,0.0,10.0,0.0,10.83,1.38,7.62
2018/12/06,32.85,32.85,31.3,31.3,525.0,16760.0,-4.5732,0.3256,370.0,-148.0,0.0,0.0,-148.0,2029.0,37.0,44.0,2.0,13.0,5.0,10.33,1.31,7.99
2018/12/07,31.8,31.9,31.6,31.75,172.0,5489.0,1.4377,0.1067,137.0,34.0,0.0,0.0,34.0,2014.0,29.0,44.0,0.0,13.0,0.0,10.48,1.33,7.87
2018/12/10,31.1,31.2,30.75,30.95,354.0,10958.0,-2.5197,0.2195,228.0,21.0,0.0,1.0,22.0,2008.0,36.0,22.0,3.0,15.0,5.0,10.21,1.3,8.08
2018/12/11,31.3,31.45,30.9,31.25,136.0,4251.0,0.9693,0.0843,95.0,-19.0,0.0,-2.0,-21.0,2035.0,36.0,9.0,1.0,15.0,1.0,10.31,1.31,8.0
2018/12/12,31.2,31.45,31.1,31.35,219.0,6879.0,0.32,0.1358,165.0,-12.0,-5.0,0.0,-17.0,2017.0,27.0,40.0,0.0,17.0,2.0,10.35,1.32,7.97
2018/12/13,31.45,31.7,31.35,31.35,155.0,4902.0,0.0,0.0961,107.0,-23.0,0.0,0.0,-23.0,2031.0,18.0,4.0,2.0,16.0,1.0,10.35,1.32,7.97
2018/12/14,31.1,31.6,31.1,31.3,73.0,2293.0,-0.1595,0.0453,68.0,2.0,0.0,0.0,2.0,2020.0,2.0,8.0,2.0,16.0,2.0,10.33,1.31,7.99
2018/12/17,31.3,31.5,31.25,31.25,124.0,3899.0,-0.1597,0.0769,87.0,-27.0,0.0,0.0,-27.0,2031.0,12.0,1.0,1.0,15.0,0.0,10.31,1.31,8.0
2018/12/18,30.95,31.0,30.75,30.8,207.0,6400.0,-1.44,0.1284,171.0,-114.0,0.0,0.0,-114.0,2019.0,13.0,25.0,0.0,17.0,2.0,10.17,1.29,8.12
2018/12/19,30.9,31.0,30.8,30.8,188.0,5813.0,0.0,0.1166,146.0,-77.0,0.0,0.0,-77.0,2016.0,3.0,6.0,2.0,15.0,0.0,10.17,1.29,8.12
2018/12/20,30.7,31.0,30.7,30.8,150.0,4648.0,0.0,0.093,137.0,-47.0,0.0,0.0,-47.0,2008.0,2.0,10.0,0.0,15.0,0.0,10.17,1.29,8.12
2018/12/21,30.8,31.15,30.4,30.45,522.0,16038.0,-1.1364,0.3237,353.0,-295.0,0.0,0.0,-295.0,1975.0,7.0,40.0,3.0,12.0,0.0,10.05,1.28,8.21
2018/12/22,30.2,30.8,30.15,30.5,47.0,1434.0,0.1642,0.0291,35.0,0.0,0.0,0.0,0.0,1977.0,4.0,2.0,1.0,11.0,0.0,10.07,1.28,8.2
2018/12/24,30.55,30.55,30.3,30.35,230.0,7017.0,-0.4918,0.1426,141.0,-155.0,0.0,0.0,-155.0,1980.0,10.0,2.0,0.0,11.0,0.0,10.02,1.27,8.24
2018/12/25,30.2,30.2,29.9,30.0,280.0,8421.0,-1.1532,0.1737,189.0,-119.0,0.0,0.0,-119.0,1980.0,23.0,23.0,0.0,11.0,0.0,9.9,1.26,8.33
2018/12/26,30.0,30.35,30.0,30.0,181.0,5462.0,0.0,0.1123,110.0,-38.0,0.0,0.0,-38.0,1980.0,4.0,3.0,2.0,10.0,1.0,9.9,1.26,8.33
2018/12/27,30.6,30.6,30.35,30.4,98.0,2990.0,1.3333,0.0608,66.0,0.0,0.0,0.0,0.0,1977.0,4.0,7.0,0.0,10.0,0.0,10.03,1.28,8.22
2018/12/28,30.4,30.5,30.3,30.4,119.0,3628.0,0.0,0.0738,81.0,-5.0,0.0,0.0,-5.0,1981.0,4.0,0.0,2.0,8.0,0.0,10.03,1.28,8.22
2019/01/02,30.45,30.55,30.2,30.25,79.0,2405.0,-0.4934,0.049,90.0,-8.0,0.0,0.0,-8.0,1983.0,4.0,2.0,0.0,8.0,0.0,9.98,1.27,8.26
2019/01/03,30.25,30.5,30.2,30.2,129.0,3913.0,-0.1653,0.08,91.0,-2.0,0.0,0.0,-2.0,1961.0,10.0,27.0,0.0,8.0,0.0,9.97,1.27,8.28
2019/01/04,30.0,30.25,29.8,30.25,185.0,5548.0,0.1656,0.1147,140.0,-42.0,0.0,0.0,-42.0,1949.0,4.0,11.0,2.0,7.0,1.0,9.98,1.27,8.26
2019/01/07,30.65,31.0,30.6,30.95,157.0,4853.0,2.314,0.0974,118.0,-14.0,0.0,0.0,-14.0,1939.0,17.0,27.0,0.0,7.0,0.0,10.21,1.3,8.08
2019/01/08,30.95,31.15,30.65,30.75,117.0,3615.0,-0.6462,0.0726,91.0,-27.0,0.0,0.0,-27.0,1935.0,4.0,8.0,4.0,3.0,0.0,10.15,1.29,8.13
2019/01/09,30.8,30.8,30.65,30.75,349.0,10753.0,0.0,0.2164,204.0,-6.0,0.0,0.0,-6.0,1956.0,30.0,9.0,0.0,3.0,0.0,10.15,1.29,8.13
2019/01/10,30.8,30.8,30.5,30.55,222.0,6799.0,-0.6504,0.1377,155.0,-31.0,0.0,0.0,-31.0,1976.0,26.0,6.0,0.0,3.0,0.0,10.08,1.28,8.18
2019/01/11,30.65,30.7,30.55,30.65,100.0,3081.0,0.3273,0.062,82.0,4.0,0.0,0.0,4.0,1968.0,1.0,9.0,0.0,3.0,0.0,10.12,1.29,8.16
2019/01/14,30.7,31.05,30.7,30.9,235.0,7277.0,0.8157,0.1457,159.0,27.0,0.0,1.0,28.0,1953.0,19.0,34.0,0.0,4.0,1.0,10.2,1.3,8.09
2019/01/15,31.1,31.15,30.9,31.0,193.0,6010.0,0.3236,0.1197,132.0,-43.0,0.0,0.0,-43.0,1949.0,11.0,15.0,0.0,4.0,0.0,10.23,1.3,8.06
2019/01/16,31.0,31.25,31.0,31.2,202.0,6300.0,0.6452,0.1253,159.0,-30.0,0.0,0.0,-30.0,1974.0,32.0,7.0,0.0,4.0,0.0,10.3,1.31,8.01
2019/01/17,31.3,31.45,30.9,31.1,219.0,6830.0,-0.3205,0.1358,128.0,6.0,0.0,1.0,7.0,1890.0,7.0,91.0,0.0,4.0,0.0,10.26,1.31,8.04
2019/01/18,31.1,31.25,31.05,31.25,116.0,3647.0,0.4823,0.0719,80.0,8.0,0.0,0.0,8.0,1871.0,8.0,27.0,0.0,4.0,0.0,10.31,1.31,8.0
2019/01/21,31.45,32.85,31.45,32.5,1618.0,52498.0,4.0,1.0035,1116.0,28.0,0.0,0.0,28.0,1894.0,133.0,110.0,0.0,36.0,32.0,10.73,1.36,7.69
2019/01/22,32.5,32.7,32.15,32.45,513.0,16644.0,-0.1538,0.3182,319.0,44.0,0.0,4.0,48.0,1926.0,71.0,38.0,9.0,27.0,0.0,10.71,1.36,7.7
2019/01/23,32.4,32.8,32.4,32.8,508.0,16579.0,1.0786,0.3151,302.0,26.0,0.0,-1.0,25.0,1970.0,117.0,73.0,2.0,25.0,0.0,10.83,1.38,7.62
2019/01/24,33.4,33.7,33.25,33.5,1574.0,52659.0,2.1341,0.9762,1003.0,-40.0,0.0,0.0,-40.0,1935.0,192.0,227.0,0.0,131.0,106.0,11.06,1.41,7.46
2019/01/25,33.6,33.7,33.25,33.45,719.0,24036.0,-0.1493,0.4459,424.0,36.0,0.0,-9.0,27.0,1949.0,142.0,128.0,90.0,48.0,7.0,11.04,1.4,7.47
2019/01/28,33.55,33.65,33.3,33.45,571.0,19132.0,0.0,0.3541,379.0,66.0,0.0,-11.0,55.0,1982.0,90.0,57.0,6.0,63.0,21.0,11.04,1.4,7.47
2019/01/29,33.4,33.55,32.85,33.55,667.0,22222.0,0.299,0.4137,432.0,31.0,0.0,-5.0,26.0,1950.0,40.0,72.0,7.0,56.0,0.0,11.07,1.41,7.45
2019/01/30,33.55,33.55,33.3,33.4,355.0,11867.0,-0.4471,0.2202,250.0,-49.0,-5.0,0.0,-54.0,1942.0,27.0,31.0,10.0,31.0,0.0,11.02,1.4,7.49
2019/02/11,34.2,34.4,33.8,34.1,1202.0,40966.0,2.0958,0.7455,751.0,-126.0,0.0,0.0,-126.0,2102.0,207.0,50.0,1.0,35.0,5.0,11.25,1.43,7.33
2019/02/12,34.1,34.15,33.9,33.95,454.0,15439.0,-0.4399,0.2816,312.0,55.0,0.0,0.0,55.0,2092.0,50.0,60.0,0.0,35.0,0.0,11.2,1.42,7.36
2019/02/13,34.05,34.15,33.85,34.05,571.0,19439.0,0.2946,0.3541,385.0,61.0,0.0,13.0,74.0,2098.0,75.0,69.0,1.0,36.0,2.0,11.24,1.43,7.34
2019/02/14,34.2,34.2,33.9,33.95,378.0,12878.0,-0.2937,0.2344,295.0,26.0,0.0,0.0,26.0,2121.0,45.0,22.0,9.0,28.0,1.0,11.2,1.42,7.36
2019/02/15,34.1,34.1,33.4,33.45,719.0,24205.0,-1.4728,0.4459,421.0,-2.0,0.0,1.0,-1.0,2041.0,91.0,151.0,5.0,23.0,0.0,11.04,1.4,7.47
2019/02/18,33.45,34.35,33.45,34.15,1246.0,42456.0,2.0927,0.7728,737.0,172.0,0.0,-1.0,171.0,1983.0,90.0,148.0,5.0,30.0,12.0,11.2706,1.43,7.32
2019/02/19,34.35,34.5,33.95,34.15,559.0,19159.0,0.0,0.3467,325.0,-20.0,0.0,-4.0,-24.0,2051.0,126.0,58.0,6.0,25.0,1.0,11.27,1.43,7.32
2019/02/20,34.2,34.45,34.15,34.15,493.0,16907.0,0.0,0.3058,322.0,7.0,-13.0,30.0,24.0,2062.0,112.0,99.0,3.0,22.0,0.0,11.27,1.43,7.32
2019/02/21,34.5,35.3,34.15,35.25,1190.0,41310.0,3.2211,0.738,695.0,-99.0,-3.0,4.0,-98.0,2313.0,333.0,82.0,0.0,27.0,5.0,11.6337,1.48,7.09
2019/02/22,35.25,35.25,34.75,34.95,796.0,27842.0,-0.8511,0.4941,495.0,25.0,0.0,0.0,25.0,2362.0,213.0,164.0,3.0,24.0,0.0,11.57,1.46,7.15
2019/02/25,35.1,35.15,34.45,34.7,1504.0,52307.0,-0.7153,0.9335,772.0,-76.0,0.0,0.0,-76.0,2110.0,257.0,509.0,5.0,27.0,8.0,11.49,1.45,7.78
2019/02/26,34.7,35.2,34.7,34.9,579.0,20261.0,0.5764,0.3594,353.0,-23.0,0.0,-16.0,-39.0,2059.0,49.0,99.0,0.0,28.0,1.0,11.56,1.46,7.74
2019/02/27,35.3,35.4,34.8,35.25,649.0,22795.0,1.0029,0.4028,473.0,26.0,0.0,0.0,26.0,2026.0,45.0,78.0,5.0,24.0,1.0,11.6722,1.47,7.66
2019/03/04,35.3,35.6,35.25,35.5,672.0,23803.0,0.7092,0.4171,459.0,7.0,0.0,-26.0,-19.0,2055.0,73.0,44.0,4.0,20.0,0.0,11.755,1.48,7.61
2019/03/05,35.5,35.5,35.25,35.35,299.0,10591.0,-0.4225,0.1856,260.0,-33.0,0.0,-11.0,-44.0,2037.0,6.0,24.0,0.0,20.0,0.0,11.71,1.48,7.64
2019/03/06,35.35,35.45,35.2,35.2,376.0,13310.0,-0.4243,0.2334,326.0,-51.0,0.0,-7.0,-58.0,2001.0,7.0,43.0,0.0,20.0,0.0,11.6556,1.47,7.67
2019/03/07,35.1,35.25,34.55,34.6,542.0,18885.0,-1.7045,0.3364,398.0,-84.0,0.0,0.0,-84.0,1953.0,27.0,75.0,3.0,17.0,0.0,11.457,1.44,7.8
2019/03/08,34.5,35.15,34.2,34.9,540.0,18831.0,0.8671,0.3352,419.0,-84.0,0.0,-1.0,-85.0,1931.0,38.0,60.0,0.0,29.0,12.0,11.56,1.46,7.74
2019/03/11,34.9,35.4,34.9,35.35,928.0,32678.0,1.2894,0.576,564.0,9.0,0.0,-1.0,8.0,1910.0,57.0,78.0,9.0,22.0,2.0,11.7053,1.48,7.64
2019/03/12,35.35,35.35,35.15,35.35,318.0,11231.0,0.0,0.1974,250.0,-17.0,0.0,0.0,-17.0,1923.0,50.0,37.0,0.0,22.0,0.0,11.7053,1.48,7.64
2019/03/13,35.35,35.35,35.05,35.1,261.0,9171.0,-0.7072,0.162,192.0,-15.0,0.0,0.0,-15.0,1923.0,11.0,11.0,5.0,17.0,0.0,11.6225,1.47,7.69
2019/03/14,35.35,35.5,35.2,35.3,432.0,15309.0,0.5698,0.2681,330.0,27.0,0.0,0.0,27.0,1958.0,69.0,33.0,0.0,17.0,0.0,11.6887,1.47,7.65
2019/03/15,35.3,35.55,34.7,34.7,903.0,31717.0,-1.6997,0.5605,532.0,-342.0,0.0,41.0,-301.0,2022.0,95.0,31.0,3.0,14.0,0.0,11.49,1.45,7.78
2019/03/18,35.1,35.15,35.0,35.1,288.0,10104.0,1.1527,0.1788,217.0,7.0,0.0,0.0,7.0,2013.0,13.0,22.0,0.0,14.0,0.0,11.62,1.47,7.69
2019/03/19,34.8,35.25,34.8,35.1,316.0,11075.0,0.0,0.1961,259.0,17.0,0.0,0.0,17.0,2002.0,11.0,22.0,0.0,14.0,0.0,11.62,1.47,7.69
2019/03/20,35.1,36.05,34.9,35.75,1657.0,59175.0,1.8519,1.0285,930.0,-115.0,0.0,0.0,-115.0,2108.0,202.0,96.0,0.0,15.0,1.0,11.84,1.49,7.55
2019/03/21,35.75,35.75,35.25,35.5,642.0,22818.0,-0.6993,0.3985,466.0,-161.0,0.0,0.0,-161.0,2053.0,74.0,129.0,0.0,15.0,0.0,11.75,1.48,7.61
2019/03/22,35.65,35.8,35.3,35.4,486.0,17237.0,-0.2817,0.3017,325.0,-93.0,35.0,0.0,-58.0,1961.0,37.0,129.0,0.0,15.0,0.0,11.72,1.48,7.63
2019/03/25,35.25,35.25,34.85,35.0,262.0,9205.0,-1.1299,0.1626,217.0,-41.0,0.0,0.0,-41.0,1955.0,21.0,27.0,0.0,15.0,0.0,11.59,1.46,7.71
2019/03/26,35.1,35.3,35.05,35.15,306.0,10791.0,0.4286,0.1899,163.0,-2.0,0.0,0.0,-2.0,2012.0,66.0,9.0,0.0,15.0,0.0,11.64,1.47,7.68
2019/03/27,35.2,35.3,35.0,35.0,318.0,11196.0,-0.4267,0.1974,220.0,-30.0,0.0,-1.0,-31.0,1967.0,6.0,51.0,0.0,15.0,0.0,11.59,1.46,7.71
2019/03/28,35.0,35.25,34.9,35.0,373.0,13095.0,0.0,0.2315,244.0,-107.0,0.0,0.0,-107.0,1960.0,4.0,11.0,0.0,15.0,0.0,11.59,1.46,7.71
2019/03/29,34.9,35.1,34.9,35.05,198.0,6959.0,0.1429,0.1229,153.0,-25.0,0.0,0.0,-25.0,1958.0,16.0,18.0,1.0,14.0,0.0,11.61,1.46,7.7
2019/04/01,35.25,35.4,35.0,35.15,263.0,9262.0,0.2853,0.1632,177.0,-53.0,0.0,0.0,-53.0,1962.0,17.0,13.0,1.0,13.0,0.0,11.64,1.47,7.68
2019/04/02,35.2,35.3,35.05,35.05,261.0,9191.0,-0.2845,0.162,201.0,-59.0,0.0,0.0,-59.0,1961.0,11.0,12.0,5.0,8.0,0.0,11.61,1.46,7.7
2019/04/03,35.15,35.4,35.1,35.25,412.0,14538.0,0.5706,0.2557,289.0,-32.0,-5.0,1.0,-36.0,1968.0,27.0,15.0,0.0,8.0,0.0,11.67,1.47,7.66
2019/04/08,35.5,35.5,34.95,34.95,576.0,20286.0,-0.8511,0.3575,398.0,-103.0,0.0,0.0,-103.0,1981.0,26.0,13.0,0.0,8.0,0.0,11.57,1.46,7.73
2019/04/09,34.95,35.2,34.95,35.05,615.0,21559.0,0.2861,0.3817,425.0,136.0,0.0,0.0,136.0,1991.0,18.0,8.0,0.0,8.0,0.0,11.61,1.46,7.7
2019/04/10,35.05,35.2,35.05,35.2,275.0,9672.0,0.428,0.1707,266.0,41.0,0.0,15.0,56.0,2016.0,36.0,11.0,0.0,8.0,0.0,11.66,1.47,7.67
2019/04/11,35.2,35.3,34.85,34.95,593.0,20810.0,-0.7102,0.3681,306.0,-82.0,0.0,0.0,-82.0,2023.0,28.0,19.0,1.0,7.0,0.0,11.57,1.46,7.73
2019/04/12,35.15,35.15,34.85,35.0,304.0,10630.0,0.1431,0.1887,215.0,49.0,0.0,0.0,49.0,1954.0,18.0,87.0,0.0,7.0,0.0,11.59,1.46,7.71
2019/04/15,35.05,35.2,35.0,35.05,209.0,7360.0,0.1429,0.1297,159.0,0.0,-7.0,0.0,-7.0,1925.0,4.0,33.0,0.0,7.0,0.0,11.61,1.46,7.7
2019/04/16,35.1,35.2,35.0,35.05,278.0,9785.0,0.0,0.1726,186.0,16.0,0.0,-6.0,10.0,1931.0,24.0,18.0,2.0,5.0,0.0,11.61,1.46,7.7
2019/04/17,35.0,35.5,35.0,35.3,640.0,22550.0,0.7133,0.3973,435.0,110.0,0.0,0.0,110.0,1974.0,57.0,14.0,0.0,5.0,0.0,11.69,1.47,7.65
2019/04/18,35.3,35.3,34.95,34.95,440.0,15452.0,-0.9915,0.2731,261.0,-143.0,0.0,0.0,-143.0,1983.0,52.0,43.0,5.0,0.0,0.0,11.57,1.46,7.73
2019/04/19,34.95,35.45,34.95,35.15,670.0,23662.0,0.5722,0.4159,273.0,-34.0,0.0,-13.0,-47.0,1988.0,60.0,54.0,0.0,0.0,0.0,11.64,1.47,7.68
2019/04/22,35.2,35.9,35.2,35.65,828.0,29493.0,1.4225,0.5139,605.0,86.0,0.0,0.0,86.0,2021.0,122.0,89.0,0.0,0.0,0.0,11.8,1.49,7.57
2019/04/23,35.85,35.85,35.25,35.3,389.0,13807.0,-0.9818,0.2415,268.0,-44.0,0.0,0.0,-44.0,2028.0,43.0,36.0,0.0,0.0,0.0,11.69,1.47,7.65
2019/04/24,35.6,35.6,35.3,35.3,243.0,8616.0,0.0,0.1508,180.0,14.0,0.0,0.0,14.0,2003.0,27.0,51.0,0.0,0.0,0.0,11.69,1.47,7.65
2019/04/25,35.4,35.6,35.4,35.45,185.0,6593.0,0.4249,0.1148,154.0,28.0,-22.0,0.0,6.0,2004.0,36.0,35.0,0.0,0.0,0.0,11.74,1.48,7.62
2019/04/26,35.6,35.85,35.45,35.55,925.0,33002.0,0.2821,0.5742,551.0,-235.0,0.0,0.0,-235.0,2067.0,156.0,93.0,0.0,0.0,0.0,11.77,1.48,7.59
2019/04/29,35.45,35.55,35.05,35.15,502.0,17682.0,-1.1252,0.3116,301.0,-32.0,0.0,0.0,-32.0,2000.0,25.0,91.0,0.0,1.0,1.0,11.64,1.47,7.68
2019/04/30,35.15,35.15,34.95,35.05,310.0,10894.0,-0.2845,0.1924,217.0,57.0,0.0,0.0,57.0,1949.0,18.0,69.0,0.0,2.0,1.0,11.61,1.46,7.7
2019/05/02,35.05,35.2,35.05,35.15,204.0,7179.0,0.2853,0.1266,137.0,41.0,0.0,-7.0,34.0,1924.0,3.0,28.0,0.0,2.0,0.0,11.64,1.47,7.68
2019/05/03,35.1,35.25,35.1,35.15,247.0,8697.0,0.0,0.1533,181.0,-37.0,0.0,0.0,-37.0,1945.0,50.0,12.0,0.0,2.0,0.0,11.64,1.47,7.68
2019/05/06,35.0,35.0,34.5,34.5,799.0,27700.0,-1.8492,0.4959,506.0,-68.0,0.0,0.0,-68.0,1702.0,32.0,272.0,1.0,6.0,5.0,11.42,1.44,7.83
2019/05/07,35.0,35.05,34.8,34.8,333.0,11661.0,0.8696,0.2067,242.0,137.0,0.0,0.0,137.0,1656.0,12.0,48.0,0.0,7.0,1.0,11.52,1.45,7.76
2019/05/08,34.8,35.1,34.7,34.95,199.0,6955.0,0.431,0.1235,161.0,31.0,0.0,6.0,37.0,1653.0,15.0,18.0,1.0,11.0,5.0,11.57,1.46,7.73
2019/05/09,34.95,35.0,34.5,34.7,366.0,12733.0,-0.7153,0.2272,243.0,0.0,0.0,0.0,0.0,1686.0,47.0,14.0,0.0,12.0,1.0,11.49,1.45,7.78
2019/05/10,34.4,34.85,34.3,34.4,250.0,8643.0,-0.8646,0.1552,194.0,-54.0,0.0,0.0,-54.0,1676.0,20.0,20.0,1.0,11.0,0.0,12.03,1.4,7.85
2019/05/13,34.05,34.35,33.6,33.7,422.0,14367.0,-2.0349,0.262,298.0,-39.0,0.0,3.0,-36.0,1687.0,27.0,16.0,8.0,3.0,0.0,11.78,1.37,8.01
2019/05/14,32.55,33.8,32.55,33.75,312.0,10411.0,0.1484,0.1937,226.0,-61.0,0.0,19.0,-42.0,1692.0,32.0,17.0,1.0,7.0,5.0,11.8,1.37,8.0
2019/05/15,34.0,34.15,33.8,33.9,203.0,6891.0,0.4444,0.126,153.0,-31.0,0.0,0.0,-31.0,1695.0,10.0,7.0,3.0,4.0,0.0,11.85,1.38,7.96
2019/05/16,33.9,34.35,33.7,33.7,365.0,12438.0,-0.59,0.2266,248.0,-98.0,0.0,0.0,-98.0,1716.0,36.0,15.0,1.0,20.0,17.0,11.78,1.37,8.01
2019/05/17,33.85,33.95,33.65,33.7,272.0,9207.0,0.0,0.1688,185.0,-58.0,0.0,-1.0,-59.0,1705.0,2.0,13.0,0.0,25.0,5.0,11.78,1.37,8.01
2019/05/20,33.75,33.8,33.15,33.25,334.0,11169.0,-1.3353,0.2073,247.0,-96.0,0.0,6.0,-90.0,1693.0,17.0,28.0,2.0,27.0,4.0,11.63,1.35,8.12
2019/05/21,33.2,33.35,32.95,33.1,299.0,9915.0,-0.4511,0.1856,207.0,-97.0,0.0,3.0,-94.0,1721.0,34.0,6.0,1.0,28.0,2.0,11.57,1.35,8.16
2019/05/22,33.2,34.0,33.15,33.7,657.0,22242.0,1.8127,0.4078,461.0,-154.0,0.0,1.0,-153.0,1820.0,127.0,28.0,0.0,51.0,23.0,11.78,1.37,8.01
2019/05/23,33.6,33.6,33.2,33.3,345.0,11544.0,-1.1869,0.2142,279.0,-15.0,29.0,0.0,14.0,1703.0,27.0,93.0,6.0,45.0,0.0,11.64,1.35,8.11
2019/05/24,33.1,33.6,33.1,33.35,177.0,5934.0,0.1502,0.1099,162.0,-19.0,0.0,0.0,-19.0,1692.0,2.0,13.0,5.0,40.0,0.0,11.66,1.36,8.1
2019/05/27,33.55,33.7,33.3,33.5,221.0,7417.0,0.4498,0.1372,155.0,-27.0,0.0,0.0,-27.0,1639.0,8.0,41.0,27.0,13.0,0.0,11.71,1.36,8.06
2019/05/28,33.5,33.65,33.4,33.45,169.0,5672.0,-0.1493,0.1049,131.0,-46.0,0.0,0.0,-46.0,1635.0,6.0,10.0,0.0,23.0,10.0,11.7,1.36,8.07
2019/05/29,33.3,33.45,33.2,33.35,391.0,13030.0,-0.299,0.2427,254.0,-212.0,0.0,-1.0,-213.0,1634.0,7.0,8.0,0.0,24.0,1.0,11.66,1.36,8.1
2019/05/30,33.3,34.1,33.3,33.65,734.0,24834.0,0.8996,0.4556,507.0,-168.0,0.0,0.0,-168.0,1709.0,99.0,24.0,0.0,24.0,0.0,11.77,1.37,8.02
2019/05/31,33.65,34.25,33.65,34.1,708.0,24166.0,1.3373,0.4395,441.0,27.0,11.0,0.0,38.0,1542.0,44.0,210.0,10.0,24.0,10.0,11.92,1.39,7.92
2019/06/03,34.1,34.35,33.9,33.95,199.0,6764.0,-0.4399,0.1235,137.0,-19.0,0.0,0.0,-19.0,1541.0,10.0,11.0,10.0,14.0,0.0,11.87,1.38,7.95
2019/06/04,33.8,34.1,33.8,33.8,121.0,4119.0,-0.4418,0.0751,99.0,-15.0,0.0,-2.0,-17.0,1531.0,8.0,7.0,0.0,14.0,0.0,11.82,1.37,7.99
2019/06/05,34.0,34.0,33.8,33.8,248.0,8415.0,0.0,0.1539,104.0,-42.0,0.0,-1.0,-43.0,1466.0,3.0,68.0,0.0,14.0,0.0,11.82,1.37,7.99
2019/06/06,33.8,33.8,33.65,33.7,183.0,6187.0,-0.2959,0.1136,123.0,-51.0,0.0,-1.0,-52.0,1466.0,5.0,5.0,0.0,14.0,0.0,11.78,1.37,8.01
2019/06/10,33.75,34.2,33.75,34.05,197.0,6737.0,1.0386,0.1223,135.0,-48.0,0.0,0.0,-48.0,1473.0,29.0,12.0,0.0,14.0,0.0,11.91,1.38,7.93
2019/06/11,34.2,34.25,34.1,34.2,225.0,7720.0,0.4405,0.1397,138.0,-28.0,0.0,0.0,-28.0,1448.0,8.0,33.0,1.0,13.0,0.0,11.96,1.39,7.89
2019/06/12,34.25,34.25,34.0,34.1,230.0,7852.0,-0.2924,0.1428,141.0,-129.0,0.0,1.0,-128.0,1453.0,10.0,5.0,0.0,13.0,0.0,11.92,1.39,7.92
2019/06/13,34.05,34.25,34.05,34.2,108.0,3715.0,0.2933,0.067,82.0,1.0,0.0,0.0,1.0,1428.0,5.0,27.0,0.0,13.0,0.0,11.96,1.39,7.89
2019/06/14,34.35,34.45,34.25,34.4,150.0,5159.0,0.5848,0.0931,110.0,3.0,0.0,-9.0,-6.0,1411.0,0.0,17.0,0.0,13.0,0.0,12.03,1.4,7.85
2019/06/17,34.4,34.45,34.05,34.15,198.0,6817.0,-0.7267,0.1229,146.0,-64.0,0.0,0.0,-64.0,1403.0,6.0,14.0,0.0,13.0,0.0,11.94,1.39,7.91
2019/06/18,34.15,34.2,33.85,34.0,264.0,8971.0,-0.4392,0.1639,209.0,-89.0,16.0,0.0,-73.0,1404.0,3.0,2.0,0.0,13.0,0.0,11.89,1.38,7.94
2019/06/19,34.2,34.35,34.0,34.2,366.0,12513.0,0.5882,0.2272,310.0,-110.0,0.0,26.0,-84.0,1415.0,16.0,5.0,0.0,13.0,0.0,11.96,1.39,7.89
2019/06/20,34.2,34.5,34.1,34.2,320.0,10986.0,0.0,0.1986,220.0,-62.0,4.0,4.0,-54.0,1401.0,38.0,52.0,0.0,13.0,0.0,11.96,1.39,7.89
2019/06/21,34.3,34.4,34.1,34.3,404.0,13844.0,0.2924,0.2508,281.0,7.0,1.0,0.0,8.0,1407.0,11.0,5.0,0.0,13.0,0.0,11.99,1.39,7.87
2019/06/24,34.3,34.5,34.25,34.4,201.0,6921.0,0.2915,0.1248,115.0,-2.0,0.0,0.0,-2.0,1413.0,21.0,15.0,0.0,13.0,0.0,12.03,1.4,7.85
2019/06/25,34.55,34.9,34.35,34.7,650.0,22538.0,0.8721,0.4035,453.0,-58.0,0.0,58.0,0.0,1447.0,94.0,60.0,1.0,12.0,0.0,12.13,1.41,7.78
2019/06/26,34.9,34.9,34.5,34.65,249.0,8653.0,-0.1441,0.1546,160.0,-35.0,5.0,1.0,-29.0,1455.0,32.0,23.0,0.0,12.0,0.0,12.12,1.41,7.79
2019/06/27,34.85,35.2,34.75,35.0,457.0,15985.0,1.0101,0.2837,278.0,54.0,0.0,60.0,114.0,1444.0,18.0,28.0,0.0,12.0,0.0,12.24,1.42,7.71
2019/06/28,35.0,35.35,35.0,35.25,462.0,16282.0,0.7143,0.2868,309.0,62.0,0.0,0.0,62.0,1418.0,16.0,42.0,0.0,12.0,0.0,12.33,1.43,7.66
2019/07/01,35.65,35.65,35.35,35.4,469.0,16634.0,0.4255,0.2911,344.0,-21.0,0.0,0.0,-21.0,1460.0,58.0,16.0,0.0,12.0,0.0,12.38,1.44,7.63
2019/07/02,35.45,35.55,35.25,35.5,364.0,12922.0,0.2825,0.226,317.0,-42.0,0.0,0.0,-42.0,1444.0,15.0,24.0,0.0,12.0,0.0,12.41,1.44,7.61
2019/07/03,35.55,35.55,35.2,35.3,592.0,20990.0,-0.5634,0.3675,436.0,-75.0,0.0,17.0,-58.0,1391.0,38.0,91.0,4.0,8.0,0.0,12.34,1.44,7.65
2019/07/04,35.3,35.7,35.3,35.55,694.0,24693.0,0.7082,0.4308,467.0,27.0,0.0,0.0,27.0,1383.0,16.0,24.0,0.0,8.0,0.0,12.43,1.45,7.59
2019/07/05,35.6,35.7,35.45,35.6,491.0,17512.0,0.1406,0.3048,318.0,28.0,0.0,0.0,28.0,1404.0,39.0,17.0,7.0,0.0,0.0,12.45,1.45,7.58
2019/07/08,35.6,35.8,35.6,35.75,738.0,26385.0,0.4213,0.4581,406.0,151.0,0.0,4.0,155.0,1321.0,12.0,95.0,0.0,0.0,0.0,12.5,1.45,7.55
2019/07/09,35.85,36.3,35.85,36.2,1557.0,56201.0,1.2587,0.9665,947.0,216.0,0.0,40.0,256.0,1433.0,204.0,92.0,0.0,0.0,0.0,12.66,1.47,7.46
2019/07/10,36.4,36.45,36.1,36.4,2488.0,90488.0,0.5525,1.5444,1333.0,45.0,0.0,67.0,112.0,1378.0,157.0,212.0,0.0,0.0,0.0,12.73,1.48,7.42
2019/07/11,33.9,34.4,33.85,34.15,1715.0,58426.0,1.2369,1.0646,950.0,305.0,3.0,22.0,330.0,1369.0,163.0,171.0,0.0,2.0,2.0,11.94,1.39,7.91
2019/07/12,34.1,34.25,33.8,33.85,661.0,22490.0,-0.8785,0.4103,493.0,-140.0,0.0,-10.0,-150.0,1385.0,45.0,29.0,0.0,3.0,1.0,11.84,1.38,7.98
2019/07/15,33.85,33.95,33.55,33.65,711.0,23964.0,-0.5908,0.4414,440.0,10.0,0.0,-93.0,-83.0,1323.0,72.0,134.0,2.0,3.0,2.0,11.77,1.37,8.02
2019/07/16,33.9,33.95,33.75,33.8,401.0,13571.0,0.4458,0.2489,265.0,67.0,0.0,-45.0,22.0,1309.0,6.0,20.0,0.0,3.0,0.0,11.82,1.37,7.99
2019/07/17,33.8,33.8,33.45,33.6,429.0,14394.0,-0.5917,0.2663,272.0,-38.0,8.0,-62.0,-92.0,1288.0,12.0,33.0,0.0,4.0,1.0,11.75,1.37,8.04
2019/07/18,33.6,33.65,33.25,33.3,456.0,15229.0,-0.8929,0.2831,307.0,-74.0,0.0,-33.0,-107.0,1273.0,18.0,32.0,0.0,5.0,1.0,11.64,1.35,8.11
2019/07/19,33.3,33.5,33.1,33.4,496.0,16552.0,0.3003,0.3079,325.0,-127.0,0.0,0.0,-127.0,1292.0,29.0,10.0,0.0,5.0,0.0,11.68,1.36,8.08
2019/07/22,33.6,33.8,33.4,33.6,427.0,14359.0,0.5988,0.2651,265.0,-56.0,0.0,0.0,-56.0,1296.0,44.0,40.0,2.0,3.0,0.0,11.75,1.37,8.04
2019/07/23,33.8,33.9,33.55,33.6,284.0,9603.0,0.0,0.1763,187.0,80.0,0.0,2.0,82.0,1255.0,14.0,55.0,0.0,3.0,0.0,11.75,1.37,8.04
2019/07/24,33.7,33.95,33.6,33.9,366.0,12398.0,0.8929,0.2272,269.0,82.0,0.0,-14.0,68.0,1258.0,33.0,30.0,0.0,3.0,0.0,11.85,1.38,7.96
2019/07/25,33.95,34.05,33.75,34.0,293.0,9936.0,0.295,0.1819,223.0,45.0,-3.0,0.0,42.0,1271.0,42.0,28.0,0.0,3.0,0.0,11.89,1.38,7.94
2019/07/26,34.05,34.05,33.85,33.9,205.0,6987.0,-0.2941,0.1273,128.0,-34.0,0.0,0.0,-34.0,1229.0,2.0,44.0,0.0,3.0,0.0,11.85,1.38,7.96
2019/07/29,33.9,33.9,33.55,33.6,291.0,9814.0,-0.885,0.1806,174.0,-114.0,0.0,0.0,-114.0,1181.0,31.0,76.0,0.0,5.0,2.0,11.75,1.37,8.04
2019/07/30,33.65,33.85,33.25,33.3,361.0,12078.0,-0.8929,0.2241,255.0,-170.0,0.0,0.0,-170.0,1169.0,29.0,40.0,3.0,5.0,3.0,11.64,1.35,8.11
2019/07/31,33.25,33.4,33.25,33.25,282.0,9393.0,-0.1502,0.1751,195.0,-64.0,0.0,-11.0,-75.0,1157.0,17.0,29.0,2.0,3.0,0.0,11.63,1.35,8.12
2019/08/01,33.1,33.2,33.05,33.1,257.0,8539.0,-0.4511,0.1595,184.0,-28.0,0.0,0.0,-28.0,1149.0,12.0,17.0,0.0,5.0,2.0,11.57,1.35,8.16
2019/08/02,32.95,32.95,32.65,32.7,406.0,13309.0,-1.2085,0.252,247.0,-111.0,0.0,0.0,-111.0,1117.0,7.0,39.0,4.0,2.0,1.0,11.43,1.33,8.26
2019/08/05,32.8,32.8,32.1,32.15,419.0,13556.0,-1.682,0.2601,280.0,-134.0,0.0,0.0,-134.0,1122.0,15.0,4.0,0.0,2.0,0.0,11.24,1.31,8.4
2019/08/06,31.65,32.1,31.55,32.1,427.0,13574.0,-0.1555,0.2651,274.0,14.0,0.0,0.0,14.0,1101.0,16.0,15.0,0.0,6.0,4.0,11.22,1.31,8.41
2019/08/07,32.4,32.75,32.2,32.2,167.0,5408.0,0.3115,0.1037,137.0,-32.0,0.0,-12.0,-44.0,1078.0,4.0,11.0,2.0,4.0,0.0,11.26,1.31,8.39
2019/08/08,33.0,33.0,32.55,32.85,232.0,7596.0,2.0186,0.144,196.0,-51.0,-3.0,0.0,-54.0,1085.0,16.0,9.0,2.0,2.0,0.0,11.49,1.34,8.22
2019/08/12,32.85,33.1,32.45,33.1,321.0,10564.0,0.761,0.1993,191.0,-30.0,0.0,0.0,-30.0,1101.0,33.0,17.0,0.0,2.0,0.0,11.57,1.35,8.16
2019/08/13,33.1,33.1,32.6,32.6,270.0,8870.0,-1.5106,0.1676,214.0,-164.0,0.0,-5.0,-169.0,1087.0,2.0,16.0,0.0,3.0,1.0,10.79,1.43,8.28
2019/08/14,33.6,33.85,33.35,33.5,731.0,24610.0,2.7607,0.4538,487.0,31.0,0.0,0.0,31.0,1190.0,136.0,33.0,0.0,3.0,0.0,11.09,1.46,8.06
2019/08/15,33.3,34.0,32.9,34.0,679.0,22895.0,1.4925,0.4215,450.0,99.0,0.0,263.0,362.0,1140.0,34.0,84.0,0.0,4.0,1.0,11.26,1.49,7.94
2019/08/16,34.0,34.9,34.0,34.75,986.0,33998.0,2.2059,0.6121,663.0,179.0,-2.0,2.0,179.0,1259.0,201.0,67.0,0.0,4.0,0.0,11.51,1.52,7.77
2019/08/19,35.15,35.9,35.15,35.35,1953.0,69236.0,1.7266,1.2123,1375.0,-399.0,0.0,1.0,-398.0,1503.0,381.0,137.0,0.0,7.0,3.0,11.71,1.55,7.64
2019/08/20,35.7,36.35,35.6,35.9,4032.0,145066.0,1.5559,2.5029,2157.0,299.0,0.0,-15.0,284.0,1343.0,390.0,550.0,0.0,10.0,3.0,11.89,1.57,7.52
2019/08/21,35.9,35.9,35.5,35.65,785.0,27981.0,-0.6964,0.4873,552.0,84.0,0.0,33.0,117.0,1356.0,43.0,30.0,0.0,14.0,4.0,11.8,1.56,7.57
2019/08/22,35.7,35.9,35.4,35.5,729.0,25929.0,-0.4208,0.4525,493.0,226.0,0.0,10.0,236.0,1272.0,27.0,111.0,1.0,13.0,0.0,11.75,1.55,7.61
2019/08/23,35.65,36.15,35.4,35.8,1088.0,39003.0,0.8451,0.6754,684.0,327.0,0.0,10.0,337.0,1272.0,105.0,105.0,0.0,18.0,5.0,11.85,1.57,7.54
2019/08/26,35.4,35.4,35.0,35.15,500.0,17608.0,-1.8156,0.3104,372.0,81.0,0.0,5.0,86.0,1268.0,32.0,35.0,3.0,20.0,5.0,11.64,1.54,7.68
2019/08/27,35.5,35.7,35.2,35.65,479.0,17041.0,1.4225,0.2973,291.0,161.0,0.0,4.0,165.0,1246.0,20.0,42.0,0.0,21.0,1.0,11.8,1.56,7.57
2019/08/28,35.8,36.0,35.45,35.45,415.0,14831.0,-0.561,0.2576,265.0,8.0,0.0,5.0,13.0,1215.0,21.0,52.0,0.0,23.0,2.0,11.74,1.55,7.62
2019/08/29,35.5,35.8,35.25,35.6,496.0,17606.0,0.4231,0.3079,307.0,131.0,0.0,3.0,134.0,1198.0,85.0,102.0,1.0,24.0,2.0,11.79,1.56,7.58
2019/08/30,35.95,36.15,35.85,35.85,1042.0,37517.0,0.7022,0.6468,566.0,170.0,0.0,11.0,181.0,1362.0,238.0,74.0,0.0,29.0,5.0,11.87,1.57,7.53
2019/09/02,36.0,36.3,35.95,36.2,841.0,30394.0,0.9763,0.5221,474.0,315.0,0.0,6.0,321.0,1454.0,156.0,64.0,0.0,29.0,0.0,11.99,1.58,7.46
2019/09/03,36.3,36.9,36.25,36.65,1765.0,64712.0,1.2431,1.0956,1058.0,274.0,0.0,-20.0,254.0,1447.0,241.0,248.0,0.0,34.0,5.0,12.14,1.6,7.37
2019/09/04,36.8,36.9,36.5,36.65,807.0,29610.0,0.0,0.501,436.0,167.0,0.0,12.0,179.0,1331.0,47.0,163.0,0.0,34.0,0.0,12.14,1.6,7.37
2019/09/05,36.9,37.35,36.7,36.7,879.0,32500.0,0.1364,0.5456,524.0,78.0,0.0,0.0,78.0,1346.0,111.0,96.0,0.0,34.0,0.0,12.15,1.6,7.36
2019/09/06,36.95,37.1,36.6,36.8,829.0,30561.0,0.2725,0.5146,494.0,371.0,0.0,38.0,409.0,1288.0,24.0,82.0,0.0,34.0,0.0,12.19,1.61,7.34
2019/09/09,37.5,40.45,37.5,38.5,10244.0,402114.0,4.6196,6.3591,5138.0,-195.0,0.0,-20.0,-215.0,2262.0,1320.0,346.0,2.0,95.0,63.0,12.75,1.68,7.01
2019/09/10,38.5,38.5,37.0,37.6,3067.0,115709.0,-2.3377,1.9039,1849.0,-541.0,0.0,30.0,-511.0,2258.0,353.0,347.0,37.0,72.0,14.0,12.45,1.64,7.18
2019/09/11,37.7,38.1,37.25,37.7,1424.0,53577.0,0.266,0.884,865.0,77.0,-3.0,-14.0,60.0,2052.0,97.0,303.0,25.0,49.0,2.0,12.48,1.65,7.16
2019/09/12,37.85,38.0,37.55,37.75,1028.0,38805.0,0.1326,0.6381,604.0,-62.0,0.0,9.0,-53.0,2010.0,89.0,131.0,0.0,50.0,1.0,12.5,1.65,7.15
2019/09/16,37.7,38.1,37.3,37.65,1255.0,47305.0,-0.2649,0.7791,783.0,405.0,0.0,-70.0,335.0,1878.0,45.0,176.0,0.0,50.0,0.0,12.47,1.65,7.17
2019/09/17,37.95,39.0,37.85,39.0,2137.0,82215.0,3.5857,1.3266,1393.0,653.0,0.0,0.0,653.0,1851.0,227.0,254.0,3.0,56.0,9.0,12.91,1.71,6.92
2019/09/18,39.8,40.9,38.75,39.85,6725.0,267843.0,2.1795,4.1746,4019.0,-828.0,0.0,-104.0,-932.0,2583.0,1168.0,433.0,1.0,82.0,27.0,13.2,1.74,6.78
2019/09/19,39.5,39.5,38.8,38.8,1673.0,65434.0,-2.6349,1.0385,1061.0,118.0,0.0,5.0,123.0,2522.0,188.0,249.0,9.0,74.0,1.0,12.85,1.7,6.96
2019/09/20,39.0,39.9,38.85,39.8,2201.0,87068.0,2.5773,1.3663,1396.0,157.0,0.0,14.0,171.0,2751.0,405.0,174.0,6.0,77.0,9.0,13.18,1.74,6.78
2019/09/23,40.0,40.85,39.65,40.15,2667.0,107343.0,0.8794,1.6556,1681.0,-400.0,0.0,40.0,-360.0,2840.0,383.0,294.0,0.0,108.0,31.0,13.29,1.76,6.72
2019/09/24,40.15,40.55,39.15,39.35,2386.0,94869.0,-1.9925,1.4811,1342.0,195.0,0.0,9.0,204.0,2794.0,239.0,285.0,17.0,91.0,0.0,13.03,1.72,6.86
2019/09/25,39.25,40.05,39.0,40.0,1363.0,53668.0,1.6518,0.8461,756.0,185.0,0.0,6.0,191.0,2647.0,98.0,245.0,30.0,68.0,7.0,13.25,1.75,6.75
2019/09/26,40.2,40.25,39.4,39.7,817.0,32535.0,-0.75,0.5072,527.0,65.0,30.0,0.0,95.0,2582.0,49.0,114.0,5.0,64.0,1.0,13.15,1.74,6.8
2019/09/27,40.0,40.0,38.7,39.1,1066.0,41817.0,-1.5113,0.6617,709.0,377.0,30.0,3.0,410.0,2371.0,51.0,257.0,6.0,65.0,7.0,12.95,1.71,6.91
2019/10/01,39.5,39.95,39.3,39.4,1197.0,47402.0,0.7673,0.743,811.0,55.0,0.0,-78.0,-23.0,2320.0,166.0,217.0,4.0,63.0,2.0,13.05,1.72,6.85
2019/10/02,39.05,39.35,39.0,39.1,813.0,31852.0,-0.7614,0.5047,554.0,28.0,0.0,-50.0,-22.0,2224.0,73.0,169.0,4.0,61.0,2.0,12.95,1.71,6.91
2019/10/03,38.65,39.5,38.5,39.2,1150.0,45052.0,0.2558,0.7139,616.0,49.0,0.0,-3.0,46.0,2223.0,102.0,103.0,3.0,61.0,3.0,12.98,1.71,6.89
2019/10/04,39.5,40.25,39.3,40.1,1765.0,70252.0,2.2959,1.0956,1043.0,308.0,0.0,3.0,311.0,2314.0,232.0,131.0,0.0,65.0,4.0,13.28,1.75,6.73
2019/10/07,40.15,40.4,39.55,39.75,1443.0,57699.0,-0.8728,0.8958,925.0,-322.0,0.0,2.0,-320.0,2458.0,298.0,154.0,0.0,65.0,0.0,13.16,1.74,6.79
2019/10/08,39.8,39.9,39.0,39.3,1093.0,43112.0,-1.1321,0.6785,632.0,23.0,0.0,-22.0,1.0,2380.0,102.0,180.0,1.0,64.0,0.0,13.01,1.72,6.87
2019/10/09,39.6,40.1,39.1,39.75,2438.0,96929.0,1.145,1.5134,1682.0,325.0,0.0,-19.0,306.0,2338.0,282.0,323.0,3.0,67.0,6.0,13.16,1.74,6.79
2019/10/14,40.7,40.8,40.15,40.3,1911.0,77179.0,1.3836,1.1863,1211.0,486.0,0.0,2.0,488.0,2344.0,233.0,227.0,2.0,70.0,5.0,13.34,1.76,6.7
2019/10/15,40.5,44.2,40.5,43.05,8755.0,372571.0,6.8238,5.4347,5302.0,1070.0,19.0,-53.0,1036.0,3659.0,1854.0,539.0,4.0,121.0,55.0,14.25,1.88,6.27
2019/10/16,42.65,43.65,42.2,42.6,4349.0,185959.0,-1.0453,2.6997,2733.0,-614.0,12.0,-12.0,-614.0,3840.0,892.0,711.0,25.0,102.0,6.0,14.11,1.86,6.34
2019/10/17,42.6,42.9,42.05,42.6,1578.0,66952.0,0.0,0.9796,1087.0,-145.0,0.0,-18.0,-163.0,3824.0,242.0,258.0,2.0,111.0,11.0,14.11,1.86,6.34
2019/10/18,42.65,43.5,42.5,43.3,2987.0,128929.0,1.6432,1.8542,1412.0,-119.0,15.0,60.0,-44.0,3926.0,432.0,330.0,5.0,113.0,8.0,14.34,1.89,6.24
2019/10/21,43.9,43.9,41.95,42.05,2311.0,98164.0,-2.8868,1.4346,1470.0,-429.0,0.0,-1.0,-430.0,3867.0,329.0,388.0,25.0,90.0,2.0,13.92,1.84,6.42
2019/10/22,42.35,43.45,42.0,43.0,2264.0,96784.0,2.2592,1.4054,1287.0,467.0,0.0,-5.0,462.0,3740.0,273.0,400.0,0.0,100.0,10.0,14.24,1.88,6.28
2019/10/23,43.0,43.2,42.5,42.9,1186.0,50865.0,-0.2326,0.7362,657.0,13.0,0.0,-17.0,-4.0,3700.0,141.0,181.0,6.0,96.0,2.0,14.21,1.88,6.29
2019/10/24,42.95,43.8,42.9,43.6,1741.0,75503.0,1.6317,1.0807,1096.0,-109.0,0.0,37.0,-72.0,3842.0,418.0,276.0,0.0,101.0,5.0,14.44,1.91,6.19
2019/10/25,43.75,43.8,42.8,43.6,1820.0,78810.0,0.0,1.1298,1114.0,-162.0,0.0,-5.0,-167.0,4022.0,441.0,255.0,2.0,100.0,1.0,14.44,1.91,6.19
2019/10/28,43.8,46.35,43.4,45.0,8927.0,402980.0,3.211,5.5415,5134.0,-500.0,12.0,-6.0,-494.0,4169.0,1191.0,1043.0,0.0,121.0,22.0,14.9,1.97,6.0
2019/10/29,44.7,45.25,44.3,44.6,3244.0,144886.0,-0.8889,2.0137,2032.0,-285.0,0.0,1.0,-284.0,4037.0,366.0,498.0,11.0,110.0,0.0,14.77,1.95,6.05
2019/10/30,44.3,44.9,44.3,44.7,1285.0,57297.0,0.2242,0.7977,920.0,-242.0,0.0,0.0,-242.0,4083.0,199.0,153.0,1.0,109.0,0.0,14.8,1.95,6.04
2019/10/31,44.9,44.9,43.85,44.4,2329.0,102953.0,-0.6711,1.4457,1244.0,-214.0,0.0,0.0,-214.0,4070.0,474.0,487.0,4.0,107.0,2.0,14.7,1.94,6.08
2019/11/01,44.25,45.1,44.25,44.8,1694.0,75901.0,0.9009,1.0516,997.0,313.0,0.0,10.0,323.0,4115.0,274.0,229.0,0.0,117.0,10.0,14.83,1.96,6.03
2019/11/04,45.0,45.1,44.45,45.0,1650.0,73968.0,0.4464,1.0243,933.0,19.0,0.0,40.0,59.0,4137.0,248.0,226.0,7.0,110.0,0.0,14.9,1.97,6.0
2019/11/05,45.2,45.6,44.75,45.5,4002.0,180833.0,1.1111,2.4843,2137.0,-228.0,0.0,38.0,-190.0,4135.0,655.0,657.0,10.0,104.0,4.0,15.07,1.99,5.93
2019/11/06,45.35,45.65,45.05,45.3,2233.0,101304.0,-0.4396,1.3862,1280.0,573.0,0.0,42.0,616.0,3773.0,116.0,478.0,1.0,108.0,5.0,15.0,1.98,5.96
2019/11/07,45.35,46.05,45.35,45.85,2883.0,132007.0,1.2141,1.7896,1706.0,590.0,0.0,17.0,607.0,3690.0,463.0,546.0,0.0,115.0,7.0,15.18,2.0,5.89
2019/11/08,46.05,47.1,44.1,44.15,4195.0,190950.0,-3.7077,2.6043,2639.0,-503.0,0.0,-6.0,-509.0,3616.0,506.0,580.0,22.0,110.0,17.0,14.72,1.83,6.12
2019/11/11,43.4,43.4,40.35,41.2,3915.0,162437.0,-6.6818,2.4305,2352.0,945.0,0.0,-135.0,810.0,3274.0,179.0,521.0,37.0,79.0,6.0,13.73,1.71,6.55
2019/11/12,41.7,42.05,41.6,41.85,1650.0,69092.0,1.5777,1.0243,1085.0,28.0,0.0,-2.0,26.0,3243.0,78.0,109.0,0.0,82.0,3.0,13.95,1.74,6.45
2019/11/13,41.7,41.95,41.0,41.55,1331.0,55267.0,-0.7168,0.8263,842.0,134.0,0.0,4.0,138.0,2989.0,74.0,328.0,2.0,92.0,12.0,13.85,1.73,6.5
2019/11/14,41.7,41.85,41.15,41.2,776.0,32063.0,-0.8424,0.4817,489.0,18.0,-3.0,7.0,22.0,2860.0,35.0,156.0,2.0,92.0,2.0,13.73,1.71,6.55
2019/11/15,41.35,42.0,41.35,41.7,729.0,30486.0,1.2136,0.4526,481.0,-8.0,0.0,-2.0,-10.0,2884.0,93.0,69.0,15.0,77.0,0.0,13.9,1.73,6.47
2019/11/18,41.95,42.0,41.6,41.75,600.0,25098.0,0.1199,0.3725,364.0,75.0,0.0,0.0,75.0,2719.0,59.0,224.0,2.0,75.0,0.0,13.92,1.73,6.47
2019/11/19,41.95,41.95,41.7,41.8,522.0,21835.0,0.1198,0.3241,366.0,-80.0,0.0,-2.0,-82.0,2697.0,20.0,42.0,2.0,73.0,0.0,13.93,1.74,6.46
2019/11/20,41.8,41.8,41.2,41.3,662.0,27455.0,-1.1962,0.411,421.0,20.0,0.0,-1.0,19.0,2627.0,26.0,96.0,1.0,72.0,0.0,13.77,1.72,6.54
2019/11/21,41.1,41.75,40.6,41.5,898.0,36899.0,0.4843,0.5575,584.0,57.0,0.0,3.0,60.0,2574.0,78.0,131.0,0.0,78.0,6.0,13.83,1.72,6.51
2019/11/22,41.2,41.75,41.2,41.3,400.0,16592.0,-0.4819,0.2483,267.0,-19.0,0.0,0.0,-19.0,2558.0,29.0,45.0,0.0,78.0,0.0,13.77,1.72,6.54
2019/11/25,41.4,41.55,41.05,41.05,692.0,28513.0,-0.6053,0.4296,405.0,-42.0,0.0,0.0,-42.0,2533.0,68.0,93.0,9.0,69.0,0.0,13.68,1.71,6.58
2019/11/26,41.2,41.85,41.2,41.55,640.0,26617.0,1.218,0.3973,392.0,272.0,0.0,7.0,279.0,2490.0,67.0,110.0,0.0,69.0,0.0,13.85,1.73,6.5
2019/11/27,41.8,42.2,41.8,42.2,713.0,30011.0,1.5644,0.4426,506.0,169.0,0.0,2.0,171.0,2455.0,39.0,74.0,0.0,71.0,2.0,14.07,1.75,6.4
2019/11/28,42.45,42.6,41.85,41.85,538.0,22688.0,-0.8294,0.334,410.0,-157.0,0.0,1.0,-156.0,2423.0,40.0,72.0,1.0,70.0,0.0,13.95,1.74,6.45
2019/11/29,42.0,42.2,41.6,41.7,653.0,27326.0,-0.3584,0.4054,379.0,-169.0,0.0,1.0,-168.0,2444.0,79.0,58.0,0.0,71.0,1.0,13.9,1.73,6.47
2019/12/02,42.0,42.0,40.55,41.0,775.0,31864.0,-1.6787,0.4811,449.0,16.0,0.0,0.0,16.0,2288.0,12.0,168.0,0.0,72.0,1.0,13.67,1.7,6.59
2019/12/03,40.65,41.3,40.65,41.05,332.0,13625.0,0.122,0.2061,226.0,87.0,0.0,2.0,89.0,2272.0,17.0,33.0,0.0,72.0,0.0,13.68,1.71,6.58
2019/12/04,41.1,41.9,41.1,41.75,422.0,17569.0,1.7052,0.262,301.0,90.0,0.0,0.0,90.0,2251.0,9.0,30.0,0.0,73.0,1.0,13.92,1.73,6.47
2019/12/05,42.1,42.5,42.0,42.2,499.0,21103.0,1.0778,0.3098,360.0,-26.0,0.0,0.0,-26.0,2263.0,80.0,68.0,0.0,73.0,0.0,14.07,1.75,6.4
2019/12/06,42.2,42.4,41.9,41.95,520.0,21923.0,-0.5924,0.3228,373.0,-47.0,0.0,0.0,-47.0,2290.0,86.0,59.0,5.0,68.0,0.0,13.98,1.74,6.44
2019/12/09,43.55,44.75,43.05,43.65,5390.0,237496.0,4.0524,3.3462,3237.0,5.0,-2.0,25.0,28.0,2714.0,763.0,339.0,2.0,72.0,6.0,14.55,1.81,6.19
2019/12/10,43.65,44.3,43.25,44.05,1604.0,70341.0,0.9164,0.9958,1042.0,-54.0,0.0,0.0,-54.0,2526.0,133.0,321.0,0.0,78.0,6.0,14.68,1.83,6.13
2019/12/11,44.05,44.15,43.75,44.05,737.0,32418.0,0.0,0.4575,535.0,-22.0,0.0,-1.0,-23.0,2488.0,61.0,98.0,0.0,78.0,0.0,14.68,1.83,6.13
2019/12/12,44.2,44.3,43.85,43.9,850.0,37449.0,-0.3405,0.5277,605.0,-158.0,0.0,-27.0,-185.0,2454.0,57.0,91.0,3.0,75.0,0.0,14.63,1.82,6.15
2019/12/13,44.15,44.35,43.7,43.95,733.0,32248.0,0.1139,0.4551,495.0,-29.0,0.0,-15.0,-44.0,2435.0,53.0,72.0,0.0,77.0,2.0,14.65,1.83,6.14
2019/12/16,44.1,45.25,44.1,44.65,2142.0,95975.0,1.5927,1.3298,1315.0,164.0,0.0,-3.0,161.0,2570.0,300.0,165.0,0.0,80.0,3.0,14.88,1.86,6.05
2019/12/17,45.2,46.0,45.15,45.5,2838.0,129434.0,1.9037,1.7619,1778.0,288.0,0.0,-2.0,286.0,2750.0,453.0,273.0,2.0,87.0,9.0,15.17,1.89,5.93
2019/12/18,45.3,46.45,45.25,45.45,2129.0,97451.0,-0.1099,1.3217,1291.0,274.0,0.0,-1.0,273.0,3006.0,546.0,290.0,1.0,92.0,6.0,15.15,1.89,5.94
2019/12/19,45.25,45.7,44.6,44.85,1218.0,54831.0,-1.3201,0.7561,819.0,21.0,0.0,0.0,21.0,3037.0,127.0,91.0,3.0,103.0,14.0,14.95,1.86,6.02
2019/12/20,45.1,45.1,44.5,44.5,691.0,30924.0,-0.7804,0.429,451.0,-152.0,0.0,42.0,-110.0,3066.0,76.0,47.0,2.0,101.0,0.0,14.83,1.85,6.07
2019/12/23,44.5,44.5,43.8,43.95,785.0,34628.0,-1.236,0.4873,492.0,74.0,0.0,2.0,76.0,2876.0,75.0,265.0,12.0,90.0,1.0,14.65,1.83,6.14
2019/12/24,43.95,44.45,43.95,44.25,330.0,14648.0,0.6826,0.2049,243.0,29.0,0.0,0.0,29.0,2856.0,20.0,40.0,0.0,90.0,0.0,14.75,1.84,6.1
2019/12/25,44.7,44.7,43.95,44.0,599.0,26432.0,-0.565,0.3719,427.0,55.0,0.0,15.0,70.0,2712.0,54.0,198.0,0.0,90.0,0.0,14.67,1.83,6.14
2019/12/26,44.2,44.4,43.9,43.95,495.0,21809.0,-0.1136,0.3073,354.0,48.0,-1.0,0.0,47.0,2609.0,21.0,123.0,0.0,90.0,0.0,14.65,1.83,6.14
2019/12/27,44.0,44.4,43.95,44.4,642.0,28368.0,1.0239,0.3986,426.0,66.0,0.0,0.0,66.0,2654.0,111.0,66.0,10.0,80.0,0.0,14.8,1.84,6.08
2019/12/30,44.6,44.9,44.3,44.3,826.0,36852.0,-0.2252,0.5128,503.0,-92.0,0.0,2.0,-90.0,2677.0,144.0,121.0,0.0,80.0,0.0,14.77,1.84,6.09
2019/12/31,44.15,44.3,44.05,44.15,559.0,24683.0,-0.3386,0.347,454.0,17.0,0.0,-1.0,16.0,2648.0,37.0,66.0,0.0,80.0,0.0,14.72,1.83,6.12
2020/01/02,44.1,44.7,44.05,44.7,548.0,24321.0,1.2458,0.3402,375.0,36.0,0.0,0.0,36.0,2646.0,89.0,91.0,2.0,78.0,0.0,14.9,1.86,6.04
2020/01/03,44.9,44.95,43.5,43.75,876.0,38622.0,-2.1253,0.5438,636.0,-241.0,0.0,1.0,-240.0,2613.0,84.0,117.0,2.0,76.0,0.0,14.58,1.82,6.17
2020/01/06,43.4,43.5,42.65,42.65,1041.0,44711.0,-2.5143,0.6463,654.0,-5.0,0.0,0.0,-5.0,2528.0,72.0,157.0,3.0,74.0,1.0,14.22,1.77,6.33
2020/01/07,42.8,43.0,42.05,42.1,735.0,31158.0,-1.2896,0.4563,474.0,-109.0,0.0,0.0,-109.0,2559.0,59.0,28.0,3.0,74.0,3.0,14.03,1.75,6.41
2020/01/08,41.5,42.15,41.4,41.6,516.0,21571.0,-1.1876,0.3203,369.0,4.0,0.0,-2.0,2.0,2492.0,34.0,101.0,1.0,73.0,0.0,13.87,1.73,6.49
2020/01/09,41.9,42.3,41.75,42.1,656.0,27599.0,1.2019,0.4073,392.0,-31.0,0.0,16.0,-15.0,2500.0,49.0,39.0,8.0,65.0,0.0,14.03,1.75,6.41
2020/01/10,42.2,42.5,41.75,42.0,564.0,23670.0,-0.2375,0.3501,394.0,-48.0,0.0,1.0,-47.0,2528.0,45.0,17.0,0.0,65.0,0.0,14.0,1.74,6.43
2020/01/13,42.4,42.4,42.05,42.3,428.0,18054.0,0.7143,0.2657,282.0,58.0,0.0,0.0,58.0,2509.0,4.0,23.0,0.0,65.0,0.0,14.1,1.76,6.38
2020/01/14,42.55,43.1,42.55,42.75,678.0,29005.0,1.0638,0.4209,451.0,-160.0,0.0,0.0,-160.0,2574.0,141.0,76.0,0.0,65.0,0.0,14.25,1.78,6.32
2020/01/15,42.75,42.8,42.25,42.4,584.0,24836.0,-0.8187,0.3626,373.0,-56.0,0.0,-11.0,-67.0,2487.0,83.0,170.0,0.0,70.0,5.0,14.13,1.76,6.37
2020/01/16,42.4,42.45,42.25,42.4,490.0,20767.0,0.0,0.3042,283.0,40.0,0.0,-6.0,34.0,2462.0,13.0,38.0,0.0,70.0,0.0,14.13,1.76,6.37
2020/01/17,42.4,42.6,42.25,42.5,393.0,16712.0,0.2358,0.244,263.0,10.0,10.0,-4.0,16.0,2449.0,26.0,39.0,0.0,70.0,0.0,14.17,1.77,6.35
2020/01/20,42.4,42.85,42.4,42.65,526.0,22440.0,0.3529,0.3265,303.0,-47.0,1.0,0.0,-46.0,2419.0,7.0,32.0,0.0,70.0,0.0,14.22,1.77,6.33
2020/01/30,40.3,40.5,38.55,38.85,2319.0,91746.0,-8.9097,1.4397,1311.0,-328.0,0.0,8.0,-320.0,2365.0,63.0,117.0,9.0,61.0,0.0,12.95,1.61,6.95
2020/01/31,39.7,41.35,39.3,40.9,1625.0,65436.0,5.2767,1.0088,1057.0,636.0,0.0,0.0,636.0,2362.0,68.0,71.0,0.0,76.0,15.0,13.63,1.7,6.6
2020/02/03,39.55,40.0,38.8,40.0,1661.0,65510.0,-2.2005,1.0312,1009.0,-147.0,0.0,-9.0,-156.0,2347.0,80.0,94.0,11.0,68.0,3.0,13.33,1.66,6.75
2020/02/04,40.1,40.45,39.7,40.0,773.0,30947.0,0.0,0.4799,527.0,-125.0,0.0,-7.0,-132.0,2358.0,87.0,76.0,0.0,68.0,0.0,13.33,1.66,6.75
2020/02/05,40.2,40.35,39.8,39.9,596.0,23887.0,-0.25,0.37,377.0,-127.0,0.0,-5.0,-132.0,2311.0,16.0,62.0,1.0,68.0,2.0,13.3,1.66,6.77
2020/02/06,40.0,40.75,40.0,40.6,670.0,27193.0,1.7544,0.4159,442.0,80.0,0.0,2.0,82.0,2328.0,46.0,29.0,0.0,74.0,6.0,13.53,1.69,6.65
2020/02/07,40.65,40.7,40.0,40.0,732.0,29467.0,-1.4778,0.4544,480.0,-175.0,0.0,0.0,-175.0,2364.0,59.0,23.0,1.0,73.0,0.0,13.33,1.66,6.75
2020/02/10,39.6,40.65,39.15,40.35,965.0,38733.0,0.875,0.5991,627.0,161.0,0.0,4.0,165.0,2420.0,117.0,61.0,6.0,67.0,0.0,13.45,1.68,6.69
2020/02/11,40.8,41.5,40.7,41.35,1002.0,41348.0,2.4783,0.6221,681.0,17.0,0.0,1.0,18.0,2448.0,137.0,109.0,1.0,74.0,8.0,13.78,1.72,6.53
2020/02/12,41.35,42.1,41.35,41.75,949.0,39694.0,0.9674,0.5891,568.0,-169.0,0.0,4.0,-165.0,2366.0,41.0,123.0,0.0,77.0,3.0,13.92,1.73,6.47
2020/02/13,41.7,41.95,41.2,41.2,810.0,33659.0,-1.3174,0.5029,534.0,-183.0,0.0,0.0,-183.0,2289.0,34.0,111.0,2.0,76.0,1.0,13.73,1.71,6.55
2020/02/14,41.4,42.1,41.2,41.9,1158.0,48477.0,1.699,0.7189,743.0,-45.0,0.0,-7.0,-52.0,2283.0,43.0,49.0,0.0,76.0,0.0,13.97,1.74,6.44
2020/02/17,41.9,41.9,41.4,41.55,871.0,36272.0,-0.8353,0.5407,575.0,-436.0,0.0,2.0,-434.0,2415.0,137.0,5.0,0.0,76.0,0.0,13.85,1.73,6.5
2020/02/18,41.5,41.6,41.3,41.55,627.0,26019.0,0.0,0.3892,450.0,-166.0,0.0,-3.0,-169.0,2463.0,73.0,25.0,0.0,76.0,0.0,13.85,1.73,6.5
2020/02/19,41.6,41.85,41.4,41.5,703.0,29224.0,-0.1203,0.4364,455.0,-350.0,0.0,6.0,-344.0,2475.0,46.0,34.0,0.0,76.0,0.0,13.83,1.72,6.51
2020/02/20,41.55,42.3,41.5,42.25,1882.0,78923.0,1.8072,1.1684,956.0,-363.0,0.0,43.0,-320.0,2710.0,342.0,107.0,0.0,76.0,0.0,14.08,1.76,6.39
2020/02/21,42.0,42.2,41.55,41.6,1561.0,65534.0,-1.5385,0.9691,871.0,-526.0,0.0,119.0,-407.0,2826.0,242.0,126.0,2.0,74.0,0.0,12.42,1.66,6.49
2020/02/24,42.5,44.75,42.4,44.35,9193.0,402132.0,6.6106,5.7071,5556.0,82.0,0.0,-32.0,50.0,2795.0,813.0,844.0,11.0,106.0,43.0,13.24,1.77,6.09
2020/02/25,44.0,44.5,43.5,44.2,3518.0,154631.0,-0.3382,2.184,2059.0,-277.0,-1.0,-30.0,-308.0,2932.0,353.0,211.0,22.0,90.0,6.0,13.19,1.76,6.11
2020/02/26,43.85,44.9,43.6,44.4,3068.0,135843.0,0.4525,1.9046,1831.0,225.0,0.0,133.0,358.0,2965.0,344.0,311.0,6.0,88.0,4.0,13.25,1.77,6.08
2020/02/27,44.95,45.5,43.95,44.1,4461.0,198892.0,-0.6757,2.7694,2697.0,-689.0,0.0,-25.0,-714.0,3160.0,493.0,298.0,12.0,85.0,9.0,13.16,1.76,6.12
2020/03/02,43.5,45.15,43.1,44.85,4122.0,183474.0,1.7007,2.559,2398.0,981.0,0.0,-31.0,950.0,3074.0,303.0,387.0,6.0,149.0,70.0,13.39,1.79,6.02
2020/03/03,45.7,45.95,45.05,45.2,3844.0,174665.0,0.7804,2.3864,2131.0,435.0,0.0,48.0,483.0,2985.0,292.0,381.0,0.0,156.0,7.0,13.49,1.8,5.97
2020/03/04,45.6,46.9,45.3,45.9,6385.0,293583.0,1.5487,3.9639,3942.0,-668.0,0.0,122.0,-546.0,3376.0,801.0,410.0,35.0,135.0,14.0,13.7,1.83,5.88
2020/03/05,46.3,46.75,46.25,46.55,3203.0,148720.0,1.4161,1.9885,1977.0,906.0,0.0,-81.0,825.0,3107.0,304.0,573.0,3.0,148.0,16.0,13.9,1.86,5.8
2020/03/06,46.75,51.0,46.65,50.2,10290.0,502077.0,7.841,6.3881,6455.0,1314.0,0.0,92.0,1406.0,3842.0,1309.0,573.0,50.0,139.0,42.0,14.99,2.0,5.38
2020/03/09,49.5,49.5,46.2,46.4,8378.0,397980.0,-7.5697,5.2011,5302.0,-1447.0,0.0,-88.0,-1535.0,3631.0,937.0,1147.0,66.0,88.0,15.0,13.85,1.85,5.82
2020/03/10,46.4,47.25,45.3,47.0,5683.0,263111.0,1.2931,3.5281,3356.0,-318.0,0.0,106.0,-212.0,3592.0,447.0,486.0,25.0,95.0,32.0,14.03,1.88,5.74
2020/03/11,48.0,48.0,45.8,46.2,4219.0,197965.0,-1.7021,2.6192,2679.0,181.0,0.0,-97.0,84.0,3517.0,264.0,339.0,19.0,76.0,0.0,13.79,1.84,5.84
2020/03/12,45.8,45.8,43.8,44.9,4901.0,219355.0,-2.8139,3.0426,2978.0,1452.0,0.0,-111.0,1341.0,2738.0,262.0,1037.0,13.0,86.0,23.0,13.4,1.79,6.01
2020/03/13,41.7,43.7,41.2,43.55,5189.0,218714.0,-3.0067,3.2214,3100.0,-997.0,0.0,-41.0,-1038.0,2718.0,445.0,419.0,28.0,86.0,28.0,13.0,1.74,6.2
2020/03/16,42.7,43.4,40.5,40.5,4039.0,169033.0,-7.0034,2.5074,2598.0,-1208.0,-5.0,-51.0,-1264.0,2670.0,398.0,420.0,22.0,108.0,44.0,12.09,1.62,6.67
2020/03/17,38.5,40.4,38.45,38.85,3436.0,134720.0,-4.0741,2.1331,2043.0,-669.0,0.0,-12.0,-681.0,2547.0,328.0,402.0,56.0,75.0,23.0,11.6,1.55,6.95
2020/03/18,39.4,39.6,37.2,37.2,3532.0,135466.0,-4.2471,2.1927,2254.0,-857.0,0.0,-106.0,-963.0,2434.0,241.0,346.0,15.0,106.0,46.0,11.1,1.48,7.26
2020/03/19,36.5,36.5,33.5,34.15,3788.0,131623.0,-8.1989,2.3516,2229.0,120.0,-7.0,-24.0,89.0,2186.0,262.0,493.0,28.0,134.0,56.0,10.19,1.36,7.91
2020/03/20,36.0,37.55,35.9,37.55,2735.0,101319.0,9.9561,1.6979,1583.0,89.0,-8.0,-57.0,24.0,2226.0,295.0,253.0,41.0,115.0,22.0,11.21,1.5,7.19
2020/03/23,36.0,37.6,35.3,36.85,1804.0,66154.0,-1.8642,1.1199,1201.0,-354.0,0.0,64.0,-290.0,2173.0,99.0,150.0,13.0,121.0,19.0,11.0,1.47,7.33
2020/03/24,37.85,38.75,37.65,38.15,2649.0,101179.0,3.5278,1.6445,1555.0,-797.0,0.0,2.0,-795.0,2301.0,267.0,139.0,10.0,114.0,3.0,11.39,1.52,7.08
2020/03/25,39.05,39.9,38.5,38.65,3570.0,140143.0,1.3106,2.2163,2237.0,-180.0,0.0,-72.0,-252.0,2261.0,343.0,383.0,13.0,106.0,5.0,11.54,1.54,8.54
2020/03/26,38.9,39.15,37.9,39.0,1858.0,71645.0,0.9056,1.1535,1251.0,248.0,-7.0,-10.0,231.0,2208.0,113.0,165.0,5.0,121.0,20.0,11.64,1.56,8.46
2020/03/27,39.85,40.25,39.1,39.1,2312.0,91432.0,0.2564,1.4353,1452.0,-495.0,0.0,17.0,-478.0,2140.0,181.0,249.0,23.0,99.0,1.0,11.67,1.56,8.44
2020/03/30,38.05,39.3,37.9,39.25,1078.0,41739.0,0.3836,0.6692,693.0,32.0,0.0,-1.0,31.0,2199.0,101.0,42.0,2.0,99.0,2.0,11.72,1.57,8.41
2020/03/31,39.55,39.75,39.0,39.15,1359.0,53464.0,-0.2548,0.8437,817.0,-314.0,2.0,-1.0,-313.0,2219.0,134.0,114.0,2.0,98.0,1.0,11.69,1.56,8.43
2020/04/01,39.1,39.55,38.95,39.5,981.0,38604.0,0.894,0.609,645.0,249.0,0.0,14.0,263.0,2223.0,91.0,86.0,5.0,94.0,1.0,11.79,1.58,8.35
2020/04/06,39.9,40.75,39.5,40.7,2507.0,101015.0,3.038,1.5564,1572.0,586.0,0.0,33.0,619.0,2202.0,239.0,257.0,30.0,62.0,0.0,12.15,1.62,8.11
2020/04/07,41.1,41.75,41.1,41.45,1803.0,74608.0,1.8428,1.1193,1163.0,131.0,0.0,1.0,132.0,2084.0,206.0,324.0,14.0,54.0,6.0,12.37,1.65,7.96
2020/04/08,41.45,41.95,41.3,41.8,1481.0,61789.0,0.8444,0.9194,1007.0,220.0,0.0,-32.0,188.0,1876.0,96.0,303.0,5.0,49.0,0.0,12.48,1.67,7.89
2020/04/09,43.05,43.95,42.65,43.25,3978.0,171904.0,3.4689,2.4696,2443.0,-255.0,-2.0,1.0,-256.0,1969.0,443.0,348.0,48.0,0.0,0.0,12.91,1.73,7.63
2020/04/10,43.55,43.85,43.3,43.35,1861.0,81051.0,0.2312,1.1553,1236.0,79.0,0.0,2.0,81.0,1912.0,137.0,194.0,0.0,0.0,0.0,12.94,1.73,7.61
2020/04/13,43.4,44.2,42.85,43.85,1855.0,81032.0,1.1534,1.1516,1108.0,275.0,0.0,113.0,388.0,1794.0,144.0,262.0,0.0,0.0,0.0,13.09,1.75,7.53
2020/04/14,44.1,44.9,44.0,44.9,2275.0,101273.0,2.3945,1.4123,1563.0,291.0,0.0,-90.0,201.0,1837.0,214.0,171.0,0.0,0.0,0.0,13.4,1.79,7.35
2020/04/15,45.2,45.45,44.6,44.9,2314.0,104226.0,0.0,1.4366,1379.0,66.0,0.0,-18.0,48.0,1926.0,295.0,206.0,0.0,16.0,16.0,13.4,1.79,7.35
2020/04/16,44.5,45.9,44.15,45.45,1837.0,82956.0,1.2249,1.1404,1146.0,604.0,0.0,27.0,631.0,2032.0,192.0,86.0,1.0,27.0,12.0,13.57,1.81,7.26
2020/04/17,46.3,46.45,44.8,45.15,2379.0,108275.0,-0.6601,1.4769,1489.0,99.0,0.0,-92.0,7.0,2016.0,139.0,150.0,1.0,29.0,3.0,13.48,1.8,7.31
2020/04/20,45.2,45.6,44.8,45.4,1238.0,56109.0,0.5537,0.7686,747.0,520.0,-20.0,7.0,507.0,1942.0,63.0,137.0,6.0,42.0,19.0,13.55,1.81,7.27
2020/04/21,45.4,45.6,44.05,44.2,2569.0,114628.0,-2.6432,1.5949,1481.0,385.0,-2.0,4.0,387.0,1823.0,86.0,205.0,10.0,35.0,3.0,13.19,1.76,7.47
2020/04/22,43.8,45.8,43.45,45.8,2147.0,96270.0,3.6199,1.3329,1356.0,378.0,-1.0,93.0,470.0,1771.0,151.0,203.0,8.0,46.0,19.0,13.67,1.83,7.21
2020/04/23,46.1,46.25,45.5,46.0,2142.0,98348.0,0.4367,1.3298,1223.0,-166.0,-2.0,2.0,-166.0,1689.0,159.0,231.0,4.0,59.0,17.0,13.73,1.84,7.17
2020/04/24,45.9,46.1,45.65,45.75,1133.0,51941.0,-0.5435,0.7034,661.0,119.0,-2.0,24.0,141.0,1730.0,83.0,42.0,7.0,52.0,0.0,13.66,1.83,7.21
2020/04/27,46.35,46.55,46.1,46.1,1447.0,66918.0,0.765,0.8983,848.0,-63.0,0.0,19.0,-44.0,1873.0,196.0,53.0,3.0,49.0,0.0,13.76,1.84,7.16
2020/04/28,46.25,46.5,45.75,46.35,1504.0,69529.0,0.5423,0.9337,925.0,482.0,0.0,66.0,548.0,1876.0,115.0,112.0,0.0,49.0,0.0,13.84,1.85,7.12
2020/04/29,46.6,47.3,46.6,47.05,2090.0,98199.0,1.5102,1.2975,1324.0,132.0,0.0,38.0,170.0,1893.0,169.0,152.0,1.0,49.0,1.0,14.04,1.88,7.01
2020/04/30,47.45,47.5,46.95,47.15,1827.0,86221.0,0.2125,1.1342,1085.0,173.0,12.0,-6.0,179.0,1843.0,136.0,186.0,3.0,52.0,6.0,14.07,1.88,7.0
2020/05/04,46.4,47.2,46.1,47.05,1512.0,70689.0,-0.2121,0.9387,905.0,284.0,0.0,-8.0,276.0,1877.0,106.0,71.0,0.0,53.0,1.0,14.04,1.88,7.01
2020/05/05,47.3,48.7,47.3,47.8,2376.0,113996.0,1.594,1.475,1522.0,58.0,0.0,55.0,113.0,1919.0,177.0,135.0,1.0,54.0,2.0,13.17,1.88,6.9
2020/05/06,48.2,51.0,47.9,49.8,5409.0,268808.0,4.1841,3.358,3213.0,821.0,0.0,89.0,910.0,1928.0,277.0,268.0,0.0,69.0,15.0,13.72,1.95,6.63
2020/05/07,50.5,54.7,50.4,54.7,12416.0,666672.0,9.8394,7.708,6570.0,1346.0,0.0,-66.0,1280.0,4275.0,2813.0,466.0,7.0,110.0,48.0,15.07,2.15,6.03
2020/05/08,55.2,55.2,53.0,54.0,7035.0,380927.0,-1.2797,4.3674,3954.0,-77.0,0.0,-64.0,-141.0,3588.0,1022.0,1709.0,23.0,108.0,21.0,14.88,2.12,6.11
2020/05/11,54.9,54.9,53.2,53.8,3053.0,164874.0,-0.3704,1.8953,1992.0,72.0,0.0,14.0,86.0,3429.0,302.0,461.0,8.0,106.0,6.0,14.82,2.11,6.13
2020/05/12,54.7,55.8,54.1,55.5,4192.0,230277.0,3.1599,2.6024,2604.0,2.0,0.0,56.0,58.0,3473.0,716.0,672.0,1.0,129.0,25.0,15.29,2.18,5.95
2020/05/13,55.1,56.4,54.6,55.2,3929.0,217929.0,-0.5405,2.4392,2361.0,136.0,0.0,-17.0,119.0,3530.0,440.0,379.0,23.0,107.0,1.0,15.21,2.17,5.98
2020/05/14,54.9,55.8,53.1,53.1,3571.0,194494.0,-3.8043,2.2169,2097.0,651.0,0.0,-41.0,610.0,3054.0,242.0,718.0,14.0,105.0,12.0,14.63,2.08,6.21
2020/05/15,55.0,57.4,54.6,54.9,6454.0,358854.0,3.3898,4.0067,4205.0,417.0,0.0,-30.0,387.0,3369.0,711.0,395.0,2.0,134.0,31.0,15.12,2.15,6.01
2020/05/18,55.9,56.3,54.8,55.2,3483.0,193142.0,0.5464,2.1623,2253.0,15.0,0.0,-16.0,-1.0,3259.0,376.0,486.0,12.0,146.0,24.0,15.21,2.17,5.98
2020/05/19,56.1,56.2,55.1,56.0,2251.0,125152.0,1.4493,1.3974,1339.0,-113.0,0.0,-36.0,-149.0,3208.0,315.0,366.0,15.0,138.0,7.0,15.43,2.2,5.89
2020/05/20,57.6,58.0,56.5,57.1,5608.0,321263.0,1.9643,3.4815,3556.0,-541.0,0.0,19.0,-522.0,3170.0,671.0,709.0,7.0,140.0,9.0,15.73,2.24,5.78
2020/05/21,57.2,57.6,56.1,56.5,3275.0,185863.0,-1.0508,2.0332,1919.0,496.0,0.0,-20.0,476.0,3090.0,358.0,438.0,6.0,138.0,4.0,15.56,2.22,5.84
2020/05/22,56.8,57.3,56.2,57.0,2100.0,119242.0,0.885,1.3037,1408.0,315.0,0.0,6.0,321.0,3201.0,313.0,202.0,10.0,128.0,1.0,15.7,2.24,5.79
2020/05/25,57.9,60.8,57.0,60.7,7761.0,458899.0,6.4912,4.8181,4850.0,148.0,0.0,178.0,326.0,3675.0,1074.0,600.0,15.0,132.0,19.0,16.72,2.38,5.44
2020/05/26,60.2,60.4,58.5,58.6,5013.0,297065.0,-3.4596,3.1121,3430.0,-2137.0,100.0,-120.0,-2157.0,3883.0,640.0,432.0,19.0,121.0,8.0,16.14,2.3,5.63
2020/05/27,59.6,60.9,58.7,58.8,8709.0,520281.0,0.3413,5.4066,4586.0,1159.0,100.0,190.0,1449.0,3401.0,631.0,1113.0,5.0,123.0,7.0,16.2,2.31,5.61
2020/05/28,59.6,59.8,58.1,58.5,2531.0,149549.0,-0.5102,1.5713,1597.0,169.0,0.0,-18.0,151.0,3265.0,306.0,442.0,4.0,120.0,1.0,16.12,2.3,5.64
2020/05/29,58.5,59.6,58.5,59.0,1588.0,93693.0,0.8547,0.9858,1110.0,-198.0,0.0,18.0,-180.0,3305.0,153.0,108.0,5.0,121.0,6.0,16.25,2.32,5.59
2020/06/01,59.7,59.7,58.0,59.1,2187.0,129052.0,0.1695,1.3577,1320.0,-275.0,0.0,26.0,-249.0,3327.0,310.0,287.0,0.0,121.0,0.0,16.28,2.32,5.58
2020/06/02,59.2,59.6,58.5,58.7,1990.0,117184.0,-0.6768,1.2354,1337.0,22.0,0.0,23.0,45.0,3669.0,560.0,218.0,21.0,100.0,0.0,16.17,2.3,5.62
2020/06/03,59.2,60.4,58.7,59.9,3226.0,192036.0,2.0443,2.0027,2041.0,-339.0,0.0,317.0,-22.0,4010.0,702.0,361.0,3.0,100.0,4.0,16.5,2.35,5.51
2020/06/04,59.9,60.0,58.9,59.1,2583.0,153031.0,-1.3356,1.6036,1447.0,-35.0,0.0,-188.0,-223.0,3592.0,320.0,738.0,2.0,100.0,2.0,16.28,2.32,5.58
2020/06/05,59.1,61.3,58.6,60.1,3996.0,240190.0,1.692,2.4808,2358.0,-51.0,71.0,3.0,23.0,4173.0,1078.0,497.0,5.0,97.0,2.0,16.56,2.36,5.49
2020/06/08,60.2,63.4,59.5,63.0,7790.0,479308.0,4.8253,4.8361,4812.0,580.0,0.0,106.0,686.0,5238.0,1833.0,766.0,4.0,106.0,13.0,17.36,2.47,5.24
2020/06/09,62.3,62.6,60.5,60.9,5688.0,348013.0,-3.3333,3.5312,3831.0,-2285.0,1.0,-294.0,-2578.0,5428.0,738.0,548.0,8.0,133.0,36.0,16.78,2.39,5.42
2020/06/10,60.5,60.8,59.5,60.6,3403.0,205059.0,-0.4926,2.1126,1880.0,-22.0,-71.0,450.0,357.0,4889.0,233.0,772.0,5.0,140.0,12.0,16.69,2.38,5.45
2020/06/11,60.8,62.3,59.9,60.4,4066.0,248266.0,-0.33,2.5242,2418.0,1061.0,0.0,77.0,1138.0,4193.0,204.0,900.0,6.0,155.0,21.0,16.64,2.37,5.46
2020/06/12,59.0,60.9,58.6,59.9,3154.0,188305.0,-0.8278,1.958,1955.0,789.0,0.0,41.0,830.0,4102.0,252.0,343.0,57.0,109.0,11.0,16.5,2.35,5.51
2020/06/15,60.5,61.5,60.0,60.1,2214.0,134305.0,0.3339,1.3745,1384.0,439.0,0.0,35.0,474.0,4062.0,220.0,258.0,7.0,122.0,20.0,16.56,2.36,5.49
2020/06/16,61.5,61.7,60.6,60.6,2184.0,133607.0,0.8319,1.3558,1323.0,173.0,0.0,-9.0,164.0,4085.0,237.0,214.0,9.0,113.0,0.0,16.69,2.38,5.45
2020/06/17,61.2,61.5,60.6,60.9,1024.0,62525.0,0.495,0.6357,654.0,162.0,0.0,-10.0,152.0,4167.0,230.0,148.0,2.0,112.0,1.0,16.78,2.39,5.42
2020/06/18,60.9,61.6,60.9,61.5,1738.0,106676.0,0.9852,1.079,1033.0,276.0,-1.0,114.0,389.0,4078.0,188.0,277.0,15.0,97.0,0.0,16.94,2.41,5.37
2020/06/19,62.0,63.3,61.6,61.6,3881.0,242156.0,0.1626,2.4094,2256.0,-292.0,0.0,141.0,-151.0,4552.0,865.0,391.0,8.0,90.0,1.0,16.97,2.42,5.36
2020/06/22,61.7,61.9,61.1,61.2,1308.0,80354.0,-0.6494,0.812,869.0,-92.0,0.0,-24.0,-116.0,4577.0,151.0,126.0,0.0,90.0,0.0,16.86,2.4,5.39
2020/06/23,61.4,61.8,59.3,60.0,4267.0,255603.0,-1.9608,2.649,2865.0,-414.0,-200.0,98.0,-516.0,4179.0,297.0,695.0,2.0,102.0,14.0,16.53,2.35,5.5
2020/06/24,60.5,62.1,60.1,61.8,4716.0,290098.0,3.0,2.9277,2487.0,2241.0,0.0,69.0,2310.0,3980.0,400.0,597.0,10.0,106.0,14.0,15.43,1.55,8.08
2020/06/29,61.3,63.0,61.1,61.3,2955.0,183271.0,-0.8091,1.8345,1852.0,200.0,-27.0,-48.0,125.0,4005.0,423.0,398.0,20.0,86.0,2.0,16.89,2.41,5.38
2020/06/30,62.0,62.0,61.1,61.6,1744.0,107127.0,0.4894,1.0827,1029.0,-484.0,0.0,2.0,-482.0,4251.0,312.0,66.0,4.0,82.0,0.0,16.97,2.42,5.36
2020/07/01,61.9,62.7,61.6,62.0,2103.0,131077.0,0.6494,1.3056,1214.0,889.0,0.0,-170.0,719.0,3942.0,206.0,515.0,7.0,76.0,1.0,17.08,2.43,5.32
2020/07/02,62.3,64.4,61.9,64.3,5306.0,336463.0,3.7097,3.294,3130.0,300.0,0.0,242.0,542.0,4228.0,930.0,644.0,23.0,58.0,5.0,17.71,2.52,5.13
2020/07/03,64.6,65.9,63.1,65.9,4681.0,302239.0,2.4883,2.906,3086.0,-593.0,0.0,-65.0,-658.0,4090.0,596.0,734.0,7.0,48.0,0.0,18.15,2.59,5.01
2020/07/06,66.2,69.5,65.3,68.5,5445.0,368006.0,3.9454,3.3803,3469.0,-457.0,0.0,51.0,-406.0,4048.0,521.0,563.0,45.0,0.0,0.0,18.87,2.69,4.82
2020/07/07,69.6,69.9,66.3,66.8,4557.0,308079.0,-2.4818,2.829,2922.0,-767.0,0.0,116.0,-651.0,3565.0,413.0,896.0,0.0,0.0,0.0,18.4,2.62,4.94
2020/07/08,66.8,72.1,66.8,72.1,8691.0,609614.0,7.9341,5.3955,5597.0,-1195.0,0.0,804.0,-391.0,4277.0,1187.0,474.0,0.0,0.0,0.0,19.86,2.83,4.58
2020/07/09,74.0,76.9,73.3,74.6,9111.0,680143.0,3.4674,5.6562,5672.0,-808.0,817.0,146.0,155.0,4260.0,1107.0,1124.0,0.0,0.0,0.0,20.55,2.93,4.42
2020/07/10,72.8,73.3,69.6,70.2,7346.0,526539.0,-1.4745,4.5605,4547.0,583.0,210.0,-507.0,286.0,4441.0,1047.0,866.0,0.0,34.0,34.0,19.34,2.76,4.7
2020/07/13,72.1,72.6,71.2,71.3,2620.0,187970.0,1.567,1.6265,1739.0,-103.0,0.0,-21.0,-124.0,4489.0,423.0,375.0,3.0,81.0,50.0,19.64,2.8,4.63
2020/07/14,71.0,71.6,68.3,69.3,3848.0,268266.0,-2.805,2.3889,2545.0,261.0,-3.0,206.0,464.0,3675.0,231.0,1045.0,14.0,89.0,22.0,19.09,2.72,4.76
2020/07/15,69.9,70.3,66.4,66.9,4720.0,322400.0,-3.4632,2.9302,2895.0,-233.0,0.0,176.0,-57.0,3606.0,367.0,436.0,58.0,51.0,20.0,18.43,2.63,4.93
2020/07/16,67.4,68.5,66.7,67.4,1921.0,130010.0,0.7474,1.1926,1288.0,-117.0,0.0,-9.0,-126.0,3654.0,211.0,163.0,11.0,51.0,11.0,18.57,2.65,4.9
2020/07/17,67.6,67.9,64.4,64.9,3145.0,207167.0,-3.7092,1.9524,2024.0,-195.0,-2.0,49.0,-148.0,3460.0,187.0,381.0,29.0,50.0,28.0,17.88,2.55,5.08
2020/07/20,65.3,66.0,63.5,64.3,2234.0,144282.0,-0.9245,1.3869,1371.0,185.0,-105.0,18.0,98.0,3414.0,164.0,210.0,11.0,61.0,22.0,17.71,2.52,5.13
2020/07/21,65.0,67.5,64.7,67.4,4062.0,270038.0,4.8212,2.5217,2738.0,-445.0,-394.0,80.0,-759.0,3820.0,555.0,149.0,7.0,79.0,25.0,18.57,2.65,4.9
2020/07/22,67.0,67.9,66.9,67.5,2696.0,181523.0,0.1484,1.6737,1628.0,-566.0,0.0,-28.0,-594.0,3901.0,313.0,232.0,4.0,81.0,6.0,18.6,2.65,4.89
2020/07/23,68.0,70.5,67.8,69.4,4996.0,345856.0,2.8148,3.1016,3435.0,-391.0,158.0,182.0,-51.0,3965.0,619.0,555.0,10.0,97.0,26.0,19.12,2.72,4.76
2020/07/24,69.2,72.9,68.6,70.4,7960.0,565305.0,1.4409,4.9416,5492.0,837.0,486.0,-98.0,1225.0,3733.0,595.0,827.0,14.0,120.0,37.0,19.39,2.76,4.69
2020/07/27,71.4,72.3,69.6,70.0,3963.0,281212.0,-0.5682,2.4603,2549.0,-326.0,0.0,-169.0,-495.0,3809.0,446.0,370.0,9.0,116.0,6.0,19.28,2.75,4.71
2020/07/28,70.8,72.4,66.1,66.7,5150.0,354365.0,-4.7143,3.1972,3364.0,-194.0,0.0,37.0,-157.0,3513.0,376.0,672.0,40.0,112.0,36.0,18.37,2.62,4.95
2020/07/29,66.3,69.8,66.2,69.3,2728.0,186934.0,3.8981,1.6936,1945.0,355.0,101.0,130.0,586.0,3455.0,238.0,296.0,13.0,198.0,99.0,19.09,2.72,4.76
2020/07/30,70.4,71.0,69.0,69.8,2854.0,199742.0,0.7215,1.7718,1889.0,-553.0,0.0,-59.0,-612.0,3766.0,543.0,232.0,4.0,210.0,16.0,19.23,2.74,4.73
2020/07/31,69.4,71.2,69.1,71.1,2271.0,159815.0,1.8625,1.4099,1410.0,250.0,0.0,105.0,355.0,3803.0,401.0,364.0,21.0,193.0,4.0,19.59,2.79,4.64
2020/08/03,71.8,72.2,70.1,71.1,3398.0,241706.0,0.0,2.1095,2260.0,-658.0,0.0,-10.0,-668.0,4235.0,764.0,332.0,13.0,192.0,12.0,19.59,2.79,4.64
2020/08/04,71.9,73.5,71.1,72.8,6707.0,486558.0,2.391,4.1638,4734.0,-495.0,500.0,289.0,294.0,4559.0,964.0,640.0,40.0,187.0,35.0,20.06,2.86,4.53
2020/08/05,73.7,76.4,71.7,72.4,12244.0,901701.0,-0.5495,7.6012,8113.0,-2235.0,923.0,-300.0,-1612.0,5198.0,1584.0,945.0,20.0,227.0,60.0,19.94,2.84,4.56
2020/08/06,72.8,75.4,72.1,74.7,6735.0,496547.0,3.1768,4.1812,4385.0,1483.0,0.0,450.0,1933.0,5024.0,816.0,980.0,27.0,232.0,32.0,20.58,2.93,4.42
2020/08/07,75.0,75.7,72.1,72.5,6455.0,473476.0,-2.9451,4.0073,4373.0,-2404.0,390.0,-134.0,-2148.0,5271.0,939.0,692.0,61.0,252.0,81.0,17.26,3.01,4.55
2020/08/10,73.1,75.9,72.0,72.5,7582.0,558289.0,0.0,4.707,4709.0,-46.0,0.0,-68.0,-114.0,4982.0,546.0,835.0,27.0,242.0,17.0,17.26,3.01,4.55
2020/08/11,73.0,74.4,71.9,73.5,4567.0,332935.0,1.3793,2.8352,3196.0,1260.0,-333.0,-98.0,829.0,4728.0,268.0,522.0,9.0,293.0,61.0,17.5,3.05,4.49
2020/08/12,72.6,72.6,70.4,70.8,5150.0,366416.0,-3.6735,3.1972,3509.0,-638.0,-254.0,-241.0,-1133.0,4688.0,388.0,428.0,57.0,254.0,18.0,16.86,2.94,4.66
2020/08/13,71.6,72.0,68.8,69.1,3488.0,244046.0,-2.4011,2.1654,2328.0,-159.0,-390.0,136.0,-413.0,4499.0,237.0,426.0,78.0,209.0,33.0,16.45,2.87,4.78
2020/08/14,69.0,69.9,68.0,69.6,1611.0,111436.0,0.7236,1.0001,1199.0,-18.0,5.0,40.0,27.0,4433.0,131.0,194.0,24.0,206.0,21.0,16.57,2.89,4.74
2020/08/17,69.6,70.9,69.4,70.6,1370.0,96547.0,1.4368,0.8505,970.0,-82.0,0.0,34.0,-48.0,4506.0,198.0,122.0,20.0,189.0,3.0,16.81,2.93,4.67
2020/08/18,70.6,70.6,68.5,69.6,2248.0,155854.0,-1.4164,1.3956,1535.0,187.0,0.0,17.0,204.0,4403.0,143.0,246.0,9.0,219.0,39.0,16.57,2.89,4.74
2020/08/19,69.6,70.8,68.3,68.5,1953.0,135500.0,-1.5805,1.2124,1391.0,-345.0,0.0,-25.0,-370.0,4592.0,310.0,121.0,22.0,216.0,19.0,16.31,2.84,4.82
2020/08/20,68.2,68.2,62.7,64.7,4044.0,264456.0,-5.5474,2.5106,2654.0,101.0,0.0,-185.0,-84.0,4217.0,162.0,535.0,91.0,164.0,39.0,15.4,2.69,5.1
2020/08/21,65.3,68.2,65.3,67.8,2519.0,169217.0,4.7913,1.5638,1767.0,-218.0,0.0,274.0,56.0,4236.0,173.0,154.0,17.0,186.0,39.0,16.14,2.81,4.87
2020/08/24,67.5,68.3,66.1,67.8,1709.0,115050.0,0.0,1.061,1226.0,-86.0,0.0,-116.0,-202.0,4232.0,92.0,96.0,9.0,187.0,10.0,16.14,2.81,4.87
2020/08/25,68.0,70.9,67.8,70.3,4156.0,290823.0,3.6873,2.5801,2630.0,291.0,485.0,314.0,1090.0,4354.0,365.0,241.0,9.0,220.0,42.0,16.74,2.92,4.69
2020/08/26,71.6,75.1,71.1,73.5,11385.0,834083.0,4.5519,7.0679,7040.0,1304.0,0.0,-156.0,1148.0,5151.0,1612.0,805.0,60.0,246.0,86.0,17.5,3.05,4.49
2020/08/27,73.9,74.5,71.2,71.6,4400.0,318836.0,-2.585,2.7316,2939.0,-1176.0,100.0,-334.0,-1410.0,5045.0,532.0,638.0,86.0,172.0,12.0,17.05,2.97,4.61
2020/08/28,71.8,74.1,70.4,73.6,4627.0,336099.0,2.7933,2.8725,2907.0,152.0,100.0,172.0,424.0,5215.0,661.0,491.0,12.0,227.0,67.0,17.52,3.06,4.48
2020/08/31,74.8,75.7,73.5,74.8,7169.0,535820.0,1.6304,4.4506,4575.0,593.0,374.0,-8.0,959.0,5479.0,1198.0,934.0,10.0,280.0,63.0,17.81,3.11,4.41
2020/09/01,76.2,79.6,73.2,73.6,19527.0,1486318.0,-1.6043,12.1225,11482.0,-2453.0,1038.0,-934.0,-2349.0,6561.0,2184.0,1102.0,46.0,275.0,41.0,17.52,3.06,4.48
2020/09/02,74.7,78.0,74.0,77.9,11739.0,899127.0,5.8424,7.2877,7244.0,3227.0,5.0,102.0,3334.0,7627.0,2148.0,1082.0,21.0,393.0,139.0,18.55,3.23,4.24
2020/09/03,78.7,79.6,75.5,77.3,8329.0,642744.0,-0.7702,5.1707,4883.0,-2358.0,-61.0,-318.0,-2737.0,8281.0,1279.0,625.0,48.0,360.0,15.0,18.4,3.21,4.27
2020/09/04,74.8,75.5,73.0,74.2,5895.0,437585.0,-4.0103,3.6597,3838.0,-1335.0,0.0,-177.0,-1512.0,7788.0,717.0,1208.0,89.0,285.0,14.0,17.67,3.08,4.45
2020/09/07,75.1,75.8,72.8,73.2,3888.0,289009.0,-1.3477,2.4137,2455.0,98.0,0.0,-30.0,68.0,7699.0,696.0,775.0,19.0,310.0,44.0,17.43,3.04,4.51
2020/09/08,74.2,75.7,73.2,73.9,2987.0,221634.0,0.9563,1.8544,1870.0,21.0,0.0,106.0,127.0,7876.0,463.0,286.0,21.0,297.0,9.0,17.6,3.07,4.47
2020/09/09,72.0,73.0,70.0,72.1,7092.0,505865.0,-2.4357,4.4028,4455.0,439.0,0.0,-376.0,63.0,6802.0,475.0,1544.0,135.0,216.0,54.0,17.17,2.99,4.58
2020/09/10,72.4,73.2,70.5,70.8,3122.0,224148.0,-1.8031,1.9382,1953.0,328.0,0.0,-2.0,326.0,6538.0,293.0,557.0,5.0,240.0,29.0,16.86,2.94,4.66
2020/09/11,71.7,71.7,69.6,70.2,2444.0,172309.0,-0.8475,1.5173,1597.0,76.0,0.0,-154.0,-78.0,5991.0,161.0,708.0,48.0,197.0,5.0,16.71,2.91,4.7
2020/09/14,70.5,72.1,70.0,71.5,2545.0,181894.0,1.8519,1.58,1821.0,112.0,589.0,56.0,757.0,5938.0,238.0,291.0,20.0,193.0,16.0,17.02,2.97,4.62
2020/09/15,72.8,73.3,71.7,72.5,3230.0,234195.0,1.3986,2.0052,2240.0,-686.0,0.0,76.0,-610.0,6206.0,460.0,192.0,18.0,191.0,16.0,17.26,3.01,4.55
2020/09/16,72.7,75.0,72.0,74.4,6581.0,485393.0,2.6207,4.0855,4065.0,320.0,-1.0,355.0,674.0,7162.0,1414.0,458.0,16.0,226.0,51.0,17.71,3.09,4.44
2020/09/17,74.4,74.4,72.9,73.0,5065.0,372126.0,-1.8817,3.1444,3063.0,-741.0,0.0,-189.0,-930.0,6538.0,678.0,1302.0,9.0,260.0,43.0,17.38,3.03,4.52
2020/09/18,73.1,74.5,73.0,73.3,3070.0,226122.0,0.411,1.9059,1854.0,798.0,0.0,-20.0,778.0,6379.0,247.0,406.0,15.0,266.0,21.0,17.45,3.04,4.5
2020/09/21,73.7,73.9,72.2,72.2,1968.0,143578.0,-1.5007,1.2218,1169.0,532.0,0.0,-83.0,449.0,6062.0,133.0,450.0,24.0,260.0,18.0,17.19,3.0,4.57
2020/09/22,72.1,73.4,70.9,72.3,2755.0,199285.0,0.1385,1.7103,1759.0,836.0,97.0,-65.0,868.0,5870.0,179.0,371.0,40.0,278.0,58.0,17.21,3.0,4.56
2020/09/23,73.4,74.1,71.7,71.9,3940.0,287472.0,-0.5533,2.446,2496.0,153.0,0.0,-26.0,127.0,5818.0,291.0,343.0,38.0,280.0,40.0,17.12,2.98,4.59
2020/09/24,70.8,71.6,70.1,70.1,2544.0,179817.0,-2.5035,1.5793,1682.0,-518.0,0.0,-124.0,-642.0,5666.0,249.0,400.0,122.0,172.0,14.0,17.45,3.04,4.5
2020/09/25,70.8,71.4,67.1,67.6,3928.0,269791.0,-3.5663,2.4385,2743.0,-459.0,-350.0,-89.0,-898.0,5401.0,205.0,470.0,62.0,184.0,74.0,16.1,2.81,4.88
2020/09/28,68.4,68.8,67.2,67.9,2909.0,197465.0,0.4438,1.8059,1830.0,361.0,-1175.0,0.0,-814.0,5498.0,228.0,131.0,25.0,237.0,78.0,16.17,2.82,4.86
2020/09/29,67.8,68.7,67.2,67.4,1419.0,96145.0,-0.7364,0.8809,935.0,-181.0,-100.0,13.0,-268.0,5487.0,132.0,142.0,57.0,266.0,86.0,16.05,2.8,4.9
2020/09/30,67.8,69.4,67.1,69.4,1512.0,103449.0,2.9674,0.9387,1016.0,322.0,0.0,96.0,418.0,5489.0,205.0,203.0,67.0,236.0,37.0,16.52,2.88,4.76
2020/10/05,69.5,70.1,68.6,69.7,1367.0,94900.0,0.4323,0.8486,859.0,-246.0,0.0,-25.0,-271.0,5533.0,96.0,52.0,32.0,226.0,22.0,16.6,2.89,4.73
2020/10/06,70.4,71.6,70.1,71.1,1665.0,118200.0,2.0086,1.0336,1159.0,414.0,0.0,40.0,454.0,5568.0,231.0,195.0,30.0,209.0,13.0,16.93,2.95,4.64
2020/10/07,70.6,72.3,70.2,72.0,1815.0,130045.0,1.2658,1.1268,1227.0,265.0,0.0,56.0,321.0,5488.0,200.0,280.0,13.0,212.0,16.0,17.14,2.99,4.58
2020/10/08,72.3,73.4,72.3,72.5,2847.0,207286.0,0.6944,1.7674,1871.0,1268.0,0.0,70.0,1338.0,5250.0,128.0,365.0,6.0,214.0,8.0,17.26,3.01,4.55
2020/10/12,73.2,74.1,72.7,72.9,2919.0,214257.0,0.5517,1.8121,1861.0,736.0,65.0,7.0,808.0,4922.0,227.0,555.0,2.0,235.0,23.0,17.36,3.03,4.53
2020/10/13,74.0,74.2,72.8,73.4,2541.0,186982.0,0.6859,1.5775,1583.0,578.0,0.0,-3.0,575.0,4922.0,250.0,248.0,3.0,252.0,20.0,17.48,3.05,4.5
2020/10/14,73.5,73.9,73.1,73.6,1244.0,91467.0,0.2725,0.7723,800.0,360.0,50.0,-30.0,380.0,4967.0,176.0,131.0,1.0,266.0,17.0,17.52,3.06,4.48
2020/10/15,74.2,74.2,73.2,73.6,1364.0,100644.0,0.0,0.8468,958.0,422.0,50.0,16.0,488.0,4945.0,121.0,143.0,1.0,269.0,4.0,17.52,3.06,4.48
2020/10/16,73.5,74.1,71.6,72.0,1585.0,115659.0,-2.1739,0.984,1034.0,279.0,0.0,-20.0,259.0,4904.0,125.0,165.0,21.0,256.0,8.0,17.14,2.99,4.58
2020/10/19,72.2,73.4,72.0,72.2,1107.0,80333.0,0.2778,0.6872,666.0,251.0,0.0,29.0,280.0,4873.0,77.0,108.0,16.0,245.0,5.0,17.19,3.0,4.57
2020/10/20,72.3,73.5,71.9,73.3,1176.0,85636.0,1.5235,0.7301,780.0,466.0,0.0,26.0,492.0,4841.0,75.0,107.0,10.0,241.0,6.0,17.45,3.04,4.5
2020/10/21,73.8,73.9,72.8,73.6,1158.0,85025.0,0.4093,0.7189,804.0,332.0,-155.0,-64.0,113.0,4868.0,133.0,106.0,14.0,255.0,28.0,17.52,3.06,4.48
2020/10/22,73.9,74.3,72.3,72.3,2023.0,148046.0,-1.7663,1.2559,1262.0,-300.0,0.0,-37.0,-337.0,4900.0,198.0,166.0,14.0,247.0,6.0,17.21,3.0,4.56
2020/10/23,72.3,72.5,71.7,71.8,1214.0,87393.0,-0.6916,0.7537,788.0,305.0,0.0,-37.0,268.0,4847.0,65.0,118.0,27.0,225.0,5.0,17.1,2.98,4.6
2020/10/26,72.4,72.4,70.3,70.3,1477.0,104883.0,-2.0891,0.9169,1061.0,-271.0,-272.0,-68.0,-611.0,4914.0,135.0,68.0,17.0,224.0,16.0,16.74,2.92,4.69
2020/10/27,70.0,70.5,69.0,69.8,1123.0,78505.0,-0.7112,0.6972,751.0,143.0,-200.0,-56.0,-113.0,4904.0,65.0,75.0,17.0,210.0,3.0,16.62,2.9,4.73
2020/10/28,69.8,70.3,69.2,69.5,880.0,61312.0,-0.4298,0.5463,598.0,-162.0,-90.0,-53.0,-305.0,4920.0,84.0,68.0,14.0,228.0,32.0,16.55,2.89,4.75
2020/10/29,68.3,69.2,67.6,68.7,1228.0,84148.0,-1.1511,0.7624,889.0,-41.0,0.0,-81.0,-122.0,4809.0,68.0,178.0,44.0,201.0,17.0,16.36,2.85,4.8
2020/10/30,68.5,69.4,68.5,68.9,998.0,68839.0,0.2911,0.6196,729.0,56.0,0.0,-11.0,45.0,4823.0,78.0,64.0,18.0,190.0,7.0,16.4,2.86,4.79
2020/11/02,68.8,69.3,66.6,66.9,2742.0,184641.0,-2.9028,1.7023,1992.0,-1162.0,-617.0,-6.0,-1785.0,4922.0,198.0,99.0,61.0,164.0,35.0,15.93,2.78,4.93
2020/11/03,67.2,68.3,67.0,67.7,1224.0,82853.0,1.1958,0.7599,911.0,-155.0,-6.0,-35.0,-196.0,4895.0,51.0,78.0,43.0,143.0,22.0,16.12,2.81,4.87
2020/11/04,68.2,68.8,67.7,68.5,924.0,63242.0,1.1817,0.5736,713.0,-54.0,-130.0,-2.0,-186.0,4921.0,68.0,42.0,11.0,133.0,1.0,16.31,2.84,4.82
2020/11/05,68.5,69.5,68.5,68.7,1084.0,74774.0,0.292,0.673,852.0,175.0,-297.0,8.0,-114.0,4912.0,58.0,67.0,2.0,145.0,14.0,16.36,2.85,4.8
2020/11/06,69.2,69.7,68.3,68.3,1001.0,68993.0,-0.5822,0.6214,725.0,-247.0,-16.0,-21.0,-284.0,4988.0,124.0,48.0,8.0,144.0,7.0,16.26,2.84,4.83
2020/11/09,68.7,69.4,68.0,69.3,1478.0,101759.0,1.4641,0.9176,952.0,-133.0,0.0,40.0,-93.0,4944.0,140.0,184.0,6.0,163.0,25.0,13.68,2.61,4.69
2020/11/10,69.3,69.3,66.7,67.1,3319.0,224237.0,-3.1746,2.0605,2332.0,-899.0,-659.0,-146.0,-1704.0,4955.0,189.0,178.0,25.0,195.0,57.0,13.05,2.49,4.92
2020/11/11,68.0,68.0,66.6,67.6,2132.0,143422.0,0.7452,1.3236,1459.0,-372.0,-313.0,-21.0,-706.0,4900.0,136.0,187.0,40.0,212.0,57.0,13.15,2.51,4.88
2020/11/12,67.7,68.8,67.4,67.9,1640.0,111663.0,0.4438,1.0181,1169.0,-196.0,0.0,31.0,-165.0,4968.0,186.0,118.0,38.0,183.0,9.0,13.21,2.52,4.86
2020/11/13,67.9,68.8,67.8,68.8,1247.0,85423.0,1.3255,0.7741,861.0,274.0,0.0,89.0,363.0,4927.0,48.0,87.0,13.0,180.0,10.0,13.39,2.55,4.8
2020/11/16,69.6,70.4,69.5,69.9,2277.0,159091.0,1.5988,1.4136,1416.0,-114.0,0.0,-72.0,-186.0,5030.0,285.0,178.0,36.0,171.0,27.0,13.6,2.59,4.72
2020/11/17,70.2,70.6,69.2,69.4,1281.0,89402.0,-0.7153,0.7953,908.0,-33.0,0.0,19.0,-14.0,4883.0,101.0,248.0,8.0,175.0,12.0,13.5,2.58,4.76
2020/11/18,69.9,70.3,69.6,70.3,1223.0,85599.0,1.2968,0.7593,763.0,224.0,0.0,145.0,369.0,4856.0,106.0,133.0,4.0,173.0,2.0,13.68,2.61,4.69
2020/11/19,70.5,71.0,70.1,70.9,1518.0,107145.0,0.8535,0.9424,1059.0,254.0,0.0,27.0,281.0,4831.0,117.0,142.0,11.0,162.0,0.0,13.79,2.63,4.65
2020/11/20,70.8,73.2,70.8,71.5,4016.0,290030.0,0.8463,2.4932,2455.0,620.0,0.0,259.0,879.0,5465.0,901.0,267.0,26.0,145.0,9.0,13.91,2.65,4.62
2020/11/23,71.8,74.0,71.7,73.0,4601.0,335846.0,2.0979,2.8563,2786.0,470.0,2.0,-33.0,439.0,5324.0,487.0,628.0,6.0,141.0,2.0,14.2,2.71,4.52
2020/11/24,73.2,73.5,71.5,71.9,2100.0,151513.0,-1.5068,1.3037,1428.0,-344.0,1.0,-178.0,-521.0,5162.0,164.0,326.0,17.0,127.0,3.0,13.99,2.67,4.59
2020/11/25,72.4,72.5,70.1,70.4,2391.0,169460.0,-2.0862,1.4844,1636.0,-573.0,0.0,-50.0,-623.0,4849.0,190.0,503.0,3.0,142.0,19.0,13.7,2.61,4.69
2020/11/26,70.6,72.1,70.4,71.8,1591.0,113582.0,1.9886,0.9877,998.0,493.0,0.0,-1.0,492.0,4817.0,116.0,148.0,3.0,161.0,22.0,13.97,2.67,4.6
2020/11/27,71.3,71.9,71.1,71.4,714.0,51075.0,-0.5571,0.4433,516.0,65.0,0.0,-18.0,47.0,4775.0,46.0,88.0,16.0,147.0,2.0,13.89,2.65,4.62
2020/11/30,72.0,72.0,70.6,70.6,1526.0,108599.0,-1.1204,0.9474,839.0,-304.0,0.0,-110.0,-414.0,4741.0,97.0,131.0,4.0,153.0,10.0,13.74,2.62,4.67
2020/12/01,71.2,71.7,70.4,70.6,1268.0,89837.0,0.0,0.7872,848.0,-59.0,0.0,-5.0,-64.0,4679.0,68.0,130.0,8.0,146.0,1.0,13.74,2.62,4.67
2020/12/02,70.9,71.3,70.0,70.5,1619.0,114248.0,-0.1416,1.0051,1022.0,-145.0,0.0,-14.0,-159.0,4615.0,118.0,180.0,11.0,136.0,1.0,13.72,2.62,4.68
2020/12/03,70.6,72.0,70.3,70.7,1969.0,140434.0,0.2837,1.2224,1187.0,293.0,0.0,66.0,359.0,4662.0,240.0,193.0,12.0,124.0,0.0,13.75,2.62,4.67
2020/12/04,71.2,73.0,71.0,72.6,4576.0,330856.0,2.6874,2.8408,2888.0,30.0,0.0,221.0,251.0,4863.0,597.0,352.0,7.0,118.0,1.0,14.12,2.69,4.55
2020/12/07,73.5,74.0,71.1,72.3,3965.0,286939.0,-0.4132,2.4615,2579.0,-1262.0,0.0,-86.0,-1348.0,5104.0,570.0,359.0,0.0,118.0,0.0,14.07,2.68,4.56
2020/12/08,72.3,72.7,71.8,72.1,1804.0,130199.0,-0.2766,1.1199,1130.0,303.0,-57.0,-53.0,193.0,4939.0,180.0,345.0,0.0,118.0,0.0,14.03,2.68,4.58
2020/12/09,72.2,72.2,71.5,71.6,2145.0,153855.0,-0.6935,1.3316,1324.0,-49.0,-302.0,4.0,-347.0,4868.0,149.0,220.0,0.0,119.0,1.0,13.93,2.66,4.61
2020/12/10,71.4,71.4,69.2,69.8,3829.0,267719.0,-2.514,2.3771,2651.0,-1615.0,0.0,-73.0,-1688.0,4737.0,229.0,360.0,3.0,137.0,21.0,13.58,2.59,4.73
2020/12/11,70.0,70.2,68.2,68.9,2149.0,148172.0,-1.2894,1.3341,1434.0,-514.0,0.0,-103.0,-617.0,4568.0,138.0,307.0,3.0,161.0,27.0,13.4,2.56,4.79
2020/12/14,68.4,69.2,68.1,68.9,809.0,55688.0,0.0,0.5022,600.0,-238.0,0.0,9.0,-229.0,4497.0,19.0,88.0,13.0,162.0,14.0,13.4,2.56,4.79
2020/12/15,69.0,69.2,67.4,67.6,1947.0,132279.0,-1.8868,1.2087,1296.0,-799.0,0.0,-26.0,-825.0,4554.0,105.0,37.0,13.0,164.0,15.0,13.15,2.51,4.88
2020/12/16,68.2,68.5,67.6,67.8,1437.0,97682.0,0.2959,0.8921,1050.0,-377.0,0.0,-12.0,-389.0,4555.0,94.0,81.0,32.0,140.0,8.0,13.19,2.52,4.87
2020/12/17,67.7,67.9,66.8,67.4,1686.0,113491.0,-0.59,1.0467,1142.0,-277.0,-2.0,59.0,-220.0,4529.0,85.0,110.0,22.0,147.0,29.0,13.11,2.5,4.9
2020/12/18,67.8,68.7,67.7,68.0,1307.0,89178.0,0.8902,0.8114,929.0,-219.0,0.0,-34.0,-253.0,4557.0,89.0,59.0,5.0,157.0,15.0,13.23,2.52,4.85
2020/12/21,68.1,68.4,66.6,67.8,1358.0,91478.0,-0.2941,0.8431,1023.0,-421.0,0.0,-16.0,-437.0,4578.0,106.0,85.0,16.0,147.0,6.0,13.19,2.52,4.87
2020/12/22,67.9,68.5,66.7,66.7,1893.0,127943.0,-1.6224,1.1752,1167.0,-257.0,0.0,-7.0,-264.0,4588.0,85.0,73.0,4.0,174.0,31.0,12.98,2.48,4.95
2020/12/23,66.8,67.4,66.6,67.2,1160.0,77790.0,0.7496,0.7201,761.0,50.0,0.0,4.0,54.0,4582.0,34.0,36.0,14.0,190.0,30.0,13.07,2.49,4.91
2020/12/24,67.5,69.1,67.5,68.1,1704.0,116445.0,1.3393,1.0579,1015.0,140.0,0.0,82.0,222.0,4553.0,91.0,118.0,25.0,178.0,13.0,13.25,2.53,4.85
2020/12/25,68.6,68.8,67.6,67.9,1414.0,96270.0,-0.2937,0.8778,806.0,-280.0,-204.0,-63.0,-547.0,4672.0,162.0,43.0,4.0,182.0,8.0,13.21,2.52,4.86
2020/12/28,68.0,68.3,67.6,68.0,743.0,50532.0,0.1473,0.4613,485.0,-52.0,0.0,-3.0,-55.0,4679.0,56.0,48.0,3.0,179.0,0.0,13.23,2.52,4.85
2020/12/29,68.2,68.4,67.7,67.8,693.0,47155.0,-0.2941,0.4302,497.0,-27.0,0.0,-1.0,-28.0,4669.0,34.0,44.0,47.0,138.0,6.0,13.19,2.52,4.87
2020/12/30,68.0,68.3,67.8,67.8,517.0,35198.0,0.0,0.321,398.0,-60.0,0.0,15.0,-45.0,4641.0,13.0,40.0,9.0,129.0,0.0,13.19,2.52,4.87
2020/12/31,68.4,68.7,67.9,68.1,825.0,56287.0,0.4425,0.5122,481.0,23.0,0.0,-1.0,22.0,4479.0,17.0,178.0,3.0,127.0,1.0,13.25,2.53,4.85
2021/01/04,68.7,69.4,68.4,68.6,1439.0,99038.0,0.7342,0.8933,1030.0,20.0,0.0,-20.0,0.0,4386.0,95.0,186.0,26.0,105.0,4.0,13.35,2.55,4.81
2021/01/05,68.6,68.6,67.9,68.0,1065.0,72547.0,-0.8746,0.6612,670.0,6.0,0.0,-109.0,-103.0,4362.0,61.0,85.0,4.0,107.0,6.0,13.23,2.52,4.85
2021/01/06,68.0,70.0,68.0,69.0,3682.0,254554.0,1.4706,2.2858,2617.0,-673.0,0.0,155.0,-518.0,4613.0,444.0,190.0,1.0,115.0,9.0,13.42,2.56,4.78
2021/01/07,69.5,69.8,68.7,69.0,1575.0,108730.0,0.0,0.9778,1092.0,-496.0,0.0,-65.0,-561.0,4798.0,279.0,69.0,13.0,103.0,1.0,13.42,2.56,4.78
2021/01/08,69.2,69.7,68.3,68.8,2032.0,140280.0,-0.2899,1.2615,1272.0,-5.0,0.0,-19.0,-24.0,4795.0,141.0,144.0,1.0,104.0,2.0,13.39,2.55,4.8
2021/01/11,69.3,72.4,69.2,71.5,6843.0,486646.0,3.9244,4.2482,4023.0,997.0,0.0,57.0,1054.0,5153.0,921.0,557.0,23.0,92.0,11.0,13.91,2.65,4.62
2021/01/12,71.5,72.3,70.1,70.2,3533.0,250980.0,-1.8182,2.1933,2023.0,-305.0,0.0,-146.0,-451.0,5079.0,367.0,434.0,9.0,92.0,9.0,13.66,2.61,4.7
2021/01/13,71.3,72.6,70.6,72.0,4743.0,341095.0,2.5641,2.9445,2736.0,859.0,0.0,267.0,1126.0,4801.0,232.0,510.0,9.0,88.0,7.0,14.01,2.67,4.58
2021/01/14,72.1,77.9,72.0,75.1,13970.0,1046580.0,4.3056,8.6727,7911.0,448.0,0.0,510.0,958.0,6156.0,2193.0,838.0,9.0,106.0,27.0,14.61,2.79,4.39
2021/01/15,77.2,81.9,75.9,79.0,25272.0,1988841.0,5.1931,15.6891,14559.0,-702.0,0.0,342.0,-360.0,8397.0,3987.0,1741.0,10.0,210.0,114.0,15.37,2.93,4.18
2021/01/18,78.5,81.0,74.5,81.0,11955.0,929680.0,2.5316,7.4218,6951.0,-1380.0,0.0,139.0,-1241.0,9382.0,2445.0,1460.0,84.0,188.0,62.0,15.76,3.01,4.07
2021/01/19,81.1,81.8,78.0,78.5,12008.0,960572.0,-3.0864,7.4547,6859.0,-1145.0,-1.0,202.0,-944.0,9962.0,2122.0,1542.0,41.0,157.0,15.0,15.27,2.91,4.2
2021/01/20,79.0,79.4,73.0,74.3,9908.0,750731.0,-5.3503,6.151,5593.0,1574.0,0.0,-562.0,1012.0,8150.0,785.0,2597.0,76.0,138.0,57.0,14.46,2.76,4.44
2021/01/21,75.6,76.5,73.5,75.7,6310.0,474246.0,1.8843,3.9173,3563.0,-45.0,0.0,-47.0,-92.0,7610.0,747.0,1286.0,51.0,106.0,19.0,14.73,2.81,4.36
2021/01/22,75.3,76.8,74.6,75.6,3728.0,282610.0,-0.1321,2.3144,2362.0,3.0,0.0,-38.0,-35.0,7608.0,516.0,518.0,17.0,94.0,5.0,14.71,2.81,4.37
2021/01/25,76.3,76.3,73.6,74.6,3027.0,226002.0,-1.3228,1.8792,1749.0,-156.0,0.0,-38.0,-194.0,7370.0,312.0,550.0,8.0,92.0,6.0,14.51,2.77,4.42
2021/01/26,74.9,76.5,73.6,74.0,4511.0,338553.0,-0.8043,2.8005,2487.0,-538.0,0.0,-48.0,-586.0,7269.0,479.0,580.0,12.0,81.0,1.0,14.4,2.75,4.46
2021/01/27,74.9,75.4,73.9,75.2,2383.0,178110.0,1.6216,1.4794,1459.0,-54.0,0.0,-105.0,-159.0,7320.0,364.0,311.0,10.0,77.0,6.0,14.63,2.79,4.39
2021/01/28,73.2,74.2,71.2,71.3,5271.0,382450.0,-5.1862,3.2723,3309.0,-1211.0,0.0,-63.0,-1274.0,6623.0,512.0,1209.0,15.0,66.0,4.0,13.87,2.65,4.63
2021/01/29,72.4,72.7,71.4,71.6,2643.0,190183.0,0.4208,1.6408,1522.0,41.0,0.0,-75.0,-34.0,6384.0,196.0,435.0,2.0,70.0,6.0,13.93,2.66,4.61
2021/02/01,72.4,72.4,69.6,71.5,2743.0,194549.0,-0.1397,1.7029,1647.0,48.0,0.0,-99.0,-52.0,6187.0,193.0,390.0,7.0,89.0,26.0,13.91,2.65,4.62
2021/02/02,71.9,72.5,71.1,71.3,1596.0,114604.0,-0.2797,0.9908,1137.0,-248.0,0.0,-61.0,-309.0,6184.0,188.0,191.0,12.0,78.0,1.0,13.87,2.65,4.63
2021/02/03,71.5,74.0,71.5,73.1,2617.0,191213.0,2.5245,1.6247,1658.0,-118.0,0.0,92.0,-26.0,6428.0,523.0,279.0,0.0,104.0,26.0,14.22,2.71,4.51
2021/02/04,74.2,75.1,73.7,74.0,4077.0,303533.0,1.2312,2.531,2720.0,-770.0,2.0,-78.0,-846.0,6449.0,630.0,607.0,1.0,118.0,15.0,14.4,2.75,4.46
2021/02/05,74.4,75.9,74.0,74.3,3819.0,285426.0,0.4054,2.3709,2229.0,57.0,0.0,-14.0,43.0,6355.0,216.0,308.0,4.0,115.0,1.0,14.46,2.76,4.44
2021/02/17,77.2,80.2,76.5,79.2,11307.0,888189.0,6.5949,7.0195,7110.0,1169.0,0.0,139.0,1309.0,6346.0,991.0,1000.0,0.0,127.0,12.0,15.41,2.94,4.17
2021/02/18,79.8,79.9,77.8,79.5,4805.0,379373.0,0.3788,2.983,3155.0,-734.0,0.0,29.0,-705.0,6467.0,602.0,481.0,5.0,127.0,5.0,15.47,2.95,4.15
2021/02/19,78.9,83.5,78.5,83.2,9700.0,792250.0,4.6541,6.0219,6356.0,-1496.0,0.0,413.0,-1083.0,7756.0,1906.0,617.0,2.0,175.0,52.0,14.32,2.79,3.97
2021/02/22,88.1,91.5,87.6,91.5,16419.0,1470919.0,9.976,10.1931,9446.0,-479.0,0.0,-334.0,-813.0,9971.0,3685.0,1470.0,7.0,331.0,163.0,15.75,3.06,3.61
2021/02/23,92.0,94.3,89.0,90.9,19523.0,1791948.0,-0.6557,12.1201,12301.0,-802.0,0.0,66.0,-737.0,8824.0,1847.0,2994.0,80.0,276.0,27.0,15.65,3.04,3.63
2021/02/24,90.8,92.8,89.9,90.2,8437.0,766929.0,-0.7701,5.2378,5676.0,-643.0,0.0,92.0,-551.0,8355.0,770.0,1239.0,39.0,254.0,17.0,15.52,3.02,3.66
2021/02/25,91.9,92.0,90.0,91.5,5602.0,508759.0,1.4412,3.4778,3412.0,181.0,0.0,-125.0,56.0,8185.0,557.0,726.0,18.0,241.0,7.0,15.75,3.06,3.61
2021/02/26,89.5,91.3,89.1,90.7,4693.0,423474.0,-0.8743,2.9135,3232.0,303.0,0.0,-124.0,179.0,7831.0,294.0,648.0,32.0,219.0,10.0,15.61,3.04,3.64
2021/03/02,92.0,93.0,89.0,89.3,5707.0,516790.0,-1.5436,3.543,4140.0,-1025.0,0.0,-83.0,-1108.0,7774.0,536.0,593.0,12.0,209.0,2.0,15.37,2.99,3.7
2021/03/03,88.5,89.5,85.0,86.7,7212.0,625267.0,-2.9115,4.4773,5347.0,-409.0,0.0,-96.0,-505.0,7357.0,527.0,944.0,125.0,168.0,84.0,14.92,2.9,3.81
2021/03/04,85.9,86.3,84.0,84.5,7135.0,605270.0,-2.5375,4.4295,5089.0,-957.0,0.0,-75.0,-1032.0,6502.0,517.0,1372.0,27.0,149.0,8.0,14.54,2.83,3.91
2021/03/05,83.5,86.5,83.1,85.9,4357.0,371469.0,1.6568,2.7049,3192.0,-305.0,0.0,43.0,-262.0,6362.0,241.0,381.0,65.0,91.0,7.0,14.78,2.88,3.84
2021/03/08,86.4,87.1,84.8,85.0,4218.0,361464.0,-1.0477,2.6186,3223.0,-946.0,0.0,-88.0,-1034.0,6383.0,307.0,286.0,4.0,96.0,9.0,14.63,2.85,3.88
2021/03/09,86.1,87.9,85.0,87.2,5141.0,444527.0,2.5882,3.1916,3666.0,174.0,0.0,150.0,324.0,6341.0,480.0,522.0,15.0,116.0,35.0,15.01,2.92,3.78
2021/03/10,87.7,88.5,86.3,86.6,4317.0,376139.0,-0.6881,2.68,3272.0,-1169.0,0.0,-82.0,-1251.0,6486.0,322.0,175.0,27.0,91.0,2.0,14.91,2.9,3.81
2021/03/11,87.0,88.8,86.7,88.2,3283.0,288138.0,1.8476,2.0381,2377.0,547.0,0.0,165.0,712.0,6501.0,362.0,344.0,7.0,90.0,6.0,15.18,2.95,3.74
2021/03/12,89.4,89.4,88.3,89.2,3226.0,286781.0,1.1338,2.0027,2305.0,199.0,-4.0,-10.0,185.0,6242.0,174.0,433.0,1.0,92.0,3.0,15.35,2.99,3.7
2021/03/15,89.3,91.9,88.9,91.3,5409.0,490829.0,2.3543,3.358,4167.0,379.0,0.0,367.0,746.0,6163.0,472.0,551.0,7.0,87.0,3.0,15.71,3.06,3.61
2021/03/16,92.5,99.0,91.8,94.0,22130.0,2108376.0,2.9573,13.7385,16091.0,-1123.0,0.0,254.0,-869.0,7014.0,2223.0,1364.0,8.0,116.0,38.0,16.18,3.15,3.51
2021/03/17,94.0,95.4,92.5,93.3,8168.0,763659.0,-0.7447,5.0708,5959.0,-937.0,0.0,-477.0,-1414.0,6938.0,585.0,661.0,8.0,119.0,11.0,16.06,3.12,3.54
2021/03/18,93.8,95.6,93.0,93.7,5554.0,521476.0,0.4287,3.448,3880.0,-488.0,-3.0,-2.0,-493.0,7212.0,677.0,403.0,22.0,99.0,2.0,16.13,3.14,3.52
2021/03/19,93.0,93.7,92.1,93.7,4301.0,398451.0,0.0,2.6701,3135.0,-205.0,198.0,-153.0,-160.0,6940.0,249.0,521.0,10.0,165.0,76.0,16.13,3.14,3.52
2021/03/22,94.2,94.7,93.0,93.3,3356.0,314417.0,-0.4269,2.0834,2510.0,-132.0,7.0,-43.0,-169.0,6676.0,180.0,440.0,2.0,165.0,2.0,16.06,3.12,3.54
2021/03/23,94.9,95.6,93.3,93.4,4948.0,466813.0,0.1072,3.0718,3762.0,170.0,0.0,-2.0,168.0,6460.0,314.0,530.0,2.0,165.0,3.0,16.08,3.13,3.53
2021/03/24,93.0,94.5,92.6,94.5,3065.0,287847.0,1.1777,1.9028,2050.0,1189.0,0.0,5.0,1194.0,6399.0,176.0,235.0,1.0,200.0,36.0,16.27,3.16,3.49
2021/03/25,94.8,97.7,94.2,95.1,7986.0,765084.0,0.6349,4.9578,5728.0,-168.0,0.0,152.0,-16.0,7182.0,1221.0,438.0,10.0,196.0,7.0,16.37,3.18,6.31
2021/03/26,95.3,96.9,95.3,96.3,5030.0,483690.0,1.2618,3.1227,3204.0,1089.0,0.0,-48.0,1041.0,7105.0,557.0,633.0,11.0,233.0,48.0,16.57,3.23,6.23
2021/03/29,97.5,99.7,96.2,97.0,8054.0,785422.0,0.7269,5.0,5393.0,-1417.0,0.0,-90.0,-1507.0,7405.0,1003.0,703.0,10.0,221.0,2.0,16.7,3.25,6.19
2021/03/30,97.6,99.5,97.1,98.9,6916.0,679919.0,1.9588,4.2935,4745.0,1783.0,0.0,343.0,2126.0,7366.0,616.0,654.0,4.0,231.0,14.0,16.13,3.14,3.52
2021/03/31,99.8,100.5,97.2,97.3,7247.0,712094.0,-1.6178,4.499,5034.0,-1918.0,1.0,-186.0,-2102.0,6824.0,716.0,1258.0,78.0,154.0,1.0,16.75,3.26,6.17
2021/04/01,98.5,98.7,96.7,97.8,4704.0,460186.0,0.5139,2.9203,3253.0,910.0,0.0,-50.0,860.0,6350.0,224.0,698.0,1.0,154.0,1.0,16.83,3.28,6.13
2021/04/06,98.2,99.9,97.0,97.6,10011.0,985909.0,-0.2045,6.2149,6078.0,544.0,1.0,-124.0,421.0,6883.0,905.0,370.0,12.0,143.0,1.0,16.8,3.27,6.15
2021/04/07,98.0,98.0,95.8,96.9,8755.0,845560.0,-0.7172,5.4352,5634.0,-783.0,0.0,-55.0,-838.0,6536.0,760.0,1097.0,109.0,37.0,3.0,16.68,3.25,6.19
2021/04/08,97.4,106.5,97.3,106.5,24697.0,2571028.0,9.9071,15.3321,10651.0,1313.0,0.0,607.0,1920.0,10267.0,5233.0,1502.0,7.0,79.0,50.0,18.33,3.57,5.63
2021/04/09,111.0,117.0,110.0,117.0,27718.0,3211784.0,9.8592,17.2076,8908.0,-230.0,96.0,-470.0,-604.0,12028.0,4262.0,2501.0,50.0,29.0,0.0,20.14,3.92,5.13
2021/04/12,122.0,124.0,113.0,118.0,33673.0,4045904.0,0.8547,20.9045,18842.0,-1969.0,0.0,-162.0,-2131.0,12932.0,5191.0,4287.0,0.0,0.0,0.0,20.31,3.95,5.08
2021/04/13,119.5,126.5,114.0,116.5,19199.0,2325427.0,-1.2712,11.9189,11318.0,292.0,0.0,-8.0,284.0,12040.0,2785.0,3677.0,0.0,0.0,0.0,20.05,3.9,5.15
2021/04/14,118.0,120.0,105.5,114.5,16483.0,1842514.0,-1.7167,10.2328,10797.0,727.0,0.0,-287.0,440.0,11232.0,1665.0,2461.0,0.0,0.0,0.0,19.71,3.83,5.24
2021/04/15,125.5,125.5,119.5,122.0,20185.0,2471622.0,6.5502,12.531,12205.0,-2151.0,176.0,90.0,-1885.0,12797.0,3644.0,2071.0,0.0,95.0,95.0,21.0,4.09,4.92
2021/04/16,123.0,126.0,117.5,119.5,11999.0,1466635.0,-2.0492,7.4491,8130.0,-781.0,0.0,-28.0,-809.0,12317.0,2038.0,2512.0,11.0,112.0,28.0,20.57,4.0,5.02
2021/04/19,119.0,123.0,117.0,122.5,7916.0,951902.0,2.5105,4.9143,5055.0,-206.0,2.0,92.0,-112.0,12311.0,911.0,917.0,5.0,132.0,25.0,21.08,4.1,4.9
2021/04/20,122.5,126.0,119.0,122.0,9747.0,1201191.0,-0.4082,6.051,6111.0,280.0,-36.0,-17.0,227.0,12672.0,1409.0,1048.0,8.0,138.0,14.0,21.0,4.09,4.92
2021/04/21,122.0,128.0,120.5,124.5,12166.0,1516697.0,2.0492,7.5528,7473.0,325.0,0.0,247.0,572.0,12481.0,1390.0,1581.0,32.0,145.0,39.0,21.43,4.17,4.82
2021/04/22,128.0,130.0,119.5,120.0,12579.0,1572286.0,-3.6145,7.8092,7709.0,157.0,-19.0,-165.0,-27.0,11162.0,1513.0,2830.0,97.0,71.0,24.0,20.65,4.02,5.0
2021/04/23,121.0,127.0,119.5,126.5,8225.0,1017652.0,5.4167,5.1062,4824.0,1557.0,-2.0,53.0,1608.0,11576.0,1192.0,776.0,3.0,103.0,38.0,21.77,4.24,4.74
2021/04/26,130.0,131.5,124.0,125.5,10860.0,1381535.0,-0.7905,6.742,6736.0,-3520.0,0.0,22.0,-3498.0,12007.0,1666.0,1229.0,38.0,72.0,7.0,21.6,4.2,4.78
2021/04/27,126.0,126.5,121.5,122.0,5915.0,728262.0,-2.7888,3.6721,4347.0,121.0,-18.0,-20.0,83.0,11238.0,546.0,1315.0,19.0,58.0,5.0,21.0,4.09,4.92
2021/04/28,123.0,126.0,121.0,125.0,4692.0,581050.0,2.459,2.9128,3014.0,597.0,0.0,44.0,641.0,11456.0,1006.0,788.0,4.0,67.0,13.0,21.51,4.19,4.8
2021/04/29,124.5,125.5,119.5,121.0,5109.0,621033.0,-3.2,3.1717,3538.0,-1193.0,-1.0,-13.0,-1207.0,11020.0,579.0,1015.0,26.0,62.0,21.0,20.83,4.05,4.96
2021/05/03,120.0,120.5,115.5,117.0,5684.0,666813.0,-3.3058,3.5287,3489.0,1001.0,0.0,171.0,1172.0,10635.0,381.0,764.0,36.0,42.0,16.0,20.14,3.92,5.13
2021/05/04,118.0,119.0,105.5,112.5,8446.0,935577.0,-3.8462,5.2434,5499.0,1914.0,-54.0,110.0,1970.0,10026.0,479.0,1088.0,33.0,46.0,37.0,19.36,3.77,5.33
2021/05/05,113.5,116.0,107.0,107.0,5130.0,570317.0,-4.8889,3.1848,3226.0,-43.0,-60.0,298.0,195.0,9522.0,225.0,729.0,26.0,33.0,13.0,18.42,3.58,5.61
2021/05/06,108.5,111.5,106.0,108.5,4765.0,517450.0,1.4019,2.9582,3118.0,447.0,0.0,31.0,478.0,9491.0,265.0,296.0,8.0,30.0,5.0,18.67,3.63,5.53
2021/05/07,110.5,115.5,109.0,115.0,4338.0,490837.0,5.9908,2.6931,2874.0,23.0,0.0,157.0,180.0,9550.0,387.0,327.0,12.0,28.0,10.0,19.79,3.85,5.22
2021/05/10,118.0,118.5,111.0,112.0,5953.0,679804.0,-2.6087,3.6957,3258.0,-1986.0,0.0,-7.0,-1994.0,9747.0,733.0,530.0,12.0,20.0,4.0,19.28,3.75,5.36
2021/05/11,107.0,110.0,102.0,103.5,6763.0,714075.0,-7.5893,4.1985,3991.0,1504.0,-43.0,-9.0,1452.0,9136.0,371.0,979.0,8.0,32.0,20.0,14.08,3.14,5.8
2021/05/12,104.0,108.5,94.1,101.0,10517.0,1062354.0,-2.4155,6.5291,6592.0,1424.0,-11.0,50.0,1463.0,8310.0,731.0,1544.0,16.0,86.0,70.0,13.74,3.06,5.94
2021/05/13,99.8,105.0,96.7,102.0,6246.0,635454.0,0.9901,3.8776,3868.0,-354.0,0.0,178.0,-176.0,8484.0,480.0,305.0,17.0,110.0,41.0,13.88,3.09,5.88
2021/05/14,105.0,106.5,99.8,101.0,4968.0,510447.0,-0.9804,3.0842,3199.0,-770.0,0.0,93.0,-677.0,8316.0,212.0,364.0,21.0,109.0,21.0,13.74,3.06,5.94
2021/05/17,93.6,100.5,91.9,93.5,5440.0,520512.0,-7.4257,3.3772,3838.0,846.0,0.0,-29.0,817.0,7596.0,349.0,1019.0,35.0,102.0,28.0,12.72,2.84,6.42
2021/05/18,97.0,102.5,96.1,102.5,4764.0,478172.0,9.6257,2.9575,2661.0,276.0,0.0,0.0,276.0,7461.0,261.0,393.0,20.0,136.0,54.0,13.95,3.11,5.85
2021/05/19,102.0,112.5,102.0,112.5,9823.0,1073826.0,9.7561,6.0982,5786.0,1134.0,401.0,227.0,1762.0,8174.0,1515.0,695.0,31.0,281.0,176.0,15.31,3.41,5.33
2021/05/20,114.0,117.5,111.5,115.0,13263.0,1518700.0,2.2222,8.2338,7884.0,-27.0,1771.0,40.0,1784.0,7828.0,643.0,989.0,23.0,396.0,138.0,15.65,3.49,5.22
2021/05/21,120.5,123.5,111.5,112.5,18097.0,2115194.0,-2.1739,11.2348,11810.0,-3239.0,0.0,0.0,-3239.0,8167.0,1360.0,1019.0,90.0,364.0,59.0,15.31,3.41,5.33
2021/05/24,111.0,116.0,108.0,115.0,7296.0,816030.0,2.2222,4.5294,4991.0,-106.0,0.0,40.0,-66.0,8196.0,654.0,625.0,89.0,318.0,43.0,15.65,3.49,5.22
2021/05/25,117.0,122.5,115.5,116.0,12917.0,1531264.0,0.8696,8.019,8243.0,-442.0,248.0,128.0,-66.0,8447.0,1323.0,1072.0,21.0,339.0,42.0,15.78,3.52,5.17
2021/05/26,117.5,120.5,116.5,117.5,7008.0,831154.0,1.2931,4.3506,4544.0,1297.0,0.0,-40.0,1257.0,8007.0,641.0,1081.0,2.0,367.0,30.0,15.99,3.56,5.11
2021/05/27,117.0,121.0,116.5,121.0,9097.0,1089891.0,2.9787,5.6475,4408.0,2897.0,0.0,45.0,2942.0,7390.0,496.0,1113.0,8.0,395.0,37.0,16.46,3.67,4.96
2021/05/28,122.0,124.0,119.0,122.5,10411.0,1265153.0,1.2397,6.4632,6774.0,-2207.0,0.0,50.0,-2157.0,7730.0,1370.0,1030.0,85.0,322.0,12.0,16.67,3.71,4.9
2021/05/31,121.0,122.5,119.0,119.5,6529.0,786546.0,-2.449,4.0533,4482.0,151.0,0.0,-95.0,56.0,7858.0,762.0,634.0,34.0,293.0,5.0,16.26,3.62,5.02
2021/06/01,121.0,124.0,119.0,119.5,8214.0,997158.0,0.0,5.0993,5221.0,411.0,0.0,125.0,536.0,7746.0,964.0,1076.0,27.0,266.0,1.0,16.26,3.62,5.02
2021/06/02,121.0,121.5,115.0,116.0,5224.0,616407.0,-2.9289,3.2431,3880.0,136.0,0.0,-38.0,98.0,7233.0,370.0,883.0,62.0,308.0,104.0,15.78,3.52,5.17
2021/06/03,117.5,119.5,115.5,119.0,3797.0,447568.0,2.5862,2.3572,2455.0,963.0,0.0,45.0,1008.0,7163.0,388.0,458.0,8.0,326.0,26.0,16.19,3.61,5.04
2021/06/04,119.0,119.5,116.0,117.0,2929.0,344000.0,-1.6807,1.8184,1903.0,-534.0,0.0,-40.0,-574.0,7380.0,619.0,402.0,22.0,310.0,6.0,15.92,3.55,5.13
2021/06/07,117.5,121.0,113.0,119.5,5218.0,612173.0,2.1368,3.2394,3361.0,97.0,147.0,91.0,335.0,7711.0,731.0,400.0,20.0,298.0,8.0,16.26,3.62,5.02
2021/06/08,121.0,123.5,119.0,120.0,7819.0,947738.0,0.4184,4.8541,5036.0,-485.0,141.0,23.0,-321.0,8018.0,1529.0,1222.0,0.0,301.0,3.0,16.33,3.64,5.0
2021/06/09,121.0,132.0,120.5,132.0,61586.0,7933654.0,10.0,38.2332,27560.0,4336.0,687.0,46.0,5070.0,9470.0,4811.0,3358.0,12.0,595.0,307.0,17.96,4.0,4.55
2021/06/10,133.0,133.5,126.5,131.0,43000.0,5584813.0,-0.7576,26.6948,24727.0,-3424.0,16.0,-1142.0,-4550.0,12374.0,5628.0,2724.0,298.0,320.0,23.0,17.82,3.97,4.58
2021/06/11,131.0,132.0,127.0,128.5,11773.0,1517857.0,-1.9084,7.3088,7316.0,-1641.0,-26.0,-284.0,-1952.0,12942.0,2205.0,1637.0,21.0,309.0,11.0,17.48,3.9,4.67
2021/06/15,130.0,132.0,128.0,129.0,13081.0,1698823.0,0.3891,8.1208,7764.0,-540.0,-3.0,163.0,-380.0,12810.0,2306.0,2438.0,26.0,291.0,8.0,17.55,3.91,4.65
2021/06/16,130.0,130.0,123.0,124.0,11657.0,1464828.0,-3.876,7.2368,7995.0,-2114.0,0.0,-134.0,-2248.0,12507.0,1722.0,2023.0,80.0,224.0,13.0,16.87,3.76,4.84
2021/06/17,123.0,126.0,121.0,125.5,5561.0,690029.0,1.2097,3.4523,3696.0,603.0,10.0,82.0,695.0,12000.0,581.0,1088.0,8.0,226.0,10.0,17.07,3.81,4.78
2021/06/18,126.5,128.0,125.0,125.5,5829.0,736311.0,0.0,3.6187,3805.0,231.0,2.0,-47.0,186.0,11609.0,441.0,778.0,6.0,219.0,1.0,17.07,3.81,4.78
2021/06/21,123.0,125.0,120.5,122.0,5754.0,704981.0,-2.7888,3.5721,3900.0,1480.0,28.0,-109.0,1399.0,9728.0,297.0,2177.0,14.0,251.0,46.0,16.6,3.7,4.92
2021/06/22,125.5,126.0,121.0,121.0,5446.0,669744.0,-0.8197,3.3809,3622.0,-541.0,40.0,-75.0,-576.0,9911.0,527.0,344.0,6.0,249.0,4.0,16.46,3.67,4.96
2021/06/23,122.0,123.0,118.0,122.5,8198.0,991751.0,1.2397,5.0894,5225.0,625.0,1.0,21.0,647.0,9515.0,799.0,1195.0,14.0,706.0,471.0,16.67,3.71,4.9
2021/06/24,125.0,125.0,120.5,121.0,4103.0,500403.0,-1.2245,2.5472,3118.0,-505.0,1.0,33.0,-471.0,9926.0,843.0,432.0,44.0,665.0,3.0,16.46,3.67,4.96
2021/06/25,122.0,124.0,120.5,120.5,4838.0,590346.0,-0.4132,3.0035,3112.0,-170.0,0.0,10.0,-160.0,9855.0,430.0,500.0,15.0,655.0,5.0,16.39,3.65,4.98
2021/06/28,121.0,125.5,119.5,124.0,6916.0,855248.0,2.9046,4.2935,4680.0,708.0,157.0,40.0,905.0,10180.0,1181.0,856.0,12.0,656.0,13.0,16.87,3.76,4.84
2021/06/29,125.0,126.0,120.5,121.0,5530.0,677879.0,-2.4194,3.4331,3848.0,-1191.0,2.0,-76.0,-1265.0,9697.0,665.0,1148.0,12.0,724.0,80.0,16.46,3.67,4.96
2021/06/30,121.5,123.0,121.0,121.5,2989.0,364405.0,0.4132,1.8556,2097.0,237.0,0.0,-3.0,234.0,9589.0,330.0,438.0,24.0,700.0,0.0,16.53,3.68,4.94
2021/07/01,122.0,123.5,121.5,122.5,3487.0,426607.0,0.823,2.1648,2523.0,-164.0,-15.0,41.0,-138.0,9512.0,527.0,593.0,23.0,677.0,0.0,16.67,3.71,4.9
2021/07/02,123.0,125.5,121.0,124.0,4700.0,581600.0,1.2245,2.9178,3443.0,589.0,2.0,92.0,683.0,9409.0,645.0,746.0,6.0,674.0,3.0,16.87,3.76,4.84
2021/07/05,126.0,131.0,124.5,128.5,10875.0,1394255.0,3.629,6.7513,7361.0,697.0,-650.0,163.0,210.0,10383.0,2227.0,1252.0,12.0,680.0,18.0,17.48,3.9,4.67
2021/07/06,129.0,129.0,124.0,125.0,5170.0,648798.0,-2.7237,3.2096,3591.0,-521.0,-17.0,-107.0,-645.0,9811.0,734.0,1306.0,8.0,672.0,0.0,17.01,3.79,4.8
2021/07/07,124.0,127.0,123.0,123.5,3784.0,470790.0,-1.2,2.3491,2599.0,-164.0,0.0,-19.0,-183.0,9670.0,497.0,638.0,11.0,661.0,0.0,16.8,3.74,4.86
2021/07/08,125.0,128.0,124.5,127.0,4804.0,607320.0,2.834,2.9824,3281.0,1652.0,-6.0,107.0,1753.0,9865.0,757.0,562.0,1.0,685.0,25.0,17.28,3.85,4.72
2021/07/09,128.0,128.0,122.0,122.5,6418.0,799733.0,-3.5433,3.9844,4506.0,-1069.0,-3.0,-94.0,-1166.0,9870.0,791.0,786.0,6.0,696.0,17.0,16.67,3.71,4.9
2021/07/12,124.5,128.0,123.5,125.0,6157.0,774060.0,2.0408,3.8223,3818.0,1824.0,-10.0,30.0,1844.0,9503.0,441.0,807.0,208.0,491.0,3.0,17.01,3.79,4.8
2021/07/13,127.0,130.0,122.0,123.0,11664.0,1481538.0,-1.6,7.2411,7399.0,153.0,-5.0,48.0,196.0,9411.0,1048.0,1140.0,51.0,449.0,9.0,16.73,3.73,4.88
2021/07/14,123.5,125.0,121.0,123.5,3533.0,434561.0,0.4065,2.1933,2408.0,-180.0,-1.0,-157.0,-337.0,9549.0,388.0,248.0,293.0,249.0,93.0,16.8,3.74,4.86
2021/07/15,124.5,127.5,122.5,125.0,5044.0,629985.0,1.2146,3.1314,3305.0,-627.0,-158.0,6.0,-779.0,10410.0,1267.0,405.0,98.0,151.0,0.0,17.01,3.79,4.8
2021/07/16,123.5,127.5,122.5,126.5,4343.0,545235.0,1.2,2.6962,2953.0,1307.0,-1.0,46.0,1352.0,10401.0,620.0,626.0,0.0,151.0,0.0,17.21,3.84,4.74
2021/07/19,127.0,129.0,126.0,129.0,7690.0,982705.0,1.9763,4.774,5106.0,202.0,-350.0,209.0,61.0,10282.0,975.0,1094.0,13.0,143.0,5.0,17.55,3.91,4.65
2021/07/20,127.5,128.0,123.5,124.5,5209.0,652758.0,-3.4884,3.2338,3861.0,-803.0,2.0,-172.0,-973.0,10125.0,489.0,645.0,5.0,138.0,0.0,16.94,3.78,4.82
2021/07/21,126.0,128.5,123.5,125.0,5845.0,736961.0,0.4016,3.6286,3755.0,996.0,-3.0,34.0,1027.0,9982.0,482.0,625.0,11.0,129.0,2.0,17.01,3.79,4.8
2021/07/22,127.5,132.0,125.0,126.5,20404.0,2610308.0,1.2,12.667,11511.0,-2876.0,-3.0,112.0,-2767.0,11690.0,2765.0,1014.0,5.0,126.0,2.0,17.21,3.84,4.74
2021/07/23,127.5,129.5,124.5,125.5,8857.0,1124488.0,-0.7905,5.4985,5234.0,450.0,0.0,45.0,495.0,10617.0,775.0,1848.0,2.0,126.0,2.0,17.07,3.81,4.78
2021/07/26,126.5,134.0,125.5,134.0,14635.0,1900488.0,6.7729,9.0855,8920.0,1961.0,0.0,306.0,2267.0,11684.0,2586.0,1519.0,1.0,237.0,112.0,18.23,4.06,4.48
2021/07/27,137.0,140.5,127.5,135.0,29375.0,3949920.0,0.7463,18.2363,19843.0,-2444.0,-2.0,-174.0,-2620.0,12006.0,3934.0,3604.0,122.0,161.0,46.0,18.37,4.09,4.44
2021/07/28,133.0,133.0,122.0,125.0,15144.0,1921824.0,-7.4074,9.4015,10453.0,-398.0,0.0,-160.0,-558.0,10751.0,1458.0,2713.0,49.0,129.0,17.0,17.01,3.79,4.8
2021/07/29,127.0,128.5,124.5,127.5,5161.0,654281.0,2.0,3.204,3570.0,122.0,0.0,-3.0,119.0,10998.0,837.0,589.0,3.0,131.0,5.0,17.35,3.87,4.71
2021/07/30,127.5,130.5,125.5,126.0,6221.0,795557.0,-1.1765,3.8621,4617.0,-161.0,-4.0,52.0,-113.0,10863.0,802.0,937.0,7.0,135.0,11.0,17.14,3.82,4.76
2021/08/02,127.5,128.5,126.0,127.0,2931.0,372821.0,0.7937,1.8196,2067.0,117.0,-1.0,-18.0,98.0,10890.0,441.0,414.0,7.0,132.0,4.0,17.28,3.85,4.72
2021/08/03,127.5,131.5,127.5,130.0,6817.0,883444.0,2.3622,4.2321,4909.0,557.0,-2.0,74.0,629.0,11110.0,1097.0,877.0,3.0,134.0,5.0,17.69,3.94,4.62
2021/08/04,133.0,139.0,132.0,135.5,21871.0,2958965.0,4.2308,13.5777,15134.0,-979.0,-3.0,282.0,-700.0,12052.0,2712.0,1770.0,12.0,140.0,18.0,18.44,4.11,4.43
2021/08/05,136.0,143.5,133.0,142.5,21663.0,3004969.0,5.1661,13.4486,13830.0,4003.0,-3.0,375.0,4376.0,11661.0,3024.0,3414.0,3.0,195.0,58.0,19.39,4.32,4.21
2021/08/06,140.0,141.0,135.0,136.0,14887.0,2039138.0,-4.5614,9.242,9876.0,-3488.0,0.0,-318.0,-3806.0,12048.0,2633.0,2246.0,57.0,156.0,18.0,18.5,4.12,4.41
2021/08/09,137.0,138.0,130.0,130.0,10662.0,1422478.0,-4.4118,6.6191,7310.0,-337.0,0.0,-165.0,-502.0,11989.0,1452.0,1511.0,32.0,129.0,5.0,17.69,3.94,4.62
2021/08/10,131.0,131.5,126.0,128.0,5935.0,759863.0,-1.5385,3.6845,4342.0,-365.0,0.0,-60.0,-426.0,11823.0,689.0,855.0,5.0,134.0,11.0,14.58,3.55,4.69
2021/08/11,128.5,129.5,124.0,124.5,6449.0,814232.0,-2.7344,4.0036,4895.0,-1018.0,0.0,-247.0,-1265.0,11104.0,473.0,1192.0,37.0,108.0,11.0,14.18,3.46,4.82
2021/08/12,124.5,128.0,124.5,127.5,3387.0,428412.0,2.4096,2.1027,2403.0,509.0,5.0,43.0,557.0,11080.0,326.0,350.0,1.0,118.0,11.0,14.52,3.54,4.71
2021/08/13,127.5,128.0,122.0,122.0,4635.0,577477.0,-4.3137,2.8775,3775.0,-438.0,3.0,-165.0,-600.0,10562.0,432.0,948.0,23.0,114.0,19.0,13.9,3.39,4.92
2021/08/16,120.0,124.5,118.0,121.5,4470.0,540322.0,-0.4098,2.775,3528.0,561.0,14.0,-57.0,518.0,10468.0,400.0,490.0,7.0,128.0,22.0,13.84,3.37,4.94
2021/08/17,123.0,124.0,115.5,116.5,3883.0,463483.0,-4.1152,2.4106,3080.0,-137.0,1.0,-151.0,-287.0,10368.0,318.0,416.0,51.0,94.0,27.0,13.27,3.24,5.15
2021/08/18,114.5,121.0,111.0,121.0,5770.0,668508.0,3.8627,3.5821,4436.0,166.0,22.0,47.0,235.0,9682.0,384.0,1064.0,42.0,53.0,21.0,13.78,3.36,4.96
2021/08/19,119.5,119.5,114.0,114.0,3680.0,429440.0,-5.7851,2.2846,2937.0,-512.0,0.0,-193.0,-705.0,9600.0,352.0,429.0,16.0,63.0,26.0,12.98,3.17,5.26
2021/08/20,116.5,118.0,113.0,116.0,3367.0,390291.0,1.7544,2.0903,2372.0,232.0,6.0,30.0,268.0,9384.0,162.0,378.0,46.0,17.0,0.0,13.21,3.22,5.17
2021/08/23,119.5,122.5,118.5,121.5,3371.0,406690.0,4.7414,2.0927,2475.0,344.0,1.0,67.0,412.0,9429.0,350.0,303.0,0.0,0.0,0.0,13.84,3.37,4.94
2021/08/24,123.0,123.5,119.5,120.0,2574.0,311840.0,-1.2346,1.598,2149.0,-456.0,1.0,-87.0,-542.0,9303.0,181.0,307.0,0.0,0.0,0.0,13.67,3.33,5.0
2021/08/25,121.0,122.0,119.5,122.0,4267.0,516290.0,1.6667,2.649,2898.0,-369.0,0.0,65.0,-304.0,9227.0,410.0,486.0,0.0,0.0,0.0,13.9,3.39,4.92
2021/08/26,117.5,118.5,115.0,115.0,3446.0,401909.0,-0.8197,2.1393,2539.0,-873.0,0.0,-30.0,-903.0,9232.0,297.0,291.0,0.0,28.0,28.0,13.1,3.19,5.22
2021/08/27,113.5,114.5,110.0,110.5,4776.0,533525.0,-3.913,2.965,3703.0,-1124.0,0.0,-42.0,-1166.0,9587.0,652.0,296.0,1.0,90.0,63.0,12.59,3.07,5.43
2021/08/30,111.5,113.0,109.5,110.0,2135.0,237599.0,-0.4525,1.3254,1497.0,-229.0,-3.0,-14.0,-246.0,9570.0,100.0,104.0,9.0,263.0,182.0,12.53,3.05,5.45
2021/08/31,111.0,113.0,110.0,113.0,1965.0,219153.0,2.7273,1.2199,1377.0,1.0,-2.0,-6.0,-7.0,9575.0,118.0,112.0,28.0,252.0,17.0,12.87,3.14,5.31
2021/09/01,111.5,116.5,111.0,115.5,3808.0,433721.0,2.2124,2.364,2425.0,350.0,-530.0,119.0,-62.0,9805.0,519.0,248.0,51.0,215.0,14.0,13.15,3.21,5.19
2021/09/02,114.5,116.0,111.0,111.5,4354.0,492969.0,-3.4632,2.703,3155.0,-674.0,-1089.0,-131.0,-1894.0,10013.0,518.0,309.0,17.0,325.0,127.0,12.7,3.1,5.38
2021/09/03,113.0,113.5,111.5,111.5,3265.0,367266.0,0.0,2.0269,1996.0,134.0,-582.0,5.0,-443.0,9792.0,211.0,431.0,102.0,243.0,20.0,12.7,3.1,5.38
2021/09/06,112.5,113.0,108.0,108.0,3026.0,334630.0,-3.139,1.8786,2149.0,-322.0,-5.0,-23.0,-350.0,9560.0,119.0,349.0,13.0,305.0,75.0,12.3,3.0,5.56
2021/09/07,109.0,109.5,104.0,105.0,3648.0,384923.0,-2.7778,2.2647,2800.0,665.0,-3.0,-48.0,614.0,9489.0,290.0,345.0,72.0,288.0,55.0,11.96,2.92,5.71
2021/09/08,104.5,107.0,103.0,103.0,2255.0,235753.0,-1.9048,1.3999,1814.0,-135.0,-1.0,-42.0,-178.0,9436.0,177.0,228.0,34.0,304.0,50.0,11.73,2.86,5.83
2021/09/09,104.0,106.5,104.0,105.0,1478.0,155555.0,1.9417,0.9176,1252.0,-30.0,0.0,-8.0,-38.0,9380.0,75.0,129.0,32.0,286.0,14.0,11.96,2.92,5.71
2021/09/10,106.0,107.0,104.0,107.0,1348.0,142571.0,1.9048,0.8369,1086.0,80.0,1.0,-41.0,40.0,9334.0,105.0,148.0,36.0,258.0,8.0,12.19,2.97,5.61
2021/09/13,107.5,108.0,105.0,105.0,1086.0,115480.0,-1.8692,0.6742,903.0,-372.0,1.0,-19.0,-390.0,9352.0,86.0,61.0,57.0,227.0,26.0,11.96,2.92,5.71
2021/09/14,106.5,107.0,104.0,104.0,1364.0,143321.0,-0.9524,0.8468,1006.0,-151.0,0.0,-17.0,-168.0,9097.0,159.0,413.0,65.0,170.0,8.0,11.85,2.89,5.77
2021/09/15,102.5,103.5,101.0,102.0,1731.0,177115.0,-1.9231,1.0746,1443.0,372.0,0.0,-38.0,334.0,8871.0,95.0,321.0,65.0,131.0,26.0,11.62,2.83,5.88
2021/09/16,104.0,105.0,102.0,102.5,1337.0,138310.0,0.4902,0.83,1069.0,-245.0,0.0,-13.0,-258.0,8830.0,111.0,91.0,16.0,119.0,4.0,11.67,2.85,5.85
2021/09/17,102.5,103.5,101.0,103.5,1388.0,142226.0,0.9756,0.8617,1024.0,306.0,0.0,-3.0,303.0,8800.0,97.0,127.0,7.0,140.0,28.0,11.79,2.87,5.8
2021/09/22,100.0,101.5,99.8,100.5,1883.0,189145.0,-2.8986,1.169,1456.0,99.0,0.0,-40.0,59.0,8399.0,46.0,447.0,23.0,130.0,13.0,11.45,2.79,5.97
2021/09/23,102.0,103.0,101.0,102.0,1014.0,103647.0,1.4925,0.6295,842.0,-98.0,0.0,-9.0,-107.0,8415.0,114.0,98.0,10.0,141.0,21.0,11.62,2.83,5.88
2021/09/24,103.0,104.0,102.0,103.5,1156.0,119220.0,1.4706,0.7177,983.0,-166.0,1.0,-1.0,-166.0,8448.0,96.0,57.0,14.0,127.0,0.0,11.79,2.87,5.8
2021/09/27,104.5,104.5,101.5,102.0,1211.0,124186.0,-1.4493,0.7518,966.0,-275.0,1.0,-8.0,-282.0,8475.0,77.0,50.0,2.0,126.0,1.0,11.62,2.83,5.88
2021/09/28,101.5,103.0,100.0,103.0,1574.0,159463.0,0.9804,0.9772,1177.0,-238.0,1.0,6.0,-231.0,8689.0,280.0,66.0,6.0,126.0,6.0,11.73,2.86,5.83
2021/09/29,100.0,101.0,100.0,100.5,1728.0,173606.0,-2.4272,1.0728,1268.0,-193.0,5.0,-53.0,-241.0,8469.0,215.0,433.0,7.0,151.0,32.0,11.45,2.79,5.97
2021/09/30,101.0,101.0,98.0,99.5,2433.0,241828.0,-0.995,1.5104,2062.0,-368.0,4.0,-12.0,-376.0,8573.0,302.0,195.0,19.0,173.0,41.0,11.33,2.76,6.03
2021/10/01,98.1,101.0,97.5,97.9,2327.0,229630.0,-1.608,1.4446,1909.0,348.0,3.0,-14.0,337.0,8464.0,174.0,283.0,62.0,119.0,8.0,11.15,2.72,6.13
2021/10/04,99.0,99.3,94.2,94.2,2236.0,214382.0,-3.7794,1.3881,1902.0,291.0,17.0,-34.0,274.0,8250.0,170.0,340.0,20.0,125.0,26.0,10.73,2.62,6.37
2021/10/05,93.0,99.0,92.2,98.6,2985.0,287137.0,4.6709,1.8531,2473.0,1205.0,9.0,12.0,1226.0,7756.0,102.0,583.0,76.0,105.0,56.0,11.23,2.74,6.09
2021/10/06,99.3,103.0,99.3,100.0,3294.0,332089.0,1.4199,2.0449,3001.0,392.0,3.0,13.0,408.0,7692.0,177.0,239.0,11.0,120.0,26.0,11.39,2.78,6.0
2021/10/07,101.0,105.0,101.0,104.5,2601.0,268516.0,4.5,1.6147,2166.0,470.0,3.0,5.0,478.0,7666.0,266.0,291.0,8.0,119.0,8.0,11.9,2.9,5.74
2021/10/08,105.5,106.0,102.0,102.5,2053.0,213014.0,-1.9139,1.2745,1649.0,-338.0,1.0,8.0,-329.0,7728.0,185.0,123.0,13.0,123.0,17.0,11.67,2.85,5.85
2021/10/12,102.5,103.0,99.4,99.5,1919.0,193595.0,-2.9268,1.1913,1328.0,-700.0,1.0,-6.0,-705.0,7875.0,248.0,101.0,11.0,137.0,25.0,11.33,2.76,6.03
2021/10/13,100.5,100.5,96.0,96.1,1462.0,143028.0,-3.4171,0.9076,1386.0,-376.0,2.0,-41.0,-415.0,7893.0,143.0,119.0,8.0,180.0,51.0,10.95,2.67,6.24
2021/10/14,98.0,98.0,95.0,96.6,972.0,93768.0,0.5203,0.6034,876.0,0.0,2.0,-23.0,-21.0,7855.0,40.0,78.0,29.0,179.0,28.0,11.0,2.68,6.21
2021/10/15,98.5,99.3,97.7,97.8,979.0,96389.0,1.2422,0.6078,873.0,22.0,0.0,-1.0,21.0,7911.0,145.0,89.0,28.0,162.0,11.0,11.14,2.72,6.13
2021/10/18,99.0,99.0,97.1,97.3,672.0,65831.0,-0.5112,0.4172,542.0,-110.0,-7.0,-11.0,-128.0,7987.0,118.0,42.0,12.0,155.0,5.0,11.08,2.7,6.17
2021/10/19,98.0,101.0,97.7,101.0,1702.0,169915.0,3.8027,1.0566,1281.0,492.0,9.0,90.0,591.0,7707.0,125.0,405.0,27.0,141.0,13.0,11.5,2.8,5.94
2021/10/20,102.0,102.0,99.8,100.5,1174.0,118058.0,-0.495,0.7288,904.0,-306.0,7.0,-37.0,-336.0,7730.0,121.0,98.0,20.0,122.0,1.0,11.45,2.79,5.97
2021/10/21,100.0,103.0,99.5,99.5,2023.0,204819.0,-0.995,1.2559,1374.0,-146.0,1.0,15.0,-130.0,7724.0,159.0,165.0,24.0,98.0,0.0,11.33,2.76,6.03
2021/10/22,100.0,104.0,99.7,102.5,2775.0,283387.0,3.0151,1.7227,1834.0,603.0,-60.0,20.0,563.0,7617.0,294.0,311.0,13.0,89.0,4.0,11.67,2.85,5.85
2021/10/25,102.5,103.5,100.5,102.5,1252.0,127758.0,0.0,0.7773,1004.0,-322.0,-4.0,-19.0,-345.0,7658.0,136.0,95.0,10.0,80.0,1.0,11.67,2.85,5.85
2021/10/26,103.5,103.5,101.0,101.0,2004.0,204626.0,-1.4634,1.2441,1062.0,-147.0,0.0,-2.0,-149.0,7613.0,161.0,202.0,3.0,78.0,1.0,11.5,2.8,5.94
2021/10/27,101.5,104.5,101.0,103.5,1842.0,190020.0,2.4752,1.1435,1315.0,679.0,-7.0,13.0,685.0,7386.0,142.0,369.0,1.0,84.0,7.0,11.79,2.87,5.8
2021/10/28,103.5,105.5,103.5,104.0,1734.0,181086.0,0.4831,1.0765,1240.0,187.0,0.0,18.0,205.0,7383.0,256.0,259.0,11.0,73.0,0.0,11.85,2.89,5.77
2021/10/29,105.0,106.0,103.5,104.0,2575.0,269356.0,0.0,1.5986,1411.0,387.0,-1.0,146.0,532.0,7208.0,196.0,367.0,16.0,57.0,0.0,11.85,2.89,5.77
2021/11/01,105.5,107.0,105.0,106.0,2095.0,222401.0,1.9231,1.3006,1446.0,713.0,-1.0,15.0,727.0,7013.0,161.0,356.0,10.0,53.0,6.0,12.07,2.94,5.66
2021/11/02,107.0,107.5,103.0,103.5,2447.0,256862.0,-2.3585,1.5191,1671.0,-265.0,-4.0,-24.0,-293.0,6790.0,246.0,469.0,5.0,54.0,6.0,11.79,2.87,5.8
2021/11/03,104.5,104.5,102.5,104.0,1159.0,120103.0,0.4831,0.7195,937.0,355.0,-6.0,5.0,354.0,6761.0,81.0,110.0,0.0,54.0,0.0,11.85,2.89,5.77
2021/11/04,105.0,105.5,104.0,104.5,865.0,90456.0,0.4808,0.537,874.0,-31.0,-7.0,-3.0,-41.0,6732.0,80.0,109.0,0.0,55.0,1.0,11.9,2.9,5.74
2021/11/05,105.5,106.0,102.5,104.5,1681.0,175641.0,0.0,1.0436,1276.0,64.0,-1.0,25.0,88.0,6717.0,73.0,88.0,13.0,43.0,1.0,11.9,2.9,5.74
2021/11/08,105.5,107.0,105.0,107.0,1868.0,198142.0,2.3923,1.1597,1422.0,106.0,-4.0,-94.0,8.0,6690.0,113.0,139.0,0.0,45.0,2.0,12.19,2.97,5.61
2021/11/09,107.0,107.0,102.5,104.0,4746.0,492980.0,-2.8037,2.9464,4037.0,-2209.0,-5.0,75.0,-2139.0,6795.0,437.0,332.0,7.0,55.0,17.0,10.22,3.0,5.77
2021/11/10,105.5,107.5,103.5,105.0,3693.0,388480.0,0.9615,2.2926,2550.0,200.0,-2.0,5.0,203.0,7016.0,502.0,279.0,1.0,59.0,5.0,10.31,3.03,5.71
2021/11/11,104.5,109.0,104.0,108.0,4412.0,472506.0,2.8571,2.739,2964.0,1281.0,0.0,223.0,1504.0,7289.0,681.0,408.0,11.0,53.0,5.0,10.61,3.12,5.56
2021/11/12,108.5,109.5,107.0,107.0,2935.0,317155.0,-0.9259,1.8221,2353.0,-283.0,-1.0,-187.0,-471.0,7206.0,269.0,352.0,3.0,51.0,1.0,10.51,3.09,5.61
2021/11/15,107.5,111.0,107.5,109.0,3128.0,342155.0,1.8692,1.9419,2247.0,740.0,-15.0,5.0,730.0,7251.0,309.0,264.0,15.0,38.0,2.0,10.71,3.14,5.5
2021/11/16,110.5,112.0,108.5,109.0,2322.0,255243.0,0.0,1.4415,2405.0,-381.0,0.0,37.0,-344.0,7122.0,263.0,386.0,1.0,38.0,1.0,10.71,3.14,5.5
2021/11/17,109.5,111.0,108.0,110.0,2540.0,279326.0,0.9174,1.5769,1757.0,468.0,0.0,32.0,500.0,6871.0,153.0,401.0,0.0,39.0,1.0,10.81,3.17,5.45
2021/11/18,110.5,112.5,109.5,110.5,2239.0,248589.0,0.4545,1.39,1856.0,-134.0,-1.0,-31.0,-166.0,6800.0,263.0,334.0,10.0,30.0,1.0,10.85,3.19,5.43
2021/11/19,111.0,111.0,107.5,108.5,2016.0,219482.0,-1.81,1.2516,1909.0,-511.0,1.0,-21.0,-531.0,6797.0,182.0,157.0,2.0,33.0,5.0,10.66,3.13,5.53
2021/11/22,108.5,111.0,107.5,109.5,1643.0,179260.0,0.9217,1.02,1227.0,366.0,-2.0,24.0,388.0,6616.0,65.0,235.0,0.0,33.0,0.0,10.76,3.16,5.48
2021/11/23,108.5,109.0,106.0,106.5,1933.0,206931.0,-2.7397,1.2,1665.0,-323.0,-40.0,-41.0,-404.0,6416.0,156.0,356.0,3.0,31.0,1.0,10.46,3.07,5.63
2021/11/24,106.5,107.0,105.5,106.5,1023.0,108667.0,0.0,0.6351,879.0,-44.0,1.0,-4.0,-47.0,6372.0,95.0,138.0,1.0,33.0,3.0,10.46,3.07,5.63
2021/11/25,106.5,107.0,105.0,105.0,760.0,80314.0,-1.4085,0.4718,740.0,-80.0,0.0,-16.0,-96.0,6360.0,37.0,49.0,0.0,33.0,0.0,10.31,3.03,5.71
2021/11/26,104.5,105.0,102.0,102.5,1711.0,176460.0,-2.381,1.0622,1476.0,-208.0,1.0,-12.0,-219.0,6162.0,80.0,278.0,2.0,31.0,0.0,10.07,2.96,5.85
2021/11/29,100.5,104.0,99.0,104.0,1770.0,179507.0,1.4634,1.0988,1389.0,435.0,1.0,6.0,442.0,6095.0,58.0,125.0,3.0,37.0,9.0,10.22,3.0,5.77
2021/11/30,104.5,105.5,103.0,104.5,914.0,95346.0,0.4808,0.5674,770.0,-78.0,0.0,-20.0,-98.0,6084.0,56.0,67.0,1.0,36.0,0.0,10.27,3.01,5.74
2021/12/01,103.0,105.0,102.0,105.0,852.0,88546.0,0.4785,0.5289,757.0,93.0,0.0,16.0,109.0,6056.0,53.0,73.0,1.0,44.0,9.0,10.31,3.03,5.71
2021/12/02,105.0,106.0,103.5,104.0,1173.0,122577.0,-0.9524,0.7282,1004.0,-258.0,8.0,-7.0,-257.0,6165.0,194.0,71.0,0.0,44.0,0.0,10.22,3.0,5.77
2021/12/03,105.0,110.5,105.0,109.0,4884.0,532103.0,4.8077,3.032,3480.0,1187.0,0.0,42.0,1229.0,6715.0,894.0,344.0,0.0,55.0,11.0,10.71,3.14,5.5
2021/12/06,110.0,110.0,108.0,108.5,1395.0,151541.0,-0.4587,0.866,1147.0,-344.0,0.0,-40.0,-384.0,6756.0,191.0,150.0,16.0,39.0,0.0,10.66,3.13,5.53
2021/12/07,109.5,109.5,106.5,107.5,1181.0,127014.0,-0.9217,0.7332,1086.0,-209.0,0.0,-3.0,-212.0,6839.0,202.0,119.0,5.0,35.0,1.0,10.56,3.1,5.58
2021/12/08,108.5,109.0,106.5,106.5,1029.0,110577.0,-0.9302,0.6388,801.0,-202.0,0.0,-4.0,-206.0,6905.0,112.0,46.0,2.0,33.0,0.0,10.46,3.07,5.63
2021/12/09,106.0,106.5,102.0,102.0,2021.0,210066.0,-4.2254,1.2547,1530.0,16.0,1.0,-2.0,15.0,6061.0,107.0,951.0,1.0,35.0,3.0,10.02,2.94,5.88
2021/12/10,103.0,105.0,103.0,103.5,1258.0,130517.0,1.4706,0.781,1046.0,130.0,0.0,22.0,152.0,5848.0,80.0,283.0,4.0,33.0,2.0,10.17,2.99,5.8
2021/12/13,104.0,104.5,103.0,103.5,622.0,64601.0,0.0,0.3861,489.0,-140.0,0.0,-17.0,-157.0,5869.0,53.0,32.0,0.0,53.0,20.0,10.17,2.99,5.8
2021/12/14,103.0,103.5,102.0,102.0,1056.0,108182.0,-1.4493,0.6556,910.0,-218.0,0.0,-19.0,-237.0,5735.0,54.0,183.0,1.0,63.0,11.0,10.02,2.94,5.88
2021/12/15,102.0,104.5,102.0,104.5,721.0,74648.0,2.451,0.4476,676.0,69.0,1.0,11.0,81.0,5626.0,29.0,138.0,0.0,68.0,5.0,10.27,3.01,5.74
2021/12/16,105.5,107.0,105.0,106.5,1692.0,179824.0,1.9139,1.0504,1242.0,536.0,1.0,38.0,575.0,5646.0,116.0,96.0,11.0,57.0,0.0,10.46,3.07,5.63
2021/12/17,106.5,107.0,104.5,105.0,1147.0,121182.0,-1.4085,0.7121,892.0,-42.0,-8.0,-46.0,-96.0,5564.0,71.0,153.0,0.0,64.0,7.0,10.31,3.03,5.71
2021/12/20,104.0,106.0,103.5,103.5,559.0,58380.0,-1.4286,0.347,512.0,-12.0,0.0,7.0,-5.0,5562.0,28.0,30.0,0.0,70.0,6.0,10.17,2.99,5.8
2021/12/21,103.5,105.0,103.0,104.5,720.0,75076.0,0.9662,0.447,562.0,214.0,0.0,3.0,217.0,5532.0,35.0,64.0,30.0,40.0,0.0,10.27,3.01,5.74
2021/12/22,105.5,106.0,105.0,105.5,746.0,78734.0,0.9569,0.4631,596.0,265.0,0.0,2.0,267.0,5537.0,56.0,51.0,0.0,43.0,3.0,10.36,3.04,5.69
2021/12/23,106.0,107.0,106.0,106.5,893.0,95038.0,0.9479,0.5544,747.0,250.0,0.0,4.0,254.0,5548.0,76.0,65.0,0.0,44.0,1.0,10.46,3.07,5.63
2021/12/24,107.5,108.5,107.0,107.0,1458.0,156882.0,0.4695,0.9051,1235.0,72.0,0.0,2.0,74.0,5512.0,99.0,135.0,3.0,41.0,0.0,10.51,3.09,5.61
2021/12/27,107.0,108.0,107.0,107.5,777.0,83598.0,0.4673,0.4824,638.0,230.0,-2.0,5.0,233.0,5423.0,32.0,121.0,0.0,41.0,0.0,10.56,3.1,5.58
2021/12/28,108.0,108.5,106.5,107.0,640.0,68682.0,-0.4651,0.3973,623.0,17.0,-1.0,-13.0,3.0,5408.0,46.0,61.0,2.0,39.0,0.0,10.51,3.09,5.61
2021/12/29,107.5,107.5,106.0,107.5,548.0,58662.0,0.4673,0.3402,491.0,163.0,-1.0,7.0,169.0,5421.0,54.0,39.0,0.0,40.0,1.0,10.56,3.1,5.58
2021/12/30,107.5,109.0,107.5,108.5,1346.0,146005.0,0.9302,0.8356,1110.0,202.0,0.0,15.0,217.0,5409.0,106.0,118.0,0.0,41.0,1.0,10.66,3.13,5.53
2022/01/03,109.5,110.0,108.5,109.0,1304.0,142299.0,0.4608,0.8095,1037.0,-47.0,0.0,-2.0,-49.0,5404.0,117.0,122.0,0.0,41.0,0.0,10.22,3.0,5.77
2022/01/04,109.0,109.0,108.0,108.0,1158.0,125578.0,-0.9174,0.7189,893.0,161.0,0.0,1.0,162.0,5355.0,66.0,115.0,2.0,39.0,0.0,10.61,3.12,5.56
2022/01/05,107.5,108.5,107.0,108.0,891.0,96117.0,0.0,0.5531,793.0,113.0,0.0,48.0,161.0,5359.0,50.0,46.0,2.0,37.0,0.0,10.61,3.12,5.56
2022/01/06,107.5,110.5,107.0,109.0,2050.0,223220.0,0.9259,1.2727,1697.0,23.0,0.0,9.0,32.0,5450.0,202.0,101.0,5.0,32.0,0.0,10.71,3.14,5.5
2022/01/07,109.0,109.5,105.0,105.0,2028.0,215975.0,-3.6697,1.259,1637.0,-669.0,0.0,-39.0,-708.0,5188.0,143.0,405.0,8.0,45.0,21.0,10.31,3.03,5.71
2022/01/10,104.0,105.0,103.5,104.5,700.0,73082.0,-0.4762,0.4346,639.0,-41.0,2.0,-10.0,-49.0,5154.0,56.0,72.0,4.0,47.0,6.0,10.27,3.01,5.74
2022/01/11,104.5,105.0,103.0,103.0,1130.0,116863.0,-1.4354,0.7015,1028.0,-572.0,1.0,-8.0,-579.0,5188.0,104.0,68.0,2.0,62.0,17.0,10.12,2.97,5.83
2022/01/12,104.0,104.0,102.0,103.0,1014.0,104122.0,0.0,0.6295,871.0,-214.0,4.0,-13.0,-223.0,5161.0,31.0,58.0,6.0,63.0,7.0,10.12,2.97,5.83
2022/01/13,102.5,103.5,102.0,102.0,660.0,67737.0,-0.9709,0.4097,657.0,-153.0,2.0,-3.0,-154.0,5136.0,17.0,22.0,28.0,36.0,1.0,10.02,2.94,5.88
2022/01/14,102.5,102.5,100.5,102.0,999.0,101072.0,0.0,0.6202,821.0,-229.0,0.0,-11.0,-240.0,5146.0,70.0,56.0,17.0,56.0,37.0,10.02,2.94,5.88
2022/01/17,102.5,104.0,102.0,104.0,665.0,68718.0,1.9608,0.4128,526.0,190.0,0.0,-19.0,171.0,5113.0,39.0,72.0,33.0,25.0,2.0,10.22,3.0,5.77
2022/01/18,104.0,105.5,103.5,104.0,815.0,85513.0,0.0,0.506,652.0,95.0,0.0,8.0,103.0,5004.0,13.0,121.0,0.0,26.0,1.0,10.22,3.0,5.77
2022/01/19,103.0,104.5,102.5,104.0,464.0,48081.0,0.0,0.2881,372.0,165.0,0.0,-26.0,139.0,4943.0,11.0,47.0,0.0,41.0,15.0,10.22,3.0,5.77
2022/01/20,103.5,104.5,103.0,104.0,389.0,40376.0,0.0,0.2415,355.0,13.0,2.0,-11.0,4.0,4911.0,22.0,53.0,0.0,41.0,0.0,10.22,3.0,5.77
2022/01/21,103.0,104.0,101.5,102.0,757.0,77709.0,-1.9231,0.47,698.0,-195.0,2.0,-25.0,-218.0,5018.0,134.0,25.0,1.0,51.0,11.0,10.02,2.94,5.88
2022/01/24,101.0,102.0,100.0,101.5,759.0,76536.0,-0.4902,0.4712,873.0,-2.0,0.0,10.0,8.0,5018.0,36.0,35.0,4.0,69.0,22.0,9.97,2.93,5.91
2022/01/25,100.5,102.0,100.0,100.0,694.0,69896.0,-1.4778,0.4308,980.0,-104.0,0.0,-31.0,-135.0,5001.0,29.0,46.0,1.0,84.0,16.0,9.82,2.88,6.0
2022/01/26,100.0,101.0,99.3,99.8,860.0,85969.0,-0.2,0.5339,812.0,-59.0,10.0,-22.0,-71.0,4825.0,15.0,176.0,1.0,111.0,28.0,9.8,2.88,6.01
2022/02/07,101.5,105.0,101.5,104.5,1743.0,180512.0,4.7094,1.0821,1185.0,511.0,6.0,73.0,590.0,4996.0,252.0,80.0,5.0,147.0,41.0,10.27,3.01,5.74
2022/02/08,104.5,106.0,104.5,106.0,851.0,89711.0,1.4354,0.5283,725.0,220.0,2.0,21.0,243.0,4956.0,26.0,66.0,3.0,144.0,0.0,10.41,3.06,5.66
2022/02/09,106.0,109.0,105.5,109.0,2839.0,306655.0,2.8302,1.7625,2039.0,1066.0,6.0,107.0,1179.0,5107.0,360.0,209.0,15.0,153.0,24.0,10.71,3.14,5.5
2022/02/10,109.5,109.5,107.0,107.5,1073.0,116001.0,-1.3761,0.6661,1009.0,47.0,1.0,-23.0,25.0,5095.0,140.0,152.0,7.0,146.0,0.0,10.56,3.1,5.58
2022/02/11,107.0,114.0,106.0,112.5,7073.0,786740.0,4.6512,4.391,4995.0,1910.0,0.0,399.0,2309.0,6400.0,1808.0,503.0,7.0,228.0,89.0,11.05,3.24,5.33
2022/02/14,111.0,114.5,110.5,114.0,6062.0,685897.0,1.3333,3.7633,6285.0,656.0,7.0,-41.0,622.0,6858.0,1142.0,684.0,20.0,235.0,27.0,11.2,3.29,5.26
2022/02/15,114.5,115.5,111.5,112.0,3740.0,423685.0,-1.7544,2.3218,4284.0,-868.0,5.0,20.0,-843.0,7366.0,767.0,259.0,113.0,123.0,1.0,11.0,3.23,5.36
2022/02/16,114.0,115.0,112.0,112.5,3265.0,369687.0,0.4464,2.0269,2418.0,-109.0,0.0,230.0,121.0,7370.0,541.0,537.0,15.0,116.0,8.0,11.05,3.24,5.33
2022/02/17,113.0,116.5,112.5,115.0,6024.0,691286.0,2.2222,3.7398,4516.0,545.0,74.0,357.0,976.0,7507.0,808.0,671.0,4.0,129.0,17.0,11.3,3.32,5.22
2022/02/18,114.5,118.0,114.0,117.5,5321.0,618616.0,2.1739,3.3033,3673.0,-290.0,4.0,138.0,-148.0,8255.0,1386.0,637.0,11.0,132.0,14.0,11.54,3.39,5.11
2022/02/21,116.0,117.5,114.5,116.5,2941.0,340684.0,-0.8511,1.8258,2344.0,-160.0,0.0,85.0,-75.0,8376.0,541.0,420.0,13.0,127.0,8.0,11.44,3.36,5.15
2022/02/22,115.0,116.0,110.5,113.5,4429.0,501763.0,-2.5751,2.7496,2925.0,1179.0,8.0,-240.0,947.0,7890.0,436.0,922.0,33.0,116.0,22.0,11.15,3.27,5.29
2022/02/23,113.5,120.5,113.5,118.5,10266.0,1215134.0,4.4053,6.3732,5812.0,382.0,1.0,174.0,557.0,8624.0,2130.0,1396.0,6.0,161.0,51.0,11.64,3.42,5.06
2022/02/24,117.0,118.5,112.5,114.5,7345.0,851278.0,-3.3755,4.5598,5481.0,276.0,3.0,-128.0,151.0,7973.0,945.0,1594.0,42.0,145.0,26.0,10.21,2.95,5.24
2022/02/25,112.5,113.5,106.5,108.0,16845.0,1841293.0,-5.6769,10.4575,12253.0,-4678.0,-47.0,-777.0,-5502.0,6905.0,1376.0,2443.0,103.0,53.0,11.0,9.63,2.78,5.56
2022/03/01,109.5,110.0,107.0,109.0,4241.0,461125.0,0.9259,2.6329,3053.0,-943.0,2.0,361.0,-580.0,6796.0,456.0,565.0,6.0,65.0,18.0,9.72,2.8,5.5
2022/03/02,108.5,115.0,108.5,114.0,7195.0,808373.0,4.5872,4.4667,5840.0,1042.0,1.0,140.0,1183.0,6658.0,568.0,704.0,10.0,92.0,37.0,10.17,2.93,5.26
2022/03/03,116.0,117.5,114.5,116.5,6711.0,780193.0,2.193,4.1663,5205.0,1076.0,0.0,-51.0,1025.0,6335.0,535.0,858.0,4.0,120.0,32.0,10.39,3.0,5.15
2022/03/04,115.0,118.0,114.0,114.5,4116.0,477178.0,-1.7167,2.5553,3338.0,107.0,2.0,-87.0,22.0,6063.0,257.0,529.0,8.0,115.0,3.0,10.21,2.95,5.24
2022/03/07,114.0,115.0,112.0,113.0,5054.0,572456.0,-1.31,3.1376,4287.0,385.0,18.0,-22.0,381.0,6114.0,440.0,389.0,14.0,135.0,34.0,10.08,2.91,5.31
2022/03/08,111.5,113.0,108.0,108.5,5392.0,595737.0,-3.9823,3.3474,7635.0,-867.0,6.0,-675.0,-1536.0,5816.0,493.0,791.0,62.0,81.0,8.0,9.68,2.79,5.53
2022/03/09,110.5,112.5,109.0,110.5,2935.0,325288.0,1.8433,1.8221,6760.0,9.0,3.0,21.0,33.0,6018.0,448.0,240.0,1.0,117.0,37.0,9.86,2.84,5.43
2022/03/10,113.5,115.5,112.5,113.5,2948.0,335737.0,2.7149,1.8301,4708.0,150.0,5.0,40.0,195.0,5729.0,243.0,521.0,13.0,115.0,11.0,10.12,2.92,5.29
2022/03/11,113.5,114.5,112.5,113.5,1382.0,156737.0,0.0,0.858,2348.0,123.0,1.0,-37.0,87.0,5736.0,118.0,108.0,10.0,105.0,0.0,10.12,2.92,5.29
2022/03/14,114.0,114.5,112.0,112.5,1900.0,214832.0,-0.8811,1.1795,1510.0,-294.0,2.0,-18.0,-310.0,5626.0,96.0,206.0,6.0,131.0,32.0,10.04,2.89,5.33
2022/03/15,112.5,112.5,109.0,109.0,2490.0,273412.0,-3.1111,1.5458,2067.0,-793.0,7.0,-74.0,-860.0,5623.0,196.0,199.0,12.0,121.0,2.0,9.72,2.8,5.5
2022/03/16,110.5,110.5,108.5,109.0,1695.0,185152.0,0.0,1.0523,1419.0,-340.0,6.0,1.0,-333.0,5469.0,84.0,235.0,13.0,110.0,2.0,9.72,2.8,5.5
2022/03/17,111.5,112.5,110.5,112.0,2147.0,239250.0,2.7523,1.3329,1794.0,-106.0,0.0,36.0,-70.0,5628.0,271.0,112.0,6.0,104.0,0.0,9.99,2.88,5.36
2022/03/18,112.0,112.0,110.0,110.5,1694.0,187684.0,-1.3393,1.0517,1248.0,81.0,-22.0,-13.0,46.0,5637.0,117.0,108.0,0.0,102.0,1.0,9.86,2.84,5.43
2022/03/21,111.0,112.0,110.5,112.0,1347.0,150205.0,1.3575,0.8362,1085.0,501.0,5.0,-19.0,487.0,5610.0,112.0,139.0,0.0,117.0,15.0,9.99,2.88,5.36
2022/03/22,112.0,113.5,111.5,113.5,1437.0,161989.0,1.3393,0.8921,1166.0,172.0,1.0,13.0,186.0,5618.0,174.0,166.0,7.0,111.0,1.0,10.12,2.92,5.29
2022/03/23,114.5,116.5,114.0,115.0,3832.0,441663.0,1.3216,2.3789,3672.0,-638.0,1.0,88.0,-549.0,6271.0,1024.0,370.0,0.0,113.0,2.0,9.86,2.84,5.43
2022/03/24,114.0,114.5,113.5,113.5,1513.0,172118.0,-1.3043,0.9393,1254.0,67.0,1.0,-67.0,1.0,5814.0,135.0,591.0,0.0,114.0,1.0,10.12,2.92,5.29
2022/03/25,114.5,115.0,112.0,112.5,1496.0,169477.0,-0.8811,0.9287,1229.0,-244.0,1.0,-10.0,-253.0,5693.0,125.0,246.0,1.0,113.0,0.0,10.04,2.89,5.33
2022/03/28,112.0,112.5,110.0,112.5,1277.0,142017.0,0.0,0.7928,1095.0,-244.0,1.0,-14.0,-257.0,5678.0,69.0,83.0,6.0,107.0,0.0,10.04,2.89,5.33
2022/03/29,113.0,113.0,111.5,111.5,958.0,107483.0,-0.8889,0.5947,1013.0,-218.0,1.0,-6.0,-223.0,5754.0,148.0,72.0,2.0,105.0,0.0,9.95,2.87,8.07
2022/03/30,113.0,114.5,113.0,113.0,1863.0,211487.0,1.3453,1.1566,1554.0,252.0,1.0,13.0,266.0,5647.0,198.0,302.0,3.0,102.0,0.0,10.08,2.91,7.96
2022/03/31,113.0,113.0,112.0,112.0,801.0,90213.0,-0.885,0.4973,3909.0,-24.0,0.0,-22.0,-46.0,5520.0,96.0,223.0,0.0,107.0,5.0,9.99,2.88,8.04
2022/04/01,111.0,112.5,111.0,112.5,784.0,87869.0,0.4464,0.4867,806.0,91.0,2.0,-45.0,48.0,5377.0,39.0,180.0,0.0,107.0,0.0,10.04,2.89,8.0
2022/04/06,112.5,113.0,109.5,111.0,1595.0,176557.0,-1.3333,0.9902,5526.0,-195.0,4.0,-3.0,-194.0,5224.0,135.0,288.0,44.0,64.0,1.0,9.9,2.86,8.11
2022/04/07,110.5,111.0,108.0,108.0,1999.0,218222.0,-2.7027,1.241,4552.0,-562.0,-4.0,4.0,-562.0,5062.0,68.0,229.0,24.0,44.0,4.0,9.63,2.78,8.33
2022/04/08,108.5,109.0,108.0,108.5,878.0,95255.0,0.463,0.5451,831.0,-368.0,18.0,-24.0,-374.0,5068.0,69.0,63.0,0.0,44.0,0.0,9.68,2.79,8.29
2022/04/11,107.0,107.0,101.5,103.0,3004.0,311495.0,-5.0691,1.8649,6628.0,-641.0,14.0,-18.0,-645.0,4818.0,170.0,419.0,6.0,133.0,96.0,9.19,2.65,8.74
2022/04/12,100.5,102.0,100.0,101.5,1944.0,196388.0,-1.4563,1.2069,1882.0,-277.0,8.0,-31.0,-300.0,4769.0,84.0,133.0,7.0,148.0,22.0,9.05,2.61,8.87
2022/04/13,102.5,103.5,102.0,103.0,992.0,102051.0,1.4778,0.6158,795.0,-17.0,1.0,9.0,-7.0,4757.0,54.0,64.0,98.0,60.0,10.0,9.19,2.65,8.74
2022/04/14,103.5,103.5,101.5,102.0,934.0,95422.0,-0.9709,0.5798,1405.0,-125.0,0.0,-8.0,-133.0,4746.0,41.0,52.0,28.0,30.0,0.0,9.1,2.62,8.82
2022/04/15,102.0,102.0,100.0,100.5,965.0,97348.0,-1.4706,0.5991,4053.0,-203.0,3.0,-13.0,-213.0,4561.0,25.0,205.0,30.0,0.0,0.0,8.97,2.59,8.96
2022/04/18,100.0,101.0,99.6,100.5,882.0,88350.0,0.0,0.5476,1443.0,-166.0,2.0,-5.0,-169.0,4553.0,37.0,45.0,0.0,0.0,0.0,8.97,2.59,8.96
2022/04/19,102.0,102.0,99.9,100.5,1000.0,100498.0,0.0,0.6208,1008.0,-56.0,1.0,4.0,-51.0,4579.0,73.0,46.0,0.0,0.0,0.0,8.97,2.59,8.96
2022/04/20,101.0,101.5,100.0,101.5,534.0,53826.0,0.995,0.3315,682.0,-52.0,16.0,9.0,-27.0,4579.0,19.0,19.0,0.0,0.0,0.0,9.05,2.61,8.87
2022/04/21,101.0,101.5,100.0,100.5,1023.0,102972.0,-0.9852,0.6351,889.0,11.0,0.0,-5.0,6.0,4599.0,54.0,34.0,0.0,296.0,296.0,8.97,2.59,8.96
2022/04/22,100.0,101.0,99.9,100.0,1177.0,117971.0,-0.4975,0.7307,869.0,163.0,-567.0,-18.0,-422.0,4593.0,30.0,36.0,0.0,365.0,69.0,8.92,2.57,9.0
2022/04/25,98.8,98.8,96.1,96.2,2361.0,228555.0,-3.8,1.4657,2434.0,-809.0,1.0,-20.0,-828.0,4492.0,89.0,189.0,16.0,492.0,143.0,8.58,2.47,9.36
2022/04/26,96.5,97.0,96.0,96.0,1076.0,103766.0,-0.2079,0.668,1095.0,-191.0,8.0,-2.0,-185.0,4377.0,20.0,130.0,7.0,568.0,83.0,8.56,2.47,9.38
2022/04/27,93.8,94.9,92.5,94.5,1416.0,132420.0,-1.5625,0.8791,1379.0,-41.0,3.0,49.0,11.0,4282.0,50.0,142.0,254.0,333.0,19.0,8.43,2.43,9.52
2022/04/28,94.7,97.1,94.2,95.7,972.0,93225.0,1.2698,0.6034,1356.0,-110.0,0.0,3.0,-107.0,4287.0,55.0,48.0,153.0,219.0,39.0,8.54,2.46,9.4
2022/04/29,96.6,97.5,96.1,96.4,535.0,51764.0,0.7315,0.3321,656.0,-49.0,0.0,-4.0,-53.0,4280.0,43.0,47.0,9.0,226.0,16.0,8.6,2.48,9.34
2022/05/03,95.7,96.8,95.7,96.8,416.0,40208.0,0.4149,0.2583,396.0,83.0,0.0,-2.0,81.0,4227.0,14.0,67.0,18.0,212.0,4.0,8.49,2.45,9.3
2022/05/04,97.5,98.0,97.2,97.7,498.0,48656.0,0.9298,0.3092,530.0,23.0,0.0,3.0,26.0,4197.0,24.0,53.0,3.0,214.0,5.0,8.57,2.47,9.21
2022/05/05,98.7,99.6,98.7,99.3,618.0,61412.0,1.6377,0.3837,695.0,36.0,1.0,-1.0,36.0,4191.0,22.0,27.0,8.0,158.0,2.0,8.71,2.51,9.06
2022/05/06,97.0,98.3,96.7,98.1,452.0,44211.0,-1.2085,0.2806,1130.0,56.0,1.0,-2.0,55.0,4123.0,9.0,73.0,3.0,157.0,2.0,8.61,2.48,9.17
2022/05/09,97.1,97.2,94.7,94.8,868.0,83124.0,-3.3639,0.5389,958.0,-156.0,0.0,-7.0,-163.0,4090.0,33.0,63.0,16.0,183.0,42.0,8.32,2.4,9.49
2022/05/10,93.0,96.0,92.7,95.7,690.0,65123.0,0.9494,0.4284,691.0,147.0,0.0,7.0,154.0,4073.0,14.0,28.0,48.0,142.0,7.0,8.39,2.42,9.4
2022/05/11,95.7,96.1,94.7,95.0,505.0,48185.0,-0.7315,0.3135,858.0,61.0,0.0,2.0,62.0,4080.0,21.0,14.0,10.0,158.0,26.0,8.33,2.4,9.47
2022/05/12,94.1,95.2,93.6,93.6,545.0,51437.0,-1.4737,0.3383,768.0,-31.0,0.0,-2.0,-33.0,4051.0,19.0,43.0,12.0,157.0,11.0,8.21,2.37,9.62
2022/05/13,94.2,95.0,94.0,94.9,460.0,43533.0,1.3889,0.2856,741.0,72.0,0.0,6.0,78.0,4029.0,6.0,18.0,41.0,118.0,2.0,8.32,2.4,9.48
2022/05/16,95.9,96.4,94.8,94.9,434.0,41476.0,0.0,0.2694,713.0,49.0,0.0,5.0,54.0,4021.0,10.0,18.0,6.0,113.0,1.0,8.32,2.4,9.48
2022/05/17,95.5,96.9,95.4,96.9,597.0,57493.0,2.1075,0.3706,609.0,212.0,2.0,7.0,221.0,4021.0,39.0,38.0,0.0,115.0,2.0,8.5,2.45,9.29
2022/05/18,97.6,98.0,97.1,97.5,531.0,51811.0,0.6192,0.3296,970.0,13.0,0.0,-1.0,12.0,4000.0,18.0,27.0,3.0,112.0,0.0,8.55,2.47,9.23
2022/05/19,95.8,97.2,95.6,97.0,483.0,46451.0,-0.5128,0.2999,608.0,72.0,0.0,-3.0,69.0,4006.0,22.0,16.0,0.0,115.0,3.0,8.51,2.45,9.28
2022/05/20,97.1,98.3,96.9,97.8,447.0,43720.0,0.8247,0.2775,440.0,87.0,0.0,-3.0,84.0,3992.0,10.0,20.0,3.0,115.0,3.0,8.58,2.47,9.2
2022/05/23,98.8,98.8,97.3,97.7,335.0,32840.0,-0.1022,0.208,909.0,-41.0,0.0,3.0,-38.0,3984.0,14.0,17.0,1.0,125.0,11.0,8.57,2.47,9.21
2022/05/24,97.5,97.5,95.2,95.2,579.0,55742.0,-2.5589,0.3594,814.0,-162.0,0.0,-14.0,-176.0,3995.0,41.0,30.0,4.0,135.0,14.0,8.35,2.41,9.45
2022/05/25,95.9,96.1,95.0,95.3,550.0,52633.0,0.105,0.3414,722.0,102.0,0.0,17.0,119.0,4023.0,39.0,11.0,21.0,120.0,6.0,8.36,2.41,9.44
2022/05/26,96.0,96.3,93.8,93.9,706.0,66949.0,-1.469,0.4383,874.0,-54.0,0.0,-3.0,-57.0,4037.0,24.0,10.0,3.0,240.0,123.0,8.24,2.38,9.58
2022/05/27,94.7,95.1,94.1,94.5,650.0,61496.0,0.639,0.4035,677.0,-42.0,1.0,2.0,-39.0,4075.0,48.0,10.0,17.0,279.0,56.0,8.29,2.39,9.52
2022/05/30,95.6,98.4,95.5,98.1,1978.0,192638.0,3.8095,1.228,1894.0,174.0,0.0,19.0,193.0,4172.0,172.0,75.0,119.0,176.0,16.0,8.61,2.48,9.17
2022/05/31,97.7,101.0,97.5,101.0,2324.0,231002.0,2.9562,1.4428,2314.0,206.0,0.0,83.0,289.0,4220.0,254.0,205.0,7.0,189.0,20.0,8.86,2.56,8.91
2022/06/01,101.0,104.0,101.0,103.0,2842.0,292009.0,1.9802,1.7643,3099.0,-129.0,0.0,-61.0,-190.0,4225.0,303.0,298.0,14.0,206.0,31.0,9.04,2.61,8.74
2022/06/02,102.0,103.5,101.5,102.5,974.0,100031.0,-0.4854,0.6047,923.0,96.0,0.0,-25.0,71.0,4193.0,59.0,86.0,6.0,259.0,59.0,8.99,2.59,8.78
2022/06/06,103.0,103.0,101.0,101.5,1209.0,123355.0,-0.9756,0.7506,1039.0,-41.0,0.0,1.0,-40.0,4205.0,64.0,49.0,31.0,239.0,11.0,8.9,2.57,8.87
2022/06/07,101.5,101.5,100.5,101.0,474.0,47919.0,-0.4926,0.2943,483.0,48.0,-40.0,-15.0,-7.0,4204.0,34.0,35.0,17.0,223.0,1.0,8.86,2.56,8.91
2022/06/08,102.0,102.0,100.0,100.5,673.0,67913.0,-0.495,0.4178,595.0,118.0,0.0,5.0,123.0,4154.0,73.0,123.0,1.0,227.0,5.0,8.82,2.54,8.96
2022/06/09,99.1,99.1,98.0,98.1,1838.0,180958.0,-2.3881,1.141,2154.0,-95.0,0.0,-7.0,-102.0,4145.0,120.0,128.0,33.0,220.0,26.0,8.61,2.48,9.17
2022/06/10,97.9,97.9,96.3,96.6,1034.0,100071.0,-1.5291,0.6419,1099.0,-417.0,0.0,0.0,-417.0,4180.0,90.0,55.0,7.0,232.0,19.0,8.47,2.44,9.32
2022/06/13,95.3,95.4,94.5,94.5,920.0,87177.0,-2.1739,0.5711,925.0,-343.0,0.0,-5.0,-348.0,4180.0,60.0,58.0,9.0,256.0,33.0,8.29,2.39,9.52
2022/06/14,93.2,95.2,92.6,95.0,1010.0,94392.0,0.5291,0.627,1056.0,-381.0,0.0,-12.0,-393.0,4212.0,88.0,52.0,22.0,244.0,10.0,8.33,2.4,9.47
2022/06/15,95.0,95.0,93.8,94.3,587.0,55419.0,-0.7368,0.3644,1117.0,-252.0,0.0,-3.0,-255.0,4222.0,23.0,11.0,13.0,241.0,10.0,8.27,2.39,9.54
2022/06/16,95.2,95.5,92.5,92.5,981.0,91688.0,-1.9088,0.609,1367.0,-254.0,0.0,-6.0,-260.0,4175.0,30.0,75.0,30.0,322.0,111.0,8.11,2.34,9.73
2022/06/17,91.2,91.2,89.6,90.2,1443.0,130110.0,-2.4865,0.8958,1319.0,-74.0,4.0,-8.0,-78.0,4178.0,99.0,95.0,28.0,366.0,72.0,7.91,2.28,9.98
2022/06/20,90.3,90.3,85.5,85.5,1660.0,145151.0,-5.2106,1.0305,1710.0,-116.0,-1.0,0.0,-117.0,4000.0,101.0,263.0,21.0,412.0,67.0,7.5,2.16,10.53
2022/06/21,86.0,88.6,85.1,88.1,944.0,81861.0,3.0409,0.586,921.0,35.0,-1.0,26.0,60.0,3891.0,59.0,162.0,78.0,352.0,18.0,7.73,2.23,10.22
2022/06/22,88.1,88.1,84.5,84.5,1107.0,94804.0,-4.0863,0.6872,1474.0,-245.0,0.0,9.0,-236.0,3855.0,68.0,103.0,30.0,350.0,28.0,7.41,2.14,10.65
2022/06/23,84.0,85.3,82.9,84.0,801.0,67334.0,-0.5917,0.4973,1167.0,127.0,0.0,19.0,146.0,3815.0,47.0,62.0,29.0,334.0,13.0,7.37,2.12,10.71
2022/06/24,84.6,85.8,84.2,84.5,474.0,40352.0,0.5952,0.2943,1108.0,-32.0,0.0,63.0,31.0,3819.0,28.0,23.0,39.0,297.0,2.0,7.41,2.14,10.65
2022/06/27,86.2,87.5,86.1,87.1,491.0,42726.0,3.0769,0.3048,730.0,169.0,1.0,11.0,181.0,3757.0,27.0,88.0,45.0,256.0,4.0,7.64,2.2,10.33
2022/06/28,87.2,87.2,85.3,85.5,418.0,35928.0,-1.837,0.2595,564.0,-105.0,1.0,-5.0,-109.0,3778.0,43.0,11.0,4.0,264.0,12.0,7.5,2.16,10.53
2022/06/29,84.4,84.8,83.4,83.8,579.0,48652.0,-1.9883,0.3594,555.0,-61.0,0.0,-1.0,-62.0,3769.0,37.0,46.0,19.0,285.0,40.0,7.35,2.12,10.74
2022/06/30,83.8,83.8,79.7,79.7,1534.0,123771.0,-4.8926,0.9523,1560.0,-129.0,0.0,-1.0,-130.0,3599.0,81.0,247.0,18.0,302.0,35.0,6.99,2.02,11.29
2022/07/01,79.5,80.7,77.3,77.4,1392.0,110116.0,-2.8858,0.8642,1344.0,265.0,1.0,14.0,280.0,3441.0,38.0,179.0,36.0,298.0,32.0,6.79,1.96,11.63
2022/07/04,77.1,78.8,77.0,77.2,1055.0,81856.0,-0.2584,0.655,910.0,10.0,0.0,25.0,35.0,3442.0,92.0,76.0,21.0,279.0,2.0,6.77,1.95,11.66
2022/07/05,78.0,79.0,76.4,78.2,1014.0,78716.0,1.2953,0.6295,919.0,3.0,1.0,10.0,14.0,3376.0,24.0,77.0,109.0,223.0,53.0,6.86,1.98,11.51
2022/07/06,78.0,78.8,76.0,76.0,766.0,59368.0,-2.8133,0.4755,723.0,-48.0,0.0,-3.0,-51.0,3260.0,31.0,137.0,33.0,197.0,7.0,6.67,1.92,11.84
2022/07/07,76.7,77.7,75.5,77.4,982.0,75684.0,1.8421,0.6096,873.0,382.0,0.0,2.0,384.0,3247.0,49.0,62.0,13.0,54.0,3.0,6.79,1.96,11.63
2022/07/08,78.5,80.2,78.0,79.8,968.0,76763.0,3.1008,0.6009,927.0,156.0,1.0,30.0,187.0,3174.0,63.0,104.0,32.0,21.0,0.0,7.0,2.02,11.28
2022/07/11,79.8,79.8,77.1,77.2,1157.0,90073.0,-3.2581,0.7183,1016.0,-236.0,0.0,-5.0,-241.0,3201.0,98.0,65.0,0.0,0.0,0.0,6.77,1.95,11.66
2022/07/12,76.5,76.5,73.7,73.7,1524.0,113383.0,-4.5337,0.9461,1294.0,-304.0,0.0,-9.0,-313.0,3054.0,97.0,236.0,0.0,0.0,0.0,6.46,1.86,12.21
2022/07/13,75.2,76.0,74.7,74.7,2459.0,184733.0,1.3569,1.5266,1830.0,338.0,0.0,245.0,583.0,2889.0,148.0,308.0,0.0,0.0,0.0,6.55,1.89,12.05
2022/07/14,65.7,67.0,64.6,66.6,2079.0,136820.0,1.2048,1.2907,1491.0,787.0,0.0,-346.0,441.0,2872.0,53.0,67.0,0.0,264.0,264.0,5.84,1.68,13.51
2022/07/15,66.7,67.4,65.7,67.1,777.0,51841.0,0.7508,0.4824,724.0,-21.0,7.0,1.0,-13.0,2886.0,42.0,28.0,4.0,282.0,22.0,5.89,1.7,13.41
2022/07/18,67.3,69.3,67.3,68.8,733.0,50331.0,2.5335,0.4551,724.0,232.0,0.0,8.0,240.0,2835.0,33.0,78.0,9.0,286.0,13.0,6.04,1.74,13.08
2022/07/19,68.0,69.9,68.0,69.3,583.0,40365.0,0.7267,0.3619,542.0,161.0,1.0,0.0,162.0,2841.0,23.0,16.0,1.0,301.0,16.0,6.08,1.75,12.99
2022/07/20,70.3,71.4,70.0,70.3,681.0,48183.0,1.443,0.4228,659.0,10.0,0.0,-3.0,7.0,2822.0,34.0,51.0,25.0,279.0,3.0,6.17,1.78,12.8
2022/07/21,70.1,72.4,69.8,72.0,958.0,68160.0,2.4182,0.5947,717.0,276.0,0.0,1.0,277.0,2814.0,72.0,79.0,2.0,286.0,9.0,6.32,1.82,12.5
2022/07/22,72.3,72.7,71.3,71.9,678.0,48800.0,-0.1389,0.4209,657.0,-31.0,-1.0,-1.0,-33.0,2818.0,80.0,75.0,1.0,291.0,6.0,6.31,1.82,12.52
2022/07/25,71.9,71.9,70.4,70.8,422.0,30012.0,-1.5299,0.262,402.0,115.0,1.0,0.0,116.0,2781.0,24.0,61.0,0.0,307.0,16.0,6.21,1.79,12.71
2022/07/26,71.0,71.0,68.0,68.0,639.0,44020.0,-3.9548,0.3967,669.0,56.0,0.0,-1.0,55.0,2780.0,41.0,42.0,10.0,361.0,64.0,5.96,1.72,13.24
2022/07/27,68.4,69.2,67.4,68.7,534.0,36553.0,1.0294,0.3315,456.0,183.0,1.0,26.0,210.0,2742.0,17.0,55.0,25.0,364.0,28.0,6.03,1.74,13.1
2022/07/28,69.7,69.7,67.5,67.5,400.0,27298.0,-1.7467,0.2483,651.0,-37.0,1.0,-5.0,-41.0,2729.0,20.0,28.0,6.0,384.0,26.0,5.92,1.71,13.33
2022/07/29,68.3,68.8,67.9,68.1,403.0,27583.0,0.8889,0.2502,382.0,136.0,0.0,-2.0,134.0,2692.0,16.0,50.0,4.0,404.0,24.0,5.97,1.72,13.22
2022/08/01,68.4,68.4,67.2,67.7,305.0,20683.0,-0.5874,0.1893,344.0,56.0,0.0,-1.0,55.0,2698.0,15.0,7.0,2.0,405.0,3.0,5.94,1.71,13.29
2022/08/02,67.3,67.3,65.6,65.7,580.0,38340.0,-2.9542,0.3601,666.0,-145.0,1.0,-6.0,-150.0,2719.0,33.0,12.0,13.0,408.0,16.0,5.76,1.66,13.7
2022/08/03,66.1,66.4,65.3,65.5,389.0,25584.0,-0.3044,0.2415,415.0,36.0,1.0,-4.0,33.0,2696.0,15.0,38.0,7.0,414.0,13.0,6.33,2.12,13.74
2022/08/04,65.9,66.3,64.2,65.2,602.0,39286.0,-0.458,0.3737,615.0,-4.0,0.0,-13.0,-17.0,2675.0,9.0,30.0,8.0,443.0,37.0,6.31,2.11,13.8
2022/08/05,65.7,66.7,65.7,66.7,374.0,24863.0,2.3006,0.2322,380.0,31.0,0.0,0.0,31.0,2699.0,40.0,16.0,3.0,449.0,9.0,6.45,2.15,13.49
2022/08/08,66.7,67.1,66.2,67.1,305.0,20392.0,0.5997,0.1893,408.0,11.0,0.0,0.0,11.0,2698.0,11.0,10.0,0.0,452.0,3.0,6.49,2.17,13.41
2022/08/09,66.1,66.6,65.6,66.1,514.0,34048.0,-1.4903,0.3191,517.0,2.0,2.0,-1.0,3.0,2742.0,67.0,22.0,24.0,431.0,3.0,6.39,2.14,13.62
2022/08/10,66.0,66.0,65.4,65.6,341.0,22410.0,-0.7564,0.2117,324.0,7.0,0.0,-6.0,1.0,2747.0,15.0,4.0,21.0,430.0,20.0,6.34,2.12,13.72
2022/08/11,66.7,66.9,66.0,66.6,428.0,28496.0,1.5244,0.2657,396.0,82.0,0.0,0.0,82.0,2752.0,42.0,37.0,29.0,407.0,6.0,6.44,2.15,13.51
2022/08/12,66.7,69.6,66.7,69.4,1223.0,83966.0,4.2042,0.7593,977.0,70.0,0.0,1.0,71.0,2737.0,95.0,106.0,151.0,260.0,4.0,6.71,2.24,12.97
2022/08/15,69.3,72.2,69.0,71.7,1618.0,114412.0,3.3141,1.0045,1215.0,-161.0,0.0,14.0,-147.0,2812.0,199.0,118.0,12.0,250.0,2.0,6.93,2.32,12.55
2022/08/16,71.7,72.5,71.5,71.7,1428.0,102792.0,0.0,0.8865,1384.0,-306.0,0.0,20.0,-286.0,2812.0,127.0,127.0,0.0,253.0,3.0,6.93,2.32,12.55
2022/08/17,72.0,72.0,71.2,71.9,440.0,31553.0,0.2789,0.2732,390.0,-40.0,0.0,-1.0,-41.0,2795.0,30.0,47.0,1.0,254.0,2.0,6.95,2.32,12.52
2022/08/18,71.4,73.1,71.3,72.7,980.0,71116.0,1.1127,0.6084,890.0,51.0,0.0,-3.0,48.0,2806.0,102.0,78.0,16.0,240.0,2.0,7.03,2.35,12.38
2022/08/19,73.3,73.7,72.7,72.7,945.0,69104.0,0.0,0.5867,830.0,-3.0,1.0,-2.0,-4.0,2666.0,55.0,192.0,36.0,204.0,0.0,7.03,2.35,12.38
2022/08/22,72.2,72.5,71.5,71.6,468.0,33672.0,-1.5131,0.2905,564.0,17.0,0.0,0.0,17.0,2672.0,48.0,41.0,1.0,209.0,6.0,6.92,2.31,12.57
2022/08/23,70.5,71.0,70.1,70.6,448.0,31606.0,-1.3966,0.2781,482.0,45.0,0.0,-2.0,43.0,2692.0,24.0,4.0,2.0,215.0,8.0,6.83,2.28,12.75
2022/08/24,71.5,71.5,70.0,70.1,286.0,20135.0,-0.7082,0.1776,253.0,8.0,1.0,-5.0,4.0,2701.0,28.0,18.0,0.0,219.0,4.0,6.78,2.26,12.84
2022/08/25,70.8,71.2,70.4,70.8,231.0,16413.0,0.9986,0.1434,235.0,64.0,0.0,3.0,67.0,2695.0,31.0,33.0,10.0,211.0,2.0,6.85,2.29,12.71
2022/08/26,71.5,71.8,71.0,71.0,198.0,14107.0,0.2825,0.1229,215.0,22.0,0.0,0.0,22.0,2689.0,28.0,31.0,0.0,211.0,0.0,6.87,2.29,12.68
2022/08/29,69.1,69.6,68.7,69.5,299.0,20723.0,-2.1127,0.1856,369.0,1.0,2.0,-12.0,-9.0,2678.0,11.0,22.0,0.0,219.0,8.0,6.72,2.24,12.95
2022/08/30,69.5,70.1,69.4,69.6,277.0,19360.0,0.1439,0.172,260.0,1.0,0.0,-1.0,0.0,2697.0,24.0,5.0,0.0,219.0,0.0,6.73,2.25,12.93
2022/08/31,69.6,70.5,69.2,70.2,285.0,19948.0,0.8621,0.1769,279.0,115.0,0.0,5.0,120.0,2694.0,12.0,12.0,1.0,223.0,5.0,6.79,2.27,12.82
2022/09/01,69.8,69.8,69.0,69.0,336.0,23299.0,-1.7094,0.2086,357.0,-52.0,0.0,-30.0,-82.0,2690.0,16.0,16.0,2.0,232.0,11.0,6.67,2.23,13.04
2022/09/02,69.1,69.2,68.0,68.0,343.0,23526.0,-1.4493,0.2129,417.0,-5.0,0.0,-1.0,-6.0,2700.0,36.0,26.0,0.0,240.0,8.0,6.58,2.2,13.24
2022/09/05,68.0,68.0,66.5,66.6,343.0,23016.0,-2.0588,0.2129,376.0,97.0,0.0,-8.0,89.0,2638.0,15.0,77.0,6.0,272.0,38.0,6.44,2.15,13.51
2022/09/06,67.0,67.2,65.5,65.8,272.0,18039.0,-1.2012,0.1689,347.0,-30.0,2.0,-5.0,-33.0,2644.0,16.0,9.0,2.0,286.0,16.0,10.22,3.0,5.77
2022/09/07,65.3,65.7,64.5,64.5,419.0,27209.0,-1.9757,0.2601,473.0,-64.0,0.0,-15.0,-79.0,2633.0,16.0,27.0,12.0,284.0,10.0,6.24,2.08,13.95
2022/09/08,64.7,65.8,64.5,65.8,265.0,17274.0,2.0155,0.1645,266.0,15.0,0.0,-3.0,12.0,2624.0,6.0,14.0,3.0,289.0,8.0,6.36,2.13,13.68
2022/09/12,66.4,67.2,66.2,66.9,213.0,14254.0,1.6717,0.1322,256.0,7.0,0.0,0.0,7.0,2626.0,16.0,14.0,6.0,288.0,5.0,6.47,2.16,13.45
2022/09/13,67.4,67.9,66.9,67.0,193.0,13032.0,0.1495,0.1198,233.0,-42.0,0.0,0.0,-42.0,2639.0,23.0,10.0,2.0,286.0,0.0,6.48,2.16,13.43
2022/09/14,65.1,66.8,65.0,66.3,318.0,20996.0,-1.0448,0.1974,330.0,77.0,0.0,12.0,89.0,2634.0,7.0,10.0,2.0,308.0,24.0,6.41,2.14,13.57
2022/09/15,66.3,67.3,66.3,66.4,275.0,18373.0,0.1508,0.1707,305.0,6.0,0.0,-5.0,1.0,2640.0,12.0,5.0,0.0,309.0,1.0,6.42,2.14,13.55
2022/09/16,66.0,66.4,65.5,65.9,245.0,16145.0,-0.753,0.1521,278.0,12.0,12.0,-8.0,16.0,2626.0,6.0,16.0,5.0,321.0,17.0,6.37,2.13,13.66
2022/09/19,65.4,65.9,65.2,65.3,223.0,14653.0,-0.9105,0.1384,224.0,47.0,1.0,-1.0,47.0,2628.0,3.0,1.0,1.0,322.0,2.0,6.32,2.11,13.78
2022/09/20,65.5,65.9,65.2,65.2,170.0,11144.0,-0.1531,0.1055,219.0,6.0,1.0,-1.0,6.0,2582.0,10.0,14.0,18.0,311.0,7.0,6.31,2.11,13.8
2022/09/21,65.1,65.4,64.6,65.1,215.0,14005.0,-0.1534,0.1335,248.0,-6.0,0.0,-7.0,-13.0,2581.0,9.0,10.0,4.0,308.0,1.0,6.3,2.1,13.82
2022/09/22,64.7,65.0,63.4,64.7,303.0,19498.0,-0.6144,0.1881,301.0,51.0,2.0,-8.0,45.0,2579.0,12.0,14.0,7.0,301.0,0.0,6.26,2.09,13.91
2022/09/23,64.5,64.9,63.6,63.8,273.0,17471.0,-1.391,0.1695,323.0,35.0,0.0,1.0,36.0,2560.0,9.0,28.0,6.0,316.0,21.0,6.17,2.06,14.11
2022/09/26,63.0,63.0,59.1,59.6,698.0,42434.0,-6.5831,0.4333,800.0,-32.0,1.0,-3.0,-34.0,2444.0,27.0,142.0,34.0,300.0,18.0,5.76,1.93,15.1
2022/09/27,59.6,60.8,59.1,60.8,471.0,28243.0,2.0134,0.2924,380.0,201.0,-39.0,-2.0,160.0,2426.0,13.0,26.0,26.0,279.0,5.0,5.88,1.96,14.8
2022/09/28,60.3,60.3,56.5,56.8,610.0,35168.0,-6.5789,0.3787,667.0,4.0,0.0,-2.0,2.0,2331.0,49.0,141.0,10.0,296.0,27.0,5.49,1.83,15.85
2022/09/29,57.2,59.0,57.1,57.6,479.0,27764.0,1.4085,0.2974,422.0,176.0,1.0,2.0,179.0,2311.0,9.0,16.0,34.0,301.0,39.0,5.57,1.86,15.63
2022/09/30,56.9,58.7,56.1,58.6,334.0,19220.0,1.7361,0.2074,411.0,98.0,0.0,1.0,99.0,2305.0,14.0,20.0,37.0,290.0,26.0,5.67,1.89,15.36
2022/10/03,58.4,59.2,57.6,58.7,241.0,14090.0,0.1706,0.1496,315.0,1.0,1.0,-1.0,1.0,2300.0,6.0,9.0,1.0,305.0,16.0,5.68,1.9,15.33
2022/10/04,60.0,60.8,59.8,60.6,434.0,26229.0,3.2368,0.2694,422.0,171.0,0.0,1.0,172.0,2284.0,14.0,28.0,13.0,302.0,10.0,5.86,1.96,14.85
2022/10/05,61.2,62.6,61.2,61.6,464.0,28723.0,1.6502,0.2881,497.0,148.0,0.0,7.0,155.0,2273.0,8.0,16.0,13.0,314.0,25.0,5.96,1.99,14.61
2022/10/06,61.6,62.4,61.2,61.5,193.0,11957.0,-0.1623,0.1198,350.0,-5.0,0.0,0.0,-5.0,2267.0,6.0,3.0,0.0,318.0,4.0,5.95,1.99,14.63
2022/10/07,60.6,61.0,60.0,60.1,235.0,14217.0,-2.2764,0.1459,526.0,-23.0,0.0,0.0,-23.0,2270.0,8.0,5.0,9.0,325.0,16.0,5.81,1.94,14.98
2022/10/11,58.9,58.9,57.3,57.8,393.0,22862.0,-3.827,0.244,380.0,70.0,0.0,-1.0,69.0,2242.0,4.0,19.0,6.0,335.0,16.0,5.59,1.87,15.57
2022/10/12,57.7,58.4,56.3,57.8,494.0,28367.0,0.0,0.3067,529.0,61.0,2.0,-3.0,60.0,2248.0,26.0,17.0,4.0,340.0,9.0,5.59,1.87,15.57
2022/10/13,57.5,57.9,55.1,55.3,483.0,27223.0,-4.3253,0.2999,776.0,-3.0,1.0,1.0,-1.0,2146.0,10.0,101.0,35.0,306.0,1.0,5.35,1.79,16.27
2022/10/14,56.5,59.2,56.5,59.1,732.0,42697.0,6.8716,0.4544,610.0,377.0,0.0,21.0,398.0,2124.0,21.0,43.0,61.0,263.0,18.0,5.72,1.91,15.23
2022/10/17,57.9,57.9,55.2,57.8,674.0,38161.0,-2.1997,0.4184,1018.0,-31.0,2.0,-23.0,-52.0,2144.0,41.0,21.0,39.0,228.0,4.0,5.59,1.87,15.57
2022/10/18,58.5,58.6,57.1,58.2,242.0,14021.0,0.692,0.1502,312.0,13.0,-10.0,10.0,13.0,2150.0,14.0,8.0,6.0,223.0,1.0,5.63,1.88,15.46
2022/10/19,58.3,59.5,58.3,58.6,362.0,21335.0,0.6873,0.2247,536.0,68.0,0.0,3.0,71.0,2190.0,60.0,20.0,0.0,231.0,8.0,5.67,1.89,15.36
2022/10/20,58.2,60.0,57.0,60.0,553.0,32353.0,2.3891,0.3433,527.0,81.0,1.0,-2.0,80.0,2179.0,6.0,11.0,2.0,234.0,5.0,5.8,1.94,15.0
2022/10/21,59.3,59.7,58.7,58.8,264.0,15615.0,-2.0,0.1639,298.0,-118.0,0.0,0.0,-118.0,2194.0,17.0,2.0,3.0,234.0,3.0,5.69,1.9,15.31
2022/10/24,59.8,60.8,58.9,58.9,342.0,20506.0,0.1701,0.2123,317.0,37.0,0.0,7.0,44.0,2192.0,25.0,27.0,2.0,232.0,0.0,5.7,1.9,15.28
2022/10/25,59.3,59.3,57.8,58.2,227.0,13328.0,-1.1885,0.1409,291.0,25.0,0.0,29.0,54.0,2170.0,8.0,27.0,1.0,237.0,6.0,5.63,1.88,15.46
2022/10/26,58.5,58.5,57.3,57.4,215.0,12454.0,-1.3746,0.1335,201.0,5.0,0.0,28.0,33.0,2165.0,5.0,2.0,0.0,237.0,0.0,5.55,1.85,15.68
2022/10/27,58.0,59.6,57.9,59.4,492.0,28993.0,3.4843,0.3054,463.0,172.0,0.0,3.0,175.0,2149.0,13.0,28.0,1.0,238.0,2.0,5.74,1.92,15.15
2022/10/28,59.0,59.3,58.1,58.2,175.0,10263.0,-2.0202,0.1086,448.0,-21.0,1.0,0.0,-20.0,2130.0,8.0,27.0,2.0,237.0,1.0,5.63,1.88,15.46
2022/10/31,58.6,60.2,58.4,59.5,243.0,14484.0,2.2337,0.1509,243.0,109.0,0.0,0.0,109.0,2145.0,28.0,13.0,2.0,235.0,0.0,5.75,1.92,15.13
2022/11/01,59.7,60.7,59.6,60.2,270.0,16298.0,1.1765,0.1676,287.0,127.0,0.0,7.0,134.0,2106.0,7.0,45.0,0.0,239.0,4.0,5.82,1.94,14.95
2022/11/02,60.0,61.4,60.0,61.0,220.0,13438.0,1.3289,0.1366,274.0,101.0,0.0,0.0,101.0,2081.0,17.0,42.0,0.0,240.0,1.0,6.92,1.91,14.75
2022/11/03,61.4,62.3,60.3,62.2,811.0,50199.0,1.9672,0.5035,702.0,73.0,0.0,15.0,88.0,2044.0,47.0,84.0,1.0,244.0,5.0,7.05,1.95,14.47
2022/11/04,62.3,62.8,61.6,62.7,385.0,24017.0,0.8039,0.239,401.0,94.0,0.0,-12.0,82.0,2040.0,23.0,24.0,2.0,248.0,6.0,7.11,1.97,14.35
2022/11/07,63.2,64.2,62.9,63.6,467.0,29700.0,1.4354,0.2899,544.0,100.0,0.0,9.0,109.0,2021.0,18.0,36.0,5.0,243.0,0.0,7.21,1.99,14.15
2022/11/08,63.5,65.2,63.5,63.8,579.0,37361.0,0.3145,0.3594,537.0,116.0,1.0,-6.0,111.0,2014.0,35.0,37.0,0.0,213.0,0.0,7.23,2.0,14.11
2022/11/09,64.0,69.5,64.0,68.6,2868.0,194486.0,7.5235,1.7805,2440.0,-55.0,2.0,0.0,-53.0,2282.0,364.0,96.0,12.0,216.0,15.0,7.78,2.15,13.12
2022/11/10,67.8,69.1,67.5,68.3,1043.0,71215.0,-0.4373,0.6475,1089.0,133.0,0.0,9.0,142.0,2208.0,80.0,154.0,2.0,218.0,4.0,7.74,2.14,13.18
2022/11/11,70.8,71.3,68.4,68.4,1495.0,103597.0,0.1464,0.9281,1116.0,-112.0,1.0,-10.0,-121.0,2216.0,133.0,125.0,5.0,225.0,12.0,7.76,2.14,13.16
2022/11/14,68.8,69.2,68.0,68.5,619.0,42431.0,0.1462,0.3843,637.0,264.0,0.0,0.0,264.0,2208.0,46.0,54.0,1.0,224.0,0.0,7.77,2.15,13.14
2022/11/15,68.7,69.8,68.2,69.4,746.0,51685.0,1.3139,0.4631,719.0,422.0,1.0,-7.0,416.0,2107.0,25.0,126.0,1.0,224.0,2.0,7.87,2.18,12.97
2022/11/16,69.8,73.0,69.3,72.1,3094.0,222187.0,3.8905,1.9208,2438.0,-111.0,2.0,49.0,-60.0,2169.0,262.0,194.0,3.0,264.0,43.0,8.17,2.26,12.48
2022/11/17,71.3,72.1,71.0,72.1,801.0,57412.0,0.0,0.4973,852.0,125.0,0.0,-30.0,95.0,2143.0,23.0,48.0,5.0,277.0,18.0,8.17,2.26,12.48
2022/11/18,72.1,72.9,71.2,71.2,680.0,49062.0,-1.2483,0.4222,983.0,101.0,0.0,-5.0,96.0,2114.0,48.0,74.0,4.0,277.0,4.0,8.07,2.23,12.64
2022/11/21,72.0,72.0,70.0,70.0,351.0,24877.0,-1.6854,0.2179,400.0,24.0,0.0,2.0,26.0,2097.0,25.0,42.0,7.0,271.0,1.0,7.94,2.19,12.86
2022/11/22,70.0,71.3,69.5,70.8,424.0,29885.0,1.1429,0.2632,408.0,121.0,0.0,1.0,122.0,2093.0,33.0,33.0,36.0,249.0,14.0,8.03,2.22,12.71
2022/11/23,71.5,71.5,70.2,70.4,270.0,19113.0,-0.565,0.1676,316.0,-46.0,0.0,-1.0,-47.0,2080.0,6.0,17.0,1.0,252.0,4.0,7.98,2.21,12.78
2022/11/24,71.0,71.7,70.5,71.6,576.0,41013.0,1.7045,0.3576,517.0,233.0,0.0,8.0,241.0,2109.0,54.0,25.0,5.0,251.0,4.0,8.12,2.24,12.57
2022/11/25,71.8,71.8,70.6,70.7,355.0,25250.0,-1.257,0.2204,555.0,-11.0,0.0,-2.0,-13.0,2086.0,15.0,38.0,1.0,262.0,12.0,8.02,2.22,12.73
2022/11/28,70.2,71.5,69.6,70.7,300.0,21220.0,0.0,0.1862,259.0,40.0,0.0,-5.0,35.0,2065.0,4.0,25.0,0.0,262.0,0.0,8.02,2.22,12.73
2022/11/29,70.7,71.1,70.0,70.7,200.0,14136.0,0.0,0.1242,252.0,34.0,0.0,-2.0,32.0,2072.0,19.0,10.0,0.0,262.0,0.0,8.02,2.22,12.73
2022/11/30,70.8,71.9,70.8,71.6,310.0,22189.0,1.273,0.1925,303.0,116.0,0.0,3.0,119.0,2052.0,10.0,29.0,38.0,225.0,1.0,8.12,2.24,12.57
2022/12/01,72.1,73.0,72.1,72.4,724.0,52523.0,1.1173,0.4495,730.0,152.0,1.0,3.0,156.0,2054.0,79.0,73.0,3.0,223.0,1.0,8.21,2.27,12.43
2022/12/02,72.4,73.3,72.4,72.9,542.0,39503.0,0.6906,0.3365,516.0,168.0,0.0,-2.0,166.0,2027.0,22.0,48.0,0.0,252.0,29.0,8.27,2.29,12.35
2022/12/05,72.9,73.8,72.7,72.7,495.0,36292.0,-0.2743,0.3073,444.0,46.0,0.0,-13.0,33.0,2003.0,24.0,44.0,1.0,251.0,0.0,8.24,2.28,12.38
2022/12/06,72.5,72.5,71.0,71.1,505.0,36223.0,-2.2008,0.3135,507.0,-138.0,0.0,-13.0,-151.0,1998.0,16.0,18.0,1.0,253.0,3.0,8.06,2.23,12.66
2022/12/07,70.4,71.4,69.5,69.7,439.0,30833.0,-1.9691,0.2725,424.0,13.0,1.0,-7.0,7.0,1973.0,18.0,43.0,2.0,256.0,5.0,7.9,2.18,12.91
2022/12/08,69.6,70.9,69.6,70.6,233.0,16443.0,1.2912,0.1446,268.0,80.0,1.0,0.0,81.0,1964.0,1.0,9.0,30.0,228.0,2.0,8.0,2.21,12.75
2022/12/09,71.5,76.6,71.5,75.6,3665.0,274045.0,7.0822,2.2753,3079.0,895.0,0.0,43.0,939.0,2107.0,296.0,150.0,7.0,230.0,9.0,8.57,2.37,11.9
2022/12/12,75.5,76.3,74.2,75.6,1755.0,132390.0,0.0,1.0895,1841.0,25.0,0.0,-5.0,20.0,2099.0,148.0,156.0,1.0,235.0,6.0,8.57,2.37,11.9
2022/12/13,77.0,77.0,75.1,75.1,914.0,69421.0,-0.6614,0.5674,1080.0,34.0,-3.0,-14.0,17.0,2073.0,58.0,73.0,3.0,234.0,2.0,8.51,2.35,11.98
2022/12/14,75.8,76.2,75.0,75.1,631.0,47767.0,0.0,0.3917,662.0,186.0,-4.0,6.0,188.0,2001.0,32.0,102.0,18.0,223.0,7.0,8.51,2.35,11.98
2022/12/15,75.1,75.4,74.2,74.2,536.0,40015.0,-1.1984,0.3328,543.0,-76.0,0.0,-11.0,-87.0,1966.0,27.0,60.0,8.0,215.0,0.0,8.41,2.33,12.13
2022/12/16,72.5,73.4,72.3,72.5,745.0,54217.0,-2.2911,0.4625,673.0,-141.0,-2.0,-27.0,-170.0,1928.0,25.0,61.0,0.0,221.0,7.0,8.22,2.27,12.41
2022/12/19,72.5,73.2,72.1,72.9,171.0,12438.0,0.5517,0.1062,286.0,33.0,1.0,-2.0,32.0,1921.0,8.0,13.0,0.0,226.0,5.0,8.27,2.29,12.35
2022/12/20,72.7,73.8,70.6,70.8,652.0,46894.0,-2.8807,0.4048,766.0,82.0,0.0,-19.0,63.0,1849.0,10.0,82.0,5.0,226.0,5.0,8.03,2.22,12.71
2022/12/21,70.6,72.1,70.6,71.2,266.0,19099.0,0.565,0.1651,241.0,72.0,0.0,-8.0,64.0,1839.0,5.0,15.0,6.0,225.0,5.0,8.07,2.23,12.64
2022/12/22,72.2,72.8,71.7,72.1,172.0,12426.0,1.264,0.1068,284.0,81.0,0.0,-4.0,77.0,1827.0,2.0,12.0,1.0,230.0,6.0,8.17,2.26,12.48
2022/12/23,71.3,72.0,70.3,71.5,189.0,13477.0,-0.8322,0.1173,252.0,20.0,0.0,-9.0,11.0,1828.0,5.0,4.0,0.0,231.0,1.0,8.11,2.24,12.59
2022/12/26,71.0,72.7,71.0,71.9,1337.0,95646.0,0.5594,0.83,474.0,334.0,0.0,-2.0,332.0,1830.0,5.0,3.0,5.0,229.0,3.0,8.15,2.25,12.52
2022/12/27,72.7,75.1,72.5,74.3,1886.0,140368.0,3.338,1.1708,1600.0,435.0,0.0,15.0,450.0,1890.0,122.0,59.0,8.0,223.0,2.0,8.42,2.33,12.11
2022/12/28,74.0,74.3,72.4,72.6,730.0,53531.0,-2.288,0.4532,863.0,-235.0,0.0,-17.0,-252.0,1902.0,40.0,28.0,6.0,219.0,2.0,8.23,2.28,12.4
2022/12/29,72.2,73.1,71.9,73.1,453.0,33011.0,0.6887,0.2812,410.0,27.0,0.0,-6.0,21.0,1894.0,28.0,34.0,1.0,223.0,5.0,8.29,2.29,12.31
2022/12/30,74.1,74.6,72.6,73.3,979.0,71960.0,0.2736,0.6078,782.0,-228.0,0.0,1.0,-227.0,1920.0,64.0,38.0,0.0,246.0,23.0,8.31,2.3,12.28
2023/01/03,73.9,74.3,72.6,74.2,584.0,43162.0,1.2278,0.3626,480.0,307.0,0.0,0.0,307.0,1928.0,62.0,35.0,0.0,245.0,0.0,15.43,1.55,8.08
2023/01/04,74.2,74.7,73.6,74.3,327.0,24271.0,0.1348,0.203,375.0,34.0,0.0,0.0,34.0,1898.0,15.0,42.0,5.0,241.0,1.0,8.42,2.33,12.11
2023/01/05,74.7,75.0,74.0,74.0,469.0,35000.0,-0.4038,0.2912,535.0,153.0,0.0,-3.0,150.0,1872.0,31.0,55.0,10.0,232.0,1.0,8.39,2.32,12.16
2023/01/06,73.6,75.1,73.6,74.9,638.0,47729.0,1.2162,0.3961,532.0,196.0,0.0,31.0,227.0,1834.0,24.0,62.0,31.0,204.0,3.0,8.49,2.35,12.02
2023/01/09,75.8,76.0,74.1,75.2,1298.0,97740.0,0.4005,0.8058,1253.0,-73.0,0.0,4.0,-69.0,1904.0,151.0,81.0,5.0,199.0,0.0,8.53,2.36,11.97
2023/01/10,75.5,75.7,74.8,75.6,1008.0,75965.0,0.5319,0.6258,1024.0,228.0,0.0,0.0,228.0,1893.0,60.0,66.0,1.0,199.0,1.0,8.57,2.37,11.9
2023/01/11,75.8,76.3,75.4,75.6,678.0,51428.0,0.0,0.4209,549.0,79.0,1.0,0.0,80.0,1844.0,47.0,91.0,1.0,198.0,0.0,8.57,2.37,11.9
2023/01/12,75.6,76.4,75.5,76.0,747.0,56773.0,0.5291,0.4637,867.0,374.0,0.0,57.0,431.0,1786.0,6.0,57.0,0.0,203.0,5.0,8.62,2.38,11.84
2023/01/13,76.4,76.6,75.1,75.2,611.0,46315.0,-1.0526,0.3793,642.0,16.0,0.0,-45.0,-29.0,1769.0,9.0,19.0,1.0,205.0,3.0,8.53,2.36,11.97
2023/01/16,75.8,75.8,74.2,74.4,466.0,34797.0,-1.0638,0.2893,778.0,-24.0,0.0,-17.0,-41.0,1737.0,28.0,48.0,3.0,202.0,0.0,8.44,2.33,12.1
2023/01/17,74.4,75.0,74.2,74.7,276.0,20637.0,0.4032,0.1713,258.0,118.0,0.0,0.0,118.0,1714.0,6.0,23.0,2.0,200.0,0.0,8.47,2.34,12.05
2023/01/30,75.3,77.1,75.3,77.1,1045.0,80003.0,3.2129,0.6487,972.0,640.0,3.0,-5.0,638.0,1685.0,66.0,88.0,3.0,197.0,0.0,8.74,2.42,11.67
2023/01/31,77.0,79.0,76.5,79.0,1166.0,91271.0,2.4643,0.7239,984.0,507.0,10.0,17.0,534.0,1672.0,89.0,95.0,0.0,200.0,3.0,8.96,2.48,11.39
2023/02/01,79.4,82.0,78.8,81.3,1651.0,133433.0,2.9114,1.025,1678.0,52.0,6.0,37.0,95.0,1674.0,103.0,79.0,36.0,166.0,2.0,9.22,2.55,11.07
2023/02/02,81.8,83.8,80.6,83.0,2069.0,170412.0,2.091,1.2845,1662.0,551.0,1.0,70.0,621.0,1953.0,415.0,135.0,4.0,164.0,2.0,9.41,2.6,10.84
2023/02/03,82.1,83.7,81.8,82.1,1031.0,85106.0,-1.0843,0.6401,1549.0,84.0,0.0,-87.0,-3.0,2005.0,138.0,73.0,4.0,166.0,6.0,9.31,2.57,10.96
2023/02/06,81.6,82.7,81.1,81.8,626.0,51230.0,-0.3654,0.3886,568.0,196.0,0.0,-3.0,193.0,2018.0,83.0,61.0,0.0,166.0,0.0,9.27,2.56,11.0
2023/02/07,82.0,82.5,81.7,82.0,786.0,64590.0,0.2445,0.488,678.0,182.0,0.0,13.0,195.0,2094.0,111.0,35.0,1.0,178.0,13.0,9.3,2.57,10.98
2023/02/08,82.5,83.3,82.0,82.6,969.0,80058.0,0.7317,0.6016,812.0,209.0,0.0,2.0,211.0,2106.0,116.0,93.0,0.0,185.0,7.0,9.37,2.59,10.9
2023/02/09,83.0,86.9,82.6,86.9,4044.0,344929.0,5.2058,2.5106,3022.0,-266.0,0.0,100.0,-166.0,2580.0,733.0,243.0,1.0,205.0,21.0,9.85,2.72,10.36
2023/02/10,86.9,86.9,84.7,85.2,2483.0,212577.0,-1.9563,1.5415,2259.0,-585.0,0.0,-117.0,-702.0,2439.0,212.0,351.0,1.0,206.0,2.0,9.66,2.67,10.56
2023/02/13,84.2,86.7,83.7,83.8,1232.0,103873.0,-1.6432,0.7648,1099.0,-180.0,0.0,-2.0,-182.0,2345.0,79.0,163.0,3.0,207.0,4.0,9.5,2.63,10.74
2023/02/14,84.1,84.8,84.1,84.5,571.0,48309.0,0.8353,0.3545,520.0,71.0,0.0,-9.0,62.0,2337.0,41.0,45.0,1.0,206.0,0.0,9.58,2.65,10.65
2023/02/15,84.6,84.8,83.7,84.2,546.0,46005.0,-0.355,0.339,541.0,-65.0,0.0,-20.0,-85.0,2328.0,33.0,41.0,1.0,221.0,16.0,9.55,2.64,10.69
2023/02/16,84.4,85.8,84.4,85.5,703.0,59964.0,1.5439,0.4364,657.0,183.0,0.0,30.0,213.0,2266.0,31.0,94.0,17.0,208.0,4.0,9.69,2.68,10.53
2023/02/17,85.0,85.6,84.8,85.5,521.0,44480.0,0.0,0.3234,471.0,0.0,0.0,4.0,4.0,2237.0,48.0,63.0,0.0,209.0,1.0,9.69,2.68,10.53
2023/02/20,85.3,86.6,85.3,86.3,763.0,65841.0,0.9357,0.4737,682.0,111.0,0.0,49.0,160.0,2194.0,52.0,95.0,4.0,206.0,1.0,9.78,2.71,10.43
2023/02/21,86.4,87.2,86.0,86.5,737.0,63947.0,0.2317,0.4575,730.0,200.0,-1.0,5.0,204.0,2174.0,44.0,63.0,0.0,208.0,2.0,9.81,2.71,10.4
2023/02/22,86.5,87.3,85.6,86.7,762.0,65941.0,0.2312,0.4731,698.0,162.0,0.0,3.0,165.0,2147.0,82.0,106.0,4.0,205.0,1.0,9.83,2.72,10.38
2023/02/23,87.5,89.1,86.8,88.8,1339.0,118053.0,2.4221,0.8313,1240.0,74.0,-1.0,116.0,189.0,2281.0,238.0,100.0,9.0,198.0,2.0,11.75,2.66,10.14
2023/02/24,92.4,94.0,88.9,88.9,4585.0,415903.0,0.1126,2.8464,3644.0,-397.0,0.0,-80.0,-477.0,2354.0,370.0,286.0,1.0,234.0,37.0,11.76,2.66,10.12
2023/03/01,88.9,89.8,87.9,89.2,875.0,77961.0,0.3375,0.5432,817.0,24.0,0.0,-21.0,3.0,2428.0,148.0,66.0,4.0,236.0,6.0,11.8,2.67,10.09
2023/03/02,89.8,89.9,87.9,88.7,1116.0,99001.0,-0.5605,0.6928,1054.0,-22.0,0.0,-9.0,-31.0,2387.0,35.0,75.0,0.0,236.0,0.0,11.73,2.66,10.15
2023/03/03,88.8,89.9,88.8,89.4,861.0,77028.0,0.7892,0.5345,805.0,369.0,-1.0,-11.0,357.0,2313.0,68.0,140.0,0.0,236.0,0.0,11.83,2.68,10.07
2023/03/06,90.2,90.2,89.3,89.9,575.0,51738.0,0.5593,0.357,857.0,128.0,0.0,16.0,144.0,2278.0,32.0,64.0,9.0,227.0,0.0,11.89,2.69,10.01
2023/03/07,89.9,89.9,89.1,89.5,615.0,55027.0,-0.4449,0.3818,663.0,136.0,1.0,2.0,139.0,2209.0,41.0,98.0,1.0,227.0,1.0,11.84,2.68,10.06
2023/03/08,89.2,91.3,89.1,91.0,1155.0,104846.0,1.676,0.717,1085.0,625.0,3.0,27.0,655.0,2145.0,46.0,110.0,1.0,227.0,1.0,12.04,2.72,9.89
2023/03/09,90.0,90.9,89.8,89.8,795.0,71641.0,-1.3187,0.4935,1048.0,198.0,-1.0,-9.0,188.0,1981.0,28.0,192.0,1.0,226.0,0.0,11.88,2.69,10.02
2023/03/10,89.5,89.6,88.0,88.2,917.0,81272.0,-1.7817,0.5693,830.0,144.0,0.0,-17.0,127.0,2038.0,132.0,75.0,32.0,194.0,0.0,11.67,2.64,10.2
2023/03/13,87.6,88.7,86.5,88.7,650.0,57116.0,0.5669,0.4035,581.0,236.0,0.0,-5.0,231.0,2038.0,25.0,25.0,3.0,192.0,1.0,11.73,2.66,6.76
2023/03/14,88.5,88.5,87.2,87.8,447.0,39196.0,-1.0147,0.2775,785.0,5.0,-5.0,-2.0,-2.0,2052.0,32.0,18.0,1.0,193.0,2.0,11.61,2.63,6.83
2023/03/15,89.0,89.0,87.0,87.0,526.0,46314.0,-0.9112,0.3265,470.0,-28.0,4.0,-9.0,-33.0,2062.0,22.0,12.0,0.0,195.0,2.0,11.51,2.6,6.9
2023/03/16,86.0,86.6,84.8,85.1,849.0,72534.0,-2.1839,0.5271,899.0,270.0,0.0,-1.0,269.0,2037.0,12.0,36.0,20.0,183.0,9.0,11.26,2.55,7.05
2023/03/17,86.2,86.7,86.0,86.5,553.0,47785.0,1.6451,0.3433,445.0,311.0,-105.0,16.0,222.0,2033.0,17.0,19.0,3.0,180.0,0.0,11.44,2.59,6.94
2023/03/20,86.3,87.0,86.2,86.9,458.0,39682.0,0.4624,0.2843,626.0,245.0,-1.0,-2.0,242.0,1858.0,14.0,189.0,2.0,178.0,0.0,11.49,2.6,6.9
2023/03/21,87.0,87.9,87.0,87.5,313.0,27336.0,0.6904,0.1943,261.0,55.0,0.0,-5.0,50.0,1802.0,10.0,66.0,8.0,139.0,0.0,11.57,2.62,6.86
2023/03/22,88.0,88.2,87.5,87.9,386.0,34008.0,0.4571,0.2396,374.0,77.0,0.0,5.0,82.0,1796.0,6.0,12.0,0.0,140.0,1.0,11.63,2.63,6.83
2023/03/23,88.0,88.5,87.6,88.3,344.0,30337.0,0.4551,0.2136,337.0,40.0,1.0,11.0,52.0,1791.0,14.0,17.0,1.0,139.0,0.0,11.68,2.64,6.8
2023/03/24,88.7,88.7,87.7,88.5,376.0,33317.0,0.2265,0.2334,362.0,126.0,0.0,-1.0,125.0,1738.0,11.0,64.0,3.0,136.0,0.0,11.71,2.65,6.78
2023/03/27,88.6,88.6,87.7,88.0,252.0,22264.0,-0.565,0.1564,335.0,-7.0,-1.0,0.0,-8.0,1736.0,4.0,5.0,10.0,126.0,0.0,11.64,2.63,6.82
2023/03/28,88.0,88.0,86.5,86.7,482.0,41962.0,-1.4773,0.2992,523.0,65.0,0.0,-12.0,53.0,1606.0,27.0,156.0,17.0,109.0,0.0,11.47,2.6,6.92
2023/03/29,87.2,87.5,86.5,87.3,283.0,24635.0,0.692,0.1757,304.0,117.0,0.0,0.0,117.0,1603.0,2.0,5.0,17.0,93.0,1.0,11.55,2.61,6.87
2023/03/30,87.9,88.1,87.3,87.7,332.0,29170.0,0.4582,0.2061,424.0,123.0,0.0,0.0,123.0,1603.0,9.0,9.0,30.0,63.0,0.0,11.6,2.63,6.84
2023/03/31,88.3,90.0,87.9,89.8,941.0,83878.0,2.3945,0.5842,894.0,166.0,0.0,157.0,323.0,1701.0,151.0,53.0,7.0,57.0,1.0,11.88,2.69,6.68
2023/04/06,89.9,90.7,89.0,90.7,922.0,83207.0,1.0022,0.5724,954.0,38.0,0.0,26.0,64.0,1807.0,153.0,47.0,11.0,46.0,0.0,12.0,2.72,6.62
2023/04/07,90.5,90.7,89.8,90.0,320.0,28854.0,-0.7718,0.1987,1166.0,-63.0,0.0,-8.0,-71.0,1801.0,25.0,30.0,24.0,22.0,0.0,11.9,2.69,6.67
2023/04/10,90.8,90.8,89.3,90.0,272.0,24503.0,0.0,0.1689,493.0,-21.0,-1.0,-16.0,-38.0,1812.0,31.0,16.0,21.0,0.0,0.0,11.9,2.69,6.67
2023/04/11,90.0,90.6,89.0,90.2,549.0,49494.0,0.2222,0.3408,572.0,188.0,0.0,-55.0,133.0,1806.0,45.0,47.0,0.0,0.0,0.0,11.93,2.7,6.65
2023/04/12,91.0,93.5,91.0,92.9,2291.0,211737.0,2.9933,1.4223,2112.0,542.0,0.0,60.0,602.0,1879.0,179.0,103.0,0.0,0.0,0.0,12.29,2.78,6.46
2023/04/13,93.1,93.3,90.2,90.5,966.0,88460.0,-2.5834,0.5997,1902.0,-126.0,0.0,-69.0,-195.0,1885.0,61.0,55.0,0.0,0.0,0.0,11.97,2.71,6.63
2023/04/14,90.9,92.5,90.9,91.9,801.0,73702.0,1.547,0.4973,827.0,373.0,0.0,28.0,400.0,1854.0,46.0,77.0,0.0,7.0,7.0,12.16,2.75,6.53
2023/04/17,92.0,92.2,91.2,91.6,329.0,30206.0,-0.3264,0.2042,795.0,22.0,0.0,-9.0,13.0,1847.0,16.0,23.0,3.0,4.0,0.0,12.12,2.74,6.55
2023/04/18,91.7,91.7,90.2,90.4,427.0,38824.0,-1.31,0.2651,499.0,-32.0,-2.0,-35.0,-69.0,1801.0,20.0,66.0,0.0,7.0,3.0,11.96,2.71,6.64
2023/04/19,90.2,90.6,89.4,89.5,472.0,42482.0,-0.9956,0.293,473.0,-80.0,0.0,-5.0,-85.0,1789.0,47.0,39.0,0.0,9.0,2.0,11.84,2.68,6.7
2023/04/20,89.2,90.3,88.9,88.9,326.0,29170.0,-0.6704,0.2024,387.0,41.0,0.0,-9.0,32.0,1769.0,15.0,35.0,3.0,8.0,2.0,11.76,2.66,6.75
2023/04/21,89.8,89.8,87.4,87.4,442.0,38914.0,-1.6873,0.2744,706.0,-132.0,0.0,-11.0,-143.0,1740.0,8.0,37.0,1.0,10.0,3.0,11.56,2.62,6.86
2023/04/24,87.2,88.7,87.0,88.6,242.0,21310.0,1.373,0.1502,255.0,22.0,0.0,0.0,22.0,1739.0,7.0,8.0,0.0,12.0,2.0,11.72,2.65,6.77
2023/04/25,88.4,89.1,87.0,87.0,1107.0,97549.0,-1.8059,0.6872,818.0,-227.0,0.0,-3.0,-230.0,1370.0,7.0,371.0,0.0,39.0,27.0,11.51,2.6,6.9
2023/04/26,86.8,87.7,85.3,87.3,513.0,44321.0,0.3448,0.3185,518.0,-31.0,0.0,15.0,-16.0,1344.0,11.0,37.0,12.0,58.0,31.0,11.55,2.61,6.87
2023/04/27,87.3,88.5,86.8,87.6,203.0,17903.0,0.3436,0.126,271.0,26.0,0.0,0.0,26.0,1344.0,10.0,10.0,12.0,48.0,2.0,11.59,2.62,6.85
2023/04/28,88.1,88.9,87.8,88.5,271.0,24006.0,1.0274,0.1682,309.0,28.0,1.0,1.0,30.0,1353.0,15.0,6.0,3.0,46.0,1.0,11.71,2.65,6.78
2023/05/02,88.3,90.0,88.3,89.7,307.0,27463.0,1.3559,0.1906,328.0,100.0,0.0,42.0,142.0,1365.0,22.0,10.0,2.0,44.0,0.0,11.87,2.69,6.69
2023/05/03,90.5,90.5,89.1,89.4,220.0,19792.0,-0.3344,0.1366,190.0,-10.0,0.0,12.0,2.0,1343.0,5.0,27.0,0.0,44.0,0.0,11.83,2.68,6.71
2023/05/04,89.1,90.3,89.1,90.3,300.0,27012.0,1.0067,0.1862,256.0,17.0,0.0,7.0,24.0,1427.0,94.0,10.0,0.0,46.0,2.0,12.59,2.43,6.64
2023/05/05,93.5,97.7,93.0,96.0,5968.0,570325.0,6.3123,3.705,4764.0,2011.0,0.0,47.0,2058.0,2420.0,1206.0,213.0,17.0,34.0,5.0,13.39,2.58,6.25
2023/05/08,97.5,101.5,96.3,96.5,4861.0,479340.0,0.5208,3.0178,4213.0,23.0,0.0,21.0,44.0,2662.0,554.0,312.0,11.0,26.0,3.0,13.46,2.6,6.22
2023/05/09,99.3,100.5,97.1,99.2,5527.0,547847.0,2.7979,3.4312,4502.0,778.0,0.0,120.0,898.0,3374.0,909.0,197.0,0.0,63.0,38.0,13.84,2.67,6.05
2023/05/10,99.9,100.0,98.0,100.0,2501.0,248542.0,0.8065,1.5526,2555.0,-76.0,0.0,63.0,-13.0,3629.0,428.0,173.0,20.0,100.0,57.0,13.95,2.69,6.0
2023/05/11,100.0,100.5,97.6,97.8,2995.0,296071.0,-2.2,1.8593,3003.0,686.0,0.0,-91.0,595.0,2795.0,129.0,957.0,10.0,96.0,6.0,13.64,2.63,6.13
2023/05/12,98.9,102.0,98.3,102.0,3516.0,353293.0,4.2945,2.1828,2977.0,1103.0,0.0,164.0,1267.0,2877.0,263.0,172.0,7.0,121.0,32.0,14.23,2.75,5.88
2023/05/15,102.0,102.0,98.5,100.5,2970.0,297121.0,-1.4706,1.8438,3715.0,-175.0,0.0,-67.0,-242.0,2848.0,240.0,269.0,10.0,129.0,18.0,14.02,2.71,5.97
2023/05/16,101.0,102.5,101.0,102.5,2394.0,243910.0,1.99,1.4862,1837.0,607.0,-3.0,85.0,689.0,2929.0,243.0,162.0,8.0,132.0,11.0,14.3,2.76,5.85
2023/05/17,102.5,104.0,102.0,103.5,2048.0,211449.0,0.9756,1.2714,1588.0,483.0,0.0,136.0,619.0,2871.0,107.0,165.0,2.0,131.0,1.0,14.44,2.79,5.8
2023/05/18,105.0,105.0,103.0,104.5,1946.0,203196.0,0.9662,1.2081,1534.0,313.0,0.0,-8.0,305.0,2967.0,220.0,116.0,2.0,131.0,2.0,14.57,2.81,5.74
2023/05/19,105.0,108.0,105.0,105.5,3926.0,418740.0,0.9569,2.4373,3018.0,991.0,0.0,100.0,1091.0,2993.0,264.0,238.0,2.0,139.0,10.0,14.71,2.84,5.69
2023/05/22,106.5,109.0,106.0,107.5,1997.0,215163.0,1.8957,1.2398,1639.0,-61.0,274.0,-78.0,135.0,3106.0,187.0,73.0,4.0,143.0,8.0,14.99,2.89,5.58
2023/05/23,109.0,110.0,107.5,109.0,2615.0,285676.0,1.3953,1.6234,1945.0,396.0,130.0,39.0,565.0,3440.0,428.0,94.0,2.0,145.0,4.0,15.2,2.93,5.5
2023/05/24,109.5,114.0,109.5,111.0,4638.0,517888.0,1.8349,2.8793,4609.0,223.0,0.0,151.0,374.0,3750.0,491.0,181.0,10.0,145.0,10.0,15.48,2.99,5.41
2023/05/25,110.5,113.0,110.5,112.0,1680.0,187765.0,0.9009,1.043,1420.0,98.0,73.0,-71.0,100.0,3899.0,279.0,130.0,3.0,142.0,0.0,15.62,3.02,5.36
2023/05/26,113.0,113.5,109.0,110.5,2629.0,290833.0,-1.3393,1.6321,2663.0,500.0,0.0,-68.0,432.0,3494.0,195.0,600.0,8.0,143.0,9.0,15.41,2.98,5.43
2023/05/29,111.5,114.0,111.5,113.5,1872.0,211672.0,2.7149,1.1622,1565.0,586.0,0.0,47.0,633.0,3670.0,305.0,129.0,6.0,138.0,1.0,15.83,3.06,5.29
2023/05/30,115.0,115.5,113.0,113.5,1662.0,189183.0,0.0,1.0318,2719.0,-107.0,0.0,-9.0,-116.0,3740.0,187.0,117.0,52.0,86.0,0.0,15.83,3.06,5.29
2023/05/31,114.0,114.0,111.5,112.0,1844.0,207590.0,-1.3216,1.1448,1563.0,445.0,-6.0,-12.0,427.0,3636.0,265.0,369.0,3.0,83.0,1.0,15.62,3.02,5.36
2023/06/01,112.5,113.0,111.5,113.0,901.0,101589.0,0.8929,0.5593,894.0,496.0,-5.0,6.0,497.0,3597.0,22.0,61.0,2.0,81.0,0.0,15.76,3.04,5.31
2023/06/02,113.5,114.0,112.5,113.0,1208.0,136835.0,0.0,0.7499,1634.0,319.0,0.0,8.0,327.0,3638.0,123.0,82.0,4.0,77.0,0.0,15.76,3.04,5.31
2023/06/05,113.5,113.5,112.0,113.5,1044.0,118124.0,0.4425,0.6481,996.0,99.0,0.0,-6.0,93.0,3719.0,151.0,70.0,2.0,77.0,2.0,15.83,3.06,5.29
2023/06/06,113.5,114.0,111.5,112.5,1069.0,120273.0,-0.8811,0.6636,856.0,-48.0,0.0,1.0,-47.0,3683.0,45.0,81.0,16.0,61.0,0.0,15.69,3.03,5.33
2023/06/07,112.5,115.0,112.5,115.0,1909.0,218140.0,2.2222,1.1851,1496.0,633.0,-1.0,65.0,697.0,3823.0,284.0,143.0,5.0,57.0,1.0,16.04,3.1,5.22
2023/06/08,115.0,119.5,114.5,118.5,5799.0,685717.0,3.0435,3.6001,4471.0,12.0,1406.0,124.0,1542.0,4343.0,802.0,282.0,10.0,47.0,0.0,16.53,3.19,5.06
2023/06/09,123.0,123.5,117.0,117.5,6767.0,807530.0,-0.8439,4.201,4975.0,-1403.0,178.0,-66.0,-1291.0,4364.0,785.0,764.0,12.0,35.0,0.0,16.39,3.16,5.11
2023/06/12,117.5,117.5,112.5,117.0,3656.0,419521.0,-0.4255,2.2697,2942.0,-877.0,561.0,-60.0,-376.0,4181.0,253.0,436.0,6.0,31.0,2.0,16.32,3.15,5.13
2023/06/13,119.0,124.5,118.5,123.0,7493.0,912821.0,5.1282,4.6517,5660.0,1710.0,3.0,120.0,1833.0,4866.0,1095.0,410.0,10.0,23.0,2.0,17.15,3.31,4.88
2023/06/14,122.0,124.0,120.5,122.0,3217.0,392812.0,-0.813,1.9971,2362.0,-243.0,2.0,-100.0,-341.0,4739.0,374.0,500.0,23.0,0.0,0.0,17.02,3.28,4.92
2023/06/15,122.0,123.0,121.0,121.5,1716.0,208736.0,-0.4098,1.0653,1286.0,141.0,0.0,10.0,151.0,4722.0,329.0,346.0,0.0,0.0,0.0,16.95,3.27,4.94
2023/06/16,121.5,123.0,120.5,122.0,2187.0,266679.0,0.4115,1.3577,1614.0,438.0,-6.0,122.0,554.0,4294.0,161.0,589.0,0.0,0.0,0.0,17.02,3.28,4.92
2023/06/19,122.5,122.5,121.0,121.0,2567.0,312238.0,-0.8197,1.5936,2042.0,-232.0,119.0,130.0,17.0,4151.0,209.0,352.0,0.0,0.0,0.0,16.88,3.26,4.96
2023/06/20,115.0,115.5,111.0,113.0,3099.0,349933.0,-1.6529,1.9239,2452.0,-10.0,1.0,-164.0,-173.0,4186.0,416.0,381.0,0.0,1.0,1.0,15.76,3.04,5.31
2023/06/21,113.0,116.5,113.0,116.0,1792.0,206693.0,2.6549,1.1125,1590.0,772.0,0.0,-31.0,741.0,3877.0,100.0,409.0,0.0,9.0,8.0,16.18,3.12,5.17
2023/06/26,114.5,116.0,111.5,112.5,1621.0,182838.0,-3.0172,1.0063,1437.0,-362.0,-151.0,-72.0,-585.0,3820.0,140.0,197.0,0.0,24.0,15.0,15.69,3.03,5.33
2023/06/27,112.5,112.5,108.5,108.5,2412.0,265407.0,-3.5556,1.4974,1944.0,988.0,-694.0,-26.0,268.0,3702.0,52.0,140.0,4.0,46.0,26.0,15.13,2.92,5.53
2023/06/28,110.0,112.0,110.0,111.0,1154.0,128116.0,2.3041,0.7164,950.0,568.0,1.0,22.0,591.0,3520.0,15.0,97.0,10.0,46.0,10.0,15.48,2.99,5.41
2023/06/29,112.0,112.5,110.5,111.5,716.0,79997.0,0.4505,0.4445,648.0,265.0,0.0,-37.0,228.0,3428.0,26.0,118.0,6.0,49.0,9.0,15.55,3.0,5.38
2023/06/30,111.5,113.0,110.0,112.5,1017.0,114132.0,0.8969,0.6314,804.0,263.0,0.0,43.0,306.0,3333.0,59.0,154.0,1.0,52.0,4.0,15.69,3.03,5.33
2023/07/03,113.0,116.0,113.0,115.0,1589.0,182757.0,2.2222,0.9865,1238.0,296.0,0.0,24.0,320.0,3289.0,138.0,182.0,13.0,48.0,9.0,16.04,3.1,5.22
2023/07/04,115.0,118.5,114.0,118.0,2531.0,294931.0,2.6087,1.5713,1921.0,185.0,1.0,40.0,226.0,3697.0,572.0,164.0,15.0,37.0,4.0,16.46,3.18,5.08
2023/07/05,117.5,118.0,116.5,116.5,1417.0,165927.0,-1.2712,0.8797,1068.0,46.0,145.0,-50.0,141.0,3454.0,173.0,416.0,5.0,33.0,1.0,16.25,3.14,5.15
2023/07/06,116.5,119.0,116.0,118.0,1218.0,143466.0,1.2876,0.7561,1057.0,518.0,0.0,1.0,519.0,3434.0,101.0,121.0,3.0,39.0,9.0,16.46,3.18,5.08
2023/07/07,118.0,118.0,115.5,117.5,1396.0,162753.0,-0.4237,0.8667,1199.0,-70.0,213.0,-35.0,108.0,3412.0,78.0,100.0,10.0,31.0,2.0,16.39,3.16,5.11
2023/07/10,120.0,122.5,119.5,121.0,4813.0,583277.0,2.9787,2.988,3452.0,56.0,31.0,106.0,193.0,3776.0,637.0,273.0,3.0,41.0,13.0,16.88,3.26,4.96
2023/07/11,123.0,124.0,120.0,120.5,2474.0,299834.0,-0.4132,1.5359,1908.0,-86.0,63.0,-50.0,-73.0,3793.0,171.0,154.0,3.0,44.0,6.0,16.81,3.24,4.98
2023/07/12,119.5,121.0,118.0,118.5,1425.0,169654.0,-1.6598,0.8847,1303.0,211.0,31.0,-22.0,220.0,3692.0,106.0,207.0,5.0,42.0,3.0,16.53,3.19,5.06
2023/07/13,119.5,122.5,119.5,120.0,2645.0,320467.0,1.2658,1.642,1992.0,725.0,-35.0,61.0,751.0,3661.0,309.0,340.0,1.0,44.0,3.0,16.74,3.23,5.0
2023/07/14,121.5,125.0,121.0,124.0,5249.0,648056.0,3.3333,3.2586,3865.0,1640.0,155.0,8.0,1803.0,3533.0,366.0,485.0,0.0,51.0,7.0,17.29,3.34,4.84
2023/07/17,125.0,130.0,124.5,128.0,6046.0,773478.0,3.2258,3.7534,5030.0,250.0,226.0,222.0,698.0,3891.0,891.0,533.0,9.0,47.0,5.0,17.85,3.45,4.69
2023/07/18,130.0,130.5,125.0,128.0,4355.0,554689.0,0.0,2.7036,3044.0,516.0,470.0,-168.0,818.0,3687.0,277.0,481.0,2.0,47.0,2.0,17.85,3.45,4.69
2023/07/19,129.0,129.5,126.0,127.0,2224.0,283147.0,-0.7813,1.3807,1769.0,356.0,0.0,7.0,363.0,3710.0,180.0,157.0,2.0,48.0,3.0,17.71,3.42,4.72
2023/07/20,127.0,130.0,127.0,129.0,2289.0,294156.0,1.5748,1.421,1831.0,635.0,39.0,3.0,677.0,3592.0,194.0,312.0,0.0,51.0,3.0,17.99,3.47,4.65
2023/07/21,127.5,132.5,126.5,132.5,3980.0,520024.0,2.7132,2.4708,3163.0,695.0,104.0,183.0,982.0,3596.0,482.0,478.0,3.0,58.0,10.0,18.48,3.57,4.53
2023/07/24,132.5,134.0,128.5,131.5,3013.0,395026.0,-0.7547,1.8705,2331.0,-497.0,67.0,-71.0,-501.0,3714.0,419.0,301.0,1.0,61.0,4.0,18.34,3.54,4.56
2023/07/25,131.0,131.5,128.5,129.5,1477.0,191787.0,-1.5209,0.9169,1337.0,-30.0,97.0,3.0,70.0,3752.0,188.0,150.0,2.0,60.0,1.0,18.06,3.49,4.63
2023/07/26,131.5,136.0,131.0,133.0,5041.0,674637.0,2.7027,3.1295,3716.0,-47.0,351.0,83.0,387.0,4172.0,873.0,443.0,1.0,72.0,13.0,18.55,3.58,4.51
2023/07/27,134.5,146.0,134.5,146.0,13826.0,1977129.0,9.7744,8.5833,10182.0,758.0,332.0,232.0,1322.0,5965.0,2515.0,722.0,2.0,160.0,90.0,20.36,3.93,4.11
2023/07/28,144.0,158.0,143.0,158.0,18806.0,2867346.0,8.2192,11.6749,13593.0,-1280.0,622.0,115.0,-543.0,7006.0,2237.0,1196.0,18.0,201.0,64.0,22.04,4.25,3.8
2023/07/31,160.0,160.5,151.0,154.5,9098.0,1417520.0,-2.2152,5.6481,6542.0,684.0,262.0,-125.0,821.0,7068.0,1223.0,1160.0,37.0,184.0,20.0,21.55,4.16,3.88
2023/08/01,157.5,158.0,147.5,151.0,6932.0,1045218.0,-2.2654,4.3035,5155.0,-461.0,326.0,-87.0,-222.0,7448.0,938.0,553.0,44.0,143.0,6.0,21.06,4.07,3.97
2023/08/02,151.0,151.0,139.0,142.0,8372.0,1204351.0,-5.9603,5.1974,6096.0,2633.0,82.0,-140.0,2574.0,6308.0,732.0,1872.0,39.0,318.0,215.0,19.8,3.82,4.23
2023/08/04,142.5,144.5,140.0,142.0,5051.0,718717.0,0.0,3.1357,4132.0,-1054.0,196.0,-24.0,-882.0,6065.0,688.0,624.0,214.0,111.0,7.0,19.8,3.82,4.23
2023/08/07,143.5,144.5,140.0,143.0,2934.0,417787.0,0.7042,1.8215,2257.0,172.0,276.0,-2.0,446.0,5065.0,263.0,840.0,16.0,103.0,8.0,19.94,3.85,4.2
2023/08/08,143.5,146.5,140.0,144.0,4065.0,582037.0,0.6993,2.5236,2960.0,-645.0,211.0,84.0,-350.0,5281.0,507.0,291.0,3.0,100.0,0.0,20.08,3.88,4.17
2023/08/09,141.0,142.0,135.5,140.0,5951.0,825233.0,-2.7778,3.6944,4479.0,524.0,63.0,-55.0,532.0,5389.0,724.0,616.0,11.0,96.0,7.0,17.37,4.1,4.29
2023/08/10,141.0,142.0,132.0,135.0,8021.0,1092145.0,-3.5714,4.9795,5935.0,134.0,244.0,-75.0,303.0,5282.0,679.0,786.0,6.0,103.0,13.0,16.75,3.96,4.44
2023/08/11,137.0,139.0,135.0,137.0,2734.0,375053.0,1.4815,1.6973,2263.0,-48.0,231.0,-17.0,166.0,5300.0,292.0,274.0,0.0,104.0,1.0,17.0,4.02,4.38
2023/08/14,135.0,137.5,133.0,135.0,3315.0,448740.0,-1.4599,2.058,2368.0,605.0,502.0,-304.0,803.0,4862.0,132.0,534.0,14.0,149.0,59.0,16.75,3.96,4.44
2023/08/15,138.0,139.5,137.0,138.5,2891.0,400563.0,2.5926,1.7948,2369.0,-316.0,169.0,54.0,-93.0,5196.0,461.0,127.0,2.0,162.0,15.0,17.18,4.06,4.33
2023/08/16,136.5,139.5,135.5,139.0,2972.0,409278.0,0.361,1.845,2213.0,-499.0,413.0,22.0,-64.0,5098.0,188.0,282.0,6.0,160.0,5.0,17.25,4.07,4.32
2023/08/17,138.5,144.0,138.0,143.5,4207.0,594186.0,3.2374,2.6117,3316.0,-375.0,71.0,135.0,-169.0,5038.0,532.0,592.0,64.0,98.0,2.0,17.8,4.21,4.18
2023/08/18,142.5,143.5,133.5,134.5,6296.0,863122.0,-6.2718,3.9086,5346.0,-1539.0,91.0,-95.0,-1544.0,4939.0,578.0,677.0,30.0,95.0,27.0,16.69,3.94,4.46
2023/08/21,135.5,135.5,131.5,132.5,3349.0,444916.0,-1.487,2.0791,2438.0,1543.0,-15.0,-74.0,1455.0,4732.0,86.0,292.0,14.0,126.0,45.0,16.44,3.88,4.53
2023/08/22,135.5,137.5,134.5,135.5,2539.0,345674.0,2.2642,1.5762,1919.0,870.0,149.0,-6.0,1014.0,4773.0,259.0,218.0,17.0,144.0,35.0,16.81,3.97,4.43
2023/08/23,137.5,138.5,136.0,137.5,1678.0,230373.0,1.476,1.0417,1540.0,197.0,126.0,5.0,328.0,4667.0,181.0,285.0,7.0,139.0,2.0,17.06,4.03,4.36
2023/08/24,140.0,141.5,136.0,138.5,2780.0,385774.0,0.7273,1.7259,2133.0,444.0,142.0,-34.0,552.0,4742.0,320.0,241.0,5.0,135.0,1.0,17.18,4.06,4.33
2023/08/25,137.0,140.5,137.0,138.0,1319.0,183136.0,-0.361,0.8188,1177.0,220.0,123.0,-37.0,306.0,4640.0,68.0,170.0,14.0,124.0,3.0,17.12,4.04,4.35
2023/08/28,140.0,141.0,137.5,139.0,2382.0,332290.0,0.7246,1.4788,1924.0,-439.0,461.0,78.0,100.0,4663.0,125.0,102.0,23.0,102.0,1.0,17.25,4.07,4.32
2023/08/29,141.0,141.0,138.0,140.0,1977.0,275960.0,0.7194,1.2273,1722.0,-59.0,246.0,-36.0,151.0,4665.0,98.0,95.0,2.0,101.0,1.0,17.37,4.1,4.29
2023/08/30,141.0,142.5,139.0,142.5,2942.0,416042.0,1.7857,1.8264,2631.0,181.0,40.0,364.0,585.0,4639.0,303.0,329.0,0.0,125.0,24.0,17.68,4.18,4.21
2023/08/31,143.5,144.0,141.0,143.5,2845.0,405875.0,0.7018,1.7662,2209.0,-387.0,86.0,-188.0,-489.0,4750.0,306.0,191.0,3.0,136.0,14.0,17.8,4.21,4.18
2023/09/01,143.0,143.0,137.5,138.0,2402.0,335782.0,-3.8328,1.4912,2126.0,-602.0,187.0,-141.0,-556.0,4828.0,330.0,252.0,10.0,127.0,1.0,17.12,4.04,4.35
2023/09/04,139.5,151.5,139.0,151.5,14670.0,2171200.0,9.7826,9.1073,11194.0,-680.0,221.0,522.0,63.0,6797.0,2863.0,894.0,37.0,142.0,52.0,18.8,4.44,3.96
2023/09/05,150.5,151.5,147.0,151.0,9430.0,1405417.0,-0.33,5.8542,6615.0,-709.0,232.0,11.0,-466.0,6620.0,941.0,1118.0,6.0,227.0,91.0,18.73,4.43,3.97
2023/09/06,153.0,153.0,148.5,151.0,5831.0,879680.0,0.0,3.6199,4472.0,-66.0,390.0,10.0,334.0,6025.0,848.0,1443.0,56.0,180.0,9.0,18.73,4.43,3.97
2023/09/07,150.0,158.0,150.0,154.5,10136.0,1572368.0,2.3179,6.2925,7709.0,426.0,694.0,159.0,1279.0,5982.0,1251.0,1294.0,3.0,202.0,25.0,19.17,4.53,3.88
2023/09/08,155.5,165.0,154.5,162.5,14592.0,2344175.0,5.178,9.0589,11385.0,250.0,653.0,119.0,1022.0,6807.0,1923.0,1097.0,14.0,285.0,97.0,20.16,4.76,3.69
2023/09/11,166.0,166.5,156.0,158.0,11845.0,1902607.0,-2.7692,7.3535,10000.0,-379.0,374.0,-303.0,-308.0,6989.0,1525.0,1341.0,60.0,246.0,21.0,19.6,4.63,3.8
2023/09/12,158.5,163.5,156.5,161.0,7443.0,1197262.0,1.8987,4.6207,6295.0,-50.0,651.0,97.0,698.0,6682.0,516.0,823.0,8.0,309.0,71.0,19.98,4.72,3.73
2023/09/13,160.5,164.0,158.5,163.0,7017.0,1135349.0,1.2422,4.3562,5671.0,114.0,581.0,-21.0,674.0,6469.0,492.0,705.0,17.0,311.0,19.0,20.22,4.78,3.68
2023/09/14,164.5,178.0,163.0,175.5,16397.0,2801199.0,7.6687,10.1794,13308.0,758.0,1295.0,233.0,2286.0,7026.0,1882.0,1302.0,51.0,365.0,106.0,21.77,5.14,3.42
2023/09/15,176.5,182.5,175.5,179.0,15441.0,2766079.0,1.9943,9.5859,13894.0,848.0,854.0,-103.0,1599.0,6109.0,716.0,1633.0,17.0,441.0,93.0,22.21,5.25,3.35
2023/09/18,176.0,181.0,176.0,178.5,6301.0,1125687.0,-0.2793,3.9117,6135.0,521.0,379.0,-169.0,731.0,5772.0,558.0,895.0,19.0,454.0,32.0,22.15,5.23,3.36
2023/09/19,179.5,181.0,177.0,177.5,6936.0,1242705.0,-0.5602,4.3059,7033.0,-483.0,1222.0,-46.0,693.0,5504.0,373.0,641.0,48.0,417.0,12.0,22.02,5.2,3.38
2023/09/20,178.5,180.0,171.0,174.0,9152.0,1602954.0,-1.9718,5.6816,6938.0,2180.0,853.0,-229.0,2804.0,4676.0,317.0,1145.0,62.0,442.0,87.0,21.59,5.1,3.45
2023/09/21,174.0,175.5,166.5,167.5,8301.0,1410973.0,-3.7356,5.1533,10673.0,1274.0,180.0,-213.0,1241.0,4127.0,372.0,920.0,73.0,623.0,254.0,20.78,4.91,3.58
2023/09/22,166.0,169.0,164.0,164.5,5660.0,938718.0,-1.791,3.5138,16422.0,-325.0,162.0,-4.0,-167.0,4248.0,400.0,279.0,65.0,614.0,56.0,20.41,4.82,3.65
2023/09/25,166.0,168.0,163.0,164.5,3493.0,579087.0,0.0,2.1685,7950.0,-976.0,262.0,-5.0,-719.0,4368.0,297.0,177.0,66.0,556.0,8.0,20.41,4.82,3.65
2023/09/26,166.0,166.5,161.0,161.5,3581.0,585890.0,-1.8237,2.2231,4863.0,-352.0,-158.0,-57.0,-567.0,4501.0,402.0,269.0,278.0,299.0,21.0,20.04,4.73,3.72
2023/09/27,159.5,161.5,155.5,158.0,6431.0,1014853.0,-2.1672,3.9924,5412.0,2137.0,-759.0,-51.0,1327.0,4173.0,313.0,635.0,70.0,257.0,28.0,19.6,4.63,3.8
2023/09/28,160.0,161.0,156.0,157.0,4029.0,636287.0,-0.6329,2.5012,3812.0,201.0,-421.0,-47.0,-267.0,4324.0,320.0,167.0,9.0,252.0,4.0,19.48,4.6,3.82
2023/10/02,159.0,159.5,156.5,157.0,3061.0,483097.0,0.0,1.9003,2233.0,-924.0,153.0,14.0,-757.0,4482.0,358.0,200.0,18.0,236.0,2.0,19.48,4.6,3.82
2023/10/03,158.0,164.0,157.0,159.0,6336.0,1017575.0,1.2739,3.9334,4750.0,-2217.0,183.0,214.0,-1820.0,4871.0,853.0,459.0,27.0,214.0,5.0,19.73,4.66,3.77
2023/10/04,158.5,162.0,155.0,159.5,4217.0,673518.0,0.3145,2.618,3442.0,-894.0,204.0,76.0,-614.0,4940.0,284.0,215.0,12.0,208.0,6.0,19.79,4.67,3.76
2023/10/05,160.5,163.5,159.0,160.0,4091.0,657111.0,0.3135,2.5397,3339.0,-1236.0,144.0,26.0,-1066.0,5050.0,486.0,376.0,1.0,207.0,0.0,19.85,4.69,3.75
2023/10/06,162.0,166.5,161.0,163.5,5753.0,940910.0,2.1875,3.5715,4532.0,51.0,63.0,218.0,332.0,5119.0,777.0,708.0,5.0,205.0,9.0,20.29,4.79,3.67
2023/10/11,168.5,173.5,166.5,166.5,10143.0,1720823.0,1.8349,6.2969,8120.0,-315.0,155.0,56.0,-104.0,5188.0,1015.0,945.0,4.0,212.0,11.0,20.66,4.88,3.6
2023/10/12,169.5,171.0,163.5,166.5,6128.0,1023750.0,0.0,3.8043,9729.0,-1376.0,-67.0,-55.0,-1498.0,5352.0,641.0,477.0,13.0,257.0,58.0,20.66,4.88,3.6
2023/10/13,165.0,168.0,164.0,165.5,2953.0,489840.0,-0.6006,1.8333,3218.0,298.0,0.0,69.0,367.0,5315.0,284.0,321.0,5.0,259.0,7.0,20.53,4.85,3.63
2023/10/16,165.0,165.0,157.5,160.0,4629.0,739328.0,-3.3233,2.8737,4025.0,806.0,-139.0,-347.0,320.0,5084.0,371.0,602.0,21.0,269.0,31.0,19.85,4.69,3.75
2023/10/17,161.5,165.5,161.0,162.5,3867.0,631672.0,1.5625,2.4007,3125.0,1139.0,0.0,36.0,1175.0,4829.0,207.0,462.0,65.0,217.0,13.0,20.16,4.76,3.69
2023/10/18,163.5,166.0,160.5,161.0,4291.0,696545.0,-0.9231,2.6639,3103.0,-363.0,188.0,-71.0,-246.0,4817.0,299.0,309.0,7.0,215.0,5.0,19.98,4.72,3.73
2023/10/19,161.0,163.5,159.5,163.5,2292.0,370839.0,1.5528,1.4229,2183.0,81.0,313.0,17.0,411.0,4587.0,141.0,371.0,7.0,212.0,4.0,20.29,4.79,3.67
2023/10/20,162.0,163.5,159.5,163.0,3136.0,507348.0,-0.3058,1.9469,2131.0,-35.0,308.0,-12.0,261.0,4324.0,115.0,378.0,15.0,214.0,17.0,20.22,4.78,3.68
2023/10/23,161.5,165.0,159.5,163.0,2552.0,415955.0,0.0,1.5843,2084.0,0.0,237.0,101.0,338.0,4134.0,98.0,288.0,1.0,219.0,6.0,20.22,4.78,3.68
2023/10/24,164.0,167.0,163.0,166.0,3625.0,598486.0,1.8405,2.2504,3577.0,-228.0,72.0,173.0,17.0,4180.0,422.0,373.0,3.0,218.0,3.0,20.6,4.87,3.61
2023/10/25,168.0,170.0,165.0,169.0,5054.0,850497.0,1.8072,3.1376,5550.0,1057.0,9.0,99.0,1165.0,3829.0,391.0,739.0,9.0,237.0,28.0,20.97,4.95,3.55
2023/10/26,165.5,168.5,164.5,165.5,3603.0,600084.0,-2.071,2.2368,3218.0,-76.0,326.0,-68.0,182.0,3789.0,299.0,338.0,14.0,231.0,8.0,20.53,4.85,3.63
2023/10/27,167.0,168.0,158.5,160.5,5500.0,895093.0,-3.0211,3.4145,4534.0,-1406.0,401.0,-150.0,-1156.0,4133.0,735.0,391.0,23.0,243.0,35.0,19.91,4.7,3.74
2023/10/30,160.0,168.5,159.5,167.0,5668.0,940930.0,4.0498,3.5187,4191.0,1689.0,62.0,20.0,1771.0,3663.0,275.0,745.0,16.0,281.0,54.0,20.72,4.89,3.59
2023/10/31,167.0,170.0,161.5,162.5,4226.0,703676.0,-2.6946,2.6235,5654.0,-339.0,58.0,-15.0,-296.0,3419.0,262.0,506.0,44.0,248.0,11.0,20.16,4.76,3.69
2023/11/01,166.0,166.0,160.0,161.0,3292.0,532621.0,-0.9231,2.0437,3016.0,-964.0,214.0,-93.0,-843.0,3637.0,271.0,52.0,11.0,249.0,12.0,19.98,4.72,3.73
2023/11/02,163.0,168.0,163.0,168.0,5362.0,891326.0,4.3478,3.3288,4382.0,1346.0,-90.0,153.0,1409.0,3666.0,343.0,313.0,8.0,366.0,125.0,20.84,4.92,3.57
2023/11/03,167.5,168.0,161.5,161.5,4419.0,722675.0,-3.869,2.7434,3767.0,-1884.0,5.0,-69.0,-1948.0,3995.0,570.0,241.0,101.0,274.0,9.0,20.04,4.73,3.72
2023/11/06,163.0,165.0,162.0,165.0,2213.0,362732.0,2.1672,1.3739,1713.0,509.0,19.0,29.0,557.0,3935.0,265.0,325.0,6.0,301.0,33.0,20.47,4.84,3.64
2023/11/07,164.0,167.0,164.0,167.0,2342.0,388512.0,1.2121,1.4539,2138.0,565.0,0.0,18.0,583.0,3832.0,238.0,341.0,3.0,323.0,25.0,18.45,4.46,3.59
2023/11/08,167.5,168.5,163.0,165.5,4643.0,768544.0,-0.8982,2.8824,3880.0,-15.0,198.0,-96.0,87.0,3791.0,267.0,308.0,7.0,346.0,30.0,18.29,4.42,3.63
2023/11/09,160.0,160.5,150.5,151.5,12727.0,1966141.0,-8.4592,7.901,11015.0,-3984.0,-300.0,-385.0,-4669.0,4333.0,1200.0,657.0,128.0,315.0,97.0,16.74,4.04,3.96
2023/11/10,150.0,152.5,148.5,150.0,3988.0,599551.0,-0.9901,2.4758,3119.0,-29.0,-280.0,21.0,-288.0,4312.0,175.0,196.0,61.0,304.0,50.0,16.57,4.0,4.0
2023/11/13,153.0,153.0,149.0,149.5,2677.0,403699.0,-0.3333,1.6619,2220.0,-54.0,-24.0,-53.0,-131.0,4274.0,87.0,125.0,34.0,285.0,15.0,16.52,3.99,4.01
2023/11/14,151.0,154.5,150.5,152.5,3874.0,590508.0,2.0067,2.405,2803.0,1009.0,-297.0,64.0,776.0,3991.0,118.0,401.0,26.0,270.0,11.0,16.85,4.07,3.93
2023/11/15,154.5,156.0,153.0,154.5,3046.0,471102.0,1.3115,1.891,2469.0,920.0,-12.0,38.0,946.0,3814.0,119.0,296.0,22.0,257.0,9.0,17.07,4.12,3.88
2023/11/16,155.0,155.5,151.5,152.5,2175.0,333178.0,-1.2945,1.3503,1687.0,-210.0,-114.0,-78.0,-402.0,3858.0,110.0,65.0,8.0,256.0,7.0,16.85,4.07,3.93
2023/11/17,153.0,155.0,152.5,154.0,1363.0,209725.0,0.9836,0.8462,1244.0,163.0,210.0,31.0,404.0,3737.0,56.0,172.0,10.0,264.0,18.0,17.02,4.11,3.9
2023/11/20,155.5,155.5,153.0,154.0,1401.0,216256.0,0.0,0.8698,1116.0,-324.0,0.0,6.0,-318.0,3788.0,116.0,61.0,17.0,245.0,7.0,17.02,4.11,3.9
2023/11/21,155.5,157.0,154.0,154.5,1789.0,278266.0,0.3247,1.1106,1537.0,397.0,0.0,-18.0,379.0,3768.0,59.0,79.0,11.0,235.0,1.0,17.07,4.12,3.88
2023/11/22,155.0,158.0,154.0,156.5,1838.0,287484.0,1.2945,1.141,1671.0,462.0,-1.0,39.0,500.0,3734.0,110.0,143.0,6.0,270.0,41.0,17.29,4.18,3.83
2023/11/23,157.5,158.0,155.0,155.5,1621.0,253269.0,-0.639,1.0063,1451.0,-523.0,0.0,40.0,-483.0,3797.0,166.0,103.0,38.0,235.0,3.0,17.18,4.15,3.86
2023/11/24,157.0,158.0,155.5,156.0,1502.0,235074.0,0.3215,0.9325,1274.0,-135.0,299.0,-11.0,153.0,3773.0,98.0,122.0,0.0,237.0,2.0,17.24,4.16,3.85
2023/11/27,156.0,157.0,153.5,154.5,1389.0,216158.0,-0.9615,0.8623,1275.0,2.0,300.0,-13.0,289.0,3651.0,54.0,175.0,0.0,242.0,5.0,17.07,4.12,3.88
2023/11/28,156.0,157.0,154.5,157.0,1226.0,191306.0,1.6181,0.7611,1066.0,483.0,-170.0,-1.0,312.0,3608.0,41.0,84.0,2.0,243.0,3.0,17.35,4.19,3.82
2023/11/29,157.0,158.5,156.5,158.0,1446.0,228510.0,0.6369,0.8977,1413.0,304.0,248.0,-29.0,523.0,3476.0,62.0,194.0,7.0,238.0,2.0,17.46,4.22,3.8
2023/11/30,158.5,158.5,155.5,156.5,1578.0,247376.0,-0.9494,0.9796,1335.0,-668.0,249.0,-2.0,-421.0,3551.0,113.0,38.0,1.0,241.0,4.0,17.29,4.18,3.83
2023/12/01,156.5,160.0,156.5,159.5,1847.0,293287.0,1.9169,1.1466,1703.0,849.0,249.0,11.0,1109.0,3468.0,76.0,159.0,9.0,234.0,2.0,17.62,4.26,3.76
2023/12/04,161.5,163.5,161.0,161.5,2093.0,339638.0,1.2539,1.2994,1971.0,-66.0,199.0,-29.0,104.0,3450.0,148.0,166.0,25.0,227.0,18.0,17.85,4.31,3.72
2023/12/05,160.5,162.0,157.5,158.0,1405.0,223390.0,-2.1672,0.8722,1885.0,-337.0,149.0,-68.0,-256.0,3468.0,93.0,75.0,7.0,222.0,2.0,17.46,4.22,3.8
2023/12/06,158.5,159.0,155.5,156.0,1157.0,181338.0,-1.2658,0.7183,1243.0,-320.0,150.0,-1.0,-171.0,3489.0,93.0,72.0,3.0,227.0,8.0,17.24,4.16,3.85
2023/12/07,155.0,156.0,154.0,156.0,1321.0,204895.0,0.0,0.8201,938.0,-79.0,-1.0,2.0,-78.0,3434.0,29.0,84.0,6.0,222.0,1.0,17.24,4.16,3.85
2023/12/08,157.5,160.5,154.5,158.5,1714.0,272271.0,1.6026,1.0641,1428.0,734.0,-2.0,112.0,844.0,3349.0,144.0,229.0,2.0,225.0,5.0,17.51,4.23,3.79
2023/12/11,156.5,159.5,156.0,158.0,1238.0,195701.0,-0.3155,0.7686,971.0,258.0,-1.0,-7.0,250.0,3229.0,52.0,171.0,14.0,215.0,4.0,17.46,4.22,3.8
2023/12/12,159.0,160.5,157.5,158.0,1825.0,289180.0,0.0,1.133,985.0,11.0,-1.0,-18.0,-9.0,3271.0,89.0,47.0,8.0,211.0,4.0,17.46,4.22,3.8
2023/12/13,159.0,162.5,158.0,162.0,2003.0,321631.0,2.5316,1.2435,1645.0,90.0,-1.0,127.0,216.0,3344.0,219.0,145.0,4.0,238.0,31.0,17.9,4.32,3.7
2023/12/14,164.0,164.5,160.5,161.0,2042.0,331154.0,-0.6173,1.2677,1817.0,-551.0,-2.0,-153.0,-707.0,3341.0,154.0,157.0,3.0,262.0,27.0,17.79,4.3,3.73
2023/12/15,161.5,163.0,155.0,155.0,1950.0,307679.0,-3.7267,1.2106,2130.0,-879.0,-3.0,-2.0,-884.0,3318.0,129.0,152.0,4.0,273.0,15.0,17.13,4.14,3.87
2023/12/18,155.5,156.0,151.5,152.0,2684.0,411285.0,-1.9355,1.6663,2384.0,418.0,-1081.0,-55.0,-718.0,3301.0,134.0,149.0,1.0,278.0,6.0,16.8,4.06,3.95
2023/12/19,152.5,155.0,149.0,151.0,3599.0,543290.0,-0.6579,2.2343,2644.0,440.0,-1149.0,-14.0,-723.0,3326.0,207.0,182.0,58.0,284.0,64.0,16.69,4.03,3.97
2023/12/20,150.5,153.0,150.0,150.0,2087.0,314573.0,-0.6623,1.2956,1639.0,225.0,-1046.0,-7.0,-828.0,3386.0,136.0,74.0,23.0,267.0,6.0,16.57,4.0,4.0
2023/12/21,149.5,150.5,146.0,147.0,3480.0,514438.0,-2.0,2.1604,2823.0,112.0,-1100.0,-38.0,-1026.0,3237.0,145.0,290.0,50.0,224.0,7.0,16.24,3.92,4.08
2023/12/22,149.0,150.5,147.0,148.5,2342.0,347021.0,1.0204,1.4539,2112.0,759.0,-1048.0,10.0,-279.0,3167.0,50.0,119.0,3.0,229.0,8.0,16.41,3.96,4.04
2023/12/25,149.5,150.5,147.0,148.5,1704.0,252108.0,0.0,1.0579,1424.0,276.0,-851.0,-26.0,-601.0,3209.0,100.0,57.0,7.0,223.0,1.0,16.41,3.96,4.04
2023/12/26,149.0,149.5,147.0,149.0,1910.0,283043.0,0.3367,1.1857,1841.0,791.0,-1100.0,13.0,-296.0,3226.0,50.0,33.0,5.0,221.0,3.0,16.46,3.98,4.03
2023/12/27,150.0,151.5,148.5,151.5,3253.0,489066.0,1.6779,2.0195,2388.0,864.0,-1197.0,1.0,-332.0,3371.0,291.0,146.0,9.0,230.0,18.0,16.74,4.04,3.96
2023/12/28,151.5,152.0,150.0,150.0,917.0,138051.0,-0.9901,0.5693,911.0,-170.0,11.0,-24.0,-183.0,3375.0,55.0,46.0,0.0,235.0,5.0,16.57,4.0,4.0
2023/12/29,150.0,151.5,149.0,150.5,778.0,116876.0,0.3333,0.483,724.0,-71.0,-1.0,1.0,-71.0,3389.0,76.0,62.0,5.0,272.0,42.0,16.63,4.02,3.99
2024/01/02,151.0,151.0,149.0,150.0,711.0,106527.0,-0.3322,0.4414,651.0,30.0,25.0,-18.0,37.0,3395.0,41.0,35.0,0.0,278.0,6.0,16.57,4.0,4.0
2024/01/03,150.0,152.0,149.5,150.5,1248.0,188475.0,0.3333,0.7748,1037.0,437.0,51.0,42.0,530.0,3313.0,47.0,129.0,3.0,295.0,20.0,16.63,4.02,3.99
2024/01/04,150.5,153.5,150.5,153.5,1700.0,259806.0,1.9934,1.0554,1564.0,770.0,250.0,-9.0,1011.0,3236.0,77.0,153.0,21.0,309.0,35.0,16.96,4.1,3.91
2024/01/05,154.5,155.5,150.5,153.0,1969.0,300363.0,-0.3257,1.2224,1789.0,-727.0,434.0,-23.0,-316.0,3273.0,105.0,68.0,11.0,314.0,16.0,16.91,4.08,3.92
2024/01/08,152.5,154.0,148.5,149.5,1414.0,213023.0,-2.2876,0.8778,1163.0,-237.0,110.0,-29.0,-155.0,3165.0,98.0,206.0,20.0,315.0,21.0,16.52,3.99,4.01
2024/01/09,151.0,151.0,148.0,150.5,1135.0,169952.0,0.6689,0.7046,913.0,266.0,30.0,-9.0,287.0,3031.0,46.0,179.0,19.0,309.0,13.0,16.63,4.02,3.99
2024/01/10,150.5,151.5,150.0,151.0,711.0,107150.0,0.3322,0.4414,579.0,305.0,51.0,2.0,358.0,2982.0,9.0,58.0,54.0,262.0,7.0,16.69,4.03,3.97
2024/01/11,151.0,152.5,150.5,152.0,893.0,135611.0,0.6623,0.5544,800.0,314.0,112.0,-8.0,418.0,2892.0,25.0,115.0,2.0,261.0,1.0,16.8,4.06,3.95
2024/01/12,152.5,152.5,150.5,152.5,634.0,96384.0,0.3289,0.3936,572.0,-14.0,232.0,-2.0,216.0,2870.0,30.0,51.0,0.0,260.0,0.0,16.85,4.07,3.93
2024/01/15,152.5,153.5,152.0,153.0,705.0,107798.0,0.3279,0.4377,598.0,120.0,161.0,6.0,287.0,2848.0,26.0,48.0,15.0,246.0,1.0,16.91,4.08,3.92
2024/01/16,153.0,154.0,150.5,153.5,1042.0,158954.0,0.3268,0.6469,876.0,-11.0,293.0,-18.0,264.0,2786.0,13.0,75.0,0.0,247.0,2.0,16.96,4.1,3.91
2024/01/17,152.5,153.0,151.0,151.0,1052.0,159790.0,-1.6287,0.6531,888.0,-41.0,-12.0,44.0,-9.0,2807.0,53.0,31.0,6.0,241.0,0.0,16.69,4.03,3.97
2024/01/18,151.5,153.0,149.0,151.0,1036.0,156726.0,0.0,0.6432,809.0,-69.0,82.0,-20.0,-7.0,2797.0,40.0,50.0,7.0,239.0,5.0,16.69,4.03,3.97
2024/01/19,152.5,154.0,150.5,151.0,994.0,151101.0,0.0,0.6171,704.0,-4.0,0.0,-14.0,-18.0,2759.0,17.0,55.0,0.0,240.0,1.0,16.69,4.03,3.97
2024/01/22,151.0,153.5,151.0,151.0,893.0,135892.0,0.0,0.5544,727.0,371.0,-89.0,-12.0,270.0,2756.0,33.0,36.0,12.0,235.0,7.0,16.69,4.03,3.97
2024/01/23,152.5,152.5,149.0,149.0,1105.0,165944.0,-1.3245,0.686,1018.0,-128.0,-91.0,-20.0,-239.0,2814.0,97.0,37.0,3.0,234.0,2.0,16.46,3.98,4.03
2024/01/24,150.0,150.5,148.0,148.5,714.0,106729.0,-0.3356,0.4433,693.0,-62.0,-1.0,6.0,-57.0,2833.0,56.0,36.0,14.0,230.0,10.0,16.41,3.96,4.04
2024/01/25,149.5,151.5,148.0,148.0,1140.0,170014.0,-0.3367,0.7077,1002.0,-251.0,-2.0,-20.0,-273.0,2832.0,71.0,72.0,11.0,219.0,0.0,16.35,3.95,4.05
2024/01/26,150.0,150.0,146.5,147.0,968.0,142755.0,-0.6757,0.6009,1054.0,-464.0,8.0,-39.0,-495.0,2862.0,67.0,37.0,10.0,212.0,3.0,16.24,3.92,4.08
2024/01/29,148.5,151.5,147.5,151.5,1159.0,173998.0,3.0612,0.7195,1023.0,657.0,0.0,4.0,661.0,2783.0,42.0,121.0,3.0,233.0,24.0,16.74,4.04,3.96
2024/01/30,151.5,152.0,150.5,151.5,737.0,111714.0,0.0,0.4575,705.0,185.0,-2.0,-10.0,173.0,2733.0,26.0,76.0,0.0,234.0,1.0,16.74,4.04,3.96
2024/01/31,151.5,152.5,151.0,152.0,541.0,82269.0,0.33,0.3359,547.0,42.0,-1.0,5.0,47.0,2718.0,34.0,49.0,3.0,231.0,0.0,16.8,4.06,3.95
2024/02/01,152.0,153.0,151.5,152.5,603.0,91756.0,0.3289,0.3743,628.0,72.0,85.0,-10.0,147.0,2692.0,13.0,39.0,12.0,219.0,0.0,16.85,4.07,3.93
2024/02/02,153.0,153.5,152.0,153.0,768.0,117415.0,0.3279,0.4768,673.0,374.0,57.0,-24.0,407.0,2673.0,25.0,43.0,3.0,216.0,0.0,16.91,4.08,3.92
2024/02/05,153.5,155.0,152.0,154.0,1110.0,170608.0,0.6536,0.6891,977.0,289.0,62.0,-13.0,338.0,2758.0,134.0,42.0,1.0,216.0,1.0,17.02,4.11,3.9
2024/02/15,157.0,162.0,154.5,161.5,4947.0,786686.0,4.8701,3.0711,4434.0,1927.0,-5.0,128.0,2050.0,2848.0,403.0,313.0,16.0,216.0,16.0,17.85,4.31,3.72
2024/02/16,163.0,171.5,162.5,169.5,8506.0,1433425.0,4.9536,5.2806,8317.0,3041.0,-6.0,140.0,3175.0,2966.0,656.0,538.0,20.0,212.0,16.0,18.73,4.52,3.54
2024/02/19,168.0,170.5,165.0,166.0,2788.0,465695.0,-2.0649,1.7308,12688.0,-268.0,161.0,-151.0,-258.0,3112.0,297.0,151.0,4.0,209.0,1.0,18.34,4.43,3.61
2024/02/20,166.5,170.0,163.5,165.0,2665.0,444719.0,-0.6024,1.6545,7359.0,-96.0,-10.0,29.0,-77.0,2940.0,315.0,487.0,0.0,212.0,3.0,18.23,4.4,3.64
2024/02/21,165.0,166.5,163.0,165.0,1249.0,206440.0,0.0,0.7754,1640.0,-149.0,0.0,-4.0,-153.0,3017.0,160.0,83.0,3.0,209.0,0.0,18.23,4.4,3.64
2024/02/22,166.5,167.0,162.0,166.5,1820.0,299849.0,0.9091,1.1299,4508.0,-141.0,0.0,37.0,-104.0,3008.0,164.0,172.0,4.0,206.0,1.0,18.4,4.44,3.6
2024/02/23,166.5,169.0,164.5,164.5,2037.0,339316.0,-1.2012,1.2646,1816.0,-196.0,-4.0,35.0,-165.0,3099.0,344.0,253.0,2.0,205.0,1.0,18.18,4.39,3.65
2024/02/26,166.5,170.0,166.5,169.5,2573.0,432971.0,3.0395,1.5973,2519.0,420.0,-3.0,31.0,448.0,3212.0,389.0,258.0,0.0,210.0,5.0,17.19,4.25,3.54
2024/02/27,170.5,172.0,166.5,167.0,2768.0,468029.0,-1.4749,1.7184,5069.0,457.0,40.0,28.0,525.0,3106.0,204.0,310.0,1.0,211.0,2.0,16.94,4.19,4.79
2024/02/29,169.0,169.0,164.5,165.0,1918.0,318890.0,-1.1976,1.1907,7909.0,-549.0,-57.0,4.0,-602.0,3120.0,329.0,315.0,6.0,205.0,0.0,16.73,4.14,4.85
2024/03/01,166.5,167.5,165.5,165.5,1143.0,190264.0,0.303,0.7096,1124.0,-118.0,-9.0,1.0,-125.0,3086.0,98.0,132.0,0.0,205.0,0.0,16.78,4.15,4.83
2024/03/04,169.0,170.0,165.5,166.0,2213.0,370540.0,0.3021,1.3739,2024.0,-380.0,-27.0,-20.0,-427.0,3060.0,122.0,148.0,5.0,200.0,0.0,16.84,4.16,4.82
2024/03/05,167.5,168.5,165.0,166.0,1090.0,181177.0,0.0,0.6767,1415.0,-305.0,-7.0,-27.0,-339.0,3085.0,88.0,63.0,0.0,200.0,0.0,16.84,4.16,4.82
2024/03/06,165.0,166.0,163.5,164.5,1337.0,220573.0,-0.9036,0.83,1238.0,205.0,-36.0,3.0,172.0,3062.0,71.0,94.0,2.0,199.0,1.0,16.68,4.12,4.86
2024/03/07,166.0,169.5,164.5,165.0,1890.0,314382.0,0.304,1.1733,1615.0,-244.0,-5.0,-10.0,-259.0,3087.0,163.0,135.0,0.0,202.0,3.0,16.73,4.14,4.85
2024/03/08,166.0,169.5,161.5,169.0,4559.0,760427.0,2.4242,2.8303,3737.0,171.0,-82.0,-5.0,84.0,3190.0,400.0,297.0,0.0,216.0,14.0,17.14,4.24,4.73
2024/03/11,166.5,166.5,163.0,164.0,2835.0,467645.0,-2.9586,1.76,5147.0,-1197.0,-33.0,-27.0,-1257.0,3333.0,390.0,247.0,8.0,210.0,2.0,16.63,4.11,4.88
2024/03/12,165.0,172.0,163.5,171.0,4666.0,790751.0,4.2683,2.8967,3993.0,1411.0,-51.0,353.0,1713.0,3375.0,451.0,409.0,4.0,215.0,9.0,17.34,4.29,4.68
2024/03/13,174.0,178.0,170.5,171.5,6926.0,1205814.0,0.2924,4.2997,6646.0,-425.0,-1.0,-141.0,-567.0,3646.0,914.0,643.0,14.0,202.0,1.0,17.39,4.3,4.66
2024/03/14,171.0,171.5,164.0,164.0,4220.0,700773.0,-4.3732,2.6198,5644.0,-1600.0,-6.0,-148.0,-1754.0,3485.0,389.0,550.0,11.0,192.0,2.0,16.63,4.11,4.88
2024/03/15,164.0,171.5,163.5,166.5,3954.0,666227.0,1.5244,2.4547,3525.0,1544.0,-59.0,30.0,1515.0,3397.0,163.0,251.0,8.0,189.0,5.0,16.89,4.17,4.8
2024/03/18,167.5,172.0,165.5,170.5,3004.0,508025.0,2.4024,1.8649,4352.0,285.0,-175.0,37.0,147.0,3185.0,176.0,387.0,3.0,150.0,0.0,17.29,4.27,4.69
2024/03/19,171.5,177.0,171.0,174.0,5499.0,962845.0,2.0528,3.4138,5216.0,900.0,915.0,260.0,2075.0,3124.0,489.0,549.0,15.0,132.0,0.0,17.65,4.36,4.6
2024/03/20,177.5,184.0,176.5,179.5,8348.0,1508606.0,3.1609,5.1825,12844.0,-491.0,1430.0,130.0,1069.0,3783.0,1340.0,681.0,10.0,135.0,13.0,18.2,4.5,4.46
2024/03/21,184.0,184.5,180.0,183.0,4871.0,890200.0,1.9499,3.024,9305.0,-445.0,1031.0,-171.0,415.0,4119.0,686.0,350.0,9.0,134.0,8.0,18.56,4.59,4.37
2024/03/22,183.0,183.0,174.0,176.0,4402.0,779996.0,-3.8251,2.7328,22636.0,-1024.0,186.0,-12.0,-850.0,3500.0,385.0,1004.0,134.0,0.0,0.0,17.85,4.41,4.55
2024/03/25,175.5,177.5,173.5,175.5,2203.0,387246.0,-0.2841,1.3676,3496.0,-298.0,267.0,3.0,-28.0,3385.0,200.0,315.0,0.0,0.0,0.0,17.8,4.4,4.56
2024/03/26,176.0,179.0,173.5,174.5,3223.0,567721.0,-0.5698,2.0009,5163.0,-319.0,203.0,-130.0,-246.0,3105.0,227.0,507.0,0.0,0.0,0.0,17.7,4.37,4.58
2024/03/27,176.0,178.0,173.5,178.0,2260.0,399060.0,2.0057,1.403,3021.0,-389.0,375.0,48.0,34.0,3267.0,267.0,103.0,0.0,0.0,0.0,18.05,4.46,4.49
2024/03/28,179.5,179.5,174.0,176.5,4080.0,719548.0,-0.8427,2.5329,6154.0,-1374.0,1663.0,-108.0,181.0,3285.0,325.0,307.0,0.0,0.0,0.0,17.9,4.42,4.53
2024/03/29,177.0,178.0,171.0,175.5,5966.0,1044283.0,-0.5666,3.7037,5378.0,-1588.0,3210.0,-76.0,1545.0,2578.0,178.0,885.0,0.0,38.0,38.0,17.8,4.4,4.56
2024/04/01,174.5,176.0,167.0,167.5,4318.0,735266.0,-4.5584,2.6807,5365.0,-705.0,-6.0,-106.0,-817.0,2535.0,272.0,315.0,9.0,31.0,2.0,16.99,4.2,4.78
2024/04/02,168.0,170.0,166.0,169.0,1759.0,296358.0,0.8955,1.092,1820.0,-435.0,178.0,-20.0,-277.0,2510.0,48.0,73.0,1.0,53.0,23.0,17.14,4.24,4.73
2024/04/03,168.0,169.5,166.5,168.0,1050.0,176151.0,-0.5917,0.6519,1113.0,-234.0,187.0,-29.0,-76.0,2484.0,34.0,53.0,1.0,57.0,5.0,17.04,4.21,4.76
